draw,beta,std_error,t_stat
1,0.005238153608956848,0.004462932382804088,1.1737022118326794
2,0.0025193374186839104,0.004550610005247707,0.5536263085121866
3,-0.007025269262007107,0.004165303823699504,-1.6866162852359383
4,0.005629883598351655,0.004303512503936969,1.3082066319550103
5,0.0014744084932329653,0.004690729824441485,0.3143239002064076
6,0.000725858253569122,0.004729342349184979,0.1534797441116123
7,-0.002826249763175089,0.0045847620315524135,-0.6164441564741612
8,-0.007469511292180616,0.004469988139902443,-1.671036042691522
9,0.0016631093103031515,0.004687252791821042,0.35481536502685995
10,0.0011249508593104843,0.004775519366154691,0.235566180986155
11,-0.002407250977711742,0.004687025874426014,-0.5135988241171253
12,-0.008846233499402256,0.004153904015125412,-2.1296191407386615
13,0.004629352021194459,0.0045745458505730245,1.0119806801399902
14,0.0025281851465766,0.004657696345667951,0.542797331330546
15,-0.0069673840002223335,0.004333307569588775,-1.607867405747875
16,0.0012918546083107842,0.0046962836877580206,0.275080189827184
17,0.005229630378443881,0.00438659986551916,1.192183134721577
18,-0.004605186392723594,0.004535850259625829,-1.0152862482509475
19,0.0020065006417211008,0.004695378326525959,0.42733524376206783
20,-0.006572262380563943,0.0043489276212272596,-1.5112374711605943
21,0.0070958727892712235,0.004289560896524098,1.654218919008966
22,-0.003509449746435025,0.004636309609510601,-0.756948962001154
23,-0.0032887123551001403,0.004654620465481264,-0.7065479085758508
24,0.006140217620657084,0.004385203668959708,1.4002126432849844
25,-0.003304488691386262,0.004604059761389067,-0.7177336660784963
26,-0.005430309358825256,0.004402985905470134,-1.2333242657167736
27,-0.0020178648997334235,0.004644254811731414,-0.4344862591596579
28,0.0061795424866739265,0.004285841655793698,1.441850395550727
29,0.004317169384433426,0.004454693308139796,0.9691283071148623
30,-0.0025883641839428693,0.004617819920164103,-0.5605164836854198
31,0.003976464317146613,0.004515542743656299,0.8806171357214998
32,-0.002381383625262387,0.00460082780940567,-0.5175989460840117
33,-0.005630573782681173,0.004446647592619682,-1.2662514097196529
34,0.005697018436997459,0.004501494280554434,1.2655838443708467
35,0.0038028088723102895,0.004570928417891716,0.8319554638889506
36,-0.007700016742531822,0.004208511531592004,-1.8296294746325776
37,-0.00693303718306695,0.004093693507920384,-1.6935897056418778
38,0.000853508415795686,0.004707625997760951,0.18130336101500694
39,0.001248969305069537,0.004696100431675192,0.265958814816915
40,-0.005237148313985585,0.0043900424527153386,-1.1929607447750974
41,-5.8765862941292334e-05,0.004749796737606711,-0.012372290055279882
42,0.0092349586675805,0.003909004333929915,2.3624836092970356
43,-0.0042313007700453195,0.004460440069228129,-0.9486285443529204
44,0.002978176212646016,0.004606254606814064,0.6465504985852019
45,-0.0048140155645157445,0.004524994247968651,-1.0638721953462904
46,-0.0033644803547945024,0.004715125869732044,-0.7135504857658662
47,0.004679694550138155,0.0044838604953879434,1.0436753228499516
48,-0.0011431737236455234,0.004717068659885784,-0.2423483324224506
49,-0.008612649147066298,0.004177584145950051,-2.0616339123691403
50,0.0031096549346111882,0.0044716505763479925,0.6954154582335123
51,-0.0008653807324686398,0.004763973999864929,-0.18165101918968818
52,-0.005185033414766835,0.0044429045291645534,-1.1670368743534159
53,-0.005240404219263121,0.004289658611152359,-1.2216366602318867
54,-0.0015672265693189372,0.004689711110068226,-0.3341840323499451
55,-0.0002740055001589718,0.00474325738972514,-0.05776736905581457
56,-0.006586736508170048,0.004386471311211993,-1.5016025503994728
57,0.0019470653919967502,0.004691344207028507,0.4150335822896311
58,0.008658187948059289,0.004045353335767524,2.1402797801385556
59,-0.0011785362530978855,0.00477227051331863,-0.24695503949509626
60,-0.006405538890014082,0.0043079498755983344,-1.4869111932562613
61,0.0042945921084493925,0.004629862165660502,0.9275853048719692
62,-0.0036925639068946235,0.004595614700110493,-0.8034972790051009
63,0.0017834194666832193,0.004700402603052377,0.3794184492888101
64,-0.0016497985708786747,0.004684997228732702,-0.352145047335481
65,-0.0053933899646368,0.004339878063545262,-1.242751498006587
66,0.001925770775583949,0.004691635176538206,0.4104689949496261
67,-0.0021556971049384544,0.00466143165092529,-0.462453869619766
68,-0.0018382381799291899,0.004668626210292322,-0.393742847923156
69,-0.005366736220534589,0.004427410358701327,-1.2121614636391624
70,-0.0004800301914339013,0.004740136583533575,-0.10126927420223379
71,0.0005313377010484071,0.004729219445735506,0.11235209259057158
72,-0.0021627113682480513,0.00465648589032393,-0.46445139514802686
73,0.004303914531902624,0.004606691861282192,0.934274455835799
74,0.0056451642823547405,0.0042787982495716675,1.3193340636988093
75,-0.001994788538018834,0.00471063401654471,-0.42346497966361396
76,-0.007467963059364178,0.004140055796404053,-1.8038315004958774
77,-0.008367382518635426,0.003987646385060883,-2.0983261078471163
78,-0.0024514817192976745,0.004674864652488882,-0.5243962984024605
79,-0.004139598839799191,0.00464533472445458,-0.8911303674215276
80,-0.002704634196967802,0.004603306434679031,-0.5875416367227754
81,0.008055537033130312,0.00415618041999376,1.9382067713851572
82,0.010186619944554644,0.0037749726090352334,2.6984619491472364
83,-0.00017571129625654054,0.004754122628290896,-0.03695977365222248
84,0.0005512942351569455,0.004778538647108287,0.11536879281923543
85,0.0019125301453819356,0.004665351089522171,0.409943455204744
86,-0.0050685753504689625,0.004538968737180584,-1.1166799429461036
87,0.004434998733086862,0.004481251669797458,0.9896785674809719
88,0.0020615796440615207,0.004678669205763451,0.4406337685771735
89,0.004657446269837536,0.004420938694242728,1.0534971398501423
90,-0.003486375312718029,0.004636492967487793,-0.7519423273507225
91,-0.0030083544193323613,0.004693050542120407,-0.6410232304834993
92,0.004050187516407908,0.004626904107392035,0.8753558367326539
93,-0.0060326997931912435,0.004475128227233282,-1.3480507120398022
94,-0.00597038710115288,0.0044254129795165435,-1.349114111787397
95,-0.0041189110395472225,0.00452060730533419,-0.9111410837846993
96,-0.0005455660249394026,0.004736453404742039,-0.11518450163432267
97,-0.002141688940395948,0.004767770673336396,-0.4492013326843244
98,-0.002930274258165581,0.004694378201804765,-0.6242092418201478
99,-0.006433715429754041,0.004399435724467266,-1.4623955963200506
100,-0.0030996008990101277,0.004633487676474427,-0.6689563273789868
101,0.004186155621402971,0.004583687606640339,0.913272452367507
102,-0.006812753549484697,0.004495715767013252,-1.5153879610166676
103,0.001881955428941462,0.004690032516277903,0.40126703224544313
104,-0.0006514716253367872,0.004740322574500729,-0.1374319184186327
105,0.005461856460408666,0.00441093463852661,1.2382537734073287
106,0.000523068802835241,0.004731190095507585,0.11055755365482174
107,0.005356379429055512,0.004220883895813461,1.2690184239297146
108,0.004078271520626405,0.004481156162788217,0.9100935947050028
109,0.003830371857525149,0.004537268989396946,0.8442020665903364
110,0.0059636637111047715,0.0044671991855158655,1.334989433746527
111,0.004962732224583249,0.004452051634365466,1.1147067986084955
112,0.0016508250225002595,0.004704795731265786,0.35088133827568296
113,0.00439858546493238,0.004585935722395622,0.9591467764041461
114,0.0010734721972093229,0.0047469440778206305,0.22613963417537555
115,-0.0049073343382442895,0.004399518987697839,-1.1154251980651588
116,0.007115770568378511,0.004428635921741104,1.606763503282286
117,-0.002487984051466999,0.004624885421738028,-0.5379558247590093
118,0.003456369506537882,0.004487949219716517,0.7701445219908715
119,-0.004318735054304925,0.0044088431591931924,-0.9795619618038858
120,-1.397040986982899e-05,0.004751591036061578,-0.002940154100763806
121,0.006976612378304643,0.0042633851730141245,1.6364020831297126
122,3.621357307789713e-05,0.0047520765960738,0.007620578571443282
123,0.0017838686249661707,0.004688832789288569,0.38045046712720054
124,0.001225864180915462,0.004711378079070568,0.2601922750290703
125,0.008335176563934751,0.003990334479476573,2.0888415762650823
126,-0.004717899924201164,0.0045418775631774775,-1.0387554174623197
127,-0.002306808496117431,0.004572767897872716,-0.5044665610932438
128,-0.0005237116953985857,0.004736332098061366,-0.11057326314025716
129,0.0058983439029969996,0.00438363301403652,1.3455377957302384
130,0.005768456947538548,0.0044758332981471504,1.288800668676937
131,-0.0057395356778102554,0.004462359536843894,-1.2862109452233141
132,0.005169851394067897,0.004564978949584531,1.132502789424345
133,-0.002122996954694129,0.00468919108170151,-0.4527426836962641
134,0.006529300588825658,0.004404954352545536,1.4822629399218414
135,-0.0050189976164766986,0.00460389869858597,-1.0901624786006305
136,0.0035283955658605344,0.0045107850903075945,0.7822131835635578
137,0.002507071536833971,0.004601624886292842,0.5448231002709384
138,-0.005469696903699448,0.004426872368780983,-1.2355668851608714
139,-0.002480337649386968,0.004614189134471356,-0.5375457262592549
140,0.008614351554277736,0.004066482338787839,2.1183791878573737
141,-6.583849402622797e-05,0.004754814999833136,-0.013846699404401325
142,-0.005026612233074642,0.004337137404577009,-1.1589700219711798
143,-0.0007231516228814744,0.004716251287166474,-0.1533318686494214
144,0.0021273937976529415,0.004709617549819513,0.45171264442363684
145,0.0038265778796399415,0.0045868137774604184,0.8342562103662737
146,-0.002312503913206926,0.004708701471910953,-0.4911128741122831
147,0.0053943267644277065,0.0045043101928782,1.1975922024545997
148,0.003294439360701453,0.004513400842275692,0.7299239477786713
149,0.002776868187760185,0.004666595569099905,0.5950522488272513
150,0.0015336117223602363,0.004709530647182489,0.32564003448575723
151,-0.005080911657323478,0.004471088685669098,-1.1363925018103551
152,-0.0011457881904320955,0.004733764603209026,-0.2420458739446748
153,0.0023971584960674488,0.004667352969806574,0.5136012878337746
154,-0.005981684907922059,0.00423452570604651,-1.4125985584125202
155,0.000974636158573169,0.004708027691674407,0.20701580840246508
156,-0.0014698968432374441,0.0046748916638620075,-0.3144237233560055
157,-0.0005705893552869197,0.004778701552529724,-0.1194025927366952
158,0.006031220472940484,0.004625549601758805,1.3038927245850291
159,-0.003948483365721152,0.004515332411401565,-0.8744612812449699
160,0.0035535777988404864,0.0046840946876772985,0.7586477293443866
161,-0.0020274648914737933,0.004693150206269183,-0.4320051143399319
162,-0.00034874862734453024,0.004736595369527126,-0.07362854542910793
163,0.002562224083671978,0.004633845945673632,0.5529368290856079
164,0.0049733422834788545,0.004519919555722305,1.1003165481523909
165,-0.002458576638438302,0.004638448447561337,-0.5300428939187408
166,-0.004184006309531445,0.004430564422504647,-0.9443506313279562
167,0.0006999533680020992,0.004751183664567365,0.14732189227330908
168,-0.003852147253953102,0.004485903249277042,-0.85872276772218
169,-0.0039117456575460995,0.004583039245112804,-0.853526546105284
170,0.005724955479925574,0.004342798798202824,1.3182640379965855
171,-0.0016893012103532251,0.004636709320667254,-0.36433192023133404
172,-0.0015620471052093146,0.004677108163272143,-0.33397711805674674
173,-0.00336665771938021,0.004619571063552268,-0.7287814546122346
174,0.00159364960715219,0.004691451280662262,0.33969224272264525
175,-0.005936743300439679,0.004338979887113188,-1.3682348051605087
176,0.001542786723852434,0.004680642306645733,0.3296100455405305
177,-0.0008698856137537533,0.004732659632468228,-0.18380481194674061
178,-0.0020190342162947805,0.004735064688714761,-0.4264005560698701
179,-0.004949111174868865,0.0044331364119101725,-1.1163904547517334
180,-0.0036295656701930963,0.004477418989107908,-0.810637932036881
181,-0.004503048627154028,0.004559532919405712,-0.987611824884237
182,-0.0055185241315174015,0.004423993378834604,-1.2474078641074111
183,0.004009248163549221,0.0045608965663592425,0.8790482540474761
184,-0.0013582988148770814,0.004684858899043246,-0.28993377263816345
185,0.0005785986463774486,0.004725937096225766,0.1224304586786671
186,0.0041404058484027905,0.0044567809959359835,0.9290126331489731
187,0.007354607012176658,0.004195101978340449,1.7531414135219867
188,-0.0017697516497465983,0.004684016211238596,-0.37782782337523596
189,-0.001363354229018561,0.0047417807774150665,-0.2875194558787215
190,0.005641937332692619,0.004402918983813042,1.2814083914409333
191,-0.0035473284551455824,0.004567625343782672,-0.7766242167769101
192,0.003939837991916317,0.004494831556801835,0.876526281825696
193,0.003960021474212206,0.004530321784014008,0.874114834002697
194,0.004652439606090799,0.004451317619296057,1.045182573789589
195,0.0053331044986860004,0.004370211601361691,1.220330955376231
196,0.0014173363056541794,0.004697979468571975,0.3016906129828194
197,-0.0005383775098826714,0.004731872812644401,-0.11377683450071427
198,0.0008120497361208752,0.004730208577003531,0.17167313510629342
199,-0.006443886500985317,0.0044146003921420734,-1.4596760586655464
200,-4.63136613254001e-05,0.004750601477853917,-0.00974901000248126
201,-0.003879135570769768,0.004672863984361405,-0.8301409122439697
202,0.000587001602105651,0.00476943648128692,0.12307567244238934
203,0.006568894458935515,0.004361320791497627,1.5061708993618497
204,0.0050612302881168905,0.004363105773279168,1.1600063237323341
205,0.0007425809001776421,0.004734961760183808,0.156829334171606
206,0.002969860424594421,0.004548155480338457,0.6529812882239934
207,0.0009966128427566826,0.0047163289287528625,0.2113111400438766
208,-0.000927733669926787,0.0046946359607627965,-0.19761567833601446
209,0.006799262454775252,0.004313322939052843,1.5763397619071604
210,0.000756494723437502,0.004729382141115889,0.15995635388833446
211,0.004262283647697526,0.004578018482532922,0.9310324246090185
212,0.004126435048689618,0.004526962903392857,0.9115239370742242
213,0.002861342852852244,0.004633266833842022,0.6175648749501323
214,0.006867401802807831,0.0043495454414692976,1.5788780448947304
215,0.000251203021468183,0.004744002209855814,0.052951708358461726
216,0.002109387005846328,0.004689065164692451,0.449852354735761
217,0.002829764771847833,0.004623307992752832,0.6120649492276029
218,-0.003025832621486294,0.004626523573357197,-0.6540186326751221
219,0.005292858121475447,0.004468223183551946,1.1845554494589885
220,0.0010003790825404315,0.004695435135021257,0.21305354110400307
221,-0.0038338253263488983,0.004454084083477788,-0.8607438150012233
222,-0.006267324991009201,0.004438094466487637,-1.4121657477852743
223,-0.0047704976563540434,0.004489610807030208,-1.062563741356823
224,0.00405745018658512,0.004516364726691462,0.8983885120273429
225,0.004301630925566336,0.004510836871054769,0.95362147834898
226,-0.0006869010558856057,0.004754224498972001,-0.14448225068760073
227,0.004452716434977876,0.004489895352317716,0.9917194245249731
228,0.0065830661725980125,0.004338156767961997,1.5174800093014253
229,-0.0032157638698510423,0.004524411667038013,-0.7107584602168395
230,-0.005589476093909389,0.004444976049362579,-1.257481712350494
231,0.0036008871290319983,0.004671322611030042,0.7708495920469066
232,0.002509756436344755,0.004638069786036294,0.541120886947585
233,0.005142262573690656,0.004281155391160827,1.201138969238942
234,0.0005170585848040896,0.004740113005667614,0.10908148902480973
235,-0.006686695347336682,0.004438320586522797,-1.5065823247741945
236,0.008888895267932831,0.003866913469762177,2.2987055018015483
237,-0.003438198611282838,0.004630243482397147,-0.742552443376656
238,0.0072479298532870315,0.00437318640035811,1.6573567165336278
239,-0.0019442230574868487,0.0046700255695944996,-0.41631957438204487
240,-0.002952745140414204,0.004632439043694832,-0.6374061509634232
241,0.0007999779874992446,0.00477097963850411,0.16767583350032264
242,-0.003989107511562913,0.004434662041487403,-0.8995290902088564
243,-0.003916380119576291,0.00461145520087973,-0.8492720733423066
244,-0.0044333043251766156,0.004680738167324577,-0.9471378587515844
245,-0.0030803462064924432,0.004577823037305521,-0.6728845089445652
246,0.004966809463466105,0.004511431551001515,1.100938672640062
247,0.004338341905355296,0.004527236599280782,0.9582759394648174
248,-0.001248162503192156,0.004685489120711454,-0.26638894489688464
249,0.007916468661202894,0.004028575580905947,1.9650788478995438
250,-0.0025658848876604404,0.0045973791516087876,-0.5581190506688023
251,0.006124039967958241,0.0042856438636373695,1.4289661397017164
252,-0.0016736515913467103,0.0047260559586454675,-0.3541328342261937
253,0.0059413719098076485,0.004318828620626527,1.3756905938411006
254,-0.00593883756651457,0.004319007145460298,-1.3750469416928086
255,-0.004918214050964567,0.004628659245397374,-1.0625569501265664
256,-0.0013764800435802137,0.004695319940261375,-0.2931600106261532
257,0.006725910525540939,0.004159940102248139,1.6168286946982924
258,0.003507097794670399,0.0046190334105192165,0.7592709302953868
259,-0.007382572356148974,0.004325040346457426,-1.7069372224922539
260,0.0023545426031935015,0.004645909679551642,0.5067990481082123
261,-0.0022256752624184428,0.004689536215242618,-0.4746045579484442
262,0.003205827951474585,0.004539211989174201,0.7062520893759374
263,0.0012354769639968328,0.004703084074881058,0.26269506228805367
264,-0.00460415407331628,0.0044508993401703,-1.0344323071435977
265,0.0027485424595790047,0.004745016175241458,0.5792482803157443
266,0.004977577120847443,0.004341126508650861,1.1466095519050834
267,-0.004837034017031052,0.004592921600402266,-1.0531497024916354
268,0.0021836042990267,0.004631272781602428,0.47149118654832706
269,0.0022541735517449075,0.004653593452644604,0.48439417295120113
270,0.0032298106009688017,0.004640096041209927,0.6960654633619638
271,-0.005645144648284588,0.0044170442136644535,-1.278036708534842
272,-0.00236009130211423,0.004678835718632747,-0.5044185015335177
273,0.0026776746074732055,0.004553420552083773,0.5880578296787954
274,0.005360371921034465,0.004456751598146707,1.2027531270227219
275,-0.003091211170398082,0.004662277690366998,-0.6630259662106811
276,0.005928737874090647,0.004535623845525608,1.307149374818493
277,-0.00347597618784796,0.004655310751467332,-0.746668992344356
278,0.0059585649237963514,0.004599407387554854,1.29550709944049
279,0.0021601547505005246,0.004667856403859621,0.4627723227977619
280,-0.005940809832668985,0.004314313385007597,-1.3770000698867924
281,-0.0023418198006360954,0.004655591208756326,-0.5030123341223678
282,0.002653994042786729,0.004631792158085915,0.57299506372572
283,0.007196567864309373,0.00442541482500601,1.6261905717052414
284,-0.0031783080323537615,0.0046654180836886916,-0.6812482772906917
285,-0.005578767965195416,0.004363099162935752,-1.2786250682970244
286,0.0029477715404748633,0.004658231107942435,0.632809208510247
287,-0.0019706736505680864,0.004664706156621283,-0.42246469218019833
288,0.005950024796078014,0.004433380143101847,1.3420966856036478
289,0.004823176669103902,0.004540247731072375,1.0623157490053303
290,-0.007177143106602472,0.004163525190215628,-1.7238140226625527
291,0.002416111181371027,0.0046769779308601395,0.5165966607258893
292,-0.003379093389515518,0.004617713571328033,-0.7317676458966047
293,0.007249140969500148,0.004132621094178472,1.7541266920676193
294,0.002623990302054043,0.0046181676199852795,0.5681886232753083
295,-0.0025441687305961277,0.004650011556192366,-0.5471317006100959
296,-4.52424660342374e-05,0.004754480679820129,-0.009515753471512478
297,-0.002757935555259985,0.004547544536875817,-0.6064669697890851
298,-0.005570531010869056,0.004532533284063107,-1.2290105029025742
299,-0.004715208499603439,0.00455123727524476,-1.036027834727615
300,-0.004990220769345305,0.004418922112121264,-1.129284617996988
301,-0.0023550174550581687,0.0046138220327709215,-0.5104265917347958
302,0.004633852324743831,0.004486355235561569,1.0328768190296458
303,-0.004892376276340387,0.004451976782191038,-1.0989222351542915
304,-0.0061415587157755535,0.0044899987383781315,-1.3678308332874933
305,-0.004976550518144366,0.004427505418492019,-1.1240077758819205
306,-0.005131293097665867,0.004524139804924746,-1.1342030350344623
307,0.003851939609008626,0.00447098954170106,0.8615407334509428
308,-0.003277988602855732,0.0046660271715311865,-0.7025223991098275
309,-0.0009597135358337796,0.004718794763992236,-0.20338107161537886
310,0.0015907532816126465,0.0046480558331029155,0.3422405708389916
311,0.002589575815108666,0.0045839447162746355,0.5649230030883117
312,0.0056787868636091745,0.00442975626617696,1.2819637294650013
313,-0.0027159509944560747,0.004689044988198519,-0.5792119720095742
314,-0.002841459823131361,0.004543369703929441,-0.6254080139403705
315,0.0006197431764990325,0.004729639647789395,0.13103391011801432
316,-0.008303288094975981,0.004132539234286925,-2.009246040808303
317,0.006547108502415166,0.0041862409393035125,1.5639588349887104
318,0.008248694720083832,0.004399875007210955,1.8747566025319007
319,0.003809728080989748,0.0045440289515358235,0.8384031267455082
320,-0.007017088181843202,0.004219764024942118,-1.662910091741316
321,0.004360945605774414,0.004489907183220011,0.9712774513630124
322,-0.0032961633772362582,0.004548682365531065,-0.7246413603670976
323,-0.004383883366612086,0.004421510159357047,-0.9914900585119469
324,-0.004489441756251519,0.0046170341831145685,-0.9723648511571171
325,-0.0049698770579607926,0.004569832211095764,-1.0875403796869612
326,-0.0053146991023480935,0.004435588655486234,-1.1981947640195438
327,0.0028836585914888296,0.004652567411210777,0.6197994218289877
328,0.0041910413038675045,0.004588123122765084,0.9134544108183666
329,0.0012216561226500663,0.004688015208026531,0.2605913309663377
330,0.005382548069832416,0.00462323182240725,1.1642392760287328
331,0.005301307852050163,0.004465799054438488,1.1870905491775936
332,0.0024500315509547246,0.0047231212739124884,0.5187314508494917
333,-0.0045246659215264886,0.004500331373195219,-1.0054072792230835
334,0.0049066313676136095,0.004467327960210215,1.0983369502566636
335,0.001809731390671231,0.004687242324224423,0.3860972540972008
336,0.00038780527195484386,0.004758512619382602,0.08149716160785553
337,0.000721568667427849,0.004778311614834396,0.15100912740552955
338,0.0031327034794652753,0.004579648715429662,0.6840488592303232
339,0.0023815714737140396,0.004626424317621491,0.514775842034835
340,-0.0027398974898704036,0.004676079543171267,-0.5859390253255261
341,0.003788079770258396,0.004654326840204639,0.8138834895599734
342,0.004339127433084438,0.004556719575338677,0.9522480726196397
343,-0.003633650374637874,0.0045644886662266305,-0.7960695360082335
344,-0.004362489654527555,0.004514757783350133,-0.966273245181807
345,0.00612817463925829,0.004478261510098645,1.3684271509019807
346,-0.004134789863101945,0.004591862416828144,-0.9004603116915848
347,0.007544150442160138,0.004175320163587905,1.8068435824277855
348,0.00591599776222096,0.004529100273981423,1.3062192056570099
349,0.0029627488137183387,0.004670462583067511,0.6343587516276463
350,-0.00465457318324954,0.004559021208977936,-1.0209588790864663
351,0.0012060602607955094,0.004742812080776807,0.2542922300640622
352,0.0008369414064539533,0.0047712715345485,0.17541265475957704
353,-0.0038049208879770368,0.004550576871701785,-0.8361403389619272
354,0.009762266695442355,0.0038782731043236008,2.517168449163398
355,-0.001663404707675143,0.004695461105598528,-0.35425801007952545
356,0.005876092000224878,0.004343184359965675,1.352945560955031
357,-0.002927986588878211,0.00459054131533857,-0.6378303532733286
358,-0.006140730161271679,0.00458264697411502,-1.3399963374786357
359,0.005751315211306232,0.004397402395963291,1.3078892249173741
360,0.0001500337751080753,0.004756354298143762,0.031543860213825575
361,-0.003057210895857395,0.0045660048057621925,-0.6695592812340595
362,0.00570880232521499,0.004384665150182439,1.3019927701839344
363,-0.006497032632042573,0.004283266724326642,-1.516840544891341
364,0.002689570594477958,0.00465686625629053,0.5775494606152507
365,0.004552853352483816,0.00455073201925785,1.0004661520865192
366,-0.005387014734310381,0.004447818215865056,-1.211158926211345
367,0.006128263246769867,0.004247867244811305,1.4426682599969274
368,0.0018487723765044047,0.004621062083438305,0.4000752084959707
369,-0.002424418882879222,0.004736042766192463,-0.5119081483354786
370,0.006743426294747504,0.004164091817927204,1.6194230553984847
371,-0.003847344019097167,0.00467847915275991,-0.8223492920402471
372,-0.00424075470910362,0.004498534523417256,-0.9426969354193558
373,-0.006210065473947612,0.004502225290158742,-1.379332457556484
374,-0.0042419535175866625,0.004439842129663892,-0.9554289079886248
375,-0.00479262647761016,0.004534366300334086,-1.056956178696248
376,0.0024561749553964583,0.004578537529561716,0.5364540400811298
377,-0.006274963064051858,0.004204474776359911,-1.4924487356502836
378,0.0020201285263121574,0.004704514636434974,0.4294021131674036
379,0.006318098397044586,0.004461016159823726,1.4162913046462133
380,-0.005921069912856144,0.004358067825233668,-1.3586456545197692
381,0.005144385104007588,0.0042980670693545655,1.196906660830705
382,-0.00428769500191179,0.004532639626389206,-0.9459598281206081
383,-0.0026889810968889925,0.00464199083044452,-0.5792732461368292
384,0.0021838800630118336,0.00466029165246629,0.4686144614696152
385,0.005353352835114594,0.004221185817415193,1.2682106561214292
386,0.0051891116481289955,0.004351038345150299,1.1926145523200962
387,-0.0008292810360265146,0.004769187715050902,-0.1738830772815709
388,0.003578975699467514,0.004627973100981347,0.7733354583907593
389,0.002877860851238072,0.004641682637866308,0.620003795123953
390,0.005494947246953641,0.004457724605055128,1.2326798386608016
391,0.006154369325710928,0.004287682510555551,1.4353603165719264
392,-0.001627867197075546,0.004638107344590898,-0.3509766109605062
393,0.006102811588122917,0.004416219021227675,1.381908723002235
394,0.003990020419324599,0.004483727749389526,0.8898890928129731
395,-0.005990177004812984,0.004183290108757144,-1.4319296173778076
396,0.0003082475923144225,0.004745897054111493,0.0649503326346659
397,-0.0043846367131302934,0.0044903047234568835,-0.9764675190584302
398,0.0039359570887600006,0.004492146664920057,0.8761862384183855
399,0.0023956484690155285,0.0045723747583003085,0.5239396584163771
400,-0.005617968539255225,0.004496267385953866,-1.2494738539806378
401,-0.006795103489964082,0.004230725198987816,-1.6061320861940602
402,0.003249964130814127,0.004668124918999201,0.6962033337168892
403,0.0014657616829635428,0.0047043758128081994,0.31157410489460463
404,0.0017259879089298116,0.004669880216407957,0.36960003874733877
405,0.004383997145585557,0.004426353287925092,0.9904309169231745
406,-0.0010094330870161312,0.0047722861068187706,-0.21151981763495406
407,-0.005125603454023576,0.0045624578048593005,-1.1234303248929756
408,-0.007731726086863818,0.004224602160268097,-1.830166674528509
409,0.00033622685639879375,0.004748089329196175,0.0708130856619151
410,0.00403909219354433,0.004550583265331645,0.887598788558803
411,-0.0010419208879932633,0.004721757382214615,-0.22066379181570273
412,-0.003217905860761446,0.00466185648062829,-0.6902627470693309
413,-0.007740113522247153,0.004353857646131342,-1.7777598973923041
414,-0.007059329057321336,0.0042648525156315925,-1.6552340395001683
415,0.0030086726458253125,0.004575412602411475,0.6575740610233903
416,-0.004724568567547054,0.004550872983830499,-1.0381675305669273
417,0.005141562212833332,0.0045515226728713816,1.1296356367680616
418,-0.007868821081933349,0.004080647580339984,-1.9283265528354567
419,0.0032009183822841202,0.004642680087494825,0.6894548670079322
420,0.005487688686301675,0.004457948537232676,1.2309896896450543
421,-0.0022283243466362985,0.0046093783071815084,-0.48343273173402196
422,-0.006579816271871136,0.00442577465054484,-1.4867038634832257
423,0.0015848803149589629,0.004729611802572557,0.33509733591600604
424,0.0017403381564114297,0.004657217962949973,0.3736862157314762
425,-0.0005040577280789071,0.004740739888874649,-0.10632469612218266
426,-0.007365739746088312,0.004347097550162234,-1.6944040618120986
427,-0.0038906708310955758,0.004544714433918199,-0.8560869748071842
428,0.0016540272214149168,0.004702061564031443,0.3517663898889471
429,0.003421931878064186,0.004597841864036204,0.7442474054686717
430,-4.24860634430915e-05,0.004752360149207811,-0.00893999236362035
431,0.004066944287805044,0.004638336712968283,0.8768109215603757
432,-0.006988430818829519,0.004057754843877745,-1.7222407680379008
433,-0.0029882311063968584,0.004610224463474378,-0.648174753761307
434,-0.008056867704923752,0.003986883265103626,-2.0208436438166797
435,-0.005707190246613174,0.004428692567044873,-1.2886851277693006
436,0.004082465615591874,0.004489004415023243,0.9094367566066954
437,-0.00455613178622583,0.004375348632318847,-1.0413185711811888
438,0.0036714968658337383,0.004661824671130941,0.787566484121559
439,0.002107523177656434,0.004673359474616376,0.45096534711347774
440,0.003330707232084814,0.004546696142994425,0.7325554924572619
441,0.0013840979383783528,0.00468814090643932,0.2952338605004913
442,-0.003615630384792617,0.004617974082983468,-0.7829473097555192
443,-0.0035843502301737854,0.0045119587189882725,-0.7944111312652952
444,0.0041361566687053075,0.004447639647763459,0.9299666781199812
445,-0.004703236549734023,0.0045499883744383515,-1.0336810037046718
446,0.0026507896467306506,0.004668462978794151,0.5678077900095807
447,-0.004695900410463076,0.004448820545669862,-1.055538285317825
448,-0.002931368385316425,0.0045807374039150495,-0.6399337326804747
449,0.006052535960275676,0.0043636822468663475,1.3870249064587896
450,0.002743036941151997,0.0046148848761177605,0.5943890291494243
451,-0.0005777373321404686,0.00472247373445822,-0.12233786033047123
452,-0.0070367981605297565,0.004415080543630652,-1.5938096918030829
453,-0.0007234195791503667,0.004726999207799205,-0.1530399196929792
454,-0.0018023462757619643,0.004704873303644185,-0.3830807249083513
455,0.0014824778301559282,0.0047104994243299635,0.3147177606049279
456,0.005187608863323172,0.004639710488727544,1.1180889143679935
457,-0.006227287065790807,0.0043227624034155795,-1.4405804632867143
458,0.004172353763923699,0.0045006812108879125,0.9270493883970422
459,0.006675250819121716,0.00424501717163343,1.572490887369759
460,0.0009061992506018795,0.004744907124349083,0.1909835591831935
461,-0.004415859691212096,0.0045296991985767756,-0.9748681971199218
462,-0.005508461047280765,0.004442418298310822,-1.2399690162845074
463,-0.00215744359490133,0.0046067981156010865,-0.46831737375142835
464,0.004373660009973257,0.004592889382641423,0.9522676567180713
465,-0.004915329543842579,0.0044031562634417615,-1.116319578447228
466,-0.0015423604434844928,0.004665607860074557,-0.3305808138491617
467,-0.004764258148629052,0.004624933536106428,-1.0301246734542087
468,-0.003911406701918638,0.004488866445676956,-0.8713573346976171
469,-0.0019262017492394055,0.004672547494121636,-0.4122380246883934
470,-0.00320758521444412,0.004624181105663551,-0.6936547555448404
471,-0.00139154756547002,0.004746811906298727,-0.29315414070305207
472,-0.005415866118268782,0.004429759013474955,-1.2226096502753698
473,0.005033137953746673,0.004479378273879444,1.1236242277407922
474,0.004000763399305722,0.004661132710025596,0.8583242847174272
475,-0.006683276801618835,0.004239036485910273,-1.576602802035967
476,0.004192847997104903,0.004582203952934866,0.9150286718292878
477,0.004802591304792777,0.0045423868395451,1.0572836428157968
478,0.005288944571259624,0.004412204084925843,1.1987080537206196
479,0.004841969653056736,0.0044556662178228965,1.0866993657847632
480,0.002557341796976893,0.004669156490538615,0.547709592119901
481,0.002040484161186635,0.004686503506079957,0.43539584650677143
482,0.005184478301667707,0.004476054906414575,1.158269594557006
483,0.00290745654897801,0.004661602539920663,0.6237032273943056
484,-0.0008916362680384161,0.0047376809277675895,-0.18820099572610052
485,0.0010811602548422411,0.004794566896268353,0.22549695900243172
486,-0.0001196691633290619,0.0047516523695708465,-0.025184747119846654
487,-0.009322884027694366,0.00393498089474059,-2.3692323487911033
488,-0.0071765177843079765,0.0043687127963201585,-1.6427076163836818
489,-0.0005247167582720532,0.0047262917714373945,-0.11102081370496356
490,-0.004994401848268686,0.004356141139835963,-1.1465197494626536
491,0.003758229675791415,0.004633986895524654,0.811014308094178
492,-0.0020722715580666355,0.004651938074461148,-0.4454641323458879
493,-0.00396414004683338,0.00449034140926717,-0.8828148431324586
494,0.0023580672463614995,0.004629413988295523,0.5093662507443415
495,-0.006860287524145093,0.004322473270131509,-1.587120867016113
496,-0.006028123171775504,0.004292738954294686,-1.4042603652254808
497,-0.0018269100650291747,0.004699206594908271,-0.3887698972436508
498,0.004135994392540895,0.004485671388348066,0.9220457841126107
499,0.0007185712254969845,0.004724343969122127,0.15209968414524835
500,0.0016350262488071237,0.0046719145911328745,0.34996920789398517
501,-0.00526810301409208,0.00451958225743634,-1.1656172438114505
502,0.0013249918484594839,0.004794630477457354,0.27634910650343625
503,0.005223021373289927,0.004359848136584294,1.1979824089427764
504,-0.004365236232947882,0.004455161466332905,-0.9798154939917271
505,-0.0014688153831069416,0.004671754798074509,-0.314403355183008
506,0.0005286246485306489,0.004766429934722566,0.11090578394527852
507,0.00552347926757745,0.0044158543561873,1.2508291311370348
508,0.004744696525105138,0.004498062225178999,1.0548312334466035
509,-0.004721458755083532,0.004522480274387606,-1.0439976447930155
510,0.002085150761988262,0.004708918982605346,0.4428087995760317
511,0.004104629675422228,0.0045893692099701995,0.894377742916195
512,0.002228813207862302,0.0046132758613566145,0.4831302689986721
513,-0.003904382953769663,0.004470166650705898,-0.8734311847530583
514,0.0022644589034400606,0.004743585335428129,0.4773728610988894
515,0.0021722645342478085,0.004647730046841693,0.46738182130951084
516,0.0005674124384484136,0.004725921323011143,0.12006387742546762
517,-0.005872038821418272,0.004367407622446285,-1.344513571675549
518,-0.0030094240873540434,0.004556494498059838,-0.660469158612056
519,0.002796842509624077,0.004533801734819718,0.6168868144683637
520,0.0014437296058699158,0.004717017600026407,0.30606831016738917
521,0.0012940823207697304,0.004731577526994929,0.2734991265358416
522,-0.006192334929754851,0.004382286915583912,-1.4130373134023249
523,0.0031551581474023615,0.004573812452447098,0.6898311157717621
524,0.0033787043453132244,0.004584395142634257,0.7370011179646644
525,0.004053024000034232,0.004478597245074191,0.9049762187238364
526,0.004711286945467817,0.004581559102931896,1.0283152175103238
527,-0.004820197279150071,0.004432114016211096,-1.0875616605347933
528,0.0026920679964624037,0.004602967805814558,0.584854839319478
529,-0.0025199842339031528,0.004743214028270138,-0.5312819996912932
530,-0.007695328209588738,0.004164195160655798,-1.8479749177694258
531,0.007310907673569116,0.0041733781336854,1.751796132384737
532,0.0010094705759362197,0.0047705509306162006,0.21160461142080897
533,-0.003984993333735989,0.004370603852832224,-0.9117717981128963
534,-0.004703175253343429,0.004512530832825448,-1.042247782359996
535,-0.005210775978610656,0.0043139021910721526,-1.207903134520442
536,-0.004476829111919155,0.004360200041253654,-1.026748559598648
537,0.009153958416255473,0.004176533565864175,2.191759810353975
538,-0.006416226021567986,0.004316768269292625,-1.486349421906632
539,-0.002058933113178864,0.004668726614635839,-0.44100528540788436
540,-0.0070274881603412265,0.004395662565427188,-1.5987323994370952
541,0.004829326224115997,0.004423321121112643,1.0917873904893496
542,0.006389785620034818,0.004339530109000503,1.4724602571098504
543,0.006389811744566797,0.0042444379173297965,1.5054553439166967
544,-0.00359695300463859,0.00449472143449155,-0.8002616084361373
545,0.0034290811018491533,0.004582014801286854,0.748378442794663
546,0.0004827623767339411,0.0047236182072985505,0.10220181978044203
547,0.006294190960949656,0.004349015965826353,1.4472678441302758
548,0.005684196402631079,0.004487630993793006,1.2666363189159455
549,0.001800400441161442,0.0046569178596110395,0.3866077297124191
550,-0.007409302503593454,0.004074450812200745,-1.8184788196256185
551,-0.002189574853938412,0.004668790465110789,-0.4689811783803096
552,-0.0009115995455557058,0.004706744836590771,-0.19367940629983316
553,0.006575880894576706,0.004252322486051913,1.5464210243099672
554,-0.00498456490580588,0.0042788366842058355,-1.1649346010809547
555,0.004552337932718961,0.004490448810563543,1.013782391196583
556,0.00179634861830196,0.0046955122210838324,0.3825671265929155
557,0.005534211199690494,0.0045216635837719765,1.2239325410126707
558,-0.003283512686011851,0.004672881045784357,-0.7026741433904197
559,0.007459431194479193,0.00446991740302903,1.6688073899138105
560,-0.003923702455349558,0.004632307214249262,-0.8470298436338608
561,-0.0037389409045823214,0.004570256086202527,-0.8181031509087812
562,-0.005457746509879783,0.004379634435097529,-1.2461648547975777
563,-0.0009997958242891482,0.004716216745504291,-0.21199106789190686
564,0.003337237674940471,0.00460249024907642,0.7250939153233737
565,0.005016315454252192,0.004496299676542024,1.1156541634498207
566,0.0010817981366991912,0.004704218735013096,0.22996340043617883
567,0.001460583292055275,0.0046756811394228605,0.3123787205548326
568,0.004603722180216391,0.004527697184250306,1.0167910955331863
569,-0.004781422272648381,0.004599496016919971,-1.0395535195723977
570,-0.0011042920006472828,0.004725262076603892,-0.2336996303580588
571,0.0011159149511075998,0.004713490663645193,0.23674915911355668
572,-0.0009293690518151605,0.004781031762554248,-0.1943867135738602
573,0.00514898713707241,0.004518153746983385,1.13962193971602
574,0.00429796440391457,0.0044872998060274645,0.9578063846194154
575,-0.0023573579029917,0.004654978371913989,-0.5064165103784197
576,-0.0012498738073439969,0.004802741740188751,-0.2602417275293416
577,0.0023324271163473577,0.0046703827714750365,0.49940812787186445
578,-0.0020734298372194547,0.00466623731668395,-0.44434727522451267
579,-0.002443038228448374,0.004660712312972585,-0.5241770065164596
580,0.000332102575840473,0.0047705407722732004,0.06961528927091079
581,-0.00394910421736743,0.0046174092770395235,-0.855264062686559
582,-0.0027216275898311374,0.004697981278004788,-0.5793185261451277
583,0.0015481400032439816,0.0046711805253044,0.3314237150239652
584,-0.0039414117604744635,0.004652655919599432,-0.847131580023179
585,0.0002938371101431824,0.004756508521603262,0.061775798110867176
586,-0.0013517923534014237,0.004688356808206144,-0.288329666171173
587,0.0010603669785991434,0.0047292409276777055,0.22421504736487105
588,-0.003603899015873655,0.004540085164714875,-0.7937954653103928
589,-0.00020075016771217672,0.004751860105353363,-0.0422466493670584
590,-0.0008535626068822892,0.004705043310176615,-0.1814143995308406
591,-0.0031204618085114424,0.004652351562279353,-0.6707278602528087
592,-0.0038125558478339858,0.004540728848070548,-0.8396352161512621
593,0.0057290455485988784,0.004370280460985437,1.3109102721766874
594,-0.00206851126509933,0.004684735471792893,-0.44154281016590485
595,0.0036020793548285058,0.004683324755889383,0.7691286730220475
596,-0.003954364115363833,0.004646834200679188,-0.8509802468927894
597,0.00011153678005070347,0.004757761865046472,0.023443119520151524
598,0.00210301990545138,0.004647448027996069,0.45251068818475415
599,0.0014710522674851517,0.004659957200373459,0.315679351597319
600,-0.0032744904670619825,0.004652648188213883,-0.7037906874964115
601,-0.0015122103231804162,0.004699549882500258,-0.3217776938194534
602,0.004202452450746292,0.004516134554272262,0.9305419048621508
603,0.003981349876699134,0.004531000235342338,0.8786911652849041
604,0.002727807058088916,0.004609005735794581,0.5918428430028085
605,0.0014086530528696999,0.004718818153093962,0.29851818976031025
606,0.0028843255856617765,0.004668475268984027,0.6178303234943505
607,-0.006657517419731174,0.004452896832103908,-1.4950980610493114
608,0.003678122570231484,0.0045294114016031315,0.812053100084849
609,0.004068848985412594,0.004532420694084246,0.8977209442899443
610,0.004638879201801743,0.004511343871797032,1.0282699199238627
611,-0.004342190841690225,0.004467015298954437,-0.9720564070390739
612,0.006459118467246236,0.004400800890851273,1.4677143155178762
613,-0.0035053673663185676,0.0046004646647152805,-0.7619594153616899
614,0.006447936188681967,0.0043147194104236845,1.4944045198176192
615,-0.0031217223175826815,0.004652589934059144,-0.6709644223597286
616,-0.0023506924093507947,0.0046894795451181154,-0.5012693597945073
617,0.004318392061654903,0.004575277025780189,0.9438536808420949
618,0.0045841006009389685,0.004313160948677736,1.0628169584870912
619,-0.0033575988223315265,0.0046592371724730255,-0.7206327340810992
620,-0.0013622603557019762,0.00470758296580654,-0.289375750910124
621,0.00516990479327501,0.004509952125890132,1.1463325217126608
622,0.003386288853993542,0.004565730368943163,0.7416751714090756
623,0.002598854370993691,0.004614386838752457,0.5632068705571108
624,0.001563353666926997,0.004707303724721752,0.33211234251076643
625,0.002559553869643406,0.004680689858841479,0.5468326137457274
626,-0.0034484375965093904,0.00450245430901328,-0.7659017415470721
627,-0.0009421490634822359,0.0047692518161925644,-0.19754651249142502
628,0.00500088613069545,0.004661563231399487,1.072791654312515
629,0.003014283600507128,0.00468370806977512,0.6435677791190461
630,0.0024668474117361177,0.0047002166623450895,0.524836957304289
631,0.004465424704902163,0.004589886759994193,0.9728834148639894
632,0.0047942754687053946,0.004627689733857376,1.0359976023520407
633,0.0028844622102454013,0.0046562956415822235,0.6194757447285397
634,-0.0016690548016695605,0.004677661651597639,-0.3568139224220077
635,-0.0016463859494127062,0.004680077823285599,-0.3517860197155607
636,-0.003510248428211533,0.004534551720398458,-0.7741114545944758
637,0.001844730147911347,0.004706512864297946,0.3919526411804505
638,0.003580973440585959,0.0046053656757342725,0.777565494843146
639,-0.007743031168583664,0.004270466899971503,-1.8131579871595147
640,0.005353658579629766,0.00430205055137618,1.2444434382383507
641,-0.006062902456203754,0.004384346254526795,-1.3828521070715767
642,-0.0028728054617010155,0.0045802644942509385,-0.6272138793091331
643,-0.00668061576006563,0.004353235142274065,-1.5346324151412083
644,-0.0028725212749136147,0.0045932929713839,-0.6253729715934407
645,-0.0031407151999939403,0.004558938425893325,-0.6889137133670579
646,0.0032682291302522466,0.0044759770961046745,0.7301711023267972
647,0.0027791602741975836,0.004615685572129811,0.6021121306396091
648,0.005741716036486196,0.004541554941633354,1.2642621547634978
649,-0.009156340150791921,0.0041298520797477655,-2.2171109216461704
650,0.0033077193612142185,0.004679374833791024,0.7068720670394445
651,-0.005644377074739664,0.004473332606604588,-1.2617834556737642
652,0.00585663860937025,0.004381418234737734,1.336699282195054
653,-0.004631084862359452,0.0045660579610747485,-1.014241365711748
654,-0.0033282771720267437,0.004620575516891555,-0.7203165839102676
655,-0.001424659251515751,0.004687445556565324,-0.30393083702494345
656,0.004258545857317374,0.0046438522460429815,0.9170287148877473
657,-0.007037323935799329,0.004380438936131563,-1.6065339657523234
658,0.006349190912342443,0.004430216315262111,1.4331559591050795
659,-0.0033961605724711938,0.004584571301781364,-0.7407804021177715
660,-0.0022480740976285763,0.004633973427520024,-0.4851288279466212
661,-0.003171090717736252,0.004604312630689421,-0.6887218510315258
662,-0.0035912080285572558,0.00446386583542529,-0.8045062645157003
663,-0.006080404543617708,0.004357321046689228,-1.3954456140517144
664,0.004054513084875013,0.004503605184514145,0.9002816452065212
665,0.0035564025191117373,0.004596151912900798,0.7737782794187851
666,-0.004896252051358087,0.004452496922160847,-1.0996643314874839
667,-0.0030096756152312534,0.004557297280519696,-0.660408007196766
668,0.005329893601038816,0.0044435888199478865,1.1994569743069352
669,0.0002852659258011866,0.004744386200116795,0.06012704568489051
670,-0.0017815609069975985,0.004682113730467864,-0.3805035523602231
671,-0.0014915292659659313,0.0047159139403432065,-0.31627576008254793
672,0.00735783331749839,0.004079333309175148,1.8036852494865547
673,-0.006569537131652135,0.004386108760345248,-1.497805341957599
674,-0.0016935529317509974,0.004688292401148358,-0.3612302277341268
675,0.0037004925023640493,0.004545936377378713,0.8140220617205018
676,0.0009432694772922919,0.0047116230363490825,0.20020054024169293
677,-0.0004996081171873865,0.004749886858900926,-0.10518316162650464
678,-0.0037263154294168055,0.0046314976760853865,-0.8045594945793744
679,0.0070434586443691004,0.0042875324554788735,1.642776752714381
680,0.005340691407290767,0.004600934935616566,1.1607839454428335
681,-0.005462274224440421,0.00423344955309528,-1.2902655756100099
682,-0.0015143844482727576,0.004710041080788313,-0.32152255623623927
683,-0.0023362111769192565,0.004644944156993175,-0.5029578608392922
684,-0.0041451144288047114,0.004595406257002058,-0.9020126180332297
685,0.001848892073213361,0.0046842291343289575,0.3947057285612962
686,0.0034733035499706143,0.004662949977827248,0.7448725734752654
687,0.001540235020461215,0.004652946966783768,0.3310235494744664
688,-0.006269710009987356,0.004305366556156016,-1.4562546366749258
689,0.006757673873215198,0.004289896572564414,1.5752533327803742
690,-0.003490804571349854,0.004633607597865278,-0.7533664639530723
691,-0.0012859180304496149,0.004695348803626306,-0.2738706077504777
692,-0.0031001947961344077,0.004560518647433231,-0.6797899615823897
693,-0.0030051456961168906,0.004685218947243522,-0.6414098743207983
694,-0.0008619396221058772,0.0047814073799664686,-0.18026901989512592
695,-0.0035101756668762425,0.00449807163500971,-0.7803734470468622
696,0.0036017972369932353,0.004602601988931608,0.7825567463045643
697,-0.005460943552646981,0.004342470428997716,-1.2575660886900777
698,-0.0039032256334990147,0.00460891958184081,-0.8468851678119451
699,0.0028935937592600215,0.004495936529653592,0.6436020037593748
700,0.005063317548307956,0.004465991710324725,1.133749876114257
701,0.006460833763785293,0.004282655655202295,1.5086045397876169
702,-0.004518640322106658,0.004490848913407838,-1.006188453282373
703,-0.006601429675355834,0.004379194387783974,-1.5074529903881224
704,-0.003766165729608998,0.004524364498532126,-0.8324187255096012
705,0.006803912464942882,0.004233398944936503,1.6071985072611514
706,0.006499307860588396,0.004444548651574411,1.4623099824289512
707,0.000826648415663077,0.0047250316630074556,0.1749508732682058
708,0.0006893374312906021,0.0047245299213222154,0.1459060356840079
709,-0.005716492046088409,0.0043958606501349655,-1.3004261283653058
710,0.0016896071493116191,0.0046921375522010955,0.3600932689023619
711,0.004085579248532795,0.004476464625051556,0.9126798915529777
712,0.0016996358204236122,0.004675882929055361,0.3634898149100963
713,-0.0032509866997979015,0.004598358433719527,-0.7069885365957083
714,-0.006366599029841663,0.004196569133646962,-1.5170961866911674
715,-0.0006853219547484268,0.0047160452062664695,-0.1453170876813907
716,0.0009445563557622087,0.00472548456604182,0.19988560803900624
717,-0.005311471401068899,0.004428376672669605,-1.1994172568583532
718,-0.005018152085297062,0.004439732269546306,-1.130282589271957
719,0.004723886300404482,0.0044017140923171974,1.073192443064307
720,0.002323748059663649,0.004692232710048553,0.4952329100573539
721,0.003885707947121571,0.0044993292294335865,0.8636193861303046
722,0.005100285420888671,0.004509073620803927,1.1311160228914905
723,-0.0003922161285669932,0.004734380712529591,-0.08284423082600621
724,0.002916555326637247,0.00461478770622409,0.6320020577985872
725,-0.002472661892585521,0.004633807760827765,-0.5336133953351173
726,0.003101673088888366,0.004649638702591322,0.6670783016236834
727,-0.0027676959239489912,0.004659907834382452,-0.5939379108590839
728,-0.007830746614622372,0.00400837561490829,-1.9535960116855307
729,-0.005160593602517358,0.004620368023598347,-1.1169226295740577
730,0.0019411709221898044,0.0046572881164743465,0.4168028418347686
731,0.0005618773584300196,0.004723285597892551,0.11895900571431031
732,0.004654941176739197,0.0044362211218866325,1.0493032355338383
733,0.006498675664425164,0.004382003517652055,1.483037527981551
734,0.004249032192983673,0.004490302681704824,0.9462685467275563
735,0.002562637569140979,0.004627079622410659,0.5538347679882527
736,-0.0037720295838102017,0.0045608060770712805,-0.8270532708622439
737,-0.003968208807198085,0.004423424478620326,-0.8970897607447741
738,-0.004590633996684549,0.004600514543472039,-0.9978522952825983
739,0.0021151863674963457,0.004628406929981602,0.45700095075796493
740,0.003232876961456775,0.004631416488564161,0.698032010172127
741,-0.00644668784653971,0.0041726568594722,-1.5449839427618672
742,0.000540946635909952,0.0047251155954262485,0.11448325971825324
743,-0.004404354009717249,0.004348429058141128,-1.012860955261859
744,0.0023771349677614837,0.004632603566567998,0.5131315325396064
745,-0.00013818195100555905,0.004757726805916891,-0.0290436917970386
746,0.002577974815906102,0.00461522942594383,0.558579992018251
747,0.0007894329998434187,0.004722220449896632,0.16717410976878455
748,0.0036353671489671234,0.0045619403259384815,0.7968905529730392
749,-0.007721470079799592,0.004181075826734946,-1.846766334737675
750,0.00020425443186170217,0.004757494541330317,0.04293319310978914
751,-0.007957456736158872,0.004218298155658482,-1.88641400928112
752,0.006210854641451461,0.004288011583599199,1.4484230092117192
753,0.0057146616195001615,0.00450923867838881,1.2673229400981851
754,-0.0053024657559666835,0.004612975640158782,-1.1494675388713236
755,0.0033252078851553346,0.004628564484358533,0.7184101888160624
756,0.002883215767479759,0.004581266807439762,0.6293490182229841
757,-0.008114520260604512,0.004010593968735151,-2.0232714465392876
758,0.004084779283970082,0.004541534278511146,0.8994271612784562
759,0.0007159229138776848,0.0047274268156912765,0.15144029549043325
760,0.00010254680552681793,0.0047542903484560336,0.021569319080421798
761,-0.007548297155097204,0.004122558865951301,-1.830973771518335
762,-0.0012212423487304562,0.004696195712522926,-0.2600492874421477
763,0.0017485871389269266,0.004631152463410334,0.37757062691027987
764,0.004379162801731635,0.004508017985466714,0.9714164441777978
765,-0.004562829268741258,0.004625339620422112,-0.9864852406934933
766,0.0020064076670388955,0.004653606017253773,0.43115116741724824
767,-0.003949455291096259,0.0044250609166567,-0.8925199823192991
768,-0.0012024666242392685,0.0046973585823628095,-0.25598782872446113
769,-0.003420498989317373,0.004590758599917676,-0.7450836097935342
770,-0.003408669599928393,0.004542965654008102,-0.7503181532796844
771,0.004780475684655478,0.004419131551582425,1.0817681322348645
772,-0.0012989439284359107,0.004696679446399989,-0.2765664430072087
773,0.0001971624586140397,0.004757363110402084,0.04144364305153404
774,0.0023958832544517237,0.0046373535276475735,0.5166488257079469
775,0.0034639117587235875,0.0046739718364049035,0.7411066818468331
776,-0.003662663800484691,0.004500730329121862,-0.813793214133608
777,0.0017839506740722586,0.004697530716409739,0.37976349315618924
778,-0.0017891190675465827,0.00466305192183606,-0.38367985120828835
779,-0.0006068267608642716,0.004725965301123079,-0.12840271186926938
780,0.0001270991513888857,0.004746323695709373,0.026778441492261055
781,0.0023729766520653108,0.004729064284226924,0.5017856619077931
782,-0.003135147406707518,0.004681301374428225,-0.6697170628307274
783,-0.001841222686975571,0.004651781983218124,-0.3958101849179537
784,0.005113243642222611,0.004497608720588993,1.1368804980334075
785,-0.0025689053160981236,0.0046239175832585465,-0.5555690104423912
786,0.0019532451757979744,0.0047250143624394695,0.4133839658403783
787,-9.871684737882449e-05,0.004757772767817931,-0.020748541848521117
788,-0.006770296156865016,0.004327755851538529,-1.5643895795226428
789,0.004768957652700323,0.004538916826935484,1.050681877314803
790,0.0007422894355716057,0.0047263516631538514,0.1570533655712539
791,-0.005389940415647046,0.004452910303725202,-1.2104309424642903
792,0.0026805506437208417,0.0047248443651864815,0.5673309926294355
793,-0.00608888092498575,0.004539190255942153,-1.3414024488211154
794,0.002108481305551497,0.004737479232560513,0.445063967997999
795,0.003170848351764534,0.00471904170555883,0.6719263252175562
796,-0.0038499444987322175,0.004588468852941949,-0.8390477569143314
797,-0.0005057575846200521,0.004758940069473576,-0.10627525819546578
798,0.002398352823899911,0.004638890786633263,0.5170099780772264
799,-0.004506047501637367,0.004525442435471823,-0.9957142458199375
800,0.006823423531753726,0.004168430136742502,1.636928845612372
801,-0.0023952369779301035,0.004651901993711719,-0.5148941188287935
802,0.0036862260493283772,0.004561905586342187,0.8080452301258728
803,-0.007348990526154034,0.004079935439369769,-1.801251670612033
804,-0.0038360772913044634,0.004472123067977769,-0.857775430817713
805,0.003337630736769853,0.004526566456098273,0.7373427009501509
806,-0.0009247419237477212,0.004724447570918906,-0.19573546110235673
807,-3.45385809539628e-05,0.004751362177260104,-0.0072691955833768165
808,-0.0034368251484687,0.004656367053864156,-0.738091544053985
809,-0.0008672464918277896,0.004723495996933908,-0.18360267318755688
810,0.0036555852331011424,0.00459761804185515,0.7951041604200129
811,-0.008499566290199117,0.003937248125015398,-2.158758102187394
812,0.001552612358175876,0.004702891812379926,0.33013992669122605
813,-0.002955552640259102,0.004548313587572041,-0.6498128555460532
814,0.005567935469426105,0.004303815747660061,1.2937206878462053
815,0.004112618492080273,0.004568829684101295,0.9001470346753012
816,-0.0021977628994305273,0.0046122889998171344,-0.476501559099541
817,0.004644782712166405,0.004507447888630066,1.030468421805333
818,0.0032283787523561605,0.004597203937898476,0.7022483222338733
819,0.004727716008887374,0.004533634038520831,1.0428093597139714
820,0.0024898579071723228,0.004615157597025545,0.5394957495659581
821,-0.00636287260724538,0.004367786517307302,-1.4567728028905655
822,0.0049690601452162236,0.004431903909801461,1.1212021393845668
823,-0.004646172499260599,0.004628844463621476,-1.003743490578546
824,-0.0031917523249525943,0.0047012100293958485,-0.6789214489450848
825,-0.004278680917312146,0.004566831183819852,-0.9369036745810501
826,0.0020637902523378726,0.004635463372339436,0.4452176808585836
827,-0.0014570433127423525,0.004701406660540426,-0.3099164607417444
828,0.003370863514572439,0.004584933523822792,0.7352044467074204
829,0.0032466035259378413,0.004658194142286273,0.6969661260928868
830,0.0029484178911958754,0.004766950508311032,0.6185123772641229
831,0.0013304765073849814,0.004710929653897064,0.2824233442510354
832,0.003928533093063002,0.004567364236544292,0.860131333873071
833,0.003490069668369189,0.004521806580196111,0.7718308172787489
834,0.006962893746836331,0.004264300994538954,1.6328335536711198
835,0.0028519081119292135,0.004565094264209462,0.6247205308088154
836,0.002346542072754928,0.004818998311817751,0.4869356494689869
837,0.003983566089667115,0.004565034067762873,0.8726257089291097
838,0.005739900120564845,0.00438004932518577,1.31046472183767
839,0.003399744231576911,0.004591012302468147,0.7405216992664547
840,-0.005238073062152723,0.004514460148824735,-1.1602878061768622
841,-0.0037708980836000266,0.004461698540166257,-0.8451709701255412
842,0.003739169254686782,0.0044787102451368235,0.8348763483297302
843,-0.00801174409262282,0.004295796538956047,-1.865019448656154
844,-0.006462598176228323,0.004325532619545749,-1.494058361050344
845,0.00246017077016563,0.004587856061643912,0.5362353868800553
846,-0.0016571775414849705,0.004707034030171536,-0.3520640664296576
847,-0.00439321157720712,0.004588565893262244,-0.957425844893722
848,-0.0014602996124058463,0.0047059706469094915,-0.31030784549513823
849,-0.004769962372044315,0.004528223509652518,-1.0533849227796503
850,0.0037653481170755914,0.004440054172019181,0.848041030851487
851,-0.0020267699521118484,0.004641898762379207,-0.43662519496074204
852,0.0012500435374081153,0.004725335755716044,0.26454068071162756
853,-0.004222475344098704,0.004491875415626759,-0.94002503484606
854,-0.001113641490516403,0.004706394361669511,-0.23662307170565242
855,0.00042161779869438623,0.0047402951559463715,0.08894336424716
856,0.0025862182505588926,0.004699680495575836,0.5502966112256983
857,-0.005908749084463364,0.004428541670079198,-1.334242629889874
858,0.003363865210085379,0.004612355236303836,0.7293161601275645
859,0.0019531721147814005,0.004645813528712823,0.42041552092224194
860,0.0013218090432789043,0.004682961723630864,0.28225920289052875
861,-0.0009520761756740201,0.004727277977878815,-0.20140050577292853
862,-0.005957337702807636,0.0044288600094570165,-1.3451176352575689
863,-0.0006930800616079011,0.004736534907194965,-0.14632639158957486
864,0.004235560159469331,0.004527831644811776,0.9354500104531613
865,-0.005816925504326951,0.004375298577575386,-1.3294922394874493
866,-0.002308944878324406,0.004680105743054407,-0.493353143088922
867,-0.005317024585273428,0.00435895240213851,-1.2197941373860577
868,-0.0063878080603796345,0.004354861980994211,-1.4668221606695566
869,0.005219874380950481,0.004507806101816891,1.1579633779826037
870,-0.0022231548885194557,0.0046656706598257654,-0.47649203096612847
871,0.002373886454622031,0.0046368452015319375,0.511961549597933
872,0.0019625524011388494,0.004718644412916579,0.4159144511433533
873,0.004118778749013017,0.004505531852526168,0.9141603885684871
874,0.008573021813907773,0.004129946761720983,2.075818965360058
875,-0.0016264851475033327,0.004660966716202326,-0.34895875609868426
876,-0.0023518810764228434,0.004647718551233725,-0.506029151829459
877,0.00380752066279421,0.0045453091851053356,0.8376813342580066
878,-0.006622853218171369,0.0043780773102275955,-1.512730988715016
879,0.0022503308234641233,0.004721491128052157,0.476614434387912
880,0.008190558222824275,0.004140573643977172,1.9781216148004424
881,0.006752407051064016,0.004374081565142888,1.543731398352064
882,-0.0029807986872700948,0.004533559253067321,-0.6574963557062461
883,-0.0009602314144134924,0.004710414396676341,-0.20385285317806218
884,0.00039691237517138053,0.004742837475565308,0.0836866911877624
885,0.0057471474853481655,0.004206382364978523,1.366292216608204
886,0.005980214704209316,0.0045805688479972516,1.3055615803753342
887,-0.006226037122204931,0.004355194558136138,-1.4295657838233167
888,0.001719123979993685,0.0046546027350883815,0.36933849736180385
889,-0.0020935971424413413,0.004665842108788828,-0.4487072416140552
890,-0.0037546450241320853,0.004567833148238054,-0.8219750814629385
891,0.005445306952114896,0.004588888672218618,1.1866286896609808
892,-0.002217523464495011,0.004646611908743686,-0.47723448999952467
893,0.0022740891441269274,0.004646680725541414,0.4894007741110638
894,-0.0014896750463801382,0.004713872695277335,-0.31601936299056016
895,-0.0030046485648514516,0.004699810886825213,-0.6393126526163553
896,-0.0023989863172242873,0.004646449788045495,-0.5163052280036385
897,-0.001393138700732105,0.004776185227150427,-0.291684395490516
898,-0.006173680431484785,0.004393130212422776,-1.4053033106159742
899,0.004900666607907865,0.00460332655657914,1.064592430642089
900,-0.005654494035436614,0.004584160369810417,-1.2334852141463066
901,0.0007071507030567761,0.004738433852922007,0.14923722162349148
902,0.0009371733685970454,0.004771981813204721,0.19639080895148417
903,0.0036545378249247073,0.004485111381504044,0.8148154001248435
904,-0.0009038408945760132,0.004713230803913483,-0.1917667375477427
905,0.006786306312183727,0.004415287217655921,1.5370022328437747
906,-0.004463480597510242,0.004635393714581858,-0.962912941670776
907,-0.004182587850968198,0.0045469630378031246,-0.9198640534779945
908,0.0076310671399672046,0.004054500328238813,1.8821227086401482
909,0.004310041384324223,0.004476050554650284,0.9629116855810332
910,-0.004684254760542789,0.00464806233769879,-1.007786561413012
911,-0.002101307685870254,0.004705556486807698,-0.44655880590561237
912,-0.0014716546495670585,0.004684178384310993,-0.3141756203171429
913,-0.0063091526039399486,0.004233108212335905,-1.4904302671862113
914,-0.002308248087843992,0.0046293583445696914,-0.49861080435728256
915,-0.0021706351703639775,0.004670441510024394,-0.4647601657584274
916,-0.004150692472701237,0.004456065468628685,-0.9314702627065702
917,-0.001953386999816674,0.004665020596070061,-0.4187306271406947
918,0.0008561856598143062,0.004716105463797836,0.18154506221004393
919,0.002788187625736906,0.004658439928426733,0.5985238982524658
920,0.0024423519439486334,0.0047022858746847765,0.5193967378923681
921,0.002826026223113279,0.004575905717739837,0.617588385214617
922,0.0028893335709430446,0.0045399045349140575,0.6364304686855582
923,-0.0034416000069502433,0.004595455457322936,-0.7489137994942363
924,-0.0041281352083089055,0.004508203410451408,-0.9156940875246696
925,-0.004744767358695499,0.00455561712331382,-1.041520222235904
926,0.0025251013776984655,0.004617497655968081,0.5468549343895802
927,-0.0027243605275812078,0.004632168901561077,-0.5881392897100701
928,-0.0014299564641077735,0.004761664492921514,-0.3003060098487588
929,0.004623960508173353,0.004335670074483044,1.0664927055651676
930,0.002331919545840131,0.004688296559596029,0.4973916466668787
931,-0.0011244056470775074,0.004703999439346209,-0.23903184121845564
932,0.004557745521091047,0.004562690633282718,0.9989161850782522
933,0.004799068530107112,0.004403260530997971,1.0898897524511078
934,-0.005077123262861891,0.004542560557521604,-1.1176787185489812
935,-0.003934907396964568,0.004580682558658169,-0.8590220663789525
936,-0.004382045010787261,0.004561326905683396,-0.9606952321981679
937,-0.0019210685147445818,0.004638693847068275,-0.4141399665681162
938,0.006949137437086413,0.004248319971085818,1.6357377703144849
939,0.0055090359642316405,0.0044949180898984755,1.2256143168909381
940,0.001970387288514739,0.004666116203138488,0.4222756576849569
941,-0.004655034334252194,0.004649829527034459,-1.0011193544166457
942,0.006009010170937355,0.004352488814346425,1.3805917550277897
943,-0.004273040118870591,0.004457645732901102,-0.9585867462126993
944,0.0014897660566302133,0.004689781588137495,0.3176621402579775
945,-0.005217019967863642,0.004406829141870279,-1.1838489308095832
946,0.008043911562332227,0.0041172739363332265,1.9536984147078629
947,0.004839124614673193,0.0045324236631702425,1.0676682001277051
948,0.006476363463169971,0.004556910602845529,1.4212180197535265
949,0.0057341372438146345,0.004537371591395965,1.2637574702252836
950,0.00803158652767974,0.004328076657080568,1.8556941487023737
951,0.004447510120321215,0.004624725496683018,0.9616808875491297
952,0.0061331401358846425,0.004513645486052892,1.3587997007819885
953,-0.00021941963794557537,0.004749361537367036,-0.04619981785324725
954,0.002210767486980557,0.004706507039652226,0.46972573680542407
955,0.003121724167052288,0.004604182930981471,0.678019143428524
956,0.0027449292355907454,0.0046146581794430635,0.5948282903853188
957,-0.002213534821423244,0.004733812492435107,-0.4676008661011805
958,-0.004108672219558731,0.004605200368686082,-0.8921809890176362
959,0.0018807513061051232,0.004699930817922188,0.40016574263886556
960,-0.003899005822166087,0.004568764425203542,-0.8534048725859581
961,0.006656808988022147,0.004351393374905004,1.5298108937731865
962,0.00017331706383390865,0.004744475861341073,0.03653028677964838
963,0.0035040888008809356,0.004684884808031714,0.7479562346706081
964,0.007562129358811562,0.004268792796900807,1.771491313493069
965,0.004706190623560044,0.004500002353248661,1.0458195916636646
966,0.0008383661421691638,0.004701609861749713,0.17831469790587096
967,-0.0019010243677192351,0.00464909859372465,-0.40890171059939157
968,0.002199904456118213,0.004629731686188294,0.47516888779561584
969,0.004246957220988453,0.0044316257235823674,0.9583294000639037
970,-0.004416577318737173,0.0046533295179826345,-0.9491219785036625
971,0.002802941099944791,0.004578435364307158,0.6122050169794092
972,-0.003786638327413366,0.004574492540969829,-0.8277723252360072
973,-0.003286958473708367,0.004654667528926524,-0.7061639640815371
974,-0.006869583887473147,0.004099723635443114,-1.6756212121431584
975,-0.0033198767480657676,0.004732855938605995,-0.7014531587546264
976,0.0028414647491958552,0.004507066963628354,0.6304465347700031
977,-0.003162088203593816,0.004675301194953657,-0.6763389291382669
978,-0.002769319614736633,0.00463703381279685,-0.5972179040605925
979,0.0037096435941923987,0.004522046884891287,0.8203461150716443
980,-0.005556519314634002,0.004394006220230736,-1.2645679218775026
981,0.003983756491750019,0.004471447693254268,0.8909321465976239
982,0.002682328821621612,0.004586459563976984,0.5848364700932251
983,-0.004498756466976614,0.0045892747671230265,-0.9802761210126546
984,-0.005179081139489252,0.00443818810721763,-1.1669359239340804
985,-0.0036298851205011657,0.004576001785014397,-0.7932438165536566
986,-0.005688563063728842,0.0044668735446870824,-1.2734999114749606
987,-0.002840961286698659,0.004703782969410747,-0.6039737175745062
988,-0.002552127391463547,0.004704747542476465,-0.5424578828984666
989,-0.00030693935151998396,0.004755547683816092,-0.06454342841825535
990,0.007742495256783601,0.004316041052310702,1.7938882329764818
991,0.007285486021584383,0.004222867227419366,1.725246291022181
992,-0.001211716951807708,0.004729775011500626,-0.2561891313775756
993,-0.0017018452408778463,0.00469709231324348,-0.36231888312679816
994,0.0024488406403892354,0.004552947162827792,0.5378583481887551
995,-0.0029852231067355305,0.004614695077368719,-0.6468949858411215
996,0.0021811404306427335,0.0046016206030305385,0.4739939727334923
997,-0.0009922331129188257,0.004706013609653776,-0.21084365563316443
998,0.004095689539316463,0.004576033648283066,0.8950304683299631
999,-8.796150282508969e-05,0.004749556272083024,-0.018519941187371637
1000,-0.0025689616487120817,0.004667102104502583,-0.5504404213127624
1001,0.0029316349244396856,0.00465818361024806,0.6293515176151608
1002,0.002854196482488948,0.0045739773107310155,0.6240075734072211
1003,-0.007120328195472323,0.004182070366787771,-1.70258450264705
1004,-0.0023344854570866162,0.004638695375297716,-0.5032633678681232
1005,0.001858260762998648,0.004629376928596639,0.4014062349340748
1006,0.0027504745499932113,0.00459593477015603,0.5984581347528206
1007,0.003439631730907974,0.004515685577735469,0.7617075351452801
1008,0.004527256180685636,0.004609761269872111,0.9821020906818535
1009,-0.0034224281337007887,0.004614571822184072,-0.7416567052327201
1010,0.0010783916592871897,0.0047477204660562634,0.22713882735875673
1011,0.002553244710362388,0.004602281133452088,0.554778084242595
1012,-0.005493479622754941,0.004371289719851132,-1.2567182627606817
1013,0.00104822640348123,0.004747817761470211,0.22078067359448011
1014,0.0064797186099833474,0.004322777137097534,1.4989712410513165
1015,-0.006367751198947476,0.004397699131143771,-1.44797336267325
1016,0.004001831214718094,0.004539581350104938,0.8815419101643782
1017,0.006647271900750159,0.004376804858274674,1.518749890844002
1018,0.004406554289827208,0.004595636666491026,0.9588561084381394
1019,0.0016780596688514469,0.004669244546011438,0.35938568912285374
1020,0.0037282279664101192,0.004600764708029638,0.810349627292025
1021,0.0030765939931744436,0.004525804838588737,0.6797893640800042
1022,0.003054629736183766,0.004703015265131217,0.6495045335768307
1023,0.0032631000018427648,0.00458207788413988,0.7121441591242822
1024,-0.0006402710979008421,0.004771882913598875,-0.1341757770452
1025,-0.004003212260275392,0.0044312487001215515,-0.9034050063959583
1026,0.006390780779975746,0.004253474118576782,1.502484933918937
1027,0.0027202820893092654,0.004563019662472131,0.5961583097442723
1028,-0.0018174569052414394,0.004624963044710564,-0.39296679512283067
1029,0.004187170542208483,0.004641193025285511,0.9021754793210528
1030,-0.0030584094352701136,0.0045464273432605905,-0.6727061062140925
1031,0.004133811877850348,0.004519293614619745,0.9147030997228466
1032,-0.00783538010539959,0.004097863365513854,-1.912064753388152
1033,0.002695441568979087,0.004681155918831339,0.57580683397788
1034,0.004355996061763565,0.004548735859244521,0.9576278325572047
1035,0.006807594853240937,0.004413703996772426,1.5423768467978536
1036,0.005583976468117139,0.00437079317060631,1.2775659360112293
1037,0.0011001079500494336,0.004747651485480818,0.2317162397900865
1038,0.0036343369751915783,0.004676533407564535,0.7771433791775869
1039,-0.0030526844440646695,0.004742837060503466,-0.6436410117240288
1040,-0.0028068678958570884,0.004687158211666783,-0.5988421489316335
1041,0.0017138659624107194,0.004792512561270102,0.3576132436795354
1042,0.0047887819985762475,0.004594312788685996,1.0423282477347109
1043,0.0010224241151518302,0.004705805398181725,0.21726867743976078
1044,-0.0030723897768062075,0.004677403655403383,-0.6568579500845416
1045,-0.004369745474266464,0.004451616674691507,-0.9816086589641692
1046,0.004859291149478697,0.004523380178998684,1.074261051953933
1047,-0.0035062621166604183,0.004461411241236314,-0.785908746598484
1048,-0.0022077143035712315,0.004679865831822612,-0.47174734979772254
1049,-0.0043512437123493656,0.004486265628786022,-0.9699032719840993
1050,0.002198450653511206,0.004648129738952283,0.4729753206085745
1051,0.0023773474685241276,0.004632476262976824,0.5131915057016281
1052,0.00316608930339355,0.004574648824973332,0.6920945026664439
1053,-0.005241652412781892,0.004532406120566541,-1.156483393885872
1054,-0.00199960493114096,0.004681516658950855,-0.4271275906532988
1055,-0.006453637840974034,0.004467141083491621,-1.4446908482079375
1056,-0.0026284291184054316,0.0047351832584906816,-0.555084982971331
1057,0.0029608791073304293,0.004571637140835836,0.6476627554016874
1058,0.007232490585728012,0.004283617842223988,1.688407054998402
1059,-0.005889441670622074,0.004502624837372374,-1.308001861878196
1060,0.0038550701171093564,0.004609841165915181,0.8362696193555333
1061,0.006173052366989281,0.004312348991558355,1.43148255836282
1062,0.005677557446774238,0.004212994549491484,1.3476299055405923
1063,0.0014655237011775685,0.004707546801355152,0.3113136763198384
1064,0.003303576449673764,0.004592880816169211,0.7192819892132932
1065,-0.0026360475966693223,0.004635652071569335,-0.5686465584499584
1066,0.004645735979398053,0.004473449372079581,1.038513145670939
1067,0.004838518374452521,0.004352321759293713,1.1117097131250946
1068,0.0028504506619708857,0.004624844268178677,0.6163344096975247
1069,0.0019122410851872772,0.004615705761096798,0.4142900748363311
1070,-0.001560496747696393,0.004720178866128958,-0.3306011894791106
1071,0.003966042062073338,0.004512735966795626,0.878855331057518
1072,-0.0006948331706135108,0.004706893808191521,-0.14762032009396003
1073,0.006126288193544634,0.004201255563264339,1.4582041252412081
1074,0.007139132992699383,0.004155985345017119,1.717795516593665
1075,-0.0013681779735217115,0.0047621857016226015,-0.2873004244785199
1076,-0.0008852786876016703,0.004721463899053266,-0.18750089093748737
1077,-0.0015567067661702656,0.004646377504513893,-0.3350366526736035
1078,-0.004408039782533566,0.00455708294543794,-0.9672941737754455
1079,0.0017497292958097315,0.004687737138279702,0.3732567002363627
1080,0.002066193894182081,0.004699956394906399,0.43961980081800944
1081,-0.003984166704361585,0.004386949880854851,-0.9081860546775202
1082,-0.0032770979285965626,0.004596535584938135,-0.7129495395042545
1083,-0.002908945255592693,0.004638743562702473,-0.627097664760321
1084,0.004031010180110792,0.0044829125811784035,0.8991944650080994
1085,-0.004929501456860624,0.004597616256758179,-1.0721863638825004
1086,-0.0021177621154767016,0.004622108424088601,-0.4581809687630353
1087,-0.005678670136905536,0.004396643334652624,-1.291592177184007
1088,-0.0018017467692766304,0.004675682957407209,-0.3853440846373697
1089,-0.0029435232368847744,0.0046142915263046175,-0.637914449077324
1090,0.0012953324960487986,0.004720810167612383,0.27438775338512106
1091,0.001065301346162992,0.00472988397069457,0.2252277968684622
1092,0.0021928227137730234,0.004815749355890911,0.45534402887696646
1093,0.007180384119244708,0.004297918938377534,1.6706653201689525
1094,0.0057402437606760386,0.004226606510100195,1.358121165752892
1095,0.002376994981873088,0.004743406591921952,0.5011155876709207
1096,0.005853630450609626,0.0044676879899650315,1.310214693541176
1097,0.003322066305629482,0.004545700705912687,0.7308150097318112
1098,0.0033692822457669558,0.004605097697578201,0.7316418601800447
1099,0.00391250310362549,0.004537222717935181,0.8623123322026405
1100,0.0047786018289501546,0.00443854766856434,1.0766138353755264
1101,-0.0018990381952725508,0.0046459920470550775,-0.40874762075330734
1102,0.003092722748558464,0.004628409752580515,0.6682041811086741
1103,0.0017451270095345877,0.004654436589527642,0.37493840037719645
1104,0.004562528080011705,0.004643539457708557,0.9825539594452314
1105,0.0032009609239714016,0.004706673680145545,0.6800898344565961
1106,-0.005138390124091167,0.004492444548253235,-1.1437848745599075
1107,-0.003434682171432701,0.004582763538530727,-0.7494783753415935
1108,0.0015895595384788851,0.0046844438284759276,0.33932727057505235
1109,0.002478494401116677,0.004682780890127313,0.5292783197142699
1110,-0.0021158622117579545,0.004767532564364269,-0.44380655678648645
1111,0.0028467900267879686,0.004600938356532954,0.6187411797738522
1112,0.0037944536047968347,0.004549601374105181,0.8340189156776687
1113,-0.001964058757622832,0.0046484639879842155,-0.4225177957062192
1114,-0.002340817823025325,0.004684705730292468,-0.4996723290193057
1115,0.0010563274285259022,0.00473649827329859,0.2230186453314708
1116,0.0006607017067169327,0.004729155673637691,0.1397081746325169
1117,-0.0062158600993430435,0.004417361735097148,-1.407143103078096
1118,0.0014972094160495856,0.004700929909040824,0.3184921802748333
1119,-0.0006117187388692522,0.004725770032434226,-0.12944318802456797
1120,-0.0019873658587598085,0.004645492740894924,-0.4278051801189459
1121,0.0003509437592322908,0.004763511329055898,0.07367333359567048
1122,0.007899729288918536,0.004030095716797519,1.9601840363225884
1123,0.003990043962491347,0.0046736266405697875,0.8537361388381889
1124,-0.0036185217325587693,0.004524051437561284,-0.7998409793743092
1125,0.003005122979529898,0.0046325853777824865,0.6486924113567837
1126,-0.0011308683058649156,0.004722702433317412,-0.23945364372037076
1127,0.003386772646969181,0.004607866461092794,0.7349980029946397
1128,-0.004921448386731781,0.004457719910987177,-1.1040281769614166
1129,0.003879431823225821,0.004549461208411573,0.8527233545926441
1130,0.005351410231018651,0.004447216651103172,1.2033167373780151
1131,-0.00260403520718479,0.004681454163550189,-0.5562449436031678
1132,-0.003025818853399615,0.004617113121936596,-0.6553486504420903
1133,0.00038614739480225446,0.004754709096289374,0.08121367406128127
1134,-0.0049700296472866175,0.004545203272921217,-1.093466969210458
1135,-0.0017766148781531866,0.004696419617978084,-0.3782913416323007
1136,-0.005450072455791829,0.004546053646047593,-1.1988579282451284
1137,-0.004620032081183156,0.004572934067073573,-1.0102992987475377
1138,0.004612930278513422,0.004314143684963853,1.0692574506943135
1139,0.0018727273738975607,0.004657341719926765,0.40210220475877145
1140,-0.0037954825253323408,0.00453098194359833,-0.8376732841972255
1141,0.00446643152426152,0.004548200939272568,0.9820215913714389
1142,-0.004956678465133595,0.004448973240375048,-1.1141173923347192
1143,0.0013998644033344255,0.004681811994428386,0.2990005589716847
1144,0.003677898092346671,0.004562518360661943,0.806111406379759
1145,0.0019402046044060066,0.004655342772588224,0.4167694408734835
1146,-0.006146753707203948,0.004473271959453109,-1.3741068647110457
1147,-0.0011121473566757848,0.004783499610365962,-0.232496591881336
1148,-0.00010701967241239859,0.004748177090605178,-0.02253910719213685
1149,-0.006045202456508101,0.004459232953187682,-1.355659710979371
1150,0.003316422970731051,0.004607567540305212,0.719777397014861
1151,-0.0017899049896616822,0.004712234950796858,-0.3798420512455564
1152,-0.001391911673274981,0.004658774440244278,-0.29877206787500055
1153,0.002057324060020306,0.004678219538953735,0.4397664630506884
1154,-0.007236678251425558,0.004146822925404511,-1.745113881543336
1155,-0.0014291860001441595,0.004666139508336838,-0.3062887420298257
1156,-0.002197352138535837,0.004695252406155322,-0.4679944651442339
1157,-0.00514965932610512,0.0045108227231508225,-1.1416230790174056
1158,0.007239062885122895,0.004476193303253036,1.6172364316487329
1159,0.007296392483429209,0.004283264649128764,1.703465249319425
1160,0.002142728904370429,0.004722439991366392,0.45373343193090554
1161,-0.001251794600120178,0.004677862118722194,-0.26759972148604466
1162,0.0022574237211956272,0.004640493716902973,0.4864619712710684
1163,-0.008107525940338567,0.004283321657479702,-1.89281277211131
1164,-0.0032867751565831414,0.0045194822140549,-0.7272459544949137
1165,-0.007063002121036746,0.0042348987121474625,-1.6678089846109185
1166,0.0038427517097610847,0.004638312747120112,0.8284805098895102
1167,0.002862782024098334,0.0046320748625420655,0.6180344897377694
1168,-0.005127489712684498,0.0044837154871347875,-1.143580525436305
1169,-0.001759542914631591,0.004685893182816994,-0.37549787116013933
1170,-0.004973169557162607,0.004560786604254975,-1.0904192606869396
1171,-0.0034811076555568664,0.004494983571760168,-0.7744427982845146
1172,-0.005136900032783184,0.004378449495761922,-1.1732235435752763
1173,0.004310158947281917,0.004528614183254411,0.9517611288724301
1174,-0.005267039972103232,0.0042916281257912164,-1.2272824712957129
1175,0.0014714022177133496,0.004679221471021931,0.3144544935147083
1176,-0.003073027501166754,0.00459982147767462,-0.668075384247365
1177,0.0007648834047104709,0.004719760635682326,0.16205978729679651
1178,7.651695805933777e-05,0.004749149866463036,0.016111716877935528
1179,0.0009811584815247886,0.004720498397134087,0.20785061215579914
1180,0.002346127642460432,0.004762623344609924,0.49261246852864204
1181,0.00017052006188730698,0.0047445364114708614,0.035940299978527046
1182,-0.004607916114997905,0.004548942623518119,-1.0129642196792925
1183,0.0012987740303993251,0.004692013264235462,0.2768052768092405
1184,0.0015783224775899024,0.004727447294367377,0.3338635799219655
1185,-0.00421219377738461,0.004566264883665349,-0.9224593589506079
1186,-0.0014866775306560647,0.0047072831204207485,-0.3158249658293725
1187,0.005925227206599567,0.004505885999777793,1.3149971408268581
1188,0.0017642517622451228,0.004724826649675004,0.3734003156214158
1189,-0.0010428629304378076,0.004714143840571615,-0.2212200063694609
1190,0.006173856183788944,0.004438329383423516,1.3910315459792948
1191,-0.003989045304065097,0.004615108713896743,-0.8643448185854257
1192,-0.004021700120038579,0.004528763705291891,-0.8880348770105174
1193,0.0032717612047927823,0.004657537063428953,0.702465951475233
1194,0.0008317090162159705,0.004696033311410521,0.1771088408157298
1195,-0.005472517626000902,0.004418239052534806,-1.2386196312445432
1196,-0.005021970808899131,0.004476477671105256,-1.1218576697734741
1197,-0.0029465948269044103,0.004524473448685834,-0.6512569606879381
1198,0.002865824603761858,0.004612819654982768,0.6212739318057219
1199,0.004719621172843121,0.004405569561033857,1.0712851329342228
1200,-0.0027449099116295473,0.0046968508190969194,-0.5844149659744401
1201,-0.005471805526031215,0.0043606095755597775,-1.2548258290995455
1202,0.008773543682497473,0.003965743898283062,2.2123323914829474
1203,-0.003678382214934419,0.004492473160741184,-0.8187877997979061
1204,0.0019651279773888588,0.004629434768062095,0.42448550975294796
1205,-0.0004067422453778555,0.0047416967499919445,-0.08577989416521554
1206,0.00209620962849559,0.004686573444057065,0.44727979909367366
1207,-0.000541040105072753,0.00473431202059253,-0.11428061832837082
1208,0.005093582743057674,0.004626422422506561,1.1009765814462764
1209,-0.0067417606280355145,0.004311344836114206,-1.5637256782530602
1210,-0.002481247199886442,0.004596949251883769,-0.5397595370167855
1211,0.0038423613296590603,0.004610961474236,0.8333102219848214
1212,0.005785580963348786,0.004379965993510865,1.3209191514090313
1213,0.0014481003205270406,0.004661764562685842,0.31063351678419554
1214,-0.003362637282030259,0.004678332156123581,-0.7187683921990922
1215,-0.00560160820582897,0.004567373904054143,-1.2264395960350014
1216,0.001583292840493819,0.004718632486312355,0.33554061374488897
1217,0.005482157291921305,0.004572238506347469,1.1990094751860887
1218,-0.005326008254406098,0.004474192306114887,-1.1903842950887544
1219,-0.0016157703870857002,0.004758288577604908,-0.33956965003980505
1220,0.002390917022536161,0.004599880761733904,0.5197780434714825
1221,-0.003404605860957168,0.004564010800133257,-0.7459679676607608
1222,-0.0030848138118797293,0.004569914301586749,-0.675026621573326
1223,0.005251071121224985,0.00441429989929472,1.1895592146025142
1224,-0.007239727768897584,0.004239881438362111,-1.7075307114470468
1225,-0.0057984487518575305,0.004372002521975993,-1.326268391363332
1226,-0.0038671326449085924,0.004586044395683521,-0.843239251793641
1227,0.0006789478251521078,0.004736308678877734,0.1433495726703742
1228,-0.00025155748194180256,0.004745924289813522,-0.05300495047545035
1229,-0.003746800936527805,0.004579052949111677,-0.8182480041543685
1230,-0.0006658456651821539,0.004769781310757132,-0.13959668626326618
1231,0.006049730727244296,0.0042542082514014585,1.4220579646638927
1232,0.0028654740171691305,0.004615168664390189,0.6208817543936395
1233,0.00454324493338524,0.004376516772843731,1.0380960862702633
1234,0.004286985365613748,0.004428667062690221,0.9680080495844707
1235,0.0035523343967453058,0.0045091871838763824,0.7877992755429359
1236,-0.005986080470699014,0.004444022597375816,-1.3469959568238423
1237,-0.0049296446455230625,0.004681393968060724,-1.0530292214575516
1238,-0.0001609696940762179,0.004758728482330755,-0.033826198463287264
1239,-0.005876596967233694,0.004437018793704541,-1.3244471660953288
1240,-0.0015759866692375345,0.00480302002367781,-0.3281241097201915
1241,-0.0045947829471067484,0.004471917645614811,-1.0274748578190878
1242,0.005737694888376222,0.004429312324395171,1.29539180535428
1243,-0.0041698334203451,0.004570065378651098,-0.9124231438404212
1244,-0.006524683905982095,0.0043300550519328835,-1.5068362475136559
1245,-0.0018896600434705653,0.004652483971168631,-0.4061615376174874
1246,0.00247528846972137,0.004600634808546541,0.5380319396625566
1247,0.0034227456131485316,0.004571502941890801,0.748713422403019
1248,-0.004268537507922414,0.004475032820282161,-0.9538561345463548
1249,-0.005041021724472578,0.0044070591322018455,-1.1438516192438728
1250,-0.0016387607541859127,0.004776752818409866,-0.3430700344949898
1251,0.004598260418603702,0.004520098944001199,1.017291983111616
1252,-0.00283153697385026,0.0045551452025709045,-0.6216128900242637
1253,0.005330422235976204,0.004456006307454721,1.1962330993694108
1254,-0.0021282286763586017,0.004634577949510252,-0.45920657706997836
1255,-0.0010165973062463713,0.004693137276857454,-0.2166135883685656
1256,0.002823178267396399,0.004725856572705357,0.5973897480727491
1257,-0.0037732003368160802,0.004631045215114719,-0.8147621458113127
1258,0.0021399178689975214,0.004671546285428196,0.45807485107714724
1259,-0.0055911916518199154,0.004488989636726549,-1.2455345421329846
1260,-0.0020270777469165754,0.004621770421791602,-0.43859334452419435
1261,-0.0030871112443867548,0.0047124566820196945,-0.6550959409697239
1262,0.00252590756859435,0.004619266055562111,0.5468201091281322
1263,-0.005490940657119829,0.004613427326050459,-1.1902085519185162
1264,-0.0076767823856112635,0.004123375046621146,-1.8617715582049512
1265,0.005642702209116612,0.004263533798135229,1.3234801167952743
1266,0.005542974413619627,0.0044326032054740295,1.2505009261317026
1267,0.004446202159555858,0.004652393608021359,0.955680566642083
1268,-0.007166601895658395,0.004227626769036576,-1.695183204947767
1269,-0.005515205259872712,0.00450972932168708,-1.2229570482978533
1270,0.004944143848935385,0.0044806194471477415,1.1034509641479846
1271,0.0015486471725507864,0.004745282739230559,0.32635508939176455
1272,-0.0021388821738191916,0.0046457141815785695,-0.4603990022245449
1273,-0.0013533731175788693,0.004713129225517098,-0.2871495884839408
1274,0.0020129366637612533,0.004681167138873596,0.4300074327714809
1275,0.0019779943632949742,0.00466106779127024,0.42436507081050817
1276,-0.007084576952743928,0.0043273223255689145,-1.637173388005599
1277,0.0006461423016773569,0.004721788862364594,0.136842692570921
1278,-0.0016821785576465293,0.004707855244208613,-0.3573131437539139
1279,-0.002840498133933054,0.004653746804170965,-0.6103680009808936
1280,0.000806278338040508,0.004729661627965616,0.17047273176438946
1281,0.007366653566557098,0.004311889765535377,1.7084512747608318
1282,-0.0003847653452300409,0.0047599628612764525,-0.08083368640545666
1283,-0.00533075123556832,0.0045330322843893465,-1.1759791020959904
1284,0.00293278560186987,0.004473744693582551,0.6555549774838204
1285,-0.0024207560399321136,0.004723403259873283,-0.5125025128591406
1286,0.0022981752251542624,0.004582408365345165,0.5015212617309271
1287,0.001175449893751839,0.004664370061702881,0.2520061397792916
1288,0.001816345551833009,0.004719556945196626,0.3848550982484939
1289,0.003924474730738082,0.004539843652957932,0.8644515165585258
1290,-0.0029234935598789445,0.004619523771819696,-0.6328560484336113
1291,0.0014384237211849584,0.004703219102161762,0.3058381270232146
1292,-0.003829265933982134,0.004549349556291965,-0.8417172359697176
1293,0.0021130272432551347,0.0045877161403106315,0.46058369319948006
1294,-0.00208638597981098,0.004636530472192341,-0.4499886266949199
1295,0.007905708988693366,0.004105119736267034,1.9258169058626227
1296,-0.0025380698662004313,0.004659255694989186,-0.5447371924511479
1297,0.0018985393432964033,0.004657369134182488,0.40764201603909495
1298,0.0076510180396443,0.004025457894395039,1.9006578233739355
1299,-0.005340739531703389,0.004404780146513454,-1.2124871966494815
1300,-0.007765048946110713,0.004165245450073412,-1.8642476269853088
1301,0.004718651831242864,0.004371078817759328,1.0795165285218322
1302,-0.007160319849134676,0.004207176992688142,-1.7019297884493438
1303,-0.0011548378136060076,0.004699392216667332,-0.24574195137621094
1304,-8.010933548845973e-05,0.004748234392924199,-0.016871394471982756
1305,0.003376540095010328,0.004621768383916199,0.7305731950481815
1306,-0.004300547497104136,0.004424675344710621,-0.9719464507707055
1307,0.005026392732701813,0.004312488587523682,1.1655434282756139
1308,-0.004904213479836433,0.004521428777873871,-1.0846601197912842
1309,0.006942911888063522,0.004420389587456513,1.570656104105626
1310,0.004006518033541257,0.004614567039115672,0.8682327073330502
1311,-0.0021764169916559514,0.004701124826663201,-0.4629566480158207
1312,0.006029710301052358,0.004255825343459021,1.4168133827013611
1313,-0.0030403536141072685,0.0046058951807128,-0.6601004788035034
1314,-0.0010862208642670585,0.004716716062391747,-0.23029176441803
1315,-0.005455698543892223,0.004439877603381864,-1.2287948072569854
1316,0.0031250408805728307,0.004644853624441422,0.6727964179815548
1317,0.0033143795064186246,0.004553649281650477,0.7278512905625711
1318,0.002565958074827342,0.004619881322106637,0.555416448156136
1319,0.0045430000393890035,0.004561455491291934,0.9959540431912219
1320,-0.002653182947237999,0.004690246852506893,-0.5656808757986582
1321,0.004784872664578066,0.004526147786671694,1.0571622691305502
1322,-0.005857005864175152,0.004423055339277965,-1.3241990920084825
1323,0.0010637721322713843,0.004729914630690955,0.2249030300396746
1324,0.006293224615717975,0.004324563188781532,1.4552278093758466
1325,-0.001638094169519477,0.004737723807650034,-0.34575552227726647
1326,0.003846109691549428,0.004531124670044244,0.8488200991194251
1327,-0.003925520489352322,0.00461823159243706,-0.8500051179288756
1328,-0.002513110910848621,0.004608378362731765,-0.5453351945170781
1329,0.005068220024035388,0.004455553825972247,1.1375061826190487
1330,-0.0035001015252714507,0.00462219387366829,-0.7572381472812784
1331,-0.005862865295545321,0.004304980845433008,-1.3618795311865357
1332,-5.4133666506911645e-05,0.004749868896051978,-0.011396875933124545
1333,0.001172085325046035,0.004670752555824958,0.2509414298953413
1334,0.005047388571657391,0.004452738723388944,1.1335469887655711
1335,0.003392244571776722,0.0046150351409100145,0.7350419808738061
1336,-0.002514525772379307,0.004718134783704888,-0.5329491181692758
1337,-0.0003700543824512789,0.004738698778827776,-0.07809198257223267
1338,0.0021197779420624526,0.004619049717626719,0.4589207892639009
1339,0.003933695477349281,0.004548916302779195,0.8647544196286838
1340,-0.0002813631483493982,0.004748558085287936,-0.059252333718128526
1341,-0.0031780126727771643,0.004586046902633503,-0.6929743066849609
1342,-0.0035428921078458483,0.004635305370433524,-0.7643276601460443
1343,0.003067352762910236,0.0047175508339094285,0.6502002566378972
1344,0.00499756362780214,0.004628361198285149,1.0797695801385994
1345,-0.0043615327591432565,0.004531076098753889,-0.9625821028127823
1346,0.0023201124925806525,0.00467090697225217,0.4967156285414018
1347,-0.0051000063562728695,0.004397627467626377,-1.1597176872795916
1348,0.003912800591579936,0.0045775274811267605,0.8547847299033142
1349,0.007204037137010752,0.00418598997850588,1.7209876693450934
1350,-0.0060404205199114346,0.004532111332411306,-1.3328049725331073
1351,0.0012047393187308772,0.004719955409805716,0.25524379239431566
1352,-0.0015333371717648164,0.004793689657789488,-0.3198657571153414
1353,-0.008007921230357361,0.0040485818658491995,-1.9779570960158122
1354,5.7702122946731576e-05,0.0047504865358754325,0.012146571200858708
1355,-0.007026850098718229,0.004053906649422206,-1.7333527153911525
1356,0.0021783640317512122,0.004734033636171754,0.4601496734427047
1357,0.004917943541220448,0.004502542764352032,1.0922591519079545
1358,-0.006785076066587033,0.004296804075216692,-1.5790983130281209
1359,0.003591183121172437,0.00457115728426738,0.785617929519132
1360,0.007287375969627162,0.004027801321288186,1.8092689753864242
1361,0.0025399666977807753,0.0046662631314860715,0.5443256469276452
1362,-0.0045563153824431215,0.004540972736609682,-1.0033787134879155
1363,-0.004113536528766702,0.004533956162807925,-0.9072731144844479
1364,0.004498425002241544,0.00453883876917737,0.9910960117794291
1365,-0.0016695203391706088,0.004678449233646327,-0.3568533622559809
1366,0.0006777642461525228,0.004717361215841727,0.1436744432197542
1367,-0.0067254879878297785,0.004493906691236996,-1.4965793573205044
1368,-0.005121093009758793,0.004439140463388011,-1.1536226555557798
1369,0.001430280924407472,0.004702515820206283,0.30415228339300526
1370,0.003640702986768311,0.004553975167697062,0.7994560472338739
1371,0.005278236014187539,0.004576577566086327,1.1533151001964197
1372,0.006657912141102935,0.004340839483397325,1.5337844595654504
1373,-0.00403267546754738,0.004627384979482358,-0.8714804334258124
1374,-0.00476215805526243,0.004578124240913157,-1.0401985190145397
1375,-0.0009971732658377267,0.004699673434744547,-0.21217926727964842
1376,0.0018322689419797763,0.004706801648656033,0.3892811039749163
1377,0.0003639832379195551,0.004746599767203535,0.07668294268973015
1378,0.004984827930155269,0.004589171217611309,1.0862152867658534
1379,0.005793289640428687,0.004506505916921733,1.2855391177175952
1380,0.0011959695808783563,0.004687712661986568,0.25512860260755105
1381,-0.000552808327994466,0.00476994311874689,-0.1158941132488167
1382,-0.0007449011818483792,0.004784762073308963,-0.15568196922553212
1383,-0.004155887844068755,0.0046460834790353804,-0.8944927190442131
1384,-0.00784468993321207,0.004230066527005463,-1.8545074606109
1385,0.001940356757382593,0.0047355914825796645,0.40973905044816145
1386,0.0024087685693495457,0.004608475741671742,0.5226822716171564
1387,-0.004839355552809068,0.0045098162293328685,-1.0730715636111292
1388,0.003558971235967741,0.004671982138180139,0.7617690159564812
1389,0.0062489699137002796,0.004312232797474437,1.4491262896010946
1390,0.001191144213229433,0.0046856924020356175,0.2542087937125282
1391,-0.0038848696698831216,0.004539533008877368,-0.8557861926074759
1392,-0.004511916049268711,0.004531762611364955,-0.9956205644915133
1393,-0.0008455916859360893,0.004716566134878609,-0.17928121047280776
1394,-0.005389775385605623,0.004388299492792559,-1.2282150282718647
1395,-0.0026676442966096867,0.004634318107831248,-0.5756282228666606
1396,-0.0038544950626673955,0.004705330108149352,-0.8191763328127901
1397,0.006630059691251419,0.004275974687682632,1.550537637734377
1398,-0.0026227202826930077,0.004637025934956716,-0.5656039710542377
1399,0.0022974294831048197,0.00464191299951515,0.4949316118903537
1400,-0.0027703806091542316,0.00464557234553935,-0.596348609620585
1401,0.002084286831680865,0.004690271566188414,0.4443851069746644
1402,-0.005258687729271085,0.004588796066888307,-1.1459841868364038
1403,0.002667803267821269,0.004676735026811834,0.5704413982247635
1404,0.0032169442879276303,0.004552047453052863,0.7067027136920913
1405,-0.002399689130521915,0.004675757729683094,-0.5132193046033967
1406,-0.0010873491206730328,0.004720469707756901,-0.23034765351554926
1407,-0.0022142037980493324,0.004617166048871137,-0.4795590573552556
1408,0.002757612031885045,0.004811260023220177,0.5731579707968839
1409,-0.00330375001382095,0.004644002068300124,-0.7114014949244509
1410,-0.003232409599692003,0.004595833974237908,-0.7033347196202858
1411,-0.0031813152799747176,0.00458373529841721,-0.6940442832886192
1412,0.004324478133466859,0.004485408856771752,0.9641212811487783
1413,0.0057436484596797175,0.004462168796697762,1.28718762587608
1414,0.0032849353865633682,0.0046036851517875215,0.7135447534434216
1415,0.005084250084379944,0.004362952263598629,1.1653233354853114
1416,-0.006887688675355448,0.004257597613388833,-1.6177406370427747
1417,0.005205640872939928,0.004441609084392102,1.1720168916334055
1418,-0.0006714881781129279,0.00476875053777836,-0.14081008700148054
1419,-0.0022088959752689465,0.004714925180607465,-0.4684901436727264
1420,0.005546105597466616,0.004381953904416479,1.265669543414597
1421,0.0029930533639948463,0.0045668911851839,0.6553809238339279
1422,0.0034228391852130415,0.004582479769172882,0.7469403811096037
1423,0.004791636121119277,0.004427263086882779,1.082302096596896
1424,-0.005320618577454956,0.004427568205898317,-1.2017022279559546
1425,-0.007138123273602485,0.004186661281315823,-1.704967943181458
1426,0.00628678671530349,0.0044076717725583655,1.4263282385145528
1427,0.002919522434058255,0.004537186825941699,0.6434653334893928
1428,0.0025458590392775644,0.004645516438412343,0.5480249769921469
1429,0.004134119804097763,0.004440605214595914,0.930981162322028
1430,0.0022930444662715888,0.004654648259481601,0.4926353912136361
1431,0.0004104159940354172,0.004743400677896059,0.08652357705051764
1432,0.0059786928813544355,0.004534050003730118,1.3186208525348913
1433,3.242020408737283e-05,0.004751708969116837,0.006822851377911413
1434,-0.004425350005402038,0.004652778018070364,-0.95111995204047
1435,0.007741289287101755,0.004417976349067742,1.7522251536578008
1436,-0.00518908101214909,0.004564366061704985,-1.1368678458297772
1437,-0.0037792692052114546,0.00464786169864337,-0.8131199786591234
1438,0.003604540899160315,0.00463834708818979,0.7771175443808931
1439,-0.0021577709650970186,0.004681984107216363,-0.46086678546628057
1440,0.0006696577672743063,0.004710133571556349,0.14217383798163374
1441,-0.0032173702538863466,0.004639557347170757,-0.6934649176927035
1442,0.003455579912254001,0.004446398924233263,0.7771637163325109
1443,-0.004618087411644417,0.00449344381016373,-1.027738991906109
1444,0.0063239532214894745,0.004253341556602927,1.486819983142927
1445,0.005269984959090906,0.004561794550096031,1.1552438193385903
1446,-0.0030272335902973256,0.004680647746237387,-0.6467552685909371
1447,-0.0034970253736204947,0.00452372319905909,-0.7730414129555622
1448,-0.002800014598366241,0.004565614594680789,-0.6132831714767216
1449,0.006335821827530689,0.004405194512381405,1.4382615364027604
1450,-0.004199683864364509,0.004641210614721521,-0.9048681934501039
1451,-0.0037966327157822857,0.0044775659298664176,-0.8479233528328087
1452,0.0025213144781352564,0.004604108512235522,0.5476227311834215
1453,0.0009997406474585252,0.004727463890613086,0.21147504678853776
1454,0.003303056317253496,0.004603938979235973,0.717441376210777
1455,0.0011679504400836367,0.004743068959173514,0.24624361360479854
1456,-0.00095278342276604,0.004735061028724069,-0.20121882632266333
1457,0.0020634132729745063,0.00469367067978487,0.4396161157751018
1458,0.0020609761380785932,0.004686075236558704,0.43980858907252735
1459,0.0002496035372166699,0.0047583001867314186,0.05245645029136509
1460,-0.0018017725218292164,0.0046689598276844395,-0.3859044815818862
1461,-0.005695544229677503,0.004405960033007855,-1.292690852165828
1462,-0.00019260679729617687,0.004746674775561804,-0.040577205391827256
1463,-0.0017295383707988303,0.004713491167215813,-0.36693361872160724
1464,0.006361312742357434,0.004526217927092665,1.4054366901514859
1465,0.006439315986495197,0.004378769423128272,1.4705766310697477
1466,0.004647568355541248,0.004432768505686686,1.0484572676373694
1467,0.004067889296787987,0.004599901856786553,0.8843426280468025
1468,-0.001019200413206012,0.0047707122361513475,-0.21363695036618396
1469,0.0062531331667635215,0.004469114779334965,1.399188312566461
1470,0.0030350906533780637,0.004621220576680956,0.6567725134552916
1471,0.0007193212498800842,0.004727843945482656,0.1521457260803582
1472,-0.002644798649214225,0.004699328264105153,-0.562803554162405
1473,0.0013641829853322947,0.004795959765437569,0.2844442097207274
1474,-0.009986935181327686,0.0038034006984326045,-2.6257909626622666
1475,0.00585930412200138,0.004514675175609855,1.2978351474001426
1476,0.009420887370012215,0.0038918985739881274,2.4206405153971913
1477,-0.00552509371583394,0.004415761343345527,-1.2512210887846456
1478,-0.0024395710758824143,0.004678788345229353,-0.5214108644965489
1479,0.0011397264970239385,0.004756002838916513,0.23963957458099097
1480,-0.004136599144853184,0.004626390384403034,-0.8941310181689195
1481,0.006432973727292004,0.004325716302556036,1.4871464694739238
1482,-0.00016372919882867945,0.00475760669317717,-0.03441419381376809
1483,-0.006156908265307224,0.004529598440256849,-1.3592613885124216
1484,-0.0062575259827068646,0.004336770442448837,-1.4428999795464013
1485,0.0019511687091112535,0.004689830903720303,0.4160424435694365
1486,-0.0018855244076329812,0.004649189667908746,-0.405559794784864
1487,0.0042255929630766525,0.004382044559784097,0.9642971232781912
1488,0.0024464099233785937,0.0046403166454642986,0.5272075399789473
1489,-0.002679859717716289,0.004667610499467937,-0.5741395341410273
1490,-0.0021070236766157773,0.004671797630887317,-0.45100919241135645
1491,0.0040959804426573595,0.004585815889978685,0.8931846678817272
1492,0.0032290573629372996,0.0046391794411753,0.696040626124012
1493,0.0019159704740331711,0.004674543335867481,0.4098732937893737
1494,0.00044685873262462764,0.004736556999904466,0.09434252192756058
1495,-0.003038287788140696,0.004651572874846393,-0.6531742853197863
1496,-0.0015259605431943602,0.004774909540960376,-0.3195789428269345
1497,0.004405224937416805,0.004438391838157874,0.992527270698381
1498,-0.0039030128078034244,0.004547579945555203,-0.8582615049171862
1499,0.002455686583453608,0.00464580387763727,0.5285816293869262
1500,-0.005776908482338357,0.004339216360193238,-1.331325290744685
1501,-0.0013108331196775437,0.004686212598009035,-0.2797212231119132
1502,0.007322898530640343,0.004114253326722619,1.7798851818572157
1503,0.004911615312536323,0.004395307427927799,1.1174679799023617
1504,0.0031310187055427507,0.004659836922281009,0.6719159399273793
1505,-0.00029129617014667883,0.004761711952901113,-0.0611746726866173
1506,0.004696682948059913,0.00448293670008536,1.0476799612116947
1507,0.001854476436672441,0.004632714929956272,0.4003001403520301
1508,0.005267908648684323,0.004403599309492059,1.1962733842130517
1509,0.0039219864341201865,0.004481593034631068,0.8751322138831936
1510,0.00280900406018495,0.004653724055222842,0.6036034854779205
1511,-0.00715679145369457,0.00428582866310444,-1.6698734401833386
1512,-0.005424233426545662,0.004335889395077085,-1.251008255123913
1513,-0.0006364461656254987,0.004729038454877412,-0.13458257353967676
1514,-0.009418053859340483,0.003943177015791152,-2.3884430806997035
1515,-0.005833423105019799,0.004378356288577204,-1.3323317520410007
1516,0.0006495421898572516,0.004719652147999099,0.13762501334608435
1517,-0.0032067731895901183,0.004445193677301563,-0.7214023555294844
1518,0.003135667752536868,0.004682677334985082,0.6696313942260678
1519,0.00520878502983854,0.004505373643607363,1.1561272031742011
1520,0.0023970302441704457,0.004655936563984184,0.5148330977514985
1521,-0.0022858470072735096,0.004681000561471534,-0.4883244462920816
1522,0.0034485944750252168,0.0045183915026091,0.7632349859532668
1523,-0.0001007449068680798,0.004749925167072518,-0.02120978822286817
1524,-0.0032639880317275973,0.004595657458811309,-0.7102330974362578
1525,-0.002433461614975787,0.004597583996099507,-0.5292913880508293
1526,0.004745514436756277,0.004525698824076234,1.0485705348996375
1527,-0.0048501999670465396,0.00467226100597015,-1.0380841226226492
1528,0.004368746068261026,0.004600627594659598,0.94959784907004
1529,-0.003954896358750819,0.004582374802601772,-0.8630669749024711
1530,0.006811798819310045,0.004373713042147738,1.5574407268303707
1531,0.0005512942351569455,0.004778538647108287,0.11536879281923543
1532,0.0020553279145073926,0.004684779194203021,0.43872460777888317
1533,0.00262124309480039,0.004534226075562663,0.5781015439277835
1534,0.002981533697938036,0.004579780445761967,0.6510210987727775
1535,0.00026042763709755606,0.004757777620317858,0.054737244545733386
1536,-0.0020994093121945684,0.004683781517869877,-0.44822955643527806
1537,0.003322624355855597,0.004518600084738349,0.7353216247390024
1538,0.0007667158403426708,0.004735615613217799,0.16190415417219553
1539,-0.0007971292191873145,0.0047611541110917106,-0.16742352811691208
1540,-0.003254470468993568,0.004583097692184004,-0.7101027923850999
1541,-0.00557887290334002,0.0043900036775417406,-1.270812808627078
1542,-0.007266399964252751,0.004199393156867762,-1.7303452410425426
1543,0.004708330571161901,0.004492722675999985,1.0479904749771642
1544,0.0012221762402550931,0.004718443375263019,0.2590210675542897
1545,-0.007946838947515827,0.004025596596067464,-1.9740773219251422
1546,0.006299719728133705,0.0044990769572600805,1.4002249323537264
1547,-0.005143894767902528,0.004327601543232564,-1.188624857560297
1548,0.00410279796208833,0.00447636721800682,0.9165463337288874
1549,-0.0014794249625675493,0.00463715843842157,-0.31903696675741083
1550,-0.0031212639566273338,0.004623017145637577,-0.675157339525045
1551,-0.003939371037998074,0.004632096839025942,-0.8504509242571151
1552,-0.00274289591702884,0.0046291653682808765,-0.592524936746311
1553,0.005790483106963131,0.004508204573295452,1.284432197523447
1554,0.0030064468586268552,0.00453896886003037,0.6623634026444366
1555,-0.0024562527683679013,0.004648009166572513,-0.5284526515207296
1556,0.0015003529977469163,0.004690915890601405,0.319842229691857
1557,-0.0047047636335971,0.004724102896034965,-0.9959062571532689
1558,-0.00272468751109612,0.004639387480895345,-0.5872946638572832
1559,0.004331356617789414,0.004577066333838443,0.9463172044869687
1560,0.0016617548118470077,0.004792399264713745,0.3467479899019361
1561,-0.004738051850421245,0.004404459430773485,-1.075739696298934
1562,-0.0042699588027208,0.00452557752235266,-0.9435168841171516
1563,0.00322507528468478,0.00456189475121894,0.706959599149682
1564,0.003220435031045222,0.004677207759264517,0.688537947596245
1565,-0.0005863339813187568,0.004725869271642426,-0.12406902256840943
1566,0.005077960594833642,0.004567916593561346,1.1116579059239442
1567,-0.0024648143375460524,0.004726552399344615,-0.5214824949127453
1568,-0.006003191558282326,0.004298749030554001,-1.396497333436715
1569,0.00442408961489266,0.004493542943988193,0.9845437486719799
1570,0.006139138435691605,0.00438095449499573,1.4013244014983974
1571,-0.005827520553594385,0.004455578261741095,-1.3079156534256857
1572,-0.005796174022145274,0.004710004888839206,-1.2306089184492879
1573,-0.004373139664143909,0.0045909351859678505,-0.9525596609401867
1574,0.005767040686833737,0.004224163338774866,1.3652503997410175
1575,-0.009384720571436059,0.004056083896316954,-2.3137392646038872
1576,-0.002625302889510556,0.004585660647844804,-0.5725026536240555
1577,0.0022376424661906215,0.004687429583318476,0.47737089729388055
1578,-0.0023167980040492493,0.004667840247468843,-0.49633189681363743
1579,-0.0062687533506469795,0.004326149117433525,-1.449037742454402
1580,0.0017533556054126556,0.004691747088067097,0.3737105970336952
1581,0.008505943413087965,0.0041711785183207025,2.0392182630707496
1582,0.00661561470454308,0.004287550501266786,1.5429823398204758
1583,3.869120935057744e-05,0.004752614070496707,0.008141037495715223
1584,0.006226906293266617,0.0044618967100333255,1.395573832819655
1585,0.0036695036156381192,0.004489640814939502,0.8173267677511449
1586,-0.0052812221710613816,0.004250651638942191,-1.2424500099414537
1587,-0.0043662088966252436,0.004476698746932267,-0.9753188998069753
1588,0.005634618640006411,0.004394770347636431,1.2821190174446289
1589,0.0011715586862627654,0.004737799231901738,0.24727909075887652
1590,-0.00037428550145433023,0.004742773494491603,-0.0789170096124212
1591,0.0021052281806346845,0.004708539950226228,0.4471084885949701
1592,0.002605834767357712,0.0045958407462274595,0.5669984908630128
1593,-0.0045346031659132145,0.004540996172101464,-0.9985921577676002
1594,-0.0033809004735653025,0.0045527582937241835,-0.7426048683993952
1595,-0.004855755852542395,0.00444787703251129,-1.0917019101584324
1596,-0.0027283527322961463,0.004637033973655017,-0.5883831664372292
1597,0.0034878983962372168,0.004584453998598518,0.760809988998358
1598,0.005566561199051693,0.004492472900114994,1.239086205485893
1599,-0.0061496892180521075,0.004532631163358282,-1.3567592412473568
1600,0.006686675261763389,0.004303067923792797,1.5539320736237971
1601,0.0025540963519583263,0.004592299911872235,0.5561693271285164
1602,0.007587397853265719,0.004204173380874815,1.80473000656479
1603,-0.00327819433590406,0.004676032264921988,-0.7010632412646005
1604,-0.0050427919009970075,0.004535351097995393,-1.111885671481068
1605,-0.0007310289001282037,0.004730136580531228,-0.154547101903367
1606,0.002753754327676816,0.004671293142216509,0.5895057843383751
1607,-0.0008303703885398957,0.004716357786897116,-0.17606178879109063
1608,0.005452467545999505,0.004375712115041688,1.2460754735798147
1609,0.0023711612052316655,0.0046566408711333,0.509199929917419
1610,0.0017875731183632987,0.0047391895330019295,0.37718962407291656
1611,-0.0039040035924961386,0.004535006456359698,-0.8608595445374355
1612,0.0018991632554158525,0.004659241463405598,0.40761211247199225
1613,-0.005032609350134394,0.004357218057879026,-1.1550051623039794
1614,-0.0018370212913939748,0.004732021371671649,-0.38821069202927605
1615,0.007392111355173814,0.004076217218103019,1.813473365046512
1616,-0.003735007138203016,0.004571181272618842,-0.817077012582181
1617,0.002546042586301451,0.004640140672386772,0.5486994395348429
1618,0.004089334492523595,0.004473494751086279,0.9141252466051514
1619,-0.0009491262919086517,0.004696034049701041,-0.20211231048656364
1620,-0.002065159171634653,0.00467311277820735,-0.4419236747859673
1621,-0.0012782637964721777,0.004685207849735001,-0.2728296881310137
1622,-0.0047538711410807545,0.004432933670929328,-1.0723984372371953
1623,-0.0051308364288526545,0.004520315160081393,-1.1350616598954726
1624,-0.001988797351342559,0.004651617367670307,-0.42754964438070675
1625,-0.0024645722566445294,0.004630052298788369,-0.5322990103782368
1626,0.0009052281526995466,0.00473130305484079,0.191327450853813
1627,-0.004416460592033533,0.004628838718937183,-0.9541184863419883
1628,0.0038728052290789715,0.004579195564989822,0.845739207708981
1629,-0.006084236476066841,0.004453558373516253,-1.3661517298723775
1630,-0.0012334254645765851,0.004716470143500891,-0.26151452824867266
1631,-0.0038326146001429256,0.004544008909174004,-0.8434434607742894
1632,-0.0038425945047012343,0.004474314213397202,-0.8588119478054441
1633,-0.007165138871665948,0.004108619628776215,-1.7439285013103396
1634,0.0009079849076444083,0.004771344030999623,0.19029960986782596
1635,-0.0062540370756776695,0.004373470553767364,-1.4299940970884921
1636,-0.0008451974773610599,0.004732526622265448,-0.17859328532555957
1637,0.004613427910500638,0.004512386086380587,1.0223921052378515
1638,-0.0021498498273811164,0.004655034241590746,-0.4618333004241139
1639,-0.005896866588243916,0.004475809063870783,-1.3174973516730337
1640,-0.0031611681145196145,0.0046113913119603354,-0.6855128746763803
1641,-0.00042019092115961395,0.004736149852959097,-0.08871993796756306
1642,0.0035430477812440175,0.004532313723788371,0.781730479654999
1643,0.003592054306625289,0.0045178914797823965,0.7950731713454745
1644,-0.005367613135954081,0.004341660697839589,-1.236304149383439
1645,-0.004363214673610737,0.004621709018135803,-0.9440695328263373
1646,0.0017902859027079132,0.004664480051852514,0.3838125327595506
1647,0.0017974068252400424,0.004612642441535167,0.3896696628932362
1648,0.002992604010355008,0.004597648471179097,0.65089882993763
1649,-0.002290310900631803,0.004635105417805155,-0.4941227208843776
1650,-0.006366273645054502,0.004379700807012336,-1.453586426465814
1651,0.003682597110179353,0.00455066993473084,0.8092428506127569
1652,0.0020010148337382917,0.004629104122293081,0.4322682706793524
1653,0.00275264067438636,0.004656993702419471,0.5910767439853456
1654,0.004887589559334522,0.004445223043581235,1.099515032522845
1655,0.004153966845681563,0.004658959886526163,0.891608201584853
1656,0.002916205362390292,0.0045952346750456445,0.6346151107856804
1657,0.0010985780625200664,0.004712585130115593,0.2331158020891009
1658,-0.0013211002023986018,0.004708306661887053,-0.2805892430696337
1659,-0.0019410428397034873,0.00462750673683573,-0.4194575934925087
1660,0.001878052651489674,0.004717535131964961,0.39810040602865043
1661,-0.005679145229311666,0.004337585462584618,-1.3092872240326208
1662,0.004114900918502969,0.004468653184000427,0.9208369387975703
1663,0.005426282029766978,0.004490990817234217,1.2082594355222398
1664,0.0011279075294932373,0.004711112855610203,0.23941424543673895
1665,0.003460343302283767,0.0046265419623643155,0.7479329768178342
1666,-0.002368834460375864,0.00462887027988258,-0.51175218080122
1667,-0.0026432940613459518,0.004674923338052408,-0.565419766315817
1668,-0.0030908440122355417,0.0046555480615548825,-0.6639055104509536
1669,0.002860861503363334,0.004598038133856152,0.6221917739868912
1670,-0.0064487423800564094,0.004298767021861125,-1.5001376783765465
1671,0.00554336145235154,0.004480477900371649,1.2372254870159558
1672,-0.0015866594140185085,0.004708163487460966,-0.3370017668766569
1673,-0.004927901254259053,0.0044973272783444046,-1.0957399693786918
1674,-0.0012279879954230628,0.004695775291776351,-0.2615091053384991
1675,-0.004595161711245188,0.004484025370150358,-1.0247849492187648
1676,-0.007415431349979459,0.0043148918737162855,-1.7185671314615754
1677,0.003653832142840292,0.00459379487425532,0.7953842613472372
1678,0.008133199424509099,0.003972462013041339,2.047395141302377
1679,0.005674099033941895,0.004583167624608786,1.238030004286878
1680,0.006105987022056037,0.004504977004396032,1.3553869456154188
1681,0.0037160021393992985,0.004706534046377759,0.7895411151352887
1682,0.004892982115493954,0.004506246395955404,1.0858221423235237
1683,0.0033255553870883406,0.004594350623310588,0.7238357843685902
1684,0.00599824693274398,0.004388493261442914,1.3668123830664805
1685,-0.005683332266022657,0.0044876675008379075,-1.2664334567927555
1686,-0.0025122622247782285,0.004549761013211765,-0.552174546637291
1687,-0.001014111707769788,0.004705510437759491,-0.21551577053830803
1688,0.004337114205080355,0.00458472829318277,0.9459915457867801
1689,0.007197078850253882,0.004321264494154251,1.6655029702509516
1690,-0.004621660560928089,0.004566063228999681,-1.0121762071920735
1691,-0.005341712426570224,0.004506514748504011,-1.1853311760143392
1692,-0.0030574964183585594,0.004520571277128069,-0.6763517774463663
1693,0.004484688475061387,0.004500532575775909,0.9964795053812512
1694,0.0011230493161297596,0.0047155454325562545,0.23815894305167679
1695,0.0023999028999882846,0.004627302329313166,0.5186397449730725
1696,0.007086754733598967,0.004072994367314186,1.7399372782025513
1697,-0.002803350967027443,0.004706414618766727,-0.5956447092122189
1698,-0.0038048285110110756,0.004564378661294427,-0.8335917752126314
1699,-0.0015904614510715606,0.004667532794226124,-0.3407499253222191
1700,0.00017682968745205832,0.004757088785303283,0.03717182828253325
1701,0.0028491779819212492,0.004603378310406923,0.6189319647008094
1702,0.0048897250462458216,0.004506398772748088,1.0850626615238435
1703,0.004447350983636607,0.004608888235601481,0.9649509287907927
1704,-0.0028701976529464865,0.00454587508389973,-0.631385068875288
1705,0.0027974576543332006,0.004620838563279665,0.6054004302517096
1706,-0.0022543495903271033,0.004695569328649228,-0.4801014387270502
1707,-0.003272768548918025,0.0045717423712839395,-0.7158689801671594
1708,0.005792757650411754,0.00444519451848388,1.3031505429794974
1709,-0.0034867301161313736,0.004562526910462333,-0.7642103125213247
1710,-0.0006205244283895378,0.004741946227945912,-0.13085859656791868
1711,0.0014084180658376425,0.004707553547383911,0.2991825906303988
1712,-0.004751280573528451,0.004407083392587349,-1.0781009003641813
1713,0.00012143837601781129,0.004757593754850626,0.02552516719066193
1714,-0.0009561170004968968,0.004771884752612245,-0.2003646462696936
1715,0.00500735000513071,0.004403979906450679,1.1370056429631414
1716,-0.006185400512876834,0.004497504743257469,-1.375296051026919
1717,0.0044204949941563055,0.004573885091800878,0.9664639372074434
1718,0.0021619701877144924,0.004631005498339082,0.4668468194412394
1719,0.002398204103328527,0.0046280304512648016,0.5181910811915937
1720,0.009135435285208125,0.0038420798082481615,2.3777317862050156
1721,0.005461585592002877,0.0046310090020298365,1.1793511067693858
1722,0.005715196108668122,0.004527504180462294,1.2623281792496446
1723,-0.0015250520043005563,0.004655789069395745,-0.32756037302576646
1724,-0.005762263247753032,0.004556684179206996,-1.2645737604654101
1725,0.004757483530059032,0.004414033045772666,1.0778087705109705
1726,0.004051082078170669,0.004565809673283987,0.8872647718705503
1727,-0.0022038669777841888,0.004654247238047432,-0.4735173842438082
1728,-0.005343897560969294,0.004464857391508457,-1.1968797863807812
1729,0.005195923924026516,0.004493801317062642,1.1562424676627256
1730,-0.0037001201258227453,0.00456945679744436,-0.8097505436296446
1731,-0.003748378092550348,0.00459350481026174,-0.8160170169358687
1732,-0.004341025701424065,0.00435421778068514,-0.9969702757359555
1733,-0.003152441468418745,0.004602796543761116,-0.6848969834853417
1734,-0.004546346991333896,0.004511761479755988,-1.0076656338623153
1735,-0.006357372454576612,0.004321066071954415,-1.471250924821239
1736,-0.0019530899543570884,0.004696616170744597,-0.4158504513362112
1737,0.003732070266332793,0.004651755952023517,0.8022927911145769
1738,0.002046357583647054,0.0046438611256975695,0.4406586519831951
1739,0.003061464978456593,0.004717600570265435,0.6489453553471017
1740,0.006783847218236784,0.004420534370616094,1.5346215297702375
1741,-0.00026843344997489014,0.004755126209254993,-0.05645138281554609
1742,0.001633363865084176,0.00468190743512066,0.3488671845222164
1743,-0.004907623567829086,0.004507122528773164,-1.0888595853561003
1744,0.00991767408715106,0.0037631604132888465,2.6354640775154796
1745,-0.007306141806478988,0.004359168713646839,-1.6760401549970614
1746,0.003613054639842491,0.004447634020029186,0.8123543042371957
1747,-0.007117998401307096,0.004217603212181053,-1.6876880169166406
1748,0.0011805066792463575,0.004706827350951115,0.2508073042041389
1749,-0.002901506246610837,0.004670711707495626,-0.6212128746791326
1750,0.007275564917257011,0.004291868408448728,1.6951975747753
1751,-0.004530383481995293,0.004498101622339395,-1.0071767741963795
1752,0.003946813650450961,0.004671723247381257,0.8448303637556772
1753,0.0021396378299046665,0.00464925014656757,0.46021138085768726
1754,-0.001383291034890339,0.0048161465079865845,-0.28721946738880066
1755,-0.0021572032925335433,0.004679173874053536,-0.4610222553377297
1756,-0.0005791397223195735,0.004724667675893036,-0.12257787468832018
1757,0.0032686757418886954,0.0046197132898508275,0.7075494812783593
1758,-0.0029018409189640127,0.004623437645032703,-0.6276370834332918
1759,-0.0024513952193770277,0.004598415588381887,-0.5330956222335782
1760,0.0028383884753032736,0.004710947448375609,0.6025090507604758
1761,-0.005389212934609602,0.004479194965520387,-1.2031655188252093
1762,0.0006533109370014762,0.0047678722550878174,0.13702358243854484
1763,0.001513658865156366,0.004684031821507722,0.3231529850429456
1764,0.0001062551918223221,0.004747166032620842,0.02238286824016141
1765,-0.0020329934244601006,0.004633119886372981,-0.438795773543348
1766,0.004837152480283522,0.004415309765253764,1.0955409104813993
1767,-0.004275386658658966,0.004546664973417651,-0.940334659284392
1768,-0.00298744584375166,0.004745060453982092,-0.6295906812408621
1769,-0.005146708461498672,0.004361802910122603,-1.1799497977211462
1770,-0.004182308563590884,0.004556310003350201,-0.917915716998115
1771,0.003278857732967499,0.0045631810061565635,0.7185464982747171
1772,0.002983768744025399,0.004679326233533857,0.6376492245064174
1773,0.00043680711359086067,0.00476397244824007,0.09168968089902117
1774,-0.002964328656320184,0.004511387899838206,-0.6570768734886431
1775,-0.005371756992604872,0.004362911751777009,-1.231232098704944
1776,0.0017100679624608645,0.004651082152421797,0.3676709863252877
1777,0.005145410094965704,0.00443759752335064,1.1595035529676934
1778,0.0018735413057455932,0.004714274133044966,0.3974188290436701
1779,0.006499303607242405,0.004328499439747192,1.5015142540071578
1780,-0.0023280754499001694,0.004670698942585669,-0.49844262679267476
1781,-0.008092298036012469,0.0042722232426502995,-1.894165537799088
1782,-0.004011904798817963,0.004594655040711244,-0.8731677924175409
1783,0.0018509285364646628,0.004679484125707561,0.39554115084957003
1784,0.004804228782441753,0.004590404590129445,1.0465806854524513
1785,-0.0017746706836080162,0.004703228584467316,-0.37733030656195804
1786,-0.0013255074626741807,0.00471878087463577,-0.28090040582282666
1787,0.002646276313519736,0.004690391877143497,0.5641908784669286
1788,0.0014819881864532945,0.004678742356529085,0.31674926155854927
1789,-0.009685482117144166,0.0038231981366260042,-2.5333455842525763
1790,-0.0057978389382519965,0.004298600372018282,-1.3487736557212902
1791,-0.0032675003428008537,0.00460562733742293,-0.709458256913417
1792,0.000488833407608801,0.004738213254923306,0.1031683002239023
1793,0.000228510007096179,0.004743074897567904,0.048177608836274456
1794,0.003908515620885539,0.004562480958837997,0.8566645332106736
1795,0.003216644643095662,0.0045865683872053364,0.701318365178811
1796,-0.0008977018434676304,0.004702626312902868,-0.1908937227277774
1797,0.004712065664611747,0.004492645897530415,1.0488397643807061
1798,0.0032033811512389575,0.004507014821010112,0.7107545190013411
1799,0.003642223871299497,0.004577171664507193,0.7957367864400694
1800,-0.004826902437021725,0.0044584147779813555,-1.0826499276963213
1801,0.004652834646173401,0.004432300623590027,1.0497561066615442
1802,0.0036070563594337406,0.00451709549696668,0.7985344480443132
1803,-0.003596029135526393,0.004635319798333387,-0.7757887895500398
1804,0.0017789717053048153,0.004739280097645213,0.37536749646612483
1805,0.0024083087406775185,0.004633278729096293,0.5197849906058322
1806,-0.003859755108402957,0.004485390915089933,-0.8605169942753068
1807,0.0021437526670826613,0.004663436801564419,0.4596937319625534
1808,-6.06863354241694e-05,0.004753958940174224,-0.01276543112548325
1809,0.005949614583466449,0.004557678345758463,1.3054046670501378
1810,-0.005161684681964131,0.004464810691334647,-1.1560814195284885
1811,-0.006575643493338987,0.004099076825280066,-1.604176689928155
1812,0.0024882606181056894,0.0046619419483139414,0.5337390824880616
1813,-0.0019248308331425961,0.004650671841018134,-0.41388231613461
1814,-0.0026956755468633084,0.004524472479918021,-0.5957988602711429
1815,0.007044678686500743,0.004299804820191296,1.6383717357169085
1816,-0.008726744211992704,0.004161435369271258,-2.0970514828687374
1817,-0.0031749260773414473,0.004546002198136408,-0.6983995913250942
1818,0.006102472754652276,0.004374113505556682,1.3951336075069751
1819,-0.0027018920638802396,0.0046252725785160985,-0.5841584507754726
1820,-0.004605844448225353,0.004555919238365745,-1.0109583175749
1821,-0.0022447264530419835,0.0046059606541337455,-0.487352502898042
1822,0.003314826318665956,0.004626065913706567,0.7165540613773919
1823,0.007183190652710263,0.00429568056978227,1.6721891993645956
1824,0.0032830864692002595,0.0046124241449624235,0.7117919701261572
1825,-0.00252882051704814,0.004648241312870844,-0.5440381311628358
1826,-0.001342686647631422,0.004739973959312602,-0.28326878146523415
1827,0.0035335513030340677,0.004588350061856083,0.7701137130772172
1828,0.0038647793409659894,0.004444418366092815,0.8695804540929393
1829,0.003019815431858209,0.004544792752688868,0.6644561361068828
1830,-0.0004443583453519448,0.004744803909805354,-0.09365157207733242
1831,0.0027901498910214094,0.004570947721190687,0.6104094951877076
1832,0.0042448834102683875,0.004528526729900433,0.9373652102439325
1833,-0.0002504089772642512,0.004740989621199868,-0.05281787079737938
1834,-0.000933660744978895,0.004704298318759787,-0.198469714655562
1835,0.0025714680999780783,0.004646572915990212,0.5534117609838655
1836,0.001774731610533674,0.004706877343394909,0.377050745336317
1837,0.005429036081641661,0.004542667543009063,1.1951207149192933
1838,-0.002069036467974013,0.004681093936712181,-0.44199849350325665
1839,0.002448296942043744,0.0046418461865899065,0.5274403424044443
1840,0.004569940549190106,0.004500048071928165,1.0155314956962214
1841,0.00047032080761270803,0.004726949045278729,0.09949775280155894
1842,-0.0005101869637720072,0.004753635320305344,-0.10732564224956911
1843,-0.0056935931098845895,0.004414337417854889,-1.2897956297711706
1844,0.004288067423064916,0.0045176416363251915,0.9491827303400233
1845,0.006201224324244095,0.0043683539684351395,1.4195791753719853
1846,0.0017488609064936062,0.00464442002284975,0.3765509790005018
1847,-0.003087868487917997,0.004724149327509922,-0.6536348184289082
1848,0.004040590969820182,0.004515450926000904,0.8948366477761102
1849,-0.0051295376717654835,0.00424350692043496,-1.2087968201639472
1850,0.005471239595060171,0.004278223409011405,1.2788578510266353
1851,0.00439858546493238,0.004585935722395622,0.9591467764041461
1852,0.00029438976994961447,0.004768305342843123,0.06173886712004967
1853,0.003386654557025737,0.004625842226077972,0.7321163134215058
1854,0.00605255144954575,0.004244224730606073,1.4260676174613047
1855,-0.0015231434288407286,0.00473018837141401,-0.32200481444788853
1856,-0.00019684432828894315,0.004758967831739674,-0.041362819680372864
1857,-0.002434766762498521,0.004631479253341418,-0.525699593869915
1858,-0.004184055421937976,0.004673218502481114,-0.8953262980784162
1859,-0.0031369059706138633,0.004521439805148624,-0.6937847468502901
1860,-0.0029974062225816595,0.004665485573524023,-0.6424639354993443
1861,-0.003795163964982013,0.004465107124290167,-0.8499603389885843
1862,0.006151513103716382,0.004518456336782998,1.3614191761994696
1863,0.00015073735799034195,0.004757702231150705,0.031682806251177344
1864,0.002238412533851685,0.00463558909105448,0.4828755288451381
1865,-0.005450793196798498,0.004546704988472753,-1.1988447041578192
1866,0.004789671824541586,0.00445835286291181,1.0743142079187933
1867,-0.0035725141780361515,0.00455268973888266,-0.7847040723036252
1868,-0.0063187340699503184,0.004332909970871627,-1.4583118764129812
1869,0.002971332310446782,0.004571090102560751,0.6500270709567121
1870,0.0008982600446912327,0.004707660603801535,0.1908081572333122
1871,-0.009114255342589963,0.0038442139654083565,-2.3709021986297762
1872,0.0045462720894078575,0.00452354779118425,1.005023556569446
1873,0.007212117777326314,0.004339932406312764,1.661804171612382
1874,0.005184555288059395,0.004469297843999751,1.1600379900882891
1875,0.003949053155652227,0.004554826227521961,0.8670041310885964
1876,-0.0031768296803687365,0.004546747922914741,-0.6987037184001608
1877,-0.005865860485668334,0.004214998667926647,-1.391663662981356
1878,0.0029398561826652495,0.00478673413778366,0.6141674256482632
1879,-0.0029243767460137068,0.004606030252531875,-0.6349017669621719
1880,-0.0018132700526630775,0.0046658711537952945,-0.3886241160320371
1881,0.004081676221197518,0.004525589759599198,0.9019103449533626
1882,-0.00788141877393911,0.004094106783114203,-1.9250642915434828
1883,-0.003667480750480653,0.00463104342241776,-0.7919340018984202
1884,-0.004459963006342895,0.004557954003491164,-0.9785011000389181
1885,0.005599284966955793,0.004356305745327722,1.2853287382230245
1886,-0.0024925450928059674,0.0046233032415879515,-0.5391264562498956
1887,0.0016884638117883567,0.004666426102105349,0.36183232624782663
1888,-0.0048926846747686,0.004561342593775766,-1.0726413493792313
1889,0.006894684294124263,0.0042267104375368495,1.6312175617457716
1890,-0.0023298720414277065,0.004702817376975384,-0.49542047982440757
1891,0.005814768219022658,0.004393704179604085,1.3234318882949068
1892,0.004842732554991283,0.004458964616571799,1.0860666032184254
1893,-0.002848236308905901,0.004642541398679289,-0.6135080044124469
1894,-0.0036752694347230255,0.004400293389128535,-0.8352328151125626
1895,0.002517412169552975,0.004683618008379611,0.537493058795357
1896,-0.006649330833520584,0.004339614353753389,-1.532240031368108
1897,-0.0033986320792405164,0.004633722486681775,-0.7334561120155232
1898,-0.007479017196261064,0.004191558512204666,-1.7843046147355985
1899,0.003627481644049226,0.00456643656878987,0.7943790720409651
1900,-0.0025330327422154624,0.004619357748170429,-0.5483517147418839
1901,-0.00044550558582705815,0.004742656839168452,-0.09393586779202232
1902,-0.004122298210626002,0.004450555158348292,-0.9262435952273167
1903,-0.003333867280650481,0.004569000044879053,-0.7296710982498431
1904,-0.0026377654913995884,0.004625629259076098,-0.5702500878607906
1905,-0.0004686217927771831,0.004741963474075101,-0.09882442058847483
1906,-0.003760451489616603,0.004654948476566477,-0.8078395515110703
1907,-0.0013779915655305118,0.004723099958773888,-0.29175574888494143
1908,-0.004607953273908189,0.00453527606732929,-1.0160248693794944
1909,0.005037935504637238,0.004439328174096931,1.134841874054981
1910,0.007463648565526288,0.00421270110067567,1.7717014303077905
1911,0.005007616442810567,0.0045752395267979655,1.094503667727142
1912,0.0022619722307590084,0.004743589555502875,0.47684821890523227
1913,-0.004786568192391315,0.0045090363057767825,-1.0615501556860323
1914,-0.004827058037977773,0.004499776393172499,-1.0727328685269466
1915,0.0012706610078501606,0.004693972746855392,0.2707005507651078
1916,0.004243409016082123,0.004580428612718987,0.9264218209402884
1917,0.00543599535838071,0.004345140182614141,1.2510517796713028
1918,0.0035914110765745736,0.004498477302899458,0.7983614976249315
1919,-0.003843624983300507,0.004675995797329992,-0.8219906838871046
1920,-0.0030844353633133065,0.004569376239911768,-0.6750232857543954
1921,0.0044697390847843015,0.004494966625094766,0.9943876023084081
1922,0.001732258552210935,0.004706609401908943,0.36804807968733333
1923,0.0046090895394306835,0.004449266841877979,1.0359211311060061
1924,0.0009804602895402688,0.004724903338349703,0.20750906829825652
1925,-0.005372880909300802,0.004471920972967942,-1.2014704512398633
1926,0.0002887123802899323,0.004759678328946888,0.06065796054621446
1927,-0.006918623641305834,0.004330198125541525,-1.5977614512593707
1928,0.003504394899668182,0.004498284831704326,0.7790513564123116
1929,-0.0022519053656066845,0.004687693556752614,-0.4803866418193695
1930,0.005619317063727148,0.004459177163950323,1.2601690529714396
1931,-0.006001617959643088,0.004508848808509582,-1.3310754506374647
1932,0.0009350462287413679,0.00472572434850827,0.1978630490871788
1933,0.0018952450498352011,0.004647180482182073,0.4078268655805021
1934,-0.004029516338426146,0.004575589581958383,-0.8806551082104452
1935,0.004690947990677289,0.0044577708747796495,1.0523080082955512
1936,0.003317891815243353,0.004648952911021005,0.7136858296365658
1937,-0.004887381562227208,0.0045912267538194785,-1.0645045048496802
1938,-0.005315175530467988,0.0043237871983241236,-1.229287031639328
1939,0.004362626912973544,0.004620371235681915,0.9442156680576056
1940,-0.005835301689795905,0.004374166212695221,-1.3340374841861298
1941,-0.0058638492734837625,0.00454656567100894,-1.2897315683515687
1942,-0.006236090332815647,0.004435172029526138,-1.4060537655135605
1943,0.002836937450904548,0.004567976253768235,0.6210490802276586
1944,-0.0045981536359760615,0.00452110765438359,-1.017041395047908
1945,0.0009149243957051773,0.004714329811492073,0.19407305646602738
1946,0.004573952407944234,0.004571569369944701,1.000521273507343
1947,-0.004956526459192736,0.0044487229089312155,-1.1141459157283227
1948,0.00540539275618125,0.0043062265470288925,1.2552504372791844
1949,0.006055214075693227,0.004454853795692375,1.3592396862829308
1950,0.004409875425305313,0.004542751078796654,0.970749959399814
1951,0.00569214475482364,0.004334785649240454,1.313131770615007
1952,-0.004854871508225305,0.004427628634946632,-1.096494739849342
1953,-0.007819038280449525,0.004112027206150154,-1.9015045106596034
1954,0.003845442565353019,0.004569391431992759,0.841565583204147
1955,-0.003476242705791123,0.004604718751423516,-0.7549305165959305
1956,-0.003902108295778384,0.004535987165411236,-0.860255585715401
1957,-0.0015933880925485975,0.0046926505755665,-0.3395496994481083
1958,-0.0006249675770988134,0.004759134192762769,-0.13131959549474434
1959,0.001317480653597307,0.004681724767691045,0.28140924957599933
1960,0.0009560118026625201,0.0047366845388462295,0.20183142762033868
1961,0.006217841077092653,0.004183079247558444,1.486426794501167
1962,0.0007501188426249155,0.0047759079824690855,0.15706308525590842
1963,-0.0004425436869987897,0.0047587168276973305,-0.09299643223631984
1964,0.0017292995977509157,0.004673350134178711,0.3700342469749104
1965,-0.007215344579461123,0.00406064442189484,-1.776896430664123
1966,-0.00772703647367381,0.004085903594726067,-1.8911450783243104
1967,-0.005318688156944666,0.004461236861002676,-1.1922003522021638
1968,-0.001999279677111167,0.004655807261935086,-0.42941633204124724
1969,-0.0005459145148933832,0.004726528714454343,-0.11550009486325669
1970,-6.419853982836019e-05,0.004748947636584112,-0.013518477090334439
1971,-0.004083705893549248,0.004681996781320703,-0.8722145879812653
1972,0.006322460525547655,0.0044928339074917795,1.4072321959209269
1973,-0.0015388388466189941,0.004683332809889422,-0.3285777263938088
1974,-0.005613565459042639,0.0042190747721356815,-1.3305204961326322
1975,0.005851213224931144,0.004531083652639148,1.2913496358697951
1976,-0.005281550077583421,0.004471234990445544,-1.1812284724174453
1977,0.0013560560540218172,0.0046955457297231,0.28879626183553
1978,0.0017753715111109916,0.004634785422787941,0.38305365818706244
1979,-0.0011757660457790877,0.004723280279900075,-0.24892997580147033
1980,-0.0026064595733758158,0.004664934229967759,-0.5587344740321945
1981,-0.0006534581408544442,0.004719977322223367,-0.13844518654310603
1982,0.003493976187786802,0.0045789539630740695,0.7630511719408355
1983,-0.003938044748683996,0.0044871244871540214,-0.8776321584030128
1984,0.001831598530790515,0.004777332587024008,0.3833935564305125
1985,-0.0036517218304212965,0.0044826178030823016,-0.8146404602931637
1986,-0.005026367825316995,0.004467027754332901,-1.1252152665587423
1987,0.002790293980259587,0.0046813348237769205,0.5960466587622473
1988,0.0032117654299335303,0.004637674841807779,0.6925378642288718
1989,0.0006710900912032108,0.004729396389850293,0.1418976198830426
1990,-0.00028265524369134633,0.004761306805324186,-0.059365055697581964
1991,0.0048809344514403556,0.004394255300080531,1.110753499313275
1992,0.003403867147920605,0.004564974457121263,0.7456486733700437
1993,0.006080931909341174,0.004431137341581391,1.372318535983586
1994,-0.004015189859642088,0.004710398305868646,-0.8524098385989135
1995,-0.006779572258102786,0.0043165239935061255,-1.5706091911691271
1996,0.00027730478602447725,0.004746733198350472,0.058420133265725344
1997,-0.0072826182509044424,0.004280573274530436,-1.7013184412088638
1998,-0.0061111818649349356,0.00451978400202745,-1.3520959988781829
1999,0.0023261136715959055,0.004631155517669018,0.5022750073326623
2000,0.004898332042727925,0.00451070332786421,1.0859353157786271
2001,0.0013448367379771994,0.004745943104456848,0.28336554155364446
2002,0.00764440549275637,0.004086657416788135,1.8705765404638224
2003,0.0033574557590744895,0.004635043023631857,0.724363450771964
2004,-0.005057197700594846,0.004539401888856183,-1.1140669683840518
2005,0.0002088242530487796,0.004744305450482562,0.04401576905794278
2006,-0.002990498512091655,0.004590938730579738,-0.6513915100134692
2007,0.0026311538054015603,0.00462769291888612,0.5685670703567072
2008,0.0028916413063452035,0.004539998945923525,0.6369255457518584
2009,0.0020620521873453393,0.004666691152464025,0.44186600740796195
2010,-0.0012651622974096267,0.0046903220453456285,-0.26973889749534186
2011,-0.003744343368197332,0.004689458033779355,-0.7984597241783331
2012,0.003853666187204205,0.004620451061700351,0.8340454504859609
2013,0.003084378691883345,0.004721883228866602,0.6532094383502345
2014,-0.004961431370723352,0.0044848924216090566,-1.106254265279194
2015,-0.006550495563080127,0.00417522073745774,-1.568898023597352
2016,-0.00452163046573658,0.004422914325634965,-1.022319252156765
2017,-0.007868524785902194,0.0041825265187046415,-1.881285091849013
2018,0.0058944866552582,0.004397343229673325,1.3404654463818364
2019,-0.0025715360245223045,0.004668952196619049,-0.5507736888770126
2020,-0.006222265114682928,0.004370076569060984,-1.4238343462297578
2021,0.003576190653207363,0.004555712231378444,0.7849904628689195
2022,0.004777516031833995,0.0043498997142869715,1.0983048680737502
2023,0.0032124693124166506,0.00461827071794803,0.6956000435253828
2024,0.0004034711340818239,0.004740259121776254,0.08511583939120959
2025,0.00362658583463566,0.004527298989073795,0.8010484492824705
2026,0.008592117181962285,0.004080964366166365,2.105413429530548
2027,0.0061971575894666404,0.004493082538087971,1.3792663582146965
2028,0.006962506195077013,0.004418249600136322,1.5758517116964579
2029,0.005675045920203416,0.004520446725757893,1.2554170559884088
2030,0.0038697997261591933,0.00438473948969578,0.8825609218639545
2031,0.0038189836081053445,0.004616360160936553,0.8272715895136226
2032,0.003795131308184363,0.0045972249175408875,0.8255265679309913
2033,-0.0036213075769522362,0.004627689504554133,-0.7825303692887107
2034,0.004549938272630701,0.0045691350519143255,0.9957985966565857
2035,9.655772313761408e-05,0.004755845368532147,0.020302956815312908
2036,0.006463799619801198,0.004409619875345768,1.4658405491911835
2037,-0.0015888672710921109,0.004792546194088259,-0.3315288380635795
2038,-0.003314900719659721,0.004616474297038903,-0.7180589571972628
2039,-0.00794466521680944,0.004152441040155338,-1.9132517812973546
2040,0.004460070027109743,0.004465562292007898,0.9987700843613839
2041,-0.00311628646877174,0.004666942476548472,-0.6677362072558585
2042,-0.004092185221735286,0.004609273336219373,-0.8878156974504329
2043,-0.001476002884242116,0.004693788860460576,-0.31445873006253716
2044,0.005607067504247363,0.00430072741291511,1.303748637360579
2045,-0.003927880526370104,0.004521785656175633,-0.8686569477271876
2046,0.005100942954461951,0.004536805387521906,1.1243468737917781
2047,-0.0024762715050012513,0.004604990352067222,-0.5377365240058821
2048,-0.005300035678608345,0.004306497230975927,-1.2307068585777923
2049,-0.005405172879789261,0.004288304316086964,-1.2604452672615896
2050,-0.003503605772009238,0.0045347708208869405,-0.7726092255581682
2051,-0.003829542224143588,0.0045903102154321584,-0.834266540694582
2052,0.005029905935516526,0.004402336328995051,1.1425537622802968
2053,-0.00045355795597887424,0.00473546984520434,-0.09577887111628366
2054,-0.004522220734136445,0.004443562125389265,-1.0177017011414664
2055,0.0033344338902302996,0.004576108987285403,0.7286613801146203
2056,0.002832420565832282,0.004592699030922483,0.6167224428950586
2057,-0.0025696526753370675,0.004609493067651784,-0.5574696908365516
2058,-0.002090953746088383,0.004659550896436723,-0.4487457681141306
2059,-0.007971266499271013,0.004177819014294984,-1.9079970846023309
2060,-0.001499350545719995,0.0047465419904611445,-0.3158827097143888
2061,0.006016610464547625,0.0042567252414068895,1.4134364149279872
2062,0.0012704715168766376,0.004711784628713968,0.26963700953865527
2063,-0.008455717638038818,0.004129392924632113,-2.0476902519011646
2064,0.0034856018976173898,0.004507392412058157,0.7733078416453651
2065,0.0020296338169237,0.004669868741573592,0.43462331154082506
2066,0.0014230618771523542,0.004703384746829626,0.30256123063536033
2067,-0.0006216636972340318,0.004736798310955509,-0.13124132724760865
2068,-0.0074337616214939384,0.004194816931738807,-1.7721301650254724
2069,0.0044950564979372104,0.004463398568187751,1.0070927857474117
2070,0.003821878515191066,0.004563677178623469,0.8374559298569515
2071,0.006781239218782881,0.0043337158382602565,1.5647632359543833
2072,0.008402321562370333,0.004181744600435369,2.009286162884159
2073,-0.005730960816197323,0.00425597687049028,-1.3465676601614442
2074,0.00578658064831302,0.0044376051093736706,1.3039872872171236
2075,-0.003108129386578158,0.004551079999373374,-0.6829432545694886
2076,0.0053022179327418826,0.004407176652506913,1.20308722586054
2077,0.005208968281297827,0.004524852785828296,1.1511906636194131
2078,0.000584739017853184,0.004747340802910105,0.12317190657446393
2079,0.0011813430444879835,0.004703526149425983,0.2511611516462291
2080,-0.0023920092281963156,0.00465612885135026,-0.5137334692751558
2081,-0.0015474880945556947,0.00469115776410527,-0.3298733857122459
2082,0.0009654463483885468,0.004734129188362692,0.20393324938444451
2083,-0.003726333698088536,0.004497590102854634,-0.8285178535330333
2084,0.0032968514040799205,0.004462970377566463,0.7387123653457016
2085,0.002003668687750331,0.004766512635402503,0.4203636580900689
2086,-0.004552951196921418,0.004619268457619236,-0.9856433412982457
2087,-0.000535018295349616,0.0047674189527401375,-0.11222388899597488
2088,0.00814129714803982,0.004021823795592678,2.024279919215127
2089,-0.004084755420462206,0.004483787564600645,-0.9110055642937268
2090,-0.006916194644850079,0.00413079406764508,-1.6743014857656473
2091,-0.0021472074695576145,0.0046671650674211555,-0.460066751130372
2092,0.004896448005523775,0.004556807562639673,1.0745347347271683
2093,0.002031125026737258,0.004624327084637818,0.4392260732344667
2094,0.0038163504993783516,0.0045731815522131285,0.8345066680179101
2095,0.004958915409728149,0.004419673392590717,1.1220094720214926
2096,0.005759798140357236,0.004404835849209107,1.30760789675997
2097,0.0017186927986084215,0.004811572846847721,0.3571997875360891
2098,-0.001550125685494824,0.00470296762565719,-0.3296058592957485
2099,0.007091054080407173,0.004303205681965839,1.647853856980352
2100,0.0019084305024781535,0.004650143765408943,0.41040247329005375
2101,0.0032569825062940786,0.0045771377693743925,0.7115762448940325
2102,0.003453080625899449,0.00451285730583697,0.7651650366682775
2103,0.004948408145115271,0.0043230841849595265,1.1446476481608463
2104,-0.0027843510494083346,0.004618954026911886,-0.6028098641349502
2105,-0.0034829242331902615,0.004686762570910475,-0.7431407459827116
2106,0.003545361677294036,0.00463767338180153,0.7644698937200318
2107,0.0024506726927010745,0.00466323076696618,0.5255310781661019
2108,0.006940777702033509,0.0040625273930772355,1.7084876064739813
2109,0.0008369969831653034,0.004707444638624586,0.17780283092396726
2110,-0.003023428881737159,0.004609986627887004,-0.6558433084052032
2111,-0.0064857285407495325,0.004237010007442975,-1.5307324102034994
2112,0.0032138197446110435,0.004596768848440983,0.699147564424743
2113,0.003275778624881686,0.004578939489341032,0.7154011605759639
2114,0.003542751705976908,0.004611661307535219,0.7682159355866469
2115,0.0036516340895239516,0.004712940835565436,0.7748100850253611
2116,-0.0004992478497000582,0.004730948508576723,-0.10552806668577627
2117,0.0018398599969254692,0.004711200392615515,0.3905289190859561
2118,0.001118717221877432,0.004704212154040004,0.23781181316762495
2119,-0.00253194168966497,0.00455612141476893,-0.5557230501929854
2120,0.006913607369854637,0.0042558164691559545,1.6245078752716504
2121,0.0025929460623381547,0.00462776001892659,0.5603026197844176
2122,0.005984104795213657,0.004320105470371034,1.3851756250524387
2123,0.004725622846005399,0.004614942412387818,1.023983058449545
2124,0.006442776083088514,0.004448577386805962,1.4482778476996145
2125,-0.0007345258803796759,0.004700454145185166,-0.1562670026537916
2126,0.0023162818523218267,0.0045817129353185986,0.5055493185674147
2127,-0.006530561383315538,0.004361422926731947,-1.4973465066385907
2128,0.006226584719412812,0.004160826286095229,1.4964779328137283
2129,0.0008705932082658665,0.004742529034060047,0.18357150836893402
2130,-0.004789748256541434,0.004507093920403977,-1.0627132119119722
2131,-0.0003371854035922363,0.004744505183278469,-0.0710686131781692
2132,-0.0024186394606707916,0.004650965322750789,-0.5200295622157639
2133,6.100446574926595e-05,0.004753467481682461,0.01283367688626194
2134,-0.00041195750681064793,0.004733109410849457,-0.08703739361408791
2135,-0.001116333436473926,0.004711524660574578,-0.23693677034427055
2136,0.0005683239520471694,0.004745749137954434,0.11975431813324519
2137,0.006049744330978022,0.004289232911494632,1.4104490140335886
2138,0.0017886116282086577,0.0046737737914913985,0.3826910988856208
2139,-0.004235970372080898,0.0044390898918049895,-0.9542429811797524
2140,-0.0021737853792517616,0.004663684964735858,-0.4661089665551371
2141,-0.0014082641858563498,0.004691984474786707,-0.3001425502202601
2142,0.00434729472350301,0.004339379249377996,1.0018241028658992
2143,-0.005105154560309649,0.004380691613725017,-1.1653763858462072
2144,-0.0035546242185475097,0.004567263379974064,-0.7782831693336011
2145,0.005856215120463549,0.004452892707357022,1.3151484900563566
2146,0.001861493049660828,0.004658345863113104,0.399603873211943
2147,0.001059263598188345,0.004758859384271853,0.2225877069806343
2148,-0.003925498818704037,0.0044626553883740025,-0.8796329711970697
2149,-0.0019560182297192075,0.004703946148171325,-0.41582496229885973
2150,-0.0011834300443656486,0.0047759221581564395,-0.24779089884129646
2151,-0.0015859299365626118,0.004706572709127678,-0.3369606791555442
2152,-0.0008262831665077082,0.004747976811835561,-0.17402847554941372
2153,-0.0007673368445421824,0.0047759120141248,-0.16066812836433694
2154,-0.000924580548994992,0.004725099933619202,-0.19567428456202138
2155,0.0010265771112105174,0.004725389775633801,0.21724707589287193
2156,0.0017380070997086987,0.004773162444343545,0.36412066841938956
2157,0.0035629224195679113,0.004607014082381385,0.7733691184478042
2158,0.0014388798571511661,0.004700130728404101,0.30613613541760537
2159,0.004365475231799118,0.0045166049794657945,0.9665390822633881
2160,0.0022556062107306008,0.004697344211051425,0.48018755053628903
2161,-0.0034450468717917284,0.0045996728988386675,-0.7489764919287063
2162,0.0021656287977799573,0.0046826999150624,0.4624743923508707
2163,0.004196495791449339,0.004556528542546785,0.9209852966494944
2164,0.0040955866174026915,0.004567680482515138,0.8966447265916258
2165,-0.003727653498686264,0.004594228202683779,-0.8113775228902879
2166,-0.00600489310108574,0.004371396960039731,-1.3736782900245148
2167,-0.0031017108521313188,0.004610153295974067,-0.6727999380931576
2168,0.00019428171515239645,0.004757710874220806,0.04083512434626767
2169,-0.0006242046273012745,0.0047334916425522304,-0.13186980656940853
2170,-0.005825303086540634,0.004542173806986144,-1.2824923338646703
2171,0.006143268778479158,0.004444326604658017,1.3822721246545
2172,0.00022728075177681718,0.00475467881549346,0.047801494190565855
2173,0.0034037038284679176,0.004576020785900988,0.7438130174047606
2174,0.008382957840492155,0.004120809016186641,2.034299043601314
2175,-0.0029657428166652085,0.0046220726395530785,-0.6416478164549085
2176,0.0045877497292944455,0.004430124236902983,1.0355803774256351
2177,-0.006262185751963718,0.004355993387208238,-1.4376022172928873
2178,-0.001708621116057219,0.004667011313527988,-0.3661060583042815
2179,0.0011333734401927028,0.004723442290168981,0.23994649888104305
2180,0.0008702302957742803,0.004719201512965353,0.18440202084684096
2181,-0.004662604958285356,0.004379264784052159,-1.064700397944657
2182,0.004086145178139082,0.004489903518055507,0.9100741612168795
2183,0.007711593063956452,0.004234608767394932,1.821087492977659
2184,0.002741871517864886,0.00455083134088192,0.6024990408309726
2185,0.0036302081182417105,0.004552871533979525,0.7973447287384051
2186,0.005276963296377903,0.004385897735415256,1.2031660596569476
2187,0.00022973170475209335,0.004754379860439305,0.04832001470132134
2188,-0.008014926530106426,0.004187474930496858,-1.9140237644731235
2189,0.004694951590835567,0.004561257460659224,1.0293108054806055
2190,0.005644147719806494,0.004268045177297702,1.3224198632733466
2191,-0.0010311092173361164,0.00473863642647576,-0.21759618686402948
2192,-0.0013803874306245962,0.004720886247935972,-0.2924000617952017
2193,0.0021327883876688845,0.004688918196250561,0.4548572396452435
2194,-0.0003258552691727237,0.004763310671618471,-0.06840940926114422
2195,-0.003955991819552868,0.004517967989897458,-0.8756130695035437
2196,0.0005394942278325022,0.00473959648200401,0.11382703778284341
2197,-0.001065955769757432,0.004722621787116732,-0.22571271166904566
2198,-0.007082990259401797,0.004239028409278224,-1.6708994551437348
2199,-0.005941870601958452,0.004372370435042556,-1.3589586450262923
2200,-0.004597568510428702,0.004638783998789813,-0.9911150231673078
2201,-0.0015740183415747287,0.004724738682795353,-0.33314399954146745
2202,0.002914602518179792,0.00464035733303498,0.62809872365444
2203,-0.0031056539133075284,0.004512264046519025,-0.688269543025386
2204,-0.001305211883559943,0.00471128949310501,-0.27703920242433105
2205,-0.0052346008702713045,0.004551847015172374,-1.1499949037881
2206,-0.004837298101668964,0.004502598992118501,-1.0743346476415803
2207,-0.0019041366831510035,0.004705139964578862,-0.4046928885188722
2208,-0.008405138002230673,0.0041252905668589905,-2.037465692660377
2209,-0.0017657441605734355,0.004662634666908021,-0.37870094629231826
2210,0.0012992272877710858,0.004731501437082768,0.2745909105275748
2211,-0.004061336704390564,0.004471938504813072,-0.9081825924080609
2212,-0.0012002343399373939,0.004700170953314004,-0.2553597202865846
2213,-0.002832839520459301,0.004673928929045492,-0.606093837425513
2214,0.002959680107271718,0.004543575280291133,0.6513989368922868
2215,-0.007239772723687165,0.00417884412604024,-1.7324821183381585
2216,0.002008873863713102,0.004659497128715775,0.4311353367582773
2217,0.009055201115757194,0.0039250282528466365,2.3070410026195067
2218,0.0063408243767544975,0.004149970787141617,1.5279202437764337
2219,0.005177222059395863,0.004551445177541047,1.1374897109477866
2220,-0.004402434401267308,0.004525722625164183,-0.9727583340588836
2221,0.007711871977402905,0.00412057473758237,1.871552506271886
2222,-0.0014249109138598363,0.004691496256299694,-0.3037220613671982
2223,-0.0005231355985398934,0.00477819501661749,-0.10948393623963551
2224,0.002885231855334313,0.004560056079691747,0.632718502779762
2225,0.004175601415327007,0.004612139182490516,0.9053502615834368
2226,-0.006838192280709494,0.004230872231405504,-1.6162606447791104
2227,-0.002618890543009921,0.0045950770057686515,-0.569933983635567
2228,-0.00017467911112464815,0.004754111546534237,-0.03674274560343242
2229,-0.00512147155626593,0.004442935078445574,-1.152722573217917
2230,0.0015266350941073121,0.004659674208492706,0.3276270026185248
2231,0.002478613296693121,0.00458363338705483,0.5407529545650968
2232,-0.006038829645388561,0.004199228659742056,-1.438080689266277
2233,-0.00273855542023914,0.0046618721984533025,-0.5874368287375461
2234,-0.0011009304817894427,0.0047242358627729575,-0.23303884771393185
2235,-0.004518483801935369,0.004539188381318246,-0.995438704534033
2236,-0.0025573155143303362,0.004587723212711105,-0.557425850636507
2237,0.005269308983773927,0.004452026549806888,1.183575372883275
2238,-0.003577468651062082,0.0045949654555262525,-0.77856268685536
2239,0.0029702703056898776,0.004603903419302898,0.6451634700320499
2240,-0.006433708140113067,0.004421227671711158,-1.455185893564946
2241,-0.0006952293382768023,0.004792019723744971,-0.1450806504054786
2242,0.0010601140628846279,0.004712553555107305,0.22495533482812355
2243,0.0011323369530795494,0.004717661601163973,0.24002080878377788
2244,0.0026861389313433044,0.0046616434404730366,0.5762214475740192
2245,0.005002769368745228,0.004429317989963814,1.1294671956451918
2246,0.00380314814192575,0.004594839260972802,0.827699931579448
2247,0.0017731072278714122,0.004658331234098279,0.3806314190138597
2248,0.0045416527003784065,0.004421915170790964,1.027078205927235
2249,3.329305789734933e-05,0.004753021000741536,0.007004609887512629
2250,-0.0007618598201971004,0.004763035686426844,-0.15995257444074198
2251,0.003502933187795435,0.004518387121120284,0.7752618564756624
2252,-0.002045561715178376,0.004686974234176984,-0.436435451311494
2253,0.006020852968289574,0.004387204421542441,1.3723666348268264
2254,0.004725029272496115,0.004596272371305167,1.0280133314106417
2255,-0.002221266152944744,0.004713090644310962,-0.4712971424867399
2256,0.009398949253726387,0.003986887227707986,2.3574655406367566
2257,-0.0014086340888247338,0.004711598456559426,-0.2989715914486838
2258,-6.056150315503622e-05,0.004753039132913511,-0.01274163781561658
2259,-0.005059116511089753,0.00447945859392674,-1.129403566303507
2260,-0.001650925488719984,0.004669823979229605,-0.35353056047999953
2261,0.004319092837871766,0.004619588614898314,0.9349518318454938
2262,-0.0016829863848798511,0.00480614134809503,-0.3501741340892777
2263,0.0006487942105747605,0.004732171753006674,0.13710284504414638
2264,0.0017394898473727942,0.004667680041547223,0.37266689916393575
2265,-0.001458181785913588,0.004710195794085927,-0.3095798666680621
2266,0.006226205339746634,0.004395248203745114,1.416576505154224
2267,-0.005421689799639671,0.004478913678870517,-1.2104921390239656
2268,0.0019920897044671967,0.00466817349377196,0.4267385749747608
2269,-0.004783349581537436,0.004583759638744662,-1.043542846598177
2270,-0.006551810671155923,0.004463474127310906,-1.4678724429177257
2271,-0.0032981084195208704,0.004547146025365458,-0.7253139444220507
2272,-0.005677883305908845,0.004232292568756273,-1.3415620998945688
2273,-0.003473426535001106,0.00460113634062138,-0.7549062400815583
2274,-0.004051172322148728,0.004591316241019225,-0.8823553224139075
2275,0.0044717687749849175,0.004539904886545071,0.9849917314871313
2276,0.002205640767685289,0.00469505350847663,0.4697796870053005
2277,0.005560576783232129,0.004405938267230083,1.2620641611322305
2278,-0.006363481410863715,0.004367915289778631,-1.456869235938461
2279,0.006436990790405177,0.004366651167578565,1.4741252606112514
2280,-0.0036820380767778136,0.004632253446895273,-0.7948697365092723
2281,-0.0005768928578581663,0.00472642745375999,-0.12205685234822208
2282,0.0032453965002792913,0.004673691552602721,0.6943968089789687
2283,0.003210073836794296,0.00468882418133114,0.6846223515002792
2284,-0.003933854679516731,0.004617879317446467,-0.8518747262741421
2285,0.0033391553134422434,0.004580724152703817,0.7289579555824759
2286,-0.0054565121619005825,0.004373897173943881,-1.2475172471831393
2287,-0.004136251635218388,0.00467403851466381,-0.8849417098814593
2288,-0.0017614827047737292,0.004692677399349322,-0.3753683781923669
2289,-0.006079941601183515,0.004432117232356026,-1.3717916928726042
2290,-0.005684712840316401,0.004341527822235569,-1.3093807233484893
2291,-0.007662291884601687,0.004463551967886594,-1.7166355269813593
2292,0.0029862301950034026,0.004649277383558393,0.6422998562236455
2293,0.0010995273185256322,0.004711833740519999,0.23335443886105542
2294,0.006233749205144044,0.004375099337482522,1.4248246095209827
2295,-0.004399150983410994,0.004714380326233928,-0.9331345116411612
2296,0.003647813902299514,0.004557617922005116,0.8003772946141708
2297,-0.004421309980642799,0.004511956581677438,-0.9799096911963325
2298,0.005030899206518722,0.0046190065516539544,1.0891734294503823
2299,-0.007994928471332095,0.004034822219237211,-1.9814822157997205
2300,0.0026293507911442503,0.004669648253438375,0.5630725588823946
2301,0.004129378105987975,0.004525891561797513,0.9123899787709324
2302,0.000610595508008496,0.004771001198396041,0.12798058156300013
2303,0.006932952708633897,0.0043293842369422405,1.6013715413558456
2304,-0.0039049393839546706,0.00447676821737769,-0.8722674917134812
2305,-0.003328920768150667,0.004674122136789134,-0.712202349602583
2306,0.0058425297466496015,0.004217126145256724,1.3854292106535808
2307,0.004234450784710856,0.004384506411170148,0.9657759363569399
2308,0.0029500098240271993,0.00462585109102486,0.6377226084408227
2309,-0.0028736457879774634,0.0048331851573735025,-0.594565632064278
2310,-0.004542565195647666,0.004549084969696597,-0.9985667944009923
2311,-0.008510471557673835,0.004175110415907649,-2.038382392295055
2312,0.003659840369261351,0.004436962271257007,0.8248527135265689
2313,-0.006275189724825194,0.004384669584208965,-1.4311659303644648
2314,0.00489025727176957,0.004389689218322888,1.1140326862679193
2315,-0.006937454366962263,0.004225780948519619,-1.641697582406064
2316,0.0028187440483072967,0.004663405140107164,0.6044390233361802
2317,0.0018464890853629203,0.004689490347220971,0.39375048217279396
2318,0.005964699731922593,0.004295558097706017,1.388573870088722
2319,0.000380370337472939,0.004768921247454798,0.07976024717873985
2320,-0.0003056553844907936,0.0047378829087247835,-0.06451307269074358
2321,0.006643947203251364,0.004264417184809925,1.557996536295147
2322,-0.003877042964472085,0.00442559166937862,-0.8760507643075091
2323,-0.004015164825712721,0.004517184905040845,-0.888864394555134
2324,-0.004097326590809299,0.004506764426454404,-0.9091503799839787
2325,0.004088258409906231,0.004604588983434664,0.8878660885073633
2326,-0.0030657295327315465,0.004553479916173027,-0.6732717809609094
2327,-3.404503072194174e-05,0.004751808454013645,-0.007164647113076578
2328,-0.0026524545712890454,0.00462985245491709,-0.5729026134454958
2329,0.002317003847071703,0.004665198561612362,0.49665706967698964
2330,-0.00201196833597471,0.004667365174910645,-0.43107154905941736
2331,-0.00029600688499987766,0.004741651627619409,-0.06242695757648706
2332,0.0009130052928376113,0.004758495652316825,0.19186847263232984
2333,0.001748754198827118,0.004672964893599025,0.3742279770221561
2334,-0.0028750983697481765,0.004613508271126177,-0.6231913330993883
2335,0.00556950094210165,0.00444360023524772,1.2533757870303028
2336,-0.0030865076387773596,0.00469091734871585,-0.6579752763331672
2337,0.0038732694522180837,0.004451066440782627,0.8701890892325235
2338,-0.001507090966437896,0.004684781665359938,-0.32169929659296176
2339,-0.00501647681278457,0.004404778623492917,-1.1388714942515288
2340,-0.005015402196585971,0.004509125407724811,-1.1122782675314002
2341,-0.0017370250040188756,0.0046488504170354526,-0.3736461379040385
2342,0.002978885557062145,0.004600761857249909,0.6474765809423495
2343,-0.006162791453457648,0.004287066560278088,-1.4375310872378637
2344,0.007511292143913832,0.004349014291486347,1.7271251921654929
2345,0.005498392898603953,0.004354548616767886,1.2626780368076527
2346,0.001840043295638624,0.004667630946187225,0.3942135350571518
2347,-0.0035003988445023583,0.004518551897535735,-0.7746727101687948
2348,0.0004583763212617553,0.0047445852528304674,0.09661040888417015
2349,0.004708196528785691,0.004507971031950002,1.0444158792096492
2350,0.0038801149987067875,0.004512226971029215,0.8599113084556901
2351,0.003755272411289284,0.00452499967456778,0.8298945152184969
2352,0.007459110642487327,0.0040105832057714666,1.8598568486880476
2353,0.007990920050321359,0.004142499592469965,1.9290092544237945
2354,-0.0008724405524825703,0.004735331809308436,-0.1842406377452955
2355,-0.00027469504952501846,0.004744067301543516,-0.05790285678191042
2356,0.0029514993910149307,0.004535674767537663,0.6507299447789214
2357,-2.0649529258128888e-05,0.004751221097788205,-0.0043461520382079635
2358,-0.0068270436172358125,0.00454845509067305,-1.500958782958016
2359,-0.004140457927409661,0.004575177410190544,-0.9049830326114551
2360,-0.0033570090015729065,0.004625615473158419,-0.7257432056453895
2361,-0.003390996618661792,0.004484336034612414,-0.7561870012613539
2362,0.003256686253838025,0.004680348728662489,0.6958212822677198
2363,-0.004875470066633427,0.004507065857120365,-1.0817392559132564
2364,0.004487966415765948,0.004519534810128463,0.993015123084843
2365,-0.007194271828238367,0.004161959713240929,-1.72857795940465
2366,0.006283691221593379,0.004325343687804057,1.4527611387994832
2367,0.0026912259712946938,0.004655023541155743,0.5781336973918976
2368,0.0008996201085411913,0.004724595103524547,0.1904121070332725
2369,-0.0009306673797443384,0.004751030028897313,-0.19588749683410042
2370,-0.004602917601702486,0.0045670860995675605,-1.0078455937448427
2371,-0.0004915490823196243,0.00476864934685372,-0.10307930958352823
2372,0.003650925910939999,0.004576687093134559,0.7977224216216824
2373,-0.0018579409332354082,0.0047120404208446,-0.3942964761118041
2374,0.0062461183494966,0.004466504827426764,1.3984353741525237
2375,-0.005265622146149103,0.004493026300769916,-1.1719544453249244
2376,-0.0029498360085967895,0.0046413155331493025,-0.635560324982951
2377,-0.0004635869589936106,0.004751445303207398,-0.0975675672159527
2378,0.005577246890524888,0.004554245861151359,1.224625780109927
2379,-0.006144980299620391,0.004263427066455075,-1.4413241281807072
2380,0.0064548457556005585,0.00448781719245291,1.4383040749644544
2381,-0.0014093263963155893,0.004746765880204405,-0.296902445134897
2382,-0.0016737251541029433,0.00468112006228881,-0.357548008133033
2383,0.0054270242202952255,0.004529492934441651,1.1981527069021056
2384,-0.00383762843561846,0.004607513428667771,-0.8329066198138206
2385,-0.0027233168491713066,0.004676500996540711,-0.5823406968555745
2386,0.005007721412710357,0.004482181030597321,1.1172510388414632
2387,0.003916720724905517,0.004596234270365689,0.8521586356375807
2388,-0.004758048645980981,0.004531266184497435,-1.0500483644636514
2389,0.005050764422522396,0.004380497878149464,1.1530114984683166
2390,-0.0074969303231279235,0.004242119871653999,-1.7672603674456933
2391,-0.0028378437718920685,0.00461706259895959,-0.6146426891702852
2392,0.0027225365867394927,0.00466170781055549,0.5840212851982833
2393,-0.005684752487220277,0.004520948910174277,-1.2574246248230962
2394,0.0035133504706466694,0.004535702038149066,0.7745990457698586
2395,-0.0014361997847684533,0.004696645712383471,-0.30579265985119525
2396,0.005010318058425238,0.004601377774220496,1.0888734427535716
2397,0.002495980916339513,0.0046716831736647365,0.5342787221551932
2398,-0.0016405008851296543,0.004638519413970344,-0.35366907815213094
2399,-0.0057656833593188956,0.004428922416827867,-1.3018253237880058
2400,0.002520720482504128,0.004649113153890788,0.5421938333323995
2401,0.007584947273547296,0.004058691033907457,1.8688161306639242
2402,0.001208501179532606,0.004708811433177784,0.2566467561256829
2403,0.005570995418140795,0.0046195335327841505,1.2059649266758774
2404,-0.004183143328591398,0.004564012920180222,-0.9165494054793815
2405,-0.0006473588434673244,0.004740395540862884,-0.13656219990230756
2406,-0.0027431611761175472,0.004639885702626425,-0.5912130927201009
2407,0.00044175790040230673,0.004730179585557928,0.09339135912536418
2408,0.0018676073510786638,0.0046687320551225195,0.40002453107788233
2409,-0.008727272667677536,0.004126360456895628,-2.1150049199151395
2410,-0.005667256985578164,0.0043471102196542075,-1.3036837575351305
2411,-0.006625580517372734,0.004168678734448465,-1.589371822448517
2412,0.0006920784155132406,0.004718723054365452,0.14666646199398695
2413,0.0027172372486216376,0.004656670621210159,0.5835150195603682
2414,0.006314857947643541,0.004488180684233024,1.4069972650226925
2415,0.0018568570696351843,0.004736163327678043,0.3920593402646714
2416,-0.004494794389162995,0.0044964942223777934,-0.9996219647728359
2417,0.004219287714794483,0.004657743220191585,0.9058652474665472
2418,-0.004987963281266105,0.004489914649489659,-1.11092608003875
2419,0.00425214981196162,0.004379734528542245,0.9708693036646011
2420,0.004804620248505464,0.0045871547627842095,1.0474074882943916
2421,-0.002655207996311685,0.004626600535810273,-0.5739004212185933
2422,0.0036861590047813273,0.004493634887242739,0.8203067443788534
2423,-0.0051176494972273,0.004477015674512574,-1.1430939423245317
2424,-0.005115442456588789,0.004519547846571451,-1.1318482800153087
2425,-0.00016675620879833228,0.0047599717453105485,-0.035033024925540356
2426,-0.0023172548149288747,0.00465150297315765,-0.49817334919509204
2427,-0.0013590881720674745,0.004757003144273244,-0.28570260116468993
2428,-0.003923552867113922,0.004610001049333458,-0.8510958728916587
2429,0.007511505913380204,0.004183671275091945,1.7954340624467737
2430,-0.00042248748247549953,0.004765162034930159,-0.08866172427685173
2431,0.0014133260264337097,0.004667082431485,0.3028285973479173
2432,0.00620255785392654,0.004422665658358358,1.4024478296713156
2433,-0.0046679411306531065,0.004439685985492402,-1.051412452571325
2434,0.002014957268911154,0.004642282122742886,0.4340445530097639
2435,0.003461313665344275,0.0046500156072927,0.7443660317861809
2436,-0.0007729760844414145,0.00475453279728773,-0.16257666471085574
2437,-0.004177493234596981,0.004609294612235166,-0.9063194232601257
2438,-0.007698028551115728,0.004363234299002805,-1.764294104690888
2439,-0.0016898045632963504,0.004685603940432736,-0.36063751541499034
2440,0.0014635799373668157,0.004689782734982904,0.3120784096136067
2441,0.00547064305355171,0.004474886034448917,1.2225212019785932
2442,-0.0027519892052359418,0.004557968885765311,-0.6037753381403055
2443,0.00632369886728639,0.004407585568952964,1.4347308222058193
2444,0.006366235593237644,0.004414358191984888,1.4421656141988575
2445,-0.001318128769055843,0.004702656850715043,-0.28029448265089135
2446,-0.007959905002162657,0.004073023637736138,-1.9542987495616206
2447,0.005688588614547974,0.004466303659685404,1.2736681264857537
2448,-0.0019668109733726076,0.004623620463862109,-0.42538330919353423
2449,-0.0024689198235333595,0.0046131603711849845,-0.5351905472341442
2450,-0.004643998338850442,0.004578435912476149,-1.0143198305333132
2451,0.006665151654711066,0.004266154634624387,1.5623324106951642
2452,-9.301849170028221e-05,0.004756318231960429,-0.019556826764710072
2453,0.00601426810703118,0.004336831893210237,1.3867883872665538
2454,-0.0013553355542577257,0.004766165768739598,-0.28436601243438103
2455,0.0022777924999416005,0.004728104069094726,0.48175599916050954
2456,-0.003126625109659868,0.004666687889853103,-0.669988047938275
2457,-0.002619762357404,0.004628846600914226,-0.5659643931355557
2458,-0.00217730205853444,0.004679368462329602,-0.46529827177799976
2459,0.0047792283756808805,0.004583888207229177,1.0426145140589675
2460,-0.003959145589890236,0.00463703118136741,-0.8538104306477249
2461,-0.005076368920119154,0.004270114615434511,-1.1888132702036622
2462,0.006597114885572357,0.004209909664511459,1.5670442862906233
2463,0.009207293396001487,0.004021067890636159,2.2897632286792433
2464,-0.0014751660878840707,0.004672457670725686,-0.31571523849780764
2465,-0.004047022561432568,0.004447040862136467,-0.9100484315064917
2466,-0.002055009784182296,0.004701861093994912,-0.43706305718110183
2467,0.006298537449908178,0.004281675747028188,1.4710449417567053
2468,-0.005150678863909575,0.004539825660930902,-1.1345543306289465
2469,0.004080504379967446,0.004450333912824313,0.9168984754624484
2470,-0.002955622523318903,0.0046594365121923964,-0.6343304636912414
2471,0.0010424876759749409,0.004721010543060473,0.22081875616806632
2472,-0.006139215855964575,0.004395000555126924,-1.3968634995513167
2473,-0.003533628121418142,0.004642892437937482,-0.7610833480751258
2474,0.0005331649660296875,0.004728242003143988,0.11276177608404261
2475,-0.0034788553382176816,0.0045661510075101835,-0.7618791696761297
2476,-0.0010901575442441918,0.004697378964724204,-0.23207783583801145
2477,-0.007315802722054565,0.004270640675962927,-1.7130457177610774
2478,0.000642104634989644,0.0047361332693134075,0.1355757109180184
2479,0.0019098395728975486,0.004652698893348582,0.4104799422175852
2480,0.0012932754786116128,0.004709202445635317,0.2746272842464596
2481,-0.00671767472592058,0.004318285097540101,-1.555634835168082
2482,0.006442472252637565,0.004411157849897519,1.4604946075070149
2483,0.003187308941442192,0.004599159313111983,0.6930199030843152
2484,-0.00502676129086553,0.0044773791600220365,-1.1227017215224608
2485,0.004755737631398884,0.00446398765404133,1.0653563584777004
2486,-0.00015258084444299592,0.004743617561725348,-0.032165502901017856
2487,-0.0030849562506229207,0.004591851948715386,-0.671832690835332
2488,-0.00395606943823928,0.004525799620984101,-0.8741150226573803
2489,-0.005782237077139807,0.004203048259362196,-1.3757246456211878
2490,0.0029234661625803433,0.004610135655539127,0.6341388585968761
2491,-0.005457898120656625,0.004621799145649098,-1.1809033557407227
2492,-0.0068542267894066665,0.004315302004924386,-1.588353904682685
2493,0.004000282716822221,0.004505067502543881,0.8879517819795991
2494,0.008142433269564119,0.004172957300593957,1.9512380987951077
2495,-0.0037593812288049676,0.004583939861456544,-0.8201201024505647
2496,0.002274646791638867,0.004648494089410724,0.48932982335516256
2497,0.006432023449485831,0.004449031752047548,1.4457130917363454
2498,-0.003820163501672958,0.004623476045827763,-0.826253551182618
2499,0.003058484550451864,0.004616025466152215,0.6625796527507739
2500,-0.0068580732230732605,0.004265270039085498,-1.6078872287635222
2501,0.007672088622967935,0.004240847098730887,1.809093429768755
2502,0.0008155371510395492,0.004727637247600924,0.17250417244965227
2503,0.0040671188949003585,0.004524499428121533,0.8989102462079284
2504,0.0014954762075925932,0.0047157615878290465,0.31712294604805336
2505,-0.004247825357094255,0.004632918287455922,-0.9168789720715897
2506,-0.004526420555516427,0.004418138035026882,-1.0245086322860635
2507,0.004895547310787446,0.004479393627541418,1.0929040218049424
2508,-0.0001520990218753313,0.004755831040656948,-0.03198158651454554
2509,0.004862051453353846,0.004454239371730694,1.0915559420114183
2510,0.0017278009066488645,0.004701481398514061,0.3675013809891813
2511,0.0009758435351220942,0.004731684680361979,0.20623596056012783
2512,0.005790446771133921,0.004266804328103102,1.357092176220836
2513,0.0031293013695301588,0.004648797813634246,0.6731420670420156
2514,0.010651298607299822,0.003889230243569961,2.7386649645928123
2515,0.0019195439837314907,0.004765763278325368,0.40277787032804435
2516,-0.004548748014996179,0.004414398041614207,-1.0304344946050321
2517,-0.00365124930415769,0.004602686018789113,-0.7932866350762441
2518,-0.0032295690894458243,0.004593869782515019,-0.703017116797273
2519,-0.004285176272073537,0.0044634137800524535,-0.960066998767741
2520,0.0020689574946707538,0.004692014718816212,0.4409528994812592
2521,0.00015631534650161182,0.004749014264997862,0.03291532469247746
2522,0.006912664911140762,0.004340373876039923,1.5926427327610195
2523,-0.0004546726869726586,0.00476304716070785,-0.09545836344502799
2524,0.002645770420935542,0.004596992989415556,0.575543714560225
2525,-0.0026438543675034263,0.00466032920958716,-0.5673106445065144
2526,0.0059097280396338625,0.0043165294259932575,1.3690924945505267
2527,0.003699528228890035,0.004516492930767149,0.8191152484017399
2528,0.004174361691371868,0.004480021446008272,0.9317727028050841
2529,-0.003522523617406908,0.004612492521018787,-0.7636919954569094
2530,-0.0025335533644485265,0.00462125229218298,-0.548239568900864
2531,-0.00280191772025838,0.0046344975107899394,-0.6045785360192802
2532,-0.005297324948388483,0.004622493507393983,-1.1459886184621055
2533,-0.004568085716140742,0.004586201508048917,-0.9960499354691718
2534,0.001934992682813147,0.0046658155264569425,0.4147169282285176
2535,-0.0018153388814855472,0.004630704461087602,-0.39202218512109127
2536,-0.005353137431763142,0.00440772301951452,-1.214490431468344
2537,0.006763317782113151,0.004284131325537349,1.578690583502326
2538,-0.0018003424469537424,0.004724325397810848,-0.38107926430892813
2539,-0.00454352150002393,0.00444773223526409,-1.0215366527688807
2540,0.006531485056145815,0.004341206861430828,1.5045320954811834
2541,0.006128021185400417,0.004434842614025133,1.3817900022022491
2542,-0.0068147267957676515,0.004355403528190541,-1.5646602551655737
2543,0.004539852560409358,0.004487588560181339,1.0116463440280068
2544,-0.0018661257187055564,0.004660319838219952,-0.4004286794655576
2545,0.00551144180375334,0.004579665944064689,1.2034593507625255
2546,0.0028215997530074595,0.004615708601860729,0.6113037014230034
2547,-0.004217797623486499,0.004567713695534693,-0.9233936066548424
2548,0.005478893449992235,0.0043333676986697794,1.2643500000413301
2549,0.0010072891602383798,0.004712809846963601,0.21373430988041295
2550,-0.001654156445304533,0.00472133699838555,-0.35035763087239225
2551,-0.0023941462159971743,0.004661137631118755,-0.5136398891149107
2552,0.0063581877161671485,0.004229154452729861,1.5034181861253673
2553,-0.00457598206519588,0.004525534195051158,-1.0111473845894015
2554,0.001559379258182477,0.004705180491247548,0.3314175218322003
2555,0.0046154320589295176,0.004435254817902448,1.0406238758368072
2556,-0.0025982565667173165,0.004616158644593628,-0.5628611940710386
2557,-0.006217632020273957,0.004308932384464494,-1.4429634687912776
2558,0.006864734764235126,0.004094315082126616,1.6766503374893011
2559,-0.00198056638790537,0.004647259894839518,-0.42617939016164363
2560,0.004587781927591426,0.0045136378591979906,1.0164266763764274
2561,-0.002053250237060117,0.004690647872146269,-0.4377327595304281
2562,0.004390808932933118,0.004452253296369844,0.9861992660015941
2563,0.0012428757121721017,0.004723859151405882,0.2631060055637361
2564,-0.004108870490052063,0.004481084318004645,-0.916936660518291
2565,0.002228177930466118,0.004792207952443773,0.464958522789034
2566,-0.004228470858300411,0.004646489949864235,-0.9100355115206827
2567,0.003728402040672417,0.004479481742484669,0.8323288842347988
2568,-0.0008575489029198836,0.004698151764710521,-0.18252899137086984
2569,-0.0016420311061737932,0.004726503187681967,-0.347409287790854
2570,0.0035886275780604143,0.004644068320692884,0.772733588364824
2571,-0.004862854388027474,0.004524557816587561,-1.0747689796778988
2572,0.0040482829899733145,0.004574601485523596,0.8849476840297836
2573,-0.005287064994598391,0.004498470512696919,-1.175302801180016
2574,-0.0038761982145505535,0.004648370066237675,-0.8338833094861343
2575,0.0033277580670402853,0.004732755865795724,0.7031332613394342
2576,0.003861317180173572,0.004580720248821311,0.8429497918296033
2577,0.0031100820117545653,0.004543028257090509,0.6845834619013255
2578,0.0028498369890757108,0.004633650819403648,0.6150305882225466
2579,-0.0007875948655951196,0.004706255173875767,-0.16735065067594018
2580,-0.007019500154906921,0.004164631542140746,-1.6855032873565299
2581,-0.0004910667503493191,0.004739542072327534,-0.10361058998009104
2582,-0.004892106982136211,0.004454633856961503,-1.0982063036429008
2583,-0.005911170730089204,0.004563028057538282,-1.295449130610482
2584,-0.0021174545891040077,0.004645241576468805,-0.455833039950022
2585,-0.0007360680306585824,0.004720453027312655,-0.1559316502885793
2586,0.004845513345217092,0.004504871493849107,1.0756163304176585
2587,-0.007759590484586869,0.004076780646503603,-1.9033622746521277
2588,0.00506302100314002,0.0043132412641461735,1.1738320889272744
2589,0.004335223781487904,0.004450583423063278,0.9740798833299986
2590,-0.008623383798225068,0.004073211832098724,-2.117096815409638
2591,0.0014018346435690629,0.004697690788944515,0.29840930502878615
2592,-0.0033021140613998697,0.004616078027487685,-0.7153505728751851
2593,0.0036716030515717485,0.0046053667210440435,0.7972444484810518
2594,-0.00011635677760656607,0.0047534886108925745,-0.024478185840171283
2595,0.0051268413401115084,0.004597010284413649,1.1152555732786313
2596,0.004348414772711295,0.004613659070055888,0.9425089081535928
2597,-0.0018849639231268967,0.004716019257862038,-0.39969385620817566
2598,-0.00529463874178464,0.0045185193923726955,-1.1717640850943434
2599,0.0036666551636719592,0.004642971941709291,0.7897215855933204
2600,0.000802298072775993,0.004770808255793178,0.1681681655936947
2601,0.0026296251933825626,0.004620995802375741,0.5690602861034029
2602,-0.002965607870641629,0.0046725668517119765,-0.6346849525662888
2603,0.003987193613845948,0.0045937499641444755,0.8679605213533884
2604,-0.002293839237110761,0.004627810825430481,-0.49566400262210086
2605,0.007502704585345468,0.004290477901392199,1.7486873858296643
2606,-0.004941913141729122,0.0045950545793319204,-1.0754851887847723
2607,-0.002283120550694191,0.004651360594683267,-0.49085004359883627
2608,-0.00144093069265763,0.004691139983380567,-0.30716002885491706
2609,0.007493175079137123,0.004247622561870554,1.7640868438737418
2610,-0.0012654829480724893,0.0046984130519821315,-0.26934263421957266
2611,0.0060755895464530444,0.004547686527021467,1.3359736891171095
2612,0.003872203554673119,0.004705178781012456,0.822966296264709
2613,-0.002298579420478673,0.004733287404285853,-0.48562008265067036
2614,-0.0011247774788970672,0.0047195178985919356,-0.23832465583669968
2615,-0.0014366680093289052,0.004700769818072296,-0.30562398605555585
2616,3.447263070780938e-05,0.004750812270532797,0.007256155104597161
2617,-0.00466193843416062,0.00453995975386845,-1.026867788902365
2618,-0.0012638065843550725,0.004710707932778893,-0.26828379139386394
2619,0.00792235767302736,0.004258616825660534,1.8603123965722275
2620,-0.002053729391215103,0.004648919777695451,-0.44176485924073566
2621,0.0003814215662005324,0.004776234122426528,0.07985822227800554
2622,-0.0037055460249160823,0.004591699981747617,-0.8070096129202542
2623,-0.005503519280702425,0.0044751115846791215,-1.2298060454054673
2624,0.0050427390126217275,0.004446046944729515,1.1342073251384694
2625,0.003144463225409171,0.004630148330041467,0.679127967673772
2626,0.005020280940223484,0.004585532933116475,1.0948086107870434
2627,0.002804751708624484,0.004556975865204847,0.6154853112215033
2628,-0.004516449777278201,0.004538043882027074,-0.9952415390176378
2629,0.0031151257168471227,0.004535881748213219,0.6867740143521681
2630,0.0031228480876280473,0.00454930056118371,0.6864457614151338
2631,0.0002554002104665593,0.004743135720479754,0.05384627923755181
2632,0.0033999857790467333,0.004593208387283533,0.7402202322149631
2633,-0.00355850999286648,0.004644883331845162,-0.7661139664088992
2634,0.004338833715393644,0.004410718563534764,0.9837022364710771
2635,0.002823133176219693,0.00459741328384531,0.6140699132139811
2636,0.003926171164465958,0.004619677999680342,0.8498798324769885
2637,0.0067228957800061495,0.004302698340423222,1.562483643541897
2638,-0.0029303683234146575,0.0045769173866246375,-0.6402493372456808
2639,0.001278495021873018,0.004673092819324646,0.2735864814381722
2640,-0.004368731961958584,0.0045146612102503,-0.9676765893395518
2641,0.003702076900861773,0.004532439622906261,0.8167956352142097
2642,0.0060550282563620675,0.004207619522375065,1.4390626871471972
2643,0.0013376445258738668,0.004715382425775305,0.2836767848482471
2644,-0.005141185020432611,0.004394863695198089,-1.1698167171942027
2645,-0.005386229260722262,0.004330078079169913,-1.2439104243022832
2646,-0.005240291148977275,0.004456586896541028,-1.1758530172595798
2647,-0.0031248499749541012,0.0046613900593936615,-0.6703686958479016
2648,0.003948930991250038,0.0045913285955935445,0.8600845940410281
2649,-0.006725771101885304,0.004136827854411296,-1.6258281317443013
2650,-0.005119918605131056,0.00453328047382482,-1.1294069790504881
2651,0.0030981858458849158,0.004602030089492474,0.6732215534528574
2652,-0.007115709398474038,0.004076333381949878,-1.7456151721992625
2653,0.0038008913204346435,0.004597007000020293,0.8268186932101398
2654,0.0014942077294934856,0.004657933581946927,0.32078768475460645
2655,0.0019224732553050213,0.004666356861758633,0.4119859051201003
2656,0.0020584927232201013,0.004650056187689049,0.44268125806090874
2657,-0.00787825132655846,0.004094365196535513,-1.9241691809086106
2658,-0.004763715467632921,0.004643208799674825,-1.0259533165871273
2659,0.004477252001692303,0.004510907069422493,0.9925391795458782
2660,-0.0030585874709090515,0.004597429359239199,-0.6652821026520783
2661,-0.0011750417280144893,0.004775745624239473,-0.24604361715802486
2662,0.005134957588991142,0.004496607790846665,1.1419625254939754
2663,0.0026849003580350114,0.004702602449360639,0.5709392590479443
2664,-0.0031867501895518594,0.004611478440923411,-0.6910474006062443
2665,-0.0034005524192728238,0.0045697429363680524,-0.7441452323739506
2666,0.005524650348572618,0.004486514735773125,1.2313902157775034
2667,0.004243098010708703,0.004580336380713297,0.9263725757294542
2668,-0.0018299400566905038,0.0047238727391983775,-0.38738131988734253
2669,-0.00537340015421202,0.0044757316540267825,-1.2005635211346086
2670,0.003189937738929292,0.00460574667264105,0.6925994774914753
2671,-0.005630573782681173,0.004446647592619682,-1.2662514097196529
2672,0.004415621014360906,0.004747575566212615,0.9300791430863887
2673,-0.003765190106037385,0.004518996956737436,-0.8331915560208135
2674,0.0037505824815363665,0.004504042212030375,0.8327147715264515
2675,0.0041068978689128245,0.004449746625754535,0.9229509485197768
2676,-0.0038952362020891443,0.004731609625782592,-0.8232370187227535
2677,-0.0035784975189974135,0.004502000822010742,-0.7948682509122995
2678,0.004139747477934962,0.004668518071699223,0.8867369504319382
2679,-0.004018986501657399,0.004572718618527385,-0.8789052721008425
2680,0.008679707795676337,0.004043649587363587,2.146503451436653
2681,-0.0010498912030838486,0.004766649171571342,-0.22025770416364596
2682,0.00029565500553176095,0.004746372056558628,0.062290735325567066
2683,-0.0008121774952510271,0.004789345186678168,-0.16958007067649755
2684,0.0035196853176450906,0.004460220433404929,0.7891281092935053
2685,-0.001996503686037304,0.004661550862466058,-0.428291730572497
2686,0.0013696045773739028,0.004734593246138908,0.2892760805779513
2687,0.0055527354322801,0.0042623270691812595,1.3027473823933253
2688,0.00038561288107541843,0.0047443257299938655,0.08127875340378811
2689,-0.005027867847651414,0.004524444875837699,-1.1112673456366304
2690,-0.0025643738788777653,0.00458944307663524,-0.5587549155872397
2691,0.0024481981766098296,0.004614296000637132,0.5305680815170478
2692,-0.0010013259688019522,0.004684645383104486,-0.21374637500061522
2693,0.005777694975122098,0.004475580017278137,1.2909377003242262
2694,0.004149118050432831,0.004630338893659782,0.8960722197060186
2695,-0.0004628360171133821,0.004735129732391295,-0.0977451608025203
2696,-0.0008367855094041177,0.004721924041622529,-0.17721282723484572
2697,0.004597032162284619,0.0046387950146706694,0.9909970472387827
2698,-0.005795436618828754,0.004461959869819582,-1.298854491728786
2699,-0.003516145076151431,0.004629969808054852,-0.7594315345284375
2700,0.003167427950601698,0.004711658754249003,0.6722532585249923
2701,-0.004192411918386034,0.004582322666461787,-0.9149098008899448
2702,0.004290992745637042,0.004499000452642712,0.9537657954927553
2703,0.004275428652370603,0.004555042039824102,0.9386145319826079
2704,0.008274165428257122,0.004128644334238096,2.0040877243023756
2705,0.0010311823021280574,0.004718469785300275,0.21854167750327871
2706,0.0017662898977864395,0.004689688155880964,0.3766326969036259
2707,-0.003952707108281172,0.004446832699489658,-0.8888814523502998
2708,0.0012793835701603224,0.004731764891756469,0.2703818975429705
2709,0.001171095050512926,0.00469782788328671,0.24928436707510887
2710,0.005852153078431151,0.004472188093284727,1.308565953927235
2711,-0.0018036107597714976,0.004692981025447721,-0.38432091457250867
2712,-0.004867530144469731,0.004398421335087885,-1.1066539045815338
2713,-0.004361839664942529,0.004458412226962551,-0.9783392478972687
2714,-0.004110798477491809,0.004579218648618686,-0.8977074022730547
2715,0.0016445177788548448,0.004726467949823958,0.3479379943570963
2716,-0.0015658101622608523,0.0046617095020414605,-0.3358875454541196
2717,-0.0034516107833556377,0.004639591186203674,-0.7439471808678694
2718,0.003904670093532744,0.0046534560030062865,0.8390903644539022
2719,0.0017150923960046114,0.004654827498760041,0.36845455528942367
2720,0.0029291505981468304,0.004670005645543918,0.6272263505595121
2721,-0.0021537554865555747,0.004595113137749686,-0.46870564923898905
2722,-0.004836196877571473,0.004544337228400543,-1.0642249099267782
2723,0.007780660996652626,0.0042216635904258944,1.8430319777961486
2724,0.0031709924390519056,0.004516515290980371,0.7020882770804476
2725,-0.000320218548650755,0.0047634369576427665,-0.0672242650628504
2726,0.004534462659892737,0.004370837459555137,1.0374356634973687
2727,-0.0018893849914460874,0.004665030335338419,-0.40501022622161026
2728,-0.004995110358695806,0.004349134206618897,-1.148529827176592
2729,0.0035849379908109787,0.0045130590267379945,0.7943476851447576
2730,0.003226310501817482,0.004795479582374035,0.6727816157691312
2731,-0.00040347027254814726,0.004764864754948022,-0.08467612268095709
2732,0.004704518487545657,0.004515089589096706,1.0419546267490227
2733,0.008949804989235003,0.004185552340547059,2.138261395643006
2734,0.005282532683734533,0.004429639667177197,1.1925423015504204
2735,0.0021352056661240962,0.004615887985335953,0.46257744401669915
2736,0.002548551444923832,0.004731823074028669,0.5385982115248443
2737,5.027320696641027e-05,0.004754812775710474,0.01057312019165641
2738,-0.0026414552047993502,0.004635657516679871,-0.5698124150231013
2739,0.0007105675407403867,0.0047378438600259205,0.1499769856781433
2740,-0.004434802778491625,0.004574560620374883,-0.9694489037349767
2741,0.006119695556643394,0.0044468113325156836,1.3761986059303564
2742,-0.00712537180595012,0.004100276235292217,-1.7377784805374976
2743,0.006367199039862822,0.004429107384303093,1.4375806426433444
2744,0.0066269957860579124,0.004197953346370993,1.5786254013010306
2745,0.0024831482054332174,0.004623107749202922,0.5371166626737914
2746,-0.0007898175826843986,0.004723232121896611,-0.1672197263020069
2747,0.0033112640836176392,0.0046343986153206534,0.7144970380128886
2748,0.0027087895731114694,0.004677129282902733,0.579156446030573
2749,-0.0026886719939314637,0.00471620735415302,-0.5700919811262879
2750,-0.004962500221243996,0.004411870838674235,-1.124806324279254
2751,0.005934809382495912,0.0043674346146400376,1.3588776721698115
2752,-0.0015122575384595091,0.00472835808920487,-0.31982720215545546
2753,0.004571829016321036,0.004433228487057029,1.0312640166570832
2754,0.006016742100484333,0.004440132510272422,1.3550816527579668
2755,-0.000286984975933701,0.0047416063798149674,-0.06052484178260703
2756,0.006948594226304151,0.004283062923826819,1.6223423166745683
2757,0.009957516028356901,0.003927726322992414,2.5351858071339795
2758,-0.0048493409001317935,0.004531997300847821,-1.0700229012106
2759,-0.004216120629790613,0.004630502456396259,-0.9105103969800843
2760,0.0019725326234275365,0.004687360202169321,0.42081950999085665
2761,0.003210959032476157,0.004579990503002617,0.7010842119369177
2762,-0.0011096869460276184,0.004704911255707068,-0.23585714707829303
2763,0.0010871542063731413,0.004780935507130773,0.22739361464961177
2764,-0.0005943665378014278,0.00473212892267345,-0.12560235520076155
2765,-0.004192976808832526,0.00455352685099294,-0.9208196077548566
2766,-0.004604435199630509,0.004545696190227665,-1.0129218951167744
2767,0.000855384956867148,0.004722686499020787,0.18112253630312017
2768,-0.004226311639355762,0.004585058318049922,-0.9217574447675206
2769,-0.0038073043455421904,0.004555972059129214,-0.8356733307688202
2770,-0.0031098196502912577,0.004559863850945529,-0.681998356079515
2771,-0.001818797369484468,0.004654833093650064,-0.39073310103548037
2772,-0.0035865346742837297,0.004606118681701702,-0.7786457367092214
2773,0.001974769329204685,0.0046658821137693565,0.42323601005198946
2774,-0.00523079345078812,0.0043204053230682885,-1.210718221936012
2775,0.0014212408755890733,0.004780979167450572,0.2972698323525516
2776,0.004414698085017102,0.004619182586482704,0.9557314529925721
2777,0.0031483455294865053,0.0046343588520281805,0.6793486715230659
2778,-0.0014948066969489348,0.004709080287342906,-0.31743070955207225
2779,0.0044606804030972915,0.004580405223890204,0.9738615220835791
2780,0.0007779623562484701,0.00474819215759599,0.1638439074130379
2781,0.000404852370372483,0.0047357390013481335,0.08548874214926809
2782,0.0021308670883544356,0.004761241677252599,0.4475444081183502
2783,0.005234137342876196,0.0044269310789390335,1.18233992116512
2784,0.0010925233878328643,0.00470711563598435,0.23210039275026145
2785,2.4223818895989733e-05,0.004752608590828501,0.005096952217511963
2786,0.0006902795477917536,0.00474859416514467,0.1453650330572572
2787,-0.001088568042673076,0.0047720361864338956,-0.22811395390665598
2788,0.005606785912299625,0.004492870975084149,1.2479294293988963
2789,0.0034039210356776785,0.0045998563739538464,0.7400059390880087
2790,0.004882765285986494,0.0044442783207270095,1.0986632550023905
2791,0.0033071547423752655,0.004582294961918849,0.7217245441114915
2792,-0.007183402585125532,0.004151189168089165,-1.7304445290871016
2793,0.002418679989033904,0.004593096798921449,0.5265902494373422
2794,-0.0023760517828510263,0.004674891900807423,-0.5082581230254002
2795,0.00020283754715142582,0.004756845087740696,0.04264119251521921
2796,-0.004532506494524315,0.004487996164679821,-1.009917639902366
2797,0.004566776185504719,0.004597480422901528,0.9933215077450115
2798,-0.0036338684673453284,0.004521996915645248,-0.8035981746853553
2799,-0.006017156468367058,0.0043878877871908716,-1.3713104710499548
2800,0.0007130750587812381,0.004733929031251604,0.15063070317991398
2801,-0.004797238563526567,0.004614026269740178,-1.0397076832847563
2802,-0.004798860532999799,0.004547986655377354,-1.0551615245673207
2803,-0.0010093421601452223,0.004739649813057757,-0.21295711707740095
2804,0.003974066667632477,0.004664280474049678,0.8520213760177388
2805,-0.0036751340033080383,0.004499895609734113,-0.8167153912099735
2806,-0.0021196765461805973,0.004700211984106678,-0.4509746695144991
2807,-0.0012953593731186881,0.004716469884751854,-0.27464595444710244
2808,-0.006447518070884645,0.004493917035527592,-1.4347212064469492
2809,-0.0006811207019427652,0.004773157976860326,-0.14269812674224347
2810,-0.005068006095201666,0.004521522355118698,-1.1208627752253193
2811,0.0036481519320732464,0.004576902422848935,0.7970788089911738
2812,0.003976671991204452,0.004496697747692221,0.884353855725648
2813,-0.0016599226037194864,0.004670120825948836,-0.3554346162729606
2814,0.0035799491706718875,0.004586233831136677,0.7805858363276286
2815,0.005434377844235891,0.004480834547099901,1.2128048440782409
2816,0.005742643221802976,0.004534669119073074,1.2663863825585628
2817,0.006578555024897025,0.004450493771851905,1.4781629549746809
2818,-0.00297572821350206,0.004619400823555621,-0.6441805608917908
2819,-0.0047018485519967415,0.004551757489608702,-1.0329743099738256
2820,0.00038448843971591054,0.004764597077972826,0.08069694738584218
2821,0.0016686471739859204,0.004681412349618849,0.35644097322932433
2822,0.0016281905973630215,0.004718886841783631,0.3450370080812539
2823,0.00503213162654713,0.0046225836184265205,1.0885972092507037
2824,0.00130698772352419,0.0047093353255654846,0.27753125083893876
2825,0.0027687926301941963,0.004618427045931804,0.5995098769900717
2826,6.749942979766654e-05,0.004751866263804101,0.014204825230840977
2827,-0.002203443222214074,0.004678541588187981,-0.4709679674061585
2828,-0.00446653621942731,0.004368103390276149,-1.0225344549696975
2829,-0.000975063994988583,0.00472095423666772,-0.2065395990105659
2830,0.00360954440710661,0.0046821647348203555,0.7709135862442269
2831,0.003000241723787655,0.00461929289943625,0.6495023782003112
2832,-0.0027633806040099035,0.004594477968024657,-0.6014569279125278
2833,0.0018561263231343756,0.00466133774319391,0.3981960598852838
2834,-0.00345981226439152,0.004642796911248549,-0.7452000013201312
2835,-0.006463667995130214,0.004392772759172259,-1.4714323616294183
2836,0.00613080264442948,0.00431488366056654,1.42085004526507
2837,-0.003423987062323318,0.00457251364844191,-0.7488194296566061
2838,0.0016424327331184716,0.0046915118978037,0.35008602107294357
2839,-0.004000651714315232,0.004621755663816474,-0.8656129846145182
2840,-0.006236286180308211,0.004374955445936122,-1.4254513577049273
2841,-0.0010212072193812732,0.004687913574533047,-0.21783832042658624
2842,0.0025134735552231214,0.0046295750064555795,0.5429166935881328
2843,0.0013203813888996057,0.0047008732995446915,0.28088002053309813
2844,-0.0035795398393577505,0.004564726676851539,-0.7841739698260952
2845,-0.0021698355649647995,0.00467590665365638,-0.46404595422538447
2846,-0.003560992773370473,0.004516246453771919,-0.7884850416868573
2847,-0.006825091048899951,0.004214919988932742,-1.6192694207294143
2848,0.0003511134704171462,0.004739142598659202,0.07408797332168972
2849,-0.008488325705518118,0.00414889238641608,-2.04592573509735
2850,-0.006044311929579355,0.004379431264767461,-1.3801591038100915
2851,0.005037721735170867,0.004544653729540255,1.1084940756708634
2852,0.004098123592566859,0.004567574043651411,0.8972210528831922
2853,-0.0035333330852150816,0.004558236046444733,-0.775153600913441
2854,-0.006098975133752253,0.004399173958877981,-1.3863909885727297
2855,-0.002041099956833366,0.004700546286887927,-0.4342261159148608
2856,0.0034777017186201527,0.004547249311838899,0.7647924008841681
2857,0.0018877323797858432,0.0046534230958057855,0.405665322262936
2858,0.0068844592922151365,0.0043386500626584,1.5867745019281079
2859,-0.002747034927538832,0.004659729645892292,-0.589526675643175
2860,-0.002625757136992518,0.004660855827976099,-0.5633637327359061
2861,-0.0007131144852875498,0.004721155227626483,-0.15104660848994397
2862,-0.003194968610205412,0.004593108361465951,-0.6956005299177604
2863,-0.0032530695006610945,0.004513638741450138,-0.7207199527926667
2864,0.0025553027646474198,0.004694217563071409,0.5443511576347763
2865,0.005816950749741565,0.004248617087050669,1.3691398002119346
2866,-0.008315532550203992,0.004101769739869005,-2.0273035976099325
2867,-0.005566538922114816,0.004372505142903619,-1.2730777300854776
2868,-0.0014394048230182948,0.004684305497215051,-0.3072824400274621
2869,0.0007562370852052956,0.004784791865183256,0.15805015275754988
2870,0.004318155054803141,0.004575926891416472,0.9436678420066413
2871,0.00289940863806655,0.004591637500016029,0.6314541681603629
2872,0.003939466991081361,0.004665969327462865,0.8442976613443488
2873,-0.0010614675322475685,0.0047134797635802195,-0.22519827929446953
2874,0.0035639408585634736,0.004505353861396913,0.7910457132125137
2875,0.0006455623636006146,0.00473361081026558,0.13637842008485593
2876,-0.004651067476927864,0.004596325250030418,-1.0119099985139395
2877,-0.007008114963496394,0.004225553520331419,-1.6585081527843795
2878,0.001540737043105736,0.004713771251354647,0.32685867874113705
2879,-0.005598309303057416,0.0043748062402853205,-1.2796702289361963
2880,-0.002014971793126414,0.004784543497768255,-0.42114191125366407
2881,0.004443077768528188,0.004504527429905567,0.9863582446031043
2882,-0.004558537488395346,0.004554455340324661,-1.0008962977492704
2883,0.0038668869600207174,0.0045352145494579645,0.8526359487188707
2884,0.0023148308318318,0.004620125128973838,0.5010320645462562
2885,-0.005400029782530239,0.0046108859781224575,-1.171147976365514
2886,0.005178088273741728,0.004438245251020839,1.1666971924435041
2887,0.00474527007338456,0.004536465511584633,1.0460280280466607
2888,-0.0033342063534714302,0.004661616842170936,-0.7152467623054741
2889,-0.005270066881587597,0.004568784760405883,-1.1534942348913397
2890,-0.0036572634090453523,0.004603442036992573,-0.7944627910281327
2891,0.0031350541509537993,0.004638918245030332,0.6758157797483022
2892,-0.002899531829750132,0.004610018268964982,-0.6289631972328649
2893,-0.006009999471001032,0.004334245106216859,-1.386631194987229
2894,-0.003207719282601833,0.0046322909237687705,-0.6924693063086105
2895,-0.0006147492827132954,0.004776607318059793,-0.1286999834357328
2896,0.002620451333739429,0.004632438495690725,0.5656742849747656
2897,0.004366045726734037,0.004494770744435945,0.9713611605527923
2898,-0.004822438709611824,0.004362834977963399,-1.105345201908822
2899,-0.002997670789310486,0.004656767092825803,-0.6437235810931334
2900,0.007540446582847589,0.004251292604384448,1.773683273428643
2901,0.003002645724963591,0.004600144278858834,0.652728597831819
2902,0.0038701266473769053,0.004533501884575895,0.853672667600303
2903,0.00465155307737723,0.00458028476448301,1.015559799566799
2904,-0.008751639588230525,0.0041696716946221625,-2.0988797749995425
2905,-0.0032017841274869416,0.00463283229317688,-0.6911072805727178
2906,-0.004772889010359178,0.00438479610777455,-1.0885087682632522
2907,-0.001907293586770506,0.004680547176562755,-0.4074937213155411
2908,0.0038611793110541596,0.004467469892437939,0.8642877073642861
2909,-0.005330898664096099,0.004344398927077829,-1.2270739298064
2910,0.0010690242566737552,0.004732284359986085,0.2259002577513957
2911,0.0016726064919551204,0.004798873449349397,0.3485414878322917
2912,0.003563902842195445,0.004634153139255773,0.7690515904633644
2913,-0.0027076826524184664,0.004678882643360298,-0.5787028354431759
2914,-0.004751110932489438,0.0045697605790035655,-1.0396848697761352
2915,-0.007033162601955909,0.00436944049863521,-1.609625443841771
2916,0.0013445474673593693,0.004696607797218517,0.286280550859634
2917,0.007306596922107769,0.004315015737469138,1.6932955443618536
2918,0.006326958317650499,0.004433012068870043,1.4272368807836824
2919,0.0024409263056421114,0.004616321886014021,0.5287599881276341
2920,-0.0008801782716486816,0.004705120773007034,-0.18706815703822227
2921,-0.00045766868585942497,0.004759732749639019,-0.0961542821693371
2922,-0.002438307530595702,0.004665919839140214,-0.5225781013513956
2923,0.0030996427703308582,0.004532559110969351,0.683861521591487
2924,0.0003404539487149257,0.0047618511623553975,0.07149613398385259
2925,-0.0003733601182812239,0.004766165289575083,-0.07833553718706847
2926,0.006458158725126581,0.004362914389948482,1.4802396168958152
2927,0.00041905779490501385,0.004772527359398914,0.08780626350516993
2928,0.009071223010780866,0.0042333950313394025,2.1427773556749377
2929,-0.0035907181577251395,0.004540449275328871,-0.790828823313979
2930,0.009675629606702912,0.0038688355976852816,2.500915162301501
2931,-0.0006185674651394816,0.00473818487744587,-0.1305494574692328
2932,0.007082888017225379,0.004369899502832083,1.6208354477339897
2933,-0.0016262699276743035,0.00464723405146384,-0.3499436244580886
2934,-0.006626239151218169,0.004460415704905105,-1.485565379910961
2935,0.0038064300226332212,0.0045763726815676396,0.8317570022136672
2936,0.004386020265998485,0.0045589330643400474,0.9620716523139844
2937,0.0020115608295490305,0.004729003562620342,0.42536674014143144
2938,-0.0010570328321358945,0.004786510451824326,-0.22083579316807259
2939,-0.003416677800122261,0.0044876400550609265,-0.7613529066951592
2940,-0.0015437433141773029,0.0047301409200698145,-0.3263630704166247
2941,0.007779396591034127,0.004142273522059083,1.8780499524249348
2942,-0.0036926696839399155,0.004653042492516933,-0.7936032584870011
2943,-0.0032579211166759202,0.004539266473003248,-0.7177197320430563
2944,-0.003068565775260469,0.004578467408287206,-0.6702167999943047
2945,-0.0012095974392191072,0.004714560943064642,-0.25656629616772403
2946,-0.0014867360539620536,0.004669447200195114,-0.3183965874804045
2947,-0.003919519716613877,0.004592729613784242,-0.8534183473048691
2948,0.0028966189502979967,0.004600211947729959,0.6296707593499851
2949,0.005683168359033612,0.004492286873724942,1.2650947098401146
2950,0.006097853316176152,0.004609910664747668,1.3227703874625798
2951,0.0031831016810584317,0.00463588650663017,0.686622003473556
2952,0.00031238922346348117,0.004739086598499538,0.06591760183542289
2953,-0.005232536553556519,0.004463354470934275,-1.172332734859223
2954,0.006191220527546946,0.004370907176575846,1.416461223593663
2955,-0.0008813697274741584,0.004722460688557714,-0.18663357634922684
2956,-0.0058489364602944864,0.004449037837709286,-1.3146519930039475
2957,-0.003483928620837136,0.004642728336063319,-0.7504054445260182
2958,0.006452971899895235,0.004513517201127175,1.4296991929672305
2959,0.0004313889960396351,0.004737592182544722,0.09105659149579257
2960,-0.005833433919092005,0.004406393756535769,-1.3238567049164827
2961,-0.004395472873010935,0.004463637248388019,-0.9847289617000798
2962,-0.004324998441674137,0.004608313364442881,-0.9385209076807225
2963,0.00906106777901843,0.003924496551376959,2.3088484498321806
2964,-0.004353046775414247,0.004627072235214097,-0.9407777864986864
2965,0.00696593143429488,0.004060008273236987,1.7157431624495292
2966,-0.003081512074294284,0.004617945328573496,-0.6672907223971353
2967,-0.001369307197177129,0.004702606540294224,-0.29118047309385503
2968,-0.002891465374550306,0.004600730340414855,-0.6284796457532823
2969,0.0004102694842653248,0.004734798958181007,0.08664982143675647
2970,-0.0003271306221793553,0.004763439380822418,-0.0686752986710362
2971,-0.003486691789480391,0.004633735300762382,-0.7524581278750926
2972,-0.005969532829754913,0.004339638608328963,-1.375582938703175
2973,-0.00032374608104752267,0.004744810588392297,-0.06823161325755236
2974,0.0034687186056455714,0.004512141434890076,0.7687521891099753
2975,-0.004996237638523272,0.004464722205990211,-1.1190478170892557
2976,-0.003091875305625976,0.004612929903311194,-0.6702627983587189
2977,-0.004531736218654476,0.004574095618954065,-0.9907392840403115
2978,-0.001703138758829019,0.004686369203953588,-0.36342393966574177
2979,-0.00047357460297858844,0.004736380798295054,-0.09998659802629471
2980,-0.004285382463025553,0.004605993790692555,-0.9303925836124943
2981,-0.005077217620682632,0.004404155066689168,-1.1528244450528489
2982,-0.005611295674438072,0.004531251242935374,-1.238354567777848
2983,-0.0028238638922334757,0.004650539741731143,-0.6072120762443597
2984,-0.0015024989492288512,0.00466531359189661,-0.32205743936240605
2985,0.0058979313068805985,0.004386082477168188,1.344692293768382
2986,0.0022281688357075383,0.004686268732688265,0.4754675761902702
2987,0.004432216515703396,0.0044186243831938355,1.003076100462682
2988,0.005211834572725445,0.004366513778905924,1.1935916927373866
2989,-0.0052788018173411345,0.004451517890695954,-1.1858431094648128
2990,-0.0007285465386870437,0.004736737874012064,-0.15380765371970173
2991,-0.0005669734506834072,0.004724230088002488,-0.1200139366884936
2992,0.0034498265045763677,0.004679797534009717,0.7371743071159123
2993,-0.005145552649587756,0.004510617803249305,-1.140764497023238
2994,0.005206488101345898,0.004332387349527664,1.2017596030312323
2995,0.006617833239685549,0.00432632047878063,1.5296678256139684
2996,-0.0038453354996178316,0.0046648151610819925,-0.8243275171327293
2997,0.00016803535363838534,0.004750784169842249,0.03537002474350776
2998,0.001126628930856141,0.004719439049717117,0.23872094098210062
2999,-8.122310510450357e-05,0.004751296755687524,-0.01709493413714387
3000,-0.002078387272271671,0.004716881554261073,-0.44062740358492264
3001,8.208444658870996e-05,0.004753255478698885,0.017269100505235006
3002,-0.0015858655572887832,0.004718998137177122,-0.3360597972682055
3003,-0.0014357247968036005,0.004653540400736085,-0.308523118565061
3004,0.0058453925375269045,0.004325855431356548,1.351268582661313
3005,-0.0016337283123619927,0.004685631983851266,-0.34866765422306617
3006,-0.003102957581653553,0.0047172514603113615,-0.6577893096775347
3007,-0.003027731993746494,0.004641180053347637,-0.6523625368859847
3008,0.0032570567247933867,0.004523035418229243,0.7201041830595517
3009,-0.0023553903476803,0.004653381073810578,-0.5061675178369841
3010,-0.004757620240700454,0.004602298865973288,-1.033748650239888
3011,-0.0001679156186365919,0.004759518350204484,-0.03527996034081426
3012,-0.0002898921649387748,0.004738605876350004,-0.061176677804246814
3013,-0.006052774333646182,0.004378939500132489,-1.3822466223758172
3014,0.000519225216222964,0.0047364543296137835,0.10962318647867175
3015,-8.206880653263323e-05,0.0047501626019191764,-0.01727705205280247
3016,-0.0022848879891241795,0.004752154873672887,-0.4808109268034472
3017,0.001528314786727022,0.004722380708673559,0.3236322696134978
3018,0.002419312432686705,0.0045923009342533775,0.526819227947665
3019,-6.647999906647422e-05,0.004750157506995048,-0.013995325201022544
3020,-0.0010921946459837098,0.004694730400297867,-0.232642676545263
3021,-0.004064874444960979,0.004485052356583506,-0.9063159405473257
3022,-0.0026884399687477443,0.004535689255664887,-0.5927301931872857
3023,0.0055519563873139294,0.0044646711032333645,1.2435308803134772
3024,0.002465571834911555,0.004577882926553125,0.5385834182456878
3025,-0.00369153803672546,0.004455913517989666,-0.8284581874898995
3026,-0.0036023541045656342,0.004540172746484756,-0.793439876787677
3027,-0.00279199360426517,0.0046959535838679255,-0.5945530666777764
3028,-0.0009944411460181706,0.004692633294037887,-0.21191537537817712
3029,2.9774065808983456e-05,0.004752421310972188,0.006265030783411892
3030,0.0004395449850849528,0.004762091640337,0.09230082457082817
3031,0.003700501388421406,0.0045110253105982165,0.8203237919608735
3032,-0.0033944117569072586,0.004607475518231682,-0.7367183490125219
3033,0.0009568253908020883,0.004715557611581061,0.20290821777941928
3034,-0.0016452776867261285,0.004710088291815821,-0.34930930903884294
3035,-0.0017421498715766391,0.00469575106545894,-0.37100558511109444
3036,0.0053756122283161595,0.004401054099166602,1.221437434575981
3037,0.0030361304723493738,0.004593446488850706,0.6609700319180213
3038,0.007072950053910504,0.0043847974177587765,1.6130619912483293
3039,-0.003332660570125261,0.004641163044273222,-0.7180658249525331
3040,-0.007924504651427425,0.004193982281569548,-1.8894940701708862
3041,-0.004874333290199532,0.004511802036511062,-1.080351764273951
3042,-0.002450908717963091,0.004582568872429078,-0.5348329258527739
3043,-0.0034297241576597254,0.0045247189340383125,-0.7579971723456193
3044,-0.004366380398608654,0.004434346367474691,-0.9846728326491233
3045,0.0009835592350908137,0.004723416895841657,0.20823045197571008
3046,-0.0029580051897233383,0.00457944913627608,-0.6459303513803696
3047,-0.004359327627108039,0.0045622399864290245,-0.9555235235488324
3048,-0.006671584266823676,0.004271179317488995,-1.5620005087367457
3049,-0.0005406324955109599,0.0047814564046685755,-0.11306858198750713
3050,0.008149645332845847,0.004170049743734785,1.9543280856757481
3051,-0.006297294540323196,0.004439122203800445,-1.4185900390243646
3052,-0.00502645996550181,0.0043798624676573954,-1.1476296350899466
3053,-0.008012117121044295,0.004188145995146453,-1.913046281177723
3054,0.0029229044070479848,0.004694504099742244,0.6226226125158714
3055,0.001858361725392038,0.00470349205761816,0.3951025541506089
3056,-0.0017324438722737096,0.004681739301235845,-0.37004278982736055
3057,0.0004514693680578321,0.004731679929401068,0.0954141816001867
3058,0.0031150360202964198,0.004550644249245784,0.6845263768559146
3059,0.004576038149129917,0.004569422299351761,1.001447852560945
3060,-0.0025713252370479223,0.004617663535412349,-0.5568455166403343
3061,0.004663402958551808,0.0044930293274618276,1.0379195457391386
3062,0.001515210934094423,0.00475109077327453,0.31891854026819927
3063,-0.0023626547071856,0.004676991801646687,-0.5051654583516163
3064,0.0012548587134600237,0.0047137493944163075,0.2662124369501849
3065,-0.0015329286297783324,0.004664705256826777,-0.3286228272482806
3066,-0.004851621949480525,0.004448124800558849,-1.0907117419167245
3067,0.003781788263171247,0.004502733668658725,0.8398871755383583
3068,0.004431613564592401,0.004426210455166156,1.0012207077546296
3069,-0.003759724444676251,0.004492225580043948,-0.836940259941147
3070,0.002713416651162997,0.004689097798535561,0.5786649730381859
3071,-0.0028445133983951384,0.004635960423576696,-0.6135758588293909
3072,-0.002945023376400432,0.0045566964983648475,-0.6463066779754241
3073,0.0025867473118376073,0.004575774058010277,0.5653136013805772
3074,-0.00715231954620078,0.004371558824170451,-1.636102780238353
3075,-0.004999354394975459,0.004457764268864188,-1.1214936666557436
3076,0.002778973269344907,0.004620993610859255,0.6013800284887579
3077,-0.0034846176757991018,0.00457690204831582,-0.7613485364147895
3078,-0.0036837801539690257,0.004571126786937091,-0.8058801091442408
3079,-0.003318681032448765,0.004651749269228132,-0.7134264639760852
3080,0.0029415942450055025,0.004590706745671206,0.6407715430264131
3081,-0.001633883928070394,0.004769407431110587,-0.3425758758651352
3082,-0.0008176181838582229,0.004733267937369134,-0.1727386225916201
3083,-0.0050660976770384135,0.004425404117355275,-1.1447762831806718
3084,0.003315896277190242,0.004579146640812465,0.7241297423490924
3085,-0.0036790394654867492,0.0045186727611326236,-0.814185859425807
3086,0.0021921696308841066,0.00463371364949726,0.47309130358582874
3087,-0.006818592537638546,0.004285936397868488,-1.5909224740314896
3088,-0.003392950253861137,0.004514692576035834,-0.7515351702729551
3089,-0.003485630270762495,0.004618486098832394,-0.7547127340371776
3090,0.0018793794684024256,0.004641112209513983,0.404941613898026
3091,0.008572756632007978,0.004069678239602111,2.1064949431594693
3092,-0.0014852742690780278,0.004695458032989375,-0.3163214874124696
3093,0.0042093517964180245,0.004675919928428973,0.9002189645775848
3094,-0.004976916319081487,0.004383435097178497,-1.1353918122992168
3095,0.0021476364172932946,0.004671927446004641,0.4596895910979781
3096,0.004484541495951276,0.004597047151463335,0.9755265387094744
3097,0.003263682167837659,0.004677906509335015,0.6976800757614128
3098,-0.003981619047878589,0.004581477925240893,-0.8690686963572428
3099,0.004157491660534724,0.004459525269559377,0.9322722507962165
3100,0.005447435847566977,0.0044674868501670345,1.2193512886027418
3101,-0.002780156954442867,0.004613775304332758,-0.6025774492815124
3102,-0.0018716829106755377,0.0046974848738431975,-0.39844362694972135
3103,0.0010797703693659053,0.004738840330215943,0.227855402192186
3104,-0.0050742228044534906,0.004646377472061585,-1.092081483901064
3105,-0.004004666634742103,0.004589535686490555,-0.8725646575818045
3106,-0.004469498506860069,0.004564283192950544,-0.9792333906369202
3107,0.005408005739666682,0.004553275118549048,1.1877177633382283
3108,-0.0021158200693865274,0.004830490743101542,-0.4380134818409796
3109,0.0043949667143779285,0.004396831186871428,0.9995759508577298
3110,0.005086016999791221,0.0045222926588191084,1.1246545465987856
3111,-0.007634851610012744,0.004172432485490399,-1.8298322708786494
3112,0.004899175338502106,0.004602928700307173,1.064360466451536
3113,-0.00520060919042416,0.004322992973876733,-1.2030112521234118
3114,0.003934958418043772,0.004665006405794606,0.8435054693935662
3115,-0.008070768389990546,0.004143322163698871,-1.9478978633864
3116,-0.004115510196844953,0.004490918492859837,-0.9164072345976106
3117,-0.0038245755132318526,0.004582245233097476,-0.8346509884732951
3118,0.00040598020122325926,0.0047487780706418434,0.08549150859104837
3119,0.0030339832351435453,0.004615406711672575,0.6573598871515403
3120,-0.004700337543214066,0.004536948105571315,-1.0360130717479688
3121,-0.004383430433416434,0.004606587195103442,-0.9515570307831768
3122,0.0071347909408014725,0.004136193012383162,1.7249656675694154
3123,-0.004306390259007514,0.004375017160890526,-0.9843139125266783
3124,-0.003009583714909339,0.004713238420094179,-0.6385383990078741
3125,0.0022102329978125963,0.004699723180828835,0.47029003895986987
3126,-0.0011318093189240511,0.004703743964921507,-0.24061881925644693
3127,-0.0042130837802630255,0.004465311293110343,-0.9435140136284593
3128,-0.007358060417816463,0.004217827392030355,-1.7445143515639412
3129,0.002334486545930859,0.004609017102939586,0.5065042055153031
3130,-0.004432803822226924,0.004576638854464448,-0.9685719068487968
3131,0.002761975299360746,0.004633173024008975,0.5961304024365733
3132,-0.003911857857762017,0.004620688928974476,-0.8465962365984724
3133,-0.002248163832880874,0.004678813295332877,-0.4804987271288258
3134,-0.0007874429903796574,0.0047783628200322266,-0.16479347007273648
3135,0.003973768140420136,0.004493557785871001,0.8843255900513335
3136,-0.0016301324575393613,0.004667131325174551,-0.3492793204138935
3137,0.0025703435486213923,0.004653654047539989,0.5523280248947867
3138,-0.0034874405450333124,0.004642005490147028,-0.7512788497203723
3139,-0.006400327691789237,0.004289976150422074,-1.4919261710020308
3140,-0.0036589333015513165,0.004455621302582023,-0.8211948577027793
3141,0.0032661862216781046,0.0045618108685962465,0.7159845762485919
3142,-0.007360219542057676,0.004370246404402532,-1.6841658023316677
3143,0.005455585227957152,0.004422184987575718,1.2336854390498833
3144,-0.00338840707763896,0.004624517763572836,-0.7327049545207337
3145,-0.0012407247161895748,0.004677363008178374,-0.26526158308007447
3146,0.002322959615030719,0.00466916637648524,0.4975105677813411
3147,-0.0038797134249220285,0.004573198863537932,-0.8483587835759657
3148,-0.0035181556994670115,0.004570027871865551,-0.7698324382496271
3149,-0.00022047801587888103,0.004757590269035382,-0.04634237153919177
3150,-0.006112861441346337,0.004302062407052083,-1.4209141716135807
3151,-0.0035116606551309428,0.004589222685904072,-0.7651972666127335
3152,-0.0043684568586781405,0.0045257658562470994,-0.9652414635300192
3153,-0.003483034489126211,0.004474435552184351,-0.7784299155735626
3154,0.0022729336152369625,0.004705402749941773,0.4830476233442693
3155,-0.009117635333170148,0.0038438733962404977,-2.3719915807028547
3156,-0.00236558327744636,0.004587317446026231,-0.5156790009149136
3157,-0.004505030563717679,0.004644675267865537,-0.9699344526593713
3158,0.004127418083969499,0.004534386895336012,0.910248326673422
3159,-0.005932704301389748,0.004451217590443709,-1.332827295193709
3160,0.005277461317871004,0.004497439533680526,1.1734368585389605
3161,0.002236908166931274,0.004642474708049317,0.48183529423495386
3162,-0.004774501380878227,0.004490371623700182,-1.0632753324197954
3163,0.001676799408006442,0.004634671241761384,0.3617946819824879
3164,-0.0011621353854578235,0.0046991658088044,-0.24730674182222642
3165,-0.0038183113163170286,0.004537822139902048,-0.8414413783964326
3166,0.0010375829292650735,0.004710800638990208,0.22025617485852392
3167,0.0042336569537626345,0.004440623749574392,0.9533924044270596
3168,-0.005073050184851311,0.004312380192297613,-1.1763921450878425
3169,-0.004738393818178018,0.004565705581492503,-1.0378229024196222
3170,-0.0006953519827542798,0.00473007714946244,-0.14700647807262607
3171,-0.008014312687800562,0.004306950681150573,-1.8607858044150143
3172,-0.004767361960748615,0.004425167797091031,-1.077329082048037
3173,0.0070954362940131,0.004200192038788752,1.6893123525035958
3174,-0.002940789933367947,0.004675322046945864,-0.6290026449170505
3175,-0.0022962688065719565,0.00464866271785057,-0.49396330642669123
3176,0.008696313114935881,0.004186413482825488,2.0772704728312164
3177,-0.004513033743520885,0.004573753216307535,-0.9867243662010103
3178,-0.005210415127701472,0.00447476572069968,-1.1643995357340775
3179,0.008793021092063915,0.0038765657841848132,2.2682501940085
3180,-0.004640819754355609,0.004455263001979736,-1.0416488885826538
3181,0.0018891900894249935,0.004666379127453033,0.4048513928734583
3182,0.005592448121054066,0.004291054990845916,1.3032804596968357
3183,-0.0023446362404964355,0.00464145376258005,-0.5051512651917748
3184,0.0023075256987031265,0.004698315246008265,0.4911389674551156
3185,-0.005441038415341728,0.004506092697733618,-1.2074847945490224
3186,0.0034764477658303736,0.0046798272584387245,0.7428581385267156
3187,-0.0015751444642403186,0.004689126341062923,-0.3359142726538837
3188,0.007661477456277965,0.0041400172798417255,1.8505906952569209
3189,0.004635459013049432,0.004429042059758489,1.0466053269546505
3190,-0.003897427095366622,0.00447065784561633,-0.8717793286704361
3191,-0.004304296596723835,0.004578391591497341,-0.9401329070928456
3192,-0.0031050101295451507,0.00447971956886562,-0.6931260052805982
3193,-0.005711267432610784,0.004535850152278251,-1.2591393544476217
3194,0.0028367856784990574,0.004719547374645285,0.6010715548145686
3195,-0.0018541633849239064,0.004695487834043875,-0.3948819484698895
3196,0.0029712822934465596,0.004558916786396837,0.651751815763
3197,-0.0003616786482658538,0.004742586188158071,-0.07626190308759002
3198,-0.0057707256518198585,0.004556438861357798,-1.26649908566977
3199,0.003121672376268497,0.004593809703905072,0.6795388963576025
3200,0.007697198265590716,0.004241526777142405,1.814723487558992
3201,-0.0045154193251669625,0.0044349402155758446,-1.018146605293228
3202,0.006083911668924121,0.004470872999747926,1.360788300018171
3203,0.0009041565594365964,0.004725288116455483,0.19134421799338222
3204,0.006695023687576746,0.004110610526985365,1.628717594047212
3205,-0.0011615470807717705,0.004684667469774656,-0.2479465379914455
3206,0.003412135698104554,0.004640765054182538,0.7352528426383773
3207,0.00701098553386594,0.004302563438000763,1.6294903340515712
3208,0.006420214027845674,0.004422028284293776,1.4518708644739076
3209,0.004216077041056305,0.004416876614362789,0.9545381067124392
3210,-0.000669488074338535,0.004743191500994485,-0.14114717362732795
3211,-0.003800571892258957,0.0046646690982005065,-0.8147570196833698
3212,0.004102827839045057,0.004643122227722354,0.883635544752322
3213,0.002414916662912043,0.004634216622492691,0.5211056926409037
3214,-0.006304799601778998,0.004302965461991244,-1.4652219864347653
3215,-0.00431295889001732,0.004567027916057976,-0.9443688475940046
3216,0.0007175546780643265,0.0047155022280938414,0.152169301032095
3217,0.00497507264072336,0.004555085936587359,1.092201708152767
3218,0.003920275944777685,0.004592502609627118,0.8536251969807779
3219,0.005386750861371473,0.004465207667379482,1.2063830537433484
3220,0.006549957242184839,0.004298390329186487,1.5238162987921302
3221,-0.0034944923663111018,0.004543228744090973,-0.7691649624413295
3222,0.0025741124454285195,0.004822330535655465,0.5337901303935896
3223,0.0069829859692091545,0.004082959720240127,1.7102754980885464
3224,-0.0036690958916181272,0.004519284159207864,-0.8118754569000687
3225,0.004772138931093404,0.004594793593677344,1.0385970193873553
3226,0.006843501502344579,0.004414021629711365,1.5504005363906834
3227,0.006490087013365274,0.004381228198476772,1.4813396425280223
3228,-0.0048396063147654956,0.004387951322941036,-1.1029307206447625
3229,0.0026610106557751157,0.004668725522277006,0.5699651099808716
3230,0.002033768273697233,0.0046796155091468755,0.43460157564697066
3231,0.0003457752145886188,0.004758311747687303,0.07266762518380117
3232,-0.0038455272695521996,0.004637552172997154,-0.8292148801998093
3233,0.0013444653189362491,0.004730802676946348,0.28419391184670556
3234,-0.0002754194608421876,0.004757070185323777,-0.057896867212910784
3235,0.00587487638844228,0.0045383992631899085,1.2944820514343642
3236,-0.0038568696965336157,0.004549713985644858,-0.8477169573082425
3237,0.004826112082816008,0.004378506805464664,1.1022278363922384
3238,-0.004194451631289187,0.004562777872321143,-0.9192758772531296
3239,-0.003536441612944696,0.004708148952626787,-0.7511320581672829
3240,-0.002511261051093753,0.004599466991776337,-0.5459895800065067
3241,0.004062775440099504,0.00465959087504641,0.8719167731778679
3242,0.002630190020367857,0.0047450342168138815,0.5543036994439071
3243,-0.005280253294318831,0.004493336877575048,-1.1751296281992691
3244,-0.002278686552297783,0.004762181119898709,-0.4784964063580703
3245,-0.0018021688648664329,0.00480935856262831,-0.3747212526157645
3246,0.005712036817142686,0.004492393363429422,1.271490796785927
3247,-0.007366873974736558,0.004199636252627985,-1.754169535546472
3248,-0.005970228152480729,0.0044714854631171305,-1.335177806508803
3249,-0.005140039953634429,0.00448245711066339,-1.1467014244055351
3250,0.003330444357157281,0.004613167600220987,0.7219430651073117
3251,0.006710844555790467,0.004114808786032494,1.6309007063876415
3252,0.002691736284313238,0.00458394929718766,0.587209000318714
3253,-0.00038012596166041117,0.004758386226780753,-0.07988547871986891
3254,-0.0034988516366944206,0.004675769952312626,-0.7482942215674866
3255,0.00179734666251631,0.004678972010359533,0.38413280920186604
3256,0.0023829277677565276,0.004752370709189726,0.5014187473103954
3257,0.0012380070172658532,0.004740810692692166,0.2611382519817145
3258,-0.003991670172300191,0.004495766109237086,-0.8878731845277337
3259,0.003850330977426215,0.004719972475277717,0.8157528455077837
3260,-0.005637335046896033,0.004268622392111503,-1.3206450533816105
3261,-0.004590633996684549,0.004600514543472039,-0.9978522952825983
3262,-0.005737918564507297,0.004365799420156884,-1.3142881777883202
3263,-0.002715954779249727,0.00467946281171415,-0.5803988381851968
3264,-0.00032207138681882095,0.004756223731292427,-0.06771577726670634
3265,0.008784181312067702,0.004276039858903581,2.0542795675249046
3266,-0.0036201405363455188,0.004482076342030189,-0.807692743293558
3267,0.003570976779481485,0.004544976430340726,0.7856975353365645
3268,-0.008668001201404919,0.004082711413772188,-2.1230991669323473
3269,0.0028278020118128137,0.0046779275104314386,0.6044988951853189
3270,-0.00891161819252928,0.0038976322227946376,-2.286418441537711
3271,0.0020790362579311515,0.004723502420715432,0.4401471774023683
3272,-0.006099573804150949,0.0042500225594638355,-1.4351862181457324
3273,-0.002893128222487411,0.004564410721295262,-0.6338448485780473
3274,-0.007890169905044278,0.0039958162285887115,-1.9746078031799323
3275,0.0037057814055880827,0.0046007996304610116,0.805464637288878
3276,-0.003365205869867018,0.004514043113070312,-0.7454970600797184
3277,0.0004033151342220174,0.00473227684152458,0.0852264454782157
3278,-0.003607695014271374,0.004628029137008187,-0.7795316121547987
3279,-0.0029372136964370787,0.004612540438319889,-0.6367887145303716
3280,-0.000860140103210197,0.004765135356394293,-0.18050696126731902
3281,0.0043449525902473475,0.004529695388842072,0.9592151827582495
3282,-0.000601750351564968,0.004770986375502336,-0.1261270320650643
3283,-0.006831065202046578,0.004392273550295642,-1.5552458479246545
3284,-0.005347532829821189,0.004460988263300763,-1.198732772693837
3285,-0.005142434779470619,0.004298237889566271,-1.1964053436766697
3286,0.0028310524072902065,0.004675846836238679,0.6054630329952269
3287,0.0015422000732252356,0.004680668882474396,0.3294828393009429
3288,0.002847599543344864,0.004603457745850189,0.6185784035732375
3289,0.0038911495107327946,0.004657181698185491,0.8355159327901778
3290,-0.004735495450362319,0.004492388587457449,-1.0541152792489086
3291,-0.0035626485179756904,0.004611015064259778,-0.7726386637922673
3292,0.004172840212112507,0.004500756941036714,0.9271418711962984
3293,-0.004270185428045306,0.0045086653818950375,-0.947106308929607
3294,-0.0052624722890415475,0.004578584823873911,-1.1493665600780556
3295,0.0031653916857567297,0.0045427241702719065,0.696804729301287
3296,-0.0018744275793283508,0.004706319512215911,-0.39827886195635714
3297,-0.0024364529520150223,0.004637276921506725,-0.525405964158677
3298,0.0010504571493599078,0.004694406853289137,0.2237678118214029
3299,0.0024279890782665813,0.004575234601636286,0.5306807824451747
3300,0.004184548553883245,0.0045631937744463405,0.9170218843908209
3301,-0.0014289588772550888,0.00469482220460511,-0.3043691145222572
3302,-0.001699907676094145,0.004687541308714766,-0.36264377509245393
3303,0.005654985400960232,0.004493454099261003,1.2584940840700378
3304,0.005205809646657188,0.004436518795707682,1.1733996600428682
3305,-0.004460970322701295,0.004453080031462089,-1.0017718727674911
3306,0.004903244411718839,0.004505491162727765,1.088281884177587
3307,-0.00023456830099130528,0.004760955525497562,-0.049269164505961395
3308,0.000735787582394451,0.004737348788584666,0.15531632042112642
3309,0.006831196826717563,0.004410079155610645,1.5489964206258506
3310,0.0005657422823384553,0.004764976502565698,0.11872929111693033
3311,0.004288734683919328,0.004439862112428034,0.9659612337766817
3312,0.004923804146858675,0.00443448562765659,1.1103439181650174
3313,0.003707783450264657,0.004572518893587484,0.8108842273925789
3314,0.002665361137598301,0.004601829851214013,0.5791959337425632
3315,0.005836286883043016,0.004262092238980374,1.3693478591723858
3316,0.003262976506212976,0.00460947521550149,0.7078845971965985
3317,0.008921241961011623,0.0038967068239364657,2.2894311438085957
3318,0.008422171028225464,0.00416094155383191,2.0241022180350714
3319,0.0023448165510871932,0.004717057562288227,0.49709305432976986
3320,0.0044850613382448005,0.004518853419708336,0.9925219788461921
3321,0.004654727407272827,0.004533694179195373,1.0266963812056096
3322,-5.9260385802179786e-05,0.004749949326253711,-0.012476003791164337
3323,-0.0011789082641700023,0.004794975362683111,-0.2458632578896764
3324,-0.00252452633592086,0.004633157991322435,-0.5448824194316517
3325,-0.005422282115305606,0.004468706599984474,-1.2133896003206934
3326,-0.0019269530425174697,0.004675558408834075,-0.4121332414277306
3327,-0.0011396273336346176,0.004741615835825017,-0.24034577517314373
3328,0.004955848739430411,0.00451542967072913,1.0975364695759207
3329,0.004101977813760608,0.004658842526427621,0.8804714455343452
3330,-0.0021790020988093546,0.004682295045030784,-0.4653705240386082
3331,-0.005441491497692084,0.0043627065878110265,-1.247274229464589
3332,0.0055291094750465385,0.00444807153770572,1.2430351958544286
3333,-0.0016007143481919798,0.004737999460140841,-0.3378460385355125
3334,-0.007486672022032664,0.004236736747966305,-1.767084543458211
3335,-0.004882884184657952,0.004453277067779321,-1.0964698828166242
3336,-0.004606005822978082,0.004552565786791172,-1.0117384434821264
3337,0.0015569913065009813,0.004696687491110714,0.3315083895719811
3338,0.003319676442051839,0.004524659054193601,0.7336854340384067
3339,-0.0020014584455934166,0.0047091926380691575,-0.4250109518590528
3340,0.0032048577701983888,0.004535338467001095,0.7066413661332622
3341,0.0025438788202874004,0.004675875603197302,0.5440433057175279
3342,0.002024835933682792,0.004723859138104597,0.4286402016837526
3343,-0.0020261011105733103,0.004650271286434723,-0.4356952499703914
3344,0.004521308733557448,0.0045024748822554694,1.004182999748917
3345,-0.0006780145094489337,0.00473642727565698,-0.14314893272691231
3346,0.0038728473840681055,0.004425347395790033,0.8751510418713031
3347,-0.003719929765389717,0.004559082471073386,-0.8159382483190528
3348,0.0029759142961495095,0.004567996985617602,0.6514702845731323
3349,0.005010834509615586,0.004432603019346613,1.1304496449930694
3350,-0.004765502091870968,0.0043711775221627015,-1.0902101476567734
3351,0.004978730049185343,0.004573886800465828,1.088511864499638
3352,-0.005408371737289946,0.004518172267348506,-1.1970264561124966
3353,0.002345164944886834,0.004659688215635728,0.5032879532621003
3354,0.004622873573278322,0.004347511172566486,1.0633379397503147
3355,0.0049010072812761644,0.004554416801404741,1.0760998597591076
3356,0.0028725841111710026,0.0046641540997107,0.6158853352099105
3357,0.008063546738184706,0.004373736723522277,1.8436287430878862
3358,-0.004408162211388501,0.004508507961053205,-0.9777430248473459
3359,-0.0020521271332169253,0.004659304837134619,-0.44043633223168616
3360,-0.0035097372625563115,0.004430344860108438,-0.7922040774203765
3361,-0.003986548819409136,0.004494984902121283,-0.886888144502509
3362,0.004554846201822898,0.0044389406467121905,1.0261110846788537
3363,-0.007163512479456587,0.004121865050862752,-1.737929891216886
3364,-0.0064131623579187615,0.004197667802075872,-1.5277917787461077
3365,0.005537433161134516,0.004553375236625268,1.2161161497506148
3366,-0.0064871385623430705,0.004312188011310746,-1.504372848615944
3367,-0.004515264875733404,0.00444402171648788,-1.016031235621825
3368,-0.004538106385023811,0.0044880339618301535,-1.0111568726127105
3369,0.0039486896450876266,0.004532731629174827,0.8711501072933533
3370,-0.004506809578351062,0.0044210117621029015,-1.0194068283155506
3371,0.002284317169970062,0.004640224415077978,0.4922859253417541
3372,0.0052623977839237135,0.004513453836513025,1.1659358829266995
3373,0.00737840632123867,0.004193563817487341,1.7594596487289402
3374,0.00124292201282982,0.004782601737854072,0.25988407167424155
3375,-0.0057223880717043145,0.004381130404434198,-1.3061442010291708
3376,0.007399641280609962,0.00421130679922438,1.757089101647212
3377,0.0028912097072790557,0.004645864960223423,0.6223189292053842
3378,-0.007277914914030942,0.00429739945977072,-1.6935625794533986
3379,0.005346409000391751,0.00447306482529292,1.1952451415773166
3380,-0.0021397587323129133,0.004664013550792075,-0.4587805564907771
3381,-0.0030858678773445602,0.0046051176789497755,-0.6700953357718127
3382,-0.002936932381982848,0.004689626672674214,-0.626261446160722
3383,-0.004717870104885674,0.004462561245466761,-1.05721128414277
3384,0.004004332435155447,0.004561911328896163,0.8777751574852217
3385,-0.0029133168531368927,0.004725260312006223,-0.6165410285936128
3386,0.00512487578027604,0.004536828516627635,1.1296163744107124
3387,0.0010578977959007244,0.004774069782217842,0.22159244505413728
3388,0.0017262224680724787,0.004701525442115917,0.3671622092287549
3389,0.004921767542766186,0.004662755523264968,1.0555491314543233
3390,0.0072316654176525445,0.004183884964367281,1.7284570391495389
3391,0.007687664871466118,0.004242322875201494,1.8121357326205358
3392,0.0033012138821354193,0.004518480475456029,0.7306026661102798
3393,-0.0015757791531527928,0.004704707448352734,-0.3349366927596152
3394,-0.0012942488098454572,0.004691823580423592,-0.27585197688285806
3395,0.004540886628674359,0.004466117342500566,1.0167414513412516
3396,0.0017142670802637065,0.004676940294628554,0.3665360197632916
3397,-0.007506607471151988,0.0042644848151062315,-1.7602612734277008
3398,0.008014337595185382,0.004048025984305726,1.979813772504703
3399,0.005959457954588842,0.004331819934282605,1.3757399995842141
3400,-0.004796989021288188,0.004566876930861603,-1.0503871888623832
3401,-0.0012627257133034065,0.004673222798824404,-0.2702044750832462
3402,0.0017496167706322959,0.0047851282576047,0.36563633751127594
3403,0.002049912561324908,0.004836296803334179,0.4238599582870272
3404,0.0015833788846077316,0.004719046740345278,0.33552939221192807
3405,0.0013598546002051856,0.004751011666604972,0.2862242182572717
3406,0.00015862426038848067,0.004758132174269718,0.033337506100873805
3407,0.009207133361570004,0.003911260636339089,2.35400660237969
3408,-0.0031791945234413534,0.00457156133266961,-0.6954286056980079
3409,-0.00412119626933017,0.004527548390041615,-0.9102489723566025
3410,-0.002289231871761508,0.0046791880922146594,-0.4892369844183833
3411,-0.002921290962324466,0.004597123632476414,-0.6354606044716711
3412,0.00458861337867521,0.004628797927988196,0.9913185777521182
3413,0.005352946933742921,0.004390687414228025,1.219159195071982
3414,-0.004383371536239774,0.004653554338799138,-0.941940550622412
3415,0.004663943144266272,0.004359350691357945,1.069871059814517
3416,0.003264699702830793,0.004648135841628882,0.7023675327196803
3417,-0.00604567831849887,0.004376493456603063,-1.3813977739135914
3418,0.0013671638812830416,0.0047008652901532975,0.29083238869805134
3419,-8.884084995706415e-05,0.004748525151924448,-0.01870914591682417
3420,0.0012357118174489018,0.004707317131828978,0.26250872478795134
3421,-0.0017879608758199423,0.004675458543941743,-0.38241401544169495
3422,7.401480300096513e-05,0.004755286361635877,0.015564741504968617
3423,-0.005237038949005982,0.004439835559028325,-1.1795569631754848
3424,0.005066638003061291,0.0043602950542023875,1.16199430086231
3425,0.001976122930085096,0.004688551752925448,0.4214783229921869
3426,-0.005867658804897516,0.0044904890110709144,-1.306685928955913
3427,-0.0042914583515462285,0.004561440417445007,-0.9408121029343613
3428,-0.0028614769210099575,0.004640486979511262,-0.616632895134495
3429,0.005017252421808208,0.0043961457287773325,1.1412843730281934
3430,0.0021338394965563583,0.00471171854082852,0.4528792367510855
3431,-7.285028035589839e-05,0.004748856654920635,-0.01534059367330301
3432,0.006045346946051827,0.004344161312882804,1.3916027768407406
3433,0.005419818597894864,0.004351572605600389,1.2454850439401293
3434,0.0025487727612777526,0.004594524342966672,0.5547413771306774
3435,-0.004034312997755207,0.0044888581381631225,-0.8987392502909618
3436,-0.0029361025298269717,0.0046508830045333335,-0.6313000191501438
3437,-0.005707639404896125,0.004389294102793373,-1.300354742978774
3438,0.0013330770966464426,0.004699398951107662,0.2836697012779118
3439,-0.003127278299944672,0.0045918238548009185,-0.681053628979036
3440,-0.002920434767766191,0.004595729267776229,-0.6354671038268807
3441,-0.004188337223386416,0.00461920306408564,-0.9067229055052349
3442,-0.0017784923595526947,0.004726908306810472,-0.3762485422004621
3443,-0.001076740869349576,0.004706006578874558,-0.228801394835083
3444,-0.003945897495079365,0.004662186202418201,-0.8463620550017268
3445,0.00012749282088349667,0.004747863243318696,0.026852673371101737
3446,-0.0028309201335858865,0.004637110421457611,-0.6104922842652573
3447,0.003846025337636506,0.0046125645974414795,0.833814953999742
3448,-0.0034448726017463948,0.004690954301590389,-0.7343649885010538
3449,0.004737237663035178,0.004530111753074432,1.045722030989672
3450,-4.6236324866986145e-05,0.004750303868630914,-0.00973334046529363
3451,0.0011736126417285048,0.00477367118784977,0.24585116895266124
3452,0.0045717414795829235,0.0046931179928617625,0.9741373403644543
3453,0.006212371044983426,0.00439715764767988,1.4128151735158567
3454,0.0004472202460015867,0.004741264826540322,0.09432509306338857
3455,-0.005663309964024711,0.004565639018110053,-1.2404200028869208
3456,0.00515719046735149,0.004460038921076429,1.1563106418153866
3457,0.00550818891204633,0.004290116090320457,1.2839253754634148
3458,0.0029015265878637037,0.0046188929990960016,0.6281865781328088
3459,0.003255166361575649,0.004595980548758159,0.7082637376381412
3460,-0.0017992181742279205,0.004672018448761433,-0.38510510905728523
3461,0.0031465106958600865,0.0046250587039186955,0.6803180018437663
3462,-0.005617009378256821,0.004396356302764933,-1.2776510799919019
3463,-0.0022913048938176836,0.004627944545584948,-0.49510206339952473
3464,0.0035192990721880364,0.0046944148937225405,0.7496778942342972
3465,0.0025374155370159693,0.004735556980535205,0.535821984076136
3466,0.0014283561631516486,0.004710290405991344,0.3032416348119054
3467,0.003571683415883537,0.0045182028218328715,0.790509757247824
3468,0.0007847089156481793,0.004735580572197439,0.16570490221520037
3469,0.004690104855916898,0.0044859658764436,1.045506137383982
3470,0.0048490174658045535,0.004542743040285222,1.0674205920967306
3471,-0.0057688779742223195,0.004380987683996007,-1.3167984916498061
3472,0.003081544846938964,0.0046274517930236375,0.6659269474367538
3473,0.002136048741358725,0.004656205216572219,0.45875313522612093
3474,0.0022993201817473673,0.004655750067921649,0.4938667557757875
3475,0.003294677022004141,0.004655474894149753,0.7076994499840086
3476,0.0001684230418133961,0.004756858222039042,0.03540636149992317
3477,-0.004125762076673704,0.00462795919645059,-0.891486268901842
3478,-0.006741900252746469,0.00447264763163509,-1.5073622623568483
3479,0.001522284714423243,0.004702683301388466,0.32370555635200626
3480,0.0031589330618143814,0.004574958547355802,0.6904834282356845
3481,-0.0017816524119981898,0.004674069841201706,-0.3811779610764494
3482,-0.003141305329841197,0.004659561351409656,-0.6741633155856739
3483,0.002638312769866644,0.004626187412466011,0.5702995868168425
3484,0.0031083453815462605,0.004568567152543943,0.6803764238893636
3485,0.00889581561559675,0.004044890851489378,2.1992721045417585
3486,0.00010423520296776759,0.0047559508790418845,0.02191679553022768
3487,0.006095397199540279,0.004147097570097571,1.4697983581314362
3488,-0.00394899571791478,0.0045452927715859655,-0.8688099791065554
3489,-0.0034484216983941825,0.004621354808374451,-0.7461928030596628
3490,0.004323743629750922,0.0044578981666659225,0.96990632538039
3491,0.006224234237612778,0.004476312308018279,1.3904825689806095
3492,-0.0031622131049006768,0.004624463289576189,-0.6838011044499996
3493,0.003735723958404728,0.004648921013752147,0.8035679563825547
3494,-0.002597385416497222,0.00464798211415169,-0.5588200110729717
3495,-0.005233215848058019,0.004425341295991201,-1.1825564398385837
3496,0.0012942488098454572,0.004691823580423592,0.27585197688285806
3497,-0.00359780321165531,0.00453562818522803,-0.7932315138557658
3498,0.004979203243507924,0.004385620805505082,1.1353474147280913
3499,0.005105596073620015,0.0046088257138797726,1.1077867531948944
3500,0.003591588594139172,0.0045906460606922606,0.7823710533670651
3501,0.004269518777615718,0.0044832182934671045,0.9523334573819913
3502,-0.006450253958216791,0.004221734844072576,-1.5278680913068505
3503,-0.003080329204293381,0.004648917942253158,-0.6625905732378791
3504,-0.00020484665444898365,0.004746942055432963,-0.043153392659287436
3505,-0.007415970808909548,0.00401490915045943,-1.847107999457704
3506,-0.00417870145499421,0.0045440281968187335,-0.9196028884503207
3507,-0.002889854755322925,0.004620978445011089,-0.6253772420087518
3508,-0.005919871401347392,0.004428126463367151,-1.3368794794640795
3509,-0.0026175949593552003,0.004663423973524192,-0.5613032343222828
3510,0.004358845274268584,0.004535612888164971,0.9610267414228324
3511,-0.003459039984691332,0.004658521383426135,-0.7425188595243416
3512,0.006120105769254961,0.0043156173399496464,1.41812984960487
3513,0.0006288635075526724,0.004731312664674781,0.13291522926563953
3514,-0.004717895196403121,0.0045524175912369826,-1.0363493905929606
3515,-0.004957783000969696,0.004555701547592951,-1.0882589540109775
3516,-0.0036047486414651684,0.004502952336234688,-0.8005300461340024
3517,-0.002918638236482351,0.00462942858574919,-0.6304532368134633
3518,-0.0033162401549658915,0.004597815408550292,-0.7212643093063004
3519,0.0002716755130304142,0.00474161299535002,0.05729601156754874
3520,-0.0010107623292972062,0.004727465373477695,-0.2138063950648575
3521,-0.005081426991509093,0.004294686314983048,-1.1831893225312662
3522,-0.005748476697860081,0.004351720885863695,-1.3209663139319583
3523,0.0022842425684344927,0.0046217726718203265,0.49423516270323686
3524,0.0022734654151740663,0.004686462292327165,0.4851133484838363
3525,-0.009348740715394533,0.004043835010170905,-2.3118501847580144
3526,0.003791483447911152,0.0044590849622126935,0.8502828450323442
3527,0.0005359153494912945,0.004727342805851199,0.11336502798738715
3528,-0.004851366221013292,0.004380383726719421,-1.1075208300635804
3529,0.00280021058771084,0.004665931614390104,0.6001396546564823
3530,-0.0009255478977989608,0.004767762761562027,-0.19412624832359116
3531,0.005239033640526435,0.0045777059975650285,1.1444670416390175
3532,0.0003039575033883255,0.00473403297311635,0.06420688345739053
3533,-0.0039215938165330306,0.0045382037759775255,-0.8641290717908149
3534,-0.0028618757031108133,0.004582711336803753,-0.624493993354347
3535,-0.004336273978172781,0.004539901133429511,-0.9551472269390795
3536,-0.006891977966815154,0.004275659565156371,-1.6119098964239211
3537,-0.0009382680857104844,0.004686186921288126,-0.2002199445882487
3538,0.003548004628820568,0.004618963640543631,0.7681386789186727
3539,-0.0013124519194645172,0.004738129271065981,-0.27699791296940335
3540,-0.0014495556064281136,0.004685817804884528,-0.3093495451140006
3541,-0.001482714516536171,0.00470075623610386,-0.3154204221755377
3542,0.0009795921395744523,0.004721242054886788,0.20748610814404478
3543,-0.0018677625789864734,0.0046071737112032985,-0.4054031161109947
3544,0.0022173746409018653,0.004703528710151839,0.47142789542583324
3545,0.0026554628516811565,0.0046234327500105895,0.5743487567057344
3546,0.004257465019441089,0.004583828916400126,0.9288010301188674
3547,0.002468492063526306,0.00462629283099168,0.5335788618891136
3548,0.004828706485245121,0.004559246973343535,1.0591017581361637
3549,-0.00386335248462419,0.004626942559234281,-0.8349687585625748
3550,-0.0042868189097134,0.00463587108763769,-0.924706237225816
3551,7.337525325593781e-06,0.004752098526949428,0.001544060015587271
3552,-0.0027808072685186875,0.004590548340776514,-0.6057679959096782
3553,-0.006420540697077954,0.00438562321292308,-1.463997335238148
3554,-0.003363590158060902,0.004634846107390411,-0.7257177649755294
3555,0.0020572017702127155,0.0046768635230833525,0.4398678216841461
3556,-0.0037866412148998365,0.004493483323902519,-0.842696176206391
3557,-0.005157405134125042,0.0044444661760649675,-1.160410481218083
3558,0.00341759316139842,0.004566133609990799,0.7484654312174861
3559,-0.004582764433026092,0.004437426808144583,-1.0327526810390995
3560,0.0060392630503042265,0.004275249341821835,1.4126107198535192
3561,-0.0024310946273251935,0.004670805151405495,-0.5204872711493116
3562,0.0002292512561106527,0.004749927383210797,0.048264160189263
3563,-0.002897827726558682,0.004511401801541168,-0.6423342131859631
3564,-0.0026587738254463737,0.004641206892928481,-0.572862595179151
3565,0.0037053793017582993,0.004564016021006243,0.8118681627549069
3566,-0.0013593579882934057,0.004677495848062301,-0.2906166103507143
3567,-0.0066048782561531,0.0041476539665456676,-1.5924371486693494
3568,-0.005722998276894381,0.00447940188558677,-1.2776255453454828
3569,0.007486557282795858,0.0041063052795080246,1.8231857529337958
3570,0.005979354241337108,0.0043057149594251075,1.3887018294716524
3571,0.0031864419992699866,0.004600555214285206,0.6926211839335719
3572,0.0025910330654418698,0.00472370763914233,0.5485168142015487
3573,-0.002071661122206885,0.004651966727013274,-0.4453301675992348
3574,0.0016388077487723106,0.004692721360488273,0.34922332328757616
3575,0.0049004739998711085,0.004478518504072443,1.0942176515325255
3576,-0.0033317745776140187,0.004630859251137508,-0.7194722182056416
3577,0.005923657300640233,0.004552027551731784,1.301322813476079
3578,-0.0012321151151567478,0.004708073638300233,-0.26170260064190104
3579,-0.0018368108181067936,0.004674904526778704,-0.39290873376883034
3580,0.004763589996618902,0.0043314408853989735,1.099770289530368
3581,0.0044078168172511445,0.004588405993290834,0.960642284858021
3582,0.0059215033664266736,0.0045947289213605115,1.2887601135505729
3583,0.007501618519158985,0.004204181766595994,1.784323070606158
3584,0.004243686981768488,0.00453342159791207,0.9360891966727685
3585,0.0021539526241457414,0.004811688156575694,0.447650087465068
3586,-0.005484910011206906,0.004600020068401995,-1.1923665396338834
3587,-0.004075875493028756,0.004634050824743506,-0.8795491562728718
3588,-0.005259631571316924,0.004423770702517269,-1.1889476026241648
3589,-0.004492534754298875,0.0044072094198416715,-1.0193603993658802
3590,-0.0032682631284957613,0.004715892879166187,-0.693031672312629
3591,-0.0029404561240190894,0.00464548177152562,-0.63297118977897
3592,-0.0009514037110848653,0.004711348010306632,-0.20193874640624232
3593,0.003968208807198085,0.004423424478620326,0.8970897607447741
3594,0.005572145085231674,0.004343310182666325,1.2829258908261938
3595,0.00794019005628815,0.004054450662392209,1.9583886246141355
3596,0.007232886431221771,0.004033262792157109,1.7933089917390201
3597,-0.005067705972493574,0.004494324733240768,-1.1275789519640145
3598,0.008215897716637003,0.004146216137975687,1.9815411071764009
3599,0.0026634220270747456,0.004604308230118944,0.5784630163662915
3600,0.005934453653127328,0.00433928601988284,1.3676106221012734
3601,-0.003339161124740031,0.004555137329535191,-0.7330538868914324
3602,0.0029272795103577774,0.00463990058048626,0.6308927227167008
3603,-0.004338861321522514,0.0046043651609592,-0.9423364937064689
3604,0.004439923483736522,0.004495184205154943,0.987706683664921
3605,0.0023042942192128117,0.004685686748803505,0.49177299780042183
3606,-0.007919090266434177,0.004364984182219818,-1.8142311485781637
3607,0.0021264736784615467,0.004692148279065895,0.4531983117304387
3608,0.0023277730169914868,0.004690100325207193,0.49631625244363053
3609,0.0029219935010492497,0.004655565885892391,0.6276344428727066
3610,-0.002694330613018199,0.004653874561944214,-0.5789435398732812
3611,-0.006366235593237644,0.004414358191984888,-1.4421656141988575
3612,0.005591190032750075,0.0043931331087108776,1.2727112733423993
3613,-0.0051670167560459905,0.004419472393639537,-1.169147874638229
3614,-0.005827763646255737,0.004379295002555752,-1.3307538411672795
3615,0.003715009552485673,0.004456184119931534,0.8336750575159699
3616,-0.0017565922950837274,0.00473277556245749,-0.3711547847351583
3617,-0.00038056884838078134,0.004731658444352463,-0.08043032963104396
3618,-0.005189570853773554,0.004555432849574725,-1.1392047748564726
3619,-0.006383218021351556,0.004369824650307837,-1.4607492364486259
3620,0.004040452666565564,0.004489760317362984,0.8999261388052634
3621,-0.006185536812098696,0.004412798000311621,-1.4017267075587616
3622,0.0034296971332594137,0.004506452239857341,0.7610636817418011
3623,0.004093917618385549,0.004643621721647651,0.8816216875075139
3624,-0.006841254140964581,0.004293232953369904,-1.5934970720828574
3625,0.0012091484870743975,0.004756309612703791,0.25421988590583783
3626,0.002999363425612852,0.004597313137073376,0.6524166042607726
3627,0.007386117465454962,0.0043143613164806525,1.7119839817866782
3628,0.0006590096160361841,0.004737890762526424,0.1390934593191792
3629,-0.0026449820048448677,0.004561821621901136,-0.5798082924037203
3630,-0.005395990910567182,0.004391560657771837,-1.2287182919852842
3631,-0.006994625833127524,0.0042835019398412754,-1.6329222984749505
3632,0.0025811680536016253,0.004654409311115274,0.5545640447730916
3633,0.00438883231139174,0.004629503564189655,0.9480135937987896
3634,-0.003852857435441727,0.004542960634699369,-0.8480939513350395
3635,-0.0014184776297566724,0.004714488654441147,-0.3008762420968893
3636,0.003503580397999482,0.004561127189882805,0.7681391577439226
3637,-0.004412168811687622,0.004560304763914018,-0.9675162165917932
3638,-0.005591303915066227,0.00439369443794729,-1.272574593894257
3639,-0.0027351658429457804,0.004590012104871221,-0.595895126298914
3640,-0.0035274883007193492,0.004696938735710494,-0.7510185887459219
3641,-0.002189113702935758,0.004626492102009186,-0.473169229443853
3642,-0.000676092603137402,0.0047445814984082854,-0.1424978374518844
3643,-0.0003376458388142348,0.004754386694188457,-0.07101774856196647
3644,0.004403610489160316,0.004438503747486433,0.9921385087607784
3645,0.0007608212747733356,0.004714122916187486,0.16139190434784936
3646,0.004806012457867457,0.0044530942921439266,1.07925234512688
3647,-0.006315463586108634,0.004271340925790935,-1.4785669642933466
3648,0.006666048858815996,0.004278317858442211,1.558100421562223
3649,-0.0024788583892495163,0.004639418684433154,-0.5343036612683696
3650,0.0035573633942300635,0.0046096124094170245,0.771727225257093
3651,-0.0013889395781144294,0.004726710389522026,-0.29384909665575715
3652,-0.0018851019326478365,0.004659274653214871,-0.4045912879051094
3653,0.005799753752049844,0.0044043464072791,1.3168250668168475
3654,0.0010909488579175079,0.004789927692379532,0.22775894084020046
3655,0.001559477979182034,0.004696601906892807,0.3320438926052726
3656,0.004442981975735345,0.004622848700764163,0.9610917993056779
3657,0.0005900214526650086,0.004726686190459465,0.1248277183824752
3658,0.0014350410732916594,0.0046929280382169486,0.30578799879422297
3659,0.00440869336467282,0.004539800930637343,0.9711204151971224
3660,-0.0008917938523736662,0.004726122404454555,-0.18869461602033744
3661,-0.0071984600476475745,0.004062266093838518,-1.7720306551473597
3662,-0.0018004471421195311,0.004655315035078048,-0.38675087046807044
3663,-0.008458524224729503,0.004186938198384233,-2.0202171190378935
3664,-0.002302742483638279,0.004604357197151427,-0.5001224677057884
3665,0.00345862816992844,0.0044964657012252765,0.7691881579316777
3666,-0.0035918840038742347,0.004538745261290121,-0.7913825952094204
3667,-0.002860162129626411,0.0046372637812367905,-0.6167779674727897
3668,-0.0007160992884360627,0.004723999167636775,-0.15158751367737816
3669,0.005381313014714175,0.004479071818946552,1.2014348579880159
3670,0.004963511037932385,0.004463663120724768,1.1119815505087793
3671,0.0008976957107750279,0.0047375655897329335,0.18948459789569538
3672,-0.00034537966712500757,0.004746442632160725,-0.07276600475160072
3673,-0.0013874507538306578,0.0046833412373012105,-0.29625233002030416
3674,-0.0035624880847367336,0.004527475255359747,-0.7868597582105754
3675,-0.0042178808130074,0.0045281930155881564,-0.9314710743308608
3676,-0.004332947154532696,0.004425271386490806,-0.9791370463199269
3677,-0.006048752787381545,0.004559348992805959,-1.3266702761568954
3678,0.0011431555553814599,0.004786712537771762,0.23881850985637093
3679,0.004874351245412677,0.004289307667873339,1.1363958062326187
3680,-0.0019088055046325477,0.004661404586218279,-0.40949148895507703
3681,-0.00528392279010896,0.00440831543162054,-1.1986262943453976
3682,-0.0068773524352486876,0.004187564608082402,-1.6423274812225552
3683,-0.006002547954440779,0.004517621426903605,-1.3286965390003802
3684,-0.0033641311237149057,0.004602864768060716,-0.7308776801479409
3685,-0.0005101605275418846,0.004739745076923921,-0.10763459200066874
3686,-0.00600400697104221,0.004432541421557487,-1.354529241811924
3687,-0.0017073493414404366,0.0046801870118158935,-0.3648036578730626
3688,0.0018612671773527907,0.004679092869597621,0.3977837647648252
3689,0.0030754508058441557,0.004642116419627064,0.6625104861310716
3690,0.0025867467062437254,0.004690504095950182,0.5514858644888815
3691,-0.00029743807298036125,0.0047447798662287564,-0.06268743363572962
3692,-0.0026674328705809276,0.004599470920020714,-0.5799434145718906
3693,0.006699325474978355,0.004500705271966049,1.488505705251808
3694,-0.0006498099391675431,0.004764942878012624,-0.1363730806020843
3695,0.005374991771857888,0.004449457580733852,1.2080105663062388
3696,0.005818198130141154,0.004488038544613862,1.2963788239126488
3697,-0.0016243177114004302,0.004699499557472991,-0.34563631542798917
3698,-0.0009703029092396169,0.004683046604813759,-0.20719480097469692
3699,0.0013724234945180747,0.004690255032925196,0.2926116991259062
3700,0.001525062818372762,0.004662698686163864,0.32707728314039414
3701,-0.004719747079551266,0.004713048098230183,-1.001421369182207
3702,0.0005106699926437042,0.004774808838702867,0.10695087696587947
3703,0.0041884838173530375,0.004499748670127073,0.930826169283529
3704,-0.0047964319728880656,0.004444818831018286,-1.0791062932455284
3705,-0.004178771109855782,0.004476621590839021,-0.9334653432417067
3706,0.003296462267877159,0.0046670574473766605,0.7063256248817101
3707,0.000526082263636123,0.0047399051506100244,0.11099004028981811
3708,-0.003970320213954966,0.0044652876975046175,-0.8891521628435589
3709,-0.007015493337198943,0.004438766498405232,-1.580505156042671
3710,0.002923400004011294,0.004638736043328898,0.6302147776257977
3711,-0.0018637873647570778,0.004726107582277502,-0.3943599108378575
3712,0.00631831112322268,0.0042874686083776625,1.4736693607217966
3713,-0.0016498534677023154,0.004669836708802069,-0.35330003393749165
3714,-0.004876643957361535,0.004563997123880362,-1.068502855062134
3715,-0.0035503273926086204,0.004658691676351585,-0.7620867915837326
3716,-0.002897020130479418,0.004640991267083348,-0.6242244304631203
3717,-0.003623516161319833,0.004530220686414679,-0.7998542261276828
3718,-0.0033173912344437928,0.004604822611696584,-0.7204167270238333
3719,-0.004470051403811609,0.004490982103036745,-0.9953393937573292
3720,0.002719643653748801,0.004660193344985536,0.5835903046115445
3721,0.0017619134046578642,0.004697636121285938,0.37506383192905873
3722,-0.001862170476866252,0.004653226757538957,-0.40018906747865746
3723,-0.0029130679320899296,0.004669642975196684,-0.6238309754221054
3724,-0.003577567416495997,0.004635339634881982,-0.7718026505704114
3725,-0.0015391936588710947,0.00463958352170825,-0.3317525488374824
3726,-0.0015506186562111613,0.004738373008062353,-0.3272470642502775
3727,0.00039248249399699266,0.004763842422892594,0.08238779941815921
3728,-0.005948378345636737,0.004543394422644062,-1.3092366174484658
3729,-0.002041101521679721,0.004641682430306369,-0.4397331252894439
3730,-0.0011536510751807365,0.004707836366680407,-0.24504910224698395
3731,-0.0017373781127775609,0.004664040750142785,-0.3725049170559611
3732,0.0022805919885944513,0.004691211142225837,0.4861414077202204
3733,0.0014937148070390538,0.004787699201285843,0.31199011137497595
3734,-0.0010786039109826932,0.004696983049844495,-0.2296375991858014
3735,0.007999643044762044,0.004255730071561104,1.879734595532649
3736,-0.0017958473891907538,0.004708120174056246,-0.3814361831897666
3737,-0.005842543195333084,0.004424907799345942,-1.320376256471759
3738,-0.006198817624390609,0.004242009775543628,-1.461292630707389
3739,-0.0012857057746781808,0.004792999921456767,-0.26824656702422983
3740,0.005373545489739956,0.004367098852830804,1.23046115300476
3741,-0.004888537969790755,0.004499018647678893,-1.0865787302999557
3742,0.002008365079311679,0.004709056537792778,0.4264899058215676
3743,-0.004913562688260948,0.004536135505580391,-1.083204565255214
3744,0.003403850696837833,0.004599859341988074,0.7399901700834787
3745,-0.00647420516178578,0.004219977295262931,-1.5341800935880145
3746,-0.0036769645383732726,0.0045376241003606335,-0.8103281490595576
3747,-0.003323053272391082,0.004563275059737716,-0.7282167366396015
3748,0.0023075165998686165,0.004655305354869024,0.49567459575023687
3749,-0.0007941723122174404,0.004712139137294273,-0.16853753445689995
3750,0.005176312968292553,0.004414497846272932,1.1725711844355764
3751,0.0050791699756094115,0.004625351266827922,1.098115512228484
3752,0.004128527645846179,0.004575649220519203,0.9022823749976427
3753,0.001415022442821187,0.004712689217289761,0.3002579583711565
3754,0.0021258464860421105,0.004722947337969038,0.45011013969007474
3755,0.0021754081963959045,0.004647583663832858,0.4680729501062596
3756,-0.003463067674918541,0.0045387022287663205,-0.7630083447575825
3757,-0.005296970903344911,0.004468017324595904,-1.1855305202568744
3758,0.0055916037563208025,0.004267910347760614,1.310150237634381
3759,0.006795333731193346,0.004497648706073033,1.5108636034685905
3760,-0.0036757963647523636,0.004441830386873167,-0.8275409109756543
3761,0.0035953085967416836,0.004636212564359356,0.7754839854368266
3762,0.0039036247401059263,0.004463151310774629,0.8746341919177302
3763,-0.0005180531091793911,0.004738061498919182,-0.1093386207202178
3764,0.00530630934257896,0.004558975777871624,1.163925759012528
3765,0.0008790908942340145,0.004726485198787396,0.18599252028961177
3766,-0.00037726014440053073,0.004730935945946795,-0.0797432365838194
3767,-0.0067775191396126965,0.004276695626461698,-1.5847560199695674
3768,-0.0051562500313441445,0.0044203614171829456,-1.1664770240959559
3769,0.0021618805390446086,0.004805422138573784,0.44988358498016157
3770,0.005457445925596556,0.004373695077189265,1.2477883870001651
3771,-0.0006683819366154831,0.004719876257697316,-0.14161005503596957
3772,-0.006711459759692214,0.0042369408865179006,-1.584034316137929
3773,0.00221367661090554,0.0046767067706208676,0.4733409040763225
3774,-0.005054514414563732,0.00455076280380778,-1.110696081618327
3775,0.004194629420492772,0.004579936078538344,0.9158707345608762
3776,0.005229154995420188,0.004281461460775158,1.2213481408923976
3777,0.006056510350987446,0.004359946237563687,1.389125007736744
3778,-0.0026445459562752303,0.004672271432351577,-0.5660086308265309
3779,-0.001625533045830458,0.004688673178884871,-0.34669361327015463
3780,-0.005793996818955854,0.004197097625479971,-1.380477019114671
3781,-0.004854871508225305,0.004427628634946632,-1.096494739849342
3782,0.00578766955912748,0.004434703512907248,1.3050860203579362
3783,-0.004043179478356116,0.004562311583462276,-0.8862129217592373
3784,0.005389972822815495,0.004496424097606347,1.1987242986454114
3785,-0.0028229459284119904,0.004643458097511313,-0.6079404334293367
3786,0.0011169518140322706,0.004704607410785461,0.23741658261890744
3787,-0.0005030530393593396,0.004765276233786588,-0.10556639629673749
3788,-0.004132257884806142,0.004553217026092901,-0.9075468753467297
3789,0.00024258481560288385,0.0047455560234005295,0.051118312460476344
3790,0.0016509614689827696,0.004629838405337735,0.35659159660505174
3791,-0.003569652896393642,0.004564099743232468,-0.7821154438367902
3792,0.0013357764368055632,0.004693224771757523,0.2846180402106206
3793,-0.005343830450326116,0.004489480764059518,-1.1903003334163016
3794,0.0017286214850018187,0.0046697148756716725,0.37017709453902814
3795,0.0025975303015180937,0.004635656094800154,0.5603371450336363
3796,0.007242130944959053,0.004343196292441659,1.6674657227817051
3797,0.0007079132546738897,0.0047152969985128496,0.15013121228570703
3798,0.000516343088795331,0.004736950269103636,0.10900327414521022
3799,0.0028382606676510803,0.004625089080129065,0.6136661626356995
3800,0.008873179720777898,0.003868495851642461,2.2937027881290297
3801,0.0012614056053675386,0.004699412867242286,0.2684177025943579
3802,0.002863997189117674,0.0046430674717512,0.6168329895144677
3803,-0.0038759136093257473,0.004651233582099751,-0.8333087429197669
3804,0.0014311411876977236,0.0047109765179414835,0.30378864811728623
3805,-0.002673718945364794,0.0046918129228622615,-0.5698690440823629
3806,0.005600273785918863,0.004372948659004752,1.2806630542955977
3807,0.006596000931891431,0.004248744766703305,1.552458736420972
3808,0.006005080733847036,0.004222797006222679,1.4220623735874585
3809,0.0029323527031501506,0.004574557048139568,0.6410134734996282
3810,0.005035258294010706,0.004519443124066515,1.114132461850758
3811,0.0026551088601695916,0.004641161033955908,0.5720785899787022
3812,-0.009615812717092793,0.004100963897983291,-2.344768926598332
3813,0.007834107084893176,0.004403383614942455,1.7791107407287645
3814,0.002827708090195874,0.004636610132845373,0.609865399327974
3815,0.0022279752022313923,0.004554716950344712,0.48915777347322836
3816,0.004549435603365842,0.004653738873234786,0.9775872104752531
3817,-0.003926044245950238,0.004629621589333969,-0.8480270298970698
3818,-0.00030255509056128225,0.004737788259248254,-0.06385998571605409
3819,-0.0007644985243489045,0.004771880819157619,-0.16020905662180002
3820,-0.002126562465597754,0.004650806315660868,-0.45724597441026205
3821,0.0032987744254206943,0.004591373861810092,0.718472188217797
3822,0.0044957974586454915,0.0046346774317086205,0.9700345978529235
3823,0.0035888830881133467,0.004660434057613249,0.7700748564933722
3824,0.0028868689100988863,0.004710371892517367,0.6128749440537391
3825,0.006427763123650079,0.004385746179061359,1.4656030835386271
3826,-0.003996148754799205,0.0045337324688696085,-0.8814257970090504
3827,-0.0005671591670487309,0.004766719732100642,-0.1189831160471417
3828,-0.0032120469727891297,0.004602498878317863,-0.6978919621080015
3829,0.004514250135755617,0.0045747190236348914,0.9867819449529321
3830,-0.003747119066852902,0.004547021041006356,-0.8240821920682341
3831,0.005071899895148202,0.004633744702755194,1.0945574735985095
3832,0.0023299525900472014,0.004625906301668929,0.5036748343144356
3833,0.0071088405121870575,0.004182965308994014,1.6994739346515653
3834,-0.007274718332576449,0.00405494173940688,-1.7940376952593478
3835,-0.0065131907935100705,0.004276814880072433,-1.5229068772319092
3836,-0.006029690104635699,0.004492915394118744,-1.342043990529758
3837,0.003496795027949953,0.004534835858769674,0.7710962726881702
3838,0.0003227795119077244,0.004761111099072699,0.06779499683815209
3839,-0.004586039401188149,0.004520419586649901,-1.0145163105504724
3840,0.0034728935196407353,0.004596013093392164,0.7556317723798103
3841,-0.0004950935188197014,0.004730073306478209,-0.10466931202559415
3842,-0.0012077652327887505,0.00477796649347161,-0.25277808758997883
3843,-0.004140992374986778,0.004528101302319413,-0.9145096583562856
3844,0.0044202843947187985,0.004577090116114256,0.9657411767263655
3845,-0.0011547807248792374,0.004711669917539452,-0.24508947890863536
3846,0.006108323138249462,0.004312046718005297,1.4165716509386759
3847,0.0025374644936065295,0.004575528442239061,0.5545729909974741
3848,0.00288892095362537,0.004694254164654022,0.6154163903986845
3849,0.0021098094243137367,0.0047295539142475935,0.44609057483371095
3850,0.004213938373489001,0.00452149110426168,0.9319797996544109
3851,0.0036420194242345045,0.004637602283032255,0.7853237949186972
3852,0.0041745383823988515,0.004458252119466558,0.9363621146886475
3853,-0.002551453459141194,0.004629676129420673,-0.5511084118664832
3854,-0.0036119119663321044,0.004615630157783836,-0.7825392942805321
3855,0.0010702896324247472,0.004739704320500068,0.22581358668209603
3856,0.0034384879688924403,0.004492171231874534,0.7654400937556418
3857,-0.0005796859942639339,0.004767447769999203,-0.12159252124623295
3858,-0.00609971526320601,0.004167757808205174,-1.4635483979412962
3859,-0.0006384126726568622,0.004776625151236659,-0.13365350062932577
3860,-0.0017418369717293446,0.004787955887685236,-0.3637955345848947
3861,-0.001454273979806372,0.004721169270018874,-0.3080325861310535
3862,-0.0036228629241248952,0.0045187490638787745,-0.801740232287899
3863,-0.005510002612841859,0.004655067192076611,-1.1836569453219565
3864,0.004398583382310135,0.004694539036485799,0.9369574623034325
3865,0.0012642739175775875,0.004728177165019638,0.2673914012636911
3866,-0.000624272057094985,0.004731593447634701,-0.1319369603504408
3867,-0.0031345447552853685,0.004602907593764485,-0.680992327443572
3868,0.004330807128304303,0.0045225264601328466,0.9576079137361394
3869,0.007251646494713826,0.00422166495024758,1.7177219367653873
3870,-0.0027123400310717872,0.004564792485844841,-0.5941869295225573
3871,-0.0027119405876506854,0.004582649888643379,-0.5917843722627287
3872,-0.00023823013436517692,0.004760052152250234,-0.05004779921424971
3873,0.00793211843113082,0.004232746152071605,1.8739886934274703
3874,0.004099905536729122,0.0046116809116052366,0.8890262824584767
3875,-0.004574379576528017,0.004625065154681887,-0.989041110458182
3876,-0.0028368841007010473,0.004652743519202714,-0.6097228632940358
3877,0.006876282370136438,0.004270087548682118,1.6103375614063635
3878,-0.004111521172246669,0.004624486999301248,-0.8890761662575574
3879,-0.003157406965045097,0.004620431325421005,-0.6833576224092889
3880,-0.00021128985725765153,0.004745132150511595,-0.04452770767087517
3881,0.008594201935126994,0.004156832637730443,2.067488081458886
3882,-0.00202377178035362,0.004657932059419027,-0.4344785957668177
3883,0.0023377338154766027,0.004675858709337021,0.4999581811162263
3884,0.009580803882736058,0.004007110303196046,2.390950874273281
3885,0.008881453411716889,0.004113264104021427,2.159222745515838
3886,0.005249006499664275,0.004567777373053069,1.1491379879041428
3887,-0.007230919514706895,0.004264298173503358,-1.6956880641313814
3888,0.0001922592695634239,0.0047461070663422245,0.04050883532039578
3889,-0.006952427959746773,0.004298366962786082,-1.6174579834478353
3890,0.00364117872200722,0.00459153086314678,0.7930206352814885
3891,0.006713395918651005,0.004425124859230133,1.5171088121158633
3892,0.007073726421703316,0.004171811710573832,1.6956005957254305
3893,0.002585480847242373,0.00459044200752078,0.5632313496187151
3894,-0.00022011334335178475,0.0047503360340622755,-0.04633637321096075
3895,-0.005501575998719666,0.004225156352851793,-1.3020999790945835
3896,0.0046263432993372145,0.004427378746167907,1.0449395826687564
3897,-0.0034081115988642374,0.004646408480830281,-0.7334937539230798
3898,0.0038604072848492706,0.004583363658955836,0.8422651074841252
3899,0.0034659502374010842,0.004530940177693564,0.7649516659841218
3900,0.00031966025487471724,0.004754032716038456,0.06723980964546047
3901,0.002393414055488822,0.004695761120719285,0.5096967230569439
3902,0.004960470841512939,0.004484189703153562,1.1062134231351601
3903,-0.0030772040497587944,0.004696455406981416,-0.6552184111413987
3904,0.003643655085235591,0.00467146952329676,0.779980489450819
3905,0.007318831603200123,0.004050704641283328,1.806804556572508
3906,-0.0035108911513641915,0.004608045976640978,-0.7619045402675095
3907,0.0012447744270101214,0.004756470564945786,0.26170127829316425
3908,0.0038937455607411225,0.004566080027770405,0.8527545590659347
3909,-0.0025259098555211234,0.00463682766899133,-0.5447495649694042
3910,-0.0010115467026131694,0.0047125725001238745,-0.21464851789263292
3911,-0.003816374484838325,0.004402293908983124,-0.8669058821926455
3912,-0.0012773538754052172,0.004760478553411881,-0.26832467809139177
3913,0.005706743434365843,0.004297519750389715,1.327915580573733
3914,0.0060566740453395565,0.004472006748256661,1.3543526175806089
3915,-0.0018252892872907883,0.004715172601238613,-0.3871097500887474
3916,0.005471330691368045,0.004431564748688539,1.2346272708724861
3917,-0.0045784388860356075,0.0044307585759560016,-1.0333307056902197
3918,-0.004613841497260351,0.004494247383613295,-1.0266104874607294
3919,-0.0007458588821821059,0.004780254225844073,-0.15602912459125662
3920,-0.002929082679803161,0.00461899908543148,-0.6341379648767658
3921,-0.001465085647161092,0.004777308019464737,-0.3066759859719584
3922,0.0008096952922670666,0.004711187604872561,0.17186649315973673
3923,0.0031688254445888285,0.004572989163675014,0.6929440090871
3924,0.005616094683549901,0.004518619886469462,1.242878317861326
3925,-0.002200759536988673,0.0046391579923346195,-0.4743877101459005
3926,-0.0006228353651613013,0.004773259270092615,-0.13048429383749283
3927,-0.00403355020007363,0.004632605094118937,-0.8706872522318374
3928,-0.004930694714020986,0.004564198201280394,-1.0802981151514803
3929,-0.003932736904939487,0.004465219122225658,-0.8807489167472796
3930,0.0005623025189053258,0.004751323204234089,0.11834650995837037
3931,0.0004659741876900579,0.004734207175181253,0.09842707985676984
3932,0.003455630382666476,0.004556450839275493,0.7584039649632092
3933,0.00768361868048968,0.004122829418197272,1.863676107135517
3934,0.003007203252044028,0.004660373794322496,0.6452708269254187
3935,-0.005252874422086469,0.004288566792843438,-1.2248554530740254
3936,0.0019453107284595796,0.004667127386894315,0.41681114895688837
3937,0.0020464250718472596,0.00465058880289517,0.44003569409819276
3938,-0.002599077457954373,0.004648232642191575,-0.5591539103191155
3939,-0.0019896140247945395,0.004738137113640121,-0.41991482666612806
3940,-0.00042851328242134363,0.004766826695525424,-0.08989487342251924
3941,0.0034182487403377026,0.004528731719251001,0.7547916176635521
3942,0.004935564946039086,0.004408681352084661,1.1195104730590897
3943,-0.009149914068525071,0.003916706837978682,-2.3361243123437654
3944,-0.004020610874942957,0.0045942432889398595,-0.8751410454518461
3945,-0.00036420641401649877,0.004766883222321961,-0.07640346889787934
3946,0.0030009796040439064,0.004555667348247455,0.6587354551245648
3947,-0.0055514384219462806,0.004373493939372037,-1.269337170441667
3948,0.0034627310750290742,0.004537142870025563,0.7631963934628236
3949,-0.00579459783670086,0.0042655392421704725,-1.3584678296740609
3950,0.0036477488008043535,0.004572804311710645,0.7977049862953273
3951,0.0058244777869087315,0.004296567420014076,1.3556118681572207
3952,0.0022898059087152057,0.004721035407797423,0.485021973131844
3953,0.005854230304384036,0.004424298077233077,1.323199793998787
3954,-0.003564333511599462,0.004565165979904171,-0.7807675618563779
3955,0.0026368458423311784,0.0046235939140643985,0.5703022132437325
3956,-0.00015005124924642426,0.0047479733437638585,-0.03160322065487297
3957,0.004819259358963672,0.004294541683292928,1.122182461917195
3958,-0.0016336574787716306,0.004666449340118308,-0.35008576322189594
3959,-2.5550094116371605e-05,0.004753288041425221,-0.0053752463334224305
3960,0.006473798962531608,0.004387978038473689,1.4753489889351061
3961,-0.005349746850167943,0.004489212930323456,-1.191689263396665
3962,0.0030411367078796627,0.004605859201312804,0.6602756564970225
3963,0.004448378270287032,0.004641761245408169,0.958338448511879
3964,-0.0012726099782586773,0.0047210021133749416,-0.26956352649224213
3965,-0.0035416818870750173,0.004576707838713308,-0.7738492409580426
3966,0.003566471936200423,0.004570726719618769,0.7802855333468487
3967,0.004585738588992053,0.00451519354490979,1.0156239247289394
3968,0.008083921629208648,0.0040911530417187,1.9759519007904383
3969,-0.0037852646398481783,0.004453641623513312,-0.8499257371458919
3970,0.003517415702780816,0.004573103348808073,0.7691529000099222
3971,0.0029795890822476518,0.004681386146355416,0.6364758191475706
3972,0.0028438166502829892,0.0046139147614427155,0.6163565642885354
3973,0.004253144974853136,0.004490059193752182,0.9472358361714458
3974,-0.00019570762947876844,0.004757189091762655,-0.04113934209965448
3975,0.0027876664794535115,0.004555562082036919,0.6119259115018071
3976,-0.0016641717658399146,0.004691834223980095,-0.35469534650953494
3977,-0.0012010639110217553,0.004724597185527389,-0.25421509260110287
3978,0.0025650934176826346,0.004648467224200052,0.5518148873522623
3979,-0.0012848082608095087,0.004700471966451706,-0.2733360117833838
3980,-0.0039247704757673745,0.004578091616988994,-0.8572940002342486
3981,0.00676345462219549,0.004255982144396351,1.5891642381772229
3982,0.0040139411674688435,0.004595664514715721,0.8734191006797498
3983,0.005638771998441878,0.004471779570010062,1.2609682365066106
3984,0.004340710205710243,0.0045220303994842476,0.959902924625477
3985,-0.0031411308729427673,0.0046517452273725475,-0.6752585791799645
3986,0.0025168757066520967,0.0046301498386046485,0.5435840727371768
3987,-0.0012079138423822645,0.004788207689707441,-0.252268473019404
3988,-0.0036442029319966544,0.004588423623361085,-0.794216757459553
3989,-0.005959249442491889,0.004320692497782125,-1.3792347975586923
3990,0.0023920932192964942,0.004615771035737551,0.5182434745518661
3991,6.48161741047914e-05,0.004753916422399316,0.013634268747215057
3992,-0.003785960440200239,0.004493528614622008,-0.8425361814500677
3993,0.0036757131988299344,0.004498165739489863,0.8171582399822371
3994,-0.005852312885190823,0.00443155906434597,-1.320599093956685
3995,-0.0018473868664331966,0.004696940914290701,-0.3933170333934627
3996,-0.00029274253956879543,0.004768215285668606,-0.06139457260846951
3997,-0.005934867062294781,0.004444943498623737,-1.335195163702837
3998,0.0011003999260441465,0.004690137702735716,0.2346199612438443
3999,-0.004561320133815153,0.004522839624568415,-1.0085080419472998
4000,-0.0009844039079389569,0.0047345185044081785,-0.2079205957316263
4001,0.0034463778661505406,0.004587027887083162,0.7513313524549013
4002,-0.005327454444714562,0.004504798114424218,-1.1826178020400568
4003,-0.0004417221789452827,0.004740801420723835,-0.09317457951610209
4004,-0.0066173819862448136,0.0041465152927958335,-1.595889926594958
4005,-0.0011660439535825986,0.004698634882916384,-0.24816653829012772
4006,0.004559133620732533,0.004554237756398845,1.0010750128990982
4007,0.0004599837306114003,0.004748326696902122,0.09687280593214036
4008,0.005560632724951911,0.004577539232505923,1.214764624072442
4009,0.004816877624427226,0.004318381315718763,1.1154359173642108
4010,0.0053574111974395155,0.004261382038559214,1.2572003985943658
4011,0.004646816423217989,0.004386927499268234,1.0592416729004768
4012,-0.0004234943702318186,0.004765861945421009,-0.08885997435127294
4013,0.0025467209098585996,0.0047067314579873065,0.5410805635696133
4014,0.005166509332869185,0.004507214500148342,1.146275450768794
4015,0.00033340785528073466,0.0047416257868093375,0.07031509239051241
4016,0.0060105232246584475,0.004387335008024386,1.3699713410681584
4017,-0.007246696380872612,0.004182739989686897,-1.732523752071682
4018,-0.001150429614607606,0.00470396473319696,-0.24456595231013528
4019,-0.006035573740111025,0.004317097495771012,-1.3980628758149236
4020,-0.0045908969501790246,0.004614577870382901,-0.9948682369505856
4021,-0.007906993767628682,0.004282282723276468,-1.8464436560085102
4022,0.0028802844157637298,0.004646241224510768,0.6199171064492057
4023,-0.003224060761581136,0.004769157211459982,-0.6760231669096425
4024,-0.0011379801032537992,0.004741629471555727,-0.23999768646630004
4025,0.004056656883567058,0.004565467093045772,0.888552430866549
4026,0.007563270873322855,0.0042793768943863685,1.7673766672069144
4027,0.002226315212189165,0.004681077513896706,0.4755988777327244
4028,0.0049812490518140635,0.004469443532310913,1.114512134632233
4029,-0.004720161983700185,0.0046112351983296765,-1.023622040664932
4030,0.0038734509881100674,0.004564858116374916,0.8485369948773096
4031,0.00512246840031786,0.004388919217220444,1.1671366335974582
4032,0.004248808388800566,0.004472943276794414,0.9498909612476739
4033,0.005083994839641628,0.0044450845024544185,1.1437341262768852
4034,-0.004222772724295478,0.0045943227259949366,-0.9191284496412915
4035,0.002770721886258986,0.004630718899029055,0.5983351498273706
4036,0.0017707681884370555,0.004759124772454337,0.3720785381980749
4037,0.0023110940574053713,0.004642309900221344,0.4978327830494855
4038,0.004014247475737605,0.004419653336339338,0.9082720227696595
4039,-0.005049149473619815,0.0044727404388826995,-1.128871559307632
4040,-0.0018106930068321296,0.004688008739195103,-0.3862392558472518
4041,-0.00029408781067456904,0.004754990064990603,-0.06184824924027475
4042,-0.004313952050933404,0.004450819752029968,-0.9692488780220454
4043,-0.005144633141928192,0.004320200737907253,-1.190831966854462
4044,-0.000978068165743035,0.00470787438311849,-0.20775154266014295
4045,-0.0008291677781854346,0.004731570438400752,-0.175241558586136
4046,-0.005939921481348788,0.0044741329295554175,-1.327613992447699
4047,0.0026923041679870504,0.004677290603103908,0.5756119079281505
4048,-0.0018347924712006475,0.004698506112893354,-0.39050549836802845
4049,0.004095952380963467,0.004495646317156583,0.9110931092003886
4050,-0.0014099676185071789,0.004723081844401616,-0.29852703488050875
4051,-0.005894981811981452,0.004586499585539461,-1.2852899476034922
4052,-0.0029521951382070703,0.004584914553787198,-0.6438931638908122
4053,0.006619101067947354,0.004243810803975851,1.5597069176001417
4054,0.005387986126756298,0.004538930318995711,1.1870607716111514
4055,0.004763540124500034,0.004444623620291301,1.0717533207430128
4056,-0.006474779198739479,0.004349781555263664,-1.4885297379829014
4057,0.001694847539093654,0.004677810798187476,0.3623163937605944
4058,-0.0009943415565540382,0.004729965430349861,-0.2102217386566586
4059,-0.001981597609721195,0.00465517666653222,-0.425676134692724
4060,0.0008104965107208275,0.004717262524674482,0.17181501060867
4061,-0.0032116603625435844,0.004592393094804528,-0.6993435222644604
4062,-0.007279147303128234,0.004200607164628246,-1.7328797999544523
4063,-0.002247110105445839,0.00467338486104198,-0.4808313828758419
4064,0.0022783198269838807,0.004693314733216064,0.4854393869772881
4065,-0.008055733476275508,0.0041561665496152025,-1.9382605052295956
4066,0.0037240642136513228,0.0044761895838300566,0.8319719582709951
4067,0.004640750847788774,0.004577704407421991,1.0137725014014805
4068,0.003891226381212246,0.004455288274868074,0.8733949727029661
4069,0.002200158284004398,0.004662602933329368,0.47187339678383416
4070,0.006135956620788357,0.004264127738108206,1.4389711091325312
4071,0.0061274015326568875,0.004315116924418717,1.4199850525446194
4072,0.0014515459609629093,0.00470036064278413,0.3088158699463379
4073,0.0006810056636216375,0.004731637899869428,0.14392598885059024
4074,0.005803993002096035,0.004347855650526215,1.3349093136046468
4075,-0.005812398403029358,0.00440756528378542,-1.3187322316953642
4076,-0.0013531612609597253,0.004696617416788388,-0.28811400650237246
4077,-0.0040402839032919234,0.004626451855338713,-0.8733007560923002
4078,-0.004280215943407799,0.004607407251051298,-0.9289858070243646
4079,-0.0073829501700097295,0.00439695892604357,-1.6791037383314802
4080,0.002629032660819154,0.004691557580126827,0.5603752305962498
4081,-0.004201425446365513,0.004566705598480302,-0.9200123274343882
4082,0.0025722176794307585,0.0046447111742999115,0.5537949687083533
4083,-0.004434998733086862,0.004481251669797458,-0.9896785674809719
4084,0.002149723902566501,0.0045954038669878934,0.46779868860047774
4085,-0.004700274946016519,0.004472343213308283,-1.050964722928684
4086,-0.00111918651249338,0.004716159335486319,-0.2373088848106045
4087,-0.004284690704573142,0.004565008349653443,-0.9385942754953379
4088,0.003720400205673878,0.004474735293824419,0.8314235281824159
4089,-0.005579400667821997,0.004532648184943957,-1.2309361856839067
4090,-0.006344893553151624,0.004230226238162892,-1.499894614597987
4091,0.0029662935797924016,0.00456205157909756,0.6502104433416287
4092,-0.005784264908991065,0.004535734913093342,-1.2752652039460202
4093,-0.001976670662894572,0.004650725855744918,-0.425024119719472
4094,-0.006784732005547982,0.004285997918442769,-1.5829993701940663
4095,0.0026842010097619337,0.0046319399859816954,0.5794982270680354
4096,0.002668709684976644,0.00464081251785246,0.5750522510251269
4097,0.004030191771261698,0.004493374445487582,0.8969187456231186
4098,0.005551427652277258,0.004471111083379003,1.2416215005067184
4099,-0.004053843242856159,0.004512412876605557,-0.8983759584308353
4100,-0.002893423947667498,0.004625606711042598,-0.625523121271875
4101,-0.0018268840542023407,0.004656534737959323,-0.39232694632553156
4102,-0.005669627078886,0.00436532690965336,-1.2987863672588524
4103,-0.0008784903227174816,0.004765424735405441,-0.1843466997161041
4104,0.0029875048310587064,0.0045416499514025445,0.6578016498466841
4105,-0.002832746211864811,0.004627624219149315,-0.61213834090996
4106,-0.00025820196185039225,0.004757995674361428,-0.05426696019118294
4107,-0.0026881218384226468,0.004558763667470387,-0.5896602751320643
4108,0.0022811971032271113,0.004643683038915957,0.49124737500594884
4109,-0.0009195862349621863,0.004725909671509174,-0.19458396348665827
4110,0.0054031765432132695,0.004257205469023216,1.2691838772003146
4111,-0.005702923402831948,0.004395203972685526,-1.297533274513171
4112,-0.003113062321000412,0.004543814369182813,-0.6851209288200485
4113,-0.0033133254913821075,0.0045980247311247,-0.7205975794244264
4114,-0.005228019471921368,0.004320766268285165,-1.2099750709256196
4115,-0.004951211511452096,0.004415315195951234,-1.1213721539047243
4116,0.004121803502882278,0.004539730309590254,0.9079401686428158
4117,-0.0017902586388956537,0.004681123838890167,-0.3824420588967158
4118,0.00623161462783744,0.0044299349372540165,1.4067056776459634
4119,0.003218709748176653,0.004647334536513798,0.6925926513117282
4120,-0.0014798980766758316,0.004709597047633736,-0.3142302965005007
4121,-0.0010529579372467511,0.004774526696220497,-0.22053661111168774
4122,-0.005740762948212381,0.004322995564330175,-1.3279594815179694
4123,-0.005189370508772071,0.00448976345629521,-1.1558226974064578
4124,-0.004342131235672571,0.004470856711604378,-0.971207872621439
4125,-0.0033565862273681334,0.004619531600650101,-0.7266074826494887
4126,-0.007507308288037804,0.0041629153854965805,-1.8033775834582049
4127,-0.0010800613327976234,0.004766298789256184,-0.22660378221193617
4128,0.0007895370516919294,0.004723662881750387,0.16714508877046722
4129,3.591888642726513e-05,0.004751648258135928,0.007559247754874034
4130,-0.004402434401267308,0.004525722625164183,-0.9727583340588836
4131,-0.0018209093734727181,0.004637493053387401,-0.39264950966183265
4132,0.0019722588002263506,0.0046584742642038525,0.4233701182770011
4133,-0.003141607367272734,0.004591119806337651,-0.6842791083203736
4134,-0.007727003931998312,0.004342288579261955,-1.779477294277767
4135,-0.0033386304283513223,0.004552243894559023,-0.7334032414962987
4136,-0.006581388469420323,0.004160640960377138,-1.5818208136911092
4137,-0.003115271400968421,0.004558357240959584,-0.6834197576652905
4138,-0.007332644845817123,0.0045445706690617664,-1.6134956148302033
4139,-0.001350009282131978,0.004690282520440056,-0.2878311223788106
4140,-0.002884941675173299,0.004714518938511309,-0.611927051900712
4141,0.002494771641294317,0.004647924184370352,0.5367496418473272
4142,-0.0050118355905372815,0.004560819502644083,-1.098889264885779
4143,0.005516592792830367,0.004539685333912108,1.2151927693359315
4144,-0.003931102487814126,0.004544224727052998,-0.8650766024864945
4145,-0.005274312095144553,0.004395790946390686,-1.1998550794312013
4146,0.008651259825383771,0.004032928186063013,2.14515593292258
4147,0.0030802968875022502,0.004610531266722822,0.668100205660623
4148,-0.004494733486515957,0.00453900162597151,-0.9902471637810709
4149,0.003989352604119308,0.004527066033300285,0.8812225345895878
4150,0.003630318897217769,0.0044779135990526365,0.8107166020322081
4151,-0.004990356232219744,0.0045186953591557985,-1.104379878609932
4152,-0.003281092235006002,0.0046325688373966304,-0.7082662665515578
4153,0.004985816600144884,0.0043498711601686856,1.1461986841816107
4154,0.004614365795688688,0.004462379422710769,1.0340594912670138
4155,0.0024341179562226136,0.004702436141104858,0.5176291358739658
4156,-0.001251141434013346,0.004716765846168281,-0.2652540903699354
4157,-0.0015451727813600444,0.004663294550822609,-0.3313478838876851
4158,0.003779768047006128,0.004639297259851844,0.8147285753202275
4159,-0.007341242833324313,0.004257273522323355,-1.7244000872459608
4160,-0.004525582722250282,0.0043523222784352805,-1.039808734907676
4161,-0.0020891216240617677,0.004667803374067484,-0.44755990273029106
4162,0.0036779788755630827,0.004550911596408528,0.8081850850422269
4163,-0.007054302454983086,0.004299224986961026,-1.6408311908257516
4164,0.0015723207874458345,0.004698452558473958,0.3346465177370056
4165,0.0036272811573614767,0.004604575679268215,0.7877557911998407
4166,-0.0019567618445170856,0.004705386109190549,-0.4158557446954551
4167,-0.00515852943615919,0.004457971622087261,-1.1571472125576074
4168,-0.0026729927532029778,0.004607902643933697,-0.580088808239465
4169,0.006678045978142021,0.004193763611585755,1.5923753927601332
4170,-0.004993820073311468,0.004595139559517675,-1.0867613504725937
4171,0.0025380335423421264,0.004689075220482119,0.5412652651115228
4172,0.006249074609942168,0.004418643141937785,1.4142519341812365
4173,-0.005388428743245719,0.004401269026779873,-1.224289792434726
4174,0.0035541861139088624,0.004611326440902586,0.7707513574365802
4175,0.0002752469475549479,0.0047486371002866505,0.0579633570100214
4176,-0.0048794015115338155,0.00451511083452167,-1.0806825547286347
4177,0.0013379479910510088,0.004776867476000815,0.28008899090730827
4178,0.0030622592229884284,0.0046089932248328655,0.6644095735461781
4179,0.005749428842296228,0.004302296133003076,1.336362877997203
4180,-0.005437603194482255,0.004412374581454465,-1.2323530321602572
4181,-0.006804383771045886,0.004416056598986867,-1.5408280257564972
4182,-0.0036443510678693374,0.004564164559917867,-0.7984705678392363
4183,-0.0024727073100477403,0.0047110671358263825,-0.5248720170518214
4184,-0.002584232504621558,0.004545462956950946,-0.568530098935189
4185,0.0006101912579176171,0.004748974017177833,0.12848907063093065
4186,0.0011998330831883013,0.004689259856816497,0.2558683288673319
4187,-0.0031710187406429357,0.004556187107298571,-0.6959807984099842
4188,0.0038207285947722412,0.0044017984608316595,0.867992623644647
4189,-0.003036629776396317,0.00464348244965926,-0.6539552608019753
4190,0.003266155090707808,0.004693596824065553,0.6958746592722237
4191,-0.005929442220275334,0.004372518387274926,-1.3560702769212882
4192,-0.00711646008456918,0.004331176442557935,-1.643077851699409
4193,-0.004318492127459127,0.004475528816618833,-0.9649121487998051
4194,-0.0013289582665853142,0.004680649038946822,-0.2839260657074043
4195,0.0010187163304825797,0.004691952478262276,0.21711991653842883
4196,-0.0007785768730476239,0.00476519741378823,-0.16338816746495965
4197,0.0018958688180661166,0.004718263108338355,0.4018149845682918
4198,0.004327629529618698,0.004425664169030097,0.977848604036107
4199,0.00584990458020461,0.004473907093652888,1.3075605858029202
4200,-0.005720970392810688,0.004555284236484076,-1.2558975677061874
4201,0.0046201986685874595,0.004574293670399905,1.010035428744902
4202,0.007357982411615002,0.00444567497312964,1.6550878001850802
4203,0.0028940643395584673,0.004572932021068956,0.6328684367544914
4204,-0.0023336731457783873,0.004627321106348059,-0.5043248765634404
4205,0.004964775227362597,0.004426812126337394,1.1215238157103127
4206,-0.006849919149395571,0.004467496767543416,-1.533279038758477
4207,0.0026951461125363555,0.004542886815494568,0.5932672817962216
4208,-0.004335619018825626,0.004657703473555156,-0.9308490854863957
4209,-0.0036749259100328714,0.00472083583298578,-0.7784481477528095
4210,0.0075147348193728295,0.004157736785506027,1.807409946096006
4211,-0.00890603190105535,0.004044108284202073,-2.202223895894658
4212,0.0035492976613285395,0.004577397778944006,0.7753963786270184
4213,0.002681298435730234,0.004621444758656426,0.5801861919279453
4214,0.007272442849926446,0.004261843750379436,1.7064076667003507
4215,0.003083920377576725,0.004571129535632171,0.6746517143164332
4216,0.006237288299229195,0.004480359232633371,1.3921402225515684
4217,-0.005532162154122522,0.004468182845680387,-1.2381234934176286
4218,-0.00531981398048508,0.00440030794941323,-1.208964018346594
4219,-0.004026991850303016,0.004457374924400461,-0.9034447221970376
4220,-0.006444003390036172,0.004435528294754643,-1.4528153044715568
4221,-0.00507898786030397,0.004391904275215001,-1.1564432059611165
4222,0.003718670385711683,0.004556779350188663,0.8160742708680243
4223,0.0009148542411581168,0.0047809674463112515,0.1913533717666225
4224,-0.004480310493691125,0.00463920637323063,-0.9657493401336112
4225,-0.004705345355059269,0.004398547318252398,-1.0697498548063287
4226,-0.005828600857791926,0.0044920545887173645,-1.2975356248856698
4227,-0.002516137315443541,0.004629207047092502,-0.5435352728549631
4228,-0.000811221618672204,0.004727783804022179,-0.17158602260578293
4229,8.698840416322696e-06,0.0047517710113967665,0.0018306522758481372
4230,-0.006108706517105447,0.0045005476503133576,-1.357325150569202
4231,-0.0033000295649123416,0.004626343695935574,-0.7133126680171965
4232,-0.001950215010443383,0.0047950526512532,-0.406713993001451
4233,0.005336170445665435,0.004496307626602252,1.186789447878113
4234,-0.0019960760115116214,0.004652629374329493,-0.42902106549144226
4235,-0.001234008722827869,0.004690832393261199,-0.2630681762581484
4236,0.003525779935176871,0.004493367940859918,0.7846630815864426
4237,0.0003899103122313966,0.0047600676043824805,0.0819127677666627
4238,-0.004767524883625633,0.004295570393357881,-1.1098700398432584
4239,-0.0051130208266030935,0.004488193763467597,-1.1392157059308314
4240,0.006613615266687295,0.004281887175928151,1.5445561723035623
4241,0.004854574001878206,0.004470567002556768,1.085896710440045
4242,-0.004658671655625179,0.004394719700818331,-1.0600611581115622
4243,0.0009667224933300031,0.004727791960614959,0.20447652971689945
4244,-0.0029523232374533983,0.004620517371629656,-0.6389594497752347
4245,-0.00040041380377546835,0.004737942101428859,-0.08451217748201531
4246,-0.0045989285796297985,0.0046066690118936725,-0.9983197333596381
4247,0.0014641839732293376,0.004691791010815205,0.3120735705947255
4248,0.004570482813646987,0.0044269495760757465,1.0324226050251233
4249,0.0055019209878534115,0.0042985383495022155,1.27995158830921
4250,0.0032905975438550306,0.004543132776792767,0.7243014249251226
4251,0.0038786807767381593,0.004469079102120807,0.8678926213003315
4252,0.0010061429402677554,0.00470617842853904,0.21379192386041698
4253,0.002753560166051981,0.004697424630665774,0.5861850657647942
4254,0.0008712403342743778,0.004690056852476664,0.18576327786182478
4255,0.0029748338523295738,0.004621430002155378,0.6437041891670215
4256,0.008296331565824915,0.004155619887417079,1.9964125186101875
4257,-0.0032953137126795645,0.004683057360434693,-0.7036671684870597
4258,-0.00311465876292888,0.004643795257844947,-0.6707140582193334
4259,0.0044769793618668315,0.004515218721116436,0.9915310062232933
4260,0.0018993486161844651,0.004779770396000144,0.39737235449089714
4261,0.0013143642630359012,0.004776436616017142,0.27517674130299485
4262,0.0006787356626761705,0.004726632480017336,0.14359814636438184
4263,0.004083241327354765,0.004486666519576036,0.9100835351900876
4264,0.006355829472119767,0.004320508917245813,1.4710835213763211
4265,0.00407756583854199,0.0046023710834457,0.885970680028087
4266,0.0011771086940953713,0.004720667990563293,0.24935214602010444
4267,-0.0019159566027938872,0.0046962623836469715,-0.4079747778713367
4268,0.003738021009772142,0.004556491757160619,0.8203726044050812
4269,0.0052662849376186585,0.004547191099673047,1.1581402281503665
4270,-0.00460916772218366,0.004581689710716573,-1.0059973532041717
4271,-0.0067837818423383284,0.004195078940254421,-1.6170808556767968
4272,0.0060569884684353,0.00458341019802276,1.3215025945197372
4273,-0.0034922329109857205,0.004559364074027449,-0.7659473677215926
4274,0.0011150695690826662,0.004695927484307727,0.2374545971608098
4275,0.0007051368473306954,0.004720120653270674,0.14938958114176398
4276,-0.0025140385970362916,0.004610689604217049,-0.5452630328306834
4277,-0.0009771523290464919,0.0046915925004685525,-0.208277323520511
4278,0.00402124916145032,0.004601193288361349,0.8739578864513281
4279,0.005513344194786194,0.004367352034927734,1.2623997677982977
4280,-0.004860767481332894,0.004565985964365483,-1.0645603204363716
4281,-0.003754421071577849,0.0046139228463076935,-0.8137156161122929
4282,-0.0017321976223346907,0.004638913557366517,-0.3734058850016702
4283,0.004782485545414302,0.004404433332667702,1.0858344727215157
4284,-0.0012606627648049853,0.0047887530249626645,-0.26325491380186894
4285,0.0036600520600141764,0.004701789429097944,0.7784381064288477
4286,-0.0034128767981653103,0.004634179373840027,-0.7364576385262561
4287,-0.005670694809931785,0.004480105126784672,-1.265750389656947
4288,-0.0003327385708296339,0.0047433345062241035,-0.07014866237939184
4289,-0.002639976655820612,0.0045787182707229855,-0.5765754736868219
4290,0.007887786446149759,0.004345871173240307,1.815006964476717
4291,0.007337608095321956,0.00415068055089769,1.7678084365550637
4292,-0.005633137393717534,0.004427110860059103,-1.2724184172885906
4293,0.00208153636959272,0.004734654517976373,0.43963849140198386
4294,-0.0037264359961956895,0.004611646813677496,-0.8080488699055627
4295,-0.007328203583188054,0.00428919301888788,-1.70852735023059
4296,-0.004533627126778539,0.004647774880876419,-0.9754403436002143
4297,0.0006235121803503952,0.004727608459017658,0.13188744071245564
4298,0.0009399463447691929,0.004716964333747887,0.19926933473808017
4299,-0.004200348880497789,0.0045656093329169934,-0.9199974360956027
4300,0.00403861645830542,0.004508525941226303,0.8957731442500985
4301,-0.003605061211814285,0.004581817040444044,-0.7868191112809914
4302,0.0024781527276248336,0.004587124273270971,0.5402410268378713
4303,0.004555721199720393,0.004315882402876571,1.0555712075667234
4304,-0.007127425103041269,0.004167316569215081,-1.7103152555515424
4305,0.004630789826156391,0.004452865514882313,1.0399572613813333
4306,-0.004197587558700042,0.004546379226340446,-0.9232814399600449
4307,0.00045141678169512215,0.004770823988464881,0.09462029678449227
4308,-0.005598115290126098,0.004448286291859874,-1.2584880834604442
4309,-0.0035404371220998728,0.004576853056352775,-0.773552718103035
4310,0.002473278315814493,0.004631466322903177,0.5340162582169331
4311,0.0025669399553922096,0.004645606343447924,0.5525521892341511
4312,-0.002889586941552043,0.0046029259145025,-0.6277717684848637
4313,0.0032603024425196486,0.004625954389391304,0.7047848223485508
4314,-0.0022653669688340633,0.004690588818902944,-0.4829600411156691
4315,-0.002910551325272586,0.004702782353158571,-0.6188998568725484
4316,-0.0005409208833573658,0.004727111981248489,-0.11442946253507241
4317,-0.0068341894781101566,0.004334999498850708,-1.576514479395449
4318,0.0017611107232912658,0.004683559027939345,0.37601975608410615
4319,0.0063160530615049655,0.004195659193708707,1.5053780037653532
4320,0.0034546457550870212,0.004634481985906169,0.745422199415787
4321,0.0008800072654785871,0.0047215169047951045,0.18638231806071992
4322,0.006014240323871424,0.004449676429357079,1.35161295868437
4323,0.003977058879084487,0.0045958150335158755,0.8653653051920086
4324,-0.004706415227456209,0.0045528612822143865,-1.0337269105565934
4325,0.0028189476671910325,0.004639924305905714,0.6075417358863084
4326,-0.0027183176924415737,0.004608265891487,-0.5898786564080886
4327,0.0020107695851156516,0.004647573667378532,0.43264931962871456
4328,-0.005778385998069326,0.004525461763917285,-1.2768610805955627
4329,0.0017955892612854883,0.004688433319821284,0.38298278738321345
4330,-0.00017891240090317306,0.00474597900500612,-0.037697680650178596
4331,-0.008805476755636907,0.004159096339893614,-2.11716104557995
4332,0.0005517885621538316,0.004724681254503875,0.11678852655463914
4333,0.0018625713096275802,0.004673184522692486,0.3985657533065798
4334,0.004909486897768396,0.0044302931736219095,1.108162982756902
4335,-1.8982391114667223e-05,0.004752850972808808,-0.003993895710861966
4336,0.0048490331893830925,0.0046243350630551985,1.0485903645094958
4337,0.004797013928673006,0.004422839096493263,1.0846005979454272
4338,-0.005285261024631785,0.004572931876832054,-1.1557707761641103
4339,0.0025912298697559964,0.004675706891106972,0.5541899717205164
4340,-0.0018614670591468533,0.004797504283163141,-0.38800737826950543
4341,-0.000430708221340038,0.004737615095461047,-0.09091245545732185
4342,-0.003841181648089429,0.004583453058268217,-0.8380541044617476
4343,0.006487335046773448,0.004428708152710933,1.4648368831444387
4344,-0.0008280201008537074,0.0047196542696077825,-0.17544083815328243
4345,-0.006562280141066398,0.004366338091217823,-1.502925335595371
4346,-0.0005835566753792107,0.004770117291278805,-0.12233591749329228
4347,0.0026147217122594072,0.004607064276291289,0.5675461759270857
4348,0.005093610107355222,0.004386834527523503,1.161112887982742
4349,-0.0019356089765313789,0.004618362422627144,-0.4191115376844575
4350,0.005885610316516619,0.004632026102908087,1.2706340995836585
4351,-0.00150193184501602,0.004644786505693651,-0.32335863944982807
4352,0.005241335162453973,0.004527405275781694,1.1576907396586034
4353,-0.0022521385207769527,0.004635373937402202,-0.4858590808833681
4354,0.000838213826344209,0.004757309224800523,0.17619494271561795
4355,-0.0014264662092148322,0.004662158504067901,-0.30596690523717485
4356,0.005457817062128711,0.004401299077867837,1.2400468510703193
4357,0.0036761589578407517,0.004656853634604709,0.7894083100494091
4358,-0.006347188062716441,0.0044974156418033,-1.4112967464513575
4359,-0.0033997384467558374,0.004541193744650731,-0.748644219542612
4360,-0.0008637013342696793,0.004775134517388259,-0.18087476512432937
4361,-0.005708840266619311,0.0043903000237942155,-1.3003303272393618
4362,0.004479219474316014,0.004600114525636367,0.9737191214160851
4363,-0.004716934313427142,0.004533030048025512,-1.0405698315372374
4364,0.0008182858538687156,0.00478307798648435,0.17107934601546623
4365,0.0019050094058660077,0.004687593807047783,0.4063938737613809
4366,-0.0015807548093529505,0.00470686470154142,-0.33584029063662685
4367,-0.006830398764049188,0.004300808841121466,-1.588166090699375
4368,0.002656924770640934,0.004624746145515831,0.5745017536188656
4369,-0.0031452175993521027,0.004754667417296372,-0.6615010732213433
4370,0.002702843224838675,0.004616754003001758,0.5854423309280327
4371,-0.006392927314403508,0.0043662515642615704,-1.4641683421840797
4372,-0.0013427135187300508,0.0046906103184489135,-0.2862556101599286
4373,-0.0030178434666153,0.004627936377048068,-0.6520926868359916
4374,-0.006836021223759486,0.004179696600605099,-1.6355304886890183
4375,-0.0015164943540090646,0.004700073807775749,-0.3226533063162101
4376,0.006019975281004167,0.004313294587701897,1.3956791400634616
4377,-0.0004993161902730195,0.004742035973113741,-0.10529574071222321
4378,-0.006618733062456508,0.0044274182494675,-1.4949419028239683
4379,-0.008017284329639074,0.0041601911446833475,-1.9271432611660224
4380,0.004822480846774056,0.004598355382603941,1.0487403529135666
4381,-0.005809133838473014,0.004365181833056288,-1.330788512515581
4382,0.011268052421014724,0.003670837023694244,3.0696139186464944
4383,-0.0005835611631742603,0.004722161379454442,-0.12357925032237672
4384,-0.008591890556637779,0.004118448994949644,-2.086195693372386
4385,3.5867824712063094e-05,0.004751100469858278,0.007549371969634018
4386,0.006213753094555639,0.004304143647972402,1.4436676846235874
4387,0.007999680820746294,0.0041614316172188534,1.9223386460673357
4388,-0.001788348346875831,0.004682535167573692,-0.3819188287703739
4389,-0.002965125338688522,0.0046041496721432795,-0.6440115004576351
4390,-0.0021090084926952903,0.004681534155196277,-0.4504951630769141
4391,-0.0073028655691928035,0.004252473913393542,-1.7173216621486576
4392,0.002052165539894191,0.0046924738843477955,0.43733126501553676
4393,-0.000710343694547618,0.004717863798640827,-0.1505646887797527
4394,-0.005741380004817652,0.004512161347729236,-1.2724234712278244
4395,-0.005251269328867883,0.00454876283888575,-1.1544390232826947
4396,-0.005864869124353545,0.004235043074518624,-1.384842850747197
4397,-0.005588872896936677,0.004523577972313314,-1.2354983004921172
4398,0.003524386242770693,0.004596520436680942,0.7667509132877006
4399,-0.0006617563626621692,0.004758624439613299,-0.1390646332905283
4400,0.004862123227562828,0.004564619165901915,1.0651760970298012
4401,0.0018636014458512059,0.004777825422598412,0.39005222690570585
4402,-0.0033521548366217363,0.0046376870230887815,-0.7228074727623905
4403,-0.004408113662102894,0.004474156996213428,-0.9852389323471601
4404,0.001917021406622801,0.004689436232391226,0.4087957084012374
4405,-0.0018871958187234978,0.004674104615291938,-0.40375557974233023
4406,-0.006062929333752202,0.004343028568661087,-1.396014149550332
4407,-0.00809367258767085,0.004090155979467022,-1.9788175874714478
4408,-0.005295142634307068,0.004275555719623464,-1.2384688638260564
4409,-0.00353533410496327,0.0045530754049694835,-0.7764716791434219
4410,-0.0019464461136362557,0.0046671276985701905,-0.4170543939118195
4411,0.00011266953569527079,0.004757605610323933,0.023681983107380653
4412,0.002146569846001315,0.004630889109785471,0.4635329836478759
4413,0.006191720716821662,0.004254703679695588,1.4552648510799844
4414,0.006167556416545347,0.004256601470177204,1.448939126614686
4415,-0.002001996083522232,0.004619905276251035,-0.4333413703985753
4416,-0.0048364089597265885,0.0045126514104567896,-1.0717444180420368
4417,0.0023224484400257636,0.004623086771154105,0.5023588253884296
4418,0.00014825987338160681,0.004746952475145152,0.03123264329227845
4419,-0.004965430835871614,0.004574307783824911,-1.085504314648381
4420,0.0004378963689496556,0.004727047278111796,0.09263634213630542
4421,0.003959257906631597,0.004658953055733886,0.8498170853554411
4422,0.0022121273548277127,0.004703633565721222,0.47030180474709676
4423,-0.002107540412643042,0.0046698239148206784,-0.45131046717935436
4424,-0.00239362162343907,0.004615043180240968,-0.5186563873740593
4425,0.0045208122553337,0.004612970859117689,0.9800218543323692
4426,-0.0029814109444927486,0.004688366615386032,-0.6359167678373344
4427,-0.001598174886667204,0.004680811541748714,-0.3414311540665315
4428,-0.0025021892693257194,0.0046108439576117285,-0.5426748969014719
4429,-0.003858691726938744,0.004553674497784102,-0.8473797872062334
4430,0.005225499244763569,0.00457469268667469,1.142262355673545
4431,-0.003637384070462854,0.0045606967734026374,-0.7975500786799908
4432,0.0006432262762138607,0.004769173626422624,0.13487164162994572
4433,-0.00019533025048651834,0.004742989185960473,-0.041182942407861134
4434,0.004443989769107184,0.004446665772960884,0.9993981999119492
4435,0.002815939173005598,0.004600376452273713,0.6121105962130196
4436,-0.003916048062810056,0.004534463482778511,-0.8636188333378046
4437,0.002648495261154631,0.004664643300549904,0.5677808763732065
4438,-0.004139366910202623,0.004570894803796815,-0.9055922500697798
4439,-0.001162642111201058,0.004699041547632957,-0.24742111756528615
4440,-0.004312816341274364,0.004466080199291719,-0.9656826901492586
4441,-0.0035022459993739033,0.004657232733496212,-0.7520014995567434
4442,-0.004842455834369195,0.004352000984816775,-1.112696401325164
4443,-0.0011355689713096956,0.004733945797660174,-0.23987789887052957
4444,0.002689003807917077,0.0046090428475586516,0.5834191386051892
4445,0.006681819550639721,0.004332959585671923,1.542091362387714
4446,-0.004918224780267962,0.004529248519030902,-1.0858809711153334
4447,0.003635026101728154,0.004542782811108403,0.8001760711164698
4448,-0.005144370382654235,0.004554919195542735,-1.1294098010977482
4449,-0.004779772095206467,0.004607356260761442,-1.037421858585889
4450,0.0025599560012076104,0.004692993634767586,0.5454846523213724
4451,0.002678116143174797,0.00461404107729606,0.5804274600745942
4452,0.003334778414944965,0.0045259267791951776,0.7368166958145027
4453,-0.002812359393663651,0.004586619981089038,-0.6131659926610903
4454,0.007863111010997254,0.004245544111163119,1.852085576103709
4455,0.002635105843153944,0.004636396468377532,0.5683521375116733
4456,-0.004077020851905281,0.004536907181281991,-0.8986343976191375
4457,-0.002648511532209558,0.0047351029055313805,-0.559335580461337
4458,-0.0042297356291452586,0.004552210274013264,-0.9291608635240592
4459,0.0028121678252776717,0.004649843660380382,0.6047876080736059
4460,-0.004931209556561601,0.004486052586005352,-1.0992313313368098
4461,-1.1066560358251706e-05,0.0047517804805005575,-0.0023289292095172594
4462,0.004884717858322131,0.004417022635428802,1.1058847240541534
4463,-0.0010515010085975324,0.004720748424322107,-0.22274031871302832
4464,-0.0063056738355725525,0.004335368130910123,-1.4544725257849795
4465,-0.0030623902096263223,0.004529934167097223,-0.676034153403315
4466,-0.0036199319545203923,0.004626675201768617,-0.7824045986925164
4467,-0.006292853178284372,0.004372245382416558,-1.439272645490516
4468,0.0013074124830730997,0.004742142223102982,0.2757008165431203
4469,-0.004722759738896942,0.004462393011450017,-1.0583468840101828
4470,-0.00500910690002596,0.0045497421653062035,-1.100965003736391
4471,-0.0075047259599545,0.0042609551301524985,-1.7612778662811002
4472,-0.005038840051533618,0.004622927857746288,-1.089967268922533
4473,0.003628676264099236,0.004561947607454523,0.795422608135556
4474,0.0017835881767020397,0.0047299391747046005,0.37708480190200977
4475,0.001610442115640415,0.00469864427298976,0.3427461246423931
4476,0.006274940182586817,0.004319621636319655,1.4526596796873872
4477,0.002422524025716898,0.004675719095943425,0.5181072635049097
4478,0.005947043306672668,0.004307114602706353,1.3807487971032568
4479,0.002280802389171486,0.004589740346374872,0.4969349499199751
4480,-0.004704984930632066,0.004482485395668956,-1.0496375370632756
4481,0.003779401654996905,0.0045831009739487685,0.8246385310905769
4482,-0.00512110037731406,0.004425881498742541,-1.1570803192017323
4483,-0.00046456377403342945,0.004728677686357724,-0.09824390767289976
4484,0.004688487923186718,0.004528223852131376,1.035392258927285
4485,-0.0032705970525475953,0.004548726005314415,-0.7190138620630165
4486,-0.0022645224229587537,0.004623885475671782,-0.4897444875902235
4487,-0.0025099719952423718,0.00454994405605266,-0.5516489794865561
4488,-0.002591294896811208,0.004618618996148237,-0.5610540507827675
4489,-0.0011635174350300363,0.0046829637396406205,-0.2484574939543151
4490,0.0035354177898198297,0.004548304324089441,0.7773045816426568
4491,-0.006302496351349876,0.004401058247318618,-1.4320411131094948
4492,-0.006920305852517929,0.0044213518525048805,-1.565201341892138
4493,0.0025869672870691513,0.004662184831912108,0.55488303881941
4494,-0.006261896550103341,0.0042962984769527104,-1.4575096641201695
4495,-0.00510425018256003,0.004460890679606652,-1.1442222078865443
4496,-0.0037433900970569845,0.004462743443765773,-0.8388091639653431
4497,-0.003842025633428463,0.004493407006909517,-0.8550361958132384
4498,-0.0025072968814535586,0.004643602687723891,-0.5399464704596714
4499,-0.002424236491067792,0.0046844181470315814,-0.5175106950270826
4500,-0.007008632929342602,0.00432173467503084,-1.6217175408373694
4501,-0.005784962552615062,0.004319790584715011,-1.339176619599191
4502,-0.003172666809924441,0.00459133393857293,-0.6910119918026619
4503,-0.006220629236517124,0.004340710408991591,-1.433090128203753
4504,0.0026198394014369268,0.0046872294630102024,0.5589313307811541
4505,-0.005264389067262392,0.004401347536684542,-1.1960857495084254
4506,0.003272470468932412,0.0045099973058483145,0.7256036416449415
4507,0.0032418923796918293,0.004649086212404403,0.6973181893340703
4508,-0.004383808464686048,0.0044331090578245335,-0.9888790028633586
4509,-0.003285068776670983,0.0044664601854184785,-0.7354971588900873
4510,0.005752454360595054,0.004336801883049307,1.3264277492312766
4511,-0.0028674660276075264,0.004513905513905342,-0.6352516725868839
4512,0.004689850078732793,0.004659760761949042,1.0064572664393967
4513,0.004652078238601246,0.004510501390819522,1.0313882727250419
4514,0.00314235985577155,0.004598650286967024,0.6833222053604014
4515,-0.002877556678344814,0.0045366977221246545,-0.6342844188872206
4516,0.0015174679499941046,0.0046574866365796715,0.32581262565006325
4517,0.004721008658394493,0.004492181069000076,1.050939084128537
4518,0.006021373547490284,0.004484351929418524,1.3427522286974167
4519,-0.00025902844767205737,0.0047649898581011655,-0.054360755297657534
4520,-0.006413260785322881,0.0042144763849501455,-1.5217218462119217
4521,-0.0036597381459067217,0.004718196832988597,-0.7756645759919627
4522,0.0009278805382967021,0.004700975198749455,0.19738043683862344
4523,-0.005790371425852469,0.004222036283520287,-1.3714641554488303
4524,-0.0012285266989922065,0.004799392980053812,-0.2559754335804425
4525,-0.0006782750936078827,0.0047275682664894856,-0.14347230021313775
4526,-0.004329449060866156,0.004546314980852582,-0.9522985272908308
4527,0.005640917250045877,0.004499471996087231,1.2536842667209074
4528,-0.0002738295718290677,0.004759565482054339,-0.05753247284054101
4529,-0.0032514035955569123,0.004607592532943939,-0.7056621375066527
4530,-0.002664064795589178,0.004585774067376472,-0.5809411358796603
4531,0.0026660910915672267,0.004661886476613684,0.5718910370172356
4532,-0.006928639510263378,0.004159572247656433,-1.6657096205426123
4533,-0.004920716687909261,0.00464031791721719,-1.060426629315999
4534,-0.0046464480878984134,0.004493920275922003,-1.0339409252081395
4535,0.0027873487345430954,0.0046019362777365855,0.6056904238391636
4536,0.0030175786045175353,0.004621936046427533,0.6528819469170143
4537,-0.0016877597025891906,0.004714364437472879,-0.3580036556303885
4538,-0.0006473714571408252,0.00472864546443818,-0.13690420692551133
4539,0.0025026123377954205,0.004601106802050811,0.5439152893994882
4540,0.0002788598698486776,0.004760463755688705,0.05857829912378661
4541,-0.00809345257688146,0.004113496737480824,-1.967535917346571
4542,-0.004595168334094726,0.004604030150934844,-0.9980752044296846
4543,0.003966756418786026,0.004481517101544756,0.8851369589594348
4544,0.00163155996669218,0.004675459293130005,0.3489625006658812
4545,0.007793045990429733,0.004281035882997387,1.8203645574148741
4546,0.005445758072814677,0.004428216508342912,1.2297858658344014
4547,-0.00281545386592526,0.0045978204783648806,-0.6123453230010664
4548,0.0008615893693189482,0.004719145984925845,0.1825731545646361
4549,0.0020857609635395475,0.004636564313753335,0.44985054070157127
4550,-0.002117936859001809,0.0046338768545568535,-0.45705505896624676
4551,-0.0021003308123638854,0.004629634360418341,-0.45367099188673216
4552,-0.002941034236470327,0.004534284432502359,-0.6486214705430915
4553,0.0036691592351958723,0.004596633099282752,0.7982275626410991
4554,0.004221491660127344,0.004621471514044571,0.9134518404578076
4555,-0.007867660649293768,0.0041825860569871046,-1.8810517087031988
4556,0.008067887120511477,0.003985835871941211,2.0241393222702357
4557,0.00216907944498375,0.0046606823653257004,0.46539954344907797
4558,-0.0011245135555221241,0.004704050513257995,-0.2390521854203673
4559,0.004424478340730549,0.00443705743132092,0.9971649926138939
4560,0.00548650304692755,0.00439831025066021,1.2474115590422472
4561,-0.0002424951893619076,0.004758376287914074,-0.05096175138099683
4562,0.004915638686078163,0.004543912009104837,1.0818076310079245
4563,-0.005677204960123199,0.004498146669007076,-1.2621209084265785
4564,-0.0006517212837929562,0.004761412457143093,-0.13687562034564785
4565,0.0018197230119998175,0.00469593345358314,0.3875103917009968
4566,-0.007357680327627256,0.0041927029914078685,-1.754877543843529
4567,0.005370852498165196,0.004349045060638877,1.2349498391668114
4568,0.001580819124291336,0.004675526302563491,0.3381050649687516
4569,-0.0023399165381417443,0.004630957313805512,-0.5052770689909267
4570,0.0034874276289100906,0.004619984935552027,0.7548569264963175
4571,0.0031035144991266393,0.004789121547671746,0.6480341892001942
4572,-0.0018751038127403962,0.004700617950761785,-0.39890581033851424
4573,-0.004602113896888117,0.004356555321719252,-1.0563653063108491
4574,-0.007705114960462534,0.004143155269265882,-1.859721506847555
4575,-0.010670976676229101,0.003728343533300986,-2.862122704337085
4576,-0.0016535859911178436,0.004698432413482319,-0.35194419023094164
4577,-0.00018674927322787817,0.004758759998168079,-0.0392432636442621
4578,0.0016577659998160427,0.004663138848519317,0.3555043188007219
4579,0.0031553287883359705,0.004675446601156197,0.6748721689080324
4580,-0.0026409791947263174,0.004648633870065279,-0.5681194235865324
4581,-0.004035405323120484,0.004676640650501536,-0.8628854822719202
4582,0.004282536770359581,0.004595885343365946,0.9318197584152798
4583,0.0037830174186347164,0.004544857104788238,0.8323732366962902
4584,-0.0024314253713237904,0.004605306441456768,-0.5279616898967254
4585,7.186709890974309e-05,0.004750659492625857,0.015127815205719914
4586,0.0030610309273912902,0.004515742999572419,0.677857647718466
4587,-0.006197549278480542,0.004351290062881838,-1.4243015723883816
4588,-0.002054476212646368,0.004713077605561535,-0.43590969311051464
4589,0.0029210799551599494,0.004590909781956775,0.6362747459426011
4590,0.003486522796440621,0.004580334194702923,0.7611939758615701
4591,-0.0013762532660534317,0.004751017864998547,-0.28967545590440597
4592,-0.0015624787162463673,0.004700314970774012,-0.33242000290654355
4593,-0.0035814085605823435,0.0044237872714673904,-0.809579742606921
4594,0.0032932286669431917,0.004612018066788701,0.7140537220913863
4595,0.0019128469399932683,0.004668501242319342,0.40973469657747236
4596,-0.006459956840205429,0.004242896230718108,-1.522534723672015
4597,-0.002837042589951566,0.004725763862115984,-0.6003352416092298
4598,-0.004555977603267585,0.00453754733916216,-1.0040617238185836
4599,0.0016252535811342856,0.0046983132330412365,0.3459227813302377
4600,-0.0059185894785216235,0.004454624778617858,-1.3286392844871644
4601,0.004841750705996442,0.004524142984127626,1.0702028479168546
4602,-0.0005961602700132575,0.004721088754191816,-0.1262760140833895
4603,0.001792605987984661,0.004663849714821176,0.3843618678980942
4604,0.005774501815701899,0.004466874163161,1.2927388605045347
4605,-0.0013324394455954509,0.004686502557635311,-0.2843142469696561
4606,0.0026553296786594733,0.004692184670016973,0.5659047683325449
4607,0.0014044683760189762,0.004701338165915471,0.29873800319264854
4608,-0.004536435722725747,0.004491317889302164,-1.0100455666990416
4609,0.003788818927267265,0.00456240671340091,0.830443045802684
4610,8.183758065323507e-05,0.004751171511263523,0.017224716148264502
4611,-0.004206623105906703,0.0046668110967796024,-0.9013913395400859
4612,0.00465563043990994,0.004367230294472677,1.066037311062408
4613,0.0025763488030909718,0.004688209222286182,0.5495379324889916
4614,-0.004383796821852083,0.004499676937389944,-0.9742470143634183
4615,-0.007849336908137643,0.004264351292114538,-1.8406872160490888
4616,-0.00476721819226292,0.004606401801863788,-1.0349114986743155
4617,0.006296287709671833,0.004224116037190144,1.4905574691220094
4618,-0.0038740254500978593,0.00466598232620288,-0.8302700651784283
4619,0.004243039510158319,0.004455636796934051,0.9522857682381066
4620,0.004732208666509486,0.0043185923907805256,1.0957757153955912
4621,0.002214450968343167,0.004619823418423586,0.47933671220247637
4622,0.0030112619627965815,0.004618562086862786,0.6519912271747802
4623,-0.008086518160003442,0.00427297657195058,-1.8924789368344255
4624,0.001942502321137453,0.004704426149920428,0.4129095152594348
4625,0.0022293091273909832,0.004603433782954547,0.4842709230760743
4626,-0.005037524910916469,0.004434955638679222,-1.1358681622386415
4627,0.0014045045156218187,0.004693571662806092,0.29924002796244165
4628,-0.00291912349417298,0.004608449990920938,-0.6334284846149826
4629,-0.0035753894292944455,0.004625696979104997,-0.7729406931420375
4630,0.00046441889233506123,0.004743672373354556,0.09790281785557647
4631,0.00302450296512202,0.00458292070983834,0.6599509693958262
4632,0.0012658395141736875,0.004708063919017336,0.2688662549929638
4633,-0.0010560247603646422,0.0046948483976112865,-0.22493266468453846
4634,0.0029067739364112073,0.00459060563051851,0.6332005339528342
4635,0.005841687282256895,0.004287007837699256,1.3626490791283463
4636,-0.002665075615097137,0.00464076463985092,-0.5742751080741622
4637,0.0006266655881233187,0.004773222855869206,0.13128772886704085
4638,-0.001888157673849825,0.004690336324759994,-0.4025633863146142
4639,0.002327360448641927,0.004683530300830592,0.4969243923177321
4640,-0.0020972986576528064,0.004674653662469469,-0.44865327125536636
4641,-0.0026168628068768316,0.004651967489649807,-0.5625281803235098
4642,-0.006485999156978588,0.004280896833883706,-1.5151028881708355
4643,-0.001159006979675953,0.004718445811216927,-0.24563320763813865
4644,0.0035304921380502957,0.0045874438150486346,0.7695989924647975
4645,0.003317437287090236,0.004669494158100066,0.7104489640137043
4646,0.003237371395430782,0.004512690703299814,0.7173927060996047
4647,-0.0015293961048169994,0.004694965807413179,-0.32575234145521126
4648,0.0032653516137676063,0.0045209689029348235,0.7222680986918262
4649,0.004722304023584308,0.004621571539161061,1.0217961538774607
4650,-0.002679962978032939,0.004561753862132443,-0.5874852214801788
4651,0.005366269835994053,0.004539695120318541,1.1820771425763748
4652,0.001042063307071063,0.004742432253478859,0.21973182775708539
4653,-0.0011040223703351856,0.004715814402960689,-0.23411064897763084
4654,0.005108173309682325,0.004484658640406615,1.1390328047842626
4655,0.006590716471869016,0.004295524500130237,1.5343217042922677
4656,0.0015216885816074993,0.004707269299263429,0.32326354938851826
4657,-0.004441773665631676,0.0045491352597315585,-0.9763995599229077
4658,0.005400639568049102,0.004257436986413747,1.2685189669943493
4659,0.007356780210756046,0.004385913113828072,1.6773656978204408
4660,-0.005220820278938877,0.004490696971188204,-1.1625857439134861
4661,-0.0036373347475928317,0.004732004593596642,-0.768666782892578
4662,0.004048233383225692,0.004556916635437082,0.8883711744350138
4663,0.0039050800292489,0.004560866133459996,0.8562145686758846
4664,-0.00036496039909320944,0.004757559633311737,-0.07671168145488079
4665,0.004169803914156636,0.004619725252471157,0.902608637153508
4666,-0.0021519086552505623,0.0046148402122053265,-0.46630187748628776
4667,-0.0019881564132924055,0.004668762353465401,-0.42584228169521016
4668,0.004619440148303601,0.004570976616499327,1.0106024457944809
4669,0.00100325387546549,0.004726899461370834,0.21224354011848168
4670,-0.001376867782852585,0.00478103689663662,-0.28798518242375176
4671,-0.0037566693122857127,0.004613171730252648,-0.8143354576743607
4672,-0.003715581661694442,0.004533761852861742,-0.8195361340713433
4673,0.0030674464101124524,0.004641191315170833,0.6609178984037519
4674,0.006337276656665961,0.004409879650499003,1.4370634028411324
4675,0.002384777372160377,0.004658624197751392,0.5119059342265583
4676,-0.0030411862710577058,0.004554478566554455,-0.6677353349273565
4677,0.0035724336354329943,0.004560927442336847,0.7832691224753653
4678,-0.003552571165006283,0.004673195625207352,-0.7602016799475741
4679,3.643926314457344e-05,0.004753797747870765,0.007665295218101076
4680,-0.0005594716958084767,0.004741548827758313,-0.11799344816047819
4681,-0.0009914205209273442,0.004748005646733681,-0.20880778050661694
4682,-0.007714675206207441,0.004375980781023174,-1.7629591152828663
4683,-0.0025986710804512454,0.004636071956199316,-0.5605329479358758
4684,-0.0020659418703482062,0.0046965677736129936,-0.43988332968501176
4685,0.0018030397031683183,0.004648030294831463,0.38791479159963094
4686,-0.002035591833629226,0.00466336584304413,-0.4365069999098424
4687,0.00426958885956202,0.00454886887215284,0.9386045145639371
4688,-0.0024849135965183677,0.004630739097487206,-0.5366127402571147
4689,0.0031927580072802003,0.004576463996627076,0.6976473560446038
4690,-0.004371113808155858,0.004508335435814978,-0.9695626845844235
4691,0.0064981787490327,0.004359648610738525,1.490528097385332
4692,0.006354762739564821,0.00440901121437674,1.4413124463923896
4693,-0.003133602677681184,0.004557088388275565,-0.6876326309016274
4694,0.003440903758627411,0.004473096536832848,0.7692442428402684
4695,0.0017788443924031379,0.004706778627221642,0.37793245301897055
4696,0.006183535878947653,0.004243406465519868,1.4572103637001212
4697,-0.006198659613352403,0.004377090408591546,-1.4161598310113497
4698,-0.007192857991938432,0.004229307169812355,-1.7007178015536675
4699,-0.008153462103266586,0.004073293403712902,-2.0016878960485673
4700,-0.003218172746771995,0.004563505618247398,-0.7051974985861692
4701,0.0029735184592193206,0.00472266546150307,0.6296271636130133
4702,-0.0029361537725797874,0.004713566216316108,-0.6229155670745071
4703,-0.0012493529487841747,0.0046817510239118496,-0.26685591403796494
4704,-0.0013204044020465413,0.004695074997475084,-0.281231801996055
4705,0.000830015934356495,0.004732869942532673,0.17537264797780042
4706,-0.004272035710017014,0.004714962598024357,-0.9060592997719779
4707,0.0048369238693201835,0.004482475685049065,1.0790742012172765
4708,-0.006236090332815647,0.004435172029526138,-1.4060537655135605
4709,-0.005025229112299415,0.004519868750629044,-1.1118086363901694
4710,0.0011237685923769637,0.004784660021431752,0.2348690580612433
4711,-0.002690372568214731,0.0047127319341878585,-0.5708732441787739
4712,0.0018933083618070912,0.004668033755573994,0.4055901180119647
4713,-0.006530919584307414,0.004215411658954719,-1.5492958013801343
4714,-0.0038199062490366516,0.0045665383677747536,-0.8364993221108243
4715,-0.0006369255113776191,0.004733454582127334,-0.1345582809186623
4716,-0.0021147393962498875,0.004625885500113504,-0.45715342418181315
4717,-0.0057919295903884754,0.004511873478696551,-1.283708334849346
4718,0.007172209742040526,0.004178029703350273,1.7166488156580801
4719,-0.003427596228057381,0.0046027040001175015,-0.7446918654707925
4720,0.0023846243340371206,0.004829979338735264,0.49371315419778533
4721,0.004786259793963102,0.004400804013715918,1.0875875815068883
4722,-0.0009321646748889286,0.004722046317658449,-0.1974069316946402
4723,-0.0016777424953471295,0.004687614632414882,-0.3579096463573457
4724,0.004033195309840903,0.004557598090565374,0.8849387834767548
4725,0.0013517914419670604,0.004717262104269953,0.28656271627210433
4726,-0.005243342228297618,0.004451324773522633,-1.1779284808617116
4727,-0.003349060099884082,0.0046084755563052604,-0.7267175574582225
4728,-0.0025747859995044584,0.004646947960444161,-0.55408109180942
4729,-0.009626210947583206,0.003873308677502616,-2.485268216162383
4730,-0.0031484760565660013,0.004598365079996103,-0.6846946690384726
4731,0.00328781936324086,0.004615321948280736,0.7123705345118151
4732,0.00295099486304387,0.0046462699306558065,0.6351320321648524
4733,-0.004645078728845722,0.0044399877301988,-1.046191794011498
4734,0.0062845786420484065,0.00423525639255443,1.4838720633529248
4735,-0.0002604892285989154,0.004746252405908841,-0.05488313859469835
4736,0.003816048487113421,0.004551751445650447,0.8383692591035375
4737,-0.005709235275249693,0.004509689971293826,-1.2659928535201985
4738,0.001207373675724795,0.00468382945674376,0.2577749012587175
4739,0.006051199125370481,0.004370335461431008,1.3846074697865631
4740,-0.0057028998786846806,0.004436713175463988,-1.2853884515733374
4741,-0.0024157416935451804,0.00464325567152265,-0.5202689372375209
4742,0.003340214624300898,0.004592185009716145,0.7273693497177645
4743,0.005026417823130384,0.004540789106449171,1.1069480888225984
4744,-0.004777346306368819,0.00434164036485196,-1.100355143425546
4745,0.0013782184514120267,0.0046828808851766225,0.29430995261371995
4746,0.0016058111871419334,0.0047132258679113215,0.3407032109525345
4747,-0.004604448828094794,0.004670437815955611,-0.9858709203588197
4748,0.0036981043345599017,0.004683448033818593,0.7896114802291715
4749,-0.007442408998203446,0.00404528450546555,-1.83977393633206
4750,-0.003976174859939013,0.0045168211827971766,-0.8803038019487519
4751,0.0016307249406560984,0.004718838632920616,0.3455776023531449
4752,-0.004492274984350297,0.004457958122173981,-1.0076978879648113
4753,-0.004099515845604125,0.004570658775695231,-0.896920126132268
4754,0.003749287609208857,0.004578944951120129,0.8188103699066492
4755,-0.004848006955306811,0.004490151241720976,-1.0796979198074133
4756,-0.005331643752968011,0.004365728122606507,-1.2212496067631478
4757,0.000353374321699988,0.004742805858748134,0.07450743973595017
4758,0.00044902066740138595,0.004771669761330513,0.09410137118881062
4759,0.0028445748639467252,0.004618863493687573,0.6158603448303459
4760,-0.0007272309333545201,0.0047692310456991915,-0.15248389654141922
4761,-0.007277190717435206,0.004212597896983021,-1.7274828728958407
4762,0.00421989856733808,0.004514675206526503,0.9347070108692895
4763,-0.003658974904515776,0.004576411000141244,-0.7995293483043475
4764,-0.005338778266943888,0.004557938450050625,-1.171314252144978
4765,0.0038383051635111015,0.004581463242639911,0.8377902343050143
4766,0.004878893776315975,0.004527199656811099,1.0776846938870384
4767,0.006671072506661215,0.004277976029503056,1.5593992253940114
4768,-0.005112545372435698,0.004394378206839922,-1.1634286198848194
4769,-0.0013758680978883508,0.0047683468929323215,-0.2885419472999484
4770,-0.004006595094948368,0.004590342522800381,-0.8728314009352198
4771,0.005958381327579059,0.004384430013733959,1.3589865293583872
4772,0.004283029507246011,0.004531898000055701,0.9450851513413075
4773,0.0003567099393187729,0.00477139112142945,0.07476015489836998
4774,-0.006814828667467826,0.004319218205683164,-1.577792170467557
4775,-0.0028085221750823344,0.004646600749071569,-0.6044251113340222
4776,0.002859976958413324,0.004624162799570239,0.6184853523494296
4777,0.005326199880571882,0.00455592088971385,1.1690720733534097
4778,-0.004783338769797711,0.004476331082531576,-1.0685846693655436
4779,0.00421470446737864,0.004593013621418474,0.917633783563002
4780,-0.0018023325286409286,0.004645587188501727,-0.387966570319006
4781,0.003710892667708346,0.004652256629180174,0.7976543349807175
4782,-0.004173312017969088,0.0044946851922291805,-0.9284992918267755
4783,-0.0024007410784926938,0.004627903166680299,-0.5187535244422152
4784,-0.0034484375965093904,0.00450245430901328,-0.7659017415470721
4785,-0.0033126485064918928,0.004496496593783942,-0.7367176728369754
4786,0.003387546641907064,0.004543297475710635,0.7456140963732965
4787,0.0015400231233637617,0.004686645895633396,0.3285981398335683
4788,0.0025216193439095,0.004619484590178285,0.545865949909399
4789,-0.0036199299329082355,0.004673521184974907,-0.774561575658648
4790,-0.0013069109152987232,0.004793039240527271,-0.27266851985024704
4791,0.001409997946914361,0.004810230675202614,0.2931248087920378
4792,0.001988131875536704,0.004695678276253905,0.4233961013876756
4793,-0.00032785886291698547,0.004744717092310635,-0.06909977065825881
4794,-0.001156416603045042,0.004716673965046449,-0.24517628558064936
4795,0.005962947828711787,0.004393469445529224,1.3572298391148838
4796,0.005631961117862604,0.004395456413150787,1.2813142910511666
4797,-0.0035134314450669044,0.004638609545513898,-0.7574320301360181
4798,-0.00601418505803232,0.004358549986177699,-1.3798591451526652
4799,-0.0017722700621259349,0.004780263423094986,-0.37074736374642653
4800,-0.004563346579116222,0.0045542637403161845,-1.0019943594218386
4801,-0.004086753723662351,0.004587365064529037,-0.8908717022027368
4802,0.0011740378933818949,0.004724143638439508,0.2485186698873759
4803,0.004530650503330643,0.004595627952856169,0.9858610291798876
4804,-0.00042206755369046716,0.0047378321087713435,-0.08908453149048404
4805,0.002281616875083287,0.004612248582423773,0.4946864494203561
4806,0.0013549516102962782,0.00469434045125546,0.28863513934825674
4807,0.0031039277579802847,0.0045420186502454956,0.6833806721186664
4808,-0.0019354406795530675,0.004744245268298966,-0.4079554428784863
4809,-0.0009667206976085368,0.004714891737518056,-0.20503560875343105
4810,-0.001591636901874102,0.00468594317028344,-0.3396620155292725
4811,0.005993065908656237,0.004466076011069814,1.3419086226480603
4812,-0.0034919094683974325,0.004521343512647232,-0.7723167812022607
4813,0.0027614248966260748,0.0046544820394059565,0.5932829632270985
4814,-0.0003713296833239706,0.004733585436244746,-0.07844575498325732
4815,0.0032358039223370086,0.004585624167878119,0.7056408907218173
4816,0.003319032658289461,0.004489949426478252,0.7392138180257379
4817,-0.0011747952320181906,0.004695699096824052,-0.25018537342240826
4818,-0.00043652995760123345,0.00473925692805612,-0.09210936740251452
4819,-0.007206576504823497,0.004396660305128128,-1.6391024106224379
4820,0.005792897679232457,0.004231039724021614,1.369142824715976
4821,-0.001926741660891894,0.004691422812945566,-0.41069452439358506
4822,-0.005162002812289227,0.004419485805840878,-1.1680098181256797
4823,0.005347386737007172,0.004591366292532168,1.1646613222091793
4824,-0.002731814795204423,0.004684722601777319,-0.5831326691932647
4825,0.0036852840874275774,0.004525466236134787,0.8143435162550652
4826,0.0021912752006738928,0.004704050746495718,0.46582728774902843
4827,0.001556312070845669,0.004700786523747612,0.33107482396476257
4828,0.006466315330676116,0.004285396918943642,1.5089186493068358
4829,-0.0032547474535888445,0.0045393297864388706,-0.7170105735239413
4830,-0.0007049770158473182,0.004751179248706775,-0.1483793767703473
4831,-0.001869386067044258,0.004680185201778566,-0.3994256608336467
4832,-0.002534862063858895,0.004693517469898186,-0.5400772619077696
4833,-0.00013887014740144766,0.004755519234879779,-0.029201889539819795
4834,-0.006023856327994277,0.004256298224781188,-1.415280605320826
4835,0.0037753373246169394,0.004639051729553237,0.8138166040628572
4836,0.005599282444361019,0.004338710813424688,1.2905405972290005
4837,0.004812787599167734,0.004476262985873288,1.075179812793951
4838,-0.0011481939495566213,0.004693470367315571,-0.24463645441386486
4839,0.00231258412511488,0.004678267818104393,0.49432486873997006
4840,-0.005452811388364153,0.00433545144018435,-1.2577263206832945
4841,0.005063852832617685,0.004424413569591301,1.1445252015817886
4842,-0.0034088164492492726,0.00463120284647154,-0.7360542308887228
4843,0.000882348763673761,0.004729862330029486,0.18654850862609787
4844,-0.004050665696890783,0.004440528397750769,-0.9122035339178418
4845,-0.004494541820142522,0.004340186143192784,-1.035564298824333
4846,-0.0062062746575116835,0.0042838873813410925,-1.4487483225034683
4847,0.0032496706388035253,0.004623877009351143,0.7028021360065421
4848,-0.006255924680282838,0.004435695727018288,-1.4103592909173963
4849,-0.0010570360932490484,0.0047808882590580064,-0.22109617208608837
4850,0.0032829806093202275,0.004608942450773784,0.7123067047124999
4851,-0.0023085263189655154,0.00464639060799708,-0.49684292900218563
4852,0.007005984881759271,0.004278847268628893,1.637353343533633
4853,0.00038704959996659343,0.004755876040842824,0.0813834499979948
4854,0.007982447922299305,0.004035930834253797,1.9778455702339057
4855,-0.00145830445881513,0.00468241307779018,-0.31144293222061536
4856,0.0055190234355643455,0.004517952008150457,1.2215763747839594
4857,0.00036886566487793023,0.004734568122680168,0.07790904161056213
4858,0.0019768237575880712,0.004612034614178611,0.4286229230610702
4859,0.004087364461226171,0.004544190957222432,0.8994702246677835
4860,0.004005983263131156,0.004527864384382197,0.8847401165434312
4861,0.004562299201418627,0.004557619606557396,1.0010267629300387
4862,0.004269628144203576,0.0046000137462681315,0.9281772576587215
4863,-0.009488260241365705,0.003850813407959692,-2.4639626063816342
4864,0.006934827281083089,0.00425502764472369,1.6297960577723622
4865,-0.0024633635503104297,0.0047265641825528,-0.5211742515638444
4866,0.004709677766903858,0.004556939864331564,1.0335176471754248
4867,-0.001970894122612707,0.004688630227115495,-0.4203560586233788
4868,-0.007082350691857061,0.0041289218966444234,-1.715302655061819
4869,0.005881615248471196,0.004446581196038608,1.3227275043827014
4870,0.0030585246696437003,0.0046467424601171455,0.6582083461467745
4871,0.005292611897775615,0.00446257125258407,1.1860005360611119
4872,0.0008817343110334926,0.004735158867530843,0.18621007989395602
4873,-0.0013216868530257992,0.004708287789418237,-0.2807149673382877
4874,0.002867673204281183,0.004577240003970335,0.6265070657850015
4875,-0.00760302398892298,0.004330195449681338,-1.7558154307982776
4876,-0.0032076372120191225,0.0047163851483364265,-0.6801050192329028
4877,0.0065987938476045034,0.004255262144730589,1.5507373278461767
4878,-0.0023616379578287323,0.004581946236706084,-0.5154224505974322
4879,-0.004500350541916286,0.0045386427572808,-0.9915630690908451
4880,-0.004739983450193565,0.004337341303646964,-1.0928315570204374
4881,0.0011427626721332703,0.004727509446926464,0.2417261530542735
4882,-0.00265197587801795,0.004605123161939092,-0.5758751253248295
4883,-0.004043372964976115,0.004578852565594064,-0.883053757912715
4884,-0.006324229443108374,0.0044375471451493596,-1.4251633247482969
4885,-0.005292666925594831,0.004463781424455496,-1.185691328118837
4886,-0.0022121951229038825,0.004647392226712864,-0.47600783729601087
4887,-0.002736199807372894,0.004584991608666646,-0.5967731330632913
4888,0.006225045929908375,0.004415622174143247,1.4097777582422362
4889,-0.004378192375539407,0.0043898801620723855,-0.9973375613680852
4890,-0.0011730841828538627,0.004695809010975717,-0.249815139438585
4891,-0.005567572724566315,0.004468290563928365,-1.2460185041483738
4892,0.0033173209827571954,0.004625730503447334,0.7171453201359128
4893,0.002607318040412864,0.004607331428194036,0.5659063345123558
4894,-0.004880366004564026,0.0045452711757602874,-1.0737238364546395
4895,0.007351090469857754,0.004231943934285321,1.7370481707714744
4896,0.0011425804095671814,0.004713875542350143,0.24238663055527726
4897,0.005530906156451799,0.004377454880726681,1.263498152957236
4898,0.0020075476236716305,0.004636456914667332,0.43299175655462185
4899,-0.009095823321189671,0.0039372010576759296,-2.3102257639234707
4900,0.005258849573111522,0.0045645331665275495,1.152111153814262
4901,0.005552558578728376,0.004472597555214992,1.2414617032230326
4902,0.005387253506879738,0.004594237905748332,1.1726109133658882
4903,0.0010345510368756678,0.004721966619057283,0.21909325506460497
4904,-0.005502707400164352,0.004349817333129342,-1.265043329119662
4905,-0.006414194677326076,0.00432247686103518,-1.4839164866668495
4906,-0.0037978977619386378,0.0045566430824253296,-0.8334859003082505
4907,-0.0032034757206261754,0.004581161935368774,-0.6992714437561793
4908,0.004872018301048973,0.004645150896359304,1.0488396200148156
4909,0.0027091180818146453,0.004664811361948948,0.5807561917536537
4910,0.0020436997447241876,0.004660945170312347,0.43847324309700725
4911,0.001350908947576528,0.004718287015840795,0.28631343176900764
4912,-0.007805579064551557,0.004193391267001956,-1.8614001335802173
4913,-0.007104971534461044,0.004265310446343294,-1.665757187862428
4914,0.0039756200427551154,0.004590035673524654,0.8661414258034006
4915,0.003392005768380985,0.004519899976457449,0.7504603610807179
4916,-0.00017125131553503848,0.004755014240512307,-0.03601489015027383
4917,0.004166580338438767,0.004489466109546429,0.9280792496860426
4918,0.0041162558600094665,0.004570197852607864,0.9006734484505157
4919,-0.003996523064436577,0.004391954645929322,-0.909964557156971
4920,0.005141345115641771,0.00447150730912361,1.1498013444261697
4921,0.0026034620895231076,0.004577286620331273,0.5687784719355605
4922,-0.0022901319949229365,0.004687848328961838,-0.488525189856154
4923,-0.0012112583012994825,0.004654210861842548,-0.26024998377919634
4924,0.004819428046553586,0.004521462783278856,1.0659001914992325
4925,-0.002691844192757854,0.004584079323214691,-0.5872158841418426
4926,0.0009496939644721266,0.004697241352254589,0.20218121515435672
4927,-0.0005278279718429966,0.004762504869446114,-0.11082990701579772
4928,-0.007651821388981905,0.00417346705144051,-1.8334447821603888
4929,0.006160808989518869,0.004347407441501935,1.417122520126718
4930,-7.836623662876125e-05,0.004751454725200085,-0.016493103935755427
4931,0.008863719582301116,0.004152803317363049,2.1343942645300644
4932,-0.0017349863756784749,0.0047342642266847345,-0.36647434376374777
4933,-0.0027291157574992854,0.004686970349053884,-0.5822771543776006
4934,-0.00356898489125811,0.004629245974996949,-0.7709646258882284
4935,0.0035405905105261224,0.004601731693744561,0.7694039431588507
4936,0.006453725995384483,0.004293168701155106,1.503254692425216
4937,0.002092113993123556,0.004659041978769222,0.4490438168741784
4938,0.0011855204831518638,0.00469884914868999,0.2523001793923049
4939,-0.006187543278157781,0.0042809505804759255,-1.445366668416409
4940,-0.0007741157071291017,0.004719881007970613,-0.16401169983349748
4941,-0.002755041848684879,0.004697398847719582,-0.5865037093927744
4942,-0.0005104701108496415,0.004742464691927986,-0.10763814683080257
4943,0.004046114381468925,0.004387503010561433,0.9221906792381156
4944,0.003956680347851499,0.0046342387495872505,0.853792944570217
4945,-0.003515986968513535,0.004614107528583567,-0.7620080257628649
4946,0.00038930752093881214,0.0047450354439326015,0.08204522927992314
4947,0.000893551572678079,0.004704412226387159,0.18993904651172516
4948,-0.0038218506805893764,0.004587695057004469,-0.8330655444838677
4949,0.008453665200126378,0.003979818827064404,2.1241331747661425
4950,0.0028290387619893153,0.004584089694043025,0.6171429772994234
4951,-0.00863187876514749,0.00417639087892735,-2.066827319420943
4952,0.004894457420819887,0.004503928583014653,1.0867084880692843
4953,-0.003477448233777811,0.004633771384529844,-0.7504574449631902
4954,0.0008190266411911261,0.004714344615287683,0.17373075327059997
4955,0.002589511678281116,0.004706068265831013,0.5502494932091366
4956,0.002983098976054019,0.004553681727235944,0.6550960639633331
4957,-0.0025891098471073817,0.004666478189495758,-0.5548316614734143
4958,0.0023259313131783295,0.004615491466601513,0.5039401177554258
4959,-0.0037884185798661547,0.004588012922982791,-0.8257209915187427
4960,0.0045323047290608395,0.004426004845428271,1.0240171186758569
4961,0.00394217819794527,0.0046298786648165165,0.8514646891078946
4962,0.006584996094139416,0.004273685434263631,1.5408237680165224
4963,-0.00422329434421251,0.004516179572888744,-0.9351475679943143
4964,-0.006077571032945977,0.004386997447691652,-1.3853600567157545
4965,-0.001519293406245222,0.0046647608288790535,-0.325695884950721
4966,0.005622829948177459,0.004428284263099525,1.2697536142907468
4967,0.002061164470280551,0.004693877402834246,0.43911766187927775
4968,-0.005201081278823134,0.004322819844543665,-1.2031686412719753
4969,0.001570565224249571,0.004644745179352686,0.3381380815531526
4970,-0.0031173229728399215,0.004680700159482974,-0.6659950149817454
4971,0.0002905303449612041,0.004744472140291748,0.061235546625707175
4972,0.006171548000068871,0.004332614862996117,1.424439557916552
4973,0.0010287938559659664,0.004716592175415408,0.2181222835691442
4974,-0.007700362611048336,0.004020767994533377,-1.9151472110596093
4975,0.002440963994451726,0.004661536516690469,0.5236393591923906
4976,0.003948485293466082,0.004508355165516515,0.875815047507179
4977,-0.003561833847687882,0.0046041505471191005,-0.7736136799255153
4978,-0.005680595338367328,0.004369349369135726,-1.3001009666322405
4979,-0.0009985325480727587,0.004704086148784572,-0.2122691882100749
4980,0.0008475946354825094,0.0047752108282129386,0.17749889292316562
4981,0.0035324599482757916,0.004542152044236992,0.7777062312913365
4982,-0.004583534921064066,0.004710335774435413,-0.9730802941778508
4983,0.0023720645587187337,0.004668192637174289,0.5081333918890228
4984,0.0027613739568994834,0.004589538550348084,0.6016670143646692
4985,-0.008140438955103703,0.004008241272271845,-2.0309253865074233
4986,-0.003138243944579678,0.0046978654326462425,-0.6680148653836491
4987,-0.004484615108673375,0.004502444270783559,-0.9960401148714093
4988,0.0028838891235790343,0.0046813543545321116,0.616037348419712
4989,-0.000584888642023225,0.00476620238347671,-0.12271586369284167
4990,-0.005459117336687073,0.004450009228771045,-1.226765396662944
4991,-0.0015642152200019814,0.004647051600815205,-0.3366037983584216
4992,-0.004905929687932111,0.004569696313138662,-1.0735789321112479
4993,-0.005618348008883482,0.0044701113285753585,-1.2568698173058859
4994,0.004403525659159451,0.004465609109274384,0.9860974284592005
4995,0.005357727061160572,0.004583761840374154,1.168849352941784
4996,0.006595591341534081,0.0043088758598922,1.5306988541784283
4997,0.004974076205410977,0.004496470884465581,1.106217816865095
4998,-0.0020536347574813376,0.004622934253312327,-0.4442275500695063
4999,0.0010341358281069192,0.004728288417364421,0.21871251007216544
5000,-0.006556359242476033,0.00427378433301975,-1.5340875279599033
5001,0.004043136017224403,0.004504376868335565,0.897601629571995
5002,0.004776664042948979,0.0044870878658629845,1.0645354371794327
5003,-0.00585653237079147,0.0044585722796703165,-1.3135443373869726
5004,0.003860080015143673,0.004628541758658454,0.8339732504136436
5005,0.0019435699854683343,0.004701401671291806,0.4134022407267105
5006,-0.005445439673419257,0.0045155366901765,-1.2059340997639882
5007,-0.0032475492966304574,0.004523771244285474,-0.7178853927976203
5008,-0.0007154982706910563,0.004716440605139785,-0.15170301729472335
5009,0.004050143409874271,0.0046628764364120626,0.8685933382765616
5010,-0.0028104879604537733,0.004626274751991354,-0.6075056305819309
5011,7.881594294268919e-05,0.004749540603365529,0.016594435025324372
5012,0.0054457269083470795,0.004468256264363239,1.2187588594189858
5013,0.010658540375931102,0.003688230590359176,2.889879066615823
5014,0.004547905630538201,0.004615945439030957,0.9852598325973628
5015,-0.002444085584024633,0.004683672032498641,-0.5218310690983127
5016,-0.001458764285919724,0.004707744631727777,-0.3098647866514261
5017,-0.003724400010025076,0.004731826026979524,-0.7870957192402274
5018,-0.002299887378149015,0.0046239708654932056,-0.4973836222265433
5019,0.006174674240294658,0.004424184065417736,1.3956639572390033
5020,0.006390705515071406,0.004339473942002926,1.4726912986419993
5021,-0.0014076112354180043,0.004699930443176745,-0.29949618455769766
5022,-0.004188345362305133,0.004510425606673822,-0.9285920504060361
5023,-0.0008322188109789553,0.004761572553148977,-0.17477814349979462
5024,-0.006133752528194847,0.004530315724444909,-1.3539348913582407
5025,0.004604177762470937,0.004494181826294885,1.0244751860132761
5026,0.0037689667449129923,0.004540474248148492,0.8300821762065704
5027,0.0060205390600612165,0.004358154596754855,1.3814422885650264
5028,-0.005899118836657705,0.00418700965728356,-1.408909775595054
5029,0.0053503326287569946,0.0044549700582981865,1.2009806034029418
5030,0.0014243473002311677,0.00471433966394628,0.30213081826159194
5031,0.00687297212467167,0.00435226825434954,1.5791701528974016
5032,0.002845613181566829,0.004580956806251262,0.6211831505775498
5033,0.002097514222840643,0.004660760000853424,0.45003695158226786
5034,0.0006122818653491836,0.004729908350077856,0.12944899140362945
5035,-0.003029598734019242,0.004767585665263073,-0.6354576397217333
5036,-0.0022233141474745617,0.004683225033332087,-0.47473997761168585
5037,0.0022761746261338173,0.004644576309743292,0.4900715316828593
5038,0.003907382228969906,0.00464801783900251,0.8406556007987378
5039,0.007244730442880818,0.004307121521185658,1.682035300663284
5040,0.002929845423954057,0.004674282752939187,0.6268010684873035
5041,-0.002334316977792992,0.004677712152928001,-0.49902963275152207
5042,0.0029228332882685983,0.0046425720091195595,0.6295719877962429
5043,0.00530950309330189,0.004483913544545321,1.1841225395081263
5044,-0.0005885293807286548,0.004725513606736107,-0.12454294489591992
5045,0.0031730898783941435,0.004578941073220985,0.6929746043143732
5046,-0.004129524553763274,0.004642907365119019,-0.8894264367166445
5047,0.004903867242935703,0.004360313331173676,1.12465936974665
5048,-0.005664198343856751,0.00438739831546335,-1.29101529803969
5049,0.0053620088442950815,0.004481995673949209,1.1963440472423457
5050,-0.0035847403826039983,0.004475816636751867,-0.8009131458087324
5051,0.007645311735532626,0.004230365123332757,1.8072463044299858
5052,0.005039487849126938,0.004336090163990699,1.1622193401275747
5053,-0.0051441364293959785,0.004259447452057467,-1.2077004088666887
5054,-0.006822164582770233,0.004405064396457365,-1.548709387371668
5055,-0.0041928485686798045,0.00463108881815939,-0.9053699320641052
5056,0.003599461916280674,0.0044337298787750605,0.8118360871535828
5057,0.0010304225685302912,0.00476784434361285,0.2161191713212443
5058,0.001330602122710823,0.004737956360824161,0.28083883036849383
5059,-0.00280675717060814,0.004605786492049553,-0.6093980203930701
5060,-0.008866386402994706,0.0039019815179225474,-2.2722779086137894
5061,0.006539927118959775,0.004463936735437501,1.4650582000953942
5062,0.0019559563945677964,0.004653707444871958,0.4203006780589777
5063,0.00259844445512674,0.004646091199376939,0.5592753873353159
5064,-0.0024204290970861555,0.004663333778617686,-0.5190340670411165
5065,0.0033442857911689717,0.004485368035323498,0.7455989708830598
5066,-0.00643558596017217,0.004288773401258109,-1.5005656298568477
5067,-0.0037125214633874277,0.0045887409375050155,-0.8090501324762072
5068,-0.000141352854248664,0.004746092782933569,-0.029782994288892414
5069,-0.002467651089896218,0.004655533293911472,-0.5300469213964002
5070,0.00038999463634811147,0.0047436644238885925,0.08221379117463279
5071,0.001005124436709998,0.004712072218889507,0.21330836838211184
5072,0.0018562349628394373,0.00466633816804002,0.397792636537335
5073,0.0020959583187941467,0.004618659381372633,0.4538023148551047
5074,-0.0047617672105369525,0.004463639201204764,-1.0667903465969477
5075,0.0036666139792609536,0.004524899060250895,0.8103195077809423
5076,0.004163105192064316,0.0045384810097806195,0.9172904289106085
5077,-0.005925595636945836,0.004469152252772921,-1.3258880659680485
5078,-0.0018214191701712505,0.004698876913331013,-0.3876286192991709
5079,-0.004402562530516674,0.00440228833732901,-1.0000622842409794
5080,-0.004725370549600869,0.004570649587595769,-1.0338509787372445
5081,-0.004748119595450203,0.004490654171228714,-1.0573336120761763
5082,-0.004176927357754971,0.004660560388164097,-0.8962285669256954
5083,0.0022328799819535494,0.004692448020890201,0.47584543760805503
5084,0.0026701522822348534,0.004753107428873522,0.5617698152611869
5085,0.006191454137573277,0.0044975522921219,1.3766274932297033
5086,-2.526993373393542e-05,0.004751145816555276,-0.005318703047564406
5087,0.0008893010240295092,0.004721198961910392,0.18836338633558905
5088,0.0036054037268078523,0.004604615383023665,0.7829978026178441
5089,0.005887715496415567,0.004513658920444148,1.3044218892455015
5090,-0.0045420384232281045,0.004559430907176802,-0.9961853827149083
5091,-0.004774239874944986,0.004535135421444667,-1.0527226711620778
5092,-0.006658733062376757,0.004404353691156302,-1.5118524826348811
5093,-0.00043274613822703016,0.004743926344125464,-0.09122109131456303
5094,-0.007033027880756505,0.004204895496869506,-1.6725808967172928
5095,-0.0041371088272782065,0.004709601740837271,-0.8784413321842185
5096,-0.0030895869531641995,0.004648631480771307,-0.6646229037393111
5097,-0.002612483697234937,0.004627372937817861,-0.5645716764871151
5098,-0.007944280963862141,0.004192664161056557,-1.894804987638259
5099,0.00501241808655253,0.004419844172488786,1.1340712230879555
5100,0.0027618966904814648,0.004651560455106236,0.5937570235058649
5101,-0.003168781309809793,0.00462140408974007,-0.6856750131079795
5102,0.000688654937277379,0.00475423064156053,0.14485097362700405
5103,-0.0025295448180851538,0.004573490527811088,-0.5530884567712915
5104,0.00356006549759712,0.0045339788819780584,0.7851967532861457
5105,0.0025434328543346312,0.004675108322582958,0.5440372027421615
5106,-0.004507605000056481,0.0044888917892184155,-1.0041687818991343
5107,0.005686896852967995,0.004511583563496536,1.2605101452583038
5108,-0.0006254993640426418,0.004730368895156227,-0.13223056761664753
5109,-0.0017417098950971068,0.004683627913648426,-0.37187196062728206
5110,0.003984319389405577,0.0046763543408460334,0.8520140047139253
5111,-0.00013041141855366594,0.00475111108776617,-0.02744861489125515
5112,0.001646238465690115,0.004706120125824647,0.3498079993021102
5113,0.005815153471735213,0.004456156397236198,1.304970686249229
5114,-0.007026031175625947,0.004219109307052593,-1.6652877809734274
5115,0.007305042146219309,0.004485068121632145,1.6287472002902281
5116,-0.008042584690242131,0.0041665558397527246,-1.9302716679105973
5117,-0.003585262134584927,0.004578140771632723,-0.7831262325527616
5118,0.007428588479923109,0.004117551964481641,1.8041274388283997
5119,-0.0017199899773501573,0.004826986030353655,-0.356327937668413
5120,-0.002025223458879704,0.004703869738521354,-0.43054412036425277
5121,-0.003193551805048778,0.004576421933682145,-0.6978272220803025
5122,0.005225433122141367,0.00455422766219441,1.147380743724951
5123,-0.0029761442720641577,0.004619220234194714,-0.6442958164308007
5124,0.0003321273096628662,0.0047355486112337026,0.07013491718256072
5125,-0.0026535016337386522,0.004649627110473511,-0.570691277105106
5126,0.0021001991831499263,0.004650678378360492,0.45158985685230535
5127,0.0005406176915126498,0.004727177029888816,0.11436374988591558
5128,0.0036853118231551006,0.004520528854500727,0.8152390885606077
5129,-0.0060954595401966774,0.004447648039517866,-1.3704905347810385
5130,0.00537306823258134,0.004379470215831886,1.2268763041606208
5131,-0.00042762270494090335,0.0047236879937683765,-0.09052729678696717
5132,-0.004287058855285226,0.004549786515878318,-0.9422549476384887
5133,-0.0036685484687796204,0.004551405158812416,-0.8060254670311187
5134,-0.0022207449690434212,0.004645474190092972,-0.47804484067082426
5135,-0.002867799823393667,0.004695448624509953,-0.6107616231650216
5136,-0.00774601794404618,0.004164321288039205,-1.860091335002021
5137,0.008193462073608592,0.004147792857770681,1.9753787989336433
5138,0.0013641560419256147,0.004679386880199325,0.29152452593693357
5139,-0.008436577958052612,0.004025856406274864,-2.0955983290668336
5140,-0.004572852074025396,0.004549917255763152,-1.0050407110663813
5141,-0.005204962203724701,0.0044092871048529115,-1.180454363698853
5142,0.002820622908133497,0.004593411438189505,0.6140584064999948
5143,0.0005809690978203094,0.004773253356136903,0.12171344248328363
5144,-9.822371320576667e-05,0.004748304637827619,-0.020686059698710627
5145,-0.0031240438032450503,0.004627308972143323,-0.6751318794686028
5146,0.003256635612816734,0.004526504021730509,0.7194593437192404
5147,0.006523884024595717,0.004376355118416908,1.490711756260687
5148,-0.0006089823043796354,0.004721889201543536,-0.12897005380400825
5149,0.005477299174725683,0.004420942681471621,1.238943720686835
5150,0.003435985398096182,0.004611092953714589,0.7451563940666674
5151,-0.0002603398674521963,0.004742704026130915,-0.0548927080454103
5152,-0.0018456040762352664,0.004686007709764012,-0.39385425516685957
5153,0.0063715142559990145,0.004331237973594568,1.4710607671162401
5154,0.0014518308352438562,0.004741221155047367,0.30621453582655156
5155,-0.004266486155506447,0.004639390629979771,-0.9196221003543843
5156,-0.004175722540512506,0.004526944593587826,-0.9224152083564691
5157,-0.003169598366814224,0.004678247416630911,-0.6775183278136331
5158,-0.0014855655223332356,0.0046881072012975545,-0.3168795973611839
5159,0.0055337050494261185,0.004432500150947398,1.2484387729221735
5160,0.0019272737375835172,0.004728398795301588,0.40759542945036037
5161,-0.0013186502116445523,0.004682138067620587,-0.28163420057253385
5162,0.0024020082664498233,0.004805923837137906,0.49980156736738934
5163,4.930267605416934e-05,0.004750968383331381,0.010377395106889406
5164,-0.0031010212843726194,0.004658310139165199,-0.6656966135209589
5165,0.0033611869061868785,0.004454713461548866,0.7545237051045305
5166,0.0002079919363434566,0.004748727553439679,0.04379950923754309
5167,0.003331353438342637,0.004615116803982677,0.7218351300378358
5168,-0.002141081844967732,0.004640977169371456,-0.46134289543546847
5169,0.0019194147076087075,0.004699426054028208,0.4084359846376224
5170,-0.0012710974502675107,0.0047048962534243,-0.27016482017906035
5171,0.008877209375437236,0.003900940840293218,2.2756585497897404
5172,0.004469425109251805,0.004601614221225257,0.9712733172277412
5173,0.0016184900416846286,0.00467764609395625,0.3460052362182333
5174,-0.005039323225884843,0.004451024922380246,-1.1321714242817578
5175,0.008514730432357311,0.003943361906793562,2.1592566529813726
5176,0.0006626664922949362,0.004780721036222217,0.1386122485027035
5177,-0.005558212684296991,0.00446282786352994,-1.2454463524615176
5178,0.002750337961497731,0.0045473508395929355,0.6048220290264502
5179,0.0025175980093438666,0.004653675850083879,0.5409912702231912
5180,-0.0026119315381502826,0.004639659335845707,-0.5629576115579583
5181,-0.0019475288691724899,0.004679958997958209,-0.41614229313166323
5182,0.002452696167573147,0.004698877968248109,0.5219748595615455
5183,0.0008073123025064674,0.004779384207818279,0.16891554798750819
5184,0.005446320735593044,0.004581395963083338,1.188790661073443
5185,0.0007029415266388912,0.004709614792549623,0.14925669244773687
5186,-0.0013964452520226947,0.004704601775888609,-0.2968253889584381
5187,-0.0010583415196935904,0.0047165396398575,-0.22438940420430048
5188,0.0028872977443104094,0.004730027139639294,0.6104188536496623
5189,-0.0010006430059153752,0.004709218220427358,-0.21248601340554732
5190,-0.0073670875612094466,0.004194191933649581,-1.756497479789621
5191,-0.0003490671876948566,0.004742333039925254,-0.0736066372302605
5192,0.007546014879750717,0.004232874246337162,1.7827165279669055
5193,-0.0031214138408791454,0.004540860573471183,-0.6874057880383309
5194,-0.00161004981223146,0.004702136406691535,-0.3424081466331398
5195,-0.002677980680300359,0.0045618924975765395,-0.5870328337905836
5196,-0.004892060167443632,0.004419198542828314,-1.107001670106608
5197,0.005395445356234107,0.0044799020555744045,1.2043668118860944
5198,0.0037434761411708965,0.00446377663450682,0.8386342883360905
5199,0.0009580807971700834,0.004744532543432909,0.20193365487527323
5200,-0.004335344225242067,0.0044850888201581045,-0.9666127916479569
5201,-0.005662799992947061,0.004545109331091486,-1.2459106218215363
5202,0.0034544424458796226,0.004537641668175295,0.7612858613555409
5203,0.00686021578311149,0.004277749310268329,1.6036974786353646
5204,0.0007337472745501878,0.00473440313726308,0.15498200159067171
5205,-0.007457571079859777,0.00436333940145235,-1.7091430195362534
5206,-0.0013943553504681553,0.004680089192356677,-0.29793349937547287
5207,-0.0012486237462934183,0.004694912091942854,-0.2659525294278111
5208,0.001027431589679697,0.004716883043338453,0.21782002653865148
5209,-0.0031065094990674336,0.004657605537143727,-0.6669756539692923
5210,0.002250958140475478,0.0047803964074710275,0.4708726951927198
5211,0.0001121707853599894,0.0047563235674035675,0.023583505993731706
5212,-0.0065082734780950394,0.004304108755071777,-1.512107116351549
5213,-0.005355276453437548,0.004510954517138252,-1.1871714585220279
5214,0.0018453803381532448,0.004655488095310648,0.39638815530686206
5215,0.004468256367426148,0.004456121825737945,1.0027231171325064
5216,-0.0009224167669629142,0.004718861363813945,-0.1954744367012693
5217,0.005902880530494151,0.00425752960289764,1.386456720459841
5218,0.004301708905459063,0.004665881003334279,0.9219499816615607
5219,0.0033473863419858038,0.004658518881004243,0.718551631428443
5220,0.00616803336822401,0.004401932790399429,1.401210255112579
5221,0.005895691669424986,0.004398936757522247,1.3402537918607866
5222,0.0010412062287171175,0.004718705301437744,0.22065506578676827
5223,0.00043868672315537345,0.004733790444280059,0.09267134409919815
5224,0.0011787738663267629,0.004701714268519184,0.2507115062732258
5225,-1.7462939927791842e-05,0.004752656211690959,-0.00367435369821935
5226,0.0019413360626437668,0.004667577999892715,0.4159193617521526
5227,0.0035618432658026267,0.004565290657934157,0.7802007654457643
5228,0.005470030953798407,0.004401105414544964,1.2428766045277653
5229,-0.00546002986662265,0.0046060775898042194,-1.1853968501765355
5230,-0.003667473225062943,0.004706964492740788,-0.7791588890715072
5231,8.669709720659168e-05,0.004748815223725918,0.018256574139469083
5232,-0.0030261610727178854,0.004574416536112806,-0.6615403404626159
5233,0.0035547897667351233,0.004528479108463885,0.7849853519454463
5234,-0.0011075773625355435,0.004696300345134876,-0.2358404022610982
5235,0.0027049728145654675,0.004643171096095225,0.5825701354921581
5236,-0.0024371715651871377,0.004660920556643965,-0.5228948950251989
5237,-0.003453101993169194,0.004561437844182321,-0.7570205078149418
5238,-0.0028625177898989416,0.004681979802551153,-0.6113904610052334
5239,0.004456158622901645,0.004655564671401053,0.9571682357406931
5240,0.0028735270236854753,0.004527881734550125,0.6346294342802616
5241,-0.0016641717658399146,0.004691834223980095,-0.35469534650953494
5242,-0.00445844358361427,0.004694110033189019,-0.9497952864529158
5243,0.003286750800221633,0.004652625515539806,0.7064292600476568
5244,-0.005298168808502222,0.004500418560802084,-1.1772613451220766
5245,-0.006488814774056941,0.004253513620176257,-1.5255187483772668
5246,-0.0030853261640733575,0.004593054181807155,-0.6717373760349206
5247,0.005410981601563025,0.004528739148470677,1.1948097305163348
5248,-0.001649272674915546,0.0046683347143286,-0.35328929390032915
5249,-0.00699242849100738,0.004279714517776689,-1.6338539549689275
5250,-0.005186805028295742,0.004514206558270469,-1.1489959445460036
5251,-0.006347433579674959,0.004378114477165759,-1.449809869700819
5252,0.0030273401255877653,0.004669068041754935,0.6483820964943353
5253,-0.006309898947744971,0.004516319373211055,-1.397133024996569
5254,-0.002647821224827757,0.004690359429754023,-0.5645241616305335
5255,0.005837797224303911,0.004432149911217369,1.3171479623306461
5256,-0.0017451630824205264,0.004671504891211811,-0.3735762078947161
5257,-0.007908776145203794,0.004120868933841893,-1.9192010889388875
5258,-0.009826489243806415,0.0039533160627221245,-2.4856320840282664
5259,-0.0015707938568844384,0.004707099861897823,-0.33370735760237746
5260,-0.002474395097359567,0.004694028945193881,-0.5271367361066337
5261,0.006570752375680143,0.004378206695232478,1.500786242649342
5262,-0.0011231527063814862,0.004691987375301912,-0.2393767537171209
5263,-0.00016532168851269395,0.00475789685097287,-0.034746799624058654
5264,0.007925359129896604,0.004119586494069872,1.9238239423556527
5265,0.0009505285324248536,0.004707928964952254,0.20189950602504333
5266,0.00033187443422120984,0.0047433574490073505,0.0699661448223055
5267,-0.005113567206547362,0.0045095237719644824,-1.1339483868203981
5268,0.007388103511448955,0.004114665062962513,1.795554048360282
5269,0.00319145092214368,0.004565021287026786,0.6991097568840218
5270,-0.00614314743972689,0.0043642772146011664,-1.4075978994126035
5271,0.0033612583933504813,0.004696520610828683,0.7156911832986506
5272,0.0007312006164572521,0.004715871861555707,0.15505099331007655
5273,0.0065418783850105175,0.004298924508298606,1.5217476772113891
5274,-0.00520435426134636,0.004470696559439141,-1.1641036675500198
5275,0.002154580320413939,0.0046846461003915724,0.4599238179878402
5276,-0.004995002846826858,0.004466392562813371,-1.118352848877331
5277,-0.00586740346764662,0.004234821669834413,-1.3855137063837786
5278,0.00636086726595528,0.004351919573291079,1.4616233500714633
5279,-0.002440692598553051,0.004640567928952811,-0.5259469607858572
5280,0.005250363827179114,0.004387678387481494,1.1966154680249474
5281,0.0013099400610608125,0.004687592458980609,0.279448367690582
5282,-0.003663450045165162,0.0046587699470175895,-0.7863556446933804
5283,0.0031373539341784046,0.004601445440476853,0.6818192184961074
5284,0.00460943329826195,0.00451277877772443,1.0214179611494845
5285,-0.005243689210145551,0.004542035899131012,-1.1544799131043373
5286,-0.0069828449269019825,0.004124855735974032,-1.6928700962806091
5287,2.1044646008771224e-05,0.004752915191976864,0.004427734381689692
5288,0.0027586118766676905,0.004726293110498255,0.5836734650544922
5289,0.003158118218957071,0.004566913187935229,0.6915214038445308
5290,-0.005278497821939184,0.004521582794611117,-1.1674004572536345
5291,0.0022854414916696018,0.004615672468521716,0.49514810837554324
5292,0.006072601976773874,0.004446996824678792,1.3655512284321227
5293,-0.0034881958126638654,0.004535697093841689,-0.769053960283181
5294,-0.0023578708032163036,0.0046294239095135085,-0.5093227255276531
5295,-0.006476863652444686,0.004440394380542735,-1.4586235134486052
5296,0.0024412282839298845,0.004682020836124622,0.5214048312417433
5297,0.005099797788004133,0.004602966163235182,1.1079372750417427
5298,-0.0016678343126981957,0.004692922366432367,-0.3553935442503622
5299,-0.002254576995591149,0.00472670570093941,-0.4769869626414571
5300,0.004363994341101044,0.004485518635282872,0.9729074151591024
5301,0.0020485308018918335,0.004665777923403096,0.43905450184771955
5302,0.006747919378515019,0.004301113342161916,1.5688773677196886
5303,0.00816959724908617,0.004034579633564114,2.024894286661834
5304,-0.003508889617466493,0.004622260500533105,-0.7591284863892457
5305,0.006826820334067545,0.004420865340764863,1.5442271609400398
5306,-0.0013429465043464292,0.004771968277176508,-0.28142402177514636
5307,-0.0048375275078882465,0.0044287457566208,-1.0923019233281417
5308,0.006423215782496372,0.004294871614354789,1.4955547823660196
5309,-0.0009733369531553074,0.00472006282075012,-0.20621271159281374
5310,-0.005075815840174134,0.004462029384365427,-1.1375576902203655
5311,0.0037392944889222046,0.004629446963305775,0.8077194789271472
5312,-0.006158807644631134,0.0043621725906311136,-1.4118670265038928
5313,0.0008419632490501532,0.004724282461781231,0.17822034475320123
5314,0.005430341540167209,0.004506532027539739,1.204993442181705
5315,-0.0005110048604523765,0.004759747151545345,-0.10735966516340448
5316,-0.0050289521664234615,0.004540692587821188,-1.107529758766726
5317,0.0026180825413741515,0.004679187290206671,0.5595165098122233
5318,0.00039764594708461735,0.004757473390047617,0.08358343063283794
5319,-0.003236696520385959,0.004563716606886225,-0.7092238189159432
5320,0.0021300591543499964,0.0046379369937009675,0.45926866993728993
5321,0.002993184898993264,0.004584019828414097,0.6529607224733136
5322,-0.00707669563376941,0.004327943590454082,-1.6351173451932475
5323,-0.0023960575606225866,0.0046476408997083996,-0.5155427478859047
5324,-0.0035603264950310096,0.004537806180401286,-0.7845920150596127
5325,-0.00718430328034042,0.0042495446829214035,-1.6906054216145996
5326,0.005257768529683807,0.004469980534113623,1.1762396926693548
5327,-0.006631271188661594,0.004355979457672106,-1.5223375714001723
5328,-0.000853436916624025,0.004735685925941533,-0.1802140027802514
5329,0.005017899683339228,0.004532447052654546,1.1071060786910603
5330,0.004426009412831889,0.004591641826413106,0.9639274098801811
5331,0.0045500445463366535,0.004472082252853587,1.0174331081306298
5332,0.004072094486449792,0.004589745581739784,0.8872157320986468
5333,0.0053566788662645914,0.0044421283181531,1.2058811638497946
5334,0.004427131750703827,0.004504152317328573,0.9829000972439522
5335,-0.0035164565677634407,0.004577981147348172,-0.7681238639002201
5336,0.0031745322520867793,0.004531841551947721,0.7004949788507964
5337,-0.002625659406730333,0.004577010687485062,-0.573662502888552
5338,-0.0027216740036550236,0.0045608797923943276,-0.5967432003346497
5339,-0.00487351552431138,0.0046634151686511085,-1.0450528953700349
5340,-0.006999070199152875,0.004435968812879786,-1.577799685793812
5341,-0.005800082281783166,0.004361646917621666,-1.329791794551278
5342,0.0036432495551385973,0.004560557066968147,0.7988606439170435
5343,0.0008638798566581847,0.004775513830001911,0.18089778135096282
5344,-0.002501935678828176,0.004682353744048517,-0.5343329051138541
5345,0.004708857888768365,0.004328060782084983,1.0879833084275536
5346,-0.0025501713463851835,0.004659824300546342,-0.5472677040819304
5347,0.0038453454503096594,0.004574588850539094,0.8405882093330646
5348,-0.004288768030323064,0.004565263198621561,-0.9394349994142763
5349,-0.005304548318938274,0.004428498395744967,-1.1978209869139937
5350,0.0009704539508581054,0.004716733801830027,0.20574702572394118
5351,-0.004763938992594647,0.004424914067578828,-1.076617290152557
5352,0.0008408174243194537,0.004785005952948498,0.1757192013107833
5353,0.0011498982533591933,0.0047760607340459,0.24076290428264524
5354,-0.008842321376895631,0.004115919996860386,-2.1483219750725313
5355,-0.0010139760898813083,0.004721176422876916,-0.2147719125614517
5356,-0.0013643926253022048,0.004700365643039621,-0.29027372100777304
5357,0.003991144537327942,0.004505817408731541,0.8857759148415009
5358,0.0038653959788380356,0.004630971210917054,0.8346836554988183
5359,-0.0025778400947066983,0.00455886568104535,-0.5654564698900272
5360,-0.0026296364051566355,0.004834767305135763,-0.5439013377879194
5361,0.006564786269121048,0.00445659196384382,1.4730507801434227
5362,-0.006771884490069176,0.004404605679527838,-1.5374553326179028
5363,0.004602458140179163,0.004446061918140811,1.0351763481746001
5364,-0.0007312395843318782,0.0047205898778246045,-0.15490428172270204
5365,-0.0021742007786879703,0.004683105836481376,-0.46426471119891305
5366,-0.006069038014935262,0.004384936528053288,-1.3840651913904987
5367,-0.004384436282643297,0.0045752132729866245,-0.9583020552353855
5368,0.003022488160020511,0.00461091492923709,0.655507248866247
5369,-0.007086129525213009,0.0041708175355056375,-1.6989785491428702
5370,-8.126547144446596e-05,0.004749572669252402,-0.017110059599794985
5371,0.0013797455473379362,0.004684180324723655,0.29455431936628845
5372,0.0037393750202333554,0.0044640874731240445,0.8376572015548963
5373,-0.0035933932881933215,0.004530932406648919,-0.7930803123260446
5374,0.0068742527230662666,0.004315675675051617,1.592856655750446
5375,-0.001749640274251069,0.004685717608113791,-0.3733985742592321
5376,-0.0030369414600255073,0.004619657206817043,-0.6573954135696507
5377,-0.003573995807509128,0.004575275818257781,-0.7811541750656837
5378,-0.0035680902036415497,0.004538982268161358,-0.786099172202077
5379,0.0021337798079448227,0.004667674524469703,0.45713980200606263
5380,0.006244297002862285,0.004285594291620468,1.457043429209253
5381,0.004695192441620921,0.004572271775881504,1.026883936862156
5382,-0.0037562321534089405,0.0045462596086533885,-0.8262247378612733
5383,0.0016637895167980002,0.004676418187227173,0.3557828770195004
5384,-0.006122877110140517,0.00452235378622118,-1.3539137802079642
5385,-0.0015801470436133586,0.004695890933230705,-0.3364956865653267
5386,0.002732072428629092,0.004724449439710112,0.5782837690388596
5387,-0.0045174126237181094,0.004393315150011477,-1.0282468863419252
5388,-0.00023339899435719769,0.004757440001240832,-0.04905978725876159
5389,-0.0011216130971137227,0.004726508994969723,-0.23730264732541942
5390,-0.0033691471177612255,0.004521345955257567,-0.7451646370575719
5391,0.001969891970512083,0.0046817467050967254,0.42076004845960263
5392,0.004615320685870005,0.004329268535189039,1.0660740142026037
5393,-0.0026408206418880834,0.00458044737831939,-0.5765420763019498
5394,0.004559509608159619,0.004572994828148089,0.997051118469353
5395,-0.008839277567633495,0.003999627860148504,-2.210025001502339
5396,0.0034294098436983083,0.004621767685115008,0.7420125972023994
5397,0.004464053004198013,0.004491316157688922,0.9939298075366537
5398,0.0068727441656959605,0.004211276096897219,1.6319861266658948
5399,0.004425142360457562,0.004636245935172757,0.9544667005014418
5400,-0.004972876769008246,0.004420036668830954,-1.1250759080972765
5401,0.0039073641093100705,0.004556794833461528,0.8574808066006071
5402,0.004104774528394514,0.004485312594030493,0.9151590758373368
5403,-0.0014944343206775518,0.004740956945256249,-0.3152178638055059
5404,0.002207989654281426,0.004677546911130782,0.47204008772787515
5405,0.005993285947206577,0.004475097916074002,1.339252472148024
5406,-0.004919471294100791,0.004414595189771041,-1.1143652096345293
5407,-0.001491355442991504,0.00470112338438854,-0.31723384413691147
5408,-0.00010095215719851316,0.004755311980364746,-0.021229344702378465
5409,0.004314673387027174,0.0044896007205236736,0.9610372181435111
5410,0.007418081675040205,0.004301990827747118,1.7243369342386379
5411,-0.0029713158616648423,0.00470030147259505,-0.6321543158431432
5412,-0.0018315689452805723,0.004693087307717314,-0.3902695230640052
5413,-0.006696820401751921,0.00444256147337741,-1.5074232381213928
5414,0.0016458922287893832,0.0046548172690555984,0.3535890097622056
5415,0.007176002788530886,0.004257021501257302,1.6856862917914486
5416,-0.004915581203096452,0.004625428144651034,-1.0627299893915676
5417,0.0019135057561203916,0.00467127969449029,0.40963202404200827
5418,0.0016928744932696203,0.004675058493723698,0.3621076603730878
5419,-0.004442290386963542,0.004602534347559327,-0.9651835383519167
5420,0.0037178573485734997,0.004577532559790186,0.8121968112759661
5421,-7.012238303800827e-05,0.0047511644737337055,-0.014758988754372157
5422,0.005434179467574759,0.004304031901863374,1.2625788078434323
5423,-0.0019641248517027784,0.004662102978517044,-0.42129589602663425
5424,-0.0011790707630032573,0.004674469104500712,-0.2522362939286548
5425,0.0004701277489857754,0.004736539387100665,0.09925553459264075
5426,0.0028755417995191515,0.004533742454652107,0.6342534513773574
5427,-0.0008451322620688707,0.004740948675878393,-0.1782622677121233
5428,-0.005425086367645024,0.004475007843867599,-1.212307677869075
5429,-0.0008279541639364201,0.004773554764966858,-0.17344603858172525
5430,0.005842346752187888,0.004424918049528427,1.3203288031086857
5431,-0.0009896650950269612,0.004697741588908309,-0.21066827033731025
5432,-0.002706689588894717,0.004641302260527127,-0.5831745999208657
5433,-0.004208884453633559,0.0045399278890844086,-0.9270817855396349
5434,-0.002971341473909014,0.004644435785742869,-0.6397637110260431
5435,0.005226811236984277,0.0046390476917133406,1.1266991814550322
5436,-0.004335850985651621,0.004488365367260366,-0.9660200609510902
5437,-0.0033583816844475044,0.0045389485160396035,-0.7399030133476406
5438,-0.0005201087592013724,0.004733273075722239,-0.10988353109587073
5439,-0.008575320629110516,0.004143061497329073,-2.0698028823947725
5440,-0.0030325667861273962,0.004608214981443089,-0.6580784096096425
5441,-0.0023707993627485446,0.004636761769203782,-0.5113049754884549
5442,-0.0036043638676601254,0.004559294321592402,-0.7905530140026685
5443,0.006783077297836368,0.004354126952222804,1.5578501436145706
5444,0.0012491173894936464,0.004696974133201606,0.26594087045614806
5445,-0.004151644276492451,0.004528176943976532,-0.916846741604267
5446,0.002880808648893049,0.004572357492826939,0.6300488650356907
5447,0.003550997118927547,0.004516890959037829,0.7861595843535631
5448,-0.0014989492672993735,0.004654000630088961,-0.32207758151307364
5449,-0.0010467376765925344,0.004720201137536752,-0.22175700697762574
5450,0.0013885812136560111,0.004685616234605487,0.29634975297393834
5451,0.00379378327672233,0.004437721914552158,0.8548943241084513
5452,0.005211029510482622,0.004253030566708002,1.2252508955081753
5453,0.0039682607737228605,0.004618694395655436,0.8591737044684307
5454,0.0028007640827791783,0.004667923729154769,0.6000021091360717
5455,-0.0009990918310867974,0.004762180588303345,-0.20979713233486402
5456,-0.002395040472311557,0.00467473692988762,-0.512336952481545
5457,-0.001825611634312085,0.004687675638826564,-0.38944922280695143
5458,0.005298272276965213,0.004384336400809709,1.208454779151234
5459,0.0002216157661976535,0.0047473442366739735,0.04668205108987825
5460,0.000697611851949459,0.004723306897789081,0.1476956435492265
5461,-0.0017416300292831155,0.004725142069569079,-0.3685878654315145
5462,0.005804828906032444,0.004450992617495542,1.3041650267437808
5463,0.0037996458080429268,0.004507713324787141,0.8429209078468517
5464,-0.0052878251714569115,0.004423757999596963,-1.1953242405978517
5465,0.00095944324461428,0.004755248552355021,0.20176510944714318
5466,-0.003231357590014262,0.004571121702907213,-0.7069069257025322
5467,-0.004758856437349109,0.004425372155863561,-1.075357341651749
5468,0.005383241191229998,0.004476492879283925,1.202557746968006
5469,0.0037974881927613845,0.004743209999372247,0.8006156575955888
5470,-0.0033146631962069815,0.004584459827069969,-0.7230215382485873
5471,0.000660925035427913,0.004720234146373609,0.14001954456765214
5472,0.00010983859062433922,0.004755509609523055,0.023097123051625014
5473,-0.0031738013863326633,0.004584117305735816,-0.6923473320286735
5474,-0.003038790842820235,0.004619708119436589,-0.6577884931810021
5475,0.0018993982585308246,0.0046491848383979,0.40854436305555736
5476,0.0008297471230215916,0.004731159447205674,0.17537923468456731
5477,0.0014221553142007473,0.004731519100251301,0.3005705533610154
5478,-0.0027981708748076864,0.004678700066791021,-0.5980658804501797
5479,0.0030166029484768107,0.004632155798625303,0.6512308911051861
5480,0.002214076663727327,0.00466107677175623,0.47501398757117946
5481,0.004762072622116637,0.0044373706925370975,1.0731743981014776
5482,0.004667380920981145,0.004539496884053741,1.028171411985463
5483,-0.0008863420295629088,0.004722876655487383,-0.1876699507985439
5484,0.006838646774119797,0.004272604471202803,1.6005803533212648
5485,-0.00485924379865049,0.004427347068808239,-1.0975520380783044
5486,-0.004849396490106338,0.0044122101668634854,-1.099085561818021
5487,0.004786542703811918,0.004356556859201399,1.0986985499115784
5488,-0.005754849968281305,0.004481993223872848,-1.2839934557751502
5489,-0.004608661037748596,0.004485901122150061,-1.0273657203437638
5490,-0.0029797301810725583,0.004591498457737984,-0.6489668260806803
5491,-0.002078316458438256,0.004674403811431513,-0.4446163708312102
5492,0.0036558870112294683,0.004565053630538838,0.8008420726478835
5493,-0.0003507859219773049,0.0047457384941769,-0.07391598218227259
5494,0.0004906123442670891,0.004775439081738363,0.10273659361360665
5495,0.006118425372643594,0.004372231918660227,1.399382623444744
5496,-0.003924151719316828,0.004604821955964464,-0.8521831586200661
5497,-0.004673865433200179,0.004524634214256382,-1.03298194105362
5498,0.006911033600055248,0.004391341801290093,1.5737863078717573
5499,-0.006929376665720903,0.004196958204302618,-1.6510473367633438
5500,-0.007077188953925709,0.004250427554239961,-1.6650534242998558
5501,0.0023302670603302126,0.004598811076621599,0.5067107610000114
5502,0.003035854367962954,0.004604990422177909,0.65925313402219
5503,-0.0051157161118606164,0.004433942651589495,-1.1537623541492394
5504,-0.0054751406789329184,0.004493840157569137,-1.2183656932503355
5505,0.0021363648213942646,0.00468881856348012,0.45562966288220347
5506,-0.0023690798293656695,0.004584666388871438,-0.5167398515879457
5507,0.0022053955254659908,0.004665352747826106,0.4727178510764549
5508,0.002404712186335968,0.004655642451108495,0.5165156498999216
5509,0.0031362946233197495,0.004590706734436381,0.6831833974044532
5510,-0.0026653358256246472,0.004604404693979205,-0.5788665425326066
5511,-0.004776641950734299,0.0044240703453863545,-1.079693941963564
5512,-0.004905969720449258,0.004573454395728512,-1.0727055079047705
5513,0.0039270437300120585,0.004462543809708298,0.8800011602056982
5514,0.004350377710921765,0.004531850329450172,0.9599561756598383
5515,-7.154153416411275e-05,0.004754140937913322,-0.015048256898230201
5516,0.0019436417265019366,0.004712976433010582,0.41240217389764583
5517,0.004278661554037156,0.004457698153638776,0.9598365359360472
5518,-0.002007008602987504,0.0046813667032477675,-0.4287227919135478
5519,-0.00824538482269427,0.004101924623723703,-2.010125874816578
5520,-0.001553151436095976,0.0046628799740273475,-0.33308844421198197
5521,0.003688962890500682,0.004720764595009729,0.7814333496739588
5522,5.6458053272971274e-05,0.004754908905006579,0.01187363510024871
5523,0.002117133240245237,0.004631152274553915,0.45715042709304243
5524,-0.0003005653579929296,0.004760259360612452,-0.06314054239982819
5525,0.0005865274207473238,0.0047362190220162186,0.12383874521445544
5526,-0.004238225602955021,0.004521391212168144,-0.9373720176101867
5527,0.0047325109253385225,0.004457470801631396,1.0617031801097754
5528,0.004296157950027477,0.0045861668752639455,0.9367644193671479
5529,-0.006662057642122031,0.004204684573092957,-1.584436959850578
5530,-0.00587380831626487,0.004268271590041945,-1.37615617758924
5531,0.0004068904608219001,0.0047729466290466396,0.08524932131980982
5532,0.0008484965480751848,0.004766412948054895,0.1780157441921695
5533,0.008477358388064115,0.0041933655715040005,2.0216120544490495
5534,-0.0024854880642422215,0.004635051404755602,-0.5362374323814596
5535,0.0036467902241935934,0.00452287318918479,0.8062994631186855
5536,0.0044835382458868565,0.004620589399042038,0.9703390322490902
5537,0.001898794606490692,0.004653442816773624,0.4080408164996395
5538,-0.004295530917738342,0.004449964933025266,-0.9652954534223859
5539,0.0028742136242391773,0.0046173941507072075,0.6224752599469894
5540,0.003953880366032938,0.004646940710753852,0.8508566414206559
5541,0.00025792652122142297,0.004739679750425633,0.05441855458657531
5542,-0.006102967994028394,0.004452110911569675,-1.370803224638597
5543,-0.0029232428786259475,0.004617941937524296,-0.6330185433628718
5544,-0.001135549965587855,0.004724184696873562,-0.24036951102681386
5545,-0.004873723623924419,0.004495538960840763,-1.084124432326781
5546,0.00437947630519698,0.004582705027246911,0.9556531086243573
5547,-0.004733368559868025,0.004536726109283385,-1.0433445718008534
5548,-0.00383010551165476,0.00444192083144166,-0.8622633443945622
5549,0.005512187173267288,0.004297562352126956,1.282631110759612
5550,-0.00746989971240451,0.004036193562193278,-1.8507288110199918
5551,0.000618297062064427,0.004773986410107654,0.1295137876294215
5552,-0.007457984080979787,0.004115084897640749,-1.812352422001204
5553,0.0078471849146646,0.004213332749721388,1.8624650320304053
5554,0.006708375050207443,0.004303793024799288,1.558712282759066
5555,0.005448462965776659,0.004462150136851455,1.2210398123495587
5556,0.0008265719468314322,0.004721905598757448,0.1750505022906306
5557,0.005651634388827153,0.004234686139586983,1.3346052582254342
5558,-0.006900253518227578,0.004096809029862322,-1.6842995287138072
5559,0.0029550864606370675,0.004546709889869454,0.6499395237908867
5560,0.0008814840360573045,0.004714308463309485,0.18698055990983992
5561,0.0002908615053528362,0.004758931312741865,0.061119080364548474
5562,0.0019528898685512352,0.004674565967503253,0.4177692393534237
5563,-0.005238153608956848,0.004462932382804088,-1.1737022118326794
5564,-0.0027496126104699587,0.0046145682102820195,-0.5958547983630121
5565,0.004261753185279751,0.004602183638578015,0.9260284942902777
5566,0.0018095784920079978,0.004789453400554884,0.377825680859187
5567,0.0030973473697304696,0.004626850520216896,0.6694288817407642
5568,0.005363993071357397,0.004464666086421406,1.2014320819357927
5569,-0.004362504795768412,0.004546038749777609,-0.9596277189634215
5570,-0.0059048342483661006,0.004297170729775436,-1.3741213974699764
5571,0.008276878652538526,0.003995626337254496,2.0714846569526304
5572,-3.033053040700067e-05,0.004750964857372766,-0.006384078038365691
5573,-0.0047256008869543675,0.004636169563502076,-1.0192899164336726
5574,0.0003556391945068398,0.00474519578751957,0.07494721196588205
5575,-0.003567800144655777,0.0045246329344324,-0.7885280853403295
5576,-0.0032198691580149113,0.004637329599602651,-0.6943369214667866
5577,-0.00163011212368037,0.004712670314803487,-0.3458998857950758
5578,-0.00861111877876151,0.003965538244436688,-2.171488017003032
5579,0.0028598546688321427,0.00461181453000107,0.620114848554302
5580,-0.0005931075913183598,0.004739123985627316,-0.12515131343200137
5581,0.0026374473344553443,0.004641863850122286,0.5681871376701113
5582,0.0062695244361091786,0.004454176497668603,1.407560845285489
5583,-0.002468338621549676,0.0046452176413155685,-0.5313720071145299
5584,-0.005702852736002813,0.004432210429633348,-1.286683659664277
5585,0.00607234228110196,0.004313966489058503,1.4076007072616858
5586,0.003029128117412879,0.004619436535071943,0.6557354115409887
5587,-0.0013334532622489782,0.004705777244843963,-0.2833651473218413
5588,-0.008549183292804574,0.004078839250112649,-2.095984364318467
5589,0.005615689270320952,0.004518634928369719,1.2427844602057816
5590,-0.0009043719853506787,0.004732738237364421,-0.19108852845711316
5591,0.005044914341641374,0.004567393780247881,1.1045498996514325
5592,-0.0014555259338351473,0.0047871213739464,-0.30405035095971317
5593,-0.00574417275509778,0.004354592480482374,-1.31910684658636
5594,0.004207095439897498,0.004494724471388767,0.9360074164006769
5595,-0.0017779612062683752,0.004714810136538293,-0.37710133701667775
5596,-0.006240413842047063,0.004256020279002602,-1.4662556644371778
5597,0.0016205486409000412,0.004673288576302569,0.3467683654541602
5598,0.0030372346829657853,0.004682319379240439,0.6486602978070416
5599,0.006994463825686955,0.004400461588753965,1.5894841222026226
5600,-0.004053090597650004,0.004580469814343994,-0.8848635100612445
5601,0.0025295869552473846,0.004692959585655344,0.5390174172774477
5602,-0.0027146779020169355,0.004579717243446302,-0.5927610281839369
5603,0.005547945114952466,0.004373156258729445,1.2686363776455447
5604,-0.0043540074105756135,0.0046378343120316535,-0.938801845352749
5605,0.006506970308753271,0.004314535806698677,1.508150725890525
5606,-0.006023351591876875,0.0043778027043788505,-1.3758846614654612
5607,0.00616418218197406,0.0042706886508564685,1.4433696028713916
5608,-0.005219380089476088,0.004598389407427937,-1.1350452575949839
5609,-0.006304360286024704,0.004324005054645444,-1.4579909612389765
5610,-0.002855063253708647,0.004655933795537875,-0.6132095899741669
5611,-0.004216666775426417,0.004498120085948715,-0.9374286801720778
5612,-0.004662584208157034,0.004535365824746703,-1.0280503025172036
5613,-0.0030768897364524895,0.004636626694871446,-0.6636052326265182
5614,0.0008125331358993425,0.004721000024357875,0.17211038587314115
5615,0.0011197500302642543,0.004701067676496123,0.23819057867697938
5616,0.002078608960831481,0.004675313690541886,0.44459240564680963
5617,0.001272085935715809,0.004681232943052829,0.2717416439623336
5618,-0.00529602903959692,0.004307664635132161,-1.229443210690991
5619,0.007534225709722033,0.004036558145734558,1.8664975054759139
5620,0.004658228405106758,0.004554924045150237,1.0226797107772878
5621,-0.0013533076155300883,0.004714969014117049,-0.28702364988574924
5622,0.0045845807162757275,0.004332076548008469,1.0582870975313996
5623,0.0009670342375779219,0.0047173722120031295,0.2049942625085528
5624,-0.005027064013396128,0.00451561129837468,-1.113263228658662
5625,-0.00013946223575681837,0.004748505786792771,-0.029369709550467613
5626,-0.0037062888205491445,0.004580629367271531,-0.8091221802467745
5627,-0.0027887145557662437,0.0046882711789506745,-0.5948279118936144
5628,-0.003936902939849791,0.004531461600312638,-0.8687931813387039
5629,0.004995726975952299,0.004540833574717498,1.1001783909825635
5630,0.00650412285775306,0.004235586268417745,1.5355897497001647
5631,0.004840802891192841,0.004516970171680182,1.0716924635772396
5632,0.004965091566256153,0.004542916298595332,1.0929304525798456
5633,-0.005602998916247422,0.004469220955395043,-1.2536858150823207
5634,0.0035138919296827465,0.004455386310045464,0.7886840074361341
5635,0.0037536694141220676,0.0046451684496474485,0.8080803645359638
5636,-0.004706393227924207,0.00461542151592397,-1.0197103800132599
5637,-0.00684349556936853,0.004323458188669778,-1.5828753906543747
5638,0.0018687888130627557,0.004657987172500486,0.40120093590973943
5639,0.005941627894059969,0.004425207944884868,1.3426776703065317
5640,0.004359847962567273,0.004544859296223824,0.9592921757093182
5641,-0.00579431484879566,0.0043722608257042335,-1.3252445541975135
5642,-0.004294020525191335,0.0045459333141280416,-0.9445850232440054
5643,0.006239193225490778,0.004202363662627027,1.4846866493202224
5644,0.0027342785204058522,0.004653630731184181,0.5875581193160286
5645,-0.006253061425729918,0.004429716174158426,-1.411616722129584
5646,0.005445108497613355,0.004412767058850023,1.233944240653474
5647,-0.006533111165334227,0.004341110655141513,-1.5049400221108298
5648,-0.009496735501290671,0.004033183148646856,-2.3546501984361536
5649,-0.00027251149517808877,0.00474614898293109,-0.05741739169127245
5650,-0.004924245682560266,0.004548273637066769,-1.0826625826620153
5651,-0.00045806130344658183,0.004753472773476556,-0.09636350627744707
5652,0.002902783208267202,0.004621197910893376,0.6281451831839057
5653,0.004819246141928094,0.004563919455015734,1.0559446084509132
5654,-0.001300417540434107,0.004690967536000762,-0.2772173395901958
5655,0.0008701426192024278,0.004782409260296645,0.18194649847856273
5656,0.004977274439123465,0.004407401725944979,1.12929901756489
5657,0.007208716665553723,0.0043401107438238926,1.6609522408643471
5658,0.0038286750956262727,0.00460782305556759,0.8309075781458491
5659,-0.005374059881773508,0.004361728508017979,-1.2320940819435697
5660,-0.004036105647707708,0.004441730542082066,-0.9086786353806547
5661,-0.002949517878271693,0.004666038600654573,-0.6321246201987959
5662,0.0034468882327053376,0.004645462954313866,0.7419902529853329
5663,-0.0007277516988389861,0.004784319546755406,-0.15211185033251537
5664,0.003279561866701215,0.004561057721658195,0.7190353788175506
5665,0.005895796030283712,0.004471926377993753,1.318401854578105
5666,-0.0031921435735191945,0.004620337222958174,-0.6908897380168763
5667,-0.00448229559082337,0.004443776176681448,-1.008668171530342
5668,0.001331586012983211,0.004686543886033448,0.2841296369701183
5669,-0.0030978645293588325,0.004578341736595886,-0.6766346217882315
5670,-0.008229482612701056,0.0041031349998867485,-2.005657287154383
5671,0.0066116031447838505,0.004446069462554036,1.4870669926478899
5672,-0.0007622822435077853,0.004710049523130772,-0.16184166212356424
5673,0.0034579189646349977,0.004637860834931004,0.7455848909029285
5674,0.004578678521609282,0.00443062648845965,1.0334155978923656
5675,-0.0019802866136485737,0.004671795459333306,-0.42388127453062185
5676,0.0018622763343028729,0.004621815302306412,0.4029317946508044
5677,0.005175637626957759,0.004476494554003993,1.1561809278486486
5678,0.007008370497627058,0.00424215856121502,1.6520765069233414
5679,0.0037471409471858397,0.004590018100832535,0.8163673573544699
5680,0.0014436735297706635,0.00482308788332031,0.29932556998667204
5681,-0.0030471922142662456,0.004545778283713086,-0.6703345442922121
5682,0.0016904667119156578,0.0046985448338717015,0.35978516150981943
5683,0.002294871236772273,0.004658968893870388,0.4925706286194656
5684,-0.001964571109816459,0.004662955292503311,-0.4213145926950926
5685,0.0042006985693545185,0.004516228358929704,0.9301342260624831
5686,-0.00402264411881363,0.004570015256781036,-0.8802255337867393
5687,-0.0031540719594738164,0.004573871723700208,-0.6895846997917576
5688,0.002653697908913923,0.004658059822808181,0.569700263599041
5689,-0.0031421340864671663,0.004563652050521329,-0.6885130706027915
5690,0.002396830140713244,0.004611244824881477,0.5197794156971159
5691,0.003748808026449182,0.004516104649340848,0.8300976876158842
5692,0.0037879623028638635,0.0045016405540133295,0.8414626306595707
5693,0.004239208156052865,0.004550325652476219,0.931627421818909
5694,-0.006242557978768904,0.00441475002987279,-1.4140229767321122
5695,0.0005316860087206999,0.004740121283915322,0.11216717397609062
5696,0.002944845835060467,0.004662644701397937,0.6315827226075267
5697,-0.003405676449607156,0.004601314589942941,-0.7401529243514272
5698,-0.005592512847718809,0.004221075082170401,-1.3249024807308662
5699,-0.0038514802377107677,0.004523914646552844,-0.8513600584055092
5700,0.003251736063746231,0.004613680406444355,0.7048030590077782
5701,0.001126248916835465,0.004698837587244836,0.23968670887725685
5702,-0.004668452741152666,0.004477802088880616,-1.0425768375841082
5703,0.005987232712016018,0.0043450565160082985,1.3779412741715837
5704,-0.002043735628819119,0.004673898738167426,-0.4372657054227154
5705,0.00524373147762851,0.004483121725323485,1.1696607406416435
5706,-0.001927656578374677,0.004673854628859381,-0.41243400393159146
5707,0.0047285714170186835,0.004408688221439771,1.0725574546240981
5708,0.005636865144165446,0.004632287620024021,1.2168642378333612
5709,0.0023570036275048535,0.004617722064871646,0.5104256155725061
5710,0.0017593125689610491,0.00469129547498496,0.37501636346337563
5711,0.0010169138648337488,0.004711610168999457,0.2158314946182607
5712,0.006259186199158879,0.004311543168289105,1.4517275960947025
5713,-0.006479078366968013,0.0042863859186002065,-1.5115480710341331
5714,-0.0019629703204967815,0.004675999633694313,-0.4197969363282264
5715,-0.0027096836002932605,0.004743018244254538,-0.571299425966923
5716,-0.005109374505917998,0.004529916931934084,-1.1279179249179985
5717,0.0030550961816026554,0.004629825112565875,0.659872912544963
5718,-0.00587122738251767,0.004379431396819858,-1.3406369116276342
5719,-0.001142716745927727,0.004681388523863328,-0.24409782270852773
5720,0.002703602038367145,0.00464315822350169,0.5822765256378003
5721,0.003494616186351575,0.004662552275867148,0.7495071324860677
5722,-0.004001179626075325,0.00451766412567906,-0.8856744358953198
5723,0.003445927654331626,0.0046045750479341615,0.7483703964989425
5724,0.0009093028827521496,0.004735810032322705,0.19200577652946454
5725,0.00181925804855252,0.004680817695723855,0.3886624446439128
5726,-0.0007745616085855407,0.0047698120680362424,-0.16238828648534823
5727,-0.002153340277786826,0.004608634041145185,-0.4672404574896013
5728,-0.0016211364954545448,0.004699444515976764,-0.3449634291761815
5729,-0.006593868150306292,0.004403841264552415,-1.4972992335990702
5730,-0.0037960509306336257,0.0045915313230119785,-0.8267505247341906
5731,-0.004117896254622484,0.004508783141978933,-0.9133054584690259
5732,-0.0015126547287958524,0.0046878555008800366,-0.32267520372841835
5733,-0.0011676545541616863,0.004713823614291815,-0.24770858006258042
5734,-0.008056002759472852,0.004150179199338362,-1.9411216654830643
5735,-0.004348662644899976,0.004466604822324815,-0.9735946693033275
5736,-0.0014299860378673133,0.004656380324498209,-0.3071024998417445
5737,0.0046309107285646385,0.004486159646243949,1.0322661460436173
5738,0.003350999513947285,0.004569115727371035,0.7334021972508394
5739,0.0027587402129882668,0.004591794578266248,0.6007978288153084
5740,-0.0008445474480781759,0.004701806706852927,-0.17962189871549591
5741,-0.0037916288984762105,0.004664844536091164,-0.8128092735226174
5742,0.0016999197789358115,0.004702708139749723,0.3614767764487041
5743,0.00603259055123636,0.004450513980436006,1.3554817663206984
5744,-0.008075411828225737,0.004027674095388076,-2.0049814451155714
5745,-0.0016472851476286153,0.004668473145893533,-0.3528530841132919
5746,-0.003704402334340436,0.004701242992933029,-0.7879623197330883
5747,0.0027505827222109583,0.004715535848036668,0.5833022610476335
5748,-0.005129120591308239,0.004424431941650393,-1.1592721187603996
5749,-0.004772932452257228,0.004459333404774207,-1.0703241984883387
5750,0.003236696520385959,0.004563716606886225,0.7092238189159432
5751,0.004625201955569329,0.004434139697299773,1.043088912689401
5752,-0.007010815093672554,0.004278538313935929,-1.6386005171058382
5753,0.0049514456109081995,0.00453982999698843,1.090667627244373
5754,0.00399399944292768,0.0043860508318393,0.9106140343687688
5755,-0.006789208154090248,0.004305154282760938,-1.5769953196047277
5756,0.0017445621815990887,0.004632973905846141,0.376553422715743
5757,-0.004714231427566045,0.004614770005213472,-1.0215528449392295
5758,0.002628201246516447,0.004642231983500977,0.5661503466128739
5759,-0.004620098372694253,0.004378913029414377,-1.0550788156009874
5760,0.0033646695217229346,0.004514080289075742,0.7453721037850328
5761,0.004707419736386338,0.004439331811617452,1.0603892513885347
5762,0.002492551309951015,0.00464855273706703,0.536199426130136
5763,0.001257127873811907,0.004694529288782196,0.26778571321641864
5764,0.005786893935962863,0.004275456409094365,1.3535148957789642
5765,-0.005590723078831832,0.004591020654540749,-1.2177516721259634
5766,-0.0014414558467357869,0.004698158385696947,-0.3068129527357249
5767,-0.0061082126528688415,0.004391144892607936,-1.3910296294598299
5768,0.0046259552188806395,0.004410974606855239,1.048737667111321
5769,-0.003750097727860121,0.004587193851706891,-0.8175145522713659
5770,-0.001315640312690254,0.004683861201639675,-0.28088798024793926
5771,-0.004452777563932433,0.0044802115272184785,-0.9938766366008888
5772,0.006499337945461878,0.004311904869302833,1.507300866429532
5773,0.005716019782024984,0.004616971592232773,1.2380452571207416
5774,0.005281383026192378,0.004355581056499549,1.2125553302036052
5775,-4.78845949041864e-05,0.004750247650316727,-0.010080441785175908
5776,-0.004948119813554075,0.004449213326591963,-1.1121336403404751
5777,-0.001653099228397646,0.004668183977359496,-0.3541204109381958
5778,-0.0013289713006048175,0.004720033015307346,-0.281559746784585
5779,-0.002057064652571472,0.004686083017908657,-0.43897315619677507
5780,0.005337655832205817,0.0045212353285884865,1.1805746536693134
5781,-0.005202818923279445,0.004565894908355581,-1.1394959865936234
5782,-0.004476878252212795,0.004480153041048346,-0.9992690453193125
5783,-0.004100707610881545,0.004580219015419439,-0.8953081931401959
5784,-0.0046259130765092145,0.004558276375334751,-1.0148382185732423
5785,0.006203365547141857,0.004406172884348757,1.4078806506156258
5786,-0.0019800668583224565,0.00465195027510762,-0.4256423094025116
5787,0.0033639095553057775,0.004502421056842003,0.7471334894798184
5788,-0.0013337153094296538,0.00468819761880239,-0.2844835943093956
5789,-0.003515561721703422,0.00444388895619506,-0.7911002629358027
5790,0.006177660085518698,0.004217775838439462,1.4646724534806892
5791,-5.569953298911225e-05,0.004754834581742691,-0.01171429458408159
5792,0.003198406293566481,0.004718835737760897,0.6777956409824376
5793,0.0011517466240085394,0.004750977124573752,0.2424231045128157
5794,0.005091028947681592,0.004621703858149403,1.101548066240686
5795,-0.007081473320593659,0.004404227451673223,-1.6078809276535695
5796,-0.0009776782943843362,0.004710165910632821,-0.20756769781236495
5797,0.002048039794859149,0.0046691510911661075,0.43863215279839163
5798,-0.004868555135427846,0.004527638535344611,-1.0752967794186528
5799,-0.003348934289372664,0.004638029578674887,-0.7220597093150654
5800,0.0023385378752678572,0.004636095003071394,0.5044197484561006
5801,0.002107862429173938,0.004655728203633892,0.4527460231739275
5802,-0.0038055154362810345,0.004700209863881483,-0.8096479830665262
5803,0.008214167112957143,0.003964680459173612,2.0718358509702655
5804,-0.004147676985012856,0.004561664810232721,-0.9092463294779556
5805,0.002347770090274847,0.00467961038093471,0.5017020433666747
5806,0.001984711572693311,0.004580715266947855,0.4332754727223485
5807,-0.003989259073531466,0.004533205012017247,-0.8800085288347176
5808,-0.0028238050160224602,0.004595688819679894,-0.6144465229956863
5809,0.00023678236438396812,0.004742974598140882,0.0499227561701006
5810,-0.00606572145780037,0.004491538908580602,-1.350477326649105
5811,-0.0066971687094242146,0.004586757486028734,-1.4601096155233395
5812,0.00360408730066933,0.004599119491286767,0.7836472410637364
5813,-0.004856721349587523,0.004538899530071116,-1.0700217789379944
5814,0.005737882640594812,0.004598667282292765,1.2477272845305882
5815,-0.0010551978243701146,0.00469998231066998,-0.224511020387159
5816,-0.004330284072362376,0.004618509514169807,-0.9375934073702474
5817,0.004831038215994033,0.00449113396326096,1.0756833921040003
5818,0.003546039790043133,0.004645221258720273,0.7633737108617389
5819,-0.0038664234137190507,0.004457147358738994,-0.8674659154219506
5820,0.006828266047700789,0.004138629929348682,1.6498856298503088
5821,0.005043979669854503,0.004401518924447159,1.1459634177281288
5822,0.00379634798761402,0.004432326155212352,0.8565136803277821
5823,-0.003656645633888288,0.004672844618767071,-0.7825309703649194
5824,-0.0004023542570965647,0.004746016765423979,-0.08477725153181605
5825,0.001359022735856181,0.004679656558193608,0.2904107852694166
5826,-0.0014299564641077735,0.004761664492921514,-0.3003060098487588
5827,-0.00028210733198142133,0.0047578828654643865,-0.059292618157779434
5828,0.0010687056963234283,0.0047146202963527315,0.22667905984924971
5829,0.0010787539741217485,0.004691345405712378,0.22994554457836608
5830,-0.00686508307190742,0.004254163653109847,-1.6137327173318683
5831,0.004015799645160952,0.004456136938652705,0.901184075006257
5832,-0.0009471889711804215,0.004719583662819621,-0.2006933320500865
5833,0.0021036544688752385,0.004720158614056414,0.44567452937082513
5834,0.0011078876887086863,0.004718121802775876,0.23481540643076826
5835,0.004376018644833023,0.004454560635239473,0.9823681846902893
5836,-0.009020610828012497,0.004099280359729293,-2.2005352248237537
5837,-0.006755771090044912,0.004220223682543582,-1.6008087718168351
5838,0.004182071433014869,0.004602829623062916,0.9085870595905184
5839,-0.0043351839629364175,0.0044774939962412994,-0.9682165886935089
5840,-0.006519837631071128,0.0043855861064028496,-1.4866513786041786
5841,-0.008051462303077708,0.004109840895641096,-1.9590690996376774
5842,0.000855436462587613,0.0047016889942655266,0.18194237509774822
5843,0.006005070890289326,0.004397009876447496,1.3657169437929582
5844,0.005106928317035369,0.0043948882880044645,1.1620155012755085
5845,-0.000633940144162542,0.00471470290572667,-0.1344602527112647
5846,-0.003579800851939314,0.004455282800945339,-0.803495762643785
5847,-0.007557543718029668,0.004294174597699096,-1.759952593003356
5848,-0.006887675561880803,0.004286960475061985,-1.6066571180088183
5849,-0.003481934793497178,0.00457373345393351,-0.7612893992549213
5850,0.002776474423930558,0.004602093128529743,0.6033068750213609
5851,-0.005665263649980199,0.004526227486603667,-1.2516524338972692
5852,-0.0031644502310038216,0.0045394547982053135,-0.6970991829800566
5853,-0.001596785985787515,0.004668684503248954,-0.34202053805013083
5854,-0.0033568354474662267,0.004624331104311567,-0.7259072440415066
5855,-0.0018796821094574487,0.0046596698046122995,-0.4033938429707778
5856,-0.0029947251581793153,0.004546555187954661,-0.6586800411250565
5857,0.003708917411957832,0.004517394010958527,0.8210303114938722
5858,0.0025364455527334866,0.004693484380761662,0.5404184496981047
5859,0.0017175455435853742,0.004667794592159796,0.3679565391481083
5860,0.0008691412666170652,0.004724125605916502,0.18397928825782095
5861,0.006123341333279631,0.004315395406507188,1.4189525539296446
5862,0.0010988303884228215,0.004713744651598771,0.2331119883742809
5863,-0.0040657400745890285,0.0044382538763113035,-0.9160674868757448
5864,-0.007270286120797708,0.004229948827354137,-1.7187645566259304
5865,-0.008911752913728683,0.004120589359299205,-2.1627374476461587
5866,-0.004185949474059959,0.004499895168756804,-0.9302326647792599
5867,0.005333001307647833,0.004364619657299104,1.2218707989204216
5868,-0.0038913906305884714,0.004638772316873713,-0.8388837314634711
5869,0.001545485328948755,0.004652387000231393,0.3321919111354855
5870,0.0038359412248798663,0.004551620397677359,0.8427638708265971
5871,0.002140520873603564,0.004714355888624958,0.45404312363610977
5872,-0.0005391756674821737,0.0047307112481451575,-0.11397348922819514
5873,0.007006132288206786,0.00416572853983222,1.6818504185318246
5874,0.00440512149794299,0.004452643289453958,0.9893272852951138
5875,-0.004620622415237121,0.0045313495959764995,-1.0197011546714227
5876,-0.004623106531454878,0.004309420391074335,-1.0727907959572125
5877,0.007129117713472173,0.004136675466469442,1.7233930414069227
5878,-0.0076794330934583915,0.004089940160005216,-1.877639474668646
5879,0.003158036296460381,0.004562727039335306,0.6921378967522986
5880,-0.0025644294018643226,0.004706456591094861,-0.544874759222577
5881,0.0020736970694088053,0.004629857895666867,0.447896483248352
5882,-0.0020334122019678145,0.004694662965164044,-0.43313273328807783
5883,-0.0037525366147185815,0.004569631118543962,-0.8211902705867132
5884,0.0040043796289468735,0.00454658231634059,0.8807449970838491
5885,0.007370852035406617,0.004019433001468737,1.8338039302342497
5886,-0.005159122303931436,0.004511961525941557,-1.1434322465448836
5887,0.0002476361509235045,0.004759544962573028,0.05202937525977934
5888,-0.005763199067753821,0.004452254969680002,-1.2944449738394117
5889,0.006743318723190959,0.004384743922082939,1.5379047996918365
5890,-0.005237014900278798,0.004607374483179256,-1.1366592664430148
5891,-0.003424718623793654,0.004525042368901084,-0.7568368082761961
5892,0.008447753965965477,0.004203661635880841,2.009617970642236
5893,-0.0029062333492881217,0.004587436127078861,-0.6335201774544864
5894,-0.0036178321831927224,0.004512583558099075,-0.8017208183767645
5895,-0.00229874604430838,0.00469638229693807,-0.4894716611565263
5896,-0.0008277770081923549,0.004729792740037902,-0.17501337874389009
5897,-0.0018675217730828619,0.004637181138844338,-0.40272780319905277
5898,-0.0046640754179705915,0.004426990635665379,-1.0535543898365574
5899,0.0050591784630962125,0.00453794463298985,1.1148612141093808
5900,-0.0041524553202979125,0.0046056516720137,-0.901599950671554
5901,0.001244884951040289,0.004760231848862063,0.26151771396132306
5902,0.002531811090703294,0.004675435536703532,0.5415134206915782
5903,-0.004037298628228145,0.004576537150904447,-0.8821732447709434
5904,-0.0001704980322012685,0.004756035712722534,-0.03584877038353208
5905,0.008942698648869533,0.004080424117596815,2.191610085408567
5906,0.0025710244729838924,0.004631051299481492,0.5551708039320905
5907,0.0018767724889657577,0.004645461830382637,0.40400127209982306
5908,0.00809575194825976,0.004061660385899468,1.9932124252350385
5909,-0.004778173177605164,0.004519918070639128,-1.0571371212774037
5910,-0.005989030726593924,0.004431450463825151,-1.3514831713642348
5911,-0.0037740805273248123,0.004604751781514777,-0.819605639217168
5912,-0.003274099558741261,0.004539729235626039,-0.7212103164760123
5913,0.005889717887708335,0.004523245330157683,1.3021000316830076
5914,-0.0060241079073134205,0.004333304358319288,-1.3901880433918854
5915,0.00529148465866131,0.004509823773945392,1.1733240418909068
5916,0.0027026786015965807,0.004675048664064901,0.5781070520978562
5917,0.002606341013257214,0.004689621162606862,0.555767923012443
5918,-0.0059379674566435595,0.004547044445740396,-1.305896066665053
5919,-0.00588158631051764,0.004354728023822091,-1.3506208145131056
5920,0.0035211936780216832,0.004567327084106129,0.7709528162051517
5921,0.004230414239726398,0.004607672981396536,0.9181238027973514
5922,-0.004384901841056481,0.0044326254813861175,-0.989233550064168
5923,-0.0056618291895442424,0.004285432649797008,-1.3211802989862484
5924,0.002554695596332051,0.004575503962807555,0.5583419044324192
5925,0.0016617088255506446,0.004687305689533925,0.35451257835839467
5926,0.0015759523573451626,0.004716717006280462,0.3341206087299134
5927,0.004984792357710141,0.0044146387299961376,1.1291506876519661
5928,-0.0023216559283595357,0.00459518553439098,-0.5052366027408368
5929,0.001525625032953756,0.004677137356447131,0.32618777612993993
5930,-0.0013609840974818169,0.004677407814009223,-0.2909697318684843
5931,0.004484789798373826,0.004476266308826462,1.0019041515761822
5932,-0.0017274263772298162,0.0046594722613996905,-0.37073434078367123
5933,0.004870907086909494,0.004418306832259931,1.1024374883484633
5934,0.00451943847970616,0.004480800058594347,1.008623107616173
5935,-0.00356836229941816,0.004490301719353174,-0.7946820776070658
5936,-0.0007588475936218741,0.004777169536072008,-0.15884878857488294
5937,-0.003549949298359308,0.0046785338419217575,-0.7587738847906096
5938,-0.0026698885079662173,0.004568464619548457,-0.5844170263553681
5939,0.002591485802429938,0.004604777436470047,0.5627819885289683
5940,-0.003032646331312953,0.004539431007039672,-0.6680675015458936
5941,-0.003337442879291545,0.00453129680976348,-0.7365315095008639
5942,-0.005371163143741537,0.004291189430044924,-1.2516723466307818
5943,0.0027353081017196792,0.004693030596053115,0.5828447195763224
5944,0.0018844378009712107,0.004678932745076859,0.40274949516083625
5945,-0.002662247604349051,0.004612809830092586,-0.5771422847266209
5946,-0.005923311994184144,0.004436507980534769,-1.3351293450102526
5947,0.00304030473908938,0.00456494585270967,0.6660111285404864
5948,-0.004054115666664503,0.0046502170798579335,-0.8718121320023103
5949,0.0006715561026571542,0.004774457828876463,0.14065599209935556
5950,0.002051145601358357,0.004634843925499447,0.44254901229221594
5951,-0.003645814075778871,0.004668046334372951,-0.7810149717094883
5952,-0.0027566136370627894,0.004688085412315324,-0.5880041412686996
5953,-0.0014281842727480209,0.004686852150697744,-0.30472142641312105
5954,0.005965142643403871,0.004453854795869452,1.3393213108195627
5955,-0.0002842744106270228,0.004762590359817347,-0.059689032469701045
5956,-0.00451205617154423,0.004560597469018301,-0.9893563731936815
5957,0.0005843739593002816,0.004727095643695992,0.12362219919954379
5958,-0.0027722421992152717,0.004615944656002676,-0.6005796008862859
5959,0.0029417193919744297,0.0046441280208043435,0.633427713188866
5960,0.002995551787553719,0.004534704935983325,0.6605836167605358
5961,-0.004423128726606219,0.004585896825209407,-0.9645068119046146
5962,0.0022122654617437293,0.0046473890047837125,0.4760233024320905
5963,-0.0035827207171056094,0.0045715627331382085,-0.7836971570214469
5964,0.001479305048869202,0.004767573055905591,0.3102847154144366
5965,-0.001297856460963797,0.004715864908237512,-0.27521069543293014
5966,0.0038545149738950304,0.004538505811076785,0.8492916246769168
5967,-0.00026637949450915055,0.004746948502964247,-0.05611594360941752
5968,0.004773347065545206,0.004485224095450021,1.0642382552050116
5969,0.0005299117147126685,0.0047240440675643015,0.11217332165698633
5970,-0.00020199266895988902,0.004762968643065918,-0.04240898567618252
5971,-0.0023508546855152057,0.004668846762745163,-0.5035193496333478
5972,0.004876474550653581,0.00458498324517042,1.0635752171592345
5973,0.0012240039277907875,0.0047093060661557926,0.2599117387139677
5974,-0.005508754270221045,0.004559862155341913,-1.2080966666432003
5975,-0.0011743563609646402,0.004699032684968889,-0.2499144908527946
5976,-0.002907380395745362,0.0045616595103968845,-0.6373514702530718
5977,-0.0040546255094721486,0.004562717318813424,-0.8886427157680218
5978,-0.0037496544769208347,0.004556250054215796,-0.822969422727658
5979,-0.005004745869345051,0.004429481534715818,-1.129871708487919
5980,-0.008218299792426316,0.003934369973329559,-2.0888477311835962
5981,0.007711446587171069,0.004214624198759079,1.8296878258900444
5982,0.005128497156598906,0.0045485100402770625,1.1275114512633932
5983,0.0015096995571945255,0.00467997051767751,0.322587407653955
5984,-0.002583677200935979,0.004709482958555991,-0.5486116466866204
5985,-0.005040094628878449,0.004539132729449253,-1.110365113621601
5986,-0.0035059506250484087,0.004514599186578469,-0.7765807063163682
5987,-0.005273029150210605,0.004610201530794492,-1.1437741094372256
5988,-2.1232072716924116e-05,0.004753240116894202,-0.004466863064935438
5989,-0.005497779356704353,0.004427535863156681,-1.2417244098356381
5990,0.0004040872320173651,0.004760870650367073,0.08487675084938699
5991,-0.0030689068346725357,0.004645197310380784,-0.6606623205895567
5992,-0.0035202851218331527,0.004596690643213953,-0.7658303320955725
5993,0.0005504354915983645,0.004731211630675979,0.11634133802628485
5994,-0.00347651739296192,0.004583149354425418,-0.758543334313347
5995,-0.006982079280893349,0.004326595926166102,-1.6137581137789154
5996,-0.0026108824223939377,0.00465315223185036,-0.561099721716111
5997,-0.0029509674912234643,0.004621366496734822,-0.6385486832322084
5998,-0.0012793786138550407,0.004689638761675788,-0.2728096296691879
5999,0.005079661179539832,0.004417210125668861,1.1499704643936677
6000,-0.005264798836220802,0.004370919000074534,-1.2045061544565399
6001,-0.0013302349387667777,0.004727719157067878,-0.2813692807403955
6002,0.006067232570754403,0.004149912035680305,1.4620147411774687
6003,-0.00600585398406172,0.004396966476307456,-1.36590852271073
6004,-0.006471639752809026,0.004323284927902232,-1.496926494721973
6005,0.002334575628436004,0.004574410930704079,0.5103554673599631
6006,-0.00466420273087227,0.004516988220024541,-1.0325912983777783
6007,0.001525625032953756,0.004677137356447131,0.32618777612993993
6008,-0.0066808203062849805,0.00444869504432173,-1.5017483193891459
6009,0.0031455498320709413,0.004579922310437359,0.6868129236389945
6010,-0.0014852262708157317,0.004700457461283815,-0.31597483501320284
6011,-0.00030756773546769414,0.004749594912492058,-0.06475662475103942
6012,-0.0016964798519622788,0.00470231575670798,-0.3607754008314318
6013,-0.0052406402816379,0.004462803676074369,-1.1742932609233088
6014,0.0048040050446037175,0.004506849917743026,1.065934107477336
6015,0.0016084391923131217,0.0046730374610942935,0.34419565554616177
6016,-0.0024220484933382383,0.004632623356809418,-0.5228243927445793
6017,0.0014390286807443122,0.0046632443269892555,0.30858959553453136
6018,-0.0007283931499908729,0.004720711617587337,-0.15429731976789135
6019,-0.0016836619523560347,0.004660657928622637,-0.36124984458012066
6020,-0.0033380409710529494,0.004638370549803776,-0.7196581073485309
6021,-0.0002925335088698409,0.004743806583722432,-0.061666407284314675
6022,-0.0026903443574936383,0.004661119071331066,-0.5771885069491182
6023,0.0040013999567005305,0.004560954657277754,0.8773163202391495
6024,-0.000330199119011031,0.00476061202187201,-0.06936064470155817
6025,0.002341382258972942,0.0046196403412023515,0.50683215273065
6026,-0.004741599124048889,0.004677125873366348,-1.0137848012707293
6027,-0.00634985114488676,0.004203071360770441,-1.5107645338010165
6028,0.0008170706985999563,0.004712522123002281,0.17338288866841695
6029,0.003712039874469488,0.0045543511627062685,0.8150535041886701
6030,-0.00543426512859472,0.004420861716546989,-1.2292320993110075
6031,0.00558340104792589,0.004392355290076631,1.2711633461300622
6032,0.007879935115545739,0.004203526628872293,1.8746009746724837
6033,0.0002871135072775937,0.004744774920146419,0.06051151258166186
6034,0.0025276225332642914,0.004684031254684649,0.5396254627328405
6035,-0.005560904085886696,0.004452752571297354,-1.248868873094934
6036,0.003060010115439923,0.0045366363108893274,0.6745107841452828
6037,0.004066263743505214,0.004506822784514469,0.9022462026856204
6038,-0.0035472306828618788,0.004718868399732523,-0.7517121441790884
6039,-0.0007273123224694882,0.004725828880787585,-0.1539015357552002
6040,-0.005509828929219906,0.0043756575876029895,-1.2592002045201673
6041,-2.172256438828575e-06,0.004752312476550641,-0.0004570946143687206
6042,-0.0047275374257211905,0.004511838307663672,-1.047807368825948
6043,0.004137775407236044,0.004613584575413687,0.8968677911068795
6044,0.0022407606469343005,0.004615579537311339,0.485477636951217
6045,0.0033953908975481377,0.004498561910784125,0.7547725172812619
6046,0.0037303519412216217,0.004485383371897412,0.8316684733335523
6047,0.005408879160466751,0.004426511165457808,1.2219282767599982
6048,0.004249985570627859,0.004432053170035257,0.9589202583041327
6049,-0.004786075749893676,0.004527877919160928,-1.0570240265622255
6050,-0.0016358047721615585,0.004693258556797134,-0.34854350178352345
6051,-0.006723932965885756,0.004176810612736086,-1.6098247177841605
6052,0.00438776249248985,0.004586305933849651,0.9567095077773959
6053,-0.005058577562274775,0.0044218628583541295,-1.1439924132241492
6054,-0.004365262010363722,0.0045255259753314726,-0.9645866655409017
6055,0.0053166279148802705,0.004532234754397543,1.1730698436839895
6056,0.004125090334674172,0.004549614214866025,0.9066901367582538
6057,-0.0046220164222690995,0.004497217461656941,-1.0277502615064067
6058,-0.0018033033218132631,0.0046620101125256115,-0.38680811029737044
6059,0.0004451632285644018,0.004737323255900327,0.09396935875337446
6060,-0.00041095447054517785,0.004737033372835621,-0.08675355189637976
6061,0.006075199635816291,0.004205817969577292,1.4444751721926952
6062,0.003945098501233153,0.004518587167057464,0.8730823054592591
6063,-0.0003729515762947394,0.004734912660234128,-0.07876630532743513
6064,-0.0054088884851919514,0.004382289155912061,-1.2342609747453395
6065,-0.0061333884773448945,0.0044711303139864855,-1.3717758254906085
6066,0.005588400065849345,0.004221465856716309,1.323805582119836
6067,-0.004139005363650284,0.004456878419847392,-0.9286780956865337
6068,-0.0012890338860093316,0.0046982826181404,-0.27436278120696295
6069,-0.0036734154101554567,0.0045272685573899615,-0.8113977254915127
6070,-0.0026113449768126054,0.004637503197068492,-0.56309286826224
6071,0.0023898627326655215,0.0046675969838572565,0.5120113713610643
6072,-0.0038924272523286996,0.004660293202172179,-0.8352322661832575
6073,0.002663956779386888,0.00462225791108377,0.576332353285383
6074,0.004156807648799703,0.004472846971486013,0.9293426927634612
6075,0.003561105535997403,0.004599956764109472,0.7741606538092787
6076,-0.0036749811031618275,0.004492707826926704,-0.8179880029447067
6077,-0.004254970760286861,0.004567398102899543,-0.9315962095762261
6078,0.002166759810358422,0.004584154717240412,0.47266288858216743
6079,-0.0036829308787282404,0.00457283367944705,-0.8053935780086326
6080,-0.0035196290848377664,0.004474310667850771,-0.7866304658117125
6081,-0.0041875834678731265,0.00443601664025858,-0.943996338938221
6082,0.00605249391306899,0.004207845877277646,1.4383829849264291
6083,-0.003170555128824256,0.004654115446590661,-0.6812368892023991
6084,-0.0014710872702826533,0.004707384029369009,-0.31250632221731905
6085,0.0038606341707307862,0.004466270515675216,0.8643977468854976
6086,0.005617761785573649,0.0045711259647669995,1.2289667423024075
6087,0.0054262937853529584,0.004381697923292372,1.2383997893847702
6088,-0.0043897714756448,0.004529731598860649,-0.9691018948559662
6089,0.0010859036139391385,0.00471572862364395,0.23027271087962572
6090,-0.005406075228452421,0.004458012687517724,-1.2126648368653679
6091,-0.0034896948193162713,0.004654970242619973,-0.7496707040928696
6092,0.0038285579745783237,0.004596993600150782,0.8328395267839281
6093,0.003190208638510168,0.004583995186522213,0.6959450236531588
6094,0.0006304379430654158,0.0047739821117066955,0.13205703924182377
6095,0.0009481386691171314,0.004716662891410936,0.201018960003204
6096,0.0011093646734808638,0.004710752555544243,0.23549627376950955
6097,0.002998801954393593,0.004583641492387095,0.6542400751398775
6098,0.007058201900129719,0.004172866746565354,1.691451543699366
6099,0.002143132126697255,0.004799651011842907,0.44651832423007004
6100,-0.007642155670428931,0.004322646211344006,-1.767934569887647
6101,-0.005975067697532284,0.004477065486320509,-1.3345946615676854
6102,0.005718581664573969,0.004446614574809936,1.2860529214674292
6103,0.004038676843556345,0.004492847865877521,0.8989124413113264
6104,0.002103703618727249,0.004716499583171187,0.44603070171646275
6105,-0.00309510150295303,0.0045770162017103495,-0.6762269055976786
6106,-0.0010007675098831186,0.0047229978496318185,-0.2118924339466158
6107,-0.0019319197277550707,0.0046427683623128406,-0.41611374442826304
6108,0.0069780714821368285,0.004326823279387399,1.612747050562416
6109,0.0039016506024850345,0.0045864265481364635,0.8506951025020418
6110,0.007587708498842059,0.00411934410700421,1.8419700568205783
6111,-0.0032226304563501645,0.004664024407188705,-0.6909548868104322
6112,0.0017732808232980525,0.004706912172806781,0.376739730463385
6113,0.0006000551150268788,0.004725415047147375,0.12698463712496924
6114,0.005699817556395008,0.004424128683954948,1.2883480485245873
6115,0.0002049315097296561,0.0047447441706251255,0.043191266454025934
6116,-0.002792081758675619,0.00462521639638297,-0.6036651086982857
6117,-0.0007890909105025493,0.004784275058883162,-0.16493426920289866
6118,0.006348072395741525,0.004247672274256947,1.4944826215087426
6119,0.006560673487251584,0.004456756179118475,1.4720736839925699
6120,-0.005148024835586039,0.004379121550801118,-1.1755839101210281
6121,0.004260625071886583,0.004452354307251901,0.9569375610891897
6122,-0.000688460326352405,0.004771855580328281,-0.14427518074741108
6123,-0.005217380930686105,0.004445624875689436,-1.1735990049940916
6124,0.006377378228542973,0.004360145595153966,1.4626525856455428
6125,0.004984583856588444,0.004490080754020984,1.11013234052074
6126,0.002761373538166258,0.004633533405876553,0.5959541663526374
6127,-0.0042742272488207065,0.0045602104882007674,-0.9372872721292091
6128,-0.00122700761957483,0.00479043577833555,-0.2561369521169444
6129,0.0007360164248615634,0.0047123208433362115,0.1561897946533881
6130,-0.005888354103565951,0.0043451709100655956,-1.3551490207037815
6131,0.006727550812101589,0.004395341079643854,1.5306094999677955
6132,-0.0012437576302245985,0.004732294929459168,-0.26282335500309606
6133,-0.003462587943860257,0.004546163458057779,-0.7616505600393767
6134,-0.00632519658853167,0.004487800959231659,-1.4094200357795248
6135,0.0038616303523173333,0.004636754134726759,0.8328305189606299
6136,0.0023177790755842353,0.004590432225125404,0.5049152153686175
6137,-0.0039415546162530546,0.004570527082000843,-0.8623851353545765
6138,0.006373130908340638,0.004372196766764867,1.4576496091817772
6139,0.004443166584470908,0.00458688798588386,0.9686669040414211
6140,0.003440018209601972,0.004635186574752877,0.7421531267671518
6141,-0.002320144919576861,0.0045880225011816055,-0.505696063822557
6142,-0.006559705177857695,0.004278923333343635,-1.5330270413449572
6143,0.0013735733322939308,0.004691593023718885,0.29277333420645685
6144,-0.002331345508886433,0.004645383403892685,-0.5018628832515393
6145,0.0036619859414678845,0.004580007331226472,0.7995589693711795
6146,-0.0021992193366488105,0.004656758907560712,-0.47226394586976767
6147,0.001664500507689069,0.004710716700323911,0.3533433686586623
6148,0.0056205853392156824,0.004531216691690202,1.2404141584142894
6149,0.0025033850869362216,0.004618620632123936,0.5420200718639681
6150,-0.004848935504002649,0.004558270235455391,-1.0637665723033245
6151,0.004557745521091047,0.004562690633282718,0.9989161850782522
6152,0.0023556307027683136,0.004584483144934273,0.5138268869787906
6153,0.003404184446546322,0.00462077614606715,0.7367126947804434
6154,-0.003788510084866745,0.004570543133655299,-0.8288971297459078
6155,0.006774749766050437,0.004304285334531161,1.5739546148811177
6156,-0.004236723031264691,0.00466060544660524,-0.9090499249085111
6157,-0.005201762833462271,0.004421456533731172,-1.1764817303479438
6158,0.0032224712746972196,0.0046672516847453965,0.6904430042265888
6159,0.004575684130935337,0.004512130132435107,1.0140851430776292
6160,0.0010330190451242219,0.004720609306090718,0.21883171814099922
6161,-0.002311400841870794,0.004651747223092389,-0.49688874545814654
6162,-0.0023349683030917815,0.0046833209792650045,-0.4985710596027157
6163,0.0052685997266242925,0.004578281483917072,1.1507810834987366
6164,0.003643450136877715,0.004583460960682536,0.7949124402131175
6165,-0.00024572394596630604,0.004759905922353772,-0.05162369802569451
6166,-0.0014332641977082981,0.004722001639344977,-0.30352894962296467
6167,-0.0022785507772466436,0.004631913123215531,-0.4919243337761149
6168,0.004095732360511085,0.004550969812081171,0.8999691339719292
6169,-0.005104421049170188,0.0043445881579665365,-1.1748918110478135
6170,0.007170305797239777,0.004096188266875885,1.7504824803154093
6171,0.00295886224090405,0.004670771703690428,0.6334846634799599
6172,-0.005469390238046948,0.00431159734202998,-1.2685299215515002
6173,3.3395867985750686e-05,0.004751591241835913,0.007028354562933162
6174,-0.00453081252772624,0.004519934913221126,-1.0024065865358582
6175,0.006707647597449432,0.004415037977028692,1.5192729105274108
6176,-0.004030018064968534,0.004682720136895362,-0.8606147596171381
6177,-0.0001676673184080169,0.004759335124291315,-0.03522914735553178
6178,-0.004206189739602667,0.004594885484765729,-0.9154068699967003
6179,0.0002906830036185211,0.004757340540705389,0.061101996195424856
6180,-0.003618670810015048,0.0045730900654627005,-0.7912966414863108
6181,0.0032608520986360553,0.004531636862109728,0.7195748904553548
6182,0.005716718671412915,0.004372535340251528,1.3074150868004337
6183,0.0011601380103523757,0.004683162752869045,0.2477253240113512
6184,-0.004445297191794942,0.0045174684226152,-0.9840239656222152
6185,0.005094235017038691,0.004370066086362035,1.165711208106582
6186,0.005934748689330389,0.004487504264580636,1.3225054149079456
6187,0.0010830183581966356,0.004724768875494392,0.22922144696089716
6188,0.002860027408427007,0.004574986533941808,0.6251444429854546
6189,0.0022083516456142356,0.0046540552236330485,0.47450052470377696
6190,0.0031109586775914695,0.004553015187690071,0.6832743905626604
6191,0.002268816871715775,0.004709433766984383,0.4817600127687067
6192,0.0033927392795204455,0.004542987177421078,0.7468080245488179
6193,-0.0046553237408287935,0.004655400684037169,-0.9999834722693924
6194,-0.0019028168167682044,0.004713731090271227,-0.40367530101483085
6195,0.006853893930854518,0.00424280169551305,1.6154169868704478
6196,0.003156156107903008,0.004587425519680981,0.6880016022848678
6197,-0.0013688111116638595,0.004700805174307201,-0.2911865225015613
6198,0.0011590550150408759,0.00478480225144233,0.24223676426575216
6199,0.007424793828378743,0.004046958655983019,1.8346601632319464
6200,0.004388625849158734,0.004506200977557956,0.9739081481308144
6201,0.006142595280642236,0.004394817086593678,1.3976907706534882
6202,-0.003638451694759259,0.004563109907702568,-0.797362274491246
6203,-0.0007584529338499292,0.004717156528534285,-0.16078604330002924
6204,0.002820175426427119,0.0045833283104996115,0.6153116764440779
6205,0.005519547331436016,0.004448423354319368,1.2407873288581222
6206,-0.000990259743738626,0.004762061488041584,-0.20794770210870883
6207,0.004184906165845646,0.004436855363719117,0.943214466729364
6208,-0.00332765509678777,0.004524206944739152,-0.7355222998048844
6209,0.003578855416830067,0.0046165168402470536,0.7752284981675804
6210,0.010057641629527547,0.003889548329195548,2.5858122276135105
6211,0.0014147675691327834,0.004686751613268947,0.30186527596797513
6212,0.002136978111105339,0.0046574952939722886,0.4588256082343244
6213,-0.001458585703712607,0.004679879621878622,-0.3116716286661865
6214,0.006342276285756693,0.004558268904662552,1.391378266268872
6215,-0.003028390200703559,0.004529850133598117,-0.6685409255025553
6216,-0.004730668493382619,0.004551924168739482,-1.039267860802838
6217,-0.004669116068428243,0.004633872964203619,-1.007605539577126
6218,-0.002186825332376025,0.004619782414012182,-0.4733611101993035
6219,0.0006680341748653944,0.004731586779959576,0.14118607687696297
6220,-0.004070832613222807,0.004465468568440159,-0.91162496182227
6221,0.003433943493867389,0.004624465967636704,0.7425600097176795
6222,-0.003999370716243226,0.004556516589158088,-0.8777254812940763
6223,-0.0057030361451285054,0.004249185284308651,-1.3421481445369352
6224,-0.005409416462268317,0.004605867780510317,-1.1744619515910135
6225,0.0024792830627732238,0.004625760562097166,0.5359730642109153
6226,0.0045446019748218115,0.004468689313844771,1.0169876793049475
6227,0.0037332260782437093,0.00454765599782034,0.8209121534331134
6228,0.005742577344751915,0.004375495277763855,1.3124405307750033
6229,0.004585199640177076,0.004463438770470485,1.0272796101768316
6230,0.0034983408587024064,0.0045127052026848555,0.7752203393700638
6231,0.007843658447299033,0.004193121418941308,1.8706013166867521
6232,-0.0049802773662200915,0.004433536832365442,-1.123319271842599
6233,-0.00547463407177293,0.004369955190350097,-1.2527895214720344
6234,-0.0036137061240439834,0.004615567583783728,-0.7829386220538356
6235,0.004903737411284128,0.004487810277475214,1.0926793041801468
6236,0.005721944704173074,0.004361757487203666,1.3118438429829868
6237,0.004906866134951845,0.00452959967644209,1.0832891393188393
6238,0.0011698494780079012,0.004687778773250278,0.24955304731600728
6239,-0.0080722744272337,0.00401420372310987,-2.0109279408918432
6240,0.007796385542667548,0.004183643913199951,1.8635394656961406
6241,-0.002990747097509255,0.004612329503536467,-0.6484244231068321
6242,-0.0020470963193661962,0.004696139781846896,-0.435910431644161
6243,-0.0024317542236224855,0.004624506167242848,-0.5258408434715763
6244,0.002907306754777864,0.004640620320181622,0.6264909762460548
6245,-0.005397387951023635,0.00443313039187511,-1.217511661943394
6246,-0.004833929771794292,0.004520820082203121,-1.069259489185109
6247,0.003832445495869165,0.004499871164633567,0.8516789382749469
6248,-0.003616711770699879,0.004602558459558457,-0.7858046350696098
6249,-0.0029425079349125857,0.004662709914470019,-0.6310724855048252
6250,-0.004232583167864657,0.004532028783072702,-0.9339268063948567
6251,0.00715467637335241,0.00455397516344523,1.5710837491567842
6252,-0.0025080484345487053,0.004628466753028142,-0.5418745706464959
6253,-0.0022005630938434773,0.004639167793433568,-0.4743443634348013
6254,0.0025556351177189705,0.004610120061354804,0.5543532670964605
6255,-0.0061256647945928085,0.004310843490059532,-1.4209898384662103
6256,0.0036561365534678474,0.004601040265156556,0.7946325923629888
6257,-0.0026527965198589855,0.004743069810452076,-0.559299488700998
6258,-0.004386020265998485,0.0045589330643400474,-0.9620716523139844
6259,0.0022569215287031475,0.004683934582565342,0.48184309343343884
6260,1.7674430349310912e-05,0.004752917776059077,0.003718648455973463
6261,-0.003019178692656179,0.0045870448159316245,-0.6581969031935404
6262,-0.0024975791168405093,0.004570230165059991,-0.5464886945814741
6263,0.0018564783559848182,0.004640018546306338,0.400101494737054
6264,-0.002025441030217494,0.004652551639503721,-0.4353398279387059
6265,-0.0035327141908259555,0.004606868084190937,-0.766836411693428
6266,-0.008468916370218491,0.003978196924862137,-2.1288328683004996
6267,0.0006672506818629757,0.004718771107072058,0.14140348550981038
6268,0.0043308707113110766,0.0046000012092873716,0.9414933853858729
6269,-0.00037385712116854927,0.00473064000660988,-0.07902886726662312
6270,0.002039670917221255,0.004630068900788789,0.4405271197743455
6271,0.006079423996375124,0.004406614380505951,1.379613342903199
6272,0.003809723757748664,0.004509698744146236,0.8447845352627673
6273,0.004825925695019313,0.004514020898322721,1.0690968880566074
6274,0.001831067377506196,0.0047649894069488495,0.38427522521580537
6275,-0.0018325599591752695,0.004681551181847483,-0.3914428974483806
6276,-0.006213021700431673,0.004485315793394162,-1.3851915866396796
6277,0.001539095633244772,0.00471006160214489,0.32676762285739347
6278,-0.002526756866196575,0.004609432929873092,-0.548170871479877
6279,0.004793734002329612,0.004449654577113862,1.07732722152984
6280,-0.0030504205597658807,0.00457537162537162,-0.6667044361709351
6281,-0.0021184856533618505,0.004656200150759815,-0.4549816555923071
6282,-0.004135881087856626,0.004556464097455622,-0.9076953092127172
6283,-0.0005038672387295086,0.004741424575086807,-0.10626916673461659
6284,-0.002674480856750277,0.004590992492699713,-0.5825496035994518
6285,-0.0018828077134783934,0.004697674246612821,-0.4007957160579962
6286,0.0023803839732712082,0.004626696326134007,0.5144889150873272
6287,-0.0016172127574628932,0.004681321415164453,-0.34546073940237687
6288,-0.0025868831527262343,0.004572144015874919,-0.5657921412239706
6289,-0.002187455214183371,0.004668479000719087,-0.46855843495203403
6290,0.004388705226037849,0.00446750883671741,0.9823607264003839
6291,-0.004148506875500416,0.0045220588532777425,-0.9173933843194979
6292,-0.003934457791356714,0.004567983736072605,-0.8613116899447251
6293,-0.0018035374985579588,0.004637020361835401,-0.38894319149465456
6294,0.004129463476464128,0.004387112022503168,0.9412714914236374
6295,0.0033349032833043203,0.00460408866459023,0.72433515647795
6296,0.0008287678747566298,0.004717609725901549,0.17567537861522656
6297,0.005082220675098251,0.0047309011856216734,1.0742605849693754
6298,-0.0050207478941417276,0.0044080170140252395,-1.139003746620516
6299,0.005466580392243402,0.0042098892129711785,1.2985093230957732
6300,0.005462055494733464,0.004279010549353061,1.2764762862197818
6301,0.005685669929682008,0.004474094636689764,1.2707978689267623
6302,-0.0030620541226279406,0.004553154689725857,-0.6725126492050515
6303,-0.0017111276343332522,0.004670528844346089,-0.36636699854763954
6304,-0.003369573499022163,0.004588092216151114,-0.7344171259593494
6305,0.0019683398569606838,0.004808876629678912,0.40931386029175576
6306,-0.0007794944341272626,0.004714329322675612,-0.1653457747166593
6307,-0.0010201421154384274,0.004711868634762623,-0.21650478706306733
6308,0.0010695986130306511,0.004720197162829255,0.22660041013827922
6309,-0.005553392138380606,0.004512840090003046,-1.2305758740892716
6310,0.006572883994403017,0.004312385952097473,1.5241873216858235
6311,0.0001785942705780765,0.004747457117818236,0.03761893286150463
6312,5.673014904958157e-05,0.0047541870215754055,0.011932670884029037
6313,0.0032977689554089776,0.004523389461368357,0.7290482023653518
6314,0.0011482554863660875,0.004696174571547096,0.244508688693787
6315,0.007038696923619899,0.004164204550676185,1.6902860649525377
6316,0.004004034731564589,0.004482812364646151,0.8931970392387026
6317,0.00559254219772018,0.004364827449563754,1.2812745205492901
6318,0.0014770665403021723,0.004705199758595068,0.3139221746332852
6319,-0.0017607435393472205,0.004669855237276594,-0.37704456559858285
6320,0.0008788606572617642,0.004748395927981882,0.18508579962397725
6321,-0.004346794101457844,0.004569023535025184,-0.9513617227261415
6322,-0.00085645889159222,0.004742675804546153,-0.18058558646813902
6323,-0.001869032781865537,0.004642879962493903,-0.40255892828674256
6324,-0.009633576785343411,0.003828192014544628,-2.5164821275270715
6325,0.009083648497006663,0.004218278074666179,2.1534020129115157
6326,-0.0006239084934284688,0.004739553767372941,-0.13163865715026826
6327,0.0034709170990928472,0.0044982773233438605,0.7716102964751604
6328,-0.0069750227468102,0.0043339743819438125,-1.6093825510066493
6329,-0.004665878928635513,0.004450482019312037,-1.048398557367225
6330,-0.002957295370492005,0.00455618958018828,-0.649072063057086
6331,0.006569759743619248,0.004332378431626822,1.516432566384161
6332,-0.002919815082944783,0.0046217740389718105,-0.6317520195328165
6333,-0.004742259537061089,0.004536353312408535,-1.0453902530231336
6334,-0.002312913778398398,0.004654866362485943,-0.4968808120977249
6335,0.0010888953601182047,0.0046806588642702126,0.23263719738908603
6336,0.005833027930661775,0.004291155761813798,1.3593139597888317
6337,0.002870413012461237,0.004804974940231493,0.597383555203921
6338,-0.0049608799386958195,0.004463807929429115,-1.1113560478240103
6339,0.002077016906841592,0.004673813412799687,0.4443944854866224
6340,-0.0014955508696559605,0.004694417900951675,-0.31858068480711427
6341,-0.0049716698403512475,0.004391068379531627,-1.1322232793107974
6342,0.0041153477307503,0.004560064626923758,0.9024757470436409
6343,0.0035795130919530163,0.004586340322991459,0.7804726295623576
6344,0.0018898603480377362,0.004639920275622546,0.40730448709793193
6345,-0.00617081873752809,0.0046041854837630776,-1.3402628454674195
6346,-0.00013992137612904175,0.00475821848254431,-0.029406252916369474
6347,0.0023667771968742157,0.004611349713556591,0.5132504242556771
6348,0.0024260702271027214,0.004658160883525918,0.5208214760642504
6349,-0.004704297312481122,0.004455064855866277,-1.0559436202789876
6350,0.0004471401469412706,0.004755120800414024,0.09403339383141193
6351,-0.002092142284548078,0.004647974295276399,-0.4501191597970457
6352,-0.0006587324757589802,0.004710817100467099,-0.1398340164158918
6353,0.0015623439292094744,0.004758010813760221,0.3283607352659137
6354,-0.002686077265770068,0.004604296312055774,-0.5833849699761743
6355,0.00508505589922093,0.004378044612342328,1.1614901969900986
6356,0.0017427009977210959,0.004673231578768981,0.3729113287769396
6357,0.0032679486887367652,0.004566295836821422,0.7156673166869473
6358,0.006459958044918861,0.004211671957694465,1.5338226979233074
6359,0.003978468473514574,0.004612866769483185,0.8624720097780566
6360,0.0009930364090313037,0.004716454998920136,0.2105472031978819
6361,0.0012592978891715404,0.004684346116077368,0.26883109359691504
6362,0.003711639603702561,0.004557806523521691,0.8143477755248549
6363,-0.0022048931726696085,0.0047453176485509506,-0.4646460650200948
6364,0.007807307280543993,0.004279003650054425,1.824561958586946
6365,-0.002001604312708195,0.004684476006841979,-0.4272845692420503
6366,0.005318294393115038,0.004330985487623022,1.2279640299681267
6367,-0.0036998088699874724,0.00455839645187948,-0.8116470142613413
6368,0.0041143026004707515,0.0044945390380954405,0.9154003481999315
6369,0.006996024841997861,0.004153901872155562,1.6842056113298247
6370,-0.003897044846606628,0.004617969570818255,-0.8438870778258751
6371,0.003234482330628517,0.004581756687631321,0.7059480786834801
6372,0.0032969997228124927,0.004583503583185492,0.719318674672249
6373,-0.005736472699704704,0.00438917385935292,-1.306959551734506
6374,-0.000265695891466848,0.004739741355327438,-0.05605704437188489
6375,0.004908634156995914,0.004282036686765525,1.1463316445108962
6376,-0.003093503740415447,0.004670374708760352,-0.6623673545107367
6377,0.002408793368681996,0.004651359301182689,0.5178686944415407
6378,-0.005166557384748132,0.004491124235218436,-1.150392889208696
6379,0.003228474104207459,0.004716215174454075,0.6845476690068898
6380,0.006666425578375856,0.004331958719566868,1.5388940684648076
6381,0.0020056717823274746,0.004663203836977817,0.4301059641491746
6382,0.001419608072957431,0.004670450588328665,0.3039552707194879
6383,0.0066427064648366015,0.004517813977039963,1.4703364278820643
6384,-0.002426585514298095,0.004719129708044201,-0.5142019110349418
6385,-0.004904954739825134,0.004408564233269167,-1.1125968638065797
6386,0.0037431222893887757,0.004590180473619253,0.8154629890701026
6387,0.0083080645810221,0.004073344645951534,2.0396173913934392
6388,-0.007396615919303318,0.0041898514835100814,-1.765364702881245
6389,-0.0011559176405868848,0.0046933862288714625,-0.24628649427490826
6390,-0.0042879015209853445,0.004439524963039719,-0.9658469220656078
6391,-0.002339605499564262,0.004637604239386891,-0.5044858031856481
6392,0.0035669247991862267,0.004605902325004126,0.7744247592534501
6393,-0.00223559520217485,0.004680585124632279,-0.47763156585053784
6394,-0.005219649719788185,0.004644040518899627,-1.1239457749229425
6395,-0.0056704845880513055,0.004529486193534858,-1.2519045970699825
6396,-0.0029783177589675714,0.004633951318383987,-0.6427166697137876
6397,0.007344862295037478,0.0043373128646943425,1.6934130702962518
6398,-0.00959929336526082,0.003956469760300566,-2.426226900956164
6399,0.0007790869277015831,0.004738073864044775,0.16443114861795255
6400,0.0028297825480066625,0.004657139304476052,0.6076224830309268
6401,-0.001658767080737738,0.004703848897020382,-0.3526403838755262
6402,0.0047707846875125115,0.004528658256743312,1.0534653791569866
6403,-0.0011499791855785505,0.004700467708693196,-0.2446520765267129
6404,-0.007423212152766934,0.004073185991032366,-1.8224584315840409
6405,-0.003325835421162219,0.0045265194132836405,-0.7347445393478567
6406,-0.002587970536863651,0.0046085684921315425,-0.5615562709509976
6407,-0.005681465951822171,0.004559032855954699,-1.2461998260006892
6408,0.004609567358736116,0.004566843255839369,1.0093552812092068
6409,-0.003635506869367374,0.004543419786468865,-0.8001697048101473
6410,-0.0012395295806566216,0.004665131096342084,-0.26570091066219625
6411,0.008379055104348537,0.0040677112245835634,2.059894284950464
6412,0.006803980998358379,0.0044754498014925965,1.5202898703252574
6413,0.008859298141446429,0.004192561235883773,2.11309928299209
6414,0.0032549591320325403,0.004577642742511021,0.7110557365704481
6415,0.0047257794698706695,0.004530491761815161,1.0431051899710917
6416,0.0022277339775945548,0.004626412627378533,0.4815251377300639
6417,0.0034728288447483605,0.004558121683419213,0.7618991079990795
6418,-0.003742585338843412,0.004541893499898955,-0.8240143321120751
6419,0.0035769254771907074,0.004596598849336873,0.7781678572422589
6420,0.004232288812175589,0.004565208487680313,0.927074595518881
6421,-0.002174153790302129,0.00477616587655862,-0.45520902047662476
6422,-0.0024284410711824566,0.0046951105874822475,-0.517227661826962
6423,-0.005285722200644326,0.004566651333994919,-1.1574613023982196
6424,-0.003397472669402258,0.004644287359291044,-0.7315379963742997
6425,-0.0010221743624720878,0.004713103753346568,-0.21687924051030844
6426,0.0003364666643485173,0.004743956081822185,0.07092533289626876
6427,0.005795010042276137,0.004442384863915297,1.3044817636913846
6428,0.00274289591702884,0.0046291653682808765,0.592524936746311
6429,0.0014754680170098841,0.004679590817327678,0.3152985110464131
6430,0.0015073195890797308,0.004671212038684453,0.322682759120529
6431,-0.00874471977066484,0.004069511896118384,-2.1488375003906004
6432,-0.0024284173227967333,0.00465265607244456,-0.5219421519632794
6433,-0.004063236580186588,0.00456538702375258,-0.890009227924505
6434,0.004209994959776531,0.004515731197893031,0.9322952973243509
6435,0.005968466430754978,0.00440623273807447,1.3545508795259886
6436,0.005350457024026445,0.004408194664532694,1.213752438628669
6437,-0.0013211369806988848,0.004719001075983078,-0.2799611526733253
6438,-0.0052451594491812,0.0044025774744364575,-1.1913837927071562
6439,-0.004537505959674499,0.004467011742655276,-1.0157810682130244
6440,0.0050058805414791,0.004588573166120948,1.0909449103785203
6441,-0.003881424324423454,0.004607498825313283,-0.8424146096574512
6442,0.0019767045654199176,0.004644610348045968,0.4255910436602149
6443,0.0024805430568463115,0.0046757838609068555,0.5305084945404677
6444,-0.0061685589022958875,0.004372220268588655,-1.4108527300448857
6445,0.006344693564211905,0.004331273977420692,1.4648562056538894
6446,-0.005017984512861536,0.0045175063105696404,-1.1107863869765766
6447,0.0038010718931127062,0.004506578979473709,0.8434495235578021
6448,0.002042727630868132,0.004641596491670215,0.440091600925242
6449,0.006130848547687696,0.004499481172021425,1.362567885784344
6450,0.0012042206359749882,0.004690618380943882,0.2567296117857846
6451,-9.457522598034722e-05,0.004751778549849449,-0.019903121534008285
6452,0.002508704303614732,0.004636220485063946,0.5411097922751467
6453,0.0021006244772139083,0.004691755369348767,0.4477267700139026
6454,0.004576783448038796,0.004584196418691147,0.998382929094808
6455,-0.005517481389892333,0.004410225192236819,-1.2510656824519035
6456,0.0017778908674285295,0.004714811505189612,0.3770863088527713
6457,0.006903275493195774,0.004161707126672013,1.6587605237651857
6458,-0.005731551013886278,0.004549951178452836,-1.2596950580544983
6459,-0.0004734857013539118,0.004762029722831926,-0.09942938807873192
6460,-0.0026915657005065698,0.004570636803329791,-0.5888819909177023
6461,0.0036340913183083,0.004615985536278687,0.7872839483024097
6462,0.004689740530232822,0.004513635129769439,1.0390163128831325
6463,-0.0035097674913454418,0.0045782959657076,-0.7666100046030966
6464,-0.003783079793252623,0.004700437436193884,-0.8048356870197853
6465,0.0035701187497986808,0.004629210295840914,0.7712155036478322
6466,-0.006037890921141291,0.0044699942408383845,-1.350760335657353
6467,0.0046694940996978565,0.004449991898063192,1.049326427252643
6468,-0.0034227195001825827,0.00447723411463111,-0.7644718619912035
6469,0.0016196004189247565,0.004706829278251686,0.3440958494943212
6470,-0.0019417864327116751,0.004686870494772099,-0.4143034109599598
6471,-0.0021068924351288934,0.004691029543022705,-0.44913220345470245
6472,-0.002407783649585096,0.004660645061393314,-0.5166202570391151
6473,-0.00867570953445538,0.004030949415413054,-2.1522744744159423
6474,8.413576246217343e-05,0.004750106380385518,0.017712395412783362
6475,-0.003707414903063339,0.004649611514831512,-0.7973601431511605
6476,0.002452756068517665,0.004625295461703365,0.5302917594834871
6477,-0.008786743194616685,0.003988943655949667,-2.2027744567188634
6478,-0.004383085091511514,0.004383427381985457,-0.9999219125939328
6479,-0.005091374566507736,0.004461583700300725,-1.1411585904271078
6480,0.0012121260251389942,0.00470037466802937,0.25787859707940636
6481,-0.0016927380482247335,0.004721591182738128,-0.35851008329846273
6482,-0.0019040416162222718,0.004657519577705147,-0.4088102227925429
6483,-0.002221218615316254,0.004617742661110933,-0.4810182763155267
6484,-0.0020724948867776156,0.004623451677250299,-0.44825706667927984
6485,-0.003924835202432117,0.004532204984244432,-0.8659880160046268
6486,-0.003378081684779786,0.0046627149331248926,-0.7244881433306579
6487,0.005434627386474269,0.004535223540796616,1.198315218111536
6488,-0.0034798989661777966,0.00463205616958726,-0.7512644145003694
6489,0.005099798602973661,0.004314226886365408,1.1820886423685681
6490,0.004817896260174023,0.004567459243196584,1.0548307064481146
6491,0.0040535401487000085,0.004512430064696426,0.8983053677470592
6492,-0.0032717785607574122,0.004594984226202234,-0.712032598958788
6493,0.0047979941906465895,0.004375273152626297,1.0966159193435845
6494,0.0035151037145613093,0.004599122065250394,0.7642988519744656
6495,-0.0024132124791768467,0.004594537240795215,-0.525235154859507
6496,0.004538646928925804,0.004699915428245984,0.9656869359071923
6497,-0.002911214129187984,0.004567534177832829,-0.637371066278321
6498,0.0027737148423537124,0.004624505072000436,0.5997863120850419
6499,0.006299194417078288,0.004488756331462024,1.4033273254167908
6500,0.005062886574652499,0.004518271438346883,1.1205361704663048
6501,-0.006419516810347983,0.004428772780249359,-1.4495024082013386
6502,-0.004285092331517821,0.004469843893628539,-0.958667110863968
6503,0.0013861093910580173,0.004727786059767468,0.2931836114272463
6504,-0.0033781415857243044,0.004560259146444891,-0.7407784244800765
6505,0.0018025430019281096,0.004701984148206431,0.3833579495617161
6506,0.004072405586207349,0.004444542410238495,0.916271060171709
6507,-0.0008813117155252729,0.0047023673543486934,-0.18741872957038253
6508,0.005623148078502555,0.004378476696092966,1.2842704138451262
6509,0.004605799030763133,0.004405857737333038,1.0453807874312173
6510,-0.0008539088024748501,0.004748485681517058,-0.1798276039451047
6511,0.005194016447037987,0.004626862785887183,1.1225784483777497
6512,3.877656448746292e-05,0.004752731213694374,0.008158796015169828
6513,-0.0032411081883279456,0.004604103774325608,-0.7039607157427052
6514,0.005761668280715808,0.0044174655043639835,1.3042927613184294
6515,-0.005827337312505214,0.004459913177307156,-1.3066033083683688
6516,0.0074536040565508594,0.004225046217140112,1.764147342652295
6517,-0.001208737459867179,0.0047182422070633405,-0.25618385127784776
6518,0.000438298505532835,0.004742217741498228,0.09242479561774858
6519,0.004648317956261937,0.004565543638317661,1.018130221612508
6520,-0.008897729503819219,0.004012997351578948,-2.2172278534692604
6521,-0.0006309668738996993,0.00472990421452216,-0.1333995035168895
6522,-0.00459512904945317,0.004549010431422653,-1.0101381649318606
6523,0.0018774486357213556,0.004636579809976465,0.404921022103766
6524,0.005027451177428373,0.00441172833228865,1.1395649955672378
6525,0.0033156455766588555,0.004596947601770258,0.7212711268194615
6526,-0.0026270090293063373,0.004634137733053034,-0.5668819488400547
6527,-0.0055707395115121945,0.004466354291441981,-1.2472677150100553
6528,-0.0025255621744569956,0.0046641333319111114,-0.541485844149776
6529,-0.005834343435750514,0.004382756328738537,-1.331204155132617
6530,-0.001613260513613546,0.004675090708699145,-0.34507576732397555
6531,0.006087855547647357,0.004386262125644085,1.3879370118021408
6532,-0.0008382240298092606,0.004769376936924545,-0.1757512649754573
6533,-0.0045135736544012275,0.0045172653483272545,-0.9991827591161112
6534,-0.004963294730720874,0.004554407955591654,-1.0897782498002206
6535,-0.005472247085584399,0.004604475042882802,-1.1884627530000242
6536,0.0033947844750457793,0.004511993336800312,0.7523912873180785
6537,-0.0005298454160647221,0.004757279025679814,-0.11137572826916692
6538,-0.0030429233619161155,0.00461519064148403,-0.6593277717640833
6539,0.004119468890410229,0.004553794580509371,0.9046233459985014
6540,-0.0014905407727036951,0.004698321702375602,-0.3172496195716092
6541,-0.005763879842453418,0.004452222291050168,-1.2946073815855819
6542,-0.0007942987041416134,0.004766479526919667,-0.16664263418224062
6543,-0.006711446047914633,0.004166846030232111,-1.6106777162439996
6544,0.003603517102397641,0.004581885955226609,0.7864702739462707
6545,-0.003812282599733841,0.004516472385588786,-0.844084115713431
6546,-0.0002827687312421485,0.0047631521827383744,-0.059365882170823794
6547,0.0027263294562845466,0.004715798050226796,0.5781268466645704
6548,0.0017407507447587368,0.0046424703022607755,0.37496217130587384
6549,-0.008245208720801941,0.00393166567621711,-2.0971286471984945
6550,0.00257189927400162,0.004665250802850015,0.5512885336047613
6551,0.004294339329175591,0.0046011536788757,0.9333179521673617
6552,0.0011026316267413528,0.004716976291547997,0.23375814474986387
6553,0.005822599038276375,0.004368583996805458,1.3328344018414593
6554,-0.005085910814053211,0.004601726635574957,-1.1052179359667154
6555,0.0036040821442108115,0.004554517708353592,0.7913202615505138
6556,-0.004355844867256054,0.004335048450464012,-1.0047972743626004
6557,-5.852111620570308e-05,0.004750189144987142,-0.012319744418484936
6558,0.003110304015857821,0.004637400506626482,0.6706998913321031
6559,-0.003795777968242783,0.00453799604581276,-0.8364436482365765
6560,0.0006328982572475004,0.004725443068061088,0.13393416196783997
6561,-0.0032012111237810117,0.004542565543364208,-0.7047143499024136
6562,-0.007873796924769144,0.004130258427862968,-1.9063690716425985
6563,-0.004784185485473848,0.004664647959177664,-1.0256262696225542
6564,0.002318690779418616,0.004579862481680366,0.5062795637846054
6565,-0.004932442878708522,0.004388970715540232,-1.12382679183618
6566,-0.001764051150288569,0.004710164120044497,-0.37452010276701436
6567,-0.005885060339908252,0.00447061046722065,-1.3163885297228672
6568,-0.003136585017917322,0.0045681361152304836,-0.6866224952141267
6569,-0.005853243594299618,0.004459309427020072,-1.312589693559579
6570,-0.002885649623285104,0.004560553582861333,-0.6327410852334775
6571,0.0004919284918452711,0.00473221769101874,0.10395305625497755
6572,0.0037984609848201287,0.004610334008775758,0.823901473860629
6573,-0.003508317508257725,0.0045504481673656234,-0.7709828525063245
6574,-0.0006193093888113377,0.004745194025339679,-0.13051297491823957
6575,-0.0007536118465814408,0.004733603300371684,-0.1592046901188925
6576,0.0013182283082051889,0.004680814464390188,0.281623704215101
6577,0.0027418068878716246,0.004644898634510181,0.5902834708815463
6578,0.002030626594745834,0.004657261149282364,0.4360130406384303
6579,0.001212597118464846,0.004696799064643215,0.25817521715865843
6580,-0.004642716497206661,0.0044669729315651805,-1.0393428767834287
6581,-0.005971668494915656,0.004301059002676417,-1.3884181758956735
6582,0.002900563608960772,0.004613563558360214,0.6287035113463812
6583,0.0023090207194518247,0.004639836595400722,0.4976513012851921
6584,0.001636313733252011,0.004679876676639587,0.34964890024131484
6585,0.005100560913674999,0.00438605721365269,1.1629034153494942
6586,0.0023953794161947367,0.004675787156256132,0.512294365878001
6587,0.0066846004187059395,0.004402093511180883,1.5185048663159275
6588,-0.0010787647881939542,0.00469619689347894,-0.2297102980694674
6589,0.004761627058408433,0.0044250676426299375,1.076057462384568
6590,-0.002177331712343899,0.004695733332060006,-0.46368299866566515
6591,-0.004293352087309946,0.004576854773100589,-0.9380573123148096
6592,-0.00147371891812426,0.004771949060486598,-0.3088295577853432
6593,0.005190742637935006,0.004323660114346029,1.2005436367932742
6594,-0.0001010073340291352,0.004754185371585333,-0.021245981410996866
6595,-0.0033785823218044917,0.004658718222675434,-0.725217143496655
6596,-0.0018436782289262003,0.004702244545654377,-0.39208471848408066
6597,-0.00640897794621167,0.0042912274548897855,-1.4935069309618492
6598,-0.0014647664576463257,0.004702002880208067,-0.31151968532641744
6599,0.00789970438153372,0.004286495770096938,1.8429283044306073
6600,0.0026698622967595478,0.004580640301840082,0.582857880302682
6601,-0.0021694187136401455,0.004705907530621692,-0.46099901018529915
6602,0.0016663829381785727,0.004676144021989085,0.356358343614435
6603,0.0038736463752785623,0.004534851948299741,0.8541946726024682
6604,0.006800748222842152,0.004403265109953734,1.5444784842658748
6605,-0.0029732290667699034,0.004603689476821614,-0.6458361454957688
6606,-0.0074035208249510305,0.0042533142914022585,-1.7406474851662543
6607,0.006975632325812575,0.004408880278514223,1.5821777605998721
6608,-0.004654302647723916,0.004410244474493233,-1.0553389216045053
6609,-0.002867841736632502,0.0046618587399591665,-0.6151713075410821
6610,-0.003219504196937543,0.004651878014481298,-0.6920869779721706
6611,0.0030113259285412647,0.004692204729967742,0.6417720670431972
6612,4.431174201302385e-05,0.004750500206439843,0.00932780551255513
6613,0.005054524144328279,0.004348498070249314,1.1623609031608666
6614,-0.008899784837991134,0.004119595549222733,-2.160354027877884
6615,-0.004834904608536264,0.004565443145443996,-1.0590219732253532
6616,0.0020146018359926453,0.004648470063506603,0.4333903001352057
6617,0.00047958352680756584,0.004739100202082831,0.10119716958016402
6618,0.0028286164914012478,0.0046825737249365324,0.6040730285436321
6619,0.0031783080323537615,0.0046654180836886916,0.6812482772906917
6620,-0.003141297644723077,0.004627885997699559,-0.6787759349051729
6621,0.004868069093284708,0.00445414193401673,1.0929308417647796
6622,-0.0020178399923486056,0.0047025299136676454,-0.4290966839963876
6623,0.001958215277694896,0.004677043658180673,0.41868655090908935
6624,0.002092602558247428,0.00463480490042809,0.4514974423312072
6625,-0.0018558663139142768,0.004660678751587491,-0.39819657454016616
6626,0.0014317152246514215,0.00473700439940587,0.3022406364729135
6627,-0.0006992727259204246,0.004768998587105432,-0.14662883897913917
6628,0.0026297135360040403,0.004596103111024273,0.572161562193062
6629,-0.0011967433590231978,0.004718595775276312,-0.25362277593128196
6630,0.006145393165697633,0.004345443515861362,1.4142154059226062
6631,0.0034782332037476406,0.004433139665894301,0.7845981552322634
6632,-0.003702490497513044,0.004545829746397119,-0.8144806787908239
6633,-0.0009185732988797986,0.004780625010044058,-0.1921450222407913
6634,0.005972457627431238,0.004383610523448154,1.3624517040198394
6635,0.0019881795461487296,0.0046956770018240016,0.4234063683205714
6636,-0.0053158152466594106,0.004366839859961773,-1.2173139884057815
6637,0.0017866028754534716,0.004639622361798875,0.3850750634714955
6638,0.0052197127014991995,0.004558432880362179,1.14506735943965
6639,-0.001091541063844455,0.004698901580021289,-0.23229706884805826
6640,0.005621322221059527,0.004381249279440211,1.2830409462065029
6641,0.002606277050252717,0.004700007731573534,0.5545261197645203
6642,0.00357734416650311,0.0046280248638992565,0.7729742755722978
6643,0.0004269683711133214,0.004766773654708664,0.08957177370726592
6644,0.0012772342763867543,0.004705483026990497,0.27143531685494987
6645,-0.005143233966136572,0.004371450187746958,-1.1765509717010845
6646,0.002635649519766965,0.004659362440451301,0.5656674176889487
6647,0.002820690418630638,0.004513555497621094,0.6249375730767696
6648,-0.0020218965945706653,0.0046976770577349765,-0.4304034887288611
6649,0.009013869037915994,0.0040821741523884,2.208104970887182
6650,0.0048243360261013895,0.004510994370464597,1.0694617704886473
6651,0.008992233412432755,0.004003839970200787,2.245902303628236
6652,0.0072847733264704475,0.004371450908704191,1.6664428993049907
6653,-0.001590843936885835,0.004718445166004452,-0.33715427029810136
6654,-0.0057639863167973735,0.004523618403744365,-1.2741981755194713
6655,0.005869751157867253,0.004328072500486196,1.3562044437120384
6656,0.003870138852357687,0.004582103018161911,0.844620654973876
6657,0.0032984450194103363,0.00454862694183785,0.7251518011010188
6658,0.0034589535437318307,0.004525388767838119,0.7643439538973028
6659,0.006566923835606926,0.004419919866755628,1.4857563108779328
6660,0.00385751757044787,0.004636863338409176,0.8319239298027952
6661,0.0025458684573923095,0.0046180229089959396,0.5512896985489052
6662,0.004787379236196775,0.004598623336015773,1.0410461754287839
6663,0.0047847128246430145,0.004479998965194501,1.068016502194724
6664,-0.0010330281398828014,0.004769663656903404,-0.21658301595074558
6665,-0.0007373673749725507,0.004767646326452352,-0.15466066995813266
6666,-0.004888132448207074,0.004440099540260482,-1.1009060503901018
6667,2.195715454043274e-05,0.004752777058162755,0.004619857879241774
6668,-0.002261063914408243,0.004592147204371037,-0.4923761834673001
6669,0.00456762624444737,0.004507001462299916,1.013451245280164
6670,0.0047373477601013415,0.004581575588975897,1.0339996946684151
6671,-0.003571966767642098,0.004519317752351362,-0.7903774338026209
6672,0.0006159971216465575,0.004721812315500155,0.13045777351726617
6673,0.0018590532840146092,0.004635172022075407,0.4010753592662165
6674,0.0022711516521954373,0.0046645861734356375,0.48689242041007286
6675,0.0016617089752135473,0.0046728306462707715,0.35561078519712697
6676,-0.0008175537606645021,0.004772441328171327,-0.1713072418174216
6677,-0.0010269322324728332,0.004706613600529259,-0.21818919495693348
6678,0.0032072897316926534,0.004667609023401368,0.6871376149143369
6679,-0.0015825318852631916,0.004668379498620329,-0.3389895542405851
6680,-0.0012394125909853332,0.004715315615042643,-0.2628482782852118
6681,-0.004557843962479872,0.004402297167861902,-1.0353330974004908
6682,-0.0008045610498913585,0.0047238663712147345,-0.17031833389572934
6683,0.005729156508973067,0.004421919374843752,1.2956266325356747
6684,0.0061202576337820586,0.004451338479405028,1.3749252414972724
6685,-0.0005155086991794516,0.004776442147586035,-0.10792734073833268
6686,-0.005015597430123175,0.004300581052568827,-1.166260411980203
6687,-0.004596574817119709,0.0043308620134138035,-1.0613533294025355
6688,0.009062357357336364,0.003924638346541442,2.3090936175870826
6689,-0.004769118476751664,0.004565683619975422,-1.0445573705296158
6690,-0.002890097216008231,0.004685444185790435,-0.6168245957924418
6691,0.003237392836955806,0.004571440940579318,0.7081777669308674
6692,0.0029806142678050966,0.0046659280960154835,0.6388041578159814
6693,-0.007665441067780164,0.004024087077533248,-1.9048894619047492
6694,0.007208826245059843,0.004460032897535661,1.616316832336146
6695,0.004850295267320672,0.004437682073857574,1.092979439850774
6696,-0.00433477417588005,0.004436189947734678,-0.9771389924576119
6697,-0.0026278548061402303,0.004575678400157244,-0.574309332152785
6698,0.0066299492058707965,0.004362471784051631,1.5197689599067743
6699,0.0036702414159675806,0.004549956572759673,0.806654164116885
6700,-0.000158085312359631,0.004753231571633468,-0.03325849161296055
6701,0.0029769433785214,0.004630856511242911,0.6428494105342935
6702,0.003594249405644717,0.004555034076452895,0.7890719027163982
6703,0.003541309915633062,0.004611714433674711,0.7678944493558487
6704,-0.0048513642611080965,0.004583833294547018,-1.0583640262134613
6705,-0.003229753255040823,0.004661479597622517,-0.6928601074834878
6706,0.005869525291683277,0.004422399948300025,1.3272262482590542
6707,0.0024008913313808707,0.004694118101218474,0.5114680286287769
6708,-0.002386368646210725,0.004617687806181125,-0.5167886497256029
6709,-0.0026503656160397214,0.004735032825131608,-0.5597354261141908
6710,-0.0029012543040696473,0.00466100894045778,-0.6224519929336805
6711,0.005353511209613046,0.004310437962311805,1.2419877646822255
6712,0.006200858542493805,0.004356436849992616,1.4233784985324223
6713,-0.003624804626163181,0.0045357145358324216,-0.7991694798089701
6714,0.0034468109082838533,0.004619248647326467,0.7461843194517797
6715,-0.0009951369440377499,0.004719621085429503,-0.21085102511935844
6716,0.0059314836300235286,0.004371055597931007,1.3569911196808233
6717,-0.003743598069288453,0.004677637252942104,-0.8003181663849273
6718,-0.004925410287915163,0.004393403822767552,-1.1210920931944932
6719,-0.004752704363687228,0.004460638124391932,-1.0654763357059165
6720,0.00596029444982798,0.004342106376340679,1.3726735213822727
6721,-0.006116928170569355,0.004171246112986745,-1.4664510328280391
6722,0.004383085091511514,0.004383427381985457,0.9999219125939328
6723,-0.004980522257228099,0.004470406447252056,-1.114109492278853
6724,-0.002030881379604974,0.0046683805587380885,-0.4350290971466864
6725,-0.002565392762124133,0.004648517537513683,-0.55187331045249
6726,0.005165494954221257,0.004364860756546406,1.1834272024540673
6727,-0.001185407426903241,0.00471356854059926,-0.25148831860468374
6728,-0.0013536957501276853,0.0047007609421688325,-0.2879737486720859
6729,0.002547609059247362,0.004662340991523927,0.5464227228078943
6730,0.0017541370000576163,0.004660261482741986,0.37640312814068194
6731,0.0047650412424014455,0.004624915938408445,1.0302979137046155
6732,-0.005012179058272427,0.0044978776716676164,-1.1143431245016786
6733,0.0020921621259878524,0.004697787261135703,0.44535054690451575
6734,-0.005104384915220738,0.0045562850908422384,-1.1202953312733075
6735,0.007526387509601637,0.004064012637483372,1.8519596716269884
6736,-0.0033778095258075033,0.004626753380230106,-0.7300604221181791
6737,0.007166070346896931,0.0040653769076173804,1.7627074954525663
6738,-0.003720182819497643,0.0045270466987725275,-0.8217681563802602
6739,-0.003143467236150381,0.0046250980210076785,-0.679654187191801
6740,-0.002679753066435414,0.0046262048831383655,-0.5792551636012929
6741,-0.0038066874597927937,0.004618245032531749,-0.8242714349233967
6742,0.0037366488860937756,0.004613851371048946,0.8098763019417027
6743,-0.005512257065343876,0.004504689590564112,-1.223670788968522
6744,-0.004234356297718278,0.004580660971100758,-0.9243985364629024
6745,-0.005093908758007527,0.0045070147316508295,-1.1302179072624707
6746,-0.0032178073520636973,0.00452890057591319,-0.7105051873246016
6747,-0.0031709227997485396,0.004524651248710425,-0.7008104327714291
6748,-0.0048356867594523244,0.004439666520713753,-1.089200447126129
6749,0.003690094382075757,0.004586488704394652,0.804557608206907
6750,-0.005578797344505114,0.004344429443485564,-1.28412658487767
6751,0.006915663988484351,0.004227377346634674,1.635923037244301
6752,-0.0031564497707110913,0.004658184874623261,-0.6776136747827929
6753,0.004646825184536744,0.004580441326789971,1.014492895555393
6754,-0.010339993032675047,0.003950969301929455,-2.6170775428767605
6755,-0.0066971488529835145,0.004321512343258912,-1.5497234118584287
6756,0.004644299683879553,0.004603327136867815,1.0089006376895508
6757,-0.004447575622369996,0.004618562704442172,-0.9629782915131327
6758,-0.005086969021469851,0.004341853097831565,-1.1716124214360033
6759,0.00034681652295268523,0.00473220673069832,0.07328854014404108
6760,0.007889058809730917,0.0042540431686211135,1.8544848975493686
6761,-0.007755894766636448,0.004090105322526691,-1.8962579579357115
6762,0.004427091192365589,0.004465359597261097,0.9914299388297909
6763,-0.0041097726601634155,0.004434914455504317,-0.9266858924556352
6764,0.0005065574356586084,0.004753623836170213,0.1065623728584127
6765,-3.0017028025903234e-05,0.00475136274295156,-0.006317561855371323
6766,-0.004360422381903129,0.00444888089564838,-0.9801166819656207
6767,-0.005463486462420112,0.0044094457149767,-1.2390415520625093
6768,0.005864798785513697,0.004235049219472293,1.3848242326318176
6769,-0.0026858132779060224,0.004611730915391452,-0.5823872483414496
6770,-0.009318299695603442,0.0039011899508997736,-2.3885788215603965
6771,0.0018821915672907294,0.004711556588255592,0.3994840202030965
6772,0.0017376962431026573,0.00464947567166171,0.3737402592928526
6773,0.0047707350897794945,0.0043225157589698495,1.1036940883048314
6774,-0.0030196432260782453,0.00453531793466138,-0.6658062939756616
6775,-0.005645461034203202,0.004605844355689735,-1.225716849773527
6776,0.002536206485237266,0.004700521438444945,0.539558540142795
6777,0.004402163116439772,0.004650040160460061,0.9466935692022571
6778,-0.0025521832116114475,0.004571853173829725,-0.5582382273824311
6779,0.0047361562759798675,0.004554066885608061,1.039983907778617
6780,-0.0068226691028836425,0.0041280092935266416,-1.6527746469908984
6781,-0.0033720052574081577,0.004571211040759934,-0.7376612515460638
6782,-0.004896072468107504,0.004542435223371329,-1.0778519070380292
6783,0.005688163780491694,0.00448960025716445,1.2669644188064608
6784,-0.005872109876908202,0.004374678523056601,-1.3422951757390713
6785,-0.005094308667723958,0.004640849013854217,-1.0977104948935072
6786,-0.0052754340438081766,0.004564575016059275,-1.1557338909422954
6787,-0.004328526338502981,0.004607789516788636,-0.9393932432746438
6788,-0.00215988340542929,0.004673281038878716,-0.46217708446387845
6789,0.00717466985327914,0.00426807348322911,1.6810089801572434
6790,-0.004662592129051889,0.004499353728631721,-1.036280410535717
6791,0.0016697800737970729,0.004758574827842854,0.3508991944451599
6792,0.003977786567902212,0.004569062006678277,0.8705915047964243
6793,-0.00011755468940053192,0.004756253901830531,-0.02471581455213921
6794,-0.005839273428879637,0.004425078419180566,-1.3195864289250159
6795,0.004593286264782664,0.004372434172743047,1.0505101010819942
6796,0.00038152108332277393,0.004743499949685425,0.0804302914239675
6797,0.006629741560926322,0.004336027196178157,1.528989847381465
6798,-0.001401097337118677,0.004675237251367909,-0.29968475647064446
6799,0.0039306536639177984,0.0044265015166827125,0.8879819986740883
6800,0.002745339448202311,0.004558430385873525,0.6022554291297412
6801,0.001509947340822124,0.004666961184589793,0.32353972555159405
6802,-0.000754582181099692,0.004740900034345925,-0.15916433074585964
6803,0.00325993928727593,0.004515673427405183,0.7219165291032065
6804,-0.001135877218568562,0.004719922982613791,-0.2406558799269936
6805,0.0035804867082501897,0.004639033276040206,0.77181742298396
6806,-0.005406918074457751,0.004517048034771063,-1.1970025629208942
6807,0.0004713885169376073,0.004770056278739786,0.09882242250234931
6808,0.0036033690253711457,0.004590148076880138,0.7850223925281964
6809,-0.0028533633978302863,0.004613400538033476,-0.6184946167814361
6810,0.004027494576993268,0.004439278061097225,0.9072408895237845
6811,0.005307260225242846,0.004525079870805217,1.17285448583661
6812,0.006389627608996611,0.004475671587708,1.4276354919661904
6813,-0.002566033615085733,0.004609750572456413,-0.5566534619937933
6814,-0.004179902890658913,0.004567355553434012,-0.9151691480458997
6815,0.004249323331857428,0.004516849303970753,0.940771552445165
6816,-0.003407276720637136,0.004755709964366273,-0.7164601597169048
6817,0.001948109643981844,0.004650234594855493,0.41892717544551794
6818,0.00036659818268561164,0.004760596372018959,0.07700677689046302
6819,-0.003249544054744029,0.004533867927323038,-0.7167266684503266
6820,-0.003076697442598807,0.004630284896491405,-0.6644725997163096
6821,-9.225620292396576e-05,0.004754988809133171,-0.01940198108285011
6822,-0.005090555833573309,0.0043623501420911506,-1.1669296750061158
6823,-0.00628338543560154,0.004198508550066822,-1.4965755959938525
6824,0.0064583708763367945,0.004282827820054795,1.5079688345384301
6825,0.0050202942197602055,0.004496110801682137,1.1165859653374102
6826,-0.00024180274957717022,0.0047393294366908315,-0.05102045612300914
6827,-0.003574599349922851,0.004513730368827732,-0.7919390521439622
6828,-0.005453270451364805,0.004606225533394576,-1.183891325300782
6829,0.0006685126934611084,0.004744169301685575,0.14091248666517653
6830,-0.0038110193406172576,0.00448876901493665,-0.8490121295918459
6831,-0.0011440350378825023,0.004723983467344879,-0.2421759190714333
6832,-0.004947957716086216,0.00430663888136971,-1.148914002864465
6833,0.003168266736339501,0.004648077091554931,0.6816295586181025
6834,-0.0036552482476110283,0.004538843112663147,-0.8053259733549871
6835,-0.0014284662963694324,0.00473930365424377,-0.3014084769795926
6836,-0.002928243499852162,0.004605989742132085,-0.6357468565478601
6837,-0.004699859775223617,0.004677604426122638,-1.0047578518988676
6838,0.0054668773222673155,0.004536293704975659,1.205141835563015
6839,-0.0006574146241123596,0.0047368021521653775,-0.13878870237631302
6840,0.003204354080670627,0.00455280845456728,0.7038192167860889
6841,-0.003307095827214825,0.004601250504386991,-0.7187384873007296
6842,-0.00015627863049315826,0.004756778990123385,-0.03285387671313789
6843,0.0003336365063691347,0.004765258156820119,0.0700143613188361
6844,0.0004698533661816088,0.004766593770037675,0.0985721437255802
6845,0.005155855822769115,0.004523145749150562,1.1398827516750647
6846,0.0024164346159681865,0.004708771607804776,0.513177282152091
6847,0.0034596841127413317,0.0044965380082786595,0.7694106235445232
6848,0.002500235294796326,0.004609095659938934,0.5424568026495358
6849,0.004397629614356711,0.004523137291237634,0.9722520744342514
6850,-0.004867466422628896,0.0043300383575722206,-1.1241162365494615
6851,-0.0037519715830868867,0.0045838850124900925,-0.8185134602773799
6852,0.004566857453718982,0.004521327157031988,1.01007011771227
6853,-0.0037678204373206127,0.004488044151346719,-0.8395239240661235
6854,0.006171906250064361,0.0043234617192382295,1.4275380819497154
6855,0.0003899211263036023,0.004761796879708601,0.0818852916564269
6856,0.0038761982145505535,0.004648370066237675,0.8338833094861343
6857,0.0037592345738441347,0.004571867075304411,0.8222536902155739
6858,-0.003518874219763879,0.0046025955109717425,-0.7645412705451802
6859,-0.0034536858601320174,0.004591678589524586,-0.7521619365979197
6860,-0.00345629658279281,0.004551389419126369,-0.7593937289277786
6861,0.0030959409686651665,0.004674408074658805,0.6623172216069616
6862,0.005579672012893232,0.004518202707741247,1.2349317580048633
6863,-0.003950376856052631,0.004575962594189617,-0.8632887124271228
6864,-0.0004496422707359901,0.004739314030106707,-0.09487496879920115
6865,8.758068918861411e-05,0.00474990022301075,0.01843842714091805
6866,0.004016775564844415,0.004458106429304248,0.9010048612660176
6867,0.007873478794444047,0.0042039513006236606,1.8728758330944528
6868,-0.0021641995621009893,0.004730681570650276,-0.45748155520082917
6869,0.0001311685366437692,0.004750421772705954,0.027611976982214875
6870,0.004407507705841943,0.004468815637603675,0.9862809440501763
6871,-0.006364655122339268,0.004405530775670723,-1.4446965522265083
6872,-0.00184816238819034,0.004654523821618525,-0.397067983540296
6873,0.005106469745266753,0.004493434798061983,1.1364290291847945
6874,0.007632013472685999,0.004323164340004039,1.7653766714496144
6875,0.004702644128304507,0.00444840187336992,1.057153616550832
6876,0.001116654397605622,0.004719720084189825,0.23659335250541746
6877,0.003967706115956665,0.004565732888553395,0.8690184495689566
6878,0.0034266771969108456,0.0045549706222369184,0.7522940280190051
6879,-0.0013798510824805132,0.004720897777213275,-0.29228573623024584
6880,0.006127315841337305,0.004437366378489333,1.3808451497357093
6881,-0.0057642341697076655,0.004359582456695661,-1.3221986800260357
6882,0.0007285057497531838,0.004723516558488984,0.15422953232670092
6883,-0.0011744373522834953,0.0046761426812905755,-0.2511551576435988
6884,0.004156430613127241,0.0046201024318599905,0.8996403595869883
6885,-0.0019635329026088943,0.004676847760718522,-0.4198410987633323
6886,0.0027027672091081575,0.0045792354360670385,0.5902223737658441
6887,0.003224384189791334,0.004635926697590973,0.695520960559377
6888,0.0034088493875004387,0.00460453415700624,0.740324486965429
6889,0.0010668356753092282,0.004706398725652537,0.22667770783940805
6890,0.008845444788778713,0.003976151462102535,2.224624708863923
6891,0.0014394391612377673,0.00468091351194465,0.30751244550121226
6892,0.003102103103184374,0.004742829299705275,0.6540617228996924
6893,0.0008413977087241428,0.004751077552227088,0.17709618491277498
6894,-0.006909304626048293,0.00417367730045521,-1.6554477331763806
6895,0.003412015265800039,0.004606771270130435,0.7406521977600663
6896,0.007765857997987123,0.004162874807298801,1.865503614082072
6897,0.007656995240711689,0.004244230762762353,1.8040949393920658
6898,0.003617285775800573,0.00448778009391337,0.8060300861681212
6899,0.002568444747029836,0.004627494666276996,0.5550400232219506
6900,-0.0073909716304061315,0.004285830152575381,-1.724513423838052
6901,0.0024413938321174973,0.004656076592199364,0.5243457197864244
6902,0.005218489839901715,0.004454751715697119,1.1714434772006321
6903,0.0036074723437583877,0.004606946575703356,0.7830506137804787
6904,0.005039191677374315,0.004373307205739375,1.15226107847193
6905,0.005893650751321791,0.004291290895243118,1.3733980974943654
6906,0.008197627360901696,0.004175319254527353,1.9633534254926501
6907,-0.0025934835406853894,0.00464361548452213,-0.5585052313934822
6908,-0.0008812951257236301,0.004758253030826224,-0.18521401027103468
6909,-0.005117698687113787,0.004455749793451942,-1.14856060693413
6910,-0.0025241818689836926,0.004641061575534679,-0.543880279953599
6911,-0.002188446712515691,0.004628147714085311,-0.47285584810860065
6912,-0.0055473682700595195,0.004267352876124621,-1.299955366029476
6913,0.006958660582919665,0.004412494386760035,1.5770355660507038
6914,0.0019173549217281303,0.004697757094707785,0.40814262701835063
6915,0.00437273367571368,0.004508358291862512,0.9699170723867195
6916,0.004826541199569922,0.004420757681357221,1.0917904910110616
6917,0.004911740114747245,0.004326234249466068,1.135338456384658
6918,0.002235939433772636,0.004658784142929945,0.47994055212148906
6919,0.0008945180266080518,0.004727235077244236,0.1892264742479266
6920,-0.005000264574923013,0.004524348295959481,-1.105190018060403
6921,0.005497177733584613,0.004332006024600412,1.268968164487185
6922,0.002199956068500145,0.004643197239416612,0.4738019849392733
6923,-0.005218001801997773,0.00451171570532488,-1.1565449028269468
6924,0.002557351510190655,0.004614576905307094,0.5541898125588758
6925,0.005819834546449764,0.004460510624677479,1.3047462580297233
6926,-0.004847056218840645,0.004462076091339153,-1.086278252459373
6927,0.0022481746469530804,0.004688946204378342,0.47946266580192987
6928,-0.0012589627749086205,0.004693439288982385,-0.26823885372587497
6929,0.005565890810098836,0.004348241310413122,1.2800326414198078
6930,-0.007499448829730834,0.004363771216507217,-1.7185705798145456
6931,-0.0031126045802748296,0.004635606518690036,-0.6714557345894864
6932,0.002588591219099241,0.00470146040243971,0.5505930067508287
6933,0.006113775796604048,0.0043763462355215985,1.3970045941475588
6934,4.849461986055102e-05,0.004751579681824988,0.010205999500765017
6935,-0.006597116633887539,0.004394082955274127,-1.5013636977356462
6936,-0.0025885777704157584,0.00461607518229686,-0.560774612238386
6937,-0.0019041521724210773,0.004670636077645232,-0.40768583566910715
6938,0.005885306143623361,0.004414149936072266,1.3332818841355756
6939,-0.002368029244528526,0.00464439799375448,-0.5098678553631527
6940,-0.0023369865853526198,0.0046743356478468525,-0.4999612268813238
6941,0.001684093180937425,0.00470555819590571,0.35789445392530655
6942,0.0042581124351932995,0.004478079781480211,0.9508790917043014
6943,-0.0039142708285097045,0.0045173057387389946,-0.8665056241250504
6944,-7.34017861357114e-05,0.004753531928137224,-0.015441525847597599
6945,0.003681302899402719,0.004530781758548788,0.8125094289648245
6946,-0.0009947071685323947,0.0047739733717946445,-0.2083604350223809
6947,0.0012260142285409976,0.004670806109398157,0.2624845047783352
6948,-0.002763795453571607,0.0045597763653364275,-0.6061252202152001
6949,0.003394862022614532,0.00464933990585276,0.7301815077751048
6950,0.00352893664180266,0.004502794651241543,0.7837214252774409
6951,0.004574737623949217,0.004298788266279891,1.0641923585383115
6952,-0.00019137788403347143,0.004755010676521003,-0.04024762446453491
6953,0.0024632586121658253,0.00471554977352278,0.5223693377168264
6954,-0.002140520873603564,0.004714355888624958,-0.45404312363610977
6955,-0.003942533094892152,0.004612370395052063,-0.8547737404440715
6956,0.004289229588001654,0.0044881461062407126,0.9556795804926075
6957,0.005217778993036947,0.004635258407992103,1.1256716527476576
6958,0.006041673747939019,0.004405110108927616,1.3715148086070903
6959,0.005517043394121011,0.004625580142689524,1.1927246364632544
6960,-0.005248561020798226,0.004490860976317038,-1.1687204410194365
6961,-0.007245128244679134,0.004233093696697034,-1.711544502388952
6962,0.0012729373289222926,0.004679353801571351,0.27203271710184296
6963,-0.00015108347145799674,0.004748305546827203,-0.031818397103562567
6964,0.00717074908358903,0.0043397350692360075,1.6523471984319567
6965,0.0010952010603378524,0.0047236005449083586,0.2318572559058548
6966,-0.004083812333121518,0.004347648579447783,-0.9393151857826154
6967,0.001284973666782868,0.004712858046270687,0.2726527415353992
6968,-0.005365436610558928,0.004337731286338508,-1.2369223117755435
6969,-0.0029569698098223054,0.004615935109338886,-0.6406003853563303
6970,0.001929408481585483,0.004644282796836943,0.41543733790275106
6971,-0.006339125711471401,0.0044510404039637096,-1.4241896581811135
6972,-0.00038665983157372896,0.004742211739378395,-0.08153575859192065
6973,0.004180357980958847,0.004654577975980381,0.8981175098003058
6974,0.003917373891282269,0.004532604534595231,0.8642655368194607
6975,-0.0007486047648224912,0.00471474688133249,-0.15877941778518537
6976,0.005484080440122546,0.004484160520839736,1.2229893231153905
6977,0.0066465803119783555,0.004344662742694305,1.5298265263868411
6978,-0.0022953827218306923,0.004655908345290774,-0.4930042757719578
6979,0.0033313927229841928,0.004654502830623559,0.7157354596640968
6980,-0.0037973133518915867,0.00463559656937162,-0.8191638972600096
6981,-0.0018101962942999165,0.004668408372279252,-0.38775448717142247
6982,-0.0051604765475123295,0.004583702967544232,-1.1258313603765453
6983,0.0026757472448570426,0.004694176057811324,0.5700142499777947
6984,0.006792540043528275,0.004101247340596112,1.6562132150120423
6985,-0.005217827424569032,0.004443169981352466,-1.1743479197212183
6986,0.003969026419731492,0.004512562715791805,0.8795504172921085
6987,0.003198406293566481,0.004718835737760897,0.6777956409824376
6988,0.004496999572081362,0.00445974741216887,1.008352975285292
6989,0.004311061453855632,0.0046415670583802,0.9287943919871089
6990,-0.004383027985351157,0.00445040108743239,-0.9848613415380717
6991,-0.005612123704733493,0.004512828054846022,-1.2435935153139752
6992,0.005537214620273552,0.004382522193535345,1.2634766866535194
6993,-0.003604096718784074,0.004559753238447484,-0.7904148602592377
6994,-0.0025037651009568976,0.004665088259716324,-0.5367026220226639
6995,0.005134867014611748,0.004349360775259516,1.180602686220106
6996,0.0018408780345132505,0.004680000216830303,0.39334998915022507
6997,0.003927887319066589,0.004571213305757646,0.8592658133277746
6998,0.0011078968840461789,0.00473578134134801,0.2339417308762028
6999,-0.006197309862593907,0.0044436409254899265,-1.3946468597506294
7000,-0.002275736977348719,0.004651173787141198,-0.48928229335147677
7001,0.0016179644995347351,0.004745076023846153,0.34097757157182135
7002,0.0038324161788167634,0.00448353053859744,0.8547764191242998
7003,0.000636748483324357,0.004772093925707711,0.13343167448866294
7004,-0.00048601367431194285,0.0047689041706065515,-0.1019130720444163
7005,-0.0014918871008188848,0.004713738548606368,-0.3164976346131811
7006,0.004798584873543798,0.004594146825953903,1.044499676509021
7007,-0.006042762255167756,0.004375112584504614,-1.3811672587739743
7008,-0.004146597874561145,0.004620379955459824,-0.8974581992247588
7009,-0.00014169210576616767,0.004744913838669229,-0.02986189224584677
7010,0.0020659468562413165,0.004644226276911458,0.4448419893991965
7011,0.006970335899444783,0.004217721979321431,1.6526304800598086
7012,0.006198273529044362,0.00428990265924439,1.4448517883471292
7013,0.002267662837454268,0.004690530880822204,0.4834554755253565
7014,0.0011525404807382642,0.004743173605795821,0.24298930980091926
7015,-0.0036059927585510273,0.00461857257587644,-0.780759141338542
7016,-0.003308233412756033,0.004655115704100923,-0.710666205319375
7017,0.00297022838332222,0.004597585298692619,0.6460409520116661
7018,-0.00341872407572265,0.004644586801673714,-0.7360663545981496
7019,-0.00016451139462648128,0.0047565208065327375,-0.034586497424869196
7020,-0.0036466409232905716,0.004565503655708312,-0.7987379264785226
7021,0.0015673208476873611,0.0047580364620536395,0.3294049678238241
7022,0.0009903560582607642,0.0047672021626374746,0.2077436669295446
7023,0.004283895622569381,0.004505492329165745,0.9508163169734226
7024,-0.009791892351189595,0.0040367181036016645,-2.4257062544082566
7025,-0.005014966958415075,0.004501650435981534,-1.1140285168147708
7026,0.003987617328287339,0.004506027155732104,0.8849519078496236
7027,0.0013916379057083016,0.004648255983201977,0.2993892571186805
7028,0.004804855974491358,0.004347625526126215,1.1051678544109895
7029,0.004340273931535876,0.004584084120858431,0.9468137619435966
7030,0.004394745619248122,0.004487852651883073,0.9792535451011556
7031,-0.005075851038725392,0.004469944292814197,-1.1355512968886972
7032,0.0066769852271283256,0.004525745793095403,1.4753336869505376
7033,0.0015079945937897098,0.0046518772916837,0.3241690395586308
7034,0.006026258508258495,0.004422581744585021,1.3626109942765907
7035,0.0012746767898722871,0.0046795036400247144,0.2723957256854607
7036,0.0009995094215791268,0.004739763563899043,0.21087748536488315
7037,0.0036504642985834353,0.00456085911883718,0.8003896203472612
7038,-0.003962566782987897,0.0046188669052301045,-0.8579088474060474
7039,0.005780340919533454,0.004492253559012085,1.2867352306811104
7040,0.006618907057667719,0.004347284187242066,1.52253838778062
7041,-0.001843341629036734,0.0047014416444141815,-0.39208008276074685
7042,0.007631097317314402,0.004303222287666565,1.7733449046278267
7043,0.007065958348306936,0.004049989048878183,1.744685791252733
7044,0.005922659462479024,0.004373272939627528,1.354285347436709
7045,0.0003639832379195551,0.004746599767203535,0.07668294268973015
7046,0.006166001121190351,0.004393546816395715,1.4034221959762079
7047,0.004617908840729305,0.004595948345077807,1.0047782294322383
7048,-0.00324331662330256,0.004596600633200104,-0.705590257260309
7049,-0.0018239149894666686,0.004635470630359752,-0.39346921486699554
7050,0.00024902050677763496,0.004745987678975558,0.05246969095195526
7051,-0.0036983657845865376,0.004508446337539697,-0.8203193534304707
7052,0.004768437810406799,0.004621649728470614,1.0317609707702275
7053,0.00278889427544662,0.004730526486645424,0.5895526181535703
7054,0.0014675533592188304,0.004699699858122115,0.3122653368347716
7055,0.0006664077423208177,0.0047702587891903445,0.13970054283657157
7056,-0.003939933944999604,0.0045297313594903675,-0.8697941737195822
7057,0.0025631014370212854,0.00458182091017851,0.5594067265543615
7058,0.0031660966246045514,0.00463787714122969,0.682660736408617
7059,0.003891150423439897,0.004593599357487526,0.8470809316657877
7060,-0.0053913143267791,0.004500473399834075,-1.1979438267489524
7061,-0.004390899979600475,0.004485156798823947,-0.978984721504455
7062,0.0029613646995997906,0.004592453442541858,0.6448328190259708
7063,-0.007258623336085636,0.004207444337391744,-1.7251858263644582
7064,-0.0045233257063506,0.004644313201583847,-0.9739493246941258
7065,-0.005529501418986374,0.004534386470147329,-1.219459667893441
7066,-0.0002333781403738575,0.004739050006957115,-0.04924576445305473
7067,0.0028836482783973685,0.004567224381844158,0.6313787187379234
7068,-0.004396462302815928,0.004610336325134135,-0.9536098871676169
7069,0.004077392015567563,0.004560807706457597,0.8940065615558465
7070,0.005564042905043171,0.004494806361794366,1.2378826710617088
7071,0.00449357945225445,0.004500059356533042,0.9985600402649836
7072,0.0058147661229712875,0.004488179041857582,1.295573565301587
7073,0.0011622885866797873,0.0047027130828865065,0.24715277462055565
7074,0.00804467769186114,0.004301561107368467,1.870176312985722
7075,0.005417760759425334,0.0043915525061424135,1.2336777829361198
7076,-0.004554491853298644,0.004547762738254016,-1.0014796539379738
7077,-0.004780068991882961,0.004493605798968096,-1.0637490705082873
7078,-0.002585041069517728,0.0046702564809635,-0.5535115855102715
7079,-0.0033814556143157335,0.004655501495839162,-0.7263354157093275
7080,-0.0009642926912084662,0.004699819003458998,-0.20517655903317997
7081,0.00016403961404952156,0.004745719106175803,0.03456580770573841
7082,0.0003988116625276978,0.004747629585574155,0.0840022700464041
7083,0.0033960891694673864,0.004594211679609376,0.7392104252706397
7084,0.005265405975901364,0.004651205558997727,1.1320518753929227
7085,-0.0006559864791960146,0.004771777566219983,-0.1374721411659726
7086,0.005573386116358319,0.004484232867023198,1.242885077923739
7087,-0.004235086875513089,0.0045704955423599095,-0.9266143761134407
7088,0.0016493895725524911,0.004712298132335681,0.3500180859174461
7089,0.0023186254833761676,0.004639440759832964,0.499764002474222
7090,0.0018810694364302198,0.004684291435962856,0.4015696850090554
7091,0.0031141486896914725,0.0046355525718213345,0.6717966502250036
7092,0.006043895033820343,0.004361340506218593,1.385788388960387
7093,0.006574236089155227,0.004239565553757808,1.5506862686267575
7094,0.003046103426544792,0.004604736960383779,0.6615151859382031
7095,-0.001262687918439892,0.004677222654007692,-0.2699653216974724
7096,-0.0030394453934746717,0.004631671344559143,-0.656230800366509
7097,0.00082721561108381,0.004771636734387538,0.17336097803136455
7098,0.0018477649160217433,0.004662512426788402,0.396302410993145
7099,0.0005966036682441016,0.004726361559350915,0.12622895238806803
7100,-0.0026639422231815044,0.0046982887808202315,-0.5670026572347967
7101,-0.00373832451449081,0.0045556373434538925,-0.820593087784413
7102,-0.002563182656081771,0.004686590949910587,-0.5469183642175285
7103,-0.0013759783927255079,0.004711372840090604,-0.29205465995322216
7104,-0.0024630070727337523,0.004701850797255454,-0.5238377777047816
7105,-0.0021365259386987292,0.004611154423296829,-0.4633386225159601
7106,0.005186494702122599,0.004406332237737982,1.1770548434144217
7107,-0.0024639513091467653,0.004580387254120164,-0.5379351509919569
7108,0.0003042740619757028,0.004739506649187416,0.06419952212280793
7109,-0.0030282764773760223,0.0045636250132302485,-0.6635682091751294
7110,-0.005038156448491316,0.004480255762178691,-1.1245242941312186
7111,0.0024066587551244607,0.004811277047406827,0.500212050025595
7112,0.004608590877290713,0.0044980322986337305,1.0245793207600054
7113,-0.0012911758550395297,0.004677379051566825,-0.2760468717212501
7114,0.002741485373028266,0.004610889299735,0.5945675974449932
7115,0.0014645322809016307,0.004722024787444078,0.3101492149714758
7116,0.0026118084446330853,0.004647432874662362,0.5619894929247008
7117,0.001982731531249977,0.004619300689700412,0.4292276395149692
7118,0.004970235300400218,0.0043951329409661205,1.1308498211905464
7119,-0.005596713049609896,0.0043731798422653465,-1.2797811321454249
7120,-0.003914599939614162,0.004549851671296657,-0.8603796832125178
7121,-0.006728130443558207,0.004268577259806659,-1.5761997579172202
7122,0.0014144975691915693,0.004696156988401631,0.3012032120487103
7123,-0.0034195898645133145,0.004672573579728269,-0.731842914009752
7124,-0.004792608283149834,0.004492719534409173,-1.0667499376366252
7125,-0.005337767734732068,0.004391672047506826,-1.2154294940493895
7126,-0.0014947400993331633,0.0046728037058491045,-0.3198807810955438
7127,0.0015791588784708022,0.004729458432304771,0.3338984581583991
7128,0.006369774642888435,0.004409743796414318,1.4444772614835064
7129,0.0006363579102767592,0.00473061689750674,0.1345190118041793
7130,0.005962122270984817,0.0042860713445724025,1.391045969996476
7131,0.0034667445776510888,0.004671317602264668,0.7421342055548527
7132,0.001433180479490141,0.004700995812543271,0.3048674231247146
7133,0.0022700147889359173,0.004641672858472051,0.4890510077186186
7134,0.0022387820226365982,0.004633756009925488,0.4831462894984405
7135,-0.002075428573637433,0.004651789899564772,-0.4461569886962463
7136,-0.005068952981463187,0.004464750186789636,-1.135327346300645
7137,0.001570752432256826,0.004795764070478743,0.32752912970133324
7138,-0.0052486445174178085,0.00441861230235715,-1.1878490707632055
7139,-0.0060189454113663155,0.004342531537647826,-1.3860452962021632
7140,0.0019096875804287584,0.004668635031803616,0.40904623458882716
7141,0.0044855545206699795,0.004693763386230263,0.9556413801830979
7142,0.0015737743994505902,0.004681392058953833,0.3361765858598665
7143,-0.0015064503109301346,0.00469974351216001,-0.3205388351582122
7144,0.004834971375040929,0.0044669581926988075,1.082385633907126
7145,-0.004453827868321035,0.00439569443561795,-1.0132250850359468
7146,0.0026752008374648912,0.004676542879188978,0.572046682041507
7147,0.0007902858072448501,0.004725481118138626,0.16723922654380322
7148,-0.0016566669988324193,0.004682262155108491,-0.3538176513728402
7149,0.005107961133255759,0.004377853147232497,1.1667730646663665
7150,0.0049067065934543476,0.004482431741174956,1.0946528306013152
7151,0.0031054237351266526,0.004652793178013473,0.6674321458776994
7152,0.001485519708477444,0.004785332245436563,0.3104318848276586
7153,0.0024615246593508197,0.0048127398431829504,0.5114601535833001
7154,-0.001160048095669293,0.0047315382984909424,-0.2451735614270044
7155,-0.00316165934801977,0.004610124673489113,-0.6858077756988098
7156,0.0026818667106949905,0.004659027850924205,0.5756279628513044
7157,-0.004376341558893899,0.004564522292126566,-0.9587731812467509
7158,-0.00012334465871934367,0.0047529241671439475,-0.02595132057271219
7159,-0.004959813361828018,0.004545588567754251,-1.0911267678320509
7160,-0.004846885914385817,0.004449923701386116,-1.0892065211985658
7161,-0.002302715492413347,0.004629440361565162,-0.4974068813006211
7162,0.0009814474577978924,0.004778947744687211,0.20536894526393898
7163,-0.009156515360288513,0.003973245842688172,-2.304542865662072
7164,-0.0015569460876403423,0.004675666439123018,-0.3329891274135389
7165,-0.0021288029490890356,0.0046364833645536575,-0.45914172050393415
7166,-0.001793648838443231,0.004706519922383821,-0.38109874557478973
7167,0.005355524950586332,0.004270152502214704,1.2541765072345081
7168,0.0035018390606445906,0.004655685884119169,0.752163944863544
7169,0.005268757755760456,0.004548160790156031,1.158437003186887
7170,0.002223343020831888,0.004629127216201167,0.48029421465250755
7171,-0.007208461281085962,0.00425489716765987,-1.69415640309129
7172,0.004575717498467054,0.004539221600421669,1.0080401225712343
7173,-0.0016536882657874556,0.004663499211194141,-0.3546024542725312
7174,0.004898231577945824,0.004528618590684792,1.0816171598158681
7175,-0.0023287229953167544,0.004648707394326397,-0.5009398952833402
7176,-0.00632902276536897,0.004199810553277794,-1.5069781565336098
7177,-0.0021020913279257724,0.0046688779660783225,-0.45023479799611216
7178,0.005337210484065717,0.004595694977591003,1.1613500265118566
7179,0.005055125636452444,0.00438565603363673,1.1526498197033863
7180,-0.005169374136909282,0.004576352105669836,-1.129584004365557
7181,-0.00123049832620532,0.004756405780993888,-0.2587033955602076
7182,-0.003024762488532346,0.0046085684914843545,-0.6563344982550346
7183,-0.006391027029914764,0.004423228733758335,-1.4448782585304891
7184,0.0033048489627534178,0.004611066251002513,0.7167212056506227
7185,-0.0058786087162852755,0.004303660649278229,-1.3659554494082107
7186,-0.0016801144892034609,0.004673232569229423,-0.3595186980990543
7187,-0.004234279735532827,0.004574539448264271,-0.9256188045639109
7188,-0.0034015147302058875,0.004704453102745125,-0.7230414791936279
7189,0.004421827754254112,0.004625361924277,0.9559960553671261
7190,-0.005307089063772954,0.00440936551963236,-1.2035947213138827
7191,0.007262904704556168,0.004030254167005727,1.8020959481947847
7192,-0.004571245124348326,0.004489766873222716,-1.018147546058917
7193,-0.0024479062163459083,0.004634409811422511,-0.528202363613272
7194,-0.0048202365637916265,0.004491312864109965,-1.0732355348277087
7195,0.006361685770778909,0.0044453919986849515,1.4310741938305647
7196,-0.003864854902895911,0.004639456461136201,-0.8330404510250343
7197,-0.0018521614656115287,0.004688220322513362,-0.3950670698467904
7198,-0.0006604719792039996,0.004754132638810125,-0.13892586290341785
7199,0.0029256554550646215,0.0045395350578859815,0.644483502772434
7200,0.006687692388242948,0.004202801024953443,1.5912464921693579
7201,-0.0027015028902370296,0.004712532104341498,-0.5732593074004154
7202,0.0013601293499423137,0.004698255339857236,0.2894966858024458
7203,-0.00588865857684968,0.0045026543562779325,-1.3078193685107715
7204,0.0017743442456406638,0.004693899343825399,0.37801071468963837
7205,-0.0025757899548273576,0.004625246304731395,-0.5568979001599231
7206,-0.0060878767812959575,0.00448139924122114,-1.358476773347484
7207,-0.003046905856437966,0.004675507953924272,-0.6516737617525858
7208,-0.0024996168832764724,0.004636624101008827,-0.5391027671905969
7209,0.006636928380544684,0.004292644172901248,1.5461165922958426
7210,-0.0009150540939739532,0.004721507904142884,-0.1938054775193831
7211,0.0029935547129802077,0.004623645985657034,0.6474446188714456
7212,0.0027994866667317396,0.0046766209942200165,0.5986131162203894
7213,0.008026059087424146,0.003982758271694936,2.0152011595743944
7214,-0.0013605414628944372,0.004690898983592464,-0.29003853369114424
7215,0.005131958989741053,0.004383873075307812,1.1706449757058066
7216,-0.0004390330677598308,0.004730909169358019,-0.09280099279932007
7217,-0.006855931869666531,0.004345467802244786,-1.5777200940540594
7218,-0.004565986492844048,0.004352452897276407,-1.0490605184265775
7219,-0.0035298274653231165,0.0046321424740014905,-0.7620291226219267
7220,-0.002185728776363151,0.004769785142237284,-0.4582447031016427
7221,-0.005039241888105966,0.004390615699561514,-1.1477301209962942
7222,-0.001402726274649793,0.0047136674813020385,-0.29758702331338893
7223,-0.0022150779158297026,0.004614169409393647,-0.4800599456361938
7224,0.0014240707335924773,0.004693403545485267,0.3034196228368933
7225,0.0068104647884913065,0.004192935587617438,1.624271264410535
7226,-0.005934183091039297,0.004208926911687925,-1.4099040481222054
7227,-0.004481214426926014,0.004617683169226592,-0.9704464907401963
7228,-0.003695595619110841,0.004413247333459774,-0.8373869261965138
7229,0.006589779417642571,0.004159892596723187,1.5841224898050121
7230,-0.003706115697363556,0.004522624357651667,-0.8194613136714108
7231,-0.006440400878397829,0.0043472090830008695,-1.4815024433911133
7232,-0.0025864106192453424,0.004709444226340094,-0.5491965707502072
7233,0.004204805258770247,0.004563107419748839,0.9214784733254617
7234,-0.0015436370423814955,0.0046885676050033055,-0.3292342507196091
7235,-0.005890137614807926,0.00450717898892942,-1.3068346363158294
7236,-0.0007257081899515094,0.004735239926792264,-0.15325689958082378
7237,-0.005500521947782881,0.00446041283690486,-1.2331867360510438
7238,-0.0013800584862272937,0.004726116727625124,-0.2920068558951513
7239,-0.0006530140599903737,0.004774292706060525,-0.13677713123064963
7240,0.0026149174815407084,0.004582097660989874,0.5706813069051447
7241,-0.0011182059652507963,0.004724596420912608,-0.236677562617042
7242,-0.005307432431022809,0.004541771282505578,-1.1685820577241477
7243,-0.004732164007006456,0.004439275081938081,-1.0659767461268714
7244,0.007955447706153017,0.004149069871834324,1.9174050936471394
7245,-0.0006430304206103476,0.004729672107397257,-0.13595665957575395
7246,-0.0068649161349506865,0.0041649363723717326,-1.6482643481637258
7247,-0.007992450438291537,0.004216944671829075,-1.8953178332370335
7248,-0.005079615132864649,0.004493761528626287,-1.1303704258684715
7249,-0.0035727536766951727,0.004586635683233766,-0.778948650697331
7250,0.007228234615196112,0.004148698327978101,1.7422897602484502
7251,0.0026675138248273894,0.004610629097707432,0.5785574524209227
7252,0.0019730970481564736,0.004691444104294706,0.4205734959839411
7253,0.002805655785472655,0.004548124033632899,0.6168819857869147
7254,0.006595510962325274,0.004466613921907142,1.4766243686244414
7255,0.0036383088397467372,0.0045516409983347205,0.7993400272732102
7256,-0.005548592270147667,0.0043817949782700575,-1.2662829497189902
7257,-0.0035553432082530818,0.004583950935040686,-0.7756067328459582
7258,0.0005162100364151473,0.0047325066723958925,0.10907750842193938
7259,-0.00546225193787866,0.00427899371249351,-1.276527217586311
7260,0.004184287891243112,0.004552772658258623,0.9190636575390849
7261,-0.0026110258091939266,0.004616683040504298,-0.5655631513548122
7262,0.003241618465446222,0.004605853094584392,0.7038041376651263
7263,0.007687311222232146,0.004387716094634755,1.7520074354017792
7264,0.003906573821965434,0.004692370356967255,0.8325374010951488
7265,0.0015589998848265054,0.004695519661246336,0.33201860439291586
7266,-0.006803005303528887,0.004405945061914932,-1.5440513233662823
7267,-0.004276947039750034,0.004572784069825512,-0.9353048327762464
7268,-0.0036912387589329875,0.004530205642992192,-0.8148060043682546
7269,-0.003161259553371771,0.004479643221197784,-0.705694493349964
7270,0.003273202995136628,0.004657499440274374,0.7027811891575456
7271,0.0002263040030955904,0.004744489833975001,0.0476982796917471
7272,-0.0025223103572720833,0.0046508464614159984,-0.5423336113538652
7273,-0.009121759818117274,0.003960390336847852,-2.303247670626692
7274,0.002335733504585683,0.004645813106319159,0.5027609701752007
7275,0.001989233392167013,0.004657641873033134,0.4270902414555095
7276,0.0037715426911705302,0.004662533561618747,0.8089041379170511
7277,0.0033150715397051575,0.00453458048769388,0.7310646593883882
7278,0.004388359060973135,0.0045453318011098275,0.9654650645969641
7279,-0.006297386045323787,0.004409066987616621,-1.4282808728038676
7280,-0.004122632476250396,0.004523425167751862,-0.9113961927879842
7281,0.0008265533722986628,0.00474237704311884,0.17429094413696747
7282,-0.0013061724619336543,0.004726460716183572,-0.2763531827232315
7283,4.746809684704284e-05,0.00475376269155187,0.009985373677024427
7284,0.000923915906719068,0.004726053285830885,0.19549417893552903
7285,-0.001653851119522588,0.004672799254056465,-0.35393155785301006
7286,-0.003512138048290974,0.004455533222114155,-0.7882643610105236
7287,0.00028985146685273956,0.004768471361536423,0.060784986398523345
7288,-0.003908602822554409,0.004534858705052797,-0.8619017871933682
7289,-0.007154448583265594,0.004066493084338282,-1.7593657323112841
7290,0.004778989816403601,0.004337642645104917,1.1017481630942443
7291,0.00501486418624115,0.004552561912640215,1.1015477180699838
7292,0.003571485332025842,0.004640244548019131,0.7696761011336072
7293,-0.0035765918923499314,0.004581472632638418,-0.7806642490605064
7294,-0.004968785821034295,0.004484150153693525,-1.10807748418986
7295,0.0054812891419554885,0.004550914879445452,1.2044367533025373
7296,0.00549418574832516,0.004487718850610455,1.2242713795624245
7297,-0.0013441393233512911,0.004699381936621304,-0.2860247031373836
7298,-0.00031833677734519,0.004745224256742353,-0.06708571821297474
7299,-0.0028860915741292315,0.004626032342965325,-0.6238805438786066
7300,0.005362989709902071,0.004561286883157884,1.1757624212816777
7301,0.003478855014861516,0.004771323182375654,0.7291174548208628
7302,0.010213488336990543,0.003733264465970889,2.7358062709158695
7303,0.0026444661801338057,0.00472708411922227,0.5594286273392761
7304,0.0009351091000398441,0.004716374575646016,0.1982686245635525
7305,0.00018177298966469782,0.004750661176821443,0.03826267184693603
7306,-0.000611606935295515,0.00473289150033248,-0.12922479529745196
7307,-0.004574364430817128,0.004333009808308136,-1.055701379222871
7308,0.002654506531791372,0.004605981433842018,0.5763172452862344
7309,-0.005847636791205763,0.004531201435857538,-1.2905267783794934
7310,-0.004887578837550342,0.004452624750645807,-1.0976848738132376
7311,-0.0002650204586312957,0.004744940703579024,-0.05585327092315306
7312,-0.009448515650654007,0.003889396633608632,-2.4293011334993504
7313,0.000800325715761853,0.0047118125641871424,0.1698551682307679
7314,-0.0014126208573767003,0.00466727103522832,-0.30266527200034266
7315,-0.005968889917957904,0.004280673675500084,-1.3943809714158124
7316,0.0006255443377114874,0.004730277527832113,0.13224262932373324
7317,0.0027972755040619646,0.004653295736750594,0.6011385612072248
7318,-0.004570574438976206,0.004511126384168804,-1.0131780956117804
7319,0.0026111524283064114,0.004723535114948502,0.5527962351847319
7320,0.004520903211973767,0.0044480547309439095,1.0163776044667505
7321,-0.00021962603362929997,0.004763716335846512,-0.04610392772059809
7322,0.0032451482849693665,0.004590723804933487,0.7068925125667377
7323,-0.0071238958780752756,0.004452091171172347,-1.6001235383954133
7324,-0.0019992677172961325,0.004620192385178991,-0.43272391074223177
7325,-0.0024297062480729747,0.0046061640389391265,-0.5274901691587551
7326,-0.0017922090385703304,0.004630556701956151,-0.38703964856174256
7327,-0.003211442193112597,0.004639749121907868,-0.6921585863228851
7328,-0.0004453942482811238,0.004759463903692195,-0.09358075978590895
7329,-0.0020670506006765744,0.0046575350527740325,-0.44380784626525505
7330,-0.005040412759203545,0.004495616277710114,-1.1211839373824246
7331,-0.0035765661803103792,0.004576124061387883,-0.7815710702619479
7332,0.004641061512244377,0.004565807986244807,1.0164819734483541
7333,0.0014517476729313358,0.004687841110152973,0.30968363449587194
7334,-0.0034433276769663046,0.004662183034368152,-0.7385655285481442
7335,-0.005417500031378519,0.0044861496146338595,-1.2076057413927048
7336,0.002669473252557254,0.004554134771294827,0.5861647462396621
7337,0.002485461398523161,0.004685136631455019,0.5304992349286674
7338,-0.00512727869496604,0.004476148135999918,-1.1454667136079193
7339,0.00454639716110602,0.004580899633469255,0.992468188538524
7340,0.004121615188778278,0.004584959227015209,0.898942604438695
7341,0.004458649312670785,0.004548420427138395,0.9802632329386295
7342,0.002671447897089769,0.004655758946144575,0.57379428960814
7343,-0.001972592312039072,0.004727920981734951,-0.41722192897462773
7344,-0.0035004450678922092,0.0045975144284311825,-0.7613777231987224
7345,0.007704622691312946,0.004296835820924702,1.793092175826925
7346,-0.003512005007202795,0.004572070638863755,-0.768143207882631
7347,-0.00021713936094824786,0.004763586323160012,-0.0455831691120073
7348,-0.0020009127239363923,0.004675472014926699,-0.4279595124403204
7349,-0.0012880074513427757,0.0046818580013936635,-0.2751060478466819
7350,-0.004510389267010024,0.004478205266502144,-1.0071868077929842
7351,-0.0048733724072235534,0.004491594271241703,-1.084998357582353
7352,0.006186927332581001,0.004185895564779618,1.478041493590568
7353,-0.001156070980738887,0.004717717631988649,-0.24504878649372897
7354,0.007959105522348651,0.004038004391578882,1.9710492487197613
7355,0.006981464894538628,0.004336394393595974,1.6099700029242998
7356,-0.0002730069828613531,0.004745317483525252,-0.057531868796803616
7357,-0.002162928456252968,0.004631532011049065,-0.4670006492653073
7358,-0.004097293986846337,0.004563925479410598,-0.8977565486839362
7359,0.0013871481437330315,0.004707959494436972,0.294638929109759
7360,-0.004246611522152547,0.004548063867327706,-0.9337185329914282
7361,-0.0027824851503929324,0.004558498208142969,-0.6103951396586059
7362,0.003667175005965483,0.004579777285197259,0.8007321704962627
7363,0.0006366181628013643,0.004774474218239199,0.13333785746907767
7364,0.0018292981648174464,0.004674681446291753,0.3913203895997147
7365,0.0008385187314949881,0.004697571871419292,0.17850045820408997
7366,0.004497246462539288,0.004475196009243071,1.00492725977827
7367,0.003695467738013548,0.004647533831909324,0.7951459573335384
7368,-0.0027878120147251215,0.0046292589762423324,-0.6022156092438034
7369,-0.004716763794958433,0.004450599029018969,-1.0598042565065975
7370,0.002177254064566249,0.004805778542381548,0.45304918763220636
7371,-0.002573606749781084,0.004725680096368159,-0.5446002897570206
7372,-0.008012790864945682,0.004240493656061136,-1.8895891645758331
7373,-0.003647107433658324,0.004606186589288419,-0.7917845625575803
7374,0.0036491284679369936,0.004569046175828254,0.7986630748540198
7375,0.0024658731435152634,0.004632296864324275,0.5323219162628012
7376,0.0029595931066581658,0.004622983619559175,0.6401911298444917
7377,-0.006218223722984419,0.0043092568221746175,-1.4429921398480174
7378,0.004496497358558735,0.0045601949329990565,0.9860318307931565
7379,-0.003683730065394193,0.004622284306825996,-0.7969501270084609
7380,-0.0023981289982857056,0.004646386112836308,-0.5161277905124007
7381,0.001223567375139869,0.004692322884422629,0.26075941602437785
7382,0.004408132861387129,0.004399294064582352,1.002009139801755
7383,0.004486577772782916,0.004525382184769423,0.9914251635768782
7384,0.006248938291858512,0.004338931178213107,1.4402022145997713
7385,-0.009566493726732735,0.004016525822082452,-2.3817832003312716
7386,0.003155899224455097,0.004568267605627417,0.6908306379791553
7387,0.0044913792254089105,0.00452863034876291,0.9917743069128672
7388,-0.008253369486618246,0.0039609126835333545,-2.083703970786799
7389,-0.003079648062146671,0.004546000977231755,-0.6774411350923188
7390,-0.0013011011434764092,0.004726554911850481,-0.2752747334457643
7391,-0.003369921806694456,0.004658932312945974,-0.7233249123045447
7392,0.0011072461836684404,0.004796052082971612,0.230866171699786
7393,0.0018158383825262045,0.004632044954957089,0.3920165715539836
7394,-0.001855726914456087,0.0046515023646362275,-0.3989521597504799
7395,-0.0041316952864797005,0.004584792980747624,-0.9011737942867731
7396,-0.00293857245594408,0.0047045706528660225,-0.6246207513439942
7397,0.004920579710420612,0.004434899968051478,1.1095131222503136
7398,-0.004002536151974879,0.004526355549939943,-0.8842734751643596
7399,-0.0019980264384235513,0.004709260300624317,-0.4242760669140902
7400,0.005006261966083695,0.00442185950035049,1.1321621516212543
7401,0.003941967636097005,0.004601727407572465,0.8566278023357535
7402,0.006737807439745878,0.004334475789486929,1.554468813988561
7403,-0.0019359559997458751,0.0046863126550317205,-0.41310858712493886
7404,-0.004051571395618179,0.004459553161130709,-0.9085151021253691
7405,-0.0031047057463410893,0.004611416801131082,-0.6732650463474851
7406,0.002711950900742147,0.004662689352071832,0.581628046813179
7407,-0.0016731312483314101,0.004678737439007151,-0.35760315045301116
7408,0.0028214137564873563,0.004533964363497291,0.6222840609869831
7409,0.005449698647430813,0.004514830773220059,1.207065983459661
7410,0.0004063711367101807,0.004746958314768804,0.08560663687436923
7411,-0.004138801715884811,0.0045131582119202615,-0.9170522107896215
7412,-0.0035324707623479975,0.004558540641950153,-0.7749126397690291
7413,0.0024674668674249337,0.00472478394397193,0.5222390900165981
7414,-0.0021497543867558394,0.004663618047386303,-0.46096279002965446
7415,-0.002011423232483133,0.004654796829888938,-0.4321183729368323
7416,-0.007843268575940332,0.0042135862044647395,-1.8614235464387938
7417,-0.0014581279447967283,0.00471217881348337,-0.3094381606709107
7418,-0.003998516769561515,0.004521217991622743,-0.884389290003329
7419,-0.003477088056246028,0.004579922940184637,-0.7592023057282818
7420,-0.0027919677381578654,0.004639854805516194,-0.6017360144197987
7421,-0.004042110070951635,0.004626042793038662,-0.8737727366107081
7422,-0.0012961514191410805,0.00469402399815026,-0.2761279916020552
7423,-0.008090320898720712,0.004078423782359934,-1.9836881428833124
7424,-0.0033686991763822735,0.004524516426251749,-0.7445434736045392
7425,0.0031361330884895284,0.004636513100048769,0.6763990569673018
7426,-0.002825878709543821,0.004669349352496341,-0.6051975331494615
7427,0.004398775273907461,0.0045016890490196144,0.9771388529968398
7428,-0.0024050342360465056,0.004609126112985362,-0.5217983142771393
7429,-0.003775876167139698,0.004500680717638182,-0.8389566832283897
7430,-0.002023076439008741,0.00466049312591778,-0.43409063898368944
7431,0.0015598843648558707,0.00467971914853133,0.3333286283527122
7432,-0.005513937697731977,0.004352941209893736,-1.2667154073203262
7433,0.006551185153810609,0.004325302190263521,1.5146190637402552
7434,-0.004615133785045122,0.004654014689042944,-0.9916457281303044
7435,-0.0037945604459703485,0.004600728712870227,-0.8247737875426826
7436,-0.003854693250219073,0.0045471160315919985,-0.8477226495734485
7437,0.004123329050915308,0.0044338866256328595,0.9299581606525121
7438,0.002166934970881298,0.00463909224470601,0.46710322980840435
7439,-0.002244229321776544,0.004617075482009547,-0.48607161189397763
7440,0.0011701680383582292,0.0047072156560550695,0.2485902758359919
7441,-0.0018886954420800405,0.004659237757894314,-0.4053657572807818
7442,-0.006567851325455995,0.004201747607219762,-1.563123714087589
7443,0.004489188805183912,0.004380928406231148,1.024711748039247
7444,-0.004529528935763202,0.004505155793724699,-1.0054100553131708
7445,0.004621879035640619,0.0045351233491855445,1.0191297302796967
7446,-0.006228889595823105,0.004298894698859578,-1.4489514240661725
7447,0.0031645133054105674,0.004653443084696505,0.68003696355877
7448,-0.004546305542399557,0.004668004018999553,-0.9739292262593043
7449,0.007425531231695263,0.004392299431182228,1.6905794670962615
7450,-0.0015982739995212122,0.004703677526023693,-0.33979242638947044
7451,-0.005775557987321241,0.004462872491359577,-1.2941346629335955
7452,0.006262470076457742,0.004357168446806683,1.437279773070842
7453,0.0038152413856345742,0.004720140521915393,0.8082897888146732
7454,-0.006770271419328157,0.004103385547914134,-1.6499232987672035
7455,-0.001427464484547131,0.004711044113998473,-0.3030038458577664
7456,-0.002305531384242711,0.004657530321126069,-0.49501156735041796
7457,-0.0010903973524638362,0.0047005103656852015,-0.23197424697198538
7458,-0.005721367571402751,0.004252298970068847,-1.3454763203797309
7459,-0.0041792187653691745,0.004477783916748237,-0.9333230104600758
7460,0.0021568677795393092,0.004737238222843765,0.4553006790197984
7461,0.003520936507795444,0.004585576878157772,0.7678284764053414
7462,-0.0018349906761859114,0.004616811594664478,-0.39745842743649307
7463,-0.0024464769380297667,0.004632492906947599,-0.5281123980482849
7464,0.003961797304291209,0.0046986510067728434,0.8431776053553454
7465,-0.0050759475827025355,0.004558638708371897,-1.1134788052803144
7466,-0.005090153997000963,0.004598411996070296,-1.1069373517098726
7467,0.0032246819365835786,0.004661607794643669,0.6917531629942865
7468,-0.0009582522683368602,0.0047250848848912775,-0.20280106954288277
7469,-0.0025344455832748414,0.00469096441136336,-0.5402824155168217
7470,0.004962073707111139,0.004571642303287602,1.0854028766736115
7471,-0.0012380273585187195,0.00471909871193884,-0.26234402670718376
7472,-0.0016174275829059638,0.0046609969631512885,-0.3470132239289049
7473,-0.0060077981786068905,0.004372362162863521,-1.374039467643801
7474,0.003875170680071542,0.00466715106699135,0.8303075311786825
7475,0.003124113946629399,0.004670958786537408,0.6688378316746638
7476,0.0018275401684655938,0.004764958858725133,0.38353744967161224
7477,-0.0004245533992151133,0.004742794450916592,-0.08951545415025611
7478,0.006897521413921542,0.004256921824253673,1.6203072780484575
7479,-0.006016174190373256,0.004347757222645384,-1.3837419805866547
7480,-0.0009010942496376765,0.004731395459553113,-0.19044999669564425
7481,-0.00251456552706563,0.004637859969135833,-0.5421822874773354
7482,0.006420480595381686,0.004114598146694384,1.5604149825760796
7483,-0.004333037437815971,0.004433291685828684,-0.9773860474073515
7484,0.000726545032819378,0.004725520864669607,0.15374919582969096
7485,0.004828483676284296,0.004672521589510023,1.033378569533935
7486,-0.003257878996813957,0.004639119127414279,-0.7022624139056786
7487,0.002536099804367653,0.0046229607782441225,0.5485877830291491
7488,-0.003773455813419451,0.00463741802016674,-0.8136975784822122
7489,-0.006472146350871364,0.004345331134071441,-1.4894483645040795
7490,-0.0036401474179987878,0.004595160315655876,-0.792169841299481
7491,-0.002800282688887084,0.00457355395639093,-0.6122771734165425
7492,-0.0010346542490712127,0.004769692577329707,-0.21692262809324697
7493,-0.006607380769657832,0.004308123578526874,-1.5337027012389393
7494,-0.0023128580546827667,0.004771078700161386,-0.4847662761472646
7495,0.0044808240468239904,0.004585625955022201,0.977145561101984
7496,0.00510259397103518,0.004382316144541615,1.1643600787201778
7497,0.0024216814879952538,0.004620720675328897,0.5240917290078093
7498,-0.006708452374628927,0.00435836208363858,-1.5392141005935822
7499,0.0022088257369143904,0.004635297687560366,0.47652295187904786
7500,0.005158501700431666,0.004464977155872374,1.1553254407241844
7501,0.0038037058483988365,0.0045712597234357924,0.8320913880473944
7502,-0.0013425472693614025,0.004698441986247821,-0.2857430768095025
7503,0.003923684491784906,0.004619753703660542,0.849327635946459
7504,0.008367745365558073,0.003919348338785857,2.134983839724297
7505,-0.0015595558356011042,0.004685836890443642,-0.33282332954902527
7506,0.0030192605189850153,0.004683608439042758,0.6446440940315019
7507,-0.00275978935816193,0.004644726959959975,-0.5941768766932453
7508,-0.0046536430712758306,0.004447781414752869,-1.0462841217511585
7509,-0.002727851610982596,0.004631780538511931,-0.5889423275350137
7510,-0.003052282183594142,0.004691502114940396,-0.6505980619456505
7511,0.003120958939776882,0.004637034300741838,0.6730506477550937
7512,-0.0006679322365021126,0.004730464294435199,-0.14119802939594145
7513,0.006099152777467177,0.004353266627232136,1.4010519684950007
7514,0.0036970377632679235,0.004612667229280882,0.8014967435325471
7515,0.005549259292862871,0.004396017379159347,1.262337887736936
7516,0.0006856292885341213,0.0047345588129164345,0.14481376525805187
7517,0.0032661512743441287,0.004630261564120145,0.7053923907136274
7518,-0.004280542834564959,0.004532018513866121,-0.9445113300989946
7519,-0.00463452872231104,0.004547863624194652,-1.0190562218390475
7520,0.0032297498813712334,0.004598595271719979,0.7023340151792123
7521,0.003487420132417054,0.004532590412662073,0.7694099433018984
7522,0.0051310210018892565,0.004593449088762254,1.1170301232775515
7523,0.004687538225250008,0.004543122099919895,1.031787859131644
7524,0.004301737754738658,0.004570770346256648,0.9411406456379237
7525,0.0045871571967310365,0.004557678179988383,1.0064679899673674
7526,-0.0031888167032388948,0.004500115086941882,-0.7086078114961946
7527,-0.0006780245080812289,0.004717331274618751,-0.14373052656473145
7528,0.005120965537531409,0.0044263645340320516,1.1569235877792996
7529,0.003090690974291323,0.004552180448371812,0.6789473768327389
7530,-0.006052033084631708,0.0041774125222582975,-1.4487516021903424
7531,-0.0034671012085767377,0.0046096405341903,-0.7521413400591216
7532,0.0045000039102266335,0.004517929539750472,0.9960323353062234
7533,0.006277632128544339,0.004351442431805635,1.4426554474580122
7534,0.0028275543162530428,0.004633061863255528,0.6102992793336449
7535,-0.00263116838323727,0.004636561738074878,-0.5674826588914879
7536,-0.005151009607908172,0.004395788740124392,-1.1718055421749884
7537,0.005749708266323448,0.004403157098482654,1.3058149272722568
7538,0.0069353431100192195,0.004093474368754551,1.6942436876987979
7539,0.005945895061758028,0.004434934879726999,1.3406950097368822
7540,-0.006007988330698639,0.004447722723813011,-1.3508010062165072
7541,-0.005894933149141127,0.004394542236209115,-1.3414214341984119
7542,-0.002197352138535837,0.004695252406155322,-0.4679944651442339
7543,-0.0023953464016881155,0.004573481400186927,-0.5237468335588318
7544,0.003520030807500614,0.004667910982236318,0.7540912457191346
7545,-0.003208695305412133,0.0046002612848566465,-0.6975028388006276
7546,-0.00735989550540567,0.004078943720168756,-1.8043630925854435
7547,-0.0023080666681603175,0.004736513615955627,-0.4872923114556798
7548,0.000780157164650335,0.004734112289829092,0.16479481619530825
7549,-0.002342160190652574,0.004662844995746443,-0.5023028200142076
7550,-0.00566976951762919,0.004407439743321755,-1.2864088558942057
7551,-0.006822681151181503,0.004430563400575647,-1.5399127682711993
7552,-0.0073526085064283654,0.004117679988196256,-1.785619214583299
7553,0.003947925164497551,0.004492108803667217,0.8788578676621965
7554,0.0019044155965974563,0.0046800677731668235,0.40692051673192137
7555,-0.0026657468604479985,0.004679920770612116,-0.5696136732031317
7556,0.0075103550896873875,0.004196031546130395,1.7898709785948779
7557,0.007732040386698053,0.004318060946519482,1.7906278958221666
7558,0.006196110638968329,0.004528386249993177,1.3682822747237309
7559,-0.00012206866544422453,0.0047577943173548725,-0.025656566320859667
7560,0.007935258196464472,0.003998442099129772,1.984587496763181
7561,0.007383618843618908,0.0041150459583517715,1.794298026886757
7562,-0.0025143912673904105,0.00471490694712936,-0.5332854488085457
7563,-0.004162133506470346,0.004508956318922024,-0.9230813545484524
7564,-0.0017847972126973036,0.004677813538969871,-0.38154518084753425
7565,0.002630310341029014,0.004716846954500736,0.5576416547751706
7566,-0.007180581233137928,0.00427901650352035,-1.6780915023885652
7567,-0.002670819638097835,0.004620739806010709,-0.5780069318388374
7568,-0.007110752844973662,0.0044315427753554995,-1.6045772782602183
7569,0.003382740502051485,0.0045389890121626435,0.7452629854329053
7570,0.003514293598850546,0.004572153193233503,0.7686298884410693
7571,-0.006076320223188771,0.004314267959147331,-1.4084243910500382
7572,-0.00017856409323087967,0.004742332177350306,-0.03765322346749848
7573,0.0043580229818798374,0.004620675551869969,0.9431571061327088
7574,0.005326804580314154,0.004443757315159557,1.1987163570211508
7575,0.004977046260275005,0.004615648653436324,1.078298335504723
7576,-0.005350228559320937,0.004356567606919332,-1.228083445973252
7577,-0.003648027241962845,0.0045979162399157735,-0.7934088077319283
7578,0.001267601235899439,0.004721067540988189,0.2684988564332446
7579,-0.0017782837057083805,0.004814644375651283,-0.36934892111690587
7580,0.0006430954476655599,0.0047157290912621126,0.13637243260160276
7581,-0.002166858026900202,0.0047760710221326184,-0.4536904951494321
7582,-0.005065179746433954,0.004619613442091291,-1.096450993124861
7583,-0.005051034052834492,0.004426844202183142,-1.141001088392387
7584,0.0004969929845752231,0.0047322306378319925,0.1050229844255676
7585,0.004052276769910248,0.004475846998883708,0.9053653466977089
7586,-0.002228851276665636,0.004633468754166009,-0.4810329787293048
7587,0.0035964168929830368,0.004503247491104296,0.7986274127920772
7588,0.006982810144167779,0.004222274158995559,1.6538031120719379
7589,0.0028890080189216565,0.004612865908841315,0.6262935181758477
7590,-0.0030112280927694804,0.004607234007304878,-0.653586965193239
7591,-0.006456093318281832,0.004483009010068624,-1.4401249927853712
7592,-0.006503538534859257,0.004422828948018239,-1.4704476730381657
7593,0.0016549877997886287,0.004721322711027585,0.350534776181064
7594,0.002970656885004308,0.0045745771371018835,0.6493839312296084
7595,-0.007742258246358267,0.003982177376898783,-1.9442273694969705
7596,0.004423623427206459,0.004481917382333967,0.9869935230494697
7597,0.0027101940347081114,0.004561673314035138,0.5941227808597157
7598,-0.00773744875862445,0.004212909516626301,-1.8366045432707516
7599,-0.0012456414244499325,0.004667738289011513,-0.2668618819916148
7600,-0.0011541966850277727,0.004700030155975514,-0.24557218714019372
7601,-0.007702093202601307,0.0043768622134623646,-1.7597294196082272
7602,0.0011257125662294393,0.004701540545986586,0.239434831034349
7603,0.0017242698997366184,0.0046223712953686255,0.37302713035282276
7604,-0.004936876594261798,0.004413941456069311,-1.1184735102169139
7605,-0.0027034096079934728,0.004602554957967685,-0.5873714996739977
7606,-0.00036005371834828216,0.004756133587497858,-0.07570302888353099
7607,-0.004488601235214179,0.004451289243013277,-1.0083822888524863
7608,-0.002208843896262076,0.004654034149431757,-0.474608441910932
7609,0.0032354497728521595,0.0046230619774686324,0.6998499671042129
7610,0.0018993489395406305,0.0046690729497981046,0.40679358835521306
7611,-0.007035125540166378,0.004228720245317287,-1.6636535717766598
7612,0.0003160312017548877,0.004760387361682555,0.06638770708003618
7613,0.007329877459743086,0.004219783905980162,1.737026734794496
7614,0.0066193345545806715,0.004475187244326318,1.479119016298753
7615,-0.0043994243559402225,0.004642783527901891,-0.9475833472529691
7616,0.002527576383779136,0.00481875224372577,0.5245292258115476
7617,0.0038809598669758763,0.00459677844173293,0.8442782083516737
7618,-0.0011102843334353204,0.004772452447412838,-0.23264439942973328
7619,-0.006958297027110801,0.004508557565384814,-1.5433532623680488
7620,0.006917223727221969,0.004290408601430944,1.6122529040508928
7621,-0.007899024744416576,0.00422197477180658,-1.8709312990604605
7622,-0.00469590174617684,0.004399240485751484,-1.0674346540922688
7623,-0.005419163638547709,0.0045045018154848526,-1.2030550459361742
7624,0.002856598314792079,0.004686014509324234,0.609600825842092
7625,0.00245060377100686,0.004635919846106706,0.5286121961459067
7626,0.0020017252151164427,0.00469818622518917,0.42606340386940367
7627,0.0034726225653818857,0.004542909939068265,0.7644048884874236
7628,-0.0015370381505346409,0.0046728512328383775,-0.32892939962075685
7629,-0.007112695288765704,0.004264621794361875,-1.6678372975932307
7630,0.0008746909510935049,0.004762082086117966,0.18367825990302283
7631,0.005894523169783963,0.0044183313907779865,1.3341061700548558
7632,-0.005214746729879277,0.004416762809239282,-1.180671671788831
7633,0.0021657553247708336,0.004610827351838933,0.46971078279629513
7634,0.00472922883095205,0.004385854527873513,1.0782913115098285
7635,0.0017629371966076434,0.004719478327057627,0.37354492900208996
7636,0.0015385560409954817,0.004649180834162205,0.33093056516325714
7637,-0.0014481446483196627,0.004719433919003401,-0.30684710776191276
7638,0.006557253104481401,0.004311323308494102,1.520937455922733
7639,0.0036626263718083003,0.004602163814820986,0.7958487614050236
7640,0.003683121083526904,0.004514648681653286,0.8158156577043171
7641,0.00085286883850037,0.004766489254556479,0.17893019221328954
7642,-0.0011196569773707853,0.004677517935853661,-0.23936989504380052
7643,-0.0033871671132871704,0.004550500270016482,-0.7443504916603163
7644,0.005730622059430335,0.004380622046929756,1.3081754139110797
7645,-0.0002496606259434401,0.004755676433865553,-0.05249739535801611
7646,0.0001551757932970865,0.004760672948084485,0.032595348386518216
7647,0.004342106379552466,0.004432829536447138,0.9795338042781169
7648,0.0023255685596094856,0.0046260791539231225,0.5027083372832691
7649,-0.0006195118334261448,0.00473478273596998,-0.13084271612290357
7650,-0.0018333896766129047,0.004677553871782571,-0.39195479664549915
7651,-0.005230078980551276,0.004389036805473041,-1.1916234044858023
7652,0.00022723982309637912,0.004740547966085065,0.047935349398867684
7653,-0.005748634708898287,0.004225841465362761,-1.3603526672775466
7654,0.00047926507312630426,0.004770791795572369,0.10045818255390981
7655,-0.006150417364566163,0.0044164623124027256,-1.3926117624266783
7656,-0.002550818096817373,0.004694309134359974,-0.5433851976527646
7657,0.004021684463847221,0.004572999089284645,0.8794413437060915
7658,-0.0027190469099181973,0.004570902865093818,-0.5948599194007131
7659,0.010725908703077663,0.0037742083630839364,2.8418962789625732
7660,0.007591822480321392,0.004302958436169735,1.7643262404085012
7661,0.006415063312599951,0.004436447887638394,1.445990908734603
7662,0.0036695205082655493,0.004681202016465563,0.7838842449777758
7663,0.00787363137658153,0.004223782639761187,1.8641185042198822
7664,-0.000875422933387662,0.00471900785198618,-0.18550995481374455
7665,0.004209828875415272,0.0046094355115257855,0.9133068170470535
7666,0.004350033438531886,0.004449582741795694,0.9776272722543792
7667,-0.0020286912424314868,0.00465923560995578,-0.43541289006647615
7668,-0.0015712103919779384,0.004662862406241606,-0.33696263262556286
7669,0.004309454769429857,0.004533558725998361,0.9505677614181224
7670,0.004393936049435941,0.004603983342541395,0.9543770518966499
7671,-0.004275798266346776,0.004475004427222026,-0.9554847008276789
7672,-0.0024689389820747574,0.004628139967750485,-0.5334624707287731
7673,0.0014917767294618939,0.004712632462639101,0.31654849837928806
7674,0.00046307582533302726,0.004736445469360112,0.09776863859800507
7675,0.0030921424766108306,0.004627123375887139,0.6682645404971479
7676,-0.0015940276600933335,0.004714680201399494,-0.3380987876166376
7677,0.004576250028689354,0.004388721549139776,1.0427296371961294
7678,0.0015618942050631029,0.0046741734777094816,0.33415409430385307
7679,0.0035172697516165363,0.004605880435176513,0.7636476458993758
7680,0.0018803524668402794,0.004662720487472335,0.4032736836557879
7681,0.0011166695082099032,0.004696091105713205,0.23778701968779464
7682,0.0020679699141156207,0.004633852184077587,0.44627446710997537
7683,-0.005028412093831879,0.0045197336513837895,-1.1125461103869139
7684,-0.00412749886718591,0.004521278912436178,-0.9129051640306594
7685,0.007718566248680667,0.004059380486423772,1.9014148278277208
7686,-0.0015200893438745604,0.004689949659297741,-0.32411634544115214
7687,-0.0054473763591148874,0.004551013467500519,-1.19695896266083
7688,-0.009218914631702666,0.004028205819311979,-2.2885907635368206
7689,-0.0064024614082854965,0.004225585820161036,-1.5151653949940367
7690,-0.0005724526650813897,0.004730971943749256,-0.12100106952393501
7691,0.0016661351466933222,0.004690026712438963,0.35525067315168424
7692,0.006060789307523807,0.0044809566611387795,1.3525659286299665
7693,0.004495115904006353,0.004553528725894885,0.9871719658742127
7694,-0.003205714149871725,0.004529958985885114,-0.7076695749035258
7695,0.00031752342750750596,0.004741024334734032,0.06697359158889843
7696,0.0059024901503921265,0.004211658663084875,1.4014645113877255
7697,-7.391420324179552e-05,0.00475210692253992,-0.01555398572603868
7698,-0.005934139636644913,0.004183648769603218,-1.4184124823670878
7699,-0.0009059045358341818,0.004697403863834572,-0.19285217155986165
7700,0.0029090397471122045,0.004734129648189384,0.6144824842777165
7701,-0.0012894276498389592,0.004727727456305209,-0.2727373059797035
7702,0.001798819808396396,0.004700770847969292,0.38266485786548743
7703,-0.004615410208233219,0.004512289371011235,-1.022853329816229
7704,0.0034872852292305015,0.004540671541314434,0.7680108982780556
7705,-0.00786827374734101,0.0041514923089781995,-1.8952880462586277
7706,0.005545874428374873,0.00440064137358701,1.2602423050561768
7707,0.006207003882762846,0.004402384781288159,1.409918530780185
7708,-0.003397665424699663,0.0046184335470272385,-0.7356748538444704
7709,-0.006679241693759025,0.0043725056305820905,-1.5275547381902055
7710,0.0054749885075636795,0.004360389439876429,1.255619155824494
7711,-0.006108323138249462,0.004312046718005297,-1.4165716509386759
7712,-0.0012559641222673905,0.004733930481811156,-0.26531106172621083
7713,0.006914501562990604,0.004466458138518145,1.5480950114277028
7714,-0.0006298497524029925,0.004758299054501855,-0.1323686773758131
7715,0.0069597337842044376,0.00427677697409097,1.6273314756338753
7716,0.0024055356277951395,0.004676221042221985,0.5144187167534127
7717,-0.0008616175800400411,0.0047355334055840855,-0.18194731326866617
7718,0.007009619639427021,0.004278431253118895,1.6383621062783564
7719,-0.0027787756519158614,0.004578572420405844,-0.6069087472617832
7720,-0.0021447882258841438,0.00470467402607219,-0.45588455523129445
7721,-0.0041294736010079455,0.004675235980695043,-0.8832652764607698
7722,0.003614573365313314,0.004582111172954256,0.7888445366948322
7723,-0.0013793626945455854,0.004723677112105093,-0.2920103685772198
7724,0.003550113090848434,0.004640215186010652,0.7650750985754574
7725,-0.005139051996985532,0.004298534175100307,-1.1955359170467945
7726,0.0014371942412731782,0.004734874963902292,0.3035337262821194
7727,0.005062085905437533,0.00437729476199982,1.1564416336278112
7728,0.0010537687667466686,0.004773207458726989,0.2207674348660529
7729,0.0045215089568056335,0.004595798820782401,0.983835266321749
7730,0.0049968537499598155,0.004541702791825617,1.1002159275929286
7731,-2.9190542204237614e-05,0.004750599717019041,-0.006144601512028553
7732,-0.006403689835208643,0.004265000904533109,-1.5014509911128981
7733,0.003663346413051495,0.004591758062579458,0.797809109958546
7734,0.0013842792753474256,0.004685885806601809,0.2954146414317555
7735,-0.0053324698225203455,0.004541018626360849,-1.174289352517755
7736,-0.0041266686956268365,0.004591643988909813,-0.898734463210556
7737,-0.003893235469176269,0.0046777633664122865,-0.8322856810438173
7738,0.0033563787801998827,0.004653842684420721,0.7212058953852803
7739,-0.0004908237881323996,0.004756891855769668,-0.10318161585638654
7740,0.002688104243797097,0.004796970880446633,0.5603753516108095
7741,0.004620870880381531,0.004590934736308911,1.006520707827942
7742,-0.005608713714981561,0.004345235188347489,-1.290773334898491
7743,-0.004399427929325086,0.004536900930271739,-0.9696989193593832
7744,-0.004528709309170113,0.004337180600026522,-1.044159726515059
7745,-0.0020645806065435904,0.004667908828752697,-0.4422924016481408
7746,0.0061315545287155765,0.004442005338450001,1.3803573074622033
7747,-0.005486233857166402,0.004453946382938709,-1.2317691740030763
7748,-0.005006901403023315,0.004401656183283988,-1.137503974535277
7749,0.00042671353260382905,0.004765262609773943,0.08954669816698133
7750,0.002726768772038841,0.004707474080290624,0.5792424399011241
7751,-0.004748029420527243,0.004434515501776945,-1.0706985731867824
7752,0.003685607975125863,0.004538303215576489,0.8121114434302269
7753,-0.006656808988022147,0.004351393374905004,-1.5298108937731865
7754,0.0022221368833891795,0.004643769736611544,0.4785200407052533
7755,0.004773069200344131,0.004357777643663906,1.095298932308776
7756,0.0009947074918885597,0.004716252845627538,0.21091055217931287
7757,-0.006022014292192054,0.0044203411063952714,-1.3623415359234405
7758,0.0023705163748433443,0.0046772573126247635,0.5068176104925619
7759,0.0029536759087788406,0.0045258786728140715,0.652619330368024
7760,-0.003294981968481814,0.004593924230305544,-0.7172477827878027
7761,0.005580865467047306,0.0043882580925288395,1.2717723865305284
7762,0.0013689808788870134,0.004816467542242677,0.28422923374452536
7763,0.00795925034042901,0.004309710984797531,1.8468176563359349
7764,-0.0032105244445199055,0.004582967669007645,-0.700533950136961
7765,0.006018710408251343,0.004376529784858952,1.3752243681909082
7766,0.004170174330141738,0.00455453742385351,0.9156087527794274
7767,-0.0007926451489177551,0.004739209253246486,-0.16725261674714445
7768,0.005002314013054129,0.004588674426690989,1.0901435900435905
7769,-0.002476847170735859,0.004682823503355438,-0.528921743251928
7770,-0.002543887201725232,0.0045849110007933555,-0.5548389491715428
7771,0.007369433862032393,0.004290653613861126,1.717555068585622
7772,0.002716558850809214,0.004573789702373899,0.5939404799042814
7773,-0.00607929227989467,0.004332532052284572,-1.4031730652030654
7774,-0.0008737061453526847,0.004769487410280278,-0.1831865922257129
7775,0.0009796877391144239,0.004693808862724093,0.20871913786149646
7776,-0.004915254003105632,0.004438895473121606,-1.1073146535818361
7777,0.006331759134236058,0.004312677719986252,1.468173498078183
7778,0.0029323711727145207,0.0046008006734109316,0.6373610553618106
7779,-0.0012977074101823394,0.004785019939020145,-0.271202090423907
7780,0.0013036054798592478,0.004682800982539764,0.2783815679376202
7781,0.0014480883847073588,0.004706979632873094,0.30764704707750345
7782,0.00578199348787939,0.004247056285748819,1.3614120225533906
7783,0.0072225887169184,0.0044273143108997624,1.6313702189918733
7784,-0.0028074049542167537,0.004552917452083355,-0.616616704291909
7785,-0.004393421228102027,0.004462951000901102,-0.984420673051298
7786,-0.004779330348786974,0.004534800296134546,-1.053923003590889
7787,0.005594311162687183,0.004239765863339755,1.3194858732789607
7788,-0.006176018661673029,0.004442261499691594,-1.3902870558389688
7789,-0.0027500772279505543,0.004609873789881455,-0.596562368797796
7790,-0.003832734902445765,0.004504597001114122,-0.8508496767852517
7791,-0.001766289897307881,0.0046949311069511,-0.37621210132195404
7792,-0.0009286154107903392,0.004709677029915847,-0.1971717816087554
7793,-0.004306692765357566,0.00452427121014167,-0.9519086202665356
7794,-0.007842002630811633,0.0042732722065280965,-1.8351282698143447
7795,0.004648836224353845,0.004666544449095374,0.9962052810308147
7796,-0.0047230033973212305,0.0045564372996020576,-1.036556214157434
7797,0.0032116001605417993,0.004531984840455803,0.7086520086900364
7798,0.0037592844490098856,0.004504547821301827,0.8345531223427974
7799,0.003845494177734951,0.004593215094331202,0.8372118654928519
7800,-0.002376987116613226,0.004668027840112565,-0.5092058569547664
7801,-0.0011550750027278958,0.004702258524338769,-0.24564259849798925
7802,-0.002451360032117774,0.004695268815858395,-0.5220915198376375
7803,0.005123072269611118,0.0045114599560312895,1.135568600750224
7804,0.006108706517105447,0.0045005476503133576,1.357325150569202
7805,-0.005652730522363327,0.004458428080540995,-1.2678752287235309
7806,0.004053791522890554,0.0045777043461520065,0.8855511881841275
7807,0.006268886311031728,0.004274779400379568,1.4664818283898107
7808,0.004045797468609471,0.004588885038912895,0.881651519770458
7809,0.004139151840435667,0.004467029176492696,0.9266005832730058
7810,0.002522763020111207,0.004577676567925434,0.5511011935154044
7811,0.002436219366914573,0.004642501619904391,0.524764354732685
7812,-0.003394290854499011,0.004583741220427173,-0.7405066497586194
7813,-0.0029426104056527436,0.004634070144090141,-0.6349947916531805
7814,-0.0016118099954482471,0.004663869654773805,-0.34559499187513615
7815,-0.003413945204649783,0.004610406611944463,-0.7404867925976564
7816,0.0018210685551256637,0.004635650177291424,0.39283994380044024
7817,0.007329719136177661,0.00423382118711248,1.731230208419979
7818,-0.0047293329006580275,0.0045476736639021775,-1.0399455304363188
7819,-0.0009393010457663479,0.004736942449651274,-0.19829268684391504
7820,-0.003141270272902672,0.004601266079449439,-0.6826969400731849
7821,0.0029865329169704935,0.004549063802427488,0.6565159440887175
7822,-0.0028612516557935475,0.00456975651359863,-0.6261278138734672
7823,-0.003796609359167794,0.004799774161039124,-0.7909974994210665
7824,-0.0014210134703250272,0.004761593790780149,-0.29843231757327315
7825,0.0010949833108677203,0.004788832434696202,0.22865350287354227
7826,-0.0019866047916736263,0.004622522145872179,-0.42976641949625377
7827,-0.006429048055934364,0.004332834128998078,-1.4837974093924093
7828,-0.004280545222112164,0.004366465965767848,-0.9803225894054176
7829,0.0021311286789869586,0.004670697279085125,0.45627634411887946
7830,0.0011764134313772617,0.004759718063021732,0.24716031827952628
7831,0.003329978332972595,0.004666290435971409,0.7136243186456039
7832,0.006735880133318766,0.004340601765210822,1.5518309436506452
7833,-0.004180357980958847,0.004654577975980381,-0.8981175098003058
7834,0.004372420103753901,0.004551966395987602,0.960556323000986
7835,0.0008238633106461095,0.004714708239586943,0.17474322243920834
7836,-0.002094975283514265,0.00461499768168308,-0.45394936856181295
7837,0.005632453381982515,0.004445256869388348,1.267070396037096
7838,0.002060052461957721,0.004667173005063983,0.4413919217741703
7839,-0.0021997865763108194,0.004673933068908822,-0.4706499951708513
7840,0.004705179806871655,0.004451310004205416,1.0570326044302447
7841,-0.005040367000487667,0.004499084635022277,-1.120309442781289
7842,-0.0025975747350946957,0.004643639480470754,-0.5593833772020914
7843,-0.00628597348038908,0.00435130472204186,-1.444618081686399
7844,-0.0040630559626402985,0.004432076442707069,-0.9167386923855997
7845,0.0021142445548372017,0.00473108072032408,0.4468840588059921
7846,0.0033467976495726763,0.004618913113155989,0.7245855394075367
7847,0.0002202332822165037,0.004742953611252565,0.04643378372792947
7848,-0.00260198104972299,0.004629715672262648,-0.5620174615283323
7849,-0.00510524634880209,0.004558275378200164,-1.1199951572074387
7850,0.0030874897506499377,0.004657838403641064,0.6628589236235473
7851,-0.006160122210268613,0.004382347083218182,-1.4056673497766223
7852,-0.0009353698517315668,0.004775445438695862,-0.19587070227044814
7853,0.0007517161251788906,0.004737997888641182,0.1586569143437243
7854,0.0015893762804346848,0.004686774577156047,0.33911942088734387
7855,-0.00014522429829665593,0.004744975063472481,-0.030605913909772475
7856,-0.004644206765506445,0.004473536885061505,-1.0381509943541225
7857,-0.00690554116992892,0.004268131865629097,-1.617930604613849
7858,-0.0029818431161553463,0.004614843360344851,-0.6461417827911983
7859,0.0009292540011108401,0.004693930057703059,0.1979692900591629
7860,-0.002355825715420228,0.004689353088266462,-0.5023775499684368
7861,0.003244906076907736,0.00462133431593593,0.7021578304166824
7862,-0.00560071137884673,0.0042393299818990855,-1.3211312643178084
7863,0.010077484064584467,0.0039339552557044015,2.5616671796080266
7864,0.0038936822906176097,0.004462066701064652,0.8726185759815231
7865,-0.0032832147210972626,0.004628201898092277,-0.7093931495189499
7866,-0.0049752926080158235,0.004519835728975881,-1.1007684584906676
7867,0.0033271372153940086,0.004649011093113257,0.7156655789276591
7868,0.0004477189576220424,0.004777394320690201,0.09371614055030723
7869,0.0022575795753563116,0.00464149312881296,0.4863908041448888
7870,-0.004193350586682431,0.004479985471052203,-0.9360187915291496
7871,-0.004009475285792316,0.004624267978906976,-0.8670508076264265
7872,0.002363800058916267,0.004667784960468326,0.5064072314674718
7873,0.0020921621259878524,0.004697787261135703,0.44535054690451575
7874,0.005616203186882379,0.004409949042356735,1.273530177546225
7875,0.0042704907029908245,0.004384814647799878,0.9739273027500908
7876,-0.004613940824190077,0.004438911838679882,-1.0394306063898417
7877,0.0037653109610393492,0.004592742451198806,0.8198393445851772
7878,-0.0027723527083649913,0.004668711257351878,-0.5938154140501477
7879,-0.0019277886453608715,0.004615472668669415,-0.41767957124890304
7880,-0.004325857917011682,0.004530800508489422,-0.9547668031082506
7881,-0.0035165724320906913,0.004555688522581208,-0.7719080035125484
7882,-0.0036463303365604186,0.0045866886298346924,-0.7949810049983347
7883,-0.006873926432629482,0.004147054226271568,-1.6575443815234419
7884,-0.003524314689375545,0.004553671540603855,-0.7739501318771428
7885,0.0038791507734356663,0.004627051978745308,0.8383633447937955
7886,0.003159729940957493,0.004552191277100553,0.6941118570417439
7887,-0.000740928606032033,0.004776249390489804,-0.1551277049115835
7888,0.0018488546328584725,0.004726025829359543,0.3912070521013263
7889,0.00047939036810407825,0.004731881447394176,0.1013107309288309
7890,-7.010009948883705e-05,0.004753211060714434,-0.014747945881936203
7891,-0.0012879034443760067,0.004702803842542396,-0.27385863571969643
7892,0.006597485282812698,0.00441542775850821,1.4941893840522746
7893,-0.0017489499858495752,0.004618931180618907,-0.3786482018152146
7894,0.002141407017521948,0.004673975697442999,0.45815535983497985
7895,0.004020438669162993,0.0045817510007511355,0.8774895598874489
7896,-0.007200264680081955,0.004272587086760512,-1.6852236206942282
7897,-0.005290985806685162,0.004542352678431507,-1.1648117575300563
7898,0.0025455994857535046,0.004657080996780519,0.5466083771171899
7899,0.003896180709998204,0.0046179965116695115,0.843695030984258
7900,0.004385785433038503,0.004492260402413843,0.9762981305985451
7901,0.0023529339871429704,0.004677778401389995,0.5030024480090377
7902,-0.004717719776188625,0.004658644420263759,-1.0126808038123505
7903,0.006766716931234732,0.004327966169433857,1.5634865584265623
7904,0.003923395616995775,0.004547281277569967,0.8628002926382439
7905,-0.005066698102866281,0.004433201486826408,-1.1428982233093525
7906,0.00288489456824894,0.00469249223897547,0.6147894170793152
7907,-0.0005208245933422346,0.00476963774051171,-0.10919583869410553
7908,0.004257278424114409,0.004643982367596344,0.9167301008332452
7909,-0.004278290489777891,0.004607361401156761,-0.9285771436778866
7910,-0.006029292176805219,0.00422568436149852,-1.4268202877952534
7911,-0.0008233715573954162,0.004728079822303569,-0.17414502046081387
7912,0.003908137963211873,0.004381097599501327,0.8920454005993184
7913,-0.005748446899096183,0.004254480024068751,-1.3511514607133315
7914,0.008638133269982685,0.004033990696208452,2.1413369341931467
7915,-0.0011738663913984835,0.00473487140492407,-0.2479193817550591
7916,-0.0005083301451498286,0.0047359648890008465,-0.10733401895153655
7917,0.0027968197985959917,0.004568631037685296,0.6121789602893835
7918,-0.0062856664551689916,0.004395734818454352,-1.4299466903190456
7919,-0.002784460679090292,0.004627655681231136,-0.6017000552533583
7920,0.0039737064744004265,0.004524834099595847,0.8781993741506132
7921,0.0024455753013501156,0.0047525181261302025,0.514585160213046
7922,-0.00037706612375078063,0.004734686778582869,-0.07963908519913532
7923,0.002863501396029893,0.0045939840548014955,0.6233154843097565
7924,-0.005082292323658141,0.004513724302005899,-1.1259642777472187
7925,0.006990386007988437,0.0042505441491388326,1.6445861430246997
7926,0.002270975995956986,0.00475212571586485,0.4778863463934446
7927,-0.005151594831070143,0.00446754714668395,-1.1531148216071831
7928,-0.0040061751038837105,0.004576710450498801,-0.875339427130919
7929,0.0029843058125765074,0.004587321461371877,0.6505551960345997
7930,0.00424521563898745,0.004509241987016133,0.9414477313950066
7931,-0.0036037785884589775,0.004590481339740806,-0.7850546210176859
7932,0.00514539683041485,0.004514779487296051,1.1396784372067932
7933,0.002642225021279592,0.004668461693157477,0.5659733751595901
7934,-0.003811409045280593,0.004618186320507375,-0.8253043036301434
7935,0.008221429605767886,0.004067773473239958,2.0211129404950774
7936,0.0038150403982824483,0.004757589277922363,0.8018851934079679
7937,-0.0018228541866247394,0.004671072037353735,-0.3902432186974848
7938,0.004521703985755882,0.004569726924343512,0.9894910703893911
7939,0.0058177407659174875,0.004292336017079168,1.3553786895454474
7940,-0.003205738563108401,0.004554182008639909,-0.703910945374312
7941,-0.0048729977507000685,0.0045393054209403256,-1.0735117597992818
7942,-0.006550102945492971,0.004276122739688505,-1.5317855319489997
7943,0.0036523358100686368,0.004559946437770489,0.8009602437028596
7944,-0.005976782115844873,0.0042048851396372985,-1.421390101599877
7945,0.007027912529245104,0.004237364066948574,1.6585576358809477
7946,0.0063929787794550184,0.004349413586018522,1.4698484411796735
7947,-0.002849256335123002,0.004618513131357022,-0.6169206959222885
7948,0.0051517265475505974,0.004528532146135672,1.1376150993974317
7949,0.005529609867937725,0.004469569560390039,1.23716832084725
7950,-0.00034929051640583805,0.0047376310967887905,-0.0737268287188064
7951,-0.00038334317652373906,0.004744861104689728,-0.08079123246512952
7952,-0.0053617625065716205,0.004547409069351884,-1.1790807523141527
7953,-0.0030085907233286216,0.004571432297145872,-0.6581286843528241
7954,0.0053702248577976765,0.004531716534803351,1.1850310619727922
7955,0.0035508923787934197,0.0046721383953025435,0.7600143827853119
7956,-0.006886457797963427,0.004407590086897183,-1.5624088588535907
7957,0.005109245351698082,0.004552649354145149,1.1222576030473679
7958,0.00043219255666377294,0.00473287270107497,0.09131717330271945
7959,-0.004103268571695102,0.00447246974254565,-0.9174502697383471
7960,-0.004294464076828662,0.004456642450341305,-0.9636097408935682
7961,0.004289714195112498,0.004569112449760026,0.938850650379112
7962,0.0009029292852879602,0.004706117805397038,0.19186287352443002
7963,-0.004707650030770768,0.004659486855357913,-1.0103365835998597
7964,-0.0004123803503959822,0.004748715849365733,-0.08684039295614249
7965,-0.0028621038684964926,0.004633236887140693,-0.6177331179504576
7966,-0.0037062236058081717,0.004522808541363914,-0.8194518012231642
7967,-0.001415737553415266,0.004710273265441077,-0.3005637833801335
7968,0.0005445549807463358,0.00475985445125438,0.11440580511927784
7969,0.003357767250686499,0.004585467561985778,0.7322627857021384
7970,-0.005098512514588222,0.004516762370155525,-1.1287980408880058
7971,0.002519678890588403,0.0045669357156280675,0.5517219964288208
7972,0.003381662784266641,0.004598034364728736,0.7354583537276682
7973,0.004028394493255345,0.004630551232650123,0.8699600308600502
7974,-0.002102346476539854,0.0046852631055686895,-0.4487147101816121
7975,0.005149466625929885,0.004379020198508358,1.1759403685061711
7976,-0.003635211558425094,0.00457231394640384,-0.7950485467613649
7977,-0.0012642916540533216,0.004742394990336267,-0.2665934947699654
7978,0.005600936013700291,0.004470915405474393,1.252749270729267
7979,0.0014813575620345363,0.004733305338678191,0.3129647162057405
7980,0.004345803513689452,0.004442512387058394,0.9782310402441043
7981,0.00475254304177527,0.004478015328727472,1.0613056662148164
7982,0.0069183522803710484,0.004489164739005767,1.5411223874807685
7983,0.0010308278513148081,0.0047440158392698635,0.21729013693037325
7984,0.00451485266818086,0.004482879293340903,1.0071323300824655
7985,0.005008397452994994,0.004484832762373583,1.1167411848695818
7986,-0.003715261675609608,0.004640659102835539,-0.8005892252114589
7987,0.0005393919847341931,0.00472925085330194,0.11405442457288816
7988,-0.0018742396761319724,0.004700640336977879,-0.39872007679212335
7989,-0.0047574934246868055,0.004467181155052368,-1.064987798694059
7990,0.008088095498307671,0.003947452341471556,2.048940632755693
7991,-9.831230261445203e-05,0.004754628835692774,-0.02067717712819689
7992,0.0028627976819875153,0.004635254053244564,0.6176139752218386
7993,-0.005980164070857187,0.004444302090049487,-1.3455800145193548
7994,-0.0007745704259496775,0.004726713663869241,-0.16387081618047955
7995,0.006450582333236387,0.004293383091246316,1.5024474164414392
7996,0.004404664399755555,0.00456041859084772,0.9658465143079745
7997,0.006515272613890796,0.00441658048503522,1.475184848542127
7998,-0.007453285334194597,0.004225513776866203,-1.7638767089104674
7999,-0.0006847121623229889,0.004735567092397849,-0.14458926438233305
8000,0.001837507608587208,0.004714944689403676,0.38971986515914087
8001,0.006048926296680995,0.004365619838642456,1.3855824648629929
8002,-0.005897596909361546,0.004393790716187321,-1.3422571283684492
8003,-0.0016557471566366016,0.0046869028496201275,-0.35327106401849134
8004,-0.0037152208469580007,0.004399423333119936,-0.8444790522859914
8005,0.0023762043114934597,0.004628498219713244,0.5133855947860073
8006,-0.0034571358120164164,0.0046527301423093465,-0.7430338116064676
8007,-0.005450186034821,0.0044301864402285585,-1.2302385257040827
8008,-0.0011359123907927191,0.004786513925209903,-0.23731517520716416
8009,0.0038282485485768656,0.004658502263271257,0.8217766853436329
8010,0.0004968867640944002,0.004745451264890594,0.10470801117917619
8011,-0.0042021553374798955,0.004646947622630111,-0.904282914017768
8012,0.003560696262108659,0.0046295068608375855,0.7691307884711605
8013,0.0037310539495698206,0.004542606158523363,0.8213465617240856
8014,-0.010143789833796444,0.003826782188086121,-2.6507361368454663
8015,0.0006391671809792636,0.004735899934730802,0.13496213809162655
8016,-0.009829067421488058,0.003900268314007094,-2.5201003187880118
8017,-0.00032485883386034034,0.004759635723883365,-0.06825287746922143
8018,0.002252265886519402,0.004683377295372896,0.4809063512232093
8019,0.006579983384534804,0.004333261581886514,1.5184828472021679
8020,-0.004360212545414813,0.00452159712988855,-0.964308057565112
8021,0.007445739291127054,0.004182572575748528,1.7801817317645798
8022,-0.0006215529673419643,0.004763290551596449,-0.13048814902413344
8023,-0.0008456814211883867,0.004733186833354306,-0.17867061896415165
8024,-0.007395165132067696,0.004189957710721032,-1.7649736924898685
8025,0.001265879152247499,0.004691395236170774,0.26982999481423764
8026,-0.003677989597347262,0.004545463155528981,-0.8091561786995134
8027,-0.0025840814597517477,0.004654113594096493,-0.5552252663169898
8028,-0.0037158233976590156,0.004538313510006029,-0.8187674539157342
8029,-0.003655312104205842,0.0046426210934431686,-0.7873380210520055
8030,-0.0044880533235042526,0.004392999183305694,-1.021637641217823
8031,0.0008582754752323261,0.004715476069580797,0.18201247606132506
8032,0.0017592003786723802,0.0047271518778722035,0.37214805534537543
8033,0.0021568926869241275,0.004675384236394679,0.46132950317413235
8034,-0.0023394232179854454,0.00465464555997941,-0.5025996475649575
8035,0.0007647846392765565,0.0047113167891219805,0.1623292751280019
8036,0.005044515810927374,0.004516864337981004,1.11681809181416
8037,0.006993826060807063,0.004245534885819547,1.647336848924984
8038,0.0045578757964017304,0.004474070811775996,1.0187312602217102
8039,-0.003428628547464695,0.004664044646374178,-0.7351191524571075
8040,0.00605091743756044,0.004388346395461782,1.3788604846276515
8041,-0.0006935063912909971,0.004736961906542564,-0.1464032020889053
8042,-0.0045731189800536495,0.0044714172030925585,-1.0227448641765637
8043,0.0057197298366776115,0.00453556970629454,1.2610829966386967
8044,-0.0065251753958840515,0.004300029141875771,-1.5174723660215987
8045,0.0035053036959196656,0.004594640807009754,0.762911366340508
8046,0.0018115109197560071,0.004707760360702563,0.3847925087430886
8047,0.0009189216926794386,0.004758541128510219,0.19310996119668514
8048,0.004248103594088901,0.004557262986805015,0.9321611691905325
8049,0.005457485023818448,0.004365981265900499,1.2500019334583246
8050,-0.001991395723046816,0.004605207970871471,-0.4324225389260699
8051,0.004243581774615199,0.0043871095781054074,0.9672841990985346
8052,-0.0003571763824051825,0.004769083538821839,-0.07489413416595757
8053,-0.005205289804363665,0.004528803924037164,-1.1493740713162635
8054,-0.006524885625673031,0.004324760630387009,-1.5087275766957629
8055,-0.002391106366997821,0.0046783580556795925,-0.5110994794626684
8056,-0.0034760864193064634,0.004618201325709814,-0.7526926987688636
8057,-0.003344463627768505,0.004581510128661298,-0.7299915385641079
8058,0.002593815844321146,0.004700228115302341,0.551848927475789
8059,0.002710955960071232,0.004643666385188321,0.5837964520272683
8060,0.00695348673246262,0.004390410552231101,1.5837896364678299
8061,-0.0023859569874658607,0.004659640122869817,-0.5120474810394537
8062,-0.0010435143191910524,0.004698756771433828,-0.22208306791598906
8063,0.003922351379137862,0.004475570271331827,0.8763914186003073
8064,-0.005482619278135224,0.004501866582459808,-1.2178546782120618
8065,-0.007927406228257395,0.003999188411218988,-1.9822537507906637
8066,-0.0001649195569484901,0.0047571015685181125,-0.03466807562821583
8067,-0.006002477979029493,0.0044759289517790095,-1.341057475151329
8068,-0.002483954158146739,0.004789565030143492,-0.5186179000626956
8069,-0.006730707847337777,0.004300263594862515,-1.5651849471225188
8070,-0.0012576680082402596,0.004721300940186702,-0.2663816655988308
8071,0.002132468051367376,0.004640842895390145,0.4595001596553947
8072,-0.005480083232633187,0.004404610009029076,-1.2441699086637596
8073,0.0008439886887688725,0.004742805604958985,0.17795135602572756
8074,-0.0002360941679880795,0.004746810348039285,-0.04973743433537438
8075,-0.006629488398463663,0.0043133772265224885,-1.536960031619692
8076,-0.005682924608994817,0.004207755925515931,-1.3505832347673563
8077,0.002327852202371177,0.004638328760757707,0.5018730500661847
8078,0.003435584137773517,0.004442343388822334,0.7733720329720596
8079,0.004844414927791999,0.0045026973951251305,1.0758917383692785
8080,0.0007854865074965999,0.0047487378283989695,0.16540953320251534
8081,0.0018768104619401064,0.004690194538474083,0.40015620813688285
8082,-0.007676063013679706,0.004236040939730463,-1.8120842368837282
8083,-0.006399606450746837,0.004344466930370441,-1.473047569083731
8084,-0.0032559733317800185,0.0045601314405494765,-0.7140086583529899
8085,-0.0034774640336522975,0.004624891608492936,-0.7519017369545363
8086,0.004110827116545063,0.0044928552413450095,0.91496985674402
8087,0.004727489637484983,0.004545129965506465,1.0401219928500323
8088,-0.005702605003436527,0.0044872787159508185,-1.2708381547964958
8089,0.002333608103737309,0.004685516643060222,0.49804712724553984
8090,-0.0027896524249622153,0.0045887908159511345,-0.607927564548177
8091,-0.0015114937151763255,0.0047030210491922405,-0.32138782696622836
8092,-0.0008630517966349053,0.0047847941859687545,-0.18037386000128808
8093,-0.0030370392473328496,0.0045888942295390115,-0.6618237630719902
8094,0.004358673769334586,0.004409184009624745,0.9885443111061138
8095,-0.0008592607528884118,0.00471487376314125,-0.18224469965786222
8096,-0.006736416481462849,0.004340571166235631,-1.5519654495850645
8097,-0.0006336315963413455,0.004716309406168478,-0.13434903051793345
8098,-0.005812447392070875,0.004410087185280651,-1.317989225127072
8099,0.0011175174617416885,0.00471197345348134,0.23716548337428234
8100,-0.00857886267301265,0.0041957847877971905,-2.0446383946962636
8101,-0.005281774681479585,0.0045308919048958575,-1.1657251579479
8102,0.004983010984019553,0.004366622121618067,1.141159194735422
8103,-0.0014797726199665096,0.004716185013675269,-0.31376475173804513
8104,0.0022073758319932687,0.004737043562235259,0.46598174641900036
8105,-0.001640992699076702,0.004705220228020813,-0.34876001962759634
8106,-0.0038600999840125464,0.0045525241719661875,-0.8479032374572565
8107,0.002889792633943697,0.004679061386608363,0.6176009235985628
8108,0.004820776474671968,0.004429824996448975,1.0882543844364927
8109,0.0017021995749105672,0.004746093625218063,0.3586527593695243
8110,0.008457143068199,0.004288425252558196,1.972085922018582
8111,0.00020658686834765106,0.004753537613133967,0.04345960527941423
8112,0.006950884959375833,0.004413232057746141,1.5750100761584886
8113,0.0042747241436346065,0.004434295265321087,0.9640143219748075
8114,-0.005502093850542243,0.004376726775257376,-1.257125274907911
8115,-0.0012074679900553643,0.00473458424773526,-0.2550314720100174
8116,-0.004050887672106237,0.004574495303062838,-0.8855376175365136
8117,-0.0023276133780371503,0.0046972732924172285,-0.4955243676782865
8118,-0.0008644739658775127,0.004778976006504734,-0.18089104542497483
8119,0.00441278483606561,0.004409901720870821,1.00065378218774
8120,-0.0030713763506256746,0.0045797020351300505,-0.6706498211162456
8121,0.006431042204647249,0.004358054016685965,1.4756683097603425
8122,0.0076151656025703505,0.004254188311596852,1.7900396138580714
8123,-0.00045115360750795375,0.004737913138746338,-0.09522200899346372
8124,0.002219210364855601,0.004635449342741528,0.4787476252610931
8125,-0.005620470050328997,0.00436456440917312,-1.2877505114866232
8126,-0.0001376974319381061,0.004746377706944749,-0.029011056523510888
8127,0.0007757960825522972,0.004733408419396395,0.16389798086581062
8128,0.0053235826188701325,0.004412576072709621,1.206456847689221
8129,0.0018821749717676023,0.0046856278001087045,0.4016910971298097
8130,-0.003844704954084003,0.004637203735739893,-0.829099856978908
8131,0.005661445999200652,0.004389416074760889,1.2897947933789933
8132,0.0031373539341784046,0.004601445440476853,0.6818192184961074
8133,0.008394788159543264,0.0040905625799375935,2.0522331575407255
8134,-0.003015893807941551,0.004631302205583521,-0.6511978001145281
8135,0.002136491218944225,0.004707900383552322,0.4538097760964404
8136,-0.0013066929694346028,0.004783047760776517,-0.27319254057008713
8137,0.00579847562892742,0.00435098431022769,1.3326813464477836
8138,0.001656163511148179,0.004698420350149627,0.3524936867548337
8139,0.0029555857646840107,0.004595903508155708,0.6430913441588026
8140,-0.0043362309511281285,0.004566107174766588,-0.9496559728363777
8141,0.003831368549943529,0.004598613059445139,0.8331574108141675
8142,-0.0006742780171141004,0.0047247633813763705,-0.1427114889545382
8143,0.006802017429084005,0.004313155523811929,1.5770396851056374
8144,-0.005287164130740484,0.0044685082278892166,-1.1832056384593421
8145,0.005452006365877942,0.004519507240298478,1.2063276096262832
8146,0.004595969404460506,0.004471963582084317,1.0277296136473435
8147,-0.005902278706526817,0.004457065211033826,-1.324252266248034
8148,-0.0032582683087793085,0.004508639732686612,-0.722672136599783
8149,0.00453471584434461,0.004302773469530611,1.053905318617506
8150,0.005717148292181213,0.0045091442221174855,1.267900960927005
8151,0.0012882351662630125,0.004666641364803233,0.27605188947647585
8152,3.0365269860708664e-05,0.004753730063598069,0.006387672302479325
8153,0.007969097224268676,0.004178336833238231,1.9072414557092054
8154,-0.004315053995767368,0.004581751439448371,-0.9417913766808108
8155,-0.0036954154710983032,0.004507589442747405,-0.8198207751693383
8156,-0.003803123794698796,0.004549728240795666,-0.8359013095766129
8157,-0.0009472695800436145,0.004712324531528057,-0.20101959737829114
8158,-0.008463310128890369,0.004023598540886615,-2.1034181325221
8159,-0.008833635692644429,0.004031472017098642,-2.1911687976943455
8160,-0.0008108814560150324,0.004725294468625542,-0.1716044283375414
8161,0.00197223634332018,0.0046782086912953,0.4215793850731589
8162,0.0013598546002051856,0.004751011666604972,0.2862242182572717
8163,0.002297409567407152,0.004615386068860769,0.4977719161799674
8164,0.003922648913318034,0.004595239314995361,0.8536332156885705
8165,0.002262309591568535,0.004664216341463376,0.4850353040997121
8166,-0.003212518778645712,0.004597928768886,-0.6986882442339467
8167,0.005732343085832835,0.004445788872068428,1.2893871595764355
8168,-0.006040193129140475,0.00445491937783848,-1.3558479103321435
8169,-0.004912710603657764,0.004285663307290781,-1.1463127762043857
8170,-0.005668966182541023,0.004361351977896262,-1.2998185450914927
8171,0.0021221953249925683,0.004648651752391447,0.4565184569699868
8172,-0.004936191306863038,0.004316308307524555,-1.14361416172655
8173,0.0067226136621708794,0.004136933206339575,1.625023496117588
8174,-0.004507328174993117,0.004576894456512506,-0.984800549328726
8175,-0.007489997480451518,0.004067113587268467,-1.8416002700042389
8176,0.0035819564758658405,0.004611705646663494,0.7767096927483516
8177,0.0025234690980052207,0.004621079520826667,0.5460778345475856
8178,0.00032531414510740466,0.0047414119624643045,0.06861123810434006
8179,0.00597109844189048,0.004389586938910204,1.3602870896487849
8180,0.0007901943022442595,0.004729013142184115,0.16709496854544686
8181,0.00360924834546416,0.00447128585964406,0.8072059042432767
8182,-0.0002812745973632814,0.004749410631530677,-0.059223052960706
8183,0.002063780339742532,0.004665158357169066,0.44238162603228015
8184,0.0012568463296151488,0.004700153027830163,0.2674054062012902
8185,-0.0031306401693836916,0.00464921446322983,-0.6733697045261323
8186,0.005617327508581918,0.004346233212984708,1.2924588335020122
8187,0.008258674103471832,0.004158185957906358,1.9861242828182857
8188,0.0033119679661007618,0.004614378847564099,0.7177494686742352
8189,0.0055509740513243295,0.004422314371767713,1.255219232436762
8190,0.0017408190746716651,0.004693346407817193,0.3709121218438454
8191,-0.0034577516089925138,0.004532823948400709,-0.7628250398325074
8192,-0.003099927171348955,0.004657491290530815,-0.6655787371307474
8193,0.005302037072768688,0.004432604238923905,1.1961449267701494
8194,-0.004868432057062407,0.004343099915827478,-1.1209578760369916
8195,-0.0016032061497977762,0.004706251046174999,-0.34065461745836534
8196,0.0031400398203922752,0.00457370968552678,0.6865411310054803
8197,-0.0016390683329312596,0.004671089656864014,-0.35089635467020036
8198,0.000461490361804103,0.004765905126284665,0.09683163000012654
8199,-0.0006286675337215934,0.004726711793518425,-0.13300314493125287
8200,-0.004009665026359261,0.004491695264278036,-0.8926841182320829
8201,-0.002847098257286823,0.004574479219745705,-0.6223874064171818
8202,0.0015026223026443858,0.004683443748688811,0.3208370556527051
8203,-0.0022560743685761486,0.004657160792944044,-0.48443128096291505
8204,0.0041225753705685965,0.004571979806558248,0.9017046323465808
8205,-0.00306087454266591,0.004625151392599271,-0.6617890492327735
8206,-0.006730464222130515,0.004446868365551922,-1.5135289981301627
8207,0.002009881850083297,0.004724041005357566,0.4254581718922162
8208,0.005033286089140799,0.004460762040625476,1.1283466912830538
8209,-0.004748033673873233,0.0045175987215929775,-1.0510082826035068
8210,0.0015126931156905327,0.004695571221937305,0.3221531618183876
8211,-0.0017844988463391945,0.004673948743011238,-0.3817968369908809
8212,0.004445062305873457,0.004560195717374104,0.9747525284798645
8213,-0.00459969116689596,0.004502571890795759,-1.0215697335779879
8214,-0.006155961210290128,0.0043623429172449145,-1.4111593992198102
8215,0.0014613768191903596,0.004684721833072354,0.31194527044777665
8216,-0.0037080246100074047,0.004577967745072685,-0.8099717639990782
8217,-0.0015212003940406546,0.004736177909399327,-0.3211873420172223
8218,0.00039695864253925785,0.00476500118127379,0.08330714462344416
8219,0.003529143453588096,0.0046430175864917095,0.7600969386494909
8220,0.0041705052628299225,0.00449517148263667,0.9277744528632949
8221,-0.005915305187958188,0.0043692409528109395,-1.3538519051352826
8222,-0.00020575792309659917,0.004762552506476604,-0.043203287064402664
8223,0.002831227711145038,0.004634594759500311,0.6108900255715761
8224,-0.0017403317649491805,0.004799591208369544,-0.36259999849870217
8225,-0.004712118237107066,0.004381891420986531,-1.0753617067138985
8226,0.0021757702721548772,0.00469951715624636,0.462977408064774
8227,-0.0024459850104258554,0.004661359890762246,-0.5247363575752305
8228,0.004959108017764906,0.00454758170558223,1.090493439991968
8229,-0.001956827224026631,0.004751564560355573,-0.41182797774722774
8230,-0.007740377140260127,0.004010208825181226,-1.9301680978945854
8231,0.005226811236984277,0.0046390476917133406,1.1266991814550322
8232,-0.006309127022895971,0.004288120161302722,-1.4713036914943332
8233,0.004413033626576816,0.004609864267640886,0.9573022914262942
8234,-0.003756285006252676,0.004570299636578499,-0.8218903146282056
8235,0.0023037041901048175,0.00469941148751449,0.490211209685586
8236,0.004765689219915595,0.004576157943713363,1.0414171185814527
8237,0.0059160632642697416,0.004520727481369808,1.3086529300096492
8238,0.0006150750981565119,0.004777629239813202,0.1287406509134142
8239,-0.00198803311010279,0.00467357573835526,-0.4253773173690826
8240,-0.008626215334598725,0.004103093421295788,-2.102368737164776
8241,0.004530954004758716,0.004538642338404019,0.9983060278664728
8242,-0.0013055357712582294,0.004715658235305937,-0.27685122757279934
8243,0.0045374874906346846,0.004551358473001529,0.9969523423722552
8244,0.003243632087836262,0.004653811659792816,0.6969839617404426
8245,0.004314716724497149,0.0043810434377883544,0.9848605214184571
8246,-0.0023492065201464784,0.004824470527497999,-0.4869356143346142
8247,-0.002162381714964533,0.004678365030477434,-0.46220884879174523
8248,-0.002768893038184016,0.004628052750446239,-0.5982846755402773
8249,-0.0011405487847663497,0.004738954489715394,-0.24067519264884252
8250,-0.008109440479094829,0.004196400079427805,-1.9324755327429557
8251,0.001996049345792562,0.0046927442471597705,0.4253479927018498
8252,-0.006564139396946797,0.004435394482846023,-1.4799448893066303
8253,0.0005702716689341274,0.004770140153552982,0.11955029633864475
8254,-0.0029663306712197123,0.004670373026405772,-0.6351378475441698
8255,0.0020834122755876,0.004677877348850586,0.4453755667834089
8256,-0.0003360641632024256,0.004755384324066366,-0.07067024246634487
8257,-0.001754566488996364,0.004770911506065976,-0.3677633690680534
8258,-0.007492372431220088,0.004204827363045999,-1.7818501889201401
8259,0.004033819798976358,0.004594953979338796,0.8778803481197903
8260,0.004689016738194046,0.0044079654652956655,1.0637598627101605
8261,-0.0015685728974341262,0.004705946235518207,-0.3333172159076736
8262,0.005015191597148462,0.004512814304868011,1.1113223940410162
8263,0.00485990334472447,0.004566015629635487,1.064364150043973
8264,0.0058681242336177586,0.004632288575787576,1.2667872775219036
8265,0.0015561003042839712,0.004696641080563823,0.3313219549016857
8266,-0.001524473546922507,0.004695144182553268,-0.3246915297270983
8267,0.004684484198662534,0.004527458960681019,1.0346828628034423
8268,-0.0030953672890090818,0.004513048397279926,-0.6858706170478253
8269,-0.0023693023701558194,0.004588771188527187,-0.516326108409923
8270,-0.001320548882031896,0.004707109122635016,-0.2805435029499931
8271,-0.007376865122944919,0.004285891312578211,-1.7211974324442934
8272,-0.0036606216989922653,0.004516056360245491,-0.8105792769143554
8273,0.003228613182561058,0.00456885266980413,0.7066573198779621
8274,-0.003135864980453716,0.004634794287736991,-0.6765920525859735
8275,0.004833075947327601,0.004420324049164633,1.093375936599257
8276,0.001128643421748675,0.004722758390858422,0.23897970811577546
8277,-0.0036849895347447954,0.004612810517478608,-0.798859940329618
8278,0.001487347021980767,0.004718597425910823,0.31520956075070694
8279,-0.005793530589961482,0.0043099729892219114,-1.3442150576000247
8280,-0.003016896580353779,0.004660639639563614,-0.64731384824171
8281,0.00035396089503548437,0.004762694493150946,0.07431946255307839
8282,0.003837135223738461,0.004584313115742502,0.8370142106048043
8283,0.001727402249784539,0.004739572680745382,0.36446371142321515
8284,-0.00016431977443195775,0.004759563716837342,-0.03452412536272248
8285,0.0051527033156009575,0.004506774985139532,1.143323847449958
8286,-0.005292802089934798,0.004423464032628174,-1.1965287952822152
8287,0.0035319373026494513,0.004428224240881482,0.7975967589993554
8288,0.00026385323012866025,0.0047592744601296505,0.055439801242618915
8289,-0.001866286088964813,0.004642010754080974,-0.4020426034825722
8290,-0.004670819135812023,0.004426534946304265,-1.055186323494794
8291,0.00465882831940975,0.004351726722722177,1.0705700555791033
8292,0.005882498840453217,0.004526181964995584,1.299660262434667
8293,0.0012828230085838957,0.0047061863479538404,0.2725822807976234
8294,-0.00599156438158355,0.004446553548602413,-1.3474625496114279
8295,0.0067636605107899836,0.004261223954854114,1.5872576946079668
8296,0.001286558212284873,0.004742248082627867,0.27129711264956435
8297,-0.0037781361963897747,0.004654550410701502,-0.811708084137037
8298,-0.004107311503558682,0.004485153112878262,-0.9157572551459437
8299,0.005784545723004485,0.004522900130749141,1.2789461530839448
8300,-0.007523570092921987,0.0042892885150985,-1.75403684467451
8301,0.003382670282416484,0.004602417356235863,0.7349768655450747
8302,0.004688957911453997,0.004612296475672759,1.0166210988789606
8303,0.0012578033475972707,0.004791426160730377,0.26251126604141145
8304,0.0028041326933846322,0.004655130594309877,0.602374656644911
8305,0.003230655718300229,0.004595914764999243,0.7029407383495636
8306,-0.000525453057709455,0.004736417426554129,-0.11093892501188102
8307,-0.005435091614416385,0.00457574611363769,-1.1878044540577715
8308,0.0034304352407020936,0.004659292323658424,0.7362567107634395
8309,-0.004546065267884582,0.00450566769043468,-1.0089659469418184
8310,0.001610320428460514,0.004711991803591382,0.3417494120497326
8311,0.00478900271077391,0.004458392050892555,1.07415468539048
8312,0.004760938351413247,0.004460155771577049,1.0674376849689815
8313,0.0035222230434145243,0.004635925810965929,0.759766913241574
8314,0.004936905495945255,0.004453537925530527,1.1085356358242187
8315,0.004122495967931115,0.004640832860710247,0.8883095107416119
8316,-0.0023802400730784184,0.004690892324943262,-0.5074173330352895
8317,-0.002759638800272359,0.004626625868821252,-0.5964689772885063
8318,0.00024264489570456434,0.00474698769017897,0.051115551912336264
8319,-0.004995563152984333,0.004437480554723691,-1.1257656436751173
8320,0.0014520959806036294,0.0047178428776459965,0.30778811805792133
8321,-0.002432817563832475,0.0046914669222810085,-0.518562233121241
8322,-0.005811220497064323,0.004437555328263385,-1.3095544882678711
8323,0.007679802768400431,0.004381892552658124,1.7526223375198333
8324,-0.005177615102678436,0.0045670786192456795,-1.1336820611889522
8325,-0.002632589234797738,0.004613837571039626,-0.5705855904685744
8326,-0.0028612580736788185,0.004681852949004429,-0.6111379628630262
8327,0.0020015608359523723,0.00468359291335102,0.42735585115579444
8328,0.008684576987501176,0.0040989059889242835,2.118754860679387
8329,0.0036245150506976887,0.004693038962482838,0.7723172723842356
8330,-0.004698883643740924,0.004450821113383923,-1.0557341047949693
8331,0.003972261539241433,0.004553731415395524,0.8723091409852977
8332,0.004941906048642168,0.004586347476710111,1.077525432544659
8333,0.003060669028826063,0.004668022557793277,0.6556671461915425
8334,-0.0034922653743992096,0.004516372765268784,-0.7732456012610317
8335,-0.005743046215578499,0.00446702834975705,-1.285652511225018
8336,0.004043112048562406,0.004575035829578667,0.8837334174352798
8337,0.002711214123904911,0.004628732658286186,0.5857357346079161
8338,-0.002453618919244649,0.0045986414100554025,-0.5335529997793607
8339,0.002820987539099114,0.004600184601591774,0.6132335511324882
8340,-0.0036113003144181595,0.004638154447245971,-0.7786071713421414
8341,-0.0036268911091026207,0.004434181642508355,-0.8179392279137528
8342,0.004084803399125381,0.0045874373822735355,0.8904325135662018
8343,0.0020874338130134826,0.004633695199629126,0.45049009981937477
8344,-0.004912220732825649,0.004394337788780803,-1.1178523292786129
8345,0.0028993088841331033,0.004591860465027688,0.6314017828317484
8346,-0.0021087594698394416,0.004751812692008682,-0.4437800070246516
8347,0.00178107268389921,0.0046970711836775295,0.3791879267421992
8348,0.0036210594489088054,0.004613036027596279,0.784962317061208
8349,-0.00042161934946471116,0.004763249751641253,-0.08851506249896628
8350,1.0541821959376118e-05,0.004752725726803286,0.002218058134498457
8351,0.0014762617448851915,0.004730803776299705,0.3120530494798666
8352,0.006691579978794506,0.00438938803401072,1.524490413457523
8353,-0.003939162987206337,0.004546855693930516,-0.8663488028583417
8354,0.0046807277896413965,0.004554053881148507,1.0278156367488878
8355,0.0019529195223606936,0.004689261532709226,0.4164663260384183
8356,-0.002217022058532657,0.004640417131212533,-0.477763527683847
8357,-0.005803931190713723,0.0043804867181839995,-1.32495121298298
8358,0.0014401241475176217,0.004688898201765209,0.30713487167954817
8359,0.0037495083705684795,0.004557622762523578,0.8226894953658601
8360,-0.0051484343065225716,0.0042804573858319424,-1.2027766760541947
8361,0.0035429011262831838,0.004520809594230124,0.7836873136185524
8362,0.00338546546336181,0.004574447323902257,0.7400818555002663
8363,0.00818269423734001,0.004255486673915088,1.9228574460114225
8364,0.0014241839338683454,0.004680889004349386,0.3042550106496913
8365,0.002308281272953803,0.004626710146760804,0.4989033675623377
8366,0.0059716423658407024,0.004467003223541844,1.336834129505249
8367,0.006682318854686664,0.004448802987346829,1.5020487249474392
8368,0.003060033032353796,0.004578934249043583,0.6682849907689666
8369,0.0025807627160487497,0.004617044582666808,0.5589642183091287
8370,0.002624941875401982,0.004695537971013542,0.5590289955285747
8371,0.0021541088013926715,0.004654641800337486,0.4627872334314721
8372,0.004072053105756867,0.004605119411836838,0.884244846135847
8373,0.0030647306961038142,0.004613138490910917,0.6643482960986606
8374,-0.007517892106963701,0.00426632519804801,-1.7621469902021052
8375,0.002014163089616058,0.004626423910184911,0.43536068650820087
8376,0.0003489477877290057,0.004738710029541211,0.07363771692162178
8377,-0.004399909629845181,0.00457583521383815,-0.9615533392765241
8378,-0.00016810433420242084,0.004759421246146629,-0.035320331088264816
8379,0.0031117748294096663,0.00459034296290658,0.6778959338234953
8380,0.0009766809975382772,0.004758988537667291,0.2052286929896696
8381,-0.0033787834053244717,0.004519774270773413,-0.747555785511895
8382,0.0028332479384072,0.004702355568714987,0.6025167380486802
8383,0.005029478826386826,0.004451583372566927,1.1298179558718824
8384,-0.007183734329323284,0.004362917498748612,-1.6465437018654945
8385,0.003811532104566361,0.0045651945880909916,0.8349112028015905
8386,-0.006054966569560091,0.004320087560618131,-1.4015842236062752
8387,0.00496153934612567,0.004392246842936402,1.1296130485254494
8388,-0.004731288861778537,0.004522035823599387,-1.0462740779467314
8389,0.004092226373695336,0.004476029323325968,0.9142537007900023
8390,-7.145691754436102e-05,0.004750000049276865,-0.01504356143222347
8391,-0.0029943919469453037,0.004595277586856944,-0.6516237355300648
8392,0.002287432103442245,0.004712062853592085,0.4854417639396505
8393,0.0015862774007001218,0.004694562048790915,0.33789678019245006
8394,0.0013444682677485934,0.004694251719700099,0.28640736543938194
8395,-0.004415347489409808,0.0045629835646313465,-0.9676448373897515
8396,-0.004642206510083087,0.004411314382641695,-1.052340891492554
8397,0.001969316438660007,0.004682684072120432,0.4205529154496756
8398,0.0017955900975395428,0.004699593957742632,0.3820734543632836
8399,0.008336788072858545,0.004221366052231782,1.974902903398058
8400,-0.0005571964809791003,0.0047230141854302885,-0.11797476338266326
8401,-0.0038491367218904384,0.004646261995826381,-0.8284372954749474
8402,-0.0013075324219378192,0.004698071451935329,-0.27831258747654697
8403,0.0069992218960570635,0.004416682309107393,1.584723873307428
8404,-0.003698873567156386,0.00461745857020346,-0.8010626432092497
8405,-0.007622249116655193,0.004143058770229427,-1.839763696191329
8406,-0.004390457394563271,0.004488099427696029,-0.9782442357381368
8407,0.004286385511839337,0.004460471345870304,0.9609714264408079
8408,-0.005870762884274514,0.004572916200794435,-1.2838116043444245
8409,0.005323313448565738,0.004495405839541458,1.1841674897830199
8410,0.005935941420783686,0.00439220033026895,1.3514732877450986
8411,-0.003150641860176974,0.004605142528818171,-0.6841572959926456
8412,-0.004599856880988435,0.0046530502780989325,-0.9885680588149093
8413,-0.004092294536157464,0.004456913460984757,-0.9181902614849671
8414,0.0065289330564912,0.004428713603230954,1.474227877758462
8415,-0.0009984449589125462,0.004759158744042685,-0.2097944222100928
8416,0.0029858012181479742,0.004658565917316647,0.6409271160142364
8417,0.0024366581964302787,0.004670630123121677,0.5216979577054811
8418,-0.0037420791046231436,0.004689488162131041,-0.7979717562444242
8419,0.0035543505112245284,0.004631116959120956,0.7674931431442813
8420,-0.004090806690353125,0.004494073135533956,-0.9102670488398901
8421,0.007220992846564833,0.004271475014244689,1.6905150615382207
8422,0.00529070116941177,0.004436807414206057,1.192456799560797
8423,-0.006089398529625643,0.004406086835548788,-1.3820423330052674
8424,-0.0035905722773761986,0.004484242886179322,-0.8007086967663004
8425,0.005942864502914311,0.0043921199750736875,1.3530742640550493
8426,-0.0008035901436840309,0.0046993071810429365,-0.17100183340338412
8427,-0.005653300720635014,0.00448618828516168,-1.2601568104784242
8428,0.00712577830856478,0.004293546109929601,1.6596487206892063
8429,0.007747225728328757,0.0042386209656090825,1.8277703505898395
8430,0.005231185547648551,0.004449954305328335,1.1755593852693669
8431,0.002085186483445286,0.0046582297031131535,0.4476349635681834
8432,-0.0024763330862450756,0.004652605133598118,-0.5322465619019746
8433,-0.0014936770139506368,0.004700173099228515,-0.3177919158330165
8434,8.867215310104256e-06,0.004752604258360289,0.001865759240211505
8435,-0.0023714909515203464,0.0046475144630548715,-0.5102708061206408
8436,-0.004531603919950517,0.004520922265441419,-1.0023627158092832
8437,-0.0029886718716654243,0.004660605953401566,-0.6412625099712898
8438,0.0010147300749580185,0.004694846451390764,0.2161370101161504
8439,0.004886990927250245,0.004495623171241602,1.087055284907377
8440,0.0013105829138966736,0.004708414282963351,0.27834910760482773
8441,-0.004468839869134805,0.004544735880015125,-0.9833002372670187
8442,-0.006058106221341013,0.004488434477949446,-1.3497147504554141
8443,-0.0031706257542889558,0.004577405408290167,-0.6926687657043914
8444,0.003359496646698847,0.004588558838701119,0.7321463589752764
8445,0.001978510272610444,0.004635365121365957,0.4268294343180917
8446,0.005640437665153866,0.00435350148145102,1.2956094511937346
8447,-0.0034148879384677026,0.004572663732856982,-0.7468049561418535
8448,0.0012107940781603706,0.004692937810564422,0.2580034355952285
8449,0.0022086787680591865,0.0046998480527581194,0.46994684578430507
8450,0.004659128641852124,0.004562581025042192,1.0211607457007383
8451,-0.005816482837481924,0.004368968172055398,-1.3313172832626834
8452,0.005045953204549956,0.004520131439193456,1.116328866191184
8453,0.006283223063747831,0.00444471218445957,1.4136400295426113
8454,0.0053967180362837425,0.004521631707603489,1.1935333050696555
8455,-0.0019997266183208614,0.004664828165965692,-0.42868173213983474
8456,0.004498675269403794,0.004507983943136445,0.9979350694567527
8457,0.0015323971177139404,0.004706966770571105,0.3255593660220405
8458,-0.0050673099942092565,0.00438336569518847,-1.1560317679566499
8459,0.0035854805653221765,0.004568682051559513,0.784795379686857
8460,0.006232012990110697,0.004439704499379414,1.4036999514228512
8461,-0.003969772331331651,0.004572251829563476,-0.868231339678999
8462,-0.004858144103021457,0.00456667531467868,-1.0638251612515364
8463,0.003978448848460368,0.00454026749780546,0.8762586896880752
8464,0.00583742987547391,0.0043244823854039815,1.3498563192618007
8465,-0.0033464765194662557,0.004637616423078803,-0.7215940720782186
8466,-0.0008520612460358759,0.004765008150015317,-0.17881632501156097
8467,-0.0043391316493020795,0.004539663091855836,-0.9558268006906702
8468,0.0012391262412852833,0.004684194055346072,0.2645334985366518
8469,-0.003323411979282184,0.0045790691658133915,-0.7257833107423347
8470,-0.00404098424741122,0.004670150148072407,-0.8652792992274834
8471,-0.00020376047649523028,0.0047626968225102,-0.04278258392014074
8472,-0.0023549753968911667,0.0046772210761816535,-0.5034988422684736
8473,0.002267035116689573,0.004649714522362723,0.4875643667554871
8474,-0.005639629149451102,0.004287378703044287,-1.3154026131273728
8475,0.0030100508735611754,0.004667075518910207,0.64495439625199
8476,-0.0005993075300886971,0.004735356605087583,-0.12656016855094118
8477,0.0030834969710772267,0.00455548948337027,0.6768750059315196
8478,-0.004562967364195971,0.004522762125835078,-1.008889531936962
8479,0.007214273933819651,0.004347499842336994,1.6594075205168095
8480,-0.0047904287012432685,0.0044709914925023745,-1.0714466152030426
8481,-0.006662176347236441,0.004232907502344243,-1.5739007629027648
8482,-0.006019538765050322,0.004528111799362441,-1.3293706144574156
8483,0.00452199245706939,0.004371874186731824,1.0343372805176232
8484,-0.0014916399123355364,0.004684015268038997,-0.31845325580247824
8485,0.005817589721047677,0.004546898478731773,1.27946329751139
8486,-0.004707100305966083,0.004549836438896063,-1.0345647297836
8487,0.001596887533338411,0.004699216931066081,0.33981992250273396
8488,0.0023783616682716063,0.004619831525084628,0.514815671384908
8489,-0.0005237577599062141,0.004769509550788769,-0.10981375638918607
8490,0.0010944118724352109,0.004707170155733113,0.23249889768744994
8491,0.0026309627009438036,0.004610741244328072,0.5706159945931245
8492,-0.002592599702011855,0.004774030837512822,-0.5430630404898158
8493,-0.0031613932642318705,0.004594783002882905,-0.6880397316365795
8494,-0.0015153407796238462,0.004714638212544808,-0.32141189022559474
8495,-0.004281134357532537,0.004649156283255297,-0.9208411369073027
8496,-0.0035652612010777266,0.004612312822482868,-0.7729877261790974
8497,0.004085807871174629,0.0044378732215925075,0.9206680018021016
8498,0.0030750047013842633,0.004691926160355072,0.6553821599680835
8499,0.00269918657893542,0.004611055568624207,0.5853728151319529
8500,-0.0020591577743411596,0.004615744590438422,-0.446116056466108
8501,0.0017316616581619754,0.004684010110473512,0.3696963963186065
8502,0.007150559573900486,0.004210189952780183,1.6983935770353165
8503,0.004351645833774641,0.004371081945740329,0.9955534780159798
8504,0.0032012454860782147,0.00452688405426747,0.7071631275955516
8505,-0.006182579601091613,0.004368479320451723,-1.4152704288073183
8506,-0.003612080014855573,0.004615624296604406,-0.7825766966156421
8507,-0.0030129146515843917,0.004611192512901932,-0.6533916428677348
8508,0.0024284410711824566,0.0046951105874822475,0.517227661826962
8509,0.0015281948124134716,0.00472816481537555,0.32321098609843824
8510,0.004348948383091499,0.004551891025965286,0.955415751010702
8511,0.0033820419784303113,0.004691876524393371,0.7208292803203271
8512,0.003907165171153128,0.004524739431207654,0.8635116409588043
8513,-0.004676878128375773,0.004582671358334327,-1.0205571734639265
8514,0.0025812599577267276,0.004588394386257043,0.5625627922172522
8515,0.0051325228761121165,0.004546030571319922,1.129011957924847
8516,0.004038324363105863,0.004650460121465058,0.8683709262372192
8517,-0.0041439160475454755,0.004686551307410836,-0.884214377636858
8518,0.0037010982824703647,0.0045610185056422815,0.8114631146293008
8519,0.0016048757660832812,0.004824392240295267,0.33265864095350967
8520,-0.003403785194789052,0.0046045972170190635,-0.7392145359008412
8521,-0.002561373876655258,0.004605378248031868,-0.5561701425392962
8522,-0.001333993400557158,0.004685947307754279,-0.2846795563299812
8523,0.004844880434488066,0.004441841860459225,1.090736812946144
8524,0.00716766240088682,0.004071395976786553,1.7604925784065026
8525,0.005617018796371566,0.0043319773490781205,1.2966408509885012
8526,0.0027198577204053873,0.004620630946515479,0.5886334035087768
8527,-0.006827582324188849,0.004344905043978067,-1.571399663532742
8528,-0.0052149643939846495,0.004487375589981783,-1.162141275989296
8529,-0.0038176263300371757,0.00451586213721466,-0.8453815050235016
8530,0.00012861870562146623,0.004748398430875937,0.02708675514361585
8531,-0.0008464205450597946,0.004717125563878711,-0.17943566131485708
8532,0.0011963600234815215,0.004738365429615879,0.25248369743793814
8533,-0.00219523352821996,0.004656605170588229,-0.4714235903196953
8534,-0.00464608238068794,0.004645404813192438,-1.0001458575781335
8535,0.00322752194563456,0.004513407275753773,0.715096544238973
8536,-0.0070850550116884565,0.004236812701392412,-1.6722606145322356
8537,-0.0035692204755942668,0.004508060390929069,-0.7917419391222228
8538,-0.004885349075843241,0.0044793151310692685,-1.09064643430815
8539,-0.004641213504713167,0.004526113952990865,-1.0254301047030077
8540,-0.005098841405825604,0.004529222644972134,-1.1257652373273812
8541,-0.006548896783250876,0.004303499718067973,-1.521760709256177
8542,-0.0041316924581369955,0.0044671156528905305,-0.9249128026187339
8543,-0.001247503893978735,0.004674165361332133,-0.26689340182504745
8544,0.001379084318906811,0.004691355287084469,0.29396288162260864
8545,0.001994591512650133,0.004710590340825321,0.4234270799062246
8546,-0.0032261445044508077,0.004530046848798061,-0.7121658146442321
8547,0.0019510366674048674,0.004738340177277553,0.41175529708925407
8548,2.0295957213301134e-05,0.0047525878060048835,0.004270506520186169
8549,-0.003382162733834278,0.004624735940751224,-0.7313201828524057
8550,0.0025343666325425775,0.004610715165596494,0.5496688781499917
8551,0.00046420770230401156,0.004732096686220666,0.09809767912302643
8552,-0.004153962239154683,0.004455838047505224,-0.932251620204294
8553,0.0021659220147489744,0.004654125451046714,0.4653768011908355
8554,0.003407890780852914,0.004569785820083527,0.7457440928359798
8555,-0.0036512612083631235,0.004639622469444997,-0.786973774786442
8556,0.00517364174692255,0.004409584588591815,1.1732719132562857
8557,0.0009607775127954271,0.004707256632641127,0.20410561560064303
8558,0.0026171888930845606,0.0046134461565329075,0.5672958574315361
8559,0.00661439953952374,0.0042599628249575935,1.5526894978454615
8560,-0.007082621227382685,0.004367902939560064,-1.6215152500838417
8561,-0.003999804386737433,0.004433823090952704,-0.9021118580258888
8562,0.00409820120175538,0.0045566176104414255,0.8993954621876563
8563,-0.0034882573721986415,0.004576095733902436,-0.7622780586419027
8564,-0.0014062069228332592,0.004677562613027389,-0.3006281346008837
8565,0.00029400494680823793,0.004738412955539043,0.06204713467714041
8566,-0.004927132938912644,0.00444160267772816,-1.109314203996479
8567,-0.003275257915973932,0.004545572078605931,-0.7205381103490084
8568,0.006751488065463321,0.004398909341066398,1.5348095498205025
8569,-0.0019672905826719567,0.004646463447265264,-0.42339525641374215
8570,0.0009220415822207322,0.004702941507444603,0.19605635765640939
8571,-0.003772740142377296,0.004656349205835726,-0.8102356536423391
8572,-0.008110429771457489,0.004404665788709757,-1.841326938413016
8573,-0.007329115318452434,0.004023617262595923,-1.8215239770901817
8574,-0.0025906427870139217,0.004604824054702772,-0.5625932188154233
8575,-0.0024092456884190288,0.00472351457052542,-0.5100536163162585
8576,-0.003127855125811894,0.00456721473618012,-0.6848495869996989
8577,0.0028258915019138747,0.004513543539768039,0.6260915568921493
8578,0.002931503299768701,0.004650959930940326,0.6303006999193848
8579,-0.007205494704109702,0.004296759386835361,-1.6769602519950915
8580,0.005251243462760578,0.004439166149364804,1.1829346517052473
8581,-0.0034413923620057667,0.004582448863152444,-0.7509941659530707
8582,0.00011457178609608315,0.004749248802565503,0.024124191184549535
8583,-0.0009461706579989953,0.004687220603966121,-0.20186177224054425
8584,0.0027570281534846333,0.004630797199887326,0.5953679322324277
8585,-0.004342131235672571,0.004470856711604378,-0.971207872621439
8586,0.002196131898627967,0.004661355959322009,0.47113584926635665
8587,-0.0037994096696936596,0.004462172625856259,-0.8514707942220368
8588,0.003353287144050777,0.00452240784853339,0.7414826916016083
8589,0.0007474352947859592,0.004738076226762678,0.15775079568457034
8590,0.0033484900780390257,0.004469246950035757,0.7492291465371443
8591,-0.004048971103970225,0.004496008009204817,-0.9005702604801061
8592,-0.006265885686131781,0.0043200557507310725,-1.4504177833981473
8593,0.004674220736134574,0.004525778896202476,1.03279918072371
8594,-0.0010468363975920908,0.004714461598936047,-0.22204792119387276
8595,-0.00039268576886749277,0.00474565292100086,-0.08274641559431092
8596,0.0028533255593577696,0.0045853837724701895,0.6222653764530283
8597,-0.0012386734559092173,0.004712429200540015,-0.2628524277388132
8598,-0.004954351016228738,0.004412785886500979,-1.1227263555624678
8599,-0.0019180551964133785,0.004826142017400812,-0.39743032623113206
8600,-0.004524632743925015,0.004437801573286273,-1.0195662580232134
8601,-0.0050836246537307155,0.004441585471710606,-1.144551801627908
8602,-0.0028064839950726257,0.004607934341472856,-0.6090546841810197
8603,-0.004119350882937806,0.004546811336764256,-0.9059867625537653
8604,0.0033921845554486436,0.004502997621089923,0.7533169770202068
8605,0.0013760845784635176,0.00469051384749431,0.2933760827075752
8606,0.006319300562915763,0.0045035203024064935,1.4031913122583222
8607,-2.606084165131611e-05,0.0047516372217585616,-0.005484602555931469
8608,-0.004053359564343449,0.004591335377856502,-0.8828280294862252
8609,-0.00294946949800432,0.004661708629405619,-0.6327013832223113
8610,0.0027247451918540563,0.004632754385882728,0.5881479925111294
8611,-0.0038291415387126824,0.004581844241387265,-0.8357205825821169
8612,-0.0023431088371685203,0.004708190561882787,-0.49766652525455984
8613,0.0017730894322361202,0.004707012038989536,0.37669107653626327
8614,0.0015544265247911056,0.004669415763697899,0.33289529214252117
8615,0.002366965697786837,0.004676637136682773,0.5061255831077308
8616,0.0022954092434893597,0.004646749354302766,0.4939817210850574
8617,-0.006466359219800893,0.004549027092914992,-1.4214817998934548
8618,-0.0037767669241108737,0.004785367812852787,-0.7892323164725267
8619,0.005374380532436372,0.0043986026974011366,1.221838138646112
8620,-0.003224076426876952,0.004490502169951533,-0.71797681080104
8621,0.0037102255766692654,0.004533668182726344,0.8183716644295973
8622,-0.0003784534597147227,0.004742389634867841,-0.07980227034324422
8623,0.004991101542589926,0.004517293796276159,1.1048875206444069
8624,-0.003222758812490035,0.004654387037575492,-0.6924131548305438
8625,0.0017920464987872633,0.0046406058831226765,0.38616649289368016
8626,0.004054606002769563,0.004628596417247795,0.8759903947686302
8627,-0.0031708577698792793,0.004685311868010019,-0.6767655727527974
8628,0.0014260100716811904,0.004704565219419973,0.30311197850861205
8629,0.007056253692227156,0.004173212402622955,1.6908446087700082
8630,-0.0030805355130887253,0.004573682161469308,-0.6735351089851628
8631,-0.002417399796959351,0.004637438092964106,-0.5212791520876615
8632,-0.0030306504279809365,0.00467830738649011,-0.6478091706271304
8633,-0.005079226663699707,0.004537635294411218,-1.119355420642893
8634,-0.00029893406657280716,0.004758382981090609,-0.06282261595183586
8635,0.0011230059355417914,0.004681063271852008,0.23990402827806412
8636,0.0032029729939359237,0.0045951133206428955,0.6970389564816653
8637,-0.0020859780423644367,0.0046817656032740775,-0.44555371181027503
8638,-0.0017672931471023807,0.004658632445268218,-0.3793587856233268
8639,-0.001162559628211375,0.004712082180882617,-0.246718877893937
8640,0.0026993403528782515,0.004614457103617746,0.5849746334757261
8641,0.0029845887224253247,0.0045609075021676325,0.6543848392029128
8642,-0.003742221563826067,0.004527251407867705,-0.8265990170818942
8643,0.004088296493524806,0.004523369305987712,0.903816650149041
8644,-0.001880560523511113,0.00468568245757203,-0.4013418622664326
8645,0.0009597447375939941,0.004768365291141876,0.20127332513238827
8646,-0.0027989615141948932,0.004568338521279592,-0.6126869760542403
8647,0.005438058962592061,0.004367308323912109,1.2451740429722635
8648,0.004783922470437297,0.004401181568241434,1.0869632157322684
8649,0.0025173659751860796,0.004773222607859307,0.5273933738269683
8650,-0.0041340149294412385,0.004718699651446998,-0.8760919818606245
8651,0.004526946206002196,0.004538817804788026,0.9973844293169674
8652,0.000696407449939164,0.004778322473971571,0.1457430832122837
8653,-0.004103468794943288,0.004557799493549897,-0.9003179715892355
8654,0.003774141196507509,0.004603179782753483,0.819898716675787
8655,-0.0006900540428682648,0.004749104261630642,-0.1453019358710245
8656,0.006049580107929684,0.004334496266614139,1.3956823897913448
8657,0.0002311954024037002,0.004762512672276768,0.04854483721366663
8658,0.007702650070173706,0.004235172758433661,1.8187333810256323
8659,0.006674240757968159,0.004328006913685617,1.5421049205960142
8660,-0.002773667459964766,0.0046922963202955,-0.5911108912640225
8661,0.001275444847475736,0.004690075515006443,0.2719454821984852
8662,0.0012299661935944609,0.004727881132638044,0.2601516745215143
8663,0.0032382353623585988,0.004496255807775673,0.7202071013749938
8664,0.0036784396117123387,0.004545438910831742,0.8092594981194552
8665,-0.0008538588629119139,0.004710999754390957,-0.18124791072554441
8666,-0.005402909922517337,0.004543693165146888,-1.1891009639385877
8667,0.002208680103772949,0.004677845514664729,0.47215755562018596
8668,-0.0020787038072021817,0.00466343084211081,-0.4457456060957253
8669,-0.005991836925557534,0.00447456038074638,-1.339089522926063
8670,-0.006207091165666698,0.004457014512515428,-1.392656709606173
8671,0.004062494063939266,0.004558215752947304,0.8912465499932712
8672,-0.006268213439766638,0.004407810038219279,-1.422069777376102
8673,-0.0030590225333173558,0.004535308666410509,-0.6744904830785052
8674,-0.0033992542175763966,0.004639632433055266,-0.7326559305341215
8675,0.0015905733747978048,0.004686688711865128,0.339381058266363
8676,0.0035304921380502957,0.0045874438150486346,0.7695989924647975
8677,0.0021481216749839236,0.00465663658885567,0.4613032677114721
8678,-0.001817502831446983,0.004698985560447808,-0.3867862133361774
8679,-0.002184783584198906,0.0046302325049120815,-0.47185180914373764
8680,-0.0035171152823123067,0.004635563965760616,-0.7587243555024936
8681,0.002337113810058986,0.0046671388230418555,0.5007594371353514
8682,-0.003845437532596129,0.0045281877122432665,-0.8492222003515613
8683,0.006925189418756582,0.0042072677144295405,1.6460063606139126
8684,-0.0019477970777844657,0.004780558499423383,-0.40744132260266314
8685,-0.005723134486814026,0.00443567072252552,-1.2902523304424787
8686,-0.007591230547441837,0.00429953520802859,-1.765593297914298
8687,-0.005146937178828782,0.0046323425249146935,-1.1110873496824516
8688,0.003559621982385196,0.004546961447108152,0.7828573045520543
8689,-0.002874467050552991,0.004690379681267662,-0.6128431482920191
8690,0.0009185288644400946,0.004720199997329724,0.1945953275199606
8691,-0.005225644735153439,0.0046161637696233585,-1.1320319199983255
8692,0.006753508567694324,0.004233815465575885,1.5951353153214742
8693,0.002217485545015711,0.004641920345720114,0.47770865931817413
8694,0.003392913854955084,0.004578819851841553,0.7410018224653434
8695,-0.0026470059632372213,0.004725104183934265,-0.5602005501248533
8696,-0.005841321520051815,0.004369324819178159,-1.3368934015646217
8697,0.004983120563525673,0.0044493653490005,1.1199621008072702
8698,-0.0008038445537347372,0.0047432254327098074,-0.16947213771273364
8699,0.0002567592927187884,0.004753669636933493,0.05401286002794658
8700,-0.004898873732749829,0.004584427876103649,-1.0685899887934176
8701,-0.0028846442932727516,0.004623269336670097,-0.6239403511261605
8702,0.007515305222715435,0.004151356025521306,1.81032539163434
8703,-0.004501710766501874,0.004489705670327475,-1.0026739160773368
8704,0.003308477059888316,0.004582942419023405,0.7219111124231254
8705,-0.006469659678190311,0.0043454781909385695,-1.4888257158167775
8706,-0.004082540356238509,0.004640579070451158,-0.8797480431341091
8707,0.009021918788777854,0.004035236973380295,2.235784130719898
8708,0.003591555556290008,0.004475299337906722,0.8025285651551352
8709,-0.00652807084921251,0.00440751233859129,-1.4811236697068404
8710,-0.0016749151366334226,0.0047347932768416635,-0.3537462015132944
8711,-0.003732470163038849,0.004571297413487064,-0.816501274239266
8712,-0.004667427682178676,0.004467684506126354,-1.044708433592037
8713,-0.0022533445213392543,0.004623494800015136,-0.4873682395688814
8714,0.004677140481880051,0.004630693560878315,1.0100302298977708
8715,8.708696856529115e-05,0.004748598862810403,0.018339508364736825
8716,0.0018965775362293712,0.0046521274234484515,0.4076796191501367
8717,-0.002870750312752918,0.00466471618213701,-0.6154180020096665
8718,0.004361025816534404,0.0046510699217441245,0.937639272234171
8719,-0.007588471975977888,0.004280112815823331,-1.7729607378393728
8720,0.002737904830008777,0.0046600161749521555,0.5875311859914064
8721,0.006012025594279187,0.0042572539662916985,1.412183919935599
8722,0.0009150775698690976,0.004768762748057032,0.19188993418511616
8723,-0.0029923172044493034,0.004626938524058407,-0.6467164387186768
8724,0.0041630803927318666,0.004462230960055393,0.9329594164888738
8725,0.004848858348991853,0.004467735947447068,1.0853054894084695
8726,0.002427938661095664,0.004685867094127925,0.5181407437138423
8727,0.0018095845223013158,0.004674822391935011,0.3870916091749722
8728,-0.0017614292836415936,0.004712826701386657,-0.37375218637327096
8729,-0.0006745675317144963,0.0047262349132838255,-0.14272831209014142
8730,-0.0020088228433623348,0.004663960275808101,-0.4307118252661953
8731,0.0006994264379727608,0.00474381506128993,0.1474396511955451
8732,0.00680277374452055,0.004262114323513644,1.5961030672007908
8733,0.0015940691353652802,0.004722373000239036,0.3375568035995022
8734,0.005605116503659294,0.004419282914384401,1.2683316755791088
8735,-0.003870603075496799,0.00445414727491863,-0.8689885710093654
8736,0.006307290510343083,0.004185096361118245,1.5070837003757291
8737,-0.002524613764000762,0.004637421686134997,-0.5444003014754673
8738,0.0009273634958036269,0.004744753708934759,0.1954502915625158
8739,0.00513149203582281,0.004566203466757736,1.1237983749914806
8740,-7.858056227068869e-05,0.004749361796081208,-0.01654549929961686
8741,0.00042103454140216847,0.004742871620658635,0.08877207208566613
8742,-0.006698463189488401,0.00447731115301002,-1.4960906134444416
8743,0.007622698044494869,0.004195735246118016,1.8167728889823431
8744,-0.003621482658507138,0.004679666409924123,-0.7738762427225784
8745,-0.008037300507115127,0.004253574852870257,-1.8895401597768196
8746,0.005131822531992819,0.004488929358000883,1.1432174852219648
8747,0.0029211990618467306,0.0045712235180029055,0.6390409592403733
8748,-0.0030252613067093255,0.004694098738363344,-0.6444818218212683
8749,-0.002561891353521957,0.0046905876095281775,-0.5461770606987246
8750,-0.00601243353237854,0.004504047269609555,-1.3348957443112588
8751,0.0027518845912521406,0.004588840986365367,0.599690553546898
8752,-0.004653276004507805,0.004514910423503036,-1.030646362391707
8753,-0.0032270991201436734,0.004667220293289899,-0.6914392116402348
8754,-0.001966637780472242,0.004688947865078367,-0.4194198436538542
8755,-0.00021982306960493806,0.0047473210995284,-0.04630465582510847
8756,-0.004438316977712607,0.004366948956459081,-1.0163427651582615
8757,0.001123477486452179,0.004799431400921704,0.234085539015397
8758,-0.0064131657085089045,0.004343278644424657,-1.476572477508737
8759,0.006965797876736466,0.004114796583040298,1.6928656705526983
8760,-0.0033867563804689284,0.004621401543070053,-0.7328418335661577
8761,0.004723821914045147,0.004547891744844871,1.0386838955434015
8762,-0.006350078550150806,0.004300242438760767,-1.4766791967154194
8763,-0.003776779078926085,0.004449161958739677,-0.848874263052438
8764,0.004568770594065861,0.0045583920412177546,1.0022768012830539
8765,-0.0023956003446029056,0.004658219903604878,-0.5142737771458602
8766,-0.0009491255101971249,0.004720140295655538,-0.20107993634653382
8767,-0.005348063061180663,0.00442020204969491,-1.2099137100644064
8768,-0.006079413182302917,0.004377392069170715,-1.3888208061414626
8769,0.0026201876229588737,0.004636322238738186,0.5651435530227467
8770,0.00012793371934161242,0.004747716148158924,0.026946370707360577
8771,0.0023119893397366333,0.004727815425947435,0.48901852789088524
8772,0.004109803805886254,0.004592748225138048,0.8948463108409829
8773,-0.001583842650802003,0.004809137949996117,-0.3293402408644322
8774,-0.0038797786265803397,0.004609297561819087,-0.8417288262572403
8775,-0.0009807784198653654,0.004716794405393701,-0.20793325626909573
8776,0.00426416615602744,0.0044889826543358675,0.9499181628400192
8777,-0.006279998701522441,0.004469309045582114,-1.405138610347428
8778,-0.005485692920846672,0.004328669170588908,-1.2672931805736387
8779,0.0024335008996173415,0.004626495237410085,0.525992306214848
8780,-0.002939164490497711,0.004591270368288168,-0.640163670342412
8781,-0.005674263711658795,0.004318831735757169,-1.313842274678014
8782,-0.002268297021699742,0.004729864915551191,-0.47956909176028933
8783,0.005620428606267239,0.004428851424261714,1.2690488047257444
8784,-0.0028555215407780154,0.004633220737558939,-0.6163145903301981
8785,-0.0029512142159338604,0.004589087472417939,-0.6430939121713665
8786,0.004116346401466529,0.004374759861784471,0.940930823980694
8787,0.0030567857138343343,0.004614430529304818,0.6624405101391463
8788,-0.00066079404879002,0.0047367246516677826,-0.13950442497377527
8789,-0.002442540258052633,0.0046762096237659015,-0.5223333542702855
8790,0.0036965878382055816,0.004472433495390729,0.8265271785517369
8791,0.004457731761341728,0.004466944220348302,0.9979376373305473
8792,0.004394760848346065,0.004578992757674888,0.959765843914029
8793,0.0010290938984998017,0.004784649750024952,0.21508238894486162
8794,-0.0033389381594576104,0.004578900196187338,-0.7292009033605508
8795,0.004066255530373822,0.004597394097088346,0.8844696461739251
8796,0.003770932633931067,0.004633628372044756,0.813818530782823
8797,0.000632405778765374,0.00476539735482609,0.13270787967448586
8798,-0.00241183296341447,0.004684681463773793,-0.5148339288519296
8799,-0.0015173301089917576,0.004676354786539066,-0.32446856114497713
8800,-0.006628750565424277,0.004248259884208395,-1.5603448814571415
8801,0.005275206022526209,0.004502618317376797,1.171586319490549
8802,0.003663250939661849,0.004577566489201456,0.8002616561230753
8803,0.005891063040391626,0.004499523596432093,1.3092637285118267
8804,-0.0025651079466893745,0.00456340909494928,-0.5621034391872518
8805,0.003586165643353494,0.004577297905702367,0.7834678269216151
8806,-0.003006094371975815,0.004681623244979531,-0.6421051448767229
8807,-0.0015370311197364303,0.004681906634922715,-0.32829170668880764
8808,-0.001918098442285063,0.004660927371519696,-0.4115272110879657
8809,-0.0027796540975395527,0.004681578991304651,-0.5937428595570755
8810,-0.002875549019426818,0.004723376060942684,-0.6087910389360192
8811,0.003280332268588844,0.004621466702563882,0.709803289671868
8812,-0.006089843966881156,0.004250968915129891,-1.4325778636504278
8813,0.00608070950023431,0.0044311481430799925,1.3722649985716215
8814,0.0062676932143791615,0.004645979012900642,1.349057582261016
8815,0.0016542792893615074,0.0047234569104903455,0.3502263957754143
8816,0.0069768760890851975,0.004252144865395161,1.6407898389973647
8817,-0.0031716469963442755,0.0045592422189060615,-0.6956522255370052
8818,-0.005296562302478307,0.004347097236850402,-1.2184135789692663
8819,-0.003593322471701285,0.004585649348242059,-0.7836016665946799
8820,0.0037377624373521466,0.004552949308135626,0.8209541078511836
8821,0.004507248978531518,0.004568216319822992,0.9866540161360319
8822,-0.0027634967786201083,0.004619843825914377,-0.5981796967072034
8823,0.002643997223282019,0.004605488039335144,0.5740970773780819
8824,-0.004631596017052275,0.004456256486766012,-1.0393468218911948
8825,-0.003304723003007913,0.0046472643484488365,-0.7111114744550658
8826,-0.005851036553661109,0.004508089620450334,-1.2978971241207538
8827,0.0032917040834159676,0.004524126121486631,0.7275889298891409
8828,0.00888918849087311,0.004081551420796091,2.177894524513747
8829,-0.005796718771823616,0.004438283477522402,-1.3060722239084055
8830,0.004333735998184707,0.004648095215563022,0.9323681631293267
8831,0.001775060352382829,0.0047269515869015144,0.3755190464191679
8832,0.008079689879486932,0.004319418405007511,1.8705504125555723
8833,0.001898794606490692,0.004653442816773624,0.4080408164996395
8834,-0.0020310768054585013,0.004643744770534781,-0.43737907783949964
8835,0.0017702994387973456,0.004794689878639462,0.369220842975497
8836,0.002151405552282786,0.004671132938975098,0.4605746786463392
8837,-0.0013871249680133975,0.00468899356701698,-0.29582573492329434
8838,0.0008032530227759215,0.004764242178078294,0.16860037604132078
8839,0.005159030653640595,0.004300988464693371,1.1994988352075007
8840,-0.0028474024301800823,0.004677529853212199,-0.6087406215536361
8841,0.005634587768686867,0.004380413121694843,1.2863142384403154
8842,0.004897131506258465,0.004553827635291578,1.0753879809385682
8843,-0.007187713024937075,0.004229665118586977,-1.6993574723802973
8844,-0.0019045372837773573,0.004664169570392705,-0.4083336283198217
8845,-0.0046713936613156795,0.004613748081057387,-1.0124943059841016
8846,-0.0034483670781788106,0.004599679726459146,-0.7496972144261398
8847,-0.00311384132855684,0.0046188449461813975,-0.6741601774554459
8848,-0.005478039208011585,0.004395696010954232,-1.2462279453265457
8849,-0.004795477651336582,0.004642620260007042,-1.032924810294372
8850,-0.001842557727704066,0.004745828899778417,-0.38824782068946795
8851,-0.003845965374190846,0.004590137097673632,-0.8378759266558843
8852,0.005569003437479445,0.004472391240226748,1.245195945155527
8853,-0.007010815093672554,0.004278538313935929,-1.6386005171058382
8854,-0.004665573966372277,0.00442700742796846,-1.0538888949895648
8855,-0.003223774132551872,0.004611094014172331,-0.6991343318187633
8856,-0.004043019966275937,0.004623313771437256,-0.8744853077577467
8857,-0.0034793387379961475,0.0045251904547328236,-0.7688822764038944
8858,-0.0016665637885442547,0.004813289352774049,-0.3462421779367496
8859,0.005132419988834571,0.004511564560734952,1.1376142178044057
8860,-0.0035689986593447896,0.0046403149031803105,-0.7691285470515636
8861,-0.002692533999530345,0.004628082546123486,-0.5817817579303183
8862,0.006346213010168185,0.004551187651118467,1.3944081186387876
8863,0.00257236628141491,0.004633396449639902,0.5551794044333997
8864,-0.0007661885667178133,0.004718166844208601,-0.16239115572148224
8865,-0.0029259343473043717,0.004638643589894525,-0.6307736929128678
8866,0.0007670359343815781,0.004723059155104063,0.16240235601382766
8867,0.005985087253920306,0.004466271133001459,1.3400635733232256
8868,-0.0034131747245508904,0.004546374764325705,-0.7507464521695926
8869,0.0034796704501453145,0.004550080966827988,0.7647491276558772
8870,-0.004870277273714476,0.004428913372311549,-1.09965512176468
8871,0.0034374118480696167,0.004516778192987946,0.7610318021385272
8872,0.0018312605468523589,0.004653616433146756,0.39351342620519075
8873,0.004613033328173781,0.004485661082599378,1.0283954233788417
8874,-0.00015724733974101088,0.004757142899502537,-0.0330549960476181
8875,0.006593751845973251,0.00431106112655038,1.5294962544985835
8876,0.0026939441896389627,0.004569259200525589,0.5895800766411076
8877,0.0005901736324384699,0.0047236337159715005,0.12494060037783647
8878,0.004596245971099196,0.004542491531537499,1.0118336906493919
8879,-0.0022033830339568622,0.00465248945072352,-0.4735922686754741
8880,0.0009861147782028355,0.004703791958868659,0.20964251540580733
8881,0.004704701571296891,0.004347822061281936,1.0820823633039232
8882,0.00010652697323757799,0.004747456968686827,0.02243874435096648
8883,-0.001911629437502693,0.004677330286961329,-0.4087009726107242
8884,0.0007108620934231682,0.004721563933823163,0.15055649005001745
8885,5.101014074917848e-05,0.004754150791831057,0.010729600928272612
8886,-0.00693289524750943,0.004299568000904278,-1.612463216316457
8887,-0.005971952577261778,0.004524389091173727,-1.3199467280371595
8888,-0.006452931536516574,0.004183724078374726,-1.5423893678531926
8889,-0.001060857314704204,0.004723680767360959,-0.22458277071439084
8890,-0.0011684114261873253,0.0047096734572515024,-0.24808756632337592
8891,-0.005410621477526292,0.0045645378181685525,-1.185360203609227
8892,0.002298148354055634,0.004668539894612076,0.49226276436191724
8893,-0.0090460462114842,0.0041048438265019185,-2.2037491787338217
8894,0.0048379990269095145,0.00449924079110068,1.0752923107558248
8895,0.0018953186625573007,0.004607867712939085,0.41132228193859965
8896,0.003959856850970113,0.004617078088773151,0.857654294519919
8897,0.001436637326739178,0.004693277582729124,0.30610533926778283
8898,0.0007114778008175857,0.004778042732247868,0.14890570065765513
8899,-0.004364802825987173,0.004483347570052165,-0.9735588771085145
8900,0.001786285161397706,0.00464763453622331,0.38434286247671484
8901,0.002436708285005111,0.004637206461688153,0.5254690092271715
8902,0.00434380781605476,0.004576712368217614,0.9491109483348289
8903,-0.0036460055486429717,0.004566880970519845,-0.7983579103941371
8904,-0.005558273377462515,0.004349835987469644,-1.2778121734874501
8905,-0.0053186125234401345,0.004282811932165782,-1.2418505896780194
8906,0.0013746294221111044,0.004727974342283939,0.2907438413566058
8907,-0.005891043680869513,0.004385574199419919,-1.3432776218103262
8908,0.0043468156667431,0.004455166857810223,0.9756796558860247
8909,0.0007528453178232972,0.004769305596795285,0.15785218676890164
8910,-0.0007797920380669643,0.004768143178665985,-0.1635420768310762
8911,0.005255904159913539,0.004711256718563897,1.1156055536527125
8912,-0.004273365934583728,0.00453333071350481,-0.9426547950391868
8913,0.00010593706149722555,0.004748051283317321,0.02231169277161019
8914,-0.0029618536823845633,0.004600260585031852,-0.643844762190587
8915,0.0015046319507662739,0.0047064037520681955,0.3196988677618392
8916,-0.004763139388893292,0.004496414315057856,-1.0593195055318214
8917,4.099168412449504e-05,0.0047514905929448865,0.008627120968177934
8918,0.0023410083494159423,0.0046364362692632765,0.5049154595169115
8919,0.0013957551402151353,0.004708979052732755,0.29640291973801386
8920,0.005640067650235868,0.004589844309757019,1.228814589254433
8921,0.0032837264554782214,0.004606415180181727,0.7128594204026297
8922,0.00631938094212457,0.004353784170794055,1.4514685832421554
8923,0.005464788913042827,0.004278776273317832,1.2771850089757888
8924,-0.0016188842639304696,0.004771551723667353,-0.339278364289891
8925,-0.004673513888492462,0.004438142777551876,-1.0530336951147883
8926,0.004894365043853926,0.004521856317833631,1.0823796024989045
8927,-0.006737807439745878,0.004334475789486929,-1.554468813988561
8928,-0.007781879893010795,0.004414497204016657,-1.76280095634226
8929,0.001654454775498026,0.004634715787624191,0.35697006058404257
8930,-0.0022193452642304545,0.004685000534894356,-0.47371291586853564
8931,0.006729439153116016,0.004325011243886442,1.5559356435496712
8932,-0.003980548922947727,0.004549330383122682,-0.8749746858823342
8933,0.004118757568859464,0.004534819736081669,0.908251663475888
8934,-0.0018341937134163382,0.004652646005354188,-0.3942259332228539
8935,0.00653516686435982,0.004410238382420269,1.4818171485717793
8936,0.0031422436041365167,0.004557992548027343,0.6893920011993987
8937,0.004712355595960033,0.004469757896392419,1.0542753556660007
8938,-0.00792346876834072,0.003999562657658113,-1.9810837950417797
8939,0.0009196738622788044,0.004690973468422787,0.1960518149312876
8940,0.0020383854940654988,0.0045714803392041545,0.44589177745875636
8941,0.005227154704719423,0.004574515826947163,1.1426684052392497
8942,-0.007486885791499034,0.004067396497972473,-1.8407071440492997
8943,-0.005406042050850946,0.004382476317424905,-1.2335587597715707
8944,-0.004423644607360013,0.004450079973759725,-0.9940595749839126
8945,0.0005218104869915604,0.004734941755042098,0.11020420397693383
8946,0.00218033835649031,0.004618339271973511,0.4721044141823315
8947,-0.0010375812099514474,0.004755567958629329,-0.2181823956628944
8948,0.004430495375416171,0.00459860744903549,0.9634428301431601
8949,-0.0012093939029869576,0.004712491737402487,-0.25663576094747115
8950,0.0004664659259056538,0.0047720402355331416,0.09774978895448046
8951,0.002063710000902686,0.00466516121409452,0.4423662776471145
8952,0.0006982940226065168,0.004733783310950924,0.147512882769922
8953,0.005025903675215289,0.0044316835913571885,1.1340845012078407
8954,-0.0018339008145211503,0.004697323521810595,-0.3904139891591432
8955,0.0019300817661851858,0.004691322820233122,0.41141525325457684
8956,-0.004637985319924469,0.004540733410699978,-1.021417665480057
8957,-0.005396304449524029,0.004542703884778365,-1.1879058345858506
8958,-0.002947173461933314,0.00456124974145181,-0.6461328865968324
8959,-0.0020480630499360936,0.004669397260702161,-0.4386140085301108
8960,0.002688923613907282,0.004685825288653767,0.573842055191052
8961,0.006830873575383805,0.004283161965653678,1.5948202823428148
8962,0.004776768981093585,0.004509501083591375,1.0592677310744445
8963,-0.004650418934856332,0.00445014801983447,-1.0450032030685827
8964,-0.0006936473555955426,0.004720578284963241,-0.1469411825676235
8965,0.00761460265469148,0.004221016972765693,1.803973474596631
8966,-0.005586305816434788,0.004434673663272433,-1.2596881395580624
8967,0.0012883815401523308,0.0046801491808345875,0.2752864257892267
8968,-0.0006180239656555817,0.004727931228114062,-0.13071763015091636
8969,-0.004173680439020081,0.004544263445156187,-0.918450369216354
8970,-0.00012180149804450189,0.004756830972376269,-0.025605597245692356
8971,-0.0011296539207851148,0.004738272580983092,-0.2384104969644307
8972,0.001509947340822124,0.004666961184589793,0.32353972555159405
8973,0.0073608745533437535,0.004248525369375263,1.7325716368327004
8974,-0.0048463836346268425,0.004439003024642838,-1.0917729967117522
8975,-0.007320152743481954,0.004423485789415041,-1.6548380828979596
8976,0.0016245966248468837,0.004678090697837292,0.3472777100277137
8977,0.004122509247946393,0.004555833486586997,0.9048858480196061
8978,-0.006610413699339693,0.004249608574976406,-1.555534723424826
8979,0.0043961026273597655,0.0044737811990715436,0.9826369309862765
8980,-0.004957752823622499,0.004404985270039652,-1.1254868108963896
8981,-0.004820507605323213,0.004531882632913905,-1.0636876538489983
8982,0.0022235189526267837,0.004582786130160223,0.48518933449531176
8983,0.007197859671092311,0.004248642886735021,1.6941550191392272
8984,0.004526039196432253,0.004419633529965389,1.0240756763531245
8985,-0.00353408268593577,0.0046568072619571675,-0.7589067975406099
8986,-0.0013107615615104726,0.004708639349729754,-0.2783737432737765
8987,0.005732739078362319,0.0045098526761928005,1.2711588359914838
8988,0.0013578632194085705,0.004727243610778342,0.28724206561146487
8989,-0.005525442023506232,0.004535754975057521,-1.2181967619263119
8990,0.007495283092747104,0.0042422256421344425,1.7668280108212047
8991,0.005897290797822089,0.004446732527160671,1.3262076731175978
8992,-9.836085458841078e-05,0.004754774105274055,-0.02068675659676612
8993,0.004992845708224479,0.004315398159576883,1.1569837877286435
8994,0.0015024342452175676,0.004715662725094857,0.3186051108409891
8995,-0.004275619557989333,0.004531869965707681,-0.9434559222445975
8996,-0.0024465122093139295,0.0046520074572246545,-0.5259046189864658
8997,-0.005634603437340514,0.004464623214114158,-1.2620557585974241
8998,-0.0034996862587228983,0.004511653810688993,-0.7756992015724821
8999,0.0031317392786200608,0.004562836410653791,0.6863580012002504
9000,0.0033695191782116616,0.004576470387768698,0.7362702897012522
9001,-0.004248004193470761,0.0045605314972262095,-0.931471298039377
9002,0.005710109153457966,0.00449510273985879,1.2702955825292983
9003,0.0030751605555449485,0.004693279978811478,0.6552263170806399
9004,0.0037941978015958483,0.004568474317310907,0.830517485283618
9005,-0.005150965245149755,0.004481922660869852,-1.1492757985587496
9006,0.004555037659074984,0.004558732118398955,0.9991895862209013
9007,-0.00034412998879042897,0.004744075041591117,-0.07253890079171493
9008,0.003362119690700632,0.004457274505037245,0.7542994461976799
9009,-0.0005241378328880372,0.004775457593443361,-0.10975656733035834
9010,-0.0010446018862471738,0.004724934413693096,-0.22108283306956922
9011,0.0003395214138331846,0.0047385122746954195,0.07165147923036841
9012,-0.0035018868582360556,0.004597454542481894,-0.76170124704389
9013,0.005925475334642998,0.0045304112448393665,1.3079332127724081
9014,0.0004474008272969459,0.004781026376773963,0.09357840598211327
9015,-0.0036271060307424188,0.004656915606577762,-0.7788644538928801
9016,0.003336401623943559,0.004568866237212126,0.7302471665223003
9017,0.0005895433129539972,0.004768093416644573,0.12364340658595435
9018,0.005498774653165272,0.004430050441221871,1.2412442535639914
9019,-0.0036106876521918973,0.004559508928872671,-0.7919027484138806
9020,-0.004144274413247967,0.004623218760852941,-0.896404567384864
9021,-0.0044087096879661435,0.004455357470923,-0.9895299573016768
9022,0.0041187296768323825,0.004501057032318272,0.9150583179149427
9023,-0.0034483051648218975,0.0046136018421947846,-0.7474214903602233
9024,0.0008042620791055716,0.004774597784812021,0.16844603783462692
9025,-0.0033294024449004277,0.0046159184045151255,-0.7212871097642727
9026,-0.008244595173347906,0.004049220366743059,-2.0360944642732166
9027,-0.006721091563604191,0.0043126209959464465,-1.5584702597148077
9028,-0.00028888788652962964,0.00476213571918642,-0.06066351392836495
9029,0.0004468275221222116,0.004726826208994647,0.09453013552136662
9030,0.0068278544467357295,0.004539333303164719,1.5041535817551681
9031,-0.004161518883108068,0.0044744655773240535,-0.9300594252413172
9032,0.004129440789049473,0.004431494905500514,0.9318392274182417
9033,0.007721845785729553,0.004260098412624308,1.8125979819730824
9034,0.0050743462150391805,0.004400909345192829,1.153022209053671
9035,-0.00744598323794062,0.004257191979805098,-1.7490362833675899
9036,-0.005708522963450619,0.004367694078159359,-1.306987820414454
9037,-0.004309209676873462,0.004433799954016393,-0.9718998875828689
9038,-0.007133129110156036,0.004328222708828783,-1.648050386965014
9039,-0.006495855329925821,0.00419061245859593,-1.5500968877714514
9040,-0.0034560873764126333,0.004613394265633283,-0.7491419933817892
9041,0.004896613685393283,0.00456536071723712,1.072557896007094
9042,-0.0007768307090340147,0.004708233067007856,-0.1649941067016253
9043,-0.003500185243489607,0.004674195298928346,-0.7488316211973631
9044,9.62766434631615e-05,0.004749728863581881,0.02026992407953094
9045,0.0028825843591502513,0.004583723607684617,0.6288739474425543
9046,-0.0024206285507497017,0.00471954598892761,-0.5128943666252364
9047,-0.0023138476704015936,0.004690443839565521,-0.49331102760115914
9048,0.004864597439480888,0.004379392245740994,1.1107928147362827
9049,-0.0028341742825134402,0.004577315594628307,-0.6191782550103112
9050,0.00442475490736924,0.0045054963192164245,0.9820793523894773
9051,-0.005037765298658758,0.00455844308795437,-1.105150421197753
9052,-0.0033783866312574588,0.004599696027602505,-0.7344804115280574
9053,-0.0029008991710630506,0.004647949184051408,-0.6241245452977322
9054,0.003123641169037115,0.004579825165076469,0.6820437585383152
9055,-0.005182367435537049,0.004285649431998321,-1.2092373671172179
9056,0.006271135131823641,0.004372499996691775,1.4342218722855047
9057,-0.004195488234782916,0.004523704168238827,-0.9274453144482052
9058,-0.0013329385920844126,0.004709629931517497,-0.28302406164955823
9059,0.0021180028073566853,0.004615502135037292,0.4588889237594454
9060,-0.004498085691762894,0.004608806585594185,-0.9759762333751707
9061,0.005751420711445237,0.00449486397848112,1.2795538950632999
9062,-0.006700930549010109,0.004237723731202246,-1.5812570554496834
9063,0.001283857184892752,0.004705616140672563,0.2728350860997457
9064,-0.004491730128378686,0.004504021698876125,-0.9972709788453049
9065,0.003965441804174828,0.004631174775956967,0.8562496550036649
9066,-0.0015913539920252855,0.004699674182238539,-0.3386094291471276
9067,0.005982747083070264,0.004348197088384786,1.375914421876553
9068,0.004478928335215849,0.00458910975958661,0.9759906757207991
9069,-0.0026933732287539505,0.004705934951384364,-0.5723354140204658
9070,-0.006479928912014529,0.004423914110403886,-1.4647501624806494
9071,-0.003804157409511842,0.004635567743242153,-0.820645413942583
9072,-0.005317431749135556,0.004541549184639491,-1.1708409472081176
9073,-0.005755485362930818,0.004504722537664106,-1.2776559077299545
9074,-0.005278983535514805,0.004390974205551863,-1.20223515065066
9075,0.007431485934614882,0.004098581450874573,1.8131848844992744
9076,0.0019024334381386294,0.004651643021022159,0.40898096211187457
9077,-0.002203705168119845,0.004718835815439101,-0.46700187383289665
9078,-0.0012043462864797414,0.004732884019997966,-0.2544635113370598
9079,-0.004867089724337043,0.004437996436744211,-1.0966862623052538
9080,-0.00038083519425117016,0.00474063258750553,-0.08033425649878544
9081,0.0003547688990655756,0.0047476151723432935,0.07472570673635104
9082,0.003983820254247528,0.0044296321077890105,0.8993569121106982
9083,-0.0031802216427454077,0.004549957348271469,-0.6989563636137326
9084,0.002290398441278615,0.004660028915585702,0.49149876165322964
9085,-0.003239538474076384,0.0045682542794733645,-0.7091414522682488
9086,0.005833570804142681,0.004354612027680748,1.3396304348265031
9087,-0.0036580371015752454,0.004581835269892543,-0.7983781358558176
9088,-0.0022246051045386106,0.004628390725112051,-0.480643324356492
9089,0.005549915469210732,0.004364894115102844,1.271489141055594
9090,0.002485105223451061,0.0047058427540465145,0.5280893037308014
9091,-0.00290309795225385,0.004613447700792418,-0.6292686382366937
9092,-0.00721145050259631,0.004216116341785933,-1.7104486494178583
9093,0.002366341650469571,0.004666130908618937,0.5071314321890621
9094,-0.0015590659496689055,0.004643692648818891,-0.3357384020808202
9095,-0.007431255804781032,0.00438681798396527,-1.6939968405217207
9096,-0.005309526142359768,0.0044653845378996955,-1.1890411894643047
9097,-0.0060791077603531175,0.004383422306331413,-1.386840540454534
9098,0.0037009968761046695,0.004499276909672095,0.8225759272892577
9099,-0.0030174387192495726,0.004631243947950751,-0.6515395762265426
9100,0.005037030723684943,0.004483402302536928,1.1234839935811125
9101,0.007287403941648489,0.004230204062821303,1.722707423430587
9102,-0.005447152387480979,0.004335732158514125,-1.256339688046538
9103,-0.00626939187966226,0.004361794773646973,-1.4373422421294506
9104,-0.003812493251639553,0.004581715767967365,-0.8321103806338754
9105,0.004109123917482751,0.004603906682046767,0.892529801593622
9106,0.007913304307887621,0.004252624420225807,1.8608048879772547
9107,0.0050462163070558366,0.004475227632002845,1.1275887445299517
9108,-0.0031857830718028573,0.0045836427719015945,-0.6950330185703338
9109,0.0031489677780060744,0.004599988406793471,0.6845599378806122
9110,0.004201246154272421,0.004641276552046781,0.9051919460433123
9111,-0.0028667495314509055,0.004585700602831778,-0.6251497382277029
9112,-0.0028844528103681433,0.004659581770486864,-0.6190368476067664
9113,-0.0026005243321034714,0.0047073095538736325,-0.5524438752840265
9114,0.002140838950433612,0.004650147190373093,0.4603809003864773
9115,0.002225659134537105,0.004657401611231087,0.4778757170457539
9116,0.001477551106862225,0.0046429962338534565,0.3182322432417592
9117,0.004202968606920405,0.0044885585126373,0.9363738035467664
9118,-0.005247081566570649,0.004508082404990053,-1.1639276071711973
9119,-0.006641936062948973,0.0043916843258451415,-1.5123892270355268
9120,0.0017312385896922744,0.004690629376351109,0.36908449821695855
9121,-0.002307966446674166,0.004662353056050345,-0.49502180957298225
9122,-9.142622914458711e-05,0.004747771591100471,-0.019256661233653768
9123,-0.0027863201513383226,0.004525722746355491,-0.6156630238964842
9124,0.0028729246948286965,0.004497760063719382,0.6387456543097493
9125,0.0035470190582574876,0.004595236929505452,0.7718903535707842
9126,0.0055000321908536595,0.004532080079316099,1.2135778924020308
9127,-0.0024996085004644745,0.004678815987650435,-0.5342395398883181
9128,0.00267928442328064,0.004630694726201198,0.5785923239812869
9129,0.0028582467102346814,0.004714385231848942,0.6062819582339692
9130,0.0020943408352956023,0.004649819704019586,0.4504133425829666
9131,0.0016124850426705295,0.00467898182127484,0.344623062081312
9132,0.0011398336183522316,0.004717168256872088,0.2416351413142183
9133,-0.0037160288051183597,0.004631798366977815,-0.8022863930372293
9134,0.004191259844728468,0.00471237378272317,0.8894158311666095
9135,-0.006137458039080238,0.004436889559506849,-1.3832794250940075
9136,-0.006452564056001088,0.004392124279239717,-1.4691214650961644
9137,0.004713823385394718,0.004355934203199744,1.0821612920443284
9138,0.004673636231568692,0.004564164771509921,1.0239849929919502
9139,-0.0024591350967679013,0.004662940401118,-0.5273786249076424
9140,0.00041712979279163776,0.004735168747511559,0.08809185375090361
9141,-0.007481161670363518,0.004273623130322374,-1.750543143891864
9142,0.007093263369698887,0.004273082842065296,1.659987328088056
9143,-0.0035901893427178113,0.004630184341913315,-0.7753879927023056
9144,-0.0001659293383341334,0.004757750968695568,-0.03487558290164696
9145,0.0027983247828505154,0.004608067112177376,0.6072664991044949
9146,-0.0065769472363192685,0.004284384936989603,-1.5350971803529216
9147,-0.005265456078494953,0.00454338590056119,-1.1589277674706375
9148,-0.001351999869486166,0.004773104725806606,-0.2832537618913635
9149,-0.003971691519870196,0.004661340567405938,-0.852049203965473
9150,0.0034382351383325277,0.004639988632594361,0.7410007675838
9151,0.006921478468060853,0.004323840869603038,1.6007708601672703
9152,-0.0014508068844977856,0.004710399316763007,-0.30800082687995595
9153,0.003708068419054159,0.004498713723819281,0.824250807385475
9154,0.008712425235435431,0.004027978605466225,2.1629770385602627
9155,0.0007146325598810184,0.00474364146800141,0.1506506266760728
9156,-0.004357328517241542,0.004531276371767738,-0.9616117313854472
9157,0.0036105848184094,0.004615406830932087,0.7822896118737681
9158,-0.0008565371981841521,0.004709461882990242,-0.18187581075405146
9159,-0.0023438648178113115,0.004695379851276298,-0.49918534645800855
9160,-0.0018072867651968646,0.004729682451567478,-0.3821158785401981
9161,-0.003629414597077887,0.004654190480116267,-0.7798165142968579
9162,-0.007432592507392844,0.00437730693701333,-1.6979829411880718
9163,0.002307834730193713,0.004635923278052978,0.4978155572848416
9164,-0.005738412538946022,0.004411690443237968,-1.300728737153712
9165,-0.007267286960550637,0.004384765796156017,-1.6573945561520376
9166,-0.00434322799427999,0.004429315232222143,-0.9805642106220188
9167,-0.0011097208485529636,0.004701518083648936,-0.2360345804927094
9168,-0.0027126448818601636,0.0045895985933720705,-0.5910418583833339
9169,0.00620010767770211,0.004380097821153771,1.4155180844954112
9170,0.0026758767674983992,0.00460131918138924,0.5815455659588676
9171,-0.0026788165842367697,0.004607530988700277,-0.5813995805576617
9172,-0.0033664632618738456,0.0045874856563190205,-0.7338362480189381
9173,0.0024107226420031803,0.0047326158756487765,0.5093848107147938
9174,0.0031465106958600865,0.0046250587039186955,0.6803180018437663
9175,0.00247262444809979,0.004679551078731335,0.528389242151437
9176,-0.006049033235645675,0.004413027062746446,-1.370721989608888
9177,-0.005804388158061405,0.0045450967165685556,-1.2770659284107788
9178,-0.0002719006536382091,0.004760257530299651,-0.05711889575459447
9179,0.0007840693481034437,0.0047248073119611,0.16594737019614125
9180,-0.001371694656316851,0.004633565423427117,-0.29603437762670165
9181,-0.005078842375764629,0.00455485163362537,-1.115040133968578
9182,-0.0025218254250161647,0.0046086326886000985,-0.5471960113580207
9183,-0.0007580377250811806,0.0047218063842865525,-0.1605397729995482
9184,-0.0051058597844005705,0.004601225782909931,-1.1096738185213542
9185,0.0017549534073909804,0.0046601243756951285,0.37658939245139833
9186,0.0011800905311035224,0.004785413998144633,0.24660155454910668
9187,0.004742561609768737,0.004495633983169805,1.0549260966358358
9188,0.004142522293696262,0.004433590066313577,0.9343494170043259
9189,-0.0002393561965665126,0.004741105415066552,-0.0504853142066559
9190,-0.005424126317201471,0.004403676716321299,-1.2317267289622083
9191,-0.0018435852542439957,0.00466393266914354,-0.3952855637134534
9192,-0.005083340992187758,0.004359031961024613,-1.166162817258374
9193,0.001708621116057219,0.004667011313527988,0.3661060583042815
9194,0.0025006242952989683,0.004752653775114756,0.5261532637602219
9195,0.0013716909825806356,0.004693642318612264,0.29224446378057073
9196,-0.005801850553372195,0.004418633747625313,-1.3130417420294809
9197,0.0019292787172380489,0.0046382178246441525,0.41595259002008267
9198,0.007321433376286912,0.0040243873550248116,1.8192665691450998
9199,0.002760084044812562,0.004678387363415994,0.5899648383962044
9200,0.002019319746966653,0.004675004710933106,0.4319396175674885
9201,-0.004793165019742449,0.004407489373482222,-1.087504611714019
9202,-0.0038803136829106875,0.004581849967052662,-0.8468879842887463
9203,-0.006118330051279325,0.004274176682696759,-1.431464000084108
9204,0.003074567213862133,0.0046017404108142845,0.6681313892971386
9205,-0.0037992440900538266,0.0045970693138378815,-0.8264491637351478
9206,0.0018398841335573917,0.004674291518589684,0.3936177549560531
9207,0.0034910784636292365,0.004609744082902243,0.7573258733771816
9208,0.008141200849535709,0.004166578689132585,1.9539294603435358
9209,-0.0038238003438788772,0.004555002756154066,-0.839472674020385
9210,-0.0075188699206761266,0.004136190409039649,-1.817824900962883
9211,0.0029425025563852465,0.004586774145021272,0.6415189550109405
9212,-0.0008958660395791668,0.004701572671071745,-0.1905460368806657
9213,0.0007045045647783861,0.004754286414363636,0.14818302966559585
9214,8.022977924262364e-05,0.004748829291091903,0.016894643779493772
9215,-0.0027168161796140536,0.004571806867714516,-0.5942543633677624
9216,-0.004147909071224041,0.004524926376236094,-0.91667990290581
9217,0.003579007867285656,0.004579958580756009,0.7814498328268448
9218,-0.0012890345660037114,0.004765375935186192,-0.2705000788050831
9219,0.005627792323652111,0.004553717163162206,1.2358677805417415
9220,0.006736584852551689,0.0044459461400909355,1.5152196271126896
9221,-0.0055261965955944025,0.004428538355737001,-1.2478601632602837
9222,0.0036358589022178157,0.004500492586775224,0.807880211357719
9223,-0.0033505893013357183,0.0046374871089532406,-0.7225010490847494
9224,-0.0005459035185394899,0.004745206932216792,-0.11504314276226163
9225,-0.0033243262865060345,0.004503782941761456,-0.7381186725677039
9226,-0.0035235827846522806,0.0046184545111383896,-0.7629354746602804
9227,0.007038696923619899,0.004164204550676185,1.6902860649525377
9228,-0.005941277028449168,0.00434758848321426,-1.366568397949353
9229,0.004768364112849239,0.004442786452357976,1.0732823114463368
9230,-0.005854352078830432,0.004503948557072695,-1.299826586526428
9231,-9.156088019814825e-05,0.004753093758275713,-0.01926342817006916
9232,0.005168549047045078,0.0045114308468269795,1.1456562723731583
9233,0.0032757161534416467,0.004480359349767249,0.7311279961532143
9234,0.0005724162225663334,0.0047341140230799435,0.12091306203772591
9235,0.006225558116709735,0.00427316068142821,1.4568977346831198
9236,0.0022246051045386106,0.004628390725112051,0.480643324356492
9237,-0.002511919106595512,0.0046102483214654905,-0.5448554896489896
9238,-0.005407290393471761,0.004479583781300075,-1.207096609297582
9239,-0.001985792443744976,0.004640667210972408,-0.42791097776840414
9240,-0.008514638927356719,0.0039886952075891425,-2.134692796570726
9241,-0.0056523610345374795,0.0043751691550460055,-1.2919182857235252
9242,0.00030689097125261163,0.004755105153689586,0.06453926071739727
9243,-0.00364005687683642,0.004641057156337274,-0.7843163215229945
9244,-0.0034272072461438295,0.004595455821487091,-0.7457817851537487
9245,-0.0007036858268406702,0.0047315231794205406,-0.14872289538838296
9246,-0.006304706608058164,0.004525042533632785,-1.3932922312216662
9247,0.005237541566886308,0.004523205200398302,1.1579270306872445
9248,-0.0009664949654067791,0.004763194871876521,-0.2029089700094542
9249,0.0019186982114520856,0.004745700870787091,0.40430239151037406
9250,-0.0015695396925264327,0.004770892168438692,-0.3289824286764535
9251,0.003687491643200872,0.004461243950769126,0.8265613097811301
9252,0.005928643540747352,0.004392465746333762,1.3497301705074842
9253,0.005117672184641954,0.004422512793884229,1.1571865188765629
9254,0.002074314755526229,0.004647360216388814,0.4463425813672036
9255,-0.002039581665489237,0.00468509049930982,-0.43533452892525687
9256,-0.008020268892994556,0.0040191504040927445,-1.995513500770568
9257,-0.0030449384843757054,0.004605610481875652,-0.6611367800986164
9258,-0.0034114938640113,0.0046749947749378275,-0.7297321234025698
9259,0.002717897736209392,0.004667071924146643,0.5823560854392339
9260,-0.0029132563273759175,0.004556906657668289,-0.6393056839278323
9261,0.005686001094026609,0.004599791361653895,1.236143261067858
9262,0.002841412371437243,0.004561624242913478,0.6228948769402481
9263,-0.004013278912509455,0.004580218850267885,-0.8762199020849688
9264,0.00011189062497755322,0.004746876508926661,0.02357142107386597
9265,0.0064363392316312005,0.004405129406991335,1.4611010567399343
9266,-0.007237069030335054,0.004305670377384142,-1.6808228210752743
9267,-0.002887729809671887,0.004719097609329151,-0.611924153457465
9268,-0.0016526115339965126,0.004721363552047004,-0.35002844321954474
9269,-0.0057239982827775185,0.004581932539325772,-1.2492541593857251
9270,0.0059218567250430825,0.004309874866893258,1.3740205708830266
9271,-0.0026363687960141683,0.004821860298442345,-0.5467534587980123
9272,0.007344319111125594,0.0042212756505552755,1.7398340499653244
9273,0.006875234411492795,0.004211085721551574,1.6326512605304113
9274,0.004854089510019904,0.004557608703616053,1.0650518343465116
9275,0.004794099366813065,0.0045409464475868475,1.055748932991876
9276,-0.002594079779986068,0.004586043702258053,-0.565646545999727
9277,0.0019287527305734255,0.0047384131591294,0.40704612827130504
9278,-0.004526072065562446,0.004505333971448877,-1.0046030092874334
9279,-0.0020166481880954956,0.004703976201530713,-0.4287113925957495
9280,0.004105221140030963,0.004664780089999685,0.8800460173528224
9281,0.007643885650462846,0.004232696218511057,1.8059140689174595
9282,0.0032955105745579865,0.0046310622192065895,0.7116100839436758
9283,0.003520625016183435,0.004637545443963172,0.759156984815391
9284,0.0006319146322372864,0.004739862286671012,0.1333191966387497
9285,0.000667685867193101,0.0047178593244906475,0.14152305553646113
9286,-0.0020534562685203604,0.004656227205367195,-0.44101290120751796
9287,-0.001922408266104714,0.004719261154318317,-0.4073536520320839
9288,0.000635449730313116,0.004721898196863547,0.134575059397766
9289,0.0031483327607816185,0.004602358850268739,0.6840693790310989
9290,-0.0035746201634809347,0.004546129711618263,-0.7862996417250258
9291,-0.0032533704259444414,0.004663270877719697,-0.6976584700426655
9292,0.002474842817945291,0.004649255435563782,0.5323094960570143
9293,0.0033394163106321593,0.0045174441791945505,0.7392269119809177
9294,0.0047603699807277485,0.004453599301792594,1.068881517655097
9295,-0.0081214158974605,0.003980747946025376,-2.0401733562581934
9296,0.004677928770638309,0.004530829533312658,1.0324662925947914
9297,-0.0014583532344074708,0.004721087412007902,-0.30890197684080284
9298,0.004057487795460007,0.004459135824973513,0.9099269353348547
9299,0.002112262883358614,0.004598105927581131,0.4593767339478815
9300,0.0038584473191810966,0.00464906268410274,0.8299409109657486
9301,-0.001305307129784607,0.004673743869692565,-0.2792851226292101
9302,0.0019721485484107196,0.004672351342779216,0.42208909470357653
9303,0.006478319846684152,0.004281433480430355,1.5131193503987301
9304,-4.1799589597353224e-05,0.004753397968695656,-0.008793622977211632
9305,0.006350425235335507,0.004477171211926509,1.4184012481852228
9306,-0.0024477404833164796,0.004645480378390831,-0.5269079371645874
9307,-0.0017827815235538843,0.00469592031279112,-0.3796447564703776
9308,-0.0038748226376614224,0.0045225852743440735,-0.8567716035433741
9309,-0.0025146795784000186,0.004653336158364259,-0.5404035927814806
9310,0.002685491606737416,0.00468590186490089,0.5731002663228449
9311,0.0025392807768561654,0.004519204377980618,0.5618866872294077
9312,-0.003688057598023509,0.00459240794766818,-0.8030770872383278
9313,0.006814081788412577,0.004258022617116535,1.6002925303921858
9314,-0.002480379868508878,0.004627462385665242,-0.5360129725078899
9315,-0.005190354124943529,0.00440476110999764,-1.1783508788167423
9316,0.001723986828518122,0.00468186477010026,0.36822653219887935
9317,-0.0006755926007289938,0.0047375391094306085,-0.1426041210687106
9318,-0.0024960300218006765,0.004673025997516398,-0.5341357020327421
9319,0.0026225243614762905,0.004634330572297695,0.5658906546617036
9320,0.008707540840944694,0.004090219697142556,2.1288687370577715
9321,0.00048616009048212366,0.0047294264177210445,0.10279472552115279
9322,-0.006405239545572586,0.00430780315689631,-1.4868923468145279
9323,0.004769741554032991,0.004417742370564124,1.0796785221823422
9324,-0.0007807184606659877,0.004738045307546842,-0.1647764869243537
9325,-0.004764822584576669,0.004489786494841542,-1.0612581667415868
9326,0.0048776521126206234,0.004504723041065861,1.0827862375011903
9327,-0.0016508250225002595,0.004704795731265786,-0.35088133827568296
9328,-0.007660696014248119,0.004299417569568653,-1.781798555337041
9329,-0.004682455871935902,0.004505583482071405,-1.0392562673776453
9330,-0.0018695879226159672,0.00469885979308538,-0.39788118925513893
9331,-0.0075258865336645135,0.0042523994619677145,-1.7697976403613918
9332,-0.0016987236508263824,0.00468683461557455,-0.36244582754882193
9333,-0.00516164959382541,0.004423892222448178,-1.166766578903895
9334,-0.005356889948952458,0.004611807795652867,-1.1615596716762377
9335,-0.005453361408004872,0.004406223410710969,-1.2376497738967218
9336,-0.0024920975556347643,0.004610279827957758,-0.5405523414266815
9337,0.006187600563570694,0.004222063788266559,1.465539336654864
9338,-0.0011057909182667874,0.004723392864548828,-0.23410945267039754
9339,-0.004374020743410677,0.004561406813380669,-0.9589192374992066
9340,-0.005544527585524626,0.00440020546861623,-1.2600610642094086
9341,0.0013993270069449647,0.004735283766854608,0.2955106971074854
9342,-0.0037600997106004203,0.004452640400780027,-0.8444651649708148
9343,0.003956600987000746,0.004607134123766928,0.8587987414105742
9344,0.0029480801994600865,0.004646438591002938,0.634481687796016
9345,0.003552139413162534,0.004552166570818354,0.7803184171540447
9346,-0.0031168863225461505,0.004644881315285142,-0.6710368061050899
9347,-0.002796896656032129,0.0047990559123692106,-0.5828014315947716
9348,0.0013393695017869043,0.0047285541556026595,0.28325138249710924
9349,0.0029319695035467212,0.004504203762158004,0.6509406897129335
9350,0.0017157196515422972,0.0046927442621725055,0.36561115536860833
9351,0.0010530478914770162,0.004712409398800979,0.22346273474137301
9352,-0.0023907803115776056,0.004697600882587657,-0.5089364489093532
9353,-0.0036632925719346362,0.004596865171603874,-0.7969110328847194
9354,-0.00564073320985628,0.004434411965900494,-1.2720363496292386
9355,-0.0022566656220745452,0.004623364314268855,-0.48810032449961
9356,-0.003263108130883961,0.004617586501047618,-0.7066696271187646
9357,-0.0034600324204136245,0.004570706170609979,-0.7570017172974104
9358,8.009347363862403e-05,0.0047553680607432276,0.0168427496285337
9359,0.0027796115558522713,0.004625757969027893,0.6008986147704587
9360,-0.0012568867572274368,0.004675842528470044,-0.2688043383784987
9361,0.004520923291209191,0.004416415560539044,1.0236634730671474
9362,0.004185727216122444,0.004645533875936818,0.9010217830514368
9363,-0.003957812582455227,0.004576506617337118,-0.8648108510237698
9364,0.00403337790005272,0.004537990948151497,0.888802544151322
9365,0.002313987094117481,0.0046335177373414945,0.4994017990843267
9366,9.934395332256053e-05,0.004747105713343518,0.020927267965260846
9367,-0.005847625977133558,0.004503874169105593,-1.2983546514788211
9368,-0.005910410306776436,0.004505893432775693,-1.3117066337575456
9369,-0.004859809364729836,0.004616181142527253,-1.052777006508285
9370,-0.0035167708534168535,0.004610346005532417,-0.7627997658303145
9371,4.327607961901357e-05,0.004752654629218495,0.009105664727447213
9372,0.0031519099357759815,0.004580054338133111,0.6881817775683291
9373,0.002180966389555815,0.00470568356354677,0.46347493623476377
9374,-0.0034625044497045682,0.004550779607942307,-0.76085962142873
9375,0.002222859471390518,0.004674191492481459,0.47556020650117503
9376,-0.0020675401189448736,0.004774789521607689,-0.43301178189917894
9377,-0.0020697925281364504,0.00465677657619147,-0.44446893559777
9378,-0.0001310919589447988,0.004746631212729758,-0.027617894264300478
9379,0.008768002534372996,0.004154466741486935,2.110500114687359
9380,9.164803265756825e-05,0.004751725779766624,0.019287315157750843
9381,-0.0006448697862486429,0.004768744046590163,-0.13522843330410023
9382,-0.003294066332279978,0.00455482702666318,-0.7232033868678384
9383,0.0020977592471808255,0.004566229576038244,0.4594073101775328
9384,-0.0081031572518405,0.004040332632226493,-2.005566865264536
9385,-0.004805857393869973,0.004591654070323796,-1.04665057956578
9386,-0.005459736643682373,0.004490881767953888,-1.2157382282121199
9387,0.0037007478353541377,0.004545831557100289,0.8140970004869217
9388,-0.002364578877991746,0.004649589326531482,-0.5085565007857765
9389,0.0013811803956128629,0.004692706029987276,0.29432493465110743
9390,0.0024549554349901533,0.004664711753220655,0.5262823438758417
9391,0.005292751586185009,0.0044893556953847,1.1789557222267424
9392,0.0018853514748862154,0.004677486757598971,0.403069334578725
9393,0.0004558262321443854,0.004747713758487926,0.09600962807192469
9394,0.0054126316310158535,0.004569067493971579,1.184625011155399
9395,-0.004837518073470366,0.004316532049987088,-1.1206955068212308
9396,-0.0063971355696626165,0.0043919677917254075,-1.4565533886006636
9397,0.0021268007939999225,0.004665470172887599,0.4558599059017415
9398,-0.003753473522682396,0.004408046992618135,-0.8515048793645099
9399,0.007340138303605018,0.0041187393276780745,1.7821322787482636
9400,-0.005720542367489018,0.004469315476879618,-1.2799594025264425
9401,-0.004406567753662447,0.004568450659673047,-0.9645650313267943
9402,0.005326116962163209,0.004412421857401996,1.2070733792664128
9403,0.007209986868432785,0.004484815600205172,1.6076439950179762
9404,-0.0019355067343549608,0.004651579994817404,-0.4160966244827395
9405,-0.005912882492774718,0.004354390004760211,-1.3579129306999984
9406,0.007063772601135639,0.004375833266276428,1.6142691394515785
9407,0.006313531422191027,0.004349644981152147,1.4515049962810251
9408,0.004156970397915308,0.004394498137797137,0.9459488359230717
9409,-0.0008777147136938436,0.004766798475291394,-0.1841308623058979
9410,-0.004525724554490027,0.004640264298793317,-0.9753161162968506
9411,0.0027215894702513664,0.004693293853477162,0.5798889980509102
9412,-0.005624907815785198,0.00453858040448019,-1.2393540081900183
9413,-0.002362260033067706,0.004649685841411976,-0.5080472345095803
9414,-0.0026429330822203543,0.004569505565417998,-0.5783849137250346
9415,-0.0018550817990486445,0.004713270864465662,-0.3935869277181788
9416,-0.004127900441682463,0.00454036348953287,-0.9091563816858982
9417,-0.0019248949387857658,0.004719222864449223,-0.40788388132426523
9418,0.005080635090684788,0.004391791154927033,1.156848063001575
9419,-0.0033907093269463146,0.004546257247447162,-0.7458243434971225
9420,0.0006513457005221727,0.004722661552328726,0.13791919943977285
9421,-0.003323491327096945,0.004705387126019674,-0.706316236706397
9422,0.007499048916261521,0.004099128795054761,1.8294250537598293
9423,0.002998599037174074,0.004621369160720858,0.6488551190977224
9424,0.00024187478035856785,0.0047564775157192644,0.05085166061633155
9425,0.00726075877117219,0.00428757002603454,1.6934437751649911
9426,-0.0006277398475339235,0.004726173643702626,-0.13282200250309323
9427,0.0002726143652741957,0.004749064297919071,0.05740380592312658
9428,0.0013735917529811394,0.0047083767574986,0.291733610908164
9429,0.0034454540252837423,0.0046979628742545845,0.7333931998835612
9430,-0.0008523629041920127,0.004792664002486426,-0.17784741508059154
9431,0.000995097677494153,0.0047223673976875425,0.2107200888227024
9432,0.006224350160419301,0.0045105662592792315,1.3799487254209906
9433,0.0011619878168519571,0.004717852037196366,0.24629594308821964
9434,0.0018448762957342076,0.004682236537474294,0.3940160393369141
9435,0.003259079573277463,0.004801127947361682,0.6788153969252984
9436,-0.0052291622716369515,0.004605928233568575,-1.1353112785227895
9437,0.002674734522320174,0.004616148421331752,0.5794299225648635
9438,0.0012764479665445807,0.004671438480410434,0.2732451624691912
9439,0.0053411469649132974,0.0043867456916835525,1.2175647599173827
9440,0.002480903732151296,0.004627559116737572,0.5361149732648544
9441,-0.007295955246417332,0.004400665548169039,-1.6579208682316067
9442,-0.0019573369416976153,0.00463342826926494,-0.4224381662885077
9443,0.0017277249781848416,0.004714656694343906,0.3664582789787354
9444,-0.003669555575440146,0.004525002280574968,-0.8109510996696946
9445,-0.006468351699326997,0.00428712645149584,-1.508784910477762
9446,-0.0002883925658809374,0.004741673508637281,-0.060820840016844416
9447,0.0037489651676438688,0.004576156740821753,0.8192388023340862
9448,0.0014862571111050379,0.004694766378138632,0.31657743780944114
9449,-0.003350012307903653,0.004620182354566156,-0.7250822696625413
9450,-0.003380792777399282,0.004647177430070362,-0.7274938020492354
9451,-0.0019179538660666464,0.004677679731329813,-0.410022484699138
9452,-0.006867748225036008,0.004225331498665671,-1.625375009559556
9453,-0.0022625286216659615,0.004622982790064661,-0.4894088350336074
9454,-0.0024760938997553873,0.004633649468137245,-0.5343722948362756
9455,-0.0014422493124458305,0.004733753392583615,-0.3046735207426324
9456,-0.0022302755813209557,0.004661428261960859,-0.4784532671071884
9457,-0.002083237647312191,0.004650546488607044,-0.44795545048645957
9458,-0.0026515848555178083,0.004735090675978461,-0.5599860777681694
9459,0.0011772409615991351,0.004746544896449639,0.24802061020842717
9460,0.002788011526012651,0.004629997129081526,0.6021626900156895
9461,-0.004469874970076112,0.004585992645908093,-0.9746799254168912
9462,0.007081469928217745,0.004244297166475672,1.6684670395258798
9463,-0.002750919400818519,0.004673852144516924,-0.5885764709193313
9464,-0.006741980503669063,0.004268271493208094,-1.579557559634449
9465,-0.005987417399575234,0.004466475760021134,-1.3405238763787455
9466,0.003717484320152024,0.004623595421486456,0.8040245698999495
9467,0.0019465871564219852,0.004651018123776006,0.4185292563086416
9468,-0.003935456696381406,0.004534224200287708,-0.8679448837425576
9469,-0.002333595725505416,0.004622257849801937,-0.5048605684352746
9470,-0.0012950878011942705,0.0047914564494890765,-0.27029105134251374
9471,0.003395378421555133,0.004670517624528726,0.7269811816410263
9472,-0.005026681533910939,0.004533190992335785,-1.1088616258193165
9473,0.003591274365616018,0.004647690948321443,0.7727007680906667
9474,0.003926566976822255,0.004515028655002057,0.8696660147377219
9475,-0.005789376981411897,0.004446244598591161,-1.3020824322724667
9476,0.005885887618190109,0.00418827941714301,1.4053235307316492
9477,-0.0038394376571003618,0.004461819061063928,-0.8605094927773341
9478,0.0029944823679676834,0.004659112591018877,0.6427151757911984
9479,-0.006943523235357635,0.004259475938794307,-1.6301355695233906
9480,-0.003192028852313231,0.004571723192306159,-0.6982113128995119
9481,-0.005198647404844795,0.004434909127981258,-1.1722105808312662
9482,-0.0028124976386550713,0.004663739550193776,-0.6030563260202242
9483,0.00045634298052494747,0.004735610237125763,0.09636413422442486
9484,0.0073536946943569105,0.004117587720042059,1.7859230195785112
9485,0.005948249468914765,0.004282265298216231,1.3890427273136245
9486,-0.002702522462372569,0.00459751964407701,-0.5878218412517784
9487,-0.006003725561376159,0.004388334103252391,-1.3681104082131141
9488,0.001141455551357476,0.00471894070921612,0.24188808923329047
9489,0.005041584196648693,0.004536319979983354,1.111381961346385
9490,-0.003223471092429014,0.004587416904711517,-0.7026767262243684
9491,0.0012167555269285988,0.004693744967323462,0.25922915186046747
9492,-0.00554520315828494,0.004485472204980149,-1.2362585040942151
9493,0.002305049558317216,0.004614941228524132,0.49947538748058457
9494,0.0028313941180716676,0.004614493933970437,0.6135871362248078
9495,0.0029661646729858006,0.004599760209213475,0.6448520222955259
9496,0.006363476962511099,0.004169813539816438,1.526081898326617
9497,0.0021519194693227685,0.004624673552145857,0.46531272857611194
9498,-0.0015919895722282206,0.0047511466978655565,-0.33507480898104425
9499,-0.0011306925540393118,0.0047116177267619,-0.23997968842357464
9500,0.0004870404279951357,0.004738898659866794,0.10277502494827057
9501,0.004676075223010471,0.004384670695748857,1.066459843277203
9502,0.004780001034159094,0.004512586692282303,1.0592596575117634
9503,0.00393072082973832,0.0045528039653185415,0.8633626353519711
9504,-0.003178760883878262,0.004706999782811507,-0.6753263289890311
9505,0.004509146208995881,0.004560519327267035,0.9887352482064931
9506,-0.0012132602379236893,0.004701385284633876,-0.2580644138843798
9507,-0.0035642861292105154,0.004653210539129904,-0.7659842810114916
9508,-0.00838757459491033,0.004054291533096094,-2.0688138794264477
9509,-0.006603543152269041,0.004366810861641371,-1.5122118547142527
9510,0.005110641640003233,0.004612589913926776,1.1079765891549758
9511,0.0055421110490930904,0.0045336624188671085,1.222435756581536
9512,0.008061007220160725,0.004092754831959371,1.9695797943268416
9513,-0.004306891731097536,0.004537247796850731,-0.9492300010783887
9514,-0.005057347149556728,0.004645301808115463,-1.088701522196343
9515,0.001555269723922925,0.004690860047656875,0.3315532137224592
9516,0.005502006648873373,0.0044169522359941045,1.2456568137724178
9517,-0.005237224622960713,0.004514495265880685,-1.1600908439404551
9518,0.0050268268214565676,0.004453895663138773,1.1286359631321123
9519,-0.0043787276164015095,0.004514146732609574,-0.9700011709345168
9520,0.00044597279360843395,0.004744777462355783,0.09399235204321012
9521,-0.0006504944971411358,0.004771595904325344,-0.13632640110020156
9522,-0.004073280505881828,0.004526954234638579,-0.8997838932663804
9523,0.005780219734104256,0.0044604738537079285,1.295875712688965
9524,-0.0003306163614547604,0.004739172950636566,-0.06976245958914666
9525,0.0045838258512018405,0.0045037352832293905,1.0177831428660304
9526,0.0008149883516877457,0.004783983771301612,0.17035767482672837
9527,0.0030365888183037943,0.004579395472179889,0.6630981833194489
9528,-0.0018735233235280906,0.004687786318424212,-0.3996605639136451
9529,-0.0028973733791680814,0.004615651238085686,-0.6277279694056239
9530,-0.004007675966000033,0.004710448320225959,-0.8508056332539884
9531,-0.0051771998447162825,0.004401971177596332,-1.1761094373051437
9532,0.002715835094219269,0.004597911010320894,0.5906671721403601
9533,0.003915142286329131,0.004596292185510752,0.8518044824633076
9534,0.0003206506212989191,0.004739532294702593,0.06765448600430732
9535,0.007333325386208256,0.004275038751063219,1.715382201947159
9536,0.0028831813244791257,0.004666532882073017,0.6178422819123752
9537,0.003708765949930834,0.004615465453594833,0.803551881650896
9538,0.0011555254317569502,0.004705770574227026,0.24555498691024857
9539,0.0016080611610435082,0.004734200265566354,0.3396690192300379
9540,-0.0036766107339760356,0.00465675494892577,-0.7895220543705362
9541,-0.0011009765107834934,0.004729169903676905,-0.2328054464542477
9542,0.005087587945371199,0.004487070136932785,1.1338329444631567
9543,0.00350439745314341,0.0045346366736091675,0.7728066668578811
9544,0.0005266821174105337,0.004736230602464226,0.11120280273863878
9545,0.007623087915853567,0.00417575973540851,1.8255571198728962
9546,-0.002157604028140285,0.004656703780493281,-0.4633328916428804
9547,0.0077463955687708756,0.004375409447533834,1.7704390095736233
9548,0.0013607382937667074,0.0046898006102676585,0.2901484320650141
9549,-0.0025972933589344578,0.00457886768266528,-0.5672348578158997
9550,0.007939414194532746,0.004232300358728145,1.875909912244185
9551,3.1912314373542574e-05,0.004751163288432211,0.006716737025486025
9552,0.00020516760714552393,0.004744009933347152,0.04324771870803552
9553,-0.006098487616222404,0.00425011028796505,-1.4349010268019082
9554,0.004350168392047762,0.004487530505111781,0.9693902664488745
9555,-0.0015400225671882047,0.004697308506344274,-0.3278521232123079
9556,-0.002284948359724332,0.0046754217995761205,-0.4887149133649264
9557,0.00639630006250851,0.004415895739325704,1.4484717122160153
9558,-0.0021717462661558985,0.004600645241163618,-0.4720525387883656
9559,-0.0006316960913763224,0.004721456885694661,-0.13379262093661623
9560,0.0014546793960773415,0.004719294289107892,0.3082408739448045
9561,-0.005894239087437841,0.004192406062133306,-1.4059322976072972
9562,0.002541992638192399,0.004576368121397659,0.5554606995680352
9563,0.0017473896877201608,0.004634103988886433,0.3770717471836568
9564,0.005094361939193192,0.004626530106665993,1.1011193749400092
9565,0.004448029962614739,0.004547657863037073,0.978092481135817
9566,-0.0029685524638290647,0.004567022526951554,-0.6499973333414991
9567,0.0005484253810050579,0.0047397471483779175,0.1157077295131124
9568,-0.002594724503199706,0.004642788840510944,-0.5588719608695695
9569,0.00020795928928394892,0.004746807433594588,0.043810348785619214
9570,0.004884598856293784,0.004419688647789646,1.105190714901749
9571,0.0012071538759651076,0.004784225485430438,0.2523196031711494
9572,-0.0034865133620227405,0.004502464502131166,-0.7743566574200547
9573,0.003498557170138987,0.004597592848773727,0.7609541090773456
9574,-0.00338138063420433,0.0045435826170106735,-0.7442102233477197
9575,-0.009224498542060618,0.0038331040044539623,-2.406534894785532
9576,-0.0052990616792172205,0.004336759851043816,-1.2218941931824487
9577,0.004476274434487569,0.004360248246904279,1.0266099958105979
9578,-0.0009513907397035436,0.004710793390827413,-0.20195976787180628
9579,-0.0018067118496336518,0.004692564539606808,-0.38501587658185665
9580,0.0011727110212917996,0.0047304572539174005,0.24790648310385863
9581,-0.0007161555212433865,0.004721285893749498,-0.15168653993004394
9582,0.0019492386229310865,0.004671202170404881,0.4172884306487069
9583,-7.979120516336317e-05,0.004748905534087265,-0.016802019873974807
9584,-0.004589567225233124,0.004338753164319835,-1.057807865857842
9585,-0.0011904453662520945,0.004807106074779282,-0.2476428328673304
9586,0.0036004835139038078,0.0045058854823276755,0.799062365882377
9587,0.004558286866103496,0.004519645742914223,1.0085495911377242
9588,0.0037531020247202123,0.004570445169825998,0.8211677167681889
9589,-0.004009442061076841,0.004520613990038181,-0.8869242253181137
9590,0.002743581036498243,0.004595238443081755,0.5970486777740058
9591,-0.006064189661281879,0.004359474313289577,-1.3910369061690735
9592,-0.00541742682922575,0.004453812100147124,-1.2163572929012418
9593,-0.005233974003966756,0.004415580861111904,-1.185342125667419
9594,-0.0011746669841120735,0.004719709582132733,-0.24888543747669897
9595,-0.00604320344504854,0.004332031402688999,-1.3950045332767842
9596,0.002856121936118857,0.004573930034560239,0.6244349857864538
9597,-0.0050230301197577865,0.0044941265364723685,-1.1176877373151528
9598,0.004746668808214581,0.004490729554211239,1.056992800593688
9599,0.004344572975051708,0.004607313378134795,0.9429731859938181
9600,-0.010175377015879932,0.004037314778611446,-2.5203328384960733
9601,0.0009751162729075469,0.0047752275315763645,0.2042031016238609
9602,-0.0036370500208424525,0.004566172049376032,-0.7965205825609343
9603,-0.002189500313181304,0.0046333231788338,-0.4725550600880808
9604,0.003039530989707579,0.004499722432233837,0.6754929966199354
9605,0.005344697951227423,0.0044732862595192255,1.1948034713525921
9606,-0.0033590632803948113,0.004530233248557605,-0.7414768944765292
9607,0.00664343536394882,0.004267676717129946,1.556686648096577
9608,-0.006001831806733178,0.004317718992901351,-1.3900468781318636
9609,0.00023752025652285186,0.004756058707078385,0.049940564478178816
9610,0.0011399595663534557,0.004678861676819091,0.24364036492065175
9611,-0.002535046347524548,0.0046558755744193926,-0.5444832678632481
9612,0.0015267631651082415,0.004687271210801822,0.32572537334511686
9613,-0.00031903689505099797,0.004762939108951026,-0.066983198347304
9614,-0.00393025438665191,0.004579641460061408,-0.8582013288435925
9615,0.004762558108084218,0.004543723068450025,1.0481620548474235
9616,-0.005560587437000433,0.004532880276786825,-1.2267227673046128
9617,0.0028097953007096286,0.00458061064397743,0.6134106386893933
9618,0.00448405913319647,0.0046528926019252705,0.9637142992170202
9619,-0.00421204258577361,0.004498492118639535,-0.9363232111313436
9620,0.000611850824978822,0.0047233912638961215,0.12953634174995968
9621,0.004091226089016317,0.004583848062920445,0.8925309113342927
9622,-0.005309279415038479,0.004496164794334187,-1.1808462674074875
9623,-0.006523412479792944,0.004238027312464634,-1.5392568284321035
9624,0.006379424197153013,0.004350819802235403,1.4662579668032532
9625,-0.0066836251092911286,0.00438961233288681,-1.5226003123824081
9626,-0.003099483347192023,0.004676651109938276,-0.6627570187148152
9627,-0.0022853026241292703,0.004656199473683805,-0.49080857404101447
9628,-0.0009229362972851766,0.004727969808925876,-0.19520773917438652
9629,-0.0019237467666821234,0.004690663658451556,-0.41012251288065604
9630,-0.0002632992405797267,0.004760008951101264,-0.055314862489662005
9631,-0.004899781224909541,0.004518893467462632,-1.0842878373188953
9632,0.004540750787785731,0.004472630102041154,1.0152305655040619
9633,0.003309044660989176,0.004598213526920526,0.7196370159011035
9634,-0.0031492280238770384,0.0046319469074407,-0.6798929449770158
9635,-0.0035266416844687612,0.0045109021836816105,-0.781804069533262
9636,-0.0009562071807765166,0.004794129558117711,-0.19945376302094478
9637,0.0016091821215673285,0.004666413728757871,0.34484343118793037
9638,-6.683876135510295e-06,0.004752658321445283,-0.0014063447619095263
9639,0.000693108164073658,0.004769294481548213,0.14532718974582182
9640,-0.004320659742614894,0.004577461972249091,-0.9438985553149185
9641,-0.002617068029325862,0.004635285601339588,-0.5645969319710386
9642,-0.001191921635581061,0.004702232239216553,-0.25347995907995585
9643,-0.004659716537962384,0.004394641215421214,-1.060317852936662
9644,0.005682303014757675,0.004383027480978609,1.2964333532969257
9645,0.0016512095970262009,0.004636487266973971,0.35613374995934627
9646,0.003089074182597224,0.0046557665579355706,0.6634942160774833
9647,-0.0025620048585331076,0.004637867477544791,-0.5524101046305423
9648,-0.005852586212751713,0.0043582673628911805,-1.3428699355583438
9649,0.004214403875518799,0.0044723986594103265,0.9423140011571457
9650,-0.00038962473982954526,0.004750082621812593,-0.08202483427138108
9651,-0.002549895752191381,0.004593768392811545,-0.5550771249550865
9652,-0.00010954007693580786,0.004754348464651941,-0.023039976507869857
9653,-0.004997598902327888,0.00453690449856193,-1.1015437737144314
9654,-0.003477448233777811,0.004633771384529844,-0.7504574449631902
9655,0.003827478820813039,0.004552040847169488,0.8408269937193139
9656,-0.0021575312940745124,0.004616512779363872,-0.4673508765574797
9657,-0.0029554592035962966,0.004623154862182253,-0.6392732434234836
9658,0.0018065330096835737,0.004653416098307008,0.38821652126505973
9659,-0.0014292435836066762,0.004691622985003775,-0.30463734792311453
9660,0.005677971939569878,0.004577002274498012,1.2405438317577886
9661,-0.0012300661988701041,0.004742622619187746,-0.2593641319664548
9662,0.0050966743271800025,0.0044405601729716904,1.1477548166562126
9663,-9.42920930446815e-05,0.004755529034921175,-0.019827887150360848
9664,-0.006877810603535608,0.004247923264335354,-1.619099540069431
9665,0.0003397297902497121,0.004761003488653935,0.07135676145991714
9666,-0.003833978286442987,0.0046374889399848586,-0.8267358339954348
9667,-0.0009057920867397513,0.0047156425704880595,-0.19208243059142704
9668,0.002681290577689922,0.004651110393779764,0.5764839684897156
9669,0.003944410474389491,0.004619702991834917,0.8538233911056684
9670,-0.0013070764276354565,0.004695639098386307,-0.278359643969368
9671,0.0006544616828513111,0.004724111505537698,0.13853645962508251
9672,-0.002980415351728418,0.0045846406465139935,-0.6500870147793645
9673,-0.005946812613087086,0.0045440757030264485,-1.308695761632313
9674,-0.0053304786547039955,0.004500222982659382,-1.184492118555863
9675,-0.004622863285205882,0.004526946273927175,-1.021188016264107
9676,0.0007043897093237907,0.004727344428817592,0.14900325540696288
9677,-0.0060252329030459325,0.004322482001887099,-1.3939289742364342
9678,0.0027036552410251557,0.004591627811786998,0.5888228209796758
9679,0.0047340349443703664,0.004491386134716169,1.0540253726524744
9680,-0.00230175217548062,0.004604759117166966,-0.4998637533284805
9681,-0.0049259112043440875,0.0045240922925640255,-1.088817576166717
9682,-0.0012237793238946233,0.004696081505505305,-0.26059584410107955
9683,0.00937230268681407,0.003930724511835831,2.384370275401664
9684,0.0007839207392317316,0.00477351136540115,0.16422308008181596
9685,-0.004769919830357033,0.004428684902611107,-1.0770510739079084
9686,0.0020805531039717073,0.004598695030041394,0.45242250037897813
9687,0.004992880046443952,0.0043026155139636564,1.1604290530353267
9688,-0.003722079006443058,0.004621050514651214,-0.8054616573963144
9689,-0.004567861247562342,0.004481972781003944,-1.0191630941897776
9690,-0.004450797344463709,0.004548752971384144,-0.9784653887479345
9691,0.005905396325504765,0.004301674360470619,1.372813428131899
9692,-0.003245916600667882,0.004541510780716341,-0.7147217649356538
9693,-0.002109440563942237,0.004689569172424947,-0.449815427896004
9694,-0.0035947357740733687,0.00455636984472207,-0.7889473191552651
9695,-0.006273992148249987,0.00441934054188353,-1.4196670495946893
9696,-0.006188348708191798,0.00436910421447092,-1.4163884412954388
9697,0.001983871650968797,0.004838833101802955,0.40998968330393626
9698,-0.004166096224930833,0.0044648088437889664,-0.9330962132289996
9699,-0.0032080958844081715,0.004514820802741471,-0.7105699261552452
9700,0.004052757054927614,0.004512474473508335,0.8981229874474388
9701,0.0012282632497009943,0.004709338021130147,0.2608144168437151
9702,0.004181463642588925,0.004375355807516178,0.9556853948668181
9703,0.007790087739766267,0.0042208515936917835,1.8456199103064501
9704,-0.003733944530730836,0.004520590184952908,-0.8259860721636578
9705,-0.002809852846875776,0.004594555969166994,-0.6115613490687785
9706,-0.003133513595176038,0.00460365066170181,-0.6806584220744688
9707,-0.006348876442059432,0.0045063856326595314,-1.4088622145532004
9708,0.004155137404832258,0.004537732072740295,0.915685928174029
9709,0.006577522169316067,0.00440446227888275,1.4933768875379136
9710,0.005741327567321253,0.004590592605510692,1.250672420904696
9711,0.0045462220008330246,0.004587255009267523,0.9910549973019595
9712,0.005596017284090312,0.004460301028746656,1.254627714143947
9713,-0.0018108553112469897,0.0046560542153179976,-0.38892487662395325
9714,-0.0009583169950016023,0.0047142702881914095,-0.20328002774937468
9715,-0.0028197172078386666,0.004659386863214719,-0.6051691543580517
9716,-0.0036711539459031582,0.004653198313789671,-0.7889528230558663
9717,0.003708588160727249,0.004600415334402934,0.8061420309148171
9718,-0.0034404826795997275,0.004546349293217864,-0.756757226008164
9719,-0.0019677566137444964,0.004657283875532922,-0.42251163260245345
9720,-0.0025675847481545534,0.004616915216968814,-0.5561256006429924
9721,0.0018590701875670363,0.00480944519050179,0.38654566460982404
9722,-0.0009707072350084591,0.00476842063481203,-0.20356996778383502
9723,0.004740952308829646,0.004301981195219867,1.1020392915937292
9724,0.0002774355252806949,0.004741388411731826,0.058513562102236544
9725,0.006130455232800288,0.004164807396580669,1.4719660836737438
9726,-0.008102600793113238,0.004054092265989805,-1.998622690728276
9727,0.0030020179525951252,0.004554656334712354,0.6591096521851446
9728,-0.0016273972943449584,0.0047378024216859545,-0.3434920137015436
9729,-0.00397145452444579,0.0045633782026613555,-0.8702882706784293
9730,0.003666983662542298,0.004524967683948408,0.8103889173728975
9731,-0.005681633237706481,0.0042757865223623705,-1.3287925409726444
9732,-0.002064062033753129,0.004641476002016464,-0.44469949491420585
9733,0.0037422195379062904,0.004573925266824771,0.8181636820892239
9734,-0.008478512422325621,0.004271855888029978,-1.9847374641272362
9735,-0.00027888918690107913,0.004761586611749604,-0.05857064244361265
9736,-8.914683877836011e-05,0.004755785143486359,-0.01874492561979126
9737,0.0012811694205615044,0.004688956583998376,0.27323123974609786
9738,-0.007983407380272,0.004170657676972511,-1.9141842842558996
9739,-0.00211875287119761,0.004708842857466944,-0.44995191713349364
9740,0.006049278329531438,0.004291015518616763,1.4097544749690074
9741,-0.0043508780917146375,0.004560364253509213,-0.954063721635092
9742,-0.0023652893028177544,0.004771620944977983,-0.4956993294505434
9743,-0.004585315619256392,0.004484572115940974,-1.0224644627649788
9744,0.004162610437597419,0.004599538098127517,0.9050061873152062
9745,0.006009485553961048,0.004471192628444046,1.34404532601234
9746,0.003872816318384427,0.004484511470268099,0.8635982635033593
9747,0.006000992229060552,0.004489543464872714,1.3366597909149969
9748,0.003321351145186625,0.004594540053357996,0.7228908893196306
9749,0.0070841474060322355,0.0044779072793397715,1.5820219053478775
9750,0.004050537327353179,0.004478760186866681,0.9043880802617644
9751,0.0037516407098384078,0.0045988720458442905,0.8157741012230441
9752,0.005929932496954709,0.004353446921205795,1.36212353206141
9753,0.006410058796083239,0.004215772983689348,1.5204943010175103
9754,0.005508806441418121,0.004338980283738952,1.2696085442156275
9755,0.003775743710290775,0.004597592100975269,0.8212437352782647
9756,-0.00215728491678421,0.004646992222533021,-0.4642325214842515
9757,-0.007396028230676832,0.004260316038730063,-1.7360280700869033
9758,-0.0031574040141798014,0.004624645601185304,-0.6827342647338325
9759,0.005382877014229719,0.004602362807846449,1.1695898908822642
9760,0.00274426181119784,0.00459520063765939,0.5972017388550103
9761,0.005835292803468627,0.0043351935821203435,1.3460281975723412
9762,-0.003692102058761325,0.004645080542620141,-0.7948413434137632
9763,-0.004786944941609552,0.004582150403249161,-1.0446939799739383
9764,-0.004139158871003207,0.00457873114202807,-0.9039969246086456
9765,0.0028828296831717192,0.00454275941310254,0.6345988024056178
9766,0.0012462760176780517,0.004773319872710686,0.26109208075559226
9767,-0.004076552786343957,0.004438572403847955,-0.9184378253714751
9768,0.0040562120379616234,0.004556654936637617,0.8901731850151302
9769,-0.0007724047696644454,0.004771406471196854,-0.16188198895381395
9770,0.003543575282848256,0.004612669470372952,0.7682265780387131
9771,0.0011572097213349915,0.004741470606740863,0.24406135085806657
9772,0.0032482459867455315,0.004666645959412039,0.6960558000321895
9773,0.000963171117440469,0.0046895017454080005,0.20538879602371707
9774,-0.0031384405748016843,0.004535959636376986,-0.6919022271786475
9775,0.0012301392671997845,0.004689667719467625,0.2623084066475036
9776,-0.004827371205709194,0.0045176994347190325,-1.06854634210729
9777,-0.009145950986366103,0.003932764157864242,-2.325578300462588
9778,-0.003989628133795977,0.004437771727462259,-0.8990160780706599
9779,0.004993956074503997,0.004499233525477304,1.1099570729603794
9780,0.001434978794458517,0.004705285385566935,0.3049716811779776
9781,-0.0011357349382305354,0.00470432194893962,-0.2414237270658179
9782,-0.005802649232900176,0.0043992314285404574,-1.3190143158313754
9783,-0.001254971030201384,0.004720593666877448,-0.2658502550234355
9784,-0.003457657882236701,0.004614802661650958,-0.7492536811963514
9785,0.0012435168402377442,0.004705896431514258,0.26424653800500386
9786,0.004617469997741531,0.004501661717452088,1.0257256736641218
9787,0.006659275888828039,0.004378360141123288,1.5209520629154027
9788,-0.00019631594862307513,0.004747567077159649,-0.041350853064834645
9789,-0.003238870260063621,0.004560518444469455,-0.7101978205989721
9790,0.005502170015236194,0.004552329750313141,1.2086492668633497
9791,-0.00014214824173237563,0.0047445893531125145,-0.02996007265394306
9792,-0.006165934220093895,0.004567019052927812,-1.3501003934154938
9793,0.0035432911745420406,0.004684258544306328,0.7564251932355182
9794,-0.002473614711823091,0.0046377796707922385,-0.5333618428234952
9795,-0.0033400352345335075,0.004609654041811341,-0.7245739494196525
9796,-0.0030804715827928743,0.004592075714556718,-0.6708233431404208
9797,-0.0064731511979357215,0.004382125061842626,-1.4771717161385272
9798,-0.0006588111947100202,0.004727978176787942,-0.13934311244169031
9799,0.004354336256596126,0.004441920484740491,0.9802823511935329
9800,-0.004288994207329653,0.00447735033816373,-0.9579313396075845
9801,0.0006164499731710572,0.004729788555102676,0.13033351617928196
9802,0.004145082469441586,0.004571067595177587,0.9068083950048322
9803,-0.00038991795679856305,0.004745024324732951,-0.08217406911196552
9804,0.003415834824729224,0.004534894520249716,0.7532335778652531
9805,0.006778972751617453,0.004195465284064752,1.6157856858845663
9806,-0.005019535604897326,0.004447386753963926,-1.1286483237428018
9807,0.004405036718769566,0.004530210844547234,0.9723690287112501
9808,0.00498642596914115,0.004544585267976967,1.097223547388928
9809,9.690449660783562e-05,0.004749281634015164,0.020404032456990778
9810,-0.004436184915336577,0.004479474036017594,-0.9903361152820739
9811,0.0003610209299200107,0.004771589480709136,0.07566051760730202
9812,0.005788569966616252,0.004460619745877954,1.2977053181826255
9813,-0.0025442712175982834,0.00472779872206697,-0.5381513400143103
9814,0.0022270445834282372,0.004636638526967455,0.4803144714593079
9815,0.003919861903133126,0.0046304958312821725,0.8465317853547718
9816,0.0059852907901524555,0.004477088690617818,1.3368711686894263
9817,-0.0023596777049844013,0.0046775784747579855,-0.5044656583995609
9818,-0.00015465730451248185,0.004746560760433386,-0.032583024281850934
9819,0.003963495969574305,0.004523155158771499,0.8762679657115282
9820,-0.00078709773432968,0.004710091225031186,-0.1671088088796982
9821,-0.0005740454595141262,0.004776877505373195,-0.12017169351075473
9822,-0.0005440254378645482,0.004761876939646311,-0.11424600945377553
9823,0.003475676757361628,0.0046554018201172215,0.7465900671220924
9824,-0.007815711426073211,0.004155350287961436,-1.8808790798494879
9825,-0.0031192109567204918,0.004537257054185799,-0.687466220112633
9826,0.0009074928690383421,0.004706882839046529,0.19280124449032865
9827,0.007109817886674171,0.004272768349531737,1.6639839338477953
9828,-0.0051115763055908404,0.00440637398884334,-1.160041412402358
9829,-0.002595806110660631,0.004670627819900621,-0.5557724166332446
9830,0.0017364681364464762,0.004678370758468389,0.37116941475903104
9831,-0.004810277165444093,0.004397731671663439,-1.0938087006169273
9832,-0.0032057887133892394,0.004674536582661505,-0.6857981869860529
9833,-0.003115949248654315,0.004627612646400331,-0.6733383899532105
9834,0.0036007071928956563,0.004584353152231088,0.7854340783373732
9835,-0.00956688739779478,0.0038433380312393366,-2.4892131059077847
9836,0.006851737183398335,0.004442012279841398,1.5424849711678366
9837,-0.004182810859510979,0.004609131446409826,-0.9075052226529754
9838,-0.000830049588050872,0.004794097079150032,-0.1731399206872205
9839,0.0046102353428169075,0.004698733792101771,0.9811654685707832
9840,0.007195208273064127,0.0043145364706896755,1.6676665783089273
9841,0.0030147936720700684,0.004584806977140529,0.6575617440606729
9842,0.004683169160420344,0.004489994237387513,1.0430234233764248
9843,0.0003044182194608947,0.004741600769025386,0.06420157121820833
9844,0.0038533815841474734,0.004652863070499506,0.8281742930667838
9845,-0.003047390205589162,0.004691513113336216,-0.6495538074755823
9846,-0.003331993841214488,0.0045688550088951434,-0.7292842155698529
9847,-0.0034113566905481256,0.00455886417400302,-0.7482909251829502
9848,0.0019174969501608973,0.004647713714355371,0.412567784508399
9849,0.005132768296506864,0.004620826202854984,1.1107901641779074
9850,-0.0014252572765622515,0.004702684646275236,-0.3030731132888375
9851,0.005019598961596583,0.0045019335975452915,1.1149873388478124
9852,0.005620326782824048,0.004436537554203854,1.2668272755853247
9853,-0.001962546419097653,0.004728026567912574,-0.41508785767337986
9854,0.00026648432936522633,0.004759344968617968,0.05599180793205011
9855,0.0070294527295849665,0.004175361249338685,1.68355557993894
9856,0.0022166212943836583,0.004670453394636503,0.4746051629439664
9857,0.004807766174548615,0.004426207338173925,1.0862044651826241
9858,-0.0008761870631150898,0.004714489808321911,-0.18584981593733943
9859,-0.005067138088341205,0.0043258264337841775,-1.171368792970396
9860,-0.002060668865521302,0.004692241304438398,-0.4391651519652479
9861,0.004813042435213332,0.004553049271311049,1.057103085956155
9862,-0.0045073778771674115,0.004582225440102923,-0.9836656742637633
9863,0.0037345701500696507,0.004514330886872871,0.8272699196528394
9864,0.007436994599465625,0.004157436917711431,1.7888412372013842
9865,0.007598143311129861,0.004272880928220657,1.7782249116625708
9866,-0.007874863828658523,0.0043996050916310135,-1.789902426387812
9867,-0.00033027797183647606,0.00473415513988644,-0.0697649236405038
9868,0.004034149631392385,0.004388576996514732,0.9192386585893738
9869,0.00422989771464221,0.004447228601457209,0.951131163632158
9870,0.002462338858720988,0.004696123262221375,0.5243343756603708
9871,-0.008458023831838317,0.004151761459136813,-2.0372133406712662
9872,0.001692499337596579,0.0047397335512389775,0.3570874436927273
9873,-0.0030499943824121144,0.0046394769206897475,-0.6574004859924325
9874,-0.008100421188856488,0.004047586534938455,-2.00129660451587
9875,0.005369540018716832,0.004517986173876375,1.18848084347054
9876,-0.00402774474548452,0.00461718743009271,-0.8723372846494226
9877,-0.0023259706906951314,0.004644360474526784,-0.5008161410925205
9878,-0.004425460490782658,0.004598871040447798,-0.9622928000937695
9879,-0.001300194082863392,0.004785085520730321,-0.2717180450026629
9880,0.006422963154220056,0.004343349773154585,1.4788040313766955
9881,0.00045936739042057594,0.004764884278885053,0.09640683037281747
9882,0.002088289101703119,0.004687177033673324,0.4455323719800987
9883,-0.002330418126819812,0.004571580325345105,-0.5097620430947783
9884,-0.00614981052963163,0.004359792252429686,-1.4105742139902142
9885,-0.0031375632211661933,0.00454364133917603,-0.6905393685266489
9886,-0.0021841744745584226,0.004686000479308768,-0.46610632760340864
9887,-0.0043656722229752885,0.004433992594191443,-0.98459168125232
9888,-0.0015998089113433561,0.0046968433245090065,-0.3406136421445557
9889,-0.006868437976927337,0.00446075262714449,-1.539748681675743
9890,0.005172957124549814,0.0043252397388507365,1.1959931557283632
9891,0.0009245811051705494,0.004718739028065479,0.19593817324320134
9892,-4.62724564829337e-05,0.004750838320559515,-0.009739850813842073
9893,-0.004554198185843635,0.0044986613996393495,-1.0123451803260273
9894,0.0018940958854761292,0.0046968655760088575,0.40326806352538397
9895,0.0027864421063521585,0.004531595602824407,0.6148920491968554
9896,0.0020177350542040008,0.004693465067238562,0.4299030727400623
9897,0.007559531306510502,0.004212383825508732,1.7945969834782407
9898,0.0035190856424224875,0.0046308183507813945,0.7599273769459527
9899,-0.0023229501576379195,0.004564901494466123,-0.5088719133269259
9900,-0.0028618989201386175,0.004563675855205312,-0.6271038984669225
9901,-0.0052622916714952575,0.0044056679650815765,-1.1944367376758995
9902,-0.0037936383251083415,0.004544588973552616,-0.8347593912641041
9903,0.004222411990858059,0.004624502158748839,0.913052226145016
9904,0.0056741664078048685,0.004284581529506217,1.324322193131145
9905,-0.007056873147915973,0.004251801626168913,-1.6597371581219724
9906,0.004356602783383654,0.004459851571962736,0.9768492769516894
9907,0.000591010023116388,0.004762746240151186,0.1240901768257188
9908,-0.004599098391222323,0.004397899684093878,-1.045748816840032
9909,0.0014784211729923658,0.004763137716239161,0.3103880805192602
9910,-0.004139622420255555,0.0045900654828920934,-0.9018656565324805
9911,0.0029514955920940983,0.004662459266491897,0.6330340756660051
9912,0.00465129540010296,0.004533843420456227,1.0259056100430821
9913,-0.00040022330358111473,0.004773697941458052,-0.08383926014784102
9914,-0.0009999440397331922,0.004793061603305677,-0.2086232396937171
9915,0.007252662811476799,0.0044466929033099315,1.6310239922523593
9916,-0.006183571451392781,0.0044671980498856775,-1.3842169929204344
9917,0.005936330364942198,0.004468533121008082,1.328474066138954
9918,0.0037327692948434113,0.00464054921159491,0.8043809309287545
9919,-0.0024023956795949557,0.004682999614558525,-0.5130036039564001
9920,0.005663236727695852,0.004384784690285743,1.2915655220751092
9921,-0.005445071948999924,0.004618009691504432,-1.1790949592455393
9922,-0.00406770795563271,0.0044655809626797495,-0.9109022968406154
9923,0.007001376801552544,0.004239229215511198,1.6515683501931766
9924,-0.008295436711486718,0.0040377829408567885,-2.0544533554660287
9925,-0.002589987811674688,0.004609429307863519,-0.5618890406359552
9926,0.0014345165702058143,0.00468795396435445,0.3060005667959568
9927,0.0005865091415917522,0.004725066828749175,0.12412716324416803
9928,0.002904448054792576,0.00462096740479213,0.6285367976801883
9929,0.0028988969232063557,0.004575315237334994,0.6335950142956468
9930,0.003180699769452847,0.004534058000424741,0.7015128101923014
9931,0.002887933266046795,0.0045759663101602845,0.6311089440572472
9932,0.006826747146900645,0.004357999751147505,1.5664863553750994
9933,-0.004864974070356369,0.004482346062304342,-1.0853633348995193
9934,0.0038629527186377164,0.004594568316056782,0.8407651062968712
9935,0.0015175501294441406,0.0046564789170230846,0.3259007839370439
9936,-0.007419286107459902,0.004158812600109961,-1.7839914468047278
9937,-0.003475165218449554,0.004620156074015571,-0.7521748535713736
9938,-0.0009239796130463832,0.004712462665707725,-0.19607149776912208
9939,-0.003229717682595695,0.004550958679137245,-0.7096785337563147
9940,0.004766831304382885,0.0044876029677816676,1.0622221570415011
9941,0.004289606208827472,0.004566394098735554,0.9393858953206152
9942,0.005618858433062261,0.004432941425114926,1.2675237261716332
9943,-0.006313160003150077,0.0042715109411589425,-1.4779688241737703
9944,-0.007182152304159044,0.004298137957548925,-1.6709915724191342
9945,0.004984326645224023,0.004517587493244462,1.1033160182680506
9946,0.00483560549123806,0.004521720036592111,1.0694172686733865
9947,-0.004994024662590715,0.004404875513041862,-1.133749330214784
9948,0.00373452844493192,0.004535859840990922,0.8233341804750431
9949,-0.004988707037676716,0.004405232964863492,-1.1324502194247301
9950,-0.00025604903582213855,0.004748290859645582,-0.05392446322069882
9951,-0.0014341798854955797,0.004653645622634341,-0.30818416394235826
9952,-0.004174147921905499,0.004566689857124014,-0.9140423485062924
9953,0.0031408195208296875,0.004553824773551579,0.6897102275589158
9954,0.004365599083019709,0.004422860068180854,0.9870534033909201
9955,-0.0035948222739940155,0.0046690585902069304,-0.7699244300626125
9956,-0.0028804689353052818,0.004623567611450952,-0.6229970398121513
9957,-0.002705885466602319,0.004589993214938614,-0.5895184022921278
9958,0.0016654831154076146,0.004652299243563432,0.35799139913707195
9959,-0.0043948739186319115,0.00444328194168544,-0.9891053451730397
9960,0.0032171407310728263,0.0045520355807261844,0.7067477118796152
9961,-0.0058840157156661126,0.004325950227628211,-1.3601672247838466
9962,-0.003213889887995393,0.0046419618747041685,-0.69235594232454
9963,-0.002663860889727911,0.00462251974763474,-0.5762789636736458
9964,0.0021439347486111363,0.00467677220568441,0.45842188892699937
9965,-0.0034376633269731097,0.004657261317094945,-0.7381297919347625
9966,-0.002760475198689365,0.004663031103523129,-0.5919915903206612
9967,-0.007196567864309373,0.00442541482500601,-1.6261905717052414
9968,-0.004390232916678459,0.0045279482733240305,-0.9695854836821108
9969,-0.0018931326095029297,0.0046549094964484635,-0.4066959005212293
9970,0.0022242361066858725,0.0047520304299388545,0.4680601564907261
9971,-0.004116866597573288,0.0045265434924301445,-0.9094945413554582
9972,-0.002844440142747322,0.0045566788088329,-0.6242353832869487
9973,-0.0015649556837916728,0.004674828701174788,-0.3347621450596464
9974,0.0016345393561674525,0.004715246008455836,0.34664985734280634
9975,0.006051632927368642,0.004483148400892545,1.349862281195918
9976,-0.004163343776691264,0.004537708673251165,-0.9174991337000757
9977,-0.0026778238103706237,0.004614314778046728,-0.5803296782245456
9978,0.007801832137240407,0.004240718113755859,1.8397431585780624
9979,-0.003075082156918996,0.004632670887653183,-0.663781699907625
9980,-0.005917904062460511,0.004384911416710819,-1.3496062976112777
9981,-0.006961159869274218,0.004274666279308916,-1.628468613554466
9982,-0.0013420470800866863,0.004721518666613428,-0.2842405536965265
9983,0.004058949281676245,0.0046129447926888615,0.8799041532231962
9984,0.005647007689917706,0.004366807518245042,1.2931661554405216
9985,0.004689021205733495,0.00449800322233392,1.0424672846944871
9986,0.001203336072632326,0.004723473219207586,0.2547566201368659
9987,0.0013401345918898997,0.004723503716715176,0.28371621412036435
9988,0.003213932061352404,0.0046147243669946185,0.6964515766833344
9989,-0.0022050872176920585,0.0046883105969774685,-0.47033727226043165
9990,0.0005081797586546081,0.004768035298503405,0.10658053618313523
9991,0.0028518759441110712,0.00460351918237089,0.619499089964106
9992,0.0017383196955495315,0.004658899473627891,0.3731180948181953
9993,0.004052615842731197,0.004590459529992042,0.8828344561700607
9994,0.004871060047003583,0.004651876499594615,1.0471172326754739
9995,0.004002116868668662,0.00466482520964537,0.8579350112397699
9996,0.003657090682729104,0.004632988688421344,0.7893588628586163
9997,-0.0013343140512200214,0.0046944865672083275,-0.284230028591497
9998,0.0018826632869228795,0.004697678198799341,0.4007646346239853
9999,-0.0027909956243018096,0.004613256674878926,-0.6049946536683999
