NomenCode,Reporter_ISO_N,Year,ProductCode,Sum_Of_Rates,Min_Rate,Max_Rate,SimpleAverage,Nbr_NA_Lines,Nbr_Free_Lines,Nbr_AVE_Lines,Nbr_Dutiable_Lines,TotalNoOfValidLines,TotalNoOfLines,EstCode
H5,840,2020,010121,      0.00,      0.00,      0.00,      0.00,0,1,0,0,1,1,U2 
H5,840,2020,010129,      0.00,      0.00,      0.00,      0.00,0,1,0,0,1,1,U2 
H5,840,2020,010130,      6.80,      6.80,      6.80,      6.80,0,0,0,1,1,1,U2 
H5,840,2020,010190,      4.50,      0.00,      4.50,      2.25,0,1,0,1,2,2,U2 
H5,840,2020,010221,      0.00,      0.00,      0.00,      0.00,0,1,0,0,1,1,U2 
H5,840,2020,010229,      0.33,      0.00,      0.33,      0.16,0,1,1,0,2,2,U2 
H5,840,2020,010231,      0.00,      0.00,      0.00,      0.00,0,1,0,0,1,1,U2 
H5,840,2020,010239,      0.17,      0.17,      0.17,      0.17,0,0,1,0,1,1,U2 
H5,840,2020,010290,      0.34,      0.34,      0.34,      0.34,0,0,1,0,1,1,U2 
H5,840,2020,010310,      0.00,      0.00,      0.00,      0.00,0,1,0,0,1,1,U2 
H5,840,2020,010391,      0.00,      0.00,      0.00,      0.00,0,1,0,0,1,1,U2 
H5,840,2020,010392,      0.00,      0.00,      0.00,      0.00,0,1,0,0,1,1,U2 
H5,840,2020,010410,      0.00,      0.00,      0.00,      0.00,0,1,0,0,1,1,U2 
H5,840,2020,010420,      0.20,      0.20,      0.20,      0.20,0,0,1,0,1,1,U2 
H5,840,2020,010511,      0.77,      0.77,      0.77,      0.77,0,0,1,0,1,1,U2 
H5,840,2020,010512,      0.36,      0.36,      0.36,      0.36,0,0,1,0,1,1,U2 
H5,840,2020,010513,      0.41,      0.41,      0.41,      0.41,0,0,1,0,1,1,U2 
H5,840,2020,010514,      0.18,      0.18,      0.18,      0.18,0,0,1,0,1,1,U2 
H5,840,2020,010515,      0.96,      0.96,      0.96,      0.96,0,0,1,0,1,1,U2 
H5,840,2020,010594,      2.24,      2.24,      2.24,      2.24,0,0,1,0,1,1,U2 
H5,840,2020,010599,      1.36,      1.36,      1.36,      1.36,0,0,1,0,1,1,U2 
H5,840,2020,010611,      0.00,      0.00,      0.00,      0.00,0,1,0,0,1,1,U2 
H5,840,2020,010612,      0.00,      0.00,      0.00,      0.00,0,1,0,0,1,1,U2 
H5,840,2020,010613,      0.00,      0.00,      0.00,      0.00,0,1,0,0,1,1,U2 
H5,840,2020,010614,      0.00,      0.00,      0.00,      0.00,0,1,0,0,1,1,U2 
H5,840,2020,010619,      4.80,      0.00,      4.80,      2.40,0,1,0,1,2,2,U2 
H5,840,2020,010620,      0.00,      0.00,      0.00,      0.00,0,1,0,0,1,1,U2 
H5,840,2020,010631,      1.80,      1.80,      1.80,      1.80,0,0,0,1,1,1,U2 
H5,840,2020,010632,      1.80,      1.80,      1.80,      1.80,0,0,0,1,1,1,U2 
H5,840,2020,010633,      1.80,      1.80,      1.80,      1.80,0,0,0,1,1,1,U2 
H5,840,2020,010639,      1.80,      1.80,      1.80,      1.80,0,0,0,1,1,1,U2 
H5,840,2020,010641,      0.00,      0.00,      0.00,      0.00,0,1,0,0,1,1,U2 
H5,840,2020,010649,      0.00,      0.00,      0.00,      0.00,0,1,0,0,1,1,U2 
H5,840,2020,010690,      0.00,      0.00,      0.00,      0.00,0,1,0,0,1,1,U2 
H5,840,2020,020110,     28.58,      1.09,     26.40,      9.53,0,0,2,1,3,3,U2 
H5,840,2020,020120,     56.07,      0.84,     26.40,      8.01,0,0,2,5,7,7,U2 
H5,840,2020,020130,     55.63,      0.61,     26.40,      7.95,0,0,2,5,7,7,U2 
H5,840,2020,020210,     28.53,      1.07,     26.40,      9.51,0,0,2,1,3,3,U2 
H5,840,2020,020220,     56.70,      1.15,     26.40,      8.10,0,0,2,5,7,7,U2 
H5,840,2020,020230,     56.16,      0.88,     26.40,      8.02,0,0,2,5,7,7,U2 
H5,840,2020,020311,      0.00,      0.00,      0.00,      0.00,0,1,0,0,1,1,U2 
H5,840,2020,020312,      0.64,      0.00,      0.64,      0.32,0,1,1,0,2,2,U2 
H5,840,2020,020319,      0.39,      0.00,      0.39,      0.20,0,1,1,0,2,2,U2 
H5,840,2020,020321,      0.00,      0.00,      0.00,      0.00,0,1,0,0,1,1,U2 
H5,840,2020,020322,      0.66,      0.00,      0.66,      0.33,0,1,1,0,2,2,U2 
H5,840,2020,020329,      0.46,      0.00,      0.46,      0.23,0,1,1,0,2,2,U2 
H5,840,2020,020410,      0.11,      0.11,      0.11,      0.11,0,0,1,0,1,1,U2 
H5,840,2020,020421,      0.58,      0.58,      0.58,      0.58,0,0,1,0,1,1,U2 
H5,840,2020,020422,      0.33,      0.07,      0.26,      0.17,0,0,2,0,2,2,U2 
H5,840,2020,020423,      0.34,      0.07,      0.27,      0.17,0,0,2,0,2,2,U2 
H5,840,2020,020430,      0.12,      0.12,      0.12,      0.12,0,0,1,0,1,1,U2 
H5,840,2020,020441,      0.86,      0.86,      0.86,      0.86,0,0,1,0,1,1,U2 
H5,840,2020,020442,      0.65,      0.13,      0.52,      0.33,0,0,2,0,2,2,U2 
H5,840,2020,020443,      0.54,      0.11,      0.43,      0.27,0,0,2,0,2,2,U2 
H5,840,2020,020450,      0.00,      0.00,      0.00,      0.00,0,1,0,0,1,1,U2 
H5,840,2020,020500,      0.00,      0.00,      0.00,      0.00,0,1,0,0,1,1,U2 
H5,840,2020,020610,      0.00,      0.00,      0.00,      0.00,0,1,0,0,1,1,U2 
H5,840,2020,020621,      0.00,      0.00,      0.00,      0.00,0,1,0,0,1,1,U2 
H5,840,2020,020622,      0.00,      0.00,      0.00,      0.00,0,1,0,0,1,1,U2 
H5,840,2020,020629,      0.00,      0.00,      0.00,      0.00,0,1,0,0,1,1,U2 
H5,840,2020,020630,      0.00,      0.00,      0.00,      0.00,0,1,0,0,1,1,U2 
H5,840,2020,020641,      0.00,      0.00,      0.00,      0.00,0,1,0,0,1,1,U2 
H5,840,2020,020649,      0.00,      0.00,      0.00,      0.00,0,1,0,0,1,1,U2 
H5,840,2020,020680,      0.00,      0.00,      0.00,      0.00,0,1,0,0,1,1,U2 
H5,840,2020,020690,      0.00,      0.00,      0.00,      0.00,0,1,0,0,1,1,U2 
H5,840,2020,020711,      3.71,      3.71,      3.71,      3.71,0,0,1,0,1,1,U2 
H5,840,2020,020712,      4.22,      4.22,      4.22,      4.22,0,0,1,0,1,1,U2 
H5,840,2020,020713,      7.43,      7.43,      7.43,      7.43,0,0,1,0,1,1,U2 
H5,840,2020,020714,      7.70,      7.70,      7.70,      7.70,0,0,1,0,1,1,U2 
H5,840,2020,020724,      5.35,      5.35,      5.35,      5.35,0,0,1,0,1,1,U2 
H5,840,2020,020725,     12.65,      2.65,     10.00,      6.33,0,0,1,1,2,2,U2 
H5,840,2020,020726,      4.90,      4.90,      4.90,      4.90,0,0,1,0,1,1,U2 
H5,840,2020,020727,      5.93,      5.93,      5.93,      5.93,0,0,1,0,1,1,U2 
H5,840,2020,020741,      2.61,      2.61,      2.61,      2.61,0,0,1,0,1,1,U2 
H5,840,2020,020742,      3.36,      3.36,      3.36,      3.36,0,0,1,0,1,1,U2 
H5,840,2020,020743,      0.88,      0.88,      0.88,      0.88,0,0,1,0,1,1,U2 
H5,840,2020,020744,      2.52,      2.52,      2.52,      2.52,0,0,1,0,1,1,U2 
H5,840,2020,020745,      2.82,      2.82,      2.82,      2.82,0,0,1,0,1,1,U2 
H5,840,2020,020751,      1.73,      1.73,      1.73,      1.73,0,0,1,0,1,1,U2 
H5,840,2020,020752,      2.67,      2.67,      2.67,      2.67,0,0,1,0,1,1,U2 
H5,840,2020,020753,      0.55,      0.55,      0.55,      0.55,0,0,1,0,1,1,U2 
H5,840,2020,020754,      2.90,      2.90,      2.90,      2.90,0,0,1,0,1,1,U2 
H5,840,2020,020755,      2.58,      2.58,      2.58,      2.58,0,0,1,0,1,1,U2 
H5,840,2020,020760,     12.04,      1.51,      3.01,      2.41,0,0,5,0,5,5,U2 
H5,840,2020,020810,      6.40,      6.40,      6.40,      6.40,0,0,0,1,1,1,U2 
H5,840,2020,020830,      6.40,      6.40,      6.40,      6.40,0,0,0,1,1,1,U2 
H5,840,2020,020840,      6.40,      6.40,      6.40,      6.40,0,0,0,1,1,1,U2 
H5,840,2020,020850,      6.40,      6.40,      6.40,      6.40,0,0,0,1,1,1,U2 
H5,840,2020,020860,      6.40,      6.40,      6.40,      6.40,0,0,0,1,1,1,U2 
H5,840,2020,020890,      7.34,      0.00,      6.40,      1.83,0,2,1,1,4,4,U2 
H5,840,2020,020910,      3.20,      3.20,      3.20,      3.20,0,0,0,1,1,1,U2 
H5,840,2020,020990,      3.20,      3.20,      3.20,      3.20,0,0,0,1,1,1,U2 
H5,840,2020,021011,      0.23,      0.23,      0.23,      0.23,0,0,1,0,1,1,U2 
H5,840,2020,021012,      0.26,      0.26,      0.26,      0.26,0,0,1,0,1,1,U2 
H5,840,2020,021019,      0.31,      0.31,      0.31,      0.31,0,0,1,0,1,1,U2 
H5,840,2020,021020,      0.00,      0.00,      0.00,      0.00,0,1,0,0,1,1,U2 
H5,840,2020,021091,      2.30,      2.30,      2.30,      2.30,0,0,0,1,1,1,U2 
H5,840,2020,021092,      2.30,      2.30,      2.30,      2.30,0,0,0,1,1,1,U2 
H5,840,2020,021093,      2.30,      2.30,      2.30,      2.30,0,0,0,1,1,1,U2 
H5,840,2020,021099,      4.60,      2.30,      2.30,      2.30,0,0,0,2,2,2,U2 
H5,840,2020,030111,      0.00,      0.00,      0.00,      0.00,0,1,0,0,1,1,U2 
H5,840,2020,030119,      0.00,      0.00,      0.00,      0.00,0,1,0,0,1,1,U2 
H5,840,2020,030191,      0.00,      0.00,      0.00,      0.00,0,1,0,0,1,1,U2 
H5,840,2020,030192,      0.00,      0.00,      0.00,      0.00,0,1,0,0,1,1,U2 
H5,840,2020,030193,      0.00,      0.00,      0.00,      0.00,0,1,0,0,1,1,U2 
H5,840,2020,030194,      0.00,      0.00,      0.00,      0.00,0,1,0,0,1,1,U2 
H5,840,2020,030195,      0.00,      0.00,      0.00,      0.00,0,1,0,0,1,1,U2 
H5,840,2020,030199,      0.00,      0.00,      0.00,      0.00,0,1,0,0,1,1,U2 
H5,840,2020,030211,      0.00,      0.00,      0.00,      0.00,0,1,0,0,1,1,U2 
H5,840,2020,030213,      0.00,      0.00,      0.00,      0.00,0,1,0,0,1,1,U2 
H5,840,2020,030214,      0.00,      0.00,      0.00,      0.00,0,1,0,0,1,1,U2 
H5,840,2020,030219,      0.00,      0.00,      0.00,      0.00,0,1,0,0,1,1,U2 
H5,840,2020,030221,      0.00,      0.00,      0.00,      0.00,0,1,0,0,1,1,U2 
H5,840,2020,030222,      0.00,      0.00,      0.00,      0.00,0,1,0,0,1,1,U2 
H5,840,2020,030223,      0.08,      0.08,      0.08,      0.08,0,0,1,0,1,1,U2 
H5,840,2020,030224,      0.00,      0.00,      0.00,      0.00,0,1,0,0,1,1,U2 
H5,840,2020,030229,      0.00,      0.00,      0.00,      0.00,0,1,0,0,1,1,U2 
H5,840,2020,030231,      0.00,      0.00,      0.00,      0.00,0,1,0,0,1,1,U2 
H5,840,2020,030232,      0.00,      0.00,      0.00,      0.00,0,1,0,0,1,1,U2 
H5,840,2020,030233,      0.00,      0.00,      0.00,      0.00,0,1,0,0,1,1,U2 
H5,840,2020,030234,      0.00,      0.00,      0.00,      0.00,0,1,0,0,1,1,U2 
H5,840,2020,030235,      0.00,      0.00,      0.00,      0.00,0,1,0,0,1,1,U2 
H5,840,2020,030236,      0.00,      0.00,      0.00,      0.00,0,1,0,0,1,1,U2 
H5,840,2020,030239,      0.00,      0.00,      0.00,      0.00,0,1,0,0,1,1,U2 
H5,840,2020,030241,      0.00,      0.00,      0.00,      0.00,0,1,0,0,1,1,U2 
H5,840,2020,030242,      0.00,      0.00,      0.00,      0.00,0,1,0,0,1,1,U2 
H5,840,2020,030243,      0.00,      0.00,      0.00,      0.00,0,1,0,0,1,1,U2 
H5,840,2020,030244,      0.00,      0.00,      0.00,      0.00,0,1,0,0,1,1,U2 
H5,840,2020,030245,      3.00,      0.00,      3.00,      1.50,0,1,0,1,2,2,U2 
H5,840,2020,030246,      3.00,      0.00,      3.00,      1.50,0,1,0,1,2,2,U2 
H5,840,2020,030247,      0.00,      0.00,      0.00,      0.00,0,1,0,0,1,1,U2 
H5,840,2020,030249,      0.00,      0.00,      0.00,      0.00,0,1,0,0,1,1,U2 
H5,840,2020,030251,      0.00,      0.00,      0.00,      0.00,0,1,0,0,1,1,U2 
H5,840,2020,030252,      0.00,      0.00,      0.00,      0.00,0,1,0,0,1,1,U2 
H5,840,2020,030253,      0.00,      0.00,      0.00,      0.00,0,1,0,0,1,1,U2 
H5,840,2020,030254,      3.00,      0.00,      3.00,      1.50,0,1,0,1,2,2,U2 
H5,840,2020,030255,      3.00,      0.00,      3.00,      1.50,0,1,0,1,2,2,U2 
H5,840,2020,030256,      3.00,      0.00,      3.00,      1.50,0,1,0,1,2,2,U2 
H5,840,2020,030259,      3.00,      0.00,      3.00,      1.50,0,1,0,1,2,2,U2 
H5,840,2020,030271,      3.00,      0.00,      3.00,      1.50,0,1,0,1,2,2,U2 
H5,840,2020,030272,      3.00,      0.00,      3.00,      1.50,0,1,0,1,2,2,U2 
H5,840,2020,030273,      3.00,      0.00,      3.00,      1.50,0,1,0,1,2,2,U2 
H5,840,2020,030274,      0.00,      0.00,      0.00,      0.00,0,1,0,0,1,1,U2 
H5,840,2020,030279,      3.00,      0.00,      3.00,      1.50,0,1,0,1,2,2,U2 
H5,840,2020,030281,      0.00,      0.00,      0.00,      0.00,0,1,0,0,1,1,U2 
H5,840,2020,030282,      0.00,      0.00,      0.00,      0.00,0,1,0,0,1,1,U2 
H5,840,2020,030283,      0.00,      0.00,      0.00,      0.00,0,1,0,0,1,1,U2 
H5,840,2020,030284,      3.00,      0.00,      3.00,      1.50,0,1,0,1,2,2,U2 
H5,840,2020,030285,      3.00,      0.00,      3.00,      1.50,0,1,0,1,2,2,U2 
H5,840,2020,030289,      3.00,      0.00,      3.00,      1.50,0,1,0,1,2,2,U2 
H5,840,2020,030291,     15.00,      0.00,     15.00,      7.50,0,1,0,1,2,2,U2 
H5,840,2020,030292,      0.00,      0.00,      0.00,      0.00,0,1,0,0,1,1,U2 
H5,840,2020,030299,      0.00,      0.00,      0.00,      0.00,0,1,0,0,1,1,U2 
H5,840,2020,030311,      0.00,      0.00,      0.00,      0.00,0,1,0,0,1,1,U2 
H5,840,2020,030312,      0.00,      0.00,      0.00,      0.00,0,1,0,0,1,1,U2 
H5,840,2020,030313,      0.00,      0.00,      0.00,      0.00,0,1,0,0,1,1,U2 
H5,840,2020,030314,      0.00,      0.00,      0.00,      0.00,0,1,0,0,1,1,U2 
H5,840,2020,030319,      0.00,      0.00,      0.00,      0.00,0,1,0,0,1,1,U2 
H5,840,2020,030323,      0.00,      0.00,      0.00,      0.00,0,1,0,0,1,1,U2 
H5,840,2020,030324,      0.00,      0.00,      0.00,      0.00,0,1,0,0,1,1,U2 
H5,840,2020,030325,      0.00,      0.00,      0.00,      0.00,0,1,0,0,1,1,U2 
H5,840,2020,030326,      0.00,      0.00,      0.00,      0.00,0,1,0,0,1,1,U2 
H5,840,2020,030329,      0.00,      0.00,      0.00,      0.00,0,1,0,0,1,1,U2 
H5,840,2020,030331,      0.00,      0.00,      0.00,      0.00,0,1,0,0,1,1,U2 
H5,840,2020,030332,      0.00,      0.00,      0.00,      0.00,0,1,0,0,1,1,U2 
H5,840,2020,030333,      0.20,      0.20,      0.20,      0.20,0,0,1,0,1,1,U2 
H5,840,2020,030334,      0.17,      0.17,      0.17,      0.17,0,0,1,0,1,1,U2 
H5,840,2020,030339,      0.57,      0.57,      0.57,      0.57,0,0,1,0,1,1,U2 
H5,840,2020,030341,      0.00,      0.00,      0.00,      0.00,0,1,0,0,1,1,U2 
H5,840,2020,030342,      0.00,      0.00,      0.00,      0.00,0,1,0,0,1,1,U2 
H5,840,2020,030343,      0.00,      0.00,      0.00,      0.00,0,1,0,0,1,1,U2 
H5,840,2020,030344,      0.00,      0.00,      0.00,      0.00,0,1,0,0,1,1,U2 
H5,840,2020,030345,      0.00,      0.00,      0.00,      0.00,0,1,0,0,1,1,U2 
H5,840,2020,030346,      0.00,      0.00,      0.00,      0.00,0,1,0,0,1,1,U2 
H5,840,2020,030349,      0.00,      0.00,      0.00,      0.00,0,1,0,0,1,1,U2 
H5,840,2020,030351,      0.00,      0.00,      0.00,      0.00,0,1,0,0,1,1,U2 
H5,840,2020,030353,      1.39,      1.39,      1.39,      1.39,0,0,1,0,1,1,U2 
H5,840,2020,030354,      0.00,      0.00,      0.00,      0.00,0,1,0,0,1,1,U2 
H5,840,2020,030355,      0.00,      0.00,      0.00,      0.00,0,1,0,0,1,1,U2 
H5,840,2020,030356,      0.00,      0.00,      0.00,      0.00,0,1,0,0,1,1,U2 
H5,840,2020,030357,      0.00,      0.00,      0.00,      0.00,0,1,0,0,1,1,U2 
H5,840,2020,030359,      0.00,      0.00,      0.00,      0.00,0,1,0,0,1,1,U2 
H5,840,2020,030363,      0.00,      0.00,      0.00,      0.00,0,1,0,0,1,1,U2 
H5,840,2020,030364,      0.00,      0.00,      0.00,      0.00,0,1,0,0,1,1,U2 
H5,840,2020,030365,      0.00,      0.00,      0.00,      0.00,0,1,0,0,1,1,U2 
H5,840,2020,030366,      0.00,      0.00,      0.00,      0.00,0,1,0,0,1,1,U2 
H5,840,2020,030367,      0.00,      0.00,      0.00,      0.00,0,1,0,0,1,1,U2 
H5,840,2020,030368,      0.00,      0.00,      0.00,      0.00,0,1,0,0,1,1,U2 
H5,840,2020,030369,      0.00,      0.00,      0.00,      0.00,0,1,0,0,1,1,U2 
H5,840,2020,030381,      0.59,      0.59,      0.59,      0.59,0,0,1,0,1,1,U2 
H5,840,2020,030382,      0.00,      0.00,      0.00,      0.00,0,1,0,0,1,1,U2 
H5,840,2020,030383,      0.00,      0.00,      0.00,      0.00,0,1,0,0,1,1,U2 
H5,840,2020,030384,      0.00,      0.00,      0.00,      0.00,0,1,0,0,1,1,U2 
H5,840,2020,030389,      0.00,      0.00,      0.00,      0.00,0,1,0,0,1,1,U2 
H5,840,2020,030391,     15.00,      0.00,     15.00,      7.50,0,1,0,1,2,2,U2 
H5,840,2020,030392,      0.11,      0.11,      0.11,      0.11,0,0,1,0,1,1,U2 
H5,840,2020,030399,      0.00,      0.00,      0.00,      0.00,0,1,0,0,1,1,U2 
H5,840,2020,030431,      0.00,      0.00,      0.00,      0.00,0,1,0,0,1,1,U2 
H5,840,2020,030432,      0.00,      0.00,      0.00,      0.00,0,1,0,0,1,1,U2 
H5,840,2020,030433,      0.00,      0.00,      0.00,      0.00,0,1,0,0,1,1,U2 
H5,840,2020,030439,      0.00,      0.00,      0.00,      0.00,0,1,0,0,1,1,U2 
H5,840,2020,030441,      0.00,      0.00,      0.00,      0.00,0,1,0,0,1,1,U2 
H5,840,2020,030442,      0.00,      0.00,      0.00,      0.00,0,1,0,0,1,1,U2 
H5,840,2020,030443,      0.00,      0.00,      0.00,      0.00,0,1,0,0,1,1,U2 
H5,840,2020,030444,      0.00,      0.00,      0.00,      0.00,0,1,0,0,1,1,U2 
H5,840,2020,030445,      0.00,      0.00,      0.00,      0.00,0,1,0,0,1,1,U2 
H5,840,2020,030446,      0.00,      0.00,      0.00,      0.00,0,1,0,0,1,1,U2 
H5,840,2020,030447,      0.00,      0.00,      0.00,      0.00,0,1,0,0,1,1,U2 
H5,840,2020,030448,      0.00,      0.00,      0.00,      0.00,0,1,0,0,1,1,U2 
H5,840,2020,030449,      0.00,      0.00,      0.00,      0.00,0,1,0,0,1,1,U2 
H5,840,2020,030451,      0.00,      0.00,      0.00,      0.00,0,1,0,0,1,1,U2 
H5,840,2020,030452,      0.00,      0.00,      0.00,      0.00,0,1,0,0,1,1,U2 
H5,840,2020,030453,      0.00,      0.00,      0.00,      0.00,0,1,0,0,1,1,U2 
H5,840,2020,030454,      0.00,      0.00,      0.00,      0.00,0,1,0,0,1,1,U2 
H5,840,2020,030455,      0.00,      0.00,      0.00,      0.00,0,1,0,0,1,1,U2 
H5,840,2020,030456,      0.00,      0.00,      0.00,      0.00,0,1,0,0,1,1,U2 
H5,840,2020,030457,      0.00,      0.00,      0.00,      0.00,0,1,0,0,1,1,U2 
H5,840,2020,030459,      0.00,      0.00,      0.00,      0.00,0,1,0,0,1,1,U2 
H5,840,2020,030461,      0.00,      0.00,      0.00,      0.00,0,1,0,0,1,1,U2 
H5,840,2020,030462,      0.00,      0.00,      0.00,      0.00,0,1,0,0,1,1,U2 
H5,840,2020,030463,      0.00,      0.00,      0.00,      0.00,0,1,0,0,1,1,U2 
H5,840,2020,030469,      0.00,      0.00,      0.00,      0.00,0,1,0,0,1,1,U2 
H5,840,2020,030471,      0.00,      0.00,      0.00,      0.00,0,2,0,0,2,2,U2 
H5,840,2020,030472,      0.00,      0.00,      0.00,      0.00,0,2,0,0,2,2,U2 
H5,840,2020,030473,      0.00,      0.00,      0.00,      0.00,0,2,0,0,2,2,U2 
H5,840,2020,030474,      0.00,      0.00,      0.00,      0.00,0,2,0,0,2,2,U2 
H5,840,2020,030475,      0.00,      0.00,      0.00,      0.00,0,2,0,0,2,2,U2 
H5,840,2020,030479,      0.00,      0.00,      0.00,      0.00,0,2,0,0,2,2,U2 
H5,840,2020,030481,      0.00,      0.00,      0.00,      0.00,0,2,0,0,2,2,U2 
H5,840,2020,030482,      0.00,      0.00,      0.00,      0.00,0,2,0,0,2,2,U2 
H5,840,2020,030483,      0.00,      0.00,      0.00,      0.00,0,2,0,0,2,2,U2 
H5,840,2020,030484,      0.00,      0.00,      0.00,      0.00,0,1,0,0,1,1,U2 
H5,840,2020,030485,      0.00,      0.00,      0.00,      0.00,0,1,0,0,1,1,U2 
H5,840,2020,030486,      0.00,      0.00,      0.00,      0.00,0,1,0,0,1,1,U2 
H5,840,2020,030487,      0.00,      0.00,      0.00,      0.00,0,1,0,0,1,1,U2 
H5,840,2020,030488,      0.00,      0.00,      0.00,      0.00,0,1,0,0,1,1,U2 
H5,840,2020,030489,      0.00,      0.00,      0.00,      0.00,0,2,0,0,2,2,U2 
H5,840,2020,030491,      6.00,      0.00,      6.00,      3.00,0,1,0,1,2,2,U2 
H5,840,2020,030492,      6.00,      0.00,      6.00,      3.00,0,1,0,1,2,2,U2 
H5,840,2020,030493,      6.00,      0.00,      6.00,      3.00,0,1,0,1,2,2,U2 
H5,840,2020,030494,      6.00,      0.00,      6.00,      3.00,0,1,0,1,2,2,U2 
H5,840,2020,030495,      6.00,      0.00,      6.00,      3.00,0,1,0,1,2,2,U2 
H5,840,2020,030496,      6.00,      6.00,      6.00,      6.00,0,0,0,1,1,1,U2 
H5,840,2020,030497,      6.00,      6.00,      6.00,      6.00,0,0,0,1,1,1,U2 
H5,840,2020,030499,      6.00,      0.00,      6.00,      3.00,0,1,0,1,2,2,U2 
H5,840,2020,030510,      6.00,      0.00,      6.00,      3.00,0,1,0,1,2,2,U2 
H5,840,2020,030520,      7.50,      0.00,      7.50,      3.75,0,1,0,1,2,2,U2 
H5,840,2020,030531,      0.00,      0.00,      0.00,      0.00,0,1,0,0,1,1,U2 
H5,840,2020,030532,      0.00,      0.00,      0.00,      0.00,0,1,0,0,1,1,U2 
H5,840,2020,030539,      9.00,      0.00,      5.00,      3.00,0,1,0,2,3,3,U2 
H5,840,2020,030541,      5.00,      5.00,      5.00,      5.00,0,0,0,1,1,1,U2 
H5,840,2020,030542,      0.00,      0.00,      0.00,      0.00,0,1,0,0,1,1,U2 
H5,840,2020,030543,      0.00,      0.00,      0.00,      0.00,0,1,0,0,1,1,U2 
H5,840,2020,030544,      0.00,      0.00,      0.00,      0.00,0,1,0,0,1,1,U2 
H5,840,2020,030549,      0.00,      0.00,      0.00,      0.00,0,2,0,0,2,2,U2 
H5,840,2020,030551,      0.00,      0.00,      0.00,      0.00,0,1,0,0,1,1,U2 
H5,840,2020,030552,      0.00,      0.00,      0.00,      0.00,0,1,0,0,1,1,U2 
H5,840,2020,030553,      0.00,      0.00,      0.00,      0.00,0,1,0,0,1,1,U2 
H5,840,2020,030554,      0.00,      0.00,      0.00,      0.00,0,1,0,0,1,1,U2 
H5,840,2020,030559,      0.00,      0.00,      0.00,      0.00,0,1,0,0,1,1,U2 
H5,840,2020,030561,      4.00,      0.00,      4.00,      2.00,0,1,0,1,2,2,U2 
H5,840,2020,030562,      0.00,      0.00,      0.00,      0.00,0,1,0,0,1,1,U2 
H5,840,2020,030563,      5.00,      0.00,      5.00,      1.67,0,2,0,1,3,3,U2 
H5,840,2020,030564,      0.50,      0.00,      0.50,      0.25,0,1,0,1,2,2,U2 
H5,840,2020,030569,      8.50,      0.00,      5.00,      1.42,0,3,0,3,6,6,U2 
H5,840,2020,030571,      0.00,      0.00,      0.00,      0.00,0,1,0,0,1,1,U2 
H5,840,2020,030572,      0.00,      0.00,      0.00,      0.00,0,1,0,0,1,1,U2 
H5,840,2020,030579,      0.00,      0.00,      0.00,      0.00,0,1,0,0,1,1,U2 
H5,840,2020,030611,      0.00,      0.00,      0.00,      0.00,0,1,0,0,1,1,U2 
H5,840,2020,030612,      0.00,      0.00,      0.00,      0.00,0,1,0,0,1,1,U2 
H5,840,2020,030614,      7.50,      0.00,      7.50,      3.75,0,1,0,1,2,2,U2 
H5,840,2020,030615,      0.00,      0.00,      0.00,      0.00,0,1,0,0,1,1,U2 
H5,840,2020,030616,      0.00,      0.00,      0.00,      0.00,0,1,0,0,1,1,U2 
H5,840,2020,030617,      0.00,      0.00,      0.00,      0.00,0,1,0,0,1,1,U2 
H5,840,2020,030619,      0.00,      0.00,      0.00,      0.00,0,1,0,0,1,1,U2 
H5,840,2020,030631,      0.00,      0.00,      0.00,      0.00,0,1,0,0,1,1,U2 
H5,840,2020,030632,      0.00,      0.00,      0.00,      0.00,0,1,0,0,1,1,U2 
H5,840,2020,030633,      7.50,      0.00,      7.50,      3.75,0,1,0,1,2,2,U2 
H5,840,2020,030634,      0.00,      0.00,      0.00,      0.00,0,1,0,0,1,1,U2 
H5,840,2020,030635,      0.00,      0.00,      0.00,      0.00,0,1,0,0,1,1,U2 
H5,840,2020,030636,      0.00,      0.00,      0.00,      0.00,0,1,0,0,1,1,U2 
H5,840,2020,030639,      0.00,      0.00,      0.00,      0.00,0,1,0,0,1,1,U2 
H5,840,2020,030691,      0.00,      0.00,      0.00,      0.00,0,1,0,0,1,1,U2 
H5,840,2020,030692,      0.00,      0.00,      0.00,      0.00,0,1,0,0,1,1,U2 
H5,840,2020,030693,      7.50,      0.00,      7.50,      3.75,0,1,0,1,2,2,U2 
H5,840,2020,030694,      0.00,      0.00,      0.00,      0.00,0,1,0,0,1,1,U2 
H5,840,2020,030695,      0.00,      0.00,      0.00,      0.00,0,1,0,0,1,1,U2 
H5,840,2020,030699,      0.00,      0.00,      0.00,      0.00,0,1,0,0,1,1,U2 
H5,840,2020,030711,      0.00,      0.00,      0.00,      0.00,0,1,0,0,1,1,U2 
H5,840,2020,030712,      0.00,      0.00,      0.00,      0.00,0,1,0,0,1,1,U2 
H5,840,2020,030719,      0.00,      0.00,      0.00,      0.00,0,1,0,0,1,1,U2 
H5,840,2020,030721,      0.00,      0.00,      0.00,      0.00,0,1,0,0,1,1,U2 
H5,840,2020,030722,      0.00,      0.00,      0.00,      0.00,0,1,0,0,1,1,U2 
H5,840,2020,030729,      0.00,      0.00,      0.00,      0.00,0,1,0,0,1,1,U2 
H5,840,2020,030731,      0.00,      0.00,      0.00,      0.00,0,1,0,0,1,1,U2 
H5,840,2020,030732,      0.00,      0.00,      0.00,      0.00,0,1,0,0,1,1,U2 
H5,840,2020,030739,      0.00,      0.00,      0.00,      0.00,0,1,0,0,1,1,U2 
H5,840,2020,030742,      0.00,      0.00,      0.00,      0.00,0,1,0,0,1,1,U2 
H5,840,2020,030743,      0.00,      0.00,      0.00,      0.00,0,1,0,0,1,1,U2 
H5,840,2020,030749,      0.00,      0.00,      0.00,      0.00,0,1,0,0,1,1,U2 
H5,840,2020,030751,      0.00,      0.00,      0.00,      0.00,0,1,0,0,1,1,U2 
H5,840,2020,030752,      0.00,      0.00,      0.00,      0.00,0,1,0,0,1,1,U2 
H5,840,2020,030759,      0.00,      0.00,      0.00,      0.00,0,1,0,0,1,1,U2 
H5,840,2020,030760,      5.00,      5.00,      5.00,      5.00,0,0,0,1,1,1,U2 
H5,840,2020,030771,      0.00,      0.00,      0.00,      0.00,0,1,0,0,1,1,U2 
H5,840,2020,030772,      0.00,      0.00,      0.00,      0.00,0,1,0,0,1,1,U2 
H5,840,2020,030779,      0.00,      0.00,      0.00,      0.00,0,1,0,0,1,1,U2 
H5,840,2020,030781,      0.00,      0.00,      0.00,      0.00,0,1,0,0,1,1,U2 
H5,840,2020,030782,      0.00,      0.00,      0.00,      0.00,0,1,0,0,1,1,U2 
H5,840,2020,030783,      0.00,      0.00,      0.00,      0.00,0,1,0,0,1,1,U2 
H5,840,2020,030784,      0.00,      0.00,      0.00,      0.00,0,1,0,0,1,1,U2 
H5,840,2020,030787,      0.00,      0.00,      0.00,      0.00,0,1,0,0,1,1,U2 
H5,840,2020,030788,      0.00,      0.00,      0.00,      0.00,0,1,0,0,1,1,U2 
H5,840,2020,030791,      0.00,      0.00,      0.00,      0.00,0,1,0,0,1,1,U2 
H5,840,2020,030792,      0.00,      0.00,      0.00,      0.00,0,1,0,0,1,1,U2 
H5,840,2020,030799,      0.00,      0.00,      0.00,      0.00,0,1,0,0,1,1,U2 
H5,840,2020,030811,      0.00,      0.00,      0.00,      0.00,0,1,0,0,1,1,U2 
H5,840,2020,030812,      0.00,      0.00,      0.00,      0.00,0,1,0,0,1,1,U2 
H5,840,2020,030819,      0.00,      0.00,      0.00,      0.00,0,1,0,0,1,1,U2 
H5,840,2020,030821,      0.00,      0.00,      0.00,      0.00,0,1,0,0,1,1,U2 
H5,840,2020,030822,      0.00,      0.00,      0.00,      0.00,0,1,0,0,1,1,U2 
H5,840,2020,030829,      0.00,      0.00,      0.00,      0.00,0,1,0,0,1,1,U2 
H5,840,2020,030830,      0.00,      0.00,      0.00,      0.00,0,1,0,0,1,1,U2 
H5,840,2020,030890,      0.00,      0.00,      0.00,      0.00,0,1,0,0,1,1,U2 
H5,840,2020,040110,      0.62,      0.62,      0.62,      0.62,0,0,1,0,1,1,U2 
H5,840,2020,040120,      3.70,      0.82,      2.88,      1.85,0,0,2,0,2,2,U2 
H5,840,2020,040140,    110.56,      4.23,    102.10,     36.85,0,0,3,0,3,3,U2 
H5,840,2020,040150,    112.41,      1.32,     67.82,     18.73,0,0,6,0,6,6,U2 
H5,840,2020,040210,     39.30,      1.39,     36.52,     13.10,0,0,3,0,3,3,U2 
H5,840,2020,040221,    117.49,      0.97,     45.83,     13.05,0,0,9,0,9,9,U2 
H5,840,2020,040229,     80.48,     17.50,     45.48,     26.83,0,0,1,2,3,3,U2 
H5,840,2020,040291,     70.27,      2.10,     29.88,     11.71,0,0,6,0,6,6,U2 
H5,840,2020,040299,    118.93,      1.42,     34.89,     13.21,0,0,7,2,9,9,U2 
H5,840,2020,040310,    138.53,     17.00,     81.53,     34.63,0,0,1,3,4,4,U2 
H5,840,2020,040390,    583.53,      0.22,    108.00,     29.18,0,0,17,3,20,20,U2 
H5,840,2020,040410,    206.42,      0.28,     93.91,     25.80,0,0,5,3,8,8,U2 
H5,840,2020,040490,     96.09,      0.16,     58.44,     19.22,0,0,2,3,5,5,U2 
H5,840,2020,040510,     38.01,      2.62,     32.78,     12.67,0,0,3,0,3,3,U2 
H5,840,2020,040520,    105.35,      2.94,     44.80,     13.17,0,0,5,3,8,8,U2 
H5,840,2020,040590,     60.94,     10.00,     40.94,     20.31,0,0,1,2,3,3,U2 
H5,840,2020,040610,    527.59,      8.50,     66.15,     25.12,0,0,9,12,21,21,U2 
H5,840,2020,040620,    711.31,      8.00,     41.89,     18.72,0,0,13,25,38,38,U2 
H5,840,2020,040630,    714.49,      6.40,     47.71,     19.85,0,0,13,23,36,36,U2 
H5,840,2020,040640,    136.68,      2.70,     29.68,     15.19,0,0,1,8,9,9,U2 
H5,840,2020,040690,    930.30,      0.00,     47.71,     18.61,0,2,15,33,50,50,U2 
H5,840,2020,040711,,,,,1,0,0,0,0,1,U2 
H5,840,2020,040719,,,,,1,0,0,0,0,1,U2 
H5,840,2020,040721,,,,,1,0,0,0,0,1,U2 
H5,840,2020,040729,,,,,1,0,0,0,0,1,U2 
H5,840,2020,040790,,,,,1,0,0,0,0,1,U2 
H5,840,2020,040811,      9.75,      9.75,      9.75,      9.75,0,0,1,0,1,1,U2 
H5,840,2020,040819,      4.14,      4.14,      4.14,      4.14,0,0,1,0,1,1,U2 
H5,840,2020,040891,      9.97,      9.97,      9.97,      9.97,0,0,1,0,1,1,U2 
H5,840,2020,040899,      5.46,      5.46,      5.46,      5.46,0,0,1,0,1,1,U2 
H5,840,2020,040900,      0.67,      0.67,      0.67,      0.67,0,0,1,0,1,1,U2 
H5,840,2020,041000,      1.10,      1.10,      1.10,      1.10,0,0,0,1,1,1,U2 
H5,840,2020,050100,      1.40,      1.40,      1.40,      1.40,0,0,0,1,1,1,U2 
H5,840,2020,050210,      0.15,      0.15,      0.15,      0.15,0,0,1,0,1,1,U2 
H5,840,2020,050290,      0.00,      0.00,      0.00,      0.00,0,1,0,0,1,1,U2 
H5,840,2020,050400,      0.00,      0.00,      0.00,      0.00,0,1,0,0,1,1,U2 
H5,840,2020,050510,      0.00,      0.00,      0.00,      0.00,0,1,0,0,1,1,U2 
H5,840,2020,050590,      2.30,      0.00,      2.30,      1.15,0,1,0,1,2,2,U2 
H5,840,2020,050610,      0.00,      0.00,      0.00,      0.00,0,1,0,0,1,1,U2 
H5,840,2020,050690,      0.00,      0.00,      0.00,      0.00,0,1,0,0,1,1,U2 
H5,840,2020,050710,      0.00,      0.00,      0.00,      0.00,0,1,0,0,1,1,U2 
H5,840,2020,050790,      0.00,      0.00,      0.00,      0.00,0,1,0,0,1,1,U2 
H5,840,2020,050800,      0.00,      0.00,      0.00,      0.00,0,1,0,0,1,1,U2 
H5,840,2020,051000,      5.10,      0.00,      5.10,      2.55,0,1,0,1,2,2,U2 
H5,840,2020,051110,      0.00,      0.00,      0.00,      0.00,0,1,0,0,1,1,U2 
H5,840,2020,051191,      0.00,      0.00,      0.00,      0.00,0,1,0,0,1,1,U2 
H5,840,2020,051199,      4.10,      0.00,      3.00,      0.82,0,3,0,2,5,5,U2 
H5,840,2020,060110,      3.50,      3.50,      3.50,      3.50,6,0,0,1,1,7,U2 
H5,840,2020,060120,      1.40,      1.40,      1.40,      1.40,1,0,0,1,1,2,U2 
H5,840,2020,060210,      4.80,      4.80,      4.80,      4.80,0,0,0,1,1,1,U2 
H5,840,2020,060220,      0.00,      0.00,      0.00,      0.00,0,1,0,0,1,1,U2 
H5,840,2020,060230,      1.90,      1.90,      1.90,      1.90,0,0,0,1,1,1,U2 
H5,840,2020,060240,      0.00,      0.00,      0.00,      0.00,0,1,0,0,1,1,U2 
H5,840,2020,060290,     12.28,      0.00,      4.80,      2.05,0,1,1,4,6,6,U2 
H5,840,2020,060311,      6.80,      6.80,      6.80,      6.80,0,0,0,1,1,1,U2 
H5,840,2020,060312,      9.60,      3.20,      6.40,      4.80,0,0,0,2,2,2,U2 
H5,840,2020,060313,      6.40,      6.40,      6.40,      6.40,0,0,0,1,1,1,U2 
H5,840,2020,060314,      6.40,      6.40,      6.40,      6.40,0,0,0,1,1,1,U2 
H5,840,2020,060315,      6.40,      6.40,      6.40,      6.40,0,0,0,1,1,1,U2 
H5,840,2020,060319,      6.40,      6.40,      6.40,      6.40,0,0,0,1,1,1,U2 
H5,840,2020,060390,      4.00,      4.00,      4.00,      4.00,0,0,0,1,1,1,U2 
H5,840,2020,060420,      0.00,      0.00,      0.00,      0.00,0,1,0,0,1,1,U2 
H5,840,2020,060490,      7.00,      0.00,      7.00,      2.33,0,2,0,1,3,3,U2 
H5,840,2020,070110,      0.93,      0.93,      0.93,      0.93,0,0,1,0,1,1,U2 
H5,840,2020,070190,      3.61,      1.81,      1.81,      1.81,0,0,2,0,2,2,U2 
H5,840,2020,070200,      6.58,      1.94,      2.70,      2.19,0,0,3,0,3,3,U2 
H5,840,2020,070310,      8.09,      1.37,      5.13,      2.70,0,0,3,0,3,3,U2 
H5,840,2020,070320,      0.24,      0.24,      0.24,      0.24,0,0,1,0,1,1,U2 
H5,840,2020,070390,     20.00,     20.00,     20.00,     20.00,0,0,0,1,1,1,U2 
H5,840,2020,070410,     26.50,      2.50,     14.00,      8.83,0,0,0,3,3,3,U2 
H5,840,2020,070420,     12.50,     12.50,     12.50,     12.50,0,0,0,1,1,1,U2 
H5,840,2020,070490,     20.56,      0.56,     20.00,     10.28,0,0,1,1,2,2,U2 
H5,840,2020,070511,      4.35,      0.42,      3.93,      2.18,0,0,2,0,2,2,U2 
H5,840,2020,070519,      2.70,      0.26,      2.44,      1.35,0,0,2,0,2,2,U2 
H5,840,2020,070521,      0.08,      0.08,      0.08,      0.08,0,0,1,0,1,1,U2 
H5,840,2020,070529,      0.10,      0.10,      0.10,      0.10,0,0,1,0,1,1,U2 
H5,840,2020,070610,     19.19,      0.00,     14.90,      4.80,0,1,2,1,4,4,U2 
H5,840,2020,070690,     14.60,      1.90,     10.00,      4.87,0,0,0,3,3,3,U2 
H5,840,2020,070700,     16.43,      1.46,      5.44,      4.11,0,0,4,0,4,4,U2 
H5,840,2020,070810,      2.47,      0.37,      2.10,      1.24,0,0,2,0,2,2,U2 
H5,840,2020,070820,      4.45,      0.00,      3.03,      1.48,0,1,2,0,3,3,U2 
H5,840,2020,070890,      4.98,      0.00,      3.59,      1.00,0,1,4,0,5,5,U2 
H5,840,2020,070920,     26.30,      5.00,     21.30,     13.15,0,0,0,2,2,2,U2 
H5,840,2020,070930,      3.64,      1.54,      2.10,      1.82,0,0,2,0,2,2,U2 
H5,840,2020,070940,     17.48,      0.30,     14.90,      5.83,0,0,2,1,3,3,U2 
H5,840,2020,070951,     23.23,     23.23,     23.23,     23.23,0,0,1,0,1,1,U2 
H5,840,2020,070959,     21.98,      0.00,     21.98,     10.99,0,1,1,0,2,2,U2 
H5,840,2020,070960,      5.64,      2.73,      2.91,      2.82,0,0,2,0,2,2,U2 
H5,840,2020,070970,     20.00,     20.00,     20.00,     20.00,0,0,0,1,1,1,U2 
H5,840,2020,070991,     11.30,     11.30,     11.30,     11.30,0,0,0,1,1,1,U2 
H5,840,2020,070992,      9.11,      9.11,      9.11,      9.11,0,0,1,0,1,1,U2 
H5,840,2020,070993,     32.92,      1.62,     20.00,     10.97,0,0,1,2,3,3,U2 
H5,840,2020,070999,     86.20,      5.60,     21.30,     14.37,0,0,0,6,6,6,U2 
H5,840,2020,071010,     14.00,     14.00,     14.00,     14.00,0,0,0,1,1,1,U2 
H5,840,2020,071021,      2.66,      0.89,      1.78,      1.33,0,0,2,0,2,2,U2 
H5,840,2020,071022,     26.49,      0.00,     11.20,      4.41,0,1,4,1,6,6,U2 
H5,840,2020,071029,      2.85,      0.00,      1.84,      0.57,0,1,4,0,5,5,U2 
H5,840,2020,071030,     14.00,     14.00,     14.00,     14.00,0,0,0,1,1,1,U2 
H5,840,2020,071040,     14.00,     14.00,     14.00,     14.00,0,0,0,1,1,1,U2 
H5,840,2020,071080,     93.66,      0.00,     14.90,      8.51,0,1,4,6,11,11,U2 
H5,840,2020,071090,     21.90,      7.90,     14.00,     10.95,0,0,0,2,2,2,U2 
H5,840,2020,071120,     17.76,      2.73,      6.34,      4.44,0,0,4,0,4,4,U2 
H5,840,2020,071140,      7.70,      7.70,      7.70,      7.70,0,0,0,1,1,1,U2 
H5,840,2020,071151,     11.05,     11.05,     11.05,     11.05,0,0,1,0,1,1,U2 
H5,840,2020,071159,     17.84,      7.70,     10.14,      8.92,0,0,1,1,2,2,U2 
H5,840,2020,071190,     20.80,      0.00,      8.00,      5.20,0,1,0,3,4,4,U2 
H5,840,2020,071220,     51.10,     21.30,     29.80,     25.55,0,0,0,2,2,2,U2 
H5,840,2020,071231,      4.68,      1.91,      2.77,      2.34,0,0,2,0,2,2,U2 
H5,840,2020,071232,      8.30,      8.30,      8.30,      8.30,0,0,0,1,1,1,U2 
H5,840,2020,071233,      8.30,      8.30,      8.30,      8.30,0,0,0,1,1,1,U2 
H5,840,2020,071239,      4.65,      0.00,      2.75,      1.55,0,1,2,0,3,3,U2 
H5,840,2020,071290,     65.38,      0.00,     29.80,      5.94,0,1,3,7,11,11,U2 
H5,840,2020,071310,      6.24,      0.00,      4.93,      2.08,0,1,2,0,3,3,U2 
H5,840,2020,071320,      3.98,      1.92,      2.06,      1.99,0,0,2,0,2,2,U2 
H5,840,2020,071331,      1.30,      0.00,      0.94,      0.43,0,1,2,0,3,3,U2 
H5,840,2020,071332,      2.21,      0.98,      1.23,      1.11,0,0,2,0,2,2,U2 
H5,840,2020,071333,      4.05,      1.01,      1.52,      1.35,0,0,3,0,3,3,U2 
H5,840,2020,071334,      2.31,      0.60,      1.12,      0.77,0,0,3,0,3,3,U2 
H5,840,2020,071335,      0.00,      0.00,      0.00,      0.00,0,1,0,0,1,1,U2 
H5,840,2020,071339,      3.10,      0.80,      1.50,      1.03,0,0,3,0,3,3,U2 
H5,840,2020,071340,      3.09,      0.28,      2.81,      1.54,0,0,2,0,2,2,U2 
H5,840,2020,071350,      6.41,      2.85,      3.56,      3.20,0,0,2,0,2,2,U2 
H5,840,2020,071360,      6.34,      1.34,      2.50,      2.11,0,0,3,0,3,3,U2 
H5,840,2020,071390,      4.33,      0.00,      1.71,      1.08,0,1,3,0,4,4,U2 
H5,840,2020,071410,     19.20,      7.90,     11.30,      9.60,0,0,0,2,2,2,U2 
H5,840,2020,071420,     10.50,      4.50,      6.00,      5.25,0,0,0,2,2,2,U2 
H5,840,2020,071430,     20.70,      0.00,      8.30,      5.18,0,1,0,3,4,4,U2 
H5,840,2020,071440,     16.60,      0.00,      8.30,      4.15,0,1,0,3,4,4,U2 
H5,840,2020,071450,     30.30,      0.00,     16.00,      7.57,0,1,0,3,4,4,U2 
H5,840,2020,071490,     80.50,      0.00,     20.00,      8.94,0,2,0,7,9,9,U2 
H5,840,2020,080111,      0.00,      0.00,      0.00,      0.00,0,1,0,0,1,1,U2 
H5,840,2020,080112,      0.00,      0.00,      0.00,      0.00,0,1,0,0,1,1,U2 
H5,840,2020,080119,      0.00,      0.00,      0.00,      0.00,0,1,0,0,1,1,U2 
H5,840,2020,080121,      0.00,      0.00,      0.00,      0.00,0,1,0,0,1,1,U2 
H5,840,2020,080122,      0.00,      0.00,      0.00,      0.00,0,1,0,0,1,1,U2 
H5,840,2020,080131,      0.00,      0.00,      0.00,      0.00,0,1,0,0,1,1,U2 
H5,840,2020,080132,      0.00,      0.00,      0.00,      0.00,0,1,0,0,1,1,U2 
H5,840,2020,080211,      1.72,      1.72,      1.72,      1.72,0,0,1,0,1,1,U2 
H5,840,2020,080212,      3.76,      3.76,      3.76,      3.76,0,0,1,0,1,1,U2 
H5,840,2020,080221,      2.09,      2.09,      2.09,      2.09,0,0,1,0,1,1,U2 
H5,840,2020,080222,      2.03,      2.03,      2.03,      2.03,0,0,1,0,1,1,U2 
H5,840,2020,080231,      2.56,      2.56,      2.56,      2.56,0,0,1,0,1,1,U2 
H5,840,2020,080232,      3.95,      3.95,      3.95,      3.95,0,0,1,0,1,1,U2 
H5,840,2020,080241,      0.00,      0.00,      0.00,      0.00,0,1,0,0,1,1,U2 
H5,840,2020,080242,      0.00,      0.00,      0.00,      0.00,0,1,0,0,1,1,U2 
H5,840,2020,080251,      0.12,      0.12,      0.12,      0.12,0,0,1,0,1,1,U2 
H5,840,2020,080252,      0.14,      0.14,      0.14,      0.14,0,0,1,0,1,1,U2 
H5,840,2020,080261,      0.26,      0.26,      0.26,      0.26,0,0,1,0,1,1,U2 
H5,840,2020,080262,      0.29,      0.29,      0.29,      0.29,0,0,1,0,1,1,U2 
H5,840,2020,080270,      1.01,      0.21,      0.80,      0.50,0,0,2,0,2,2,U2 
H5,840,2020,080280,      2.07,      0.43,      1.64,      1.04,0,0,2,0,2,2,U2 
H5,840,2020,080290,      4.23,      0.09,      2.16,      0.70,0,0,6,0,6,6,U2 
H5,840,2020,080310,      1.40,      0.00,      1.40,      0.70,0,1,0,1,2,2,U2 
H5,840,2020,080390,      0.00,      0.00,      0.00,      0.00,0,1,0,0,1,1,U2 
H5,840,2020,080410,     44.03,      0.84,     29.80,     11.01,0,0,3,1,4,4,U2 
H5,840,2020,080420,      4.75,      1.29,      1.83,      1.58,0,0,3,0,3,3,U2 
H5,840,2020,080430,      2.61,      0.56,      1.40,      0.87,0,0,3,0,3,3,U2 
H5,840,2020,080440,      4.21,      4.21,      4.21,      4.21,0,0,1,0,1,1,U2 
H5,840,2020,080450,      8.78,      0.90,      3.94,      2.93,0,0,3,0,3,3,U2 
H5,840,2020,080510,      2.01,      2.01,      2.01,      2.01,0,0,1,0,1,1,U2 
H5,840,2020,080521,      1.35,      1.35,      1.35,      1.35,0,0,1,0,1,1,U2 
H5,840,2020,080522,      1.45,      1.45,      1.45,      1.45,0,0,1,0,1,1,U2 
H5,840,2020,080529,      1.41,      1.41,      1.41,      1.41,0,0,1,0,1,1,U2 
H5,840,2020,080540,      5.60,      1.42,      2.37,      1.87,0,0,3,0,3,3,U2 
H5,840,2020,080550,      4.39,      0.80,      1.97,      1.46,0,0,2,1,3,3,U2 
H5,840,2020,080590,      0.80,      0.80,      0.80,      0.80,0,0,0,1,1,1,U2 
H5,840,2020,080610,      0.00,      0.00,      0.00,      0.00,2,1,0,0,1,3,U2 
H5,840,2020,080620,      3.51,      0.78,      1.52,      1.17,0,0,3,0,3,3,U2 
H5,840,2020,080711,     26.00,      9.00,     17.00,     13.00,0,0,0,2,2,2,U2 
H5,840,2020,080719,     83.90,      1.60,     29.80,     13.98,0,0,0,6,6,6,U2 
H5,840,2020,080720,      5.40,      5.40,      5.40,      5.40,0,0,0,1,1,1,U2 
H5,840,2020,080810,      0.00,      0.00,      0.00,      0.00,0,1,0,0,1,1,U2 
H5,840,2020,080830,      0.26,      0.00,      0.26,      0.13,0,1,1,0,2,2,U2 
H5,840,2020,080840,      0.26,      0.00,      0.26,      0.13,0,1,1,0,2,2,U2 
H5,840,2020,080910,      0.11,      0.11,      0.11,      0.11,0,0,1,0,1,1,U2 
H5,840,2020,080921,      0.00,      0.00,      0.00,      0.00,0,1,0,0,1,1,U2 
H5,840,2020,080929,      0.00,      0.00,      0.00,      0.00,0,1,0,0,1,1,U2 
H5,840,2020,080930,      0.13,      0.00,      0.13,      0.06,0,1,1,0,2,2,U2 
H5,840,2020,080940,      0.28,      0.00,      0.28,      0.14,0,1,1,0,2,2,U2 
H5,840,2020,081010,      0.34,      0.05,      0.29,      0.17,0,0,2,0,2,2,U2 
H5,840,2020,081020,      0.02,      0.00,      0.02,      0.01,0,1,1,0,2,2,U2 
H5,840,2020,081030,      0.00,      0.00,      0.00,      0.00,0,1,0,0,1,1,U2 
H5,840,2020,081040,      0.00,      0.00,      0.00,      0.00,0,1,0,0,1,1,U2 
H5,840,2020,081050,      0.00,      0.00,      0.00,      0.00,0,1,0,0,1,1,U2 
H5,840,2020,081060,      2.20,      2.20,      2.20,      2.20,0,0,0,1,1,1,U2 
H5,840,2020,081070,      2.20,      2.20,      2.20,      2.20,0,0,0,1,1,1,U2 
H5,840,2020,081090,      2.20,      0.00,      2.20,      1.10,0,1,0,1,2,2,U2 
H5,840,2020,081110,     11.20,     11.20,     11.20,     11.20,0,0,0,1,1,1,U2 
H5,840,2020,081120,     13.50,      4.50,      9.00,      6.75,0,0,0,2,2,2,U2 
H5,840,2020,081190,     65.70,      0.00,     14.50,      5.97,0,3,1,7,11,11,U2 
H5,840,2020,081210,      8.59,      8.59,      8.59,      8.59,0,0,1,0,1,1,U2 
H5,840,2020,081290,     14.79,      0.06,     11.20,      2.46,0,0,5,1,6,6,U2 
H5,840,2020,081310,      0.57,      0.57,      0.57,      0.57,0,0,1,0,1,1,U2 
H5,840,2020,081320,     14.67,      0.67,     14.00,      7.34,0,0,1,1,2,2,U2 
H5,840,2020,081330,      0.30,      0.30,      0.30,      0.30,0,0,1,0,1,1,U2 
H5,840,2020,081340,     14.14,      0.25,      6.80,      2.02,0,0,4,3,7,7,U2 
H5,840,2020,081350,     14.00,     14.00,     14.00,     14.00,0,0,0,1,1,1,U2 
H5,840,2020,081400,      1.61,      0.00,      0.80,      0.54,0,1,2,0,3,3,U2 
H5,840,2020,090111,      0.00,      0.00,      0.00,      0.00,0,1,0,0,1,1,U2 
H5,840,2020,090112,      0.00,      0.00,      0.00,      0.00,0,1,0,0,1,1,U2 
H5,840,2020,090121,      0.00,      0.00,      0.00,      0.00,0,1,0,0,1,1,U2 
H5,840,2020,090122,      0.00,      0.00,      0.00,      0.00,0,1,0,0,1,1,U2 
H5,840,2020,090190,      0.39,      0.00,      0.39,      0.20,0,1,1,0,2,2,U2 
H5,840,2020,090210,      6.40,      0.00,      6.40,      3.20,0,1,0,1,2,2,U2 
H5,840,2020,090220,      6.40,      0.00,      6.40,      3.20,0,1,0,1,2,2,U2 
H5,840,2020,090230,      0.00,      0.00,      0.00,      0.00,0,1,0,0,1,1,U2 
H5,840,2020,090240,      0.00,      0.00,      0.00,      0.00,0,1,0,0,1,1,U2 
H5,840,2020,090300,      0.00,      0.00,      0.00,      0.00,0,1,0,0,1,1,U2 
H5,840,2020,090411,      0.00,      0.00,      0.00,      0.00,0,1,0,0,1,1,U2 
H5,840,2020,090412,      0.00,      0.00,      0.00,      0.00,0,1,0,0,1,1,U2 
H5,840,2020,090421,      4.24,      0.00,      2.02,      1.06,0,1,3,0,4,4,U2 
H5,840,2020,090422,      5.40,      0.00,      2.08,      1.08,0,2,3,0,5,5,U2 
H5,840,2020,090510,      0.00,      0.00,      0.00,      0.00,0,1,0,0,1,1,U2 
H5,840,2020,090520,      0.00,      0.00,      0.00,      0.00,0,1,0,0,1,1,U2 
H5,840,2020,090611,      0.00,      0.00,      0.00,      0.00,0,1,0,0,1,1,U2 
H5,840,2020,090619,      0.00,      0.00,      0.00,      0.00,0,1,0,0,1,1,U2 
H5,840,2020,090620,      0.00,      0.00,      0.00,      0.00,0,1,0,0,1,1,U2 
H5,840,2020,090710,      0.00,      0.00,      0.00,      0.00,0,1,0,0,1,1,U2 
H5,840,2020,090720,      0.00,      0.00,      0.00,      0.00,0,1,0,0,1,1,U2 
H5,840,2020,090811,      0.00,      0.00,      0.00,      0.00,0,1,0,0,1,1,U2 
H5,840,2020,090812,      0.00,      0.00,      0.00,      0.00,0,1,0,0,1,1,U2 
H5,840,2020,090821,      0.00,      0.00,      0.00,      0.00,0,1,0,0,1,1,U2 
H5,840,2020,090822,      0.60,      0.00,      0.60,      0.30,0,1,1,0,2,2,U2 
H5,840,2020,090831,      0.00,      0.00,      0.00,      0.00,0,1,0,0,1,1,U2 
H5,840,2020,090832,      0.00,      0.00,      0.00,      0.00,0,1,0,0,1,1,U2 
H5,840,2020,090921,      0.00,      0.00,      0.00,      0.00,0,1,0,0,1,1,U2 
H5,840,2020,090922,      0.00,      0.00,      0.00,      0.00,0,1,0,0,1,1,U2 
H5,840,2020,090931,      0.00,      0.00,      0.00,      0.00,0,1,0,0,1,1,U2 
H5,840,2020,090932,      0.00,      0.00,      0.00,      0.00,0,1,0,0,1,1,U2 
H5,840,2020,090961,      0.00,      0.00,      0.00,      0.00,0,1,0,0,1,1,U2 
H5,840,2020,090962,      0.00,      0.00,      0.00,      0.00,0,1,0,0,1,1,U2 
H5,840,2020,091011,      0.00,      0.00,      0.00,      0.00,0,1,0,0,1,1,U2 
H5,840,2020,091012,      0.33,      0.33,      0.33,      0.33,0,0,1,0,1,1,U2 
H5,840,2020,091020,      0.00,      0.00,      0.00,      0.00,0,1,0,0,1,1,U2 
H5,840,2020,091030,      0.00,      0.00,      0.00,      0.00,0,1,0,0,1,1,U2 
H5,840,2020,091091,      1.90,      1.90,      1.90,      1.90,0,0,0,1,1,1,U2 
H5,840,2020,091099,     13.30,      0.00,      4.80,      1.66,0,4,0,4,8,8,U2 
H5,840,2020,100111,      2.38,      2.38,      2.38,      2.38,0,0,1,0,1,1,U2 
H5,840,2020,100119,      2.32,      2.32,      2.32,      2.32,0,0,1,0,1,1,U2 
H5,840,2020,100191,      2.80,      2.80,      2.80,      2.80,0,0,0,1,1,1,U2 
H5,840,2020,100199,      1.48,      1.48,      1.48,      1.48,0,0,1,0,1,1,U2 
H5,840,2020,100210,      0.00,      0.00,      0.00,      0.00,0,1,0,0,1,1,U2 
H5,840,2020,100290,      0.00,      0.00,      0.00,      0.00,0,1,0,0,1,1,U2 
H5,840,2020,100310,      0.36,      0.36,      0.36,      0.36,0,0,1,0,1,1,U2 
H5,840,2020,100390,      1.05,      0.42,      0.63,      0.53,0,0,2,0,2,2,U2 
H5,840,2020,100410,      0.00,      0.00,      0.00,      0.00,0,1,0,0,1,1,U2 
H5,840,2020,100490,      0.00,      0.00,      0.00,      0.00,0,1,0,0,1,1,U2 
H5,840,2020,100510,      0.00,      0.00,      0.00,      0.00,0,1,0,0,1,1,U2 
H5,840,2020,100590,      1.47,      0.25,      1.23,      0.74,0,0,2,0,2,2,U2 
H5,840,2020,100610,      4.51,      4.51,      4.51,      4.51,0,0,1,0,1,1,U2 
H5,840,2020,100620,      4.28,      1.21,      3.07,      2.14,0,0,2,0,2,2,U2 
H5,840,2020,100630,     12.98,      1.78,     11.20,      6.49,0,0,1,1,2,2,U2 
H5,840,2020,100640,      1.05,      1.05,      1.05,      1.05,0,0,1,0,1,1,U2 
H5,840,2020,100710,      0.39,      0.39,      0.39,      0.39,0,0,1,0,1,1,U2 
H5,840,2020,100790,      0.95,      0.95,      0.95,      0.95,0,0,1,0,1,1,U2 
H5,840,2020,100810,      0.00,      0.00,      0.00,      0.00,0,1,0,0,1,1,U2 
H5,840,2020,100821,      0.59,      0.59,      0.59,      0.59,0,0,1,0,1,1,U2 
H5,840,2020,100829,      0.64,      0.64,      0.64,      0.64,0,0,1,0,1,1,U2 
H5,840,2020,100830,      0.21,      0.21,      0.21,      0.21,0,0,1,0,1,1,U2 
H5,840,2020,100840,      1.10,      1.10,      1.10,      1.10,0,0,0,1,1,1,U2 
H5,840,2020,100850,      1.10,      1.10,      1.10,      1.10,0,0,0,1,1,1,U2 
H5,840,2020,100860,      1.10,      1.10,      1.10,      1.10,0,0,0,1,1,1,U2 
H5,840,2020,100890,      1.10,      1.10,      1.10,      1.10,0,0,0,1,1,1,U2 
H5,840,2020,110100,      1.50,      1.50,      1.50,      1.50,0,0,1,0,1,1,U2 
H5,840,2020,110220,      0.52,      0.52,      0.52,      0.52,0,0,1,0,1,1,U2 
H5,840,2020,110290,     22.25,      0.00,     12.80,      4.45,0,1,2,2,5,5,U2 
H5,840,2020,110311,      1.10,      1.10,      1.10,      1.10,0,0,1,0,1,1,U2 
H5,840,2020,110313,      0.80,      0.80,      0.80,      0.80,0,0,1,0,1,1,U2 
H5,840,2020,110319,     10.74,      0.18,      9.00,      3.58,0,0,2,1,3,3,U2 
H5,840,2020,110320,      0.00,      0.00,      0.00,      0.00,0,1,0,0,1,1,U2 
H5,840,2020,110412,      1.39,      1.39,      1.39,      1.39,0,0,1,0,1,1,U2 
H5,840,2020,110419,      6.63,      1.22,      5.41,      3.31,0,0,2,0,2,2,U2 
H5,840,2020,110422,      0.50,      0.50,      0.50,      0.50,0,0,0,1,1,1,U2 
H5,840,2020,110423,      1.23,      1.23,      1.23,      1.23,0,0,1,0,1,1,U2 
H5,840,2020,110429,      3.90,      1.20,      2.70,      1.95,0,0,0,2,2,2,U2 
H5,840,2020,110430,      4.50,      4.50,      4.50,      4.50,0,0,0,1,1,1,U2 
H5,840,2020,110510,      1.45,      1.45,      1.45,      1.45,0,0,1,0,1,1,U2 
H5,840,2020,110520,      0.96,      0.96,      0.96,      0.96,0,0,1,0,1,1,U2 
H5,840,2020,110610,      8.30,      8.30,      8.30,      8.30,0,0,0,1,1,1,U2 
H5,840,2020,110620,      8.30,      0.00,      8.30,      4.15,0,1,0,1,2,2,U2 
H5,840,2020,110630,     12.40,      2.80,      9.60,      6.20,0,0,0,2,2,2,U2 
H5,840,2020,110710,      0.59,      0.59,      0.59,      0.59,0,0,1,0,1,1,U2 
H5,840,2020,110720,      0.51,      0.51,      0.51,      0.51,0,0,1,0,1,1,U2 
H5,840,2020,110811,      1.13,      1.13,      1.13,      1.13,0,0,1,0,1,1,U2 
H5,840,2020,110812,      0.95,      0.95,      0.95,      0.95,0,0,1,0,1,1,U2 
H5,840,2020,110813,      0.66,      0.66,      0.66,      0.66,0,0,1,0,1,1,U2 
H5,840,2020,110814,      0.00,      0.00,      0.00,      0.00,0,1,0,0,1,1,U2 
H5,840,2020,110819,      0.00,      0.00,      0.00,      0.00,0,1,0,0,1,1,U2 
H5,840,2020,110820,      2.60,      2.60,      2.60,      2.60,0,0,0,1,1,1,U2 
H5,840,2020,110900,      8.60,      1.80,      6.80,      4.30,0,0,0,2,2,2,U2 
H5,840,2020,120110,      0.00,      0.00,      0.00,      0.00,0,1,0,0,1,1,U2 
H5,840,2020,120190,      0.00,      0.00,      0.00,      0.00,0,1,0,0,1,1,U2 
H5,840,2020,120230,    149.50,      8.85,    131.80,     49.83,0,0,2,1,3,3,U2 
H5,840,2020,120241,    184.72,     10.46,    163.80,     61.57,0,0,2,1,3,3,U2 
H5,840,2020,120242,    141.02,      4.61,    131.80,     47.01,0,0,2,1,3,3,U2 
H5,840,2020,120300,      0.00,      0.00,      0.00,      0.00,0,1,0,0,1,1,U2 
H5,840,2020,120400,      0.74,      0.74,      0.74,      0.74,0,0,1,0,1,1,U2 
H5,840,2020,120510,      1.30,      1.30,      1.30,      1.30,0,0,1,0,1,1,U2 
H5,840,2020,120590,      1.35,      1.35,      1.35,      1.35,0,0,1,0,1,1,U2 
H5,840,2020,120600,      0.00,      0.00,      0.00,      0.00,0,1,0,0,1,1,U2 
H5,840,2020,120710,      0.00,      0.00,      0.00,      0.00,0,1,0,0,1,1,U2 
H5,840,2020,120721,      0.42,      0.42,      0.42,      0.42,0,0,1,0,1,1,U2 
H5,840,2020,120729,      1.73,      1.73,      1.73,      1.73,0,0,1,0,1,1,U2 
H5,840,2020,120730,      0.00,      0.00,      0.00,      0.00,0,1,0,0,1,1,U2 
H5,840,2020,120740,      0.00,      0.00,      0.00,      0.00,0,1,0,0,1,1,U2 
H5,840,2020,120750,      0.00,      0.00,      0.00,      0.00,0,1,0,0,1,1,U2 
H5,840,2020,120760,      0.00,      0.00,      0.00,      0.00,0,1,0,0,1,1,U2 
H5,840,2020,120770,      0.02,      0.02,      0.02,      0.02,0,0,1,0,1,1,U2 
H5,840,2020,120791,      0.02,      0.02,      0.02,      0.02,0,0,1,0,1,1,U2 
H5,840,2020,120799,      0.00,      0.00,      0.00,      0.00,0,1,0,0,1,1,U2 
H5,840,2020,120810,      1.90,      1.90,      1.90,      1.90,0,0,0,1,1,1,U2 
H5,840,2020,120890,      1.40,      1.40,      1.40,      1.40,0,0,0,1,1,1,U2 
H5,840,2020,120910,      0.00,      0.00,      0.00,      0.00,0,1,0,0,1,1,U2 
H5,840,2020,120921,      0.58,      0.58,      0.58,      0.58,0,0,1,0,1,1,U2 
H5,840,2020,120922,      0.70,      0.00,      0.70,      0.35,0,1,1,0,2,2,U2 
H5,840,2020,120923,      0.00,      0.00,      0.00,      0.00,0,1,0,0,1,1,U2 
H5,840,2020,120924,      0.30,      0.30,      0.30,      0.30,0,0,1,0,1,1,U2 
H5,840,2020,120925,      0.81,      0.81,      0.81,      0.81,0,0,1,0,1,1,U2 
H5,840,2020,120929,      0.00,      0.00,      0.00,      0.00,0,2,0,0,2,2,U2 
H5,840,2020,120930,      0.02,      0.02,      0.02,      0.02,0,0,1,0,1,1,U2 
H5,840,2020,120991,      0.25,      0.00,      0.19,      0.04,0,3,3,0,6,6,U2 
H5,840,2020,120999,      0.11,      0.00,      0.11,      0.05,0,1,1,0,2,2,U2 
H5,840,2020,121010,      1.21,      1.21,      1.21,      1.21,0,0,1,0,1,1,U2 
H5,840,2020,121020,      1.07,      1.07,      1.07,      1.07,0,0,1,0,1,1,U2 
H5,840,2020,121120,      6.00,      0.00,      6.00,      3.00,0,1,0,1,2,2,U2 
H5,840,2020,121130,      0.00,      0.00,      0.00,      0.00,0,1,0,0,1,1,U2 
H5,840,2020,121140,      0.00,      0.00,      0.00,      0.00,0,1,0,0,1,1,U2 
H5,840,2020,121150,      0.00,      0.00,      0.00,      0.00,0,1,0,0,1,1,U2 
H5,840,2020,121190,     12.20,      0.00,      6.00,      2.44,0,2,1,2,5,5,U2 
H5,840,2020,121221,      0.00,      0.00,      0.00,      0.00,0,1,0,0,1,1,U2 
H5,840,2020,121229,      0.00,      0.00,      0.00,      0.00,0,1,0,0,1,1,U2 
H5,840,2020,121291,      0.43,      0.43,      0.43,      0.43,0,0,1,0,1,1,U2 
H5,840,2020,121292,      0.00,      0.00,      0.00,      0.00,0,1,0,0,1,1,U2 
H5,840,2020,121293,      1.91,      1.91,      1.91,      1.91,0,0,1,0,1,1,U2 
H5,840,2020,121294,      0.00,      0.00,      0.00,      0.00,0,1,0,0,1,1,U2 
H5,840,2020,121299,      0.39,      0.00,      0.39,      0.13,0,2,1,0,3,3,U2 
H5,840,2020,121300,      0.00,      0.00,      0.00,      0.00,0,1,0,0,1,1,U2 
H5,840,2020,121410,      1.40,      1.40,      1.40,      1.40,0,0,0,1,1,1,U2 
H5,840,2020,121490,      0.00,      0.00,      0.00,      0.00,0,1,0,0,1,1,U2 
H5,840,2020,130120,      0.00,      0.00,      0.00,      0.00,0,1,0,0,1,1,U2 
H5,840,2020,130190,      1.30,      0.00,      1.30,      0.65,0,1,0,1,2,2,U2 
H5,840,2020,130211,      0.00,      0.00,      0.00,      0.00,0,1,0,0,1,1,U2 
H5,840,2020,130212,      3.80,      3.80,      3.80,      3.80,0,0,0,1,1,1,U2 
H5,840,2020,130213,      4.71,      4.71,      4.71,      4.71,0,0,1,0,1,1,U2 
H5,840,2020,130214,      1.00,      1.00,      1.00,      1.00,0,0,0,1,1,1,U2 
H5,840,2020,130219,      1.00,      0.00,      1.00,      0.33,0,2,0,1,3,3,U2 
H5,840,2020,130220,      0.00,      0.00,      0.00,      0.00,0,1,0,0,1,1,U2 
H5,840,2020,130231,      0.00,      0.00,      0.00,      0.00,0,1,0,0,1,1,U2 
H5,840,2020,130232,      0.00,      0.00,      0.00,      0.00,0,1,0,0,1,1,U2 
H5,840,2020,130239,      3.20,      3.20,      3.20,      3.20,0,0,0,1,1,1,U2 
H5,840,2020,140110,      0.00,      0.00,      0.00,      0.00,0,1,0,0,1,1,U2 
H5,840,2020,140120,      2.00,      0.00,      2.00,      1.00,0,1,0,1,2,2,U2 
H5,840,2020,140190,      7.60,      3.20,      4.40,      3.80,0,0,0,2,2,2,U2 
H5,840,2020,140420,      0.00,      0.00,      0.00,      0.00,0,1,0,0,1,1,U2 
H5,840,2020,140490,      6.57,      0.00,      2.30,      1.31,0,2,2,1,5,5,U2 
H5,840,2020,150110,      3.76,      3.76,      3.76,      3.76,0,0,1,0,1,1,U2 
H5,840,2020,150120,      4.19,      4.19,      4.19,      4.19,0,0,1,0,1,1,U2 
H5,840,2020,150190,      3.53,      3.53,      3.53,      3.53,0,0,1,0,1,1,U2 
H5,840,2020,150210,      0.62,      0.62,      0.62,      0.62,0,0,1,0,1,1,U2 
H5,840,2020,150290,      0.61,      0.61,      0.61,      0.61,0,0,1,0,1,1,U2 
H5,840,2020,150300,      2.75,      2.75,      2.75,      2.75,0,0,1,0,1,1,U2 
H5,840,2020,150410,      2.50,      0.00,      2.50,      1.25,0,1,0,1,2,2,U2 
H5,840,2020,150420,      6.24,      0.00,      5.75,      2.08,0,1,2,0,3,3,U2 
H5,840,2020,150430,      5.27,      5.27,      5.27,      5.27,0,0,1,0,1,1,U2 
H5,840,2020,150500,      2.67,      0.27,      2.40,      1.34,0,0,1,1,2,2,U2 
H5,840,2020,150600,      2.30,      2.30,      2.30,      2.30,0,0,0,1,1,1,U2 
H5,840,2020,150710,     19.10,     19.10,     19.10,     19.10,0,0,0,1,1,1,U2 
H5,840,2020,150790,     19.10,      0.00,     19.10,      9.55,0,1,0,1,2,2,U2 
H5,840,2020,150810,      5.04,      5.04,      5.04,      5.04,0,0,1,0,1,1,U2 
H5,840,2020,150890,      4.35,      4.35,      4.35,      4.35,0,0,1,0,1,1,U2 
H5,840,2020,150910,      1.00,      1.00,      1.00,      1.00,1,0,1,0,1,2,U2 
H5,840,2020,150990,      1.03,      1.03,      1.03,      1.03,1,0,1,0,1,2,U2 
H5,840,2020,151000,      2.33,      0.00,      2.33,      1.17,1,1,1,0,2,3,U2 
H5,840,2020,151110,      0.00,      0.00,      0.00,      0.00,0,1,0,0,1,1,U2 
H5,840,2020,151190,      0.00,      0.00,      0.00,      0.00,0,1,0,0,1,1,U2 
H5,840,2020,151211,      5.51,      5.51,      5.51,      5.51,0,0,1,0,1,1,U2 
H5,840,2020,151219,      5.00,      5.00,      5.00,      5.00,0,0,1,0,1,1,U2 
H5,840,2020,151221,      5.64,      5.64,      5.64,      5.64,0,0,1,0,1,1,U2 
H5,840,2020,151229,      5.77,      5.77,      5.77,      5.77,0,0,1,0,1,1,U2 
H5,840,2020,151311,      0.00,      0.00,      0.00,      0.00,0,1,0,0,1,1,U2 
H5,840,2020,151319,      0.00,      0.00,      0.00,      0.00,0,1,0,0,1,1,U2 
H5,840,2020,151321,      0.00,      0.00,      0.00,      0.00,0,1,0,0,1,1,U2 
H5,840,2020,151329,      0.00,      0.00,      0.00,      0.00,0,1,0,0,1,1,U2 
H5,840,2020,151411,      6.40,      6.40,      6.40,      6.40,0,0,0,1,1,1,U2 
H5,840,2020,151419,      6.40,      6.40,      6.40,      6.40,0,0,0,1,1,1,U2 
H5,840,2020,151491,      6.40,      0.00,      6.40,      3.20,0,1,0,1,2,2,U2 
H5,840,2020,151499,      7.53,      0.00,      6.40,      2.51,0,1,1,1,3,3,U2 
H5,840,2020,151511,      5.83,      5.83,      5.83,      5.83,0,0,1,0,1,1,U2 
H5,840,2020,151519,      4.47,      4.47,      4.47,      4.47,0,0,1,0,1,1,U2 
H5,840,2020,151521,      3.40,      3.40,      3.40,      3.40,0,0,0,1,1,1,U2 
H5,840,2020,151529,      3.40,      3.40,      3.40,      3.40,0,0,0,1,1,1,U2 
H5,840,2020,151530,      0.00,      0.00,      0.00,      0.00,0,1,0,0,1,1,U2 
H5,840,2020,151550,      0.14,      0.14,      0.14,      0.14,0,0,1,0,1,1,U2 
H5,840,2020,151590,      5.50,      0.00,      3.20,      1.83,0,1,0,2,3,3,U2 
H5,840,2020,151610,      1.10,      1.10,      1.10,      1.10,0,0,1,0,1,1,U2 
H5,840,2020,151620,     13.50,      5.80,      7.70,      6.75,0,0,1,1,2,2,U2 
H5,840,2020,151710,      8.69,      8.69,      8.69,      8.69,0,0,1,0,1,1,U2 
H5,840,2020,151790,     63.47,      5.07,     19.72,     10.58,0,0,4,2,6,6,U2 
H5,840,2020,151800,     16.50,      8.00,      8.50,      8.25,0,0,1,1,2,2,U2 
H5,840,2020,152000,      0.00,      0.00,      0.00,      0.00,0,1,0,0,1,1,U2 
H5,840,2020,152110,      0.00,      0.00,      0.00,      0.00,0,1,0,0,1,1,U2 
H5,840,2020,152190,      4.80,      0.00,      4.80,      2.40,0,1,0,1,2,2,U2 
H5,840,2020,152200,      3.80,      3.80,      3.80,      3.80,0,0,0,1,1,1,U2 
H5,840,2020,160100,      6.76,      0.16,      3.40,      2.25,0,0,1,2,3,3,U2 
H5,840,2020,160210,      8.30,      1.90,      6.40,      4.15,0,0,0,2,2,2,U2 
H5,840,2020,160220,      4.13,      0.93,      3.20,      2.06,0,0,1,1,2,2,U2 
H5,840,2020,160231,      6.40,      6.40,      6.40,      6.40,0,0,0,1,1,1,U2 
H5,840,2020,160232,      6.40,      6.40,      6.40,      6.40,0,0,0,1,1,1,U2 
H5,840,2020,160239,      6.40,      6.40,      6.40,      6.40,0,0,0,1,1,1,U2 
H5,840,2020,160241,      7.61,      0.25,      6.40,      2.54,0,0,2,1,3,3,U2 
H5,840,2020,160242,      1.77,      0.44,      1.33,      0.89,0,0,2,0,2,2,U2 
H5,840,2020,160249,     13.90,      0.27,      6.40,      2.78,0,0,2,3,5,5,U2 
H5,840,2020,160250,     12.50,      0.00,      4.50,      2.08,0,1,0,5,6,6,U2 
H5,840,2020,160290,      9.10,      2.70,      6.40,      4.55,0,0,0,2,2,2,U2 
H5,840,2020,160300,      8.50,      0.00,      8.50,      4.25,0,1,0,1,2,2,U2 
H5,840,2020,160411,      6.00,      0.00,      6.00,      3.00,0,1,0,1,2,2,U2 
H5,840,2020,160412,      4.00,      0.00,      4.00,      1.33,0,2,0,1,3,3,U2 
H5,840,2020,160413,     38.10,      0.00,     20.00,      7.62,0,2,0,3,5,5,U2 
H5,840,2020,160414,     70.60,      0.20,     35.00,     10.09,0,0,1,6,7,7,U2 
H5,840,2020,160415,      3.00,      3.00,      3.00,      3.00,0,0,0,1,1,1,U2 
H5,840,2020,160416,      5.00,      0.00,      5.00,      1.67,0,2,0,1,3,3,U2 
H5,840,2020,160417,     27.50,      0.00,     10.00,      5.50,0,1,0,4,5,5,U2 
H5,840,2020,160418,     10.00,      4.00,      6.00,      5.00,0,0,0,2,2,2,U2 
H5,840,2020,160419,     40.50,      0.00,     10.00,      5.06,0,1,0,7,8,8,U2 
H5,840,2020,160420,     27.50,      0.00,     10.00,      3.06,0,6,0,3,9,9,U2 
H5,840,2020,160431,     15.00,     15.00,     15.00,     15.00,0,0,0,1,1,1,U2 
H5,840,2020,160432,      0.00,      0.00,      0.00,      0.00,0,2,0,0,2,2,U2 
H5,840,2020,160510,     15.00,      0.00,     10.00,      3.75,0,2,0,2,4,4,U2 
H5,840,2020,160521,      5.00,      0.00,      5.00,      2.50,0,1,0,1,2,2,U2 
H5,840,2020,160529,      5.00,      0.00,      5.00,      2.50,0,1,0,1,2,2,U2 
H5,840,2020,160530,     10.00,      0.00,     10.00,      5.00,0,1,0,1,2,2,U2 
H5,840,2020,160540,      0.00,      0.00,      0.00,      0.00,0,2,0,0,2,2,U2 
H5,840,2020,160551,      4.70,      0.00,      4.70,      1.57,0,2,0,1,3,3,U2 
H5,840,2020,160552,      0.00,      0.00,      0.00,      0.00,0,2,0,0,2,2,U2 
H5,840,2020,160553,      0.00,      0.00,      0.00,      0.00,0,2,0,0,2,2,U2 
H5,840,2020,160554,      0.00,      0.00,      0.00,      0.00,0,2,0,0,2,2,U2 
H5,840,2020,160555,      0.00,      0.00,      0.00,      0.00,0,2,0,0,2,2,U2 
H5,840,2020,160556,     10.00,      0.00,     10.00,      1.67,0,5,0,1,6,6,U2 
H5,840,2020,160557,      0.00,      0.00,      0.00,      0.00,0,2,0,0,2,2,U2 
H5,840,2020,160558,      5.00,      0.00,      5.00,      2.50,0,1,0,1,2,2,U2 
H5,840,2020,160559,      0.00,      0.00,      0.00,      0.00,0,2,0,0,2,2,U2 
H5,840,2020,160561,      0.00,      0.00,      0.00,      0.00,0,1,0,0,1,1,U2 
H5,840,2020,160562,      0.00,      0.00,      0.00,      0.00,0,1,0,0,1,1,U2 
H5,840,2020,160563,      0.00,      0.00,      0.00,      0.00,0,1,0,0,1,1,U2 
H5,840,2020,160569,      0.00,      0.00,      0.00,      0.00,0,1,0,0,1,1,U2 
H5,840,2020,170112,     71.40,     71.40,     71.40,     71.40,2,0,1,0,1,3,U2 
H5,840,2020,170113,     37.16,     37.16,     37.16,     37.16,3,0,1,0,1,4,U2 
H5,840,2020,170114,     82.79,     82.79,     82.79,     82.79,3,0,1,0,1,4,U2 
H5,840,2020,170191,    102.94,      5.10,     25.94,     12.87,2,0,3,5,8,10,U2 
H5,840,2020,170199,     69.46,     69.46,     69.46,     69.46,2,0,1,0,1,3,U2 
H5,840,2020,170211,      6.40,      6.40,      6.40,      6.40,0,0,0,1,1,1,U2 
H5,840,2020,170219,      6.40,      6.40,      6.40,      6.40,0,0,0,1,1,1,U2 
H5,840,2020,170220,     12.00,      0.00,      6.00,      4.00,1,1,0,2,3,4,U2 
H5,840,2020,170230,     16.32,      4.32,      6.00,      5.44,1,0,1,2,3,4,U2 
H5,840,2020,170240,     17.10,      5.10,      6.00,      5.70,1,0,0,3,3,4,U2 
H5,840,2020,170250,      9.60,      9.60,      9.60,      9.60,0,0,0,1,1,1,U2 
H5,840,2020,170260,     17.10,      5.10,      6.00,      5.70,1,0,0,3,3,4,U2 
H5,840,2020,170290,     96.01,      0.34,     37.78,     12.00,3,0,4,4,8,11,U2 
H5,840,2020,170310,      1.91,      1.91,      1.91,      1.91,1,0,1,0,1,2,U2 
H5,840,2020,170390,      2.37,      2.37,      2.37,      2.37,1,0,1,0,1,2,U2 
H5,840,2020,170410,      4.00,      4.00,      4.00,      4.00,0,0,0,1,1,1,U2 
H5,840,2020,170490,    136.37,      0.00,     22.36,     12.40,0,1,3,7,11,11,U2 
H5,840,2020,180100,      0.00,      0.00,      0.00,      0.00,0,1,0,0,1,1,U2 
H5,840,2020,180200,      0.00,      0.00,      0.00,      0.00,0,1,0,0,1,1,U2 
H5,840,2020,180310,      0.00,      0.00,      0.00,      0.00,0,1,0,0,1,1,U2 
H5,840,2020,180320,      0.13,      0.13,      0.13,      0.13,0,0,1,0,1,1,U2 
H5,840,2020,180400,      0.00,      0.00,      0.00,      0.00,0,1,0,0,1,1,U2 
H5,840,2020,180500,      0.21,      0.21,      0.21,      0.21,0,0,1,0,1,1,U2 
H5,840,2020,180610,    167.87,      0.00,     23.22,     12.91,0,2,5,6,13,13,U2 
H5,840,2020,180620,    364.35,      0.00,     25.64,     13.01,0,1,12,15,28,28,U2 
H5,840,2020,180631,      5.60,      5.60,      5.60,      5.60,0,0,0,1,1,1,U2 
H5,840,2020,180632,    115.16,      4.30,     15.12,      8.86,0,0,6,7,13,13,U2 
H5,840,2020,180690,    153.56,      3.50,     15.56,      9.03,0,0,9,8,17,17,U2 
H5,840,2020,190110,    445.92,      6.40,     35.04,     20.27,0,0,7,15,22,22,U2 
H5,840,2020,190120,    269.63,      8.50,     28.77,     16.85,0,0,6,10,16,16,U2 
H5,840,2020,190190,    387.50,      0.00,     67.17,     18.45,0,1,7,13,21,21,U2 
H5,840,2020,190211,      6.40,      0.00,      6.40,      3.20,0,1,0,1,2,2,U2 
H5,840,2020,190219,      6.40,      0.00,      6.40,      3.20,0,1,0,1,2,2,U2 
H5,840,2020,190220,      6.40,      6.40,      6.40,      6.40,0,0,0,1,1,1,U2 
H5,840,2020,190230,      6.40,      6.40,      6.40,      6.40,0,0,0,1,1,1,U2 
H5,840,2020,190240,      6.40,      6.40,      6.40,      6.40,0,0,0,1,1,1,U2 
H5,840,2020,190300,      0.47,      0.00,      0.47,      0.24,0,1,1,0,2,2,U2 
H5,840,2020,190410,      1.10,      1.10,      1.10,      1.10,0,0,0,1,1,1,U2 
H5,840,2020,190420,     20.50,      5.60,     14.90,     10.25,0,0,0,2,2,2,U2 
H5,840,2020,190430,     14.00,     14.00,     14.00,     14.00,0,0,0,1,1,1,U2 
H5,840,2020,190490,     14.00,     14.00,     14.00,     14.00,0,0,0,1,1,1,U2 
H5,840,2020,190510,      0.00,      0.00,      0.00,      0.00,0,1,0,0,1,1,U2 
H5,840,2020,190520,      0.00,      0.00,      0.00,      0.00,0,1,0,0,1,1,U2 
H5,840,2020,190531,      0.00,      0.00,      0.00,      0.00,0,1,0,0,1,1,U2 
H5,840,2020,190532,      0.00,      0.00,      0.00,      0.00,0,1,0,0,1,1,U2 
H5,840,2020,190540,      0.00,      0.00,      0.00,      0.00,0,1,0,0,1,1,U2 
H5,840,2020,190590,      4.50,      0.00,      4.50,      2.25,0,1,0,1,2,2,U2 
H5,840,2020,200110,      9.60,      9.60,      9.60,      9.60,0,0,0,1,1,1,U2 
H5,840,2020,200190,     92.80,      0.92,     14.00,      7.14,0,0,3,10,13,13,U2 
H5,840,2020,200210,     12.50,     12.50,     12.50,     12.50,0,0,0,1,1,1,U2 
H5,840,2020,200290,     23.20,     11.60,     11.60,     11.60,0,0,0,2,2,2,U2 
H5,840,2020,200310,     11.93,     11.93,     11.93,     11.93,0,0,1,0,1,1,U2 
H5,840,2020,200390,     10.14,      0.00,     10.14,      5.07,0,1,1,0,2,2,U2 
H5,840,2020,200410,     14.40,      6.40,      8.00,      7.20,0,0,0,2,2,2,U2 
H5,840,2020,200490,     15.30,      0.90,     11.20,      5.10,0,0,1,2,3,3,U2 
H5,840,2020,200510,     11.20,     11.20,     11.20,     11.20,0,0,0,1,1,1,U2 
H5,840,2020,200520,      6.40,      6.40,      6.40,      6.40,0,0,0,1,1,1,U2 
H5,840,2020,200540,      0.00,      0.00,      0.00,      0.00,0,1,0,0,1,1,U2 
H5,840,2020,200551,      3.49,      1.46,      2.04,      1.75,0,0,2,0,2,2,U2 
H5,840,2020,200559,      1.15,      1.15,      1.15,      1.15,0,0,1,0,1,1,U2 
H5,840,2020,200560,     14.90,     14.90,     14.90,     14.90,0,0,0,1,1,1,U2 
H5,840,2020,200570,     51.60,      1.82,      4.98,      3.23,0,0,16,0,16,16,U2 
H5,840,2020,200580,      5.60,      5.60,      5.60,      5.60,0,0,0,1,1,1,U2 
H5,840,2020,200591,     11.20,      0.00,     11.20,      5.60,0,1,0,1,2,2,U2 
H5,840,2020,200599,     65.24,      0.00,     14.90,      7.25,0,1,1,7,9,9,U2 
H5,840,2020,200600,     55.91,      1.89,     16.00,      7.99,0,0,2,5,7,7,U2 
H5,840,2020,200710,     12.00,     12.00,     12.00,     12.00,0,0,0,1,1,1,U2 
H5,840,2020,200791,     19.20,      3.50,     11.20,      6.40,0,0,0,3,3,3,U2 
H5,840,2020,200799,     83.90,      0.00,     14.00,      5.24,0,1,0,15,16,16,U2 
H5,840,2020,200811,    405.69,      0.00,    131.80,     45.08,0,2,4,3,9,9,U2 
H5,840,2020,200819,     58.32,      0.00,     22.40,      6.48,0,1,4,4,9,9,U2 
H5,840,2020,200820,      0.29,      0.29,      0.29,      0.29,0,0,1,0,1,1,U2 
H5,840,2020,200830,     75.34,      0.00,     14.00,      4.71,0,1,10,5,16,16,U2 
H5,840,2020,200840,     15.30,     15.30,     15.30,     15.30,0,0,0,1,1,1,U2 
H5,840,2020,200850,     39.80,     10.00,     29.80,     19.90,0,0,0,2,2,2,U2 
H5,840,2020,200860,      7.24,      7.24,      7.24,      7.24,0,0,1,0,1,1,U2 
H5,840,2020,200870,     33.00,     16.00,     17.00,     16.50,0,0,0,2,2,2,U2 
H5,840,2020,200880,     11.90,     11.90,     11.90,     11.90,0,0,0,1,1,1,U2 
H5,840,2020,200891,      0.90,      0.90,      0.90,      0.90,0,0,0,1,1,1,U2 
H5,840,2020,200893,      4.50,      4.50,      4.50,      4.50,0,0,0,1,1,1,U2 
H5,840,2020,200897,     20.50,      5.60,     14.90,     10.25,0,0,0,2,2,2,U2 
H5,840,2020,200899,    133.61,      0.00,     22.40,      5.81,0,2,3,18,23,23,U2 
H5,840,2020,200911,      9.30,      9.30,      9.30,      9.30,0,0,1,0,1,1,U2 
H5,840,2020,200912,     17.43,      6.35,     11.08,      8.72,0,0,2,0,2,2,U2 
H5,840,2020,200919,      5.75,      5.75,      5.75,      5.75,0,0,1,0,1,1,U2 
H5,840,2020,200921,     11.36,      4.12,      7.24,      5.68,0,0,2,0,2,2,U2 
H5,840,2020,200929,      3.56,      3.56,      3.56,      3.56,0,0,1,0,1,1,U2 
H5,840,2020,200931,     13.63,      1.57,      7.28,      3.41,0,0,4,0,4,4,U2 
H5,840,2020,200939,      9.57,      1.43,      6.63,      3.19,0,0,3,0,3,3,U2 
H5,840,2020,200941,      7.54,      1.45,      6.09,      3.77,0,0,2,0,2,2,U2 
H5,840,2020,200949,      6.89,      1.33,      5.57,      3.45,0,0,2,0,2,2,U2 
H5,840,2020,200950,      0.17,      0.17,      0.17,      0.17,0,0,1,0,1,1,U2 
H5,840,2020,200961,      7.51,      7.51,      7.51,      7.51,0,0,1,0,1,1,U2 
H5,840,2020,200969,      4.04,      4.04,      4.04,      4.04,0,0,1,0,1,1,U2 
H5,840,2020,200971,      0.00,      0.00,      0.00,      0.00,0,1,0,0,1,1,U2 
H5,840,2020,200979,      0.00,      0.00,      0.00,      0.00,0,1,0,0,1,1,U2 
H5,840,2020,200981,      0.25,      0.25,      0.25,      0.25,0,0,1,0,1,1,U2 
H5,840,2020,200989,      1.17,      0.00,      0.41,      0.23,0,1,4,0,5,5,U2 
H5,840,2020,200990,      6.12,      0.16,      5.95,      3.06,0,0,2,0,2,2,U2 
H5,840,2020,210111,      0.00,      0.00,      0.00,      0.00,0,2,0,0,2,2,U2 
H5,840,2020,210112,     90.99,      8.50,     14.16,     11.37,0,0,3,5,8,8,U2 
H5,840,2020,210120,     98.90,      0.00,     16.80,     10.99,0,1,3,5,9,9,U2 
H5,840,2020,210130,      0.63,      0.63,      0.63,      0.63,0,0,1,0,1,1,U2 
H5,840,2020,210210,      6.40,      6.40,      6.40,      6.40,0,0,0,1,1,1,U2 
H5,840,2020,210220,      9.60,      0.00,      6.40,      3.20,0,1,0,2,3,3,U2 
H5,840,2020,210230,      0.00,      0.00,      0.00,      0.00,0,1,0,0,1,1,U2 
H5,840,2020,210310,      3.00,      3.00,      3.00,      3.00,0,0,0,1,1,1,U2 
H5,840,2020,210320,     17.60,      6.00,     11.60,      8.80,0,0,0,2,2,2,U2 
H5,840,2020,210330,      1.58,      0.00,      1.58,      0.79,0,1,1,0,2,2,U2 
H5,840,2020,210390,     50.09,      0.00,     19.09,      7.16,0,1,1,5,7,7,U2 
H5,840,2020,210410,      3.20,      3.20,      3.20,      3.20,0,0,0,1,1,1,U2 
H5,840,2020,210420,      8.90,      2.50,      6.40,      4.45,0,0,0,2,2,2,U2 
H5,840,2020,210500,    163.85,     17.00,     33.43,     23.41,0,0,2,5,7,7,U2 
H5,840,2020,210610,      6.40,      6.40,      6.40,      6.40,0,0,0,1,1,1,U2 
H5,840,2020,210690,    425.41,      0.00,     44.55,     11.19,4,1,24,13,38,42,U2 
H5,840,2020,220110,      0.97,      0.97,      0.97,      0.97,0,0,1,0,1,1,U2 
H5,840,2020,220190,      0.00,      0.00,      0.00,      0.00,0,1,0,0,1,1,U2 
H5,840,2020,220210,      0.21,      0.21,      0.21,      0.21,0,0,1,0,1,1,U2 
H5,840,2020,220291,      0.19,      0.19,      0.19,      0.19,0,0,1,0,1,1,U2 
H5,840,2020,220299,     95.49,      0.16,     33.54,     13.64,2,0,4,3,7,9,U2 
H5,840,2020,220300,      0.00,      0.00,      0.00,      0.00,0,1,0,0,1,1,U2 
H5,840,2020,220410,      2.19,      2.19,      2.19,      2.19,0,0,1,0,1,1,U2 
H5,840,2020,220421,     11.48,      1.11,      4.16,      2.30,0,0,5,0,5,5,U2 
H5,840,2020,220422,     32.32,      4.04,     10.77,      8.08,0,0,4,0,4,4,U2 
H5,840,2020,220429,     44.16,     16.98,     27.17,     22.08,0,0,2,0,2,2,U2 
H5,840,2020,220430,,,,,1,0,0,0,0,1,U2 
H5,840,2020,220510,      2.58,      1.17,      1.41,      1.29,0,0,2,0,2,2,U2 
H5,840,2020,220590,      9.23,      2.81,      3.37,      3.08,0,0,3,0,3,3,U2 
H5,840,2020,220600,     14.17,      0.26,      9.16,      3.54,1,0,4,0,4,5,U2 
H5,840,2020,220710,     13.86,      2.50,     11.36,      6.93,0,0,1,1,2,2,U2 
H5,840,2020,220720,      1.90,      1.90,      1.90,      1.90,0,0,0,1,1,1,U2 
H5,840,2020,220820,      0.00,      0.00,      0.00,      0.00,0,6,0,0,6,6,U2 
H5,840,2020,220830,      0.00,      0.00,      0.00,      0.00,0,2,0,0,2,2,U2 
H5,840,2020,220840,      3.44,      0.00,      1.72,      0.86,0,2,2,0,4,4,U2 
H5,840,2020,220850,      0.00,      0.00,      0.00,      0.00,0,1,0,0,1,1,U2 
H5,840,2020,220860,      0.00,      0.00,      0.00,      0.00,0,3,0,0,3,3,U2 
H5,840,2020,220870,      0.00,      0.00,      0.00,      0.00,0,1,0,0,1,1,U2 
H5,840,2020,220890,      1.02,      0.00,      1.02,      0.06,0,17,1,0,18,18,U2 
H5,840,2020,220900,      0.17,      0.17,      0.17,      0.17,0,0,1,0,1,1,U2 
H5,840,2020,230110,      0.00,      0.00,      0.00,      0.00,0,1,0,0,1,1,U2 
H5,840,2020,230120,      0.00,      0.00,      0.00,      0.00,0,1,0,0,1,1,U2 
H5,840,2020,230210,      0.00,      0.00,      0.00,      0.00,0,1,0,0,1,1,U2 
H5,840,2020,230230,      0.00,      0.00,      0.00,      0.00,0,1,0,0,1,1,U2 
H5,840,2020,230240,      0.00,      0.00,      0.00,      0.00,0,1,0,0,1,1,U2 
H5,840,2020,230250,      1.40,      1.40,      1.40,      1.40,0,0,0,1,1,1,U2 
H5,840,2020,230310,      1.40,      1.40,      1.40,      1.40,0,0,0,1,1,1,U2 
H5,840,2020,230320,      0.00,      0.00,      0.00,      0.00,0,1,0,0,1,1,U2 
H5,840,2020,230330,      0.00,      0.00,      0.00,      0.00,0,1,0,0,1,1,U2 
H5,840,2020,230400,      1.13,      1.13,      1.13,      1.13,0,0,1,0,1,1,U2 
H5,840,2020,230500,      0.80,      0.80,      0.80,      0.80,0,0,1,0,1,1,U2 
H5,840,2020,230610,      2.17,      2.17,      2.17,      2.17,0,0,1,0,1,1,U2 
H5,840,2020,230620,      0.32,      0.32,      0.32,      0.32,0,0,1,0,1,1,U2 
H5,840,2020,230630,      1.90,      1.90,      1.90,      1.90,0,0,1,0,1,1,U2 
H5,840,2020,230641,      0.62,      0.62,      0.62,      0.62,0,0,1,0,1,1,U2 
H5,840,2020,230649,      0.65,      0.65,      0.65,      0.65,0,0,1,0,1,1,U2 
H5,840,2020,230650,      2.00,      2.00,      2.00,      2.00,0,0,1,0,1,1,U2 
H5,840,2020,230660,      2.26,      2.26,      2.26,      2.26,0,0,1,0,1,1,U2 
H5,840,2020,230690,      2.12,      2.12,      2.12,      2.12,0,0,1,0,1,1,U2 
H5,840,2020,230700,      0.00,      0.00,      0.00,      0.00,0,1,0,0,1,1,U2 
H5,840,2020,230800,      4.70,      0.00,      1.90,      1.17,0,1,0,3,4,4,U2 
H5,840,2020,230910,      0.00,      0.00,      0.00,      0.00,0,1,0,0,1,1,U2 
H5,840,2020,230990,    199.66,      0.00,     82.48,     19.97,0,1,2,7,10,10,U2 
H5,840,2020,240110,    364.84,      0.00,    350.00,     40.54,0,5,3,1,9,9,U2 
H5,840,2020,240120,    812.17,      0.00,    350.00,     54.14,0,7,6,2,15,15,U2 
H5,840,2020,240130,    670.61,      0.00,    350.00,     51.59,0,8,4,1,13,13,U2 
H5,840,2020,240210,     15.60,      2.92,      9.75,      5.20,0,0,3,0,3,3,U2 
H5,840,2020,240220,     15.83,      2.23,      7.97,      5.28,0,0,3,0,3,3,U2 
H5,840,2020,240290,      4.63,      4.63,      4.63,      4.63,0,0,1,0,1,1,U2 
H5,840,2020,240311,      3.33,      3.33,      3.33,      3.33,0,0,1,0,1,1,U2 
H5,840,2020,240319,    355.39,      1.80,    350.00,     88.85,0,0,3,1,4,4,U2 
H5,840,2020,240391,    367.96,      3.51,    350.00,     91.99,0,0,3,1,4,4,U2 
H5,840,2020,240399,    351.32,      0.44,    350.00,     87.83,0,0,3,1,4,4,U2 
H5,840,2020,250100,      0.00,      0.00,      0.00,      0.00,0,1,0,0,1,1,U2 
H5,840,2020,250200,      0.00,      0.00,      0.00,      0.00,0,1,0,0,1,1,U2 
H5,840,2020,250300,      0.00,      0.00,      0.00,      0.00,0,1,0,0,1,1,U2 
H5,840,2020,250410,      0.00,      0.00,      0.00,      0.00,0,2,0,0,2,2,U2 
H5,840,2020,250490,      0.00,      0.00,      0.00,      0.00,0,1,0,0,1,1,U2 
H5,840,2020,250510,      0.00,      0.00,      0.00,      0.00,0,2,0,0,2,2,U2 
H5,840,2020,250590,      0.00,      0.00,      0.00,      0.00,0,1,0,0,1,1,U2 
H5,840,2020,250610,      0.00,      0.00,      0.00,      0.00,0,1,0,0,1,1,U2 
H5,840,2020,250620,      0.00,      0.00,      0.00,      0.00,0,1,0,0,1,1,U2 
H5,840,2020,250700,      0.00,      0.00,      0.00,      0.00,0,1,0,0,1,1,U2 
H5,840,2020,250810,      0.00,      0.00,      0.00,      0.00,0,1,0,0,1,1,U2 
H5,840,2020,250830,      0.00,      0.00,      0.00,      0.00,0,1,0,0,1,1,U2 
H5,840,2020,250840,      0.00,      0.00,      0.00,      0.00,0,1,0,0,1,1,U2 
H5,840,2020,250850,      0.00,      0.00,      0.00,      0.00,0,1,0,0,1,1,U2 
H5,840,2020,250860,      0.00,      0.00,      0.00,      0.00,0,1,0,0,1,1,U2 
H5,840,2020,250870,      0.00,      0.00,      0.00,      0.00,0,1,0,0,1,1,U2 
H5,840,2020,250900,      0.00,      0.00,      0.00,      0.00,0,2,0,0,2,2,U2 
H5,840,2020,251010,      0.00,      0.00,      0.00,      0.00,0,1,0,0,1,1,U2 
H5,840,2020,251020,      0.00,      0.00,      0.00,      0.00,0,1,0,0,1,1,U2 
H5,840,2020,251110,      0.90,      0.00,      0.90,      0.45,0,1,1,0,2,2,U2 
H5,840,2020,251120,      0.00,      0.00,      0.00,      0.00,0,1,0,0,1,1,U2 
H5,840,2020,251200,      0.00,      0.00,      0.00,      0.00,0,1,0,0,1,1,U2 
H5,840,2020,251310,      0.00,      0.00,      0.00,      0.00,0,1,0,0,1,1,U2 
H5,840,2020,251320,      0.00,      0.00,      0.00,      0.00,0,2,0,0,2,2,U2 
H5,840,2020,251400,      0.00,      0.00,      0.00,      0.00,0,1,0,0,1,1,U2 
H5,840,2020,251511,      0.00,      0.00,      0.00,      0.00,0,1,0,0,1,1,U2 
H5,840,2020,251512,      3.00,      0.00,      3.00,      1.50,0,1,0,1,2,2,U2 
H5,840,2020,251520,      3.00,      3.00,      3.00,      3.00,0,0,0,1,1,1,U2 
H5,840,2020,251611,      0.00,      0.00,      0.00,      0.00,0,1,0,0,1,1,U2 
H5,840,2020,251612,      2.80,      2.80,      2.80,      2.80,0,0,0,1,1,1,U2 
H5,840,2020,251620,      3.00,      0.00,      3.00,      1.50,0,1,0,1,2,2,U2 
H5,840,2020,251690,      3.00,      3.00,      3.00,      3.00,0,0,0,1,1,1,U2 
H5,840,2020,251710,      0.00,      0.00,      0.00,      0.00,0,1,0,0,1,1,U2 
H5,840,2020,251720,      0.00,      0.00,      0.00,      0.00,0,1,0,0,1,1,U2 
H5,840,2020,251730,      0.00,      0.00,      0.00,      0.00,0,1,0,0,1,1,U2 
H5,840,2020,251741,      0.00,      0.00,      0.00,      0.00,0,1,0,0,1,1,U2 
H5,840,2020,251749,      0.00,      0.00,      0.00,      0.00,0,1,0,0,1,1,U2 
H5,840,2020,251810,      0.00,      0.00,      0.00,      0.00,0,1,0,0,1,1,U2 
H5,840,2020,251820,      3.00,      3.00,      3.00,      3.00,0,0,0,1,1,1,U2 
H5,840,2020,251830,      0.00,      0.00,      0.00,      0.00,0,1,0,0,1,1,U2 
H5,840,2020,251910,      0.00,      0.00,      0.00,      0.00,0,1,0,0,1,1,U2 
H5,840,2020,251990,      0.00,      0.00,      0.00,      0.00,0,3,0,0,3,3,U2 
H5,840,2020,252010,      0.00,      0.00,      0.00,      0.00,0,1,0,0,1,1,U2 
H5,840,2020,252020,      0.00,      0.00,      0.00,      0.00,0,1,0,0,1,1,U2 
H5,840,2020,252100,      0.00,      0.00,      0.00,      0.00,0,1,0,0,1,1,U2 
H5,840,2020,252210,      0.00,      0.00,      0.00,      0.00,0,1,0,0,1,1,U2 
H5,840,2020,252220,      0.00,      0.00,      0.00,      0.00,0,1,0,0,1,1,U2 
H5,840,2020,252230,      0.00,      0.00,      0.00,      0.00,0,1,0,0,1,1,U2 
H5,840,2020,252310,      0.00,      0.00,      0.00,      0.00,0,1,0,0,1,1,U2 
H5,840,2020,252321,      0.00,      0.00,      0.00,      0.00,0,1,0,0,1,1,U2 
H5,840,2020,252329,      0.00,      0.00,      0.00,      0.00,0,1,0,0,1,1,U2 
H5,840,2020,252330,      0.00,      0.00,      0.00,      0.00,0,1,0,0,1,1,U2 
H5,840,2020,252390,      0.00,      0.00,      0.00,      0.00,0,1,0,0,1,1,U2 
H5,840,2020,252410,      0.00,      0.00,      0.00,      0.00,0,1,0,0,1,1,U2 
H5,840,2020,252490,      0.00,      0.00,      0.00,      0.00,0,1,0,0,1,1,U2 
H5,840,2020,252510,      0.00,      0.00,      0.00,      0.00,0,1,0,0,1,1,U2 
H5,840,2020,252520,      0.00,      0.00,      0.00,      0.00,0,1,0,0,1,1,U2 
H5,840,2020,252530,      0.00,      0.00,      0.00,      0.00,0,1,0,0,1,1,U2 
H5,840,2020,252610,      0.00,      0.00,      0.00,      0.00,0,1,0,0,1,1,U2 
H5,840,2020,252620,      0.00,      0.00,      0.00,      0.00,0,1,0,0,1,1,U2 
H5,840,2020,252800,      0.00,      0.00,      0.00,      0.00,0,1,0,0,1,1,U2 
H5,840,2020,252910,      0.00,      0.00,      0.00,      0.00,0,1,0,0,1,1,U2 
H5,840,2020,252921,      0.00,      0.00,      0.00,      0.00,0,1,0,0,1,1,U2 
H5,840,2020,252922,      0.00,      0.00,      0.00,      0.00,0,1,0,0,1,1,U2 
H5,840,2020,252930,      0.00,      0.00,      0.00,      0.00,0,1,0,0,1,1,U2 
H5,840,2020,253010,      0.00,      0.00,      0.00,      0.00,0,1,0,0,1,1,U2 
H5,840,2020,253020,      0.00,      0.00,      0.00,      0.00,0,2,0,0,2,2,U2 
H5,840,2020,253090,      2.90,      0.00,      2.90,      0.97,0,2,0,1,3,3,U2 
H5,840,2020,260111,      0.00,      0.00,      0.00,      0.00,0,1,0,0,1,1,U2 
H5,840,2020,260112,      0.00,      0.00,      0.00,      0.00,0,1,0,0,1,1,U2 
H5,840,2020,260120,      0.00,      0.00,      0.00,      0.00,0,1,0,0,1,1,U2 
H5,840,2020,260200,      0.00,      0.00,      0.00,      0.00,0,1,0,0,1,1,U2 
H5,840,2020,260300,,,,,1,0,0,0,0,1,U2 
H5,840,2020,260400,      0.00,      0.00,      0.00,      0.00,0,1,0,0,1,1,U2 
H5,840,2020,260500,      0.00,      0.00,      0.00,      0.00,0,1,0,0,1,1,U2 
H5,840,2020,260600,      0.00,      0.00,      0.00,      0.00,0,1,0,0,1,1,U2 
H5,840,2020,260700,,,,,1,0,0,0,0,1,U2 
H5,840,2020,260800,      0.00,      0.00,      0.00,      0.00,0,1,0,0,1,1,U2 
H5,840,2020,260900,      0.00,      0.00,      0.00,      0.00,0,1,0,0,1,1,U2 
H5,840,2020,261000,      0.00,      0.00,      0.00,      0.00,0,1,0,0,1,1,U2 
H5,840,2020,261100,      0.00,      0.00,      0.00,      0.00,1,1,0,0,1,2,U2 
H5,840,2020,261210,      0.00,      0.00,      0.00,      0.00,0,1,0,0,1,1,U2 
H5,840,2020,261220,      0.00,      0.00,      0.00,      0.00,0,1,0,0,1,1,U2 
H5,840,2020,261310,,,,,1,0,0,0,0,1,U2 
H5,840,2020,261390,,,,,1,0,0,0,0,1,U2 
H5,840,2020,261400,      0.00,      0.00,      0.00,      0.00,0,2,0,0,2,2,U2 
H5,840,2020,261510,      0.00,      0.00,      0.00,      0.00,0,1,0,0,1,1,U2 
H5,840,2020,261590,      0.00,      0.00,      0.00,      0.00,0,2,0,0,2,2,U2 
H5,840,2020,261610,,,,,1,0,0,0,0,1,U2 
H5,840,2020,261690,,,,,1,0,0,0,0,1,U2 
H5,840,2020,261710,      0.00,      0.00,      0.00,      0.00,0,1,0,0,1,1,U2 
H5,840,2020,261790,      0.00,      0.00,      0.00,      0.00,0,1,0,0,1,1,U2 
H5,840,2020,261800,      0.00,      0.00,      0.00,      0.00,0,1,0,0,1,1,U2 
H5,840,2020,261900,      0.00,      0.00,      0.00,      0.00,0,2,0,0,2,2,U2 
H5,840,2020,262011,      0.00,      0.00,      0.00,      0.00,0,1,0,0,1,1,U2 
H5,840,2020,262019,      0.00,      0.00,      0.00,      0.00,1,1,0,0,1,2,U2 
H5,840,2020,262021,      0.00,      0.00,      0.00,      0.00,0,1,0,0,1,1,U2 
H5,840,2020,262029,      0.00,      0.00,      0.00,      0.00,0,1,0,0,1,1,U2 
H5,840,2020,262030,      0.00,      0.00,      0.00,      0.00,0,1,0,0,1,1,U2 
H5,840,2020,262040,      0.00,      0.00,      0.00,      0.00,0,1,0,0,1,1,U2 
H5,840,2020,262060,      5.00,      0.00,      5.00,      2.50,0,1,0,1,2,2,U2 
H5,840,2020,262091,      0.00,      0.00,      0.00,      0.00,0,1,0,0,1,1,U2 
H5,840,2020,262099,      0.00,      0.00,      0.00,      0.00,1,5,0,0,5,6,U2 
H5,840,2020,262110,      0.00,      0.00,      0.00,      0.00,0,1,0,0,1,1,U2 
H5,840,2020,262190,      0.00,      0.00,      0.00,      0.00,0,1,0,0,1,1,U2 
H5,840,2020,270111,      0.00,      0.00,      0.00,      0.00,0,1,0,0,1,1,U2 
H5,840,2020,270112,      0.00,      0.00,      0.00,      0.00,0,1,0,0,1,1,U2 
H5,840,2020,270119,      0.00,      0.00,      0.00,      0.00,0,1,0,0,1,1,U2 
H5,840,2020,270120,      0.00,      0.00,      0.00,      0.00,0,1,0,0,1,1,U2 
H5,840,2020,270210,      0.00,      0.00,      0.00,      0.00,0,1,0,0,1,1,U2 
H5,840,2020,270220,      0.00,      0.00,      0.00,      0.00,0,1,0,0,1,1,U2 
H5,840,2020,270300,      0.00,      0.00,      0.00,      0.00,0,1,0,0,1,1,U2 
H5,840,2020,270400,      0.00,      0.00,      0.00,      0.00,0,1,0,0,1,1,U2 
H5,840,2020,270500,      0.00,      0.00,      0.00,      0.00,0,1,0,0,1,1,U2 
H5,840,2020,270600,      0.00,      0.00,      0.00,      0.00,0,1,0,0,1,1,U2 
H5,840,2020,270710,      0.00,      0.00,      0.00,      0.00,0,1,0,0,1,1,U2 
H5,840,2020,270720,      0.00,      0.00,      0.00,      0.00,0,1,0,0,1,1,U2 
H5,840,2020,270730,      0.00,      0.00,      0.00,      0.00,0,1,0,0,1,1,U2 
H5,840,2020,270740,      0.00,      0.00,      0.00,      0.00,0,1,0,0,1,1,U2 
H5,840,2020,270750,      0.00,      0.00,      0.00,      0.00,0,1,0,0,1,1,U2 
H5,840,2020,270791,      0.00,      0.00,      0.00,      0.00,0,1,0,0,1,1,U2 
H5,840,2020,270799,     30.15,      0.00,     19.69,      4.31,0,4,3,0,7,7,U2 
H5,840,2020,270810,      0.00,      0.00,      0.00,      0.00,0,1,0,0,1,1,U2 
H5,840,2020,270820,      0.00,      0.00,      0.00,      0.00,0,1,0,0,1,1,U2 
H5,840,2020,270900,      5.52,      1.84,      3.68,      2.76,0,0,2,0,2,2,U2 
H5,840,2020,271000,,,,,,,,,,,U2 
H5,840,2020,271012,     45.09,      3.17,     15.87,      9.02,0,0,4,1,5,5,U2 
H5,840,2020,271019,    105.47,      1.59,     25.42,      9.59,0,0,9,2,11,11,U2 
H5,840,2020,271020,     21.54,      1.44,     14.36,      5.38,0,0,4,0,4,4,U2 
H5,840,2020,271091,      2.97,      2.97,      2.97,      2.97,0,0,1,0,1,1,U2 
H5,840,2020,271099,    140.08,      3.50,     56.01,     15.56,0,0,7,2,9,9,U2 
H5,840,2020,271111,      0.00,      0.00,      0.00,      0.00,0,1,0,0,1,1,U2 
H5,840,2020,271112,      0.00,      0.00,      0.00,      0.00,0,1,0,0,1,1,U2 
H5,840,2020,271113,      0.00,      0.00,      0.00,      0.00,0,1,0,0,1,1,U2 
H5,840,2020,271114,      0.00,      0.00,      0.00,      0.00,0,1,0,0,1,1,U2 
H5,840,2020,271119,      0.00,      0.00,      0.00,      0.00,0,1,0,0,1,1,U2 
H5,840,2020,271121,      0.00,      0.00,      0.00,      0.00,0,1,0,0,1,1,U2 
H5,840,2020,271129,      0.00,      0.00,      0.00,      0.00,0,1,0,0,1,1,U2 
H5,840,2020,271210,      0.00,      0.00,      0.00,      0.00,0,1,0,0,1,1,U2 
H5,840,2020,271220,      0.00,      0.00,      0.00,      0.00,0,1,0,0,1,1,U2 
H5,840,2020,271290,      0.00,      0.00,      0.00,      0.00,0,2,0,0,2,2,U2 
H5,840,2020,271311,      0.00,      0.00,      0.00,      0.00,0,1,0,0,1,1,U2 
H5,840,2020,271312,      0.00,      0.00,      0.00,      0.00,0,1,0,0,1,1,U2 
H5,840,2020,271320,      0.00,      0.00,      0.00,      0.00,0,1,0,0,1,1,U2 
H5,840,2020,271390,      0.00,      0.00,      0.00,      0.00,0,1,0,0,1,1,U2 
H5,840,2020,271410,      0.00,      0.00,      0.00,      0.00,0,1,0,0,1,1,U2 
H5,840,2020,271490,      0.00,      0.00,      0.00,      0.00,0,1,0,0,1,1,U2 
H5,840,2020,271500,      0.00,      0.00,      0.00,      0.00,0,1,0,0,1,1,U2 
H5,840,2020,271600,      0.00,      0.00,      0.00,      0.00,0,1,0,0,1,1,U2 
H5,840,2020,280110,      0.00,      0.00,      0.00,      0.00,0,1,0,0,1,1,U2 
H5,840,2020,280120,      0.00,      0.00,      0.00,      0.00,0,1,0,0,1,1,U2 
H5,840,2020,280130,      9.20,      3.70,      5.50,      4.60,0,0,0,2,2,2,U2 
H5,840,2020,280200,      0.00,      0.00,      0.00,      0.00,0,1,0,0,1,1,U2 
H5,840,2020,280300,      0.00,      0.00,      0.00,      0.00,0,1,0,0,1,1,U2 
H5,840,2020,280410,      3.70,      3.70,      3.70,      3.70,0,0,0,1,1,1,U2 
H5,840,2020,280421,      3.70,      3.70,      3.70,      3.70,0,0,0,1,1,1,U2 
H5,840,2020,280429,      3.70,      3.70,      3.70,      3.70,0,0,0,1,1,1,U2 
H5,840,2020,280430,      3.70,      3.70,      3.70,      3.70,0,0,0,1,1,1,U2 
H5,840,2020,280440,      3.70,      3.70,      3.70,      3.70,0,0,0,1,1,1,U2 
H5,840,2020,280450,      0.00,      0.00,      0.00,      0.00,0,1,0,0,1,1,U2 
H5,840,2020,280461,      0.00,      0.00,      0.00,      0.00,0,1,0,0,1,1,U2 
H5,840,2020,280469,     10.80,      5.30,      5.50,      5.40,0,0,0,2,2,2,U2 
H5,840,2020,280470,      0.00,      0.00,      0.00,      0.00,0,1,0,0,1,1,U2 
H5,840,2020,280480,      0.00,      0.00,      0.00,      0.00,0,1,0,0,1,1,U2 
H5,840,2020,280490,      0.00,      0.00,      0.00,      0.00,0,1,0,0,1,1,U2 
H5,840,2020,280511,      5.30,      5.30,      5.30,      5.30,0,0,0,1,1,1,U2 
H5,840,2020,280512,      3.00,      3.00,      3.00,      3.00,0,0,0,1,1,1,U2 
H5,840,2020,280519,      9.20,      0.00,      5.50,      3.07,0,1,0,2,3,3,U2 
H5,840,2020,280530,      5.00,      5.00,      5.00,      5.00,0,0,0,1,1,1,U2 
H5,840,2020,280540,      1.70,      1.70,      1.70,      1.70,0,0,0,1,1,1,U2 
H5,840,2020,280610,      0.00,      0.00,      0.00,      0.00,0,1,0,0,1,1,U2 
H5,840,2020,280620,      4.20,      4.20,      4.20,      4.20,0,0,0,1,1,1,U2 
H5,840,2020,280700,      0.00,      0.00,      0.00,      0.00,0,1,0,0,1,1,U2 
H5,840,2020,280800,      0.00,      0.00,      0.00,      0.00,0,1,0,0,1,1,U2 
H5,840,2020,280910,      0.00,      0.00,      0.00,      0.00,0,1,0,0,1,1,U2 
H5,840,2020,280920,      0.00,      0.00,      0.00,      0.00,0,1,0,0,1,1,U2 
H5,840,2020,281000,      1.50,      1.50,      1.50,      1.50,0,0,0,1,1,1,U2 
H5,840,2020,281111,      0.00,      0.00,      0.00,      0.00,0,1,0,0,1,1,U2 
H5,840,2020,281112,      4.20,      4.20,      4.20,      4.20,0,0,0,1,1,1,U2 
H5,840,2020,281119,      6.50,      0.00,      4.20,      2.17,0,1,0,2,3,3,U2 
H5,840,2020,281121,      3.70,      3.70,      3.70,      3.70,0,0,0,1,1,1,U2 
H5,840,2020,281122,      3.70,      0.00,      3.70,      1.85,0,1,0,1,2,2,U2 
H5,840,2020,281129,      7.90,      0.00,      4.20,      1.98,0,2,0,2,4,4,U2 
H5,840,2020,281211,      3.70,      3.70,      3.70,      3.70,0,0,0,1,1,1,U2 
H5,840,2020,281212,      3.70,      3.70,      3.70,      3.70,0,0,0,1,1,1,U2 
H5,840,2020,281213,      3.70,      3.70,      3.70,      3.70,0,0,0,1,1,1,U2 
H5,840,2020,281214,      0.00,      0.00,      0.00,      0.00,0,1,0,0,1,1,U2 
H5,840,2020,281215,      3.70,      3.70,      3.70,      3.70,0,0,0,1,1,1,U2 
H5,840,2020,281216,      3.70,      3.70,      3.70,      3.70,0,0,0,1,1,1,U2 
H5,840,2020,281217,      3.70,      3.70,      3.70,      3.70,0,0,0,1,1,1,U2 
H5,840,2020,281219,      3.70,      3.70,      3.70,      3.70,0,0,0,1,1,1,U2 
H5,840,2020,281290,      3.70,      3.70,      3.70,      3.70,0,0,0,1,1,1,U2 
H5,840,2020,281310,      3.70,      3.70,      3.70,      3.70,0,0,0,1,1,1,U2 
H5,840,2020,281390,      3.70,      0.00,      3.70,      1.23,0,2,0,1,3,3,U2 
H5,840,2020,281410,      0.00,      0.00,      0.00,      0.00,0,1,0,0,1,1,U2 
H5,840,2020,281420,      0.00,      0.00,      0.00,      0.00,0,1,0,0,1,1,U2 
H5,840,2020,281511,      0.00,      0.00,      0.00,      0.00,0,1,0,0,1,1,U2 
H5,840,2020,281512,      0.00,      0.00,      0.00,      0.00,0,1,0,0,1,1,U2 
H5,840,2020,281520,      0.00,      0.00,      0.00,      0.00,0,1,0,0,1,1,U2 
H5,840,2020,281530,      3.70,      3.70,      3.70,      3.70,0,0,0,1,1,1,U2 
H5,840,2020,281610,      3.10,      3.10,      3.10,      3.10,0,0,0,1,1,1,U2 
H5,840,2020,281640,      6.20,      2.00,      4.20,      3.10,0,0,0,2,2,2,U2 
H5,840,2020,281700,      0.00,      0.00,      0.00,      0.00,0,1,0,0,1,1,U2 
H5,840,2020,281810,      1.30,      0.00,      1.30,      0.65,0,1,0,1,2,2,U2 
H5,840,2020,281820,      0.00,      0.00,      0.00,      0.00,0,1,0,0,1,1,U2 
H5,840,2020,281830,      0.00,      0.00,      0.00,      0.00,0,1,0,0,1,1,U2 
H5,840,2020,281910,      3.70,      3.70,      3.70,      3.70,0,0,0,1,1,1,U2 
H5,840,2020,281990,      3.70,      3.70,      3.70,      3.70,0,0,0,1,1,1,U2 
H5,840,2020,282010,      4.70,      4.70,      4.70,      4.70,0,0,0,1,1,1,U2 
H5,840,2020,282090,      4.70,      4.70,      4.70,      4.70,0,0,0,1,1,1,U2 
H5,840,2020,282110,      3.70,      3.70,      3.70,      3.70,0,0,0,1,1,1,U2 
H5,840,2020,282120,      5.50,      5.50,      5.50,      5.50,0,0,0,1,1,1,U2 
H5,840,2020,282200,      0.10,      0.10,      0.10,      0.10,0,0,0,1,1,1,U2 
H5,840,2020,282300,      5.50,      5.50,      5.50,      5.50,0,0,0,1,1,1,U2 
H5,840,2020,282410,      3.00,      3.00,      3.00,      3.00,0,0,0,1,1,1,U2 
H5,840,2020,282490,     13.70,      3.40,      5.50,      4.57,0,0,0,3,3,3,U2 
H5,840,2020,282510,      3.70,      3.70,      3.70,      3.70,0,0,0,1,1,1,U2 
H5,840,2020,282520,      3.70,      3.70,      3.70,      3.70,0,0,0,1,1,1,U2 
H5,840,2020,282530,      5.50,      5.50,      5.50,      5.50,0,0,0,1,1,1,U2 
H5,840,2020,282540,      0.00,      0.00,      0.00,      0.00,0,1,0,0,1,1,U2 
H5,840,2020,282550,     13.20,      3.90,      5.00,      4.40,0,0,0,3,3,3,U2 
H5,840,2020,282560,      3.70,      3.70,      3.70,      3.70,0,0,0,1,1,1,U2 
H5,840,2020,282570,      3.20,      3.20,      3.20,      3.20,0,0,0,1,1,1,U2 
H5,840,2020,282580,      0.00,      0.00,      0.00,      0.00,0,1,0,0,1,1,U2 
H5,840,2020,282590,     20.80,      0.00,      5.50,      3.47,0,1,0,5,6,6,U2 
H5,840,2020,282612,      0.00,      0.00,      0.00,      0.00,0,1,0,0,1,1,U2 
H5,840,2020,282619,     10.70,      3.10,      3.90,      3.57,0,0,0,3,3,3,U2 
H5,840,2020,282630,      0.00,      0.00,      0.00,      0.00,0,1,0,0,1,1,U2 
H5,840,2020,282690,      7.20,      3.10,      4.10,      3.60,0,0,0,2,2,2,U2 
H5,840,2020,282710,      2.90,      2.90,      2.90,      2.90,0,0,0,1,1,1,U2 
H5,840,2020,282720,      0.00,      0.00,      0.00,      0.00,0,1,0,0,1,1,U2 
H5,840,2020,282731,      1.50,      1.50,      1.50,      1.50,0,0,0,1,1,1,U2 
H5,840,2020,282732,      0.00,      0.00,      0.00,      0.00,0,1,0,0,1,1,U2 
H5,840,2020,282735,      3.70,      3.70,      3.70,      3.70,0,0,0,1,1,1,U2 
H5,840,2020,282739,     37.50,      1.60,      5.50,      4.17,0,0,0,9,9,9,U2 
H5,840,2020,282741,      3.90,      3.90,      3.90,      3.90,0,0,0,1,1,1,U2 
H5,840,2020,282749,     11.00,      5.50,      5.50,      5.50,0,0,0,2,2,2,U2 
H5,840,2020,282751,      0.00,      0.00,      0.00,      0.00,0,1,0,0,1,1,U2 
H5,840,2020,282759,      3.60,      0.00,      3.60,      1.80,0,1,0,1,2,2,U2 
H5,840,2020,282760,      7.00,      0.00,      4.20,      2.33,0,1,0,2,3,3,U2 
H5,840,2020,282810,      2.40,      2.40,      2.40,      2.40,0,0,0,1,1,1,U2 
H5,840,2020,282890,      3.70,      3.70,      3.70,      3.70,0,0,0,1,1,1,U2 
H5,840,2020,282911,      0.00,      0.00,      0.00,      0.00,0,1,0,0,1,1,U2 
H5,840,2020,282919,      3.30,      3.30,      3.30,      3.30,0,0,0,1,1,1,U2 
H5,840,2020,282990,      6.80,      0.00,      3.70,      1.70,0,2,0,2,4,4,U2 
H5,840,2020,283010,      3.70,      3.70,      3.70,      3.70,0,0,0,1,1,1,U2 
H5,840,2020,283090,      8.90,      0.00,      3.10,      2.22,0,1,0,3,4,4,U2 
H5,840,2020,283110,      5.50,      0.00,      5.50,      2.75,0,1,0,1,2,2,U2 
H5,840,2020,283190,      5.50,      5.50,      5.50,      5.50,0,0,0,1,1,1,U2 
H5,840,2020,283210,      1.50,      1.50,      1.50,      1.50,0,0,0,1,1,1,U2 
H5,840,2020,283220,      3.10,      3.10,      3.10,      3.10,0,0,0,1,1,1,U2 
H5,840,2020,283230,      4.60,      1.50,      3.10,      2.30,0,0,0,2,2,2,U2 
H5,840,2020,283311,      0.40,      0.00,      0.40,      0.20,0,1,0,1,2,2,U2 
H5,840,2020,283319,      0.00,      0.00,      0.00,      0.00,0,1,0,0,1,1,U2 
H5,840,2020,283321,      3.70,      3.70,      3.70,      3.70,0,0,0,1,1,1,U2 
H5,840,2020,283322,      0.00,      0.00,      0.00,      0.00,0,1,0,0,1,1,U2 
H5,840,2020,283324,      3.20,      3.20,      3.20,      3.20,0,0,0,1,1,1,U2 
H5,840,2020,283325,      1.40,      1.40,      1.40,      1.40,0,0,0,1,1,1,U2 
H5,840,2020,283327,      0.60,      0.60,      0.60,      0.60,0,0,0,1,1,1,U2 
H5,840,2020,283329,     15.90,      0.00,      5.50,      2.65,0,1,0,5,6,6,U2 
H5,840,2020,283330,      1.60,      1.60,      1.60,      1.60,0,0,0,1,1,1,U2 
H5,840,2020,283340,      6.80,      3.10,      3.70,      3.40,0,0,0,2,2,2,U2 
H5,840,2020,283410,      8.60,      3.10,      5.50,      4.30,0,0,0,2,2,2,U2 
H5,840,2020,283421,      0.00,      0.00,      0.00,      0.00,0,1,0,0,1,1,U2 
H5,840,2020,283429,     13.20,      0.00,      5.50,      3.30,0,1,0,3,4,4,U2 
H5,840,2020,283510,      3.10,      3.10,      3.10,      3.10,0,0,0,1,1,1,U2 
H5,840,2020,283522,      1.40,      1.40,      1.40,      1.40,0,0,0,1,1,1,U2 
H5,840,2020,283524,      3.10,      3.10,      3.10,      3.10,0,0,0,1,1,1,U2 
H5,840,2020,283525,      0.00,      0.00,      0.00,      0.00,0,1,0,0,1,1,U2 
H5,840,2020,283526,      0.00,      0.00,      0.00,      0.00,0,1,0,0,1,1,U2 
H5,840,2020,283529,      7.80,      0.00,      4.10,      1.95,0,1,0,3,4,4,U2 
H5,840,2020,283531,      1.40,      1.40,      1.40,      1.40,0,0,0,1,1,1,U2 
H5,840,2020,283539,      6.80,      3.10,      3.70,      3.40,0,0,0,2,2,2,U2 
H5,840,2020,283620,      1.20,      1.20,      1.20,      1.20,0,0,0,1,1,1,U2 
H5,840,2020,283630,      0.00,      0.00,      0.00,      0.00,0,1,0,0,1,1,U2 
H5,840,2020,283640,      3.20,      1.30,      1.90,      1.60,0,0,0,2,2,2,U2 
H5,840,2020,283650,      0.00,      0.00,      0.00,      0.00,0,1,0,0,1,1,U2 
H5,840,2020,283660,      2.30,      2.30,      2.30,      2.30,0,0,0,1,1,1,U2 
H5,840,2020,283691,      3.70,      3.70,      3.70,      3.70,0,0,0,1,1,1,U2 
H5,840,2020,283692,      4.20,      4.20,      4.20,      4.20,0,0,0,1,1,1,U2 
H5,840,2020,283699,     15.60,      0.50,      5.50,      3.12,0,0,0,5,5,5,U2 
H5,840,2020,283711,      0.00,      0.00,      0.00,      0.00,0,1,0,0,1,1,U2 
H5,840,2020,283719,      0.00,      0.00,      0.00,      0.00,0,1,0,0,1,1,U2 
H5,840,2020,283720,      2.80,      1.10,      1.70,      1.40,0,0,0,2,2,2,U2 
H5,840,2020,283911,      1.10,      1.10,      1.10,      1.10,0,0,0,1,1,1,U2 
H5,840,2020,283919,      1.10,      1.10,      1.10,      1.10,0,0,0,1,1,1,U2 
H5,840,2020,283990,      6.20,      3.10,      3.10,      3.10,0,0,0,2,2,2,U2 
H5,840,2020,284011,      0.30,      0.30,      0.30,      0.30,0,0,0,1,1,1,U2 
H5,840,2020,284019,      0.10,      0.10,      0.10,      0.10,0,0,0,1,1,1,U2 
H5,840,2020,284020,      3.70,      3.70,      3.70,      3.70,0,0,0,1,1,1,U2 
H5,840,2020,284030,      3.70,      3.70,      3.70,      3.70,0,0,0,1,1,1,U2 
H5,840,2020,284130,      2.40,      2.40,      2.40,      2.40,0,0,0,1,1,1,U2 
H5,840,2020,284150,      4.60,      1.50,      3.10,      2.30,0,0,0,2,2,2,U2 
H5,840,2020,284161,      5.00,      5.00,      5.00,      5.00,0,0,0,1,1,1,U2 
H5,840,2020,284169,      5.00,      5.00,      5.00,      5.00,0,0,0,1,1,1,U2 
H5,840,2020,284170,      8.00,      3.70,      4.30,      4.00,0,0,0,2,2,2,U2 
H5,840,2020,284180,      5.50,      5.50,      5.50,      5.50,0,0,0,1,1,1,U2 
H5,840,2020,284190,     22.20,      3.10,      5.50,      3.70,0,0,0,6,6,6,U2 
H5,840,2020,284210,      3.70,      3.70,      3.70,      3.70,0,0,0,1,1,1,U2 
H5,840,2020,284290,      6.40,      3.10,      3.30,      3.20,0,0,0,2,2,2,U2 
H5,840,2020,284310,      5.50,      5.50,      5.50,      5.50,0,0,0,1,1,1,U2 
H5,840,2020,284321,      3.70,      3.70,      3.70,      3.70,0,0,0,1,1,1,U2 
H5,840,2020,284329,      3.70,      3.70,      3.70,      3.70,0,0,0,1,1,1,U2 
H5,840,2020,284330,      5.00,      5.00,      5.00,      5.00,0,0,0,1,1,1,U2 
H5,840,2020,284390,      3.70,      3.70,      3.70,      3.70,0,0,0,1,1,1,U2 
H5,840,2020,284410,     10.00,      0.00,      5.00,      3.33,0,1,0,2,3,3,U2 
H5,840,2020,284420,      0.00,      0.00,      0.00,      0.00,0,1,0,0,1,1,U2 
H5,840,2020,284430,     10.50,      0.00,      5.50,      3.50,0,1,0,2,3,3,U2 
H5,840,2020,284440,      0.00,      0.00,      0.00,      0.00,0,1,0,0,1,1,U2 
H5,840,2020,284450,      0.00,      0.00,      0.00,      0.00,0,1,0,0,1,1,U2 
H5,840,2020,284510,      0.00,      0.00,      0.00,      0.00,0,1,0,0,1,1,U2 
H5,840,2020,284590,      0.00,      0.00,      0.00,      0.00,0,1,0,0,1,1,U2 
H5,840,2020,284610,      5.50,      5.50,      5.50,      5.50,0,0,0,1,1,1,U2 
H5,840,2020,284690,      3.70,      0.00,      3.70,      1.23,0,2,0,1,3,3,U2 
H5,840,2020,284700,      3.70,      3.70,      3.70,      3.70,0,0,0,1,1,1,U2 
H5,840,2020,284910,      1.80,      1.80,      1.80,      1.80,0,0,0,1,1,1,U2 
H5,840,2020,284920,      0.50,      0.00,      0.50,      0.25,0,1,0,1,2,2,U2 
H5,840,2020,284990,     17.10,      3.70,      5.50,      4.28,0,0,0,4,4,4,U2 
H5,840,2020,285000,     19.60,      0.00,      5.50,      3.92,0,1,0,4,5,5,U2 
H5,840,2020,285210,      3.00,      0.00,      3.00,      1.50,0,1,0,1,2,2,U2 
H5,840,2020,285290,      3.00,      0.00,      3.00,      1.50,0,1,0,1,2,2,U2 
H5,840,2020,285310,      2.80,      2.80,      2.80,      2.80,0,0,0,1,1,1,U2 
H5,840,2020,285390,      5.40,      0.00,      2.80,      1.80,0,1,0,2,3,3,U2 
H5,840,2020,290110,      0.00,      0.00,      0.00,      0.00,0,4,0,0,4,4,U2 
H5,840,2020,290121,      0.00,      0.00,      0.00,      0.00,0,1,0,0,1,1,U2 
H5,840,2020,290122,      0.00,      0.00,      0.00,      0.00,0,1,0,0,1,1,U2 
H5,840,2020,290123,      0.00,      0.00,      0.00,      0.00,0,1,0,0,1,1,U2 
H5,840,2020,290124,      0.00,      0.00,      0.00,      0.00,0,3,0,0,3,3,U2 
H5,840,2020,290129,      0.00,      0.00,      0.00,      0.00,0,2,0,0,2,2,U2 
H5,840,2020,290211,      0.00,      0.00,      0.00,      0.00,0,1,0,0,1,1,U2 
H5,840,2020,290219,      0.00,      0.00,      0.00,      0.00,0,1,0,0,1,1,U2 
H5,840,2020,290220,      0.00,      0.00,      0.00,      0.00,0,1,0,0,1,1,U2 
H5,840,2020,290230,      0.00,      0.00,      0.00,      0.00,0,1,0,0,1,1,U2 
H5,840,2020,290241,      0.00,      0.00,      0.00,      0.00,0,1,0,0,1,1,U2 
H5,840,2020,290242,      0.00,      0.00,      0.00,      0.00,0,1,0,0,1,1,U2 
H5,840,2020,290243,      0.00,      0.00,      0.00,      0.00,0,1,0,0,1,1,U2 
H5,840,2020,290244,      0.00,      0.00,      0.00,      0.00,0,1,0,0,1,1,U2 
H5,840,2020,290250,      0.00,      0.00,      0.00,      0.00,0,1,0,0,1,1,U2 
H5,840,2020,290260,      0.00,      0.00,      0.00,      0.00,0,1,0,0,1,1,U2 
H5,840,2020,290270,      0.00,      0.00,      0.00,      0.00,0,1,0,0,1,1,U2 
H5,840,2020,290290,      0.00,      0.00,      0.00,      0.00,0,6,0,0,6,6,U2 
H5,840,2020,290311,      5.50,      5.50,      5.50,      5.50,0,0,0,1,1,1,U2 
H5,840,2020,290312,      3.70,      3.70,      3.70,      3.70,0,0,0,1,1,1,U2 
H5,840,2020,290313,      5.50,      5.50,      5.50,      5.50,0,0,0,1,1,1,U2 
H5,840,2020,290314,      2.30,      2.30,      2.30,      2.30,0,0,0,1,1,1,U2 
H5,840,2020,290315,      5.50,      5.50,      5.50,      5.50,0,0,0,1,1,1,U2 
H5,840,2020,290319,     14.30,      0.00,      5.50,      3.58,0,1,0,3,4,4,U2 
H5,840,2020,290321,      5.50,      5.50,      5.50,      5.50,0,0,0,1,1,1,U2 
H5,840,2020,290322,      4.20,      4.20,      4.20,      4.20,0,0,0,1,1,1,U2 
H5,840,2020,290323,      3.40,      3.40,      3.40,      3.40,0,0,0,1,1,1,U2 
H5,840,2020,290329,      5.50,      5.50,      5.50,      5.50,0,0,0,1,1,1,U2 
H5,840,2020,290331,      5.40,      5.40,      5.40,      5.40,0,0,0,1,1,1,U2 
H5,840,2020,290339,      3.70,      0.00,      3.70,      1.85,0,1,0,1,2,2,U2 
H5,840,2020,290371,      3.70,      3.70,      3.70,      3.70,0,0,0,1,1,1,U2 
H5,840,2020,290372,      3.70,      3.70,      3.70,      3.70,0,0,0,1,1,1,U2 
H5,840,2020,290373,      3.70,      3.70,      3.70,      3.70,0,0,0,1,1,1,U2 
H5,840,2020,290374,      3.70,      3.70,      3.70,      3.70,0,0,0,1,1,1,U2 
H5,840,2020,290375,      3.70,      3.70,      3.70,      3.70,0,0,0,1,1,1,U2 
H5,840,2020,290376,      3.70,      3.70,      3.70,      3.70,0,0,0,1,1,1,U2 
H5,840,2020,290377,      3.70,      3.70,      3.70,      3.70,0,0,0,1,1,1,U2 
H5,840,2020,290378,      3.70,      3.70,      3.70,      3.70,0,0,0,1,1,1,U2 
H5,840,2020,290379,      3.70,      0.00,      3.70,      1.85,0,1,0,1,2,2,U2 
H5,840,2020,290381,      5.50,      5.50,      5.50,      5.50,0,0,0,1,1,1,U2 
H5,840,2020,290382,      5.50,      5.50,      5.50,      5.50,0,0,0,1,1,1,U2 
H5,840,2020,290383,      5.50,      5.50,      5.50,      5.50,0,0,0,1,1,1,U2 
H5,840,2020,290389,     29.40,      0.00,      5.50,      3.67,0,2,0,6,8,8,U2 
H5,840,2020,290391,     16.50,      5.50,      5.50,      5.50,0,0,0,3,3,3,U2 
H5,840,2020,290392,      5.50,      5.50,      5.50,      5.50,0,0,0,1,1,1,U2 
H5,840,2020,290393,      5.50,      5.50,      5.50,      5.50,0,0,0,1,1,1,U2 
H5,840,2020,290394,      5.50,      5.50,      5.50,      5.50,0,0,0,1,1,1,U2 
H5,840,2020,290399,     38.50,      0.00,      5.50,      4.28,0,2,0,7,9,9,U2 
H5,840,2020,290410,     37.20,      4.20,      5.50,      5.31,0,0,0,7,7,7,U2 
H5,840,2020,290420,     38.50,      0.00,      5.50,      4.81,0,1,0,7,8,8,U2 
H5,840,2020,290431,      3.70,      3.70,      3.70,      3.70,0,0,0,1,1,1,U2 
H5,840,2020,290432,      3.70,      3.70,      3.70,      3.70,0,0,0,1,1,1,U2 
H5,840,2020,290433,      3.70,      3.70,      3.70,      3.70,0,0,0,1,1,1,U2 
H5,840,2020,290434,      3.70,      3.70,      3.70,      3.70,0,0,0,1,1,1,U2 
H5,840,2020,290435,      3.70,      3.70,      3.70,      3.70,0,0,0,1,1,1,U2 
H5,840,2020,290436,      3.70,      3.70,      3.70,      3.70,0,0,0,1,1,1,U2 
H5,840,2020,290491,      3.70,      3.70,      3.70,      3.70,0,0,0,1,1,1,U2 
H5,840,2020,290499,     47.70,      3.70,      5.50,      5.30,0,0,0,9,9,9,U2 
H5,840,2020,290511,      5.50,      0.00,      5.50,      2.75,0,1,0,1,2,2,U2 
H5,840,2020,290512,      5.50,      5.50,      5.50,      5.50,0,0,0,1,1,1,U2 
H5,840,2020,290513,      5.50,      5.50,      5.50,      5.50,0,0,0,1,1,1,U2 
H5,840,2020,290514,      5.50,      0.00,      5.50,      2.75,0,1,0,1,2,2,U2 
H5,840,2020,290516,      3.70,      3.70,      3.70,      3.70,0,0,0,1,1,1,U2 
H5,840,2020,290517,      5.00,      5.00,      5.00,      5.00,0,0,0,1,1,1,U2 
H5,840,2020,290519,      9.20,      3.70,      5.50,      4.60,0,0,0,2,2,2,U2 
H5,840,2020,290522,     11.50,      3.00,      4.80,      3.83,0,0,0,3,3,3,U2 
H5,840,2020,290529,      9.20,      3.70,      5.50,      4.60,0,0,0,2,2,2,U2 
H5,840,2020,290531,      5.50,      5.50,      5.50,      5.50,0,0,0,1,1,1,U2 
H5,840,2020,290532,      5.50,      5.50,      5.50,      5.50,0,0,0,1,1,1,U2 
H5,840,2020,290539,     16.50,      0.00,      5.50,      4.13,0,1,0,3,4,4,U2 
H5,840,2020,290541,      3.70,      3.70,      3.70,      3.70,0,0,0,1,1,1,U2 
H5,840,2020,290542,      3.70,      3.70,      3.70,      3.70,0,0,0,1,1,1,U2 
H5,840,2020,290543,      4.60,      4.60,      4.60,      4.60,0,0,0,1,1,1,U2 
H5,840,2020,290544,      4.90,      4.90,      4.90,      4.90,0,0,0,1,1,1,U2 
H5,840,2020,290545,      0.66,      0.66,      0.66,      0.66,0,0,1,0,1,1,U2 
H5,840,2020,290549,     20.20,      0.00,      5.50,      4.04,0,1,0,4,5,5,U2 
H5,840,2020,290551,      0.00,      0.00,      0.00,      0.00,0,1,0,0,1,1,U2 
H5,840,2020,290559,     11.00,      0.00,      5.50,      3.67,0,1,0,2,3,3,U2 
H5,840,2020,290611,      2.10,      2.10,      2.10,      2.10,0,0,0,1,1,1,U2 
H5,840,2020,290612,      5.50,      5.50,      5.50,      5.50,0,0,0,1,1,1,U2 
H5,840,2020,290613,      3.70,      0.00,      3.70,      1.85,0,1,0,1,2,2,U2 
H5,840,2020,290619,     11.00,      0.00,      5.50,      3.67,0,1,0,2,3,3,U2 
H5,840,2020,290621,      5.50,      5.50,      5.50,      5.50,0,0,0,1,1,1,U2 
H5,840,2020,290629,     16.50,      0.00,      5.50,      4.13,0,1,0,3,4,4,U2 
H5,840,2020,290711,      5.50,      5.50,      5.50,      5.50,0,0,0,1,1,1,U2 
H5,840,2020,290712,      4.20,      4.20,      4.20,      4.20,0,0,0,1,1,1,U2 
H5,840,2020,290713,      5.50,      5.50,      5.50,      5.50,0,0,0,1,1,1,U2 
H5,840,2020,290715,     11.00,      0.00,      5.50,      3.67,0,1,0,2,3,3,U2 
H5,840,2020,290719,     20.70,      0.00,      5.50,      4.14,0,1,0,4,5,5,U2 
H5,840,2020,290721,      5.50,      5.50,      5.50,      5.50,0,0,0,1,1,1,U2 
H5,840,2020,290722,     11.00,      5.50,      5.50,      5.50,0,0,0,2,2,2,U2 
H5,840,2020,290723,      5.50,      5.50,      5.50,      5.50,0,0,0,1,1,1,U2 
H5,840,2020,290729,     17.80,      0.00,      5.50,      3.56,0,1,0,4,5,5,U2 
H5,840,2020,290811,      5.50,      5.50,      5.50,      5.50,0,0,0,1,1,1,U2 
H5,840,2020,290819,     33.00,      0.00,      5.50,      4.71,0,1,0,6,7,7,U2 
H5,840,2020,290891,      5.50,      5.50,      5.50,      5.50,0,0,0,1,1,1,U2 
H5,840,2020,290892,      5.50,      5.50,      5.50,      5.50,0,0,0,1,1,1,U2 
H5,840,2020,290899,     55.00,      0.00,      5.50,      5.00,0,1,0,10,11,11,U2 
H5,840,2020,290911,      1.00,      1.00,      1.00,      1.00,0,0,0,1,1,1,U2 
H5,840,2020,290919,     16.50,      0.00,      5.50,      4.13,0,1,0,3,4,4,U2 
H5,840,2020,290920,      3.70,      3.70,      3.70,      3.70,0,0,0,1,1,1,U2 
H5,840,2020,290930,     38.50,      0.00,      5.50,      4.81,0,1,0,7,8,8,U2 
H5,840,2020,290941,      5.50,      5.50,      5.50,      5.50,0,0,0,1,1,1,U2 
H5,840,2020,290943,      5.50,      5.50,      5.50,      5.50,0,0,0,1,1,1,U2 
H5,840,2020,290944,      5.50,      5.50,      5.50,      5.50,0,0,0,1,1,1,U2 
H5,840,2020,290949,     20.20,      0.00,      5.50,      3.37,0,2,0,4,6,6,U2 
H5,840,2020,290950,     26.80,      4.80,      5.50,      5.36,0,0,0,5,5,5,U2 
H5,840,2020,290960,     14.70,      3.70,      5.50,      4.90,0,0,0,3,3,3,U2 
H5,840,2020,291010,      5.50,      5.50,      5.50,      5.50,0,0,0,1,1,1,U2 
H5,840,2020,291020,      5.50,      5.50,      5.50,      5.50,0,0,0,1,1,1,U2 
H5,840,2020,291030,      3.70,      3.70,      3.70,      3.70,0,0,0,1,1,1,U2 
H5,840,2020,291040,      4.80,      4.80,      4.80,      4.80,0,0,0,1,1,1,U2 
H5,840,2020,291050,      4.80,      4.80,      4.80,      4.80,0,0,0,1,1,1,U2 
H5,840,2020,291090,     14.90,      4.60,      5.50,      4.97,0,0,0,3,3,3,U2 
H5,840,2020,291100,      5.30,      0.00,      5.30,      2.65,0,1,0,1,2,2,U2 
H5,840,2020,291211,      2.80,      2.80,      2.80,      2.80,0,0,0,1,1,1,U2 
H5,840,2020,291212,      5.50,      5.50,      5.50,      5.50,0,0,0,1,1,1,U2 
H5,840,2020,291219,     30.50,      3.70,      5.50,      5.08,0,0,0,6,6,6,U2 
H5,840,2020,291221,      5.50,      5.50,      5.50,      5.50,0,0,0,1,1,1,U2 
H5,840,2020,291229,     11.00,      0.00,      5.50,      3.67,0,1,0,2,3,3,U2 
H5,840,2020,291241,      5.50,      5.50,      5.50,      5.50,0,0,0,1,1,1,U2 
H5,840,2020,291242,      5.50,      5.50,      5.50,      5.50,0,0,0,1,1,1,U2 
H5,840,2020,291249,     25.70,      0.00,      5.50,      4.28,0,1,0,5,6,6,U2 
H5,840,2020,291250,      5.50,      0.00,      5.50,      2.75,0,1,0,1,2,2,U2 
H5,840,2020,291260,      5.10,      5.10,      5.10,      5.10,0,0,0,1,1,1,U2 
H5,840,2020,291300,     11.00,      0.00,      5.50,      3.67,0,1,0,2,3,3,U2 
H5,840,2020,291411,      5.50,      0.00,      5.50,      2.75,0,1,0,1,2,2,U2 
H5,840,2020,291412,      3.10,      3.10,      3.10,      3.10,0,0,0,1,1,1,U2 
H5,840,2020,291413,      4.00,      4.00,      4.00,      4.00,0,0,0,1,1,1,U2 
H5,840,2020,291419,      4.00,      4.00,      4.00,      4.00,0,0,0,1,1,1,U2 
H5,840,2020,291422,     11.00,      5.50,      5.50,      5.50,0,0,0,2,2,2,U2 
H5,840,2020,291423,      5.50,      5.50,      5.50,      5.50,0,0,0,1,1,1,U2 
H5,840,2020,291429,     11.40,      0.00,      4.80,      2.85,0,1,0,3,4,4,U2 
H5,840,2020,291431,      5.50,      5.50,      5.50,      5.50,0,0,0,1,1,1,U2 
H5,840,2020,291439,      5.50,      0.00,      5.50,      2.75,0,1,0,1,2,2,U2 
H5,840,2020,291440,     19.80,      0.00,      5.50,      3.96,0,1,0,4,5,5,U2 
H5,840,2020,291450,      9.50,      0.00,      5.50,      3.17,0,1,0,2,3,3,U2 
H5,840,2020,291461,      0.00,      0.00,      0.00,      0.00,0,1,0,0,1,1,U2 
H5,840,2020,291462,      5.50,      5.50,      5.50,      5.50,0,0,0,1,1,1,U2 
H5,840,2020,291469,     16.50,      0.00,      5.50,      4.13,0,1,0,3,4,4,U2 
H5,840,2020,291471,      4.00,      4.00,      4.00,      4.00,0,0,0,1,1,1,U2 
H5,840,2020,291479,     15.00,      0.00,      5.50,      3.00,0,2,0,3,5,5,U2 
H5,840,2020,291511,      5.50,      5.50,      5.50,      5.50,0,0,0,1,1,1,U2 
H5,840,2020,291512,      5.50,      5.50,      5.50,      5.50,0,0,0,1,1,1,U2 
H5,840,2020,291513,      9.20,      3.70,      5.50,      4.60,0,0,0,2,2,2,U2 
H5,840,2020,291521,      1.80,      1.80,      1.80,      1.80,0,0,0,1,1,1,U2 
H5,840,2020,291524,      3.50,      3.50,      3.50,      3.50,0,0,0,1,1,1,U2 
H5,840,2020,291529,     10.70,      0.00,      4.20,      2.67,0,1,0,3,4,4,U2 
H5,840,2020,291531,      3.70,      3.70,      3.70,      3.70,0,0,0,1,1,1,U2 
H5,840,2020,291532,      3.80,      3.80,      3.80,      3.80,0,0,0,1,1,1,U2 
H5,840,2020,291533,      5.50,      5.50,      5.50,      5.50,0,0,0,1,1,1,U2 
H5,840,2020,291536,      5.50,      5.50,      5.50,      5.50,0,0,0,1,1,1,U2 
H5,840,2020,291539,     52.50,      0.00,      5.50,      4.77,0,1,0,10,11,11,U2 
H5,840,2020,291540,     16.50,      1.80,      5.50,      4.13,0,0,0,4,4,4,U2 
H5,840,2020,291550,     13.40,      3.70,      5.50,      4.47,0,0,0,3,3,3,U2 
H5,840,2020,291560,      7.60,      2.10,      5.50,      3.80,0,0,0,2,2,2,U2 
H5,840,2020,291570,      5.00,      5.00,      5.00,      5.00,0,0,0,1,1,1,U2 
H5,840,2020,291590,     22.70,      3.80,      5.50,      4.54,0,0,0,5,5,5,U2 
H5,840,2020,291611,      4.20,      4.20,      4.20,      4.20,0,0,0,1,1,1,U2 
H5,840,2020,291612,     10.20,      3.70,      6.50,      5.10,0,0,0,2,2,2,U2 
H5,840,2020,291613,      4.20,      4.20,      4.20,      4.20,0,0,0,1,1,1,U2 
H5,840,2020,291614,      3.70,      0.00,      3.70,      1.85,0,1,0,1,2,2,U2 
H5,840,2020,291615,     10.90,      4.40,      6.50,      5.45,0,0,0,2,2,2,U2 
H5,840,2020,291616,      3.70,      3.70,      3.70,      3.70,0,0,0,1,1,1,U2 
H5,840,2020,291619,     17.10,      3.10,      6.10,      4.28,0,0,0,4,4,4,U2 
H5,840,2020,291620,      3.70,      0.00,      3.70,      1.85,0,1,0,1,2,2,U2 
H5,840,2020,291631,     26.00,      6.50,      6.50,      6.50,0,0,0,4,4,4,U2 
H5,840,2020,291632,     13.00,      6.50,      6.50,      6.50,0,0,0,2,2,2,U2 
H5,840,2020,291634,     19.50,      0.00,      6.50,      4.88,0,1,0,3,4,4,U2 
H5,840,2020,291639,     58.50,      0.00,      6.50,      4.88,0,3,0,9,12,12,U2 
H5,840,2020,291711,      3.10,      3.10,      3.10,      3.10,0,0,0,1,1,1,U2 
H5,840,2020,291712,     19.50,      6.50,      6.50,      6.50,0,0,0,3,3,3,U2 
H5,840,2020,291713,      4.80,      4.80,      4.80,      4.80,0,0,0,1,1,1,U2 
H5,840,2020,291714,     10.70,      4.20,      6.50,      5.35,0,0,0,2,2,2,U2 
H5,840,2020,291719,     52.00,      0.00,      6.50,      5.20,0,1,0,9,10,10,U2 
H5,840,2020,291720,      4.20,      4.20,      4.20,      4.20,0,0,0,1,1,1,U2 
H5,840,2020,291732,      6.50,      6.50,      6.50,      6.50,0,0,0,1,1,1,U2 
H5,840,2020,291733,      6.50,      6.50,      6.50,      6.50,0,0,0,1,1,1,U2 
H5,840,2020,291734,      6.50,      6.50,      6.50,      6.50,0,0,0,1,1,1,U2 
H5,840,2020,291735,      6.50,      6.50,      6.50,      6.50,0,0,0,1,1,1,U2 
H5,840,2020,291736,      6.50,      6.50,      6.50,      6.50,0,0,0,1,1,1,U2 
H5,840,2020,291737,      6.50,      6.50,      6.50,      6.50,0,0,0,1,1,1,U2 
H5,840,2020,291739,     39.00,      0.00,      6.50,      4.88,0,2,0,6,8,8,U2 
H5,840,2020,291811,      8.50,      3.40,      5.10,      4.25,0,0,0,2,2,2,U2 
H5,840,2020,291812,      0.00,      0.00,      0.00,      0.00,0,1,0,0,1,1,U2 
H5,840,2020,291813,      4.40,      0.00,      4.40,      1.10,0,3,0,1,4,4,U2 
H5,840,2020,291814,      6.00,      6.00,      6.00,      6.00,0,0,0,1,1,1,U2 
H5,840,2020,291815,     10.20,      3.70,      6.50,      5.10,0,0,0,2,2,2,U2 
H5,840,2020,291816,      9.70,      3.70,      6.00,      4.85,0,0,0,2,2,2,U2 
H5,840,2020,291817,      5.80,      5.80,      5.80,      5.80,0,0,0,1,1,1,U2 
H5,840,2020,291818,      6.50,      6.50,      6.50,      6.50,0,0,0,1,1,1,U2 
H5,840,2020,291819,     33.30,      0.00,      6.50,      4.76,0,1,0,6,7,7,U2 
H5,840,2020,291821,     13.00,      6.50,      6.50,      6.50,0,0,0,2,2,2,U2 
H5,840,2020,291822,     13.00,      6.50,      6.50,      6.50,0,0,0,2,2,2,U2 
H5,840,2020,291823,     26.00,      6.50,      6.50,      6.50,0,0,0,4,4,4,U2 
H5,840,2020,291829,     45.10,      0.00,      6.50,      4.51,0,2,0,8,10,10,U2 
H5,840,2020,291830,     22.50,      0.00,      6.50,      3.75,0,2,0,4,6,6,U2 
H5,840,2020,291891,      6.50,      6.50,      6.50,      6.50,0,0,0,1,1,1,U2 
H5,840,2020,291899,     48.80,      0.00,      6.50,      4.88,0,2,0,8,10,10,U2 
H5,840,2020,291910,      3.70,      3.70,      3.70,      3.70,0,0,0,1,1,1,U2 
H5,840,2020,291990,     16.70,      0.00,      6.50,      4.18,0,1,0,3,4,4,U2 
H5,840,2020,292011,      0.00,      0.00,      0.00,      0.00,0,1,0,0,1,1,U2 
H5,840,2020,292019,     16.70,      3.70,      6.50,      5.57,0,0,0,3,3,3,U2 
H5,840,2020,292021,      3.70,      3.70,      3.70,      3.70,0,0,0,1,1,1,U2 
H5,840,2020,292022,      3.70,      3.70,      3.70,      3.70,0,0,0,1,1,1,U2 
H5,840,2020,292023,      3.70,      3.70,      3.70,      3.70,0,0,0,1,1,1,U2 
H5,840,2020,292024,      3.70,      3.70,      3.70,      3.70,0,0,0,1,1,1,U2 
H5,840,2020,292029,      3.70,      3.70,      3.70,      3.70,0,0,0,1,1,1,U2 
H5,840,2020,292030,      3.70,      3.70,      3.70,      3.70,0,0,0,1,1,1,U2 
H5,840,2020,292090,     16.70,      3.70,      6.50,      5.57,0,0,0,3,3,3,U2 
H5,840,2020,292111,      3.70,      3.70,      3.70,      3.70,0,0,0,1,1,1,U2 
H5,840,2020,292112,      0.00,      0.00,      0.00,      0.00,0,1,0,0,1,1,U2 
H5,840,2020,292113,      0.00,      0.00,      0.00,      0.00,0,1,0,0,1,1,U2 
H5,840,2020,292114,      6.50,      6.50,      6.50,      6.50,0,0,0,1,1,1,U2 
H5,840,2020,292119,     10.20,      0.00,      6.50,      3.40,0,1,0,2,3,3,U2 
H5,840,2020,292121,      5.80,      5.80,      5.80,      5.80,0,0,0,1,1,1,U2 
H5,840,2020,292122,     19.50,      6.50,      6.50,      6.50,0,0,0,3,3,3,U2 
H5,840,2020,292129,      6.50,      6.50,      6.50,      6.50,0,0,0,1,1,1,U2 
H5,840,2020,292130,     16.70,      0.00,      6.50,      4.18,0,1,0,3,4,4,U2 
H5,840,2020,292141,     13.00,      6.50,      6.50,      6.50,0,0,0,2,2,2,U2 
H5,840,2020,292142,     57.80,      0.00,      6.50,      5.25,0,2,0,9,11,11,U2 
H5,840,2020,292143,     38.30,      0.00,      6.50,      4.79,0,2,0,6,8,8,U2 
H5,840,2020,292144,     19.50,      0.00,      6.50,      4.88,0,1,0,3,4,4,U2 
H5,840,2020,292145,     25.30,      0.00,      6.50,      5.06,0,1,0,4,5,5,U2 
H5,840,2020,292146,      0.00,      0.00,      0.00,      0.00,0,1,0,0,1,1,U2 
H5,840,2020,292149,     38.30,      0.00,      6.50,      5.47,0,1,0,6,7,7,U2 
H5,840,2020,292151,     26.00,      6.50,      6.50,      6.50,0,0,0,4,4,4,U2 
H5,840,2020,292159,     31.80,      0.00,      6.50,      4.54,0,2,0,5,7,7,U2 
H5,840,2020,292211,      6.50,      6.50,      6.50,      6.50,0,0,0,1,1,1,U2 
H5,840,2020,292212,      6.50,      6.50,      6.50,      6.50,0,0,0,1,1,1,U2 
H5,840,2020,292214,      0.00,      0.00,      0.00,      0.00,0,1,0,0,1,1,U2 
H5,840,2020,292215,      6.50,      6.50,      6.50,      6.50,0,0,0,1,1,1,U2 
H5,840,2020,292216,      6.50,      6.50,      6.50,      6.50,0,0,0,1,1,1,U2 
H5,840,2020,292217,      6.50,      6.50,      6.50,      6.50,0,0,0,1,1,1,U2 
H5,840,2020,292218,      6.50,      6.50,      6.50,      6.50,0,0,0,1,1,1,U2 
H5,840,2020,292219,     38.30,      0.00,      6.50,      5.47,0,1,0,6,7,7,U2 
H5,840,2020,292221,     18.80,      0.00,      6.50,      4.70,0,1,0,3,4,4,U2 
H5,840,2020,292229,     51.30,      0.00,      6.50,      4.28,0,4,0,8,12,12,U2 
H5,840,2020,292231,      0.00,      0.00,      0.00,      0.00,0,1,0,0,1,1,U2 
H5,840,2020,292239,     31.80,      0.00,      6.50,      4.54,0,2,0,5,7,7,U2 
H5,840,2020,292241,      3.70,      3.70,      3.70,      3.70,0,0,0,1,1,1,U2 
H5,840,2020,292242,     10.20,      3.70,      6.50,      5.10,0,0,0,2,2,2,U2 
H5,840,2020,292243,     13.00,      6.50,      6.50,      6.50,0,0,0,2,2,2,U2 
H5,840,2020,292244,      0.00,      0.00,      0.00,      0.00,0,1,0,0,1,1,U2 
H5,840,2020,292249,     37.40,      0.00,      6.50,      4.16,0,2,0,7,9,9,U2 
H5,840,2020,292250,     57.80,      0.00,      6.50,      5.25,0,2,0,9,11,11,U2 
H5,840,2020,292310,      3.70,      3.70,      3.70,      3.70,0,0,0,1,1,1,U2 
H5,840,2020,292320,      5.00,      0.00,      5.00,      2.50,0,1,0,1,2,2,U2 
H5,840,2020,292330,      6.20,      6.20,      6.20,      6.20,0,0,0,1,1,1,U2 
H5,840,2020,292340,      6.20,      6.20,      6.20,      6.20,0,0,0,1,1,1,U2 
H5,840,2020,292390,      6.20,      6.20,      6.20,      6.20,0,0,0,1,1,1,U2 
H5,840,2020,292411,      0.00,      0.00,      0.00,      0.00,0,1,0,0,1,1,U2 
H5,840,2020,292412,      3.70,      3.70,      3.70,      3.70,0,0,0,1,1,1,U2 
H5,840,2020,292419,     10.20,      3.70,      6.50,      5.10,0,0,0,2,2,2,U2 
H5,840,2020,292421,     39.00,      0.00,      6.50,      4.88,0,2,0,6,8,8,U2 
H5,840,2020,292423,     19.50,      6.50,      6.50,      6.50,0,0,0,3,3,3,U2 
H5,840,2020,292424,      0.00,      0.00,      0.00,      0.00,0,1,0,0,1,1,U2 
H5,840,2020,292425,      6.50,      6.50,      6.50,      6.50,0,0,0,1,1,1,U2 
H5,840,2020,292429,     82.60,      0.00,      6.50,      3.93,0,8,0,13,21,21,U2 
H5,840,2020,292511,      6.50,      6.50,      6.50,      6.50,0,0,0,1,1,1,U2 
H5,840,2020,292512,      0.00,      0.00,      0.00,      0.00,0,1,0,0,1,1,U2 
H5,840,2020,292519,     16.70,      0.00,      6.50,      3.34,0,2,0,3,5,5,U2 
H5,840,2020,292521,      6.50,      6.50,      6.50,      6.50,0,0,0,1,1,1,U2 
H5,840,2020,292529,     23.20,      0.00,      6.50,      3.87,0,2,0,4,6,6,U2 
H5,840,2020,292610,      6.50,      6.50,      6.50,      6.50,0,0,0,1,1,1,U2 
H5,840,2020,292620,      0.00,      0.00,      0.00,      0.00,0,1,0,0,1,1,U2 
H5,840,2020,292630,      6.50,      0.00,      6.50,      3.25,0,1,0,1,2,2,U2 
H5,840,2020,292640,      6.50,      6.50,      6.50,      6.50,0,0,0,1,1,1,U2 
H5,840,2020,292690,     71.50,      0.00,      6.50,      4.47,0,5,0,11,16,16,U2 
H5,840,2020,292700,     35.50,      0.00,      6.50,      4.44,0,2,0,6,8,8,U2 
H5,840,2020,292800,     20.40,      0.00,      6.50,      4.08,0,1,0,4,5,5,U2 
H5,840,2020,292910,     44.80,      0.00,      6.50,      5.60,0,1,0,7,8,8,U2 
H5,840,2020,292990,     19.50,      0.00,      6.50,      4.88,0,1,0,3,4,4,U2 
H5,840,2020,293020,     16.70,      0.00,      6.50,      4.18,0,1,0,3,4,4,U2 
H5,840,2020,293030,      3.70,      0.00,      3.70,      1.85,0,1,0,1,2,2,U2 
H5,840,2020,293040,      0.00,      0.00,      0.00,      0.00,0,1,0,0,1,1,U2 
H5,840,2020,293060,      3.70,      3.70,      3.70,      3.70,0,0,0,1,1,1,U2 
H5,840,2020,293070,      3.70,      3.70,      3.70,      3.70,0,0,0,1,1,1,U2 
H5,840,2020,293080,      6.50,      6.50,      6.50,      6.50,0,0,0,1,1,1,U2 
H5,840,2020,293090,     37.60,      0.00,      6.50,      3.42,0,4,0,7,11,11,U2 
H5,840,2020,293110,      3.70,      3.70,      3.70,      3.70,0,0,0,1,1,1,U2 
H5,840,2020,293120,      3.70,      3.70,      3.70,      3.70,0,0,0,1,1,1,U2 
H5,840,2020,293131,      3.70,      3.70,      3.70,      3.70,0,0,0,1,1,1,U2 
H5,840,2020,293132,      3.70,      3.70,      3.70,      3.70,0,0,0,1,1,1,U2 
H5,840,2020,293133,      3.70,      3.70,      3.70,      3.70,0,0,0,1,1,1,U2 
H5,840,2020,293134,      3.70,      3.70,      3.70,      3.70,0,0,0,1,1,1,U2 
H5,840,2020,293135,      3.70,      3.70,      3.70,      3.70,0,0,0,1,1,1,U2 
H5,840,2020,293136,      3.70,      3.70,      3.70,      3.70,0,0,0,1,1,1,U2 
H5,840,2020,293137,      3.70,      3.70,      3.70,      3.70,0,0,0,1,1,1,U2 
H5,840,2020,293138,      3.70,      3.70,      3.70,      3.70,0,0,0,1,1,1,U2 
H5,840,2020,293139,      3.70,      3.70,      3.70,      3.70,0,0,0,1,1,1,U2 
H5,840,2020,293190,     42.00,      0.00,      6.50,      4.67,0,2,0,7,9,9,U2 
H5,840,2020,293211,      3.70,      3.70,      3.70,      3.70,0,0,0,1,1,1,U2 
H5,840,2020,293212,      0.00,      0.00,      0.00,      0.00,0,1,0,0,1,1,U2 
H5,840,2020,293213,      3.70,      3.70,      3.70,      3.70,0,0,0,1,1,1,U2 
H5,840,2020,293214,      3.70,      3.70,      3.70,      3.70,0,0,0,1,1,1,U2 
H5,840,2020,293219,     10.20,      3.70,      6.50,      5.10,0,0,0,2,2,2,U2 
H5,840,2020,293220,     42.70,      3.70,      6.50,      6.10,0,0,0,7,7,7,U2 
H5,840,2020,293291,      6.50,      6.50,      6.50,      6.50,0,0,0,1,1,1,U2 
H5,840,2020,293292,      6.50,      6.50,      6.50,      6.50,0,0,0,1,1,1,U2 
H5,840,2020,293293,      4.80,      4.80,      4.80,      4.80,0,0,0,1,1,1,U2 
H5,840,2020,293294,      6.50,      6.50,      6.50,      6.50,0,0,0,1,1,1,U2 
H5,840,2020,293295,      0.00,      0.00,      0.00,      0.00,0,1,0,0,1,1,U2 
H5,840,2020,293299,     42.00,      0.00,      6.50,      4.20,0,3,0,7,10,10,U2 
H5,840,2020,293311,      6.50,      6.50,      6.50,      6.50,0,0,0,1,1,1,U2 
H5,840,2020,293319,     48.50,      0.00,      6.50,      4.04,0,4,0,8,12,12,U2 
H5,840,2020,293321,      6.50,      6.50,      6.50,      6.50,0,0,0,1,1,1,U2 
H5,840,2020,293329,     35.00,      0.00,      6.50,      4.38,0,2,0,6,8,8,U2 
H5,840,2020,293331,      0.00,      0.00,      0.00,      0.00,0,1,0,0,1,1,U2 
H5,840,2020,293332,     13.00,      6.50,      6.50,      6.50,0,0,0,2,2,2,U2 
H5,840,2020,293333,      0.00,      0.00,      0.00,      0.00,0,1,0,0,1,1,U2 
H5,840,2020,293339,     63.60,      0.00,      6.50,      5.30,0,2,0,10,12,12,U2 
H5,840,2020,293341,      0.00,      0.00,      0.00,      0.00,0,1,0,0,1,1,U2 
H5,840,2020,293349,     51.30,      0.00,      6.50,      5.70,0,1,0,8,9,9,U2 
H5,840,2020,293352,      0.00,      0.00,      0.00,      0.00,0,2,0,0,2,2,U2 
H5,840,2020,293353,      0.00,      0.00,      0.00,      0.00,0,1,0,0,1,1,U2 
H5,840,2020,293354,      3.70,      3.70,      3.70,      3.70,0,0,0,1,1,1,U2 
H5,840,2020,293355,      0.00,      0.00,      0.00,      0.00,0,1,0,0,1,1,U2 
H5,840,2020,293359,     75.20,      0.00,      6.50,      5.78,0,1,0,12,13,13,U2 
H5,840,2020,293361,      3.50,      3.50,      3.50,      3.50,0,0,0,1,1,1,U2 
H5,840,2020,293369,      9.80,      0.00,      6.30,      3.27,0,1,0,2,3,3,U2 
H5,840,2020,293371,      6.50,      6.50,      6.50,      6.50,0,0,0,1,1,1,U2 
H5,840,2020,293372,      0.00,      0.00,      0.00,      0.00,0,1,0,0,1,1,U2 
H5,840,2020,293379,     29.20,      0.00,      6.50,      4.17,0,2,0,5,7,7,U2 
H5,840,2020,293391,      0.00,      0.00,      0.00,      0.00,0,1,0,0,1,1,U2 
H5,840,2020,293392,      0.00,      0.00,      0.00,      0.00,0,1,0,0,1,1,U2 
H5,840,2020,293399,    117.20,      0.00,      6.50,      4.04,0,10,0,19,29,29,U2 
H5,840,2020,293410,     19.50,      0.00,      6.50,      4.88,0,1,0,3,4,4,U2 
H5,840,2020,293420,     51.30,      0.00,      6.50,      5.70,0,1,0,8,9,9,U2 
H5,840,2020,293430,     32.50,      0.00,      6.50,      5.42,0,1,0,5,6,6,U2 
H5,840,2020,293491,      0.00,      0.00,      0.00,      0.00,0,1,0,0,1,1,U2 
H5,840,2020,293499,     87.50,      0.00,      6.50,      4.61,0,5,0,14,19,19,U2 
H5,840,2020,293510,      6.50,      6.50,      6.50,      6.50,0,0,0,1,1,1,U2 
H5,840,2020,293520,      6.50,      6.50,      6.50,      6.50,0,0,0,1,1,1,U2 
H5,840,2020,293530,      6.50,      6.50,      6.50,      6.50,0,0,0,1,1,1,U2 
H5,840,2020,293540,      6.50,      6.50,      6.50,      6.50,0,0,0,1,1,1,U2 
H5,840,2020,293550,      6.50,      6.50,      6.50,      6.50,0,0,0,1,1,1,U2 
H5,840,2020,293590,     58.50,      0.00,      6.50,      4.18,0,5,0,9,14,14,U2 
H5,840,2020,293621,      0.00,      0.00,      0.00,      0.00,0,1,0,0,1,1,U2 
H5,840,2020,293622,      0.00,      0.00,      0.00,      0.00,0,1,0,0,1,1,U2 
H5,840,2020,293623,      0.00,      0.00,      0.00,      0.00,0,1,0,0,1,1,U2 
H5,840,2020,293624,      0.00,      0.00,      0.00,      0.00,0,1,0,0,1,1,U2 
H5,840,2020,293625,      0.00,      0.00,      0.00,      0.00,0,1,0,0,1,1,U2 
H5,840,2020,293626,      0.00,      0.00,      0.00,      0.00,0,1,0,0,1,1,U2 
H5,840,2020,293627,      0.00,      0.00,      0.00,      0.00,0,1,0,0,1,1,U2 
H5,840,2020,293628,      0.00,      0.00,      0.00,      0.00,0,1,0,0,1,1,U2 
H5,840,2020,293629,      0.00,      0.00,      0.00,      0.00,0,4,0,0,4,4,U2 
H5,840,2020,293690,      0.00,      0.00,      0.00,      0.00,0,1,0,0,1,1,U2 
H5,840,2020,293711,      0.00,      0.00,      0.00,      0.00,0,1,0,0,1,1,U2 
H5,840,2020,293712,      0.00,      0.00,      0.00,      0.00,0,1,0,0,1,1,U2 
H5,840,2020,293719,      0.00,      0.00,      0.00,      0.00,0,1,0,0,1,1,U2 
H5,840,2020,293721,      0.00,      0.00,      0.00,      0.00,0,1,0,0,1,1,U2 
H5,840,2020,293722,      0.00,      0.00,      0.00,      0.00,0,1,0,0,1,1,U2 
H5,840,2020,293723,      0.00,      0.00,      0.00,      0.00,0,3,0,0,3,3,U2 
H5,840,2020,293729,      0.00,      0.00,      0.00,      0.00,0,2,0,0,2,2,U2 
H5,840,2020,293750,      0.00,      0.00,      0.00,      0.00,0,1,0,0,1,1,U2 
H5,840,2020,293790,      0.00,      0.00,      0.00,      0.00,0,6,0,0,6,6,U2 
H5,840,2020,293810,      1.50,      1.50,      1.50,      1.50,0,0,0,1,1,1,U2 
H5,840,2020,293890,      3.70,      3.70,      3.70,      3.70,0,0,0,1,1,1,U2 
H5,840,2020,293911,      0.00,      0.00,      0.00,      0.00,0,1,0,0,1,1,U2 
H5,840,2020,293919,      0.00,      0.00,      0.00,      0.00,0,3,0,0,3,3,U2 
H5,840,2020,293920,      0.00,      0.00,      0.00,      0.00,0,1,0,0,1,1,U2 
H5,840,2020,293930,      0.00,      0.00,      0.00,      0.00,0,1,0,0,1,1,U2 
H5,840,2020,293941,      0.00,      0.00,      0.00,      0.00,0,1,0,0,1,1,U2 
H5,840,2020,293942,      0.00,      0.00,      0.00,      0.00,0,1,0,0,1,1,U2 
H5,840,2020,293943,      0.00,      0.00,      0.00,      0.00,0,1,0,0,1,1,U2 
H5,840,2020,293944,      0.00,      0.00,      0.00,      0.00,0,1,0,0,1,1,U2 
H5,840,2020,293949,      0.00,      0.00,      0.00,      0.00,0,1,0,0,1,1,U2 
H5,840,2020,293951,      0.00,      0.00,      0.00,      0.00,0,1,0,0,1,1,U2 
H5,840,2020,293959,      0.00,      0.00,      0.00,      0.00,0,1,0,0,1,1,U2 
H5,840,2020,293961,      0.00,      0.00,      0.00,      0.00,0,1,0,0,1,1,U2 
H5,840,2020,293962,      0.00,      0.00,      0.00,      0.00,0,1,0,0,1,1,U2 
H5,840,2020,293963,      0.00,      0.00,      0.00,      0.00,0,1,0,0,1,1,U2 
H5,840,2020,293969,      0.00,      0.00,      0.00,      0.00,0,1,0,0,1,1,U2 
H5,840,2020,293971,      0.00,      0.00,      0.00,      0.00,0,1,0,0,1,1,U2 
H5,840,2020,293979,      0.00,      0.00,      0.00,      0.00,0,1,0,0,1,1,U2 
H5,840,2020,293980,      6.50,      6.50,      6.50,      6.50,0,0,0,1,1,1,U2 
H5,840,2020,294000,      5.80,      0.00,      5.80,      2.90,0,1,0,1,2,2,U2 
H5,840,2020,294110,      0.00,      0.00,      0.00,      0.00,0,4,0,0,4,4,U2 
H5,840,2020,294120,      3.50,      0.00,      3.50,      1.75,0,1,0,1,2,2,U2 
H5,840,2020,294130,      0.00,      0.00,      0.00,      0.00,0,1,0,0,1,1,U2 
H5,840,2020,294140,      0.00,      0.00,      0.00,      0.00,0,1,0,0,1,1,U2 
H5,840,2020,294150,      0.00,      0.00,      0.00,      0.00,0,1,0,0,1,1,U2 
H5,840,2020,294190,      0.00,      0.00,      0.00,      0.00,0,3,0,0,3,3,U2 
H5,840,2020,294200,     23.20,      0.00,      6.50,      4.64,0,1,0,4,5,5,U2 
H5,840,2020,300120,      0.00,      0.00,      0.00,      0.00,0,1,0,0,1,1,U2 
H5,840,2020,300190,      0.00,      0.00,      0.00,      0.00,0,1,0,0,1,1,U2 
H5,840,2020,300211,      0.00,      0.00,      0.00,      0.00,0,1,0,0,1,1,U2 
H5,840,2020,300212,      0.00,      0.00,      0.00,      0.00,0,1,0,0,1,1,U2 
H5,840,2020,300213,      0.00,      0.00,      0.00,      0.00,0,1,0,0,1,1,U2 
H5,840,2020,300214,      0.00,      0.00,      0.00,      0.00,0,1,0,0,1,1,U2 
H5,840,2020,300215,      0.00,      0.00,      0.00,      0.00,0,1,0,0,1,1,U2 
H5,840,2020,300219,      0.00,      0.00,      0.00,      0.00,0,1,0,0,1,1,U2 
H5,840,2020,300220,      0.00,      0.00,      0.00,      0.00,0,1,0,0,1,1,U2 
H5,840,2020,300230,      0.00,      0.00,      0.00,      0.00,0,1,0,0,1,1,U2 
H5,840,2020,300290,      0.00,      0.00,      0.00,      0.00,0,2,0,0,2,2,U2 
H5,840,2020,300310,      0.00,      0.00,      0.00,      0.00,0,1,0,0,1,1,U2 
H5,840,2020,300320,      0.00,      0.00,      0.00,      0.00,0,1,0,0,1,1,U2 
H5,840,2020,300331,      0.00,      0.00,      0.00,      0.00,0,1,0,0,1,1,U2 
H5,840,2020,300339,      0.00,      0.00,      0.00,      0.00,0,2,0,0,2,2,U2 
H5,840,2020,300341,      0.00,      0.00,      0.00,      0.00,0,1,0,0,1,1,U2 
H5,840,2020,300342,      0.00,      0.00,      0.00,      0.00,0,1,0,0,1,1,U2 
H5,840,2020,300343,      0.00,      0.00,      0.00,      0.00,0,1,0,0,1,1,U2 
H5,840,2020,300349,      0.00,      0.00,      0.00,      0.00,0,1,0,0,1,1,U2 
H5,840,2020,300360,      0.00,      0.00,      0.00,      0.00,0,1,0,0,1,1,U2 
H5,840,2020,300390,      0.00,      0.00,      0.00,      0.00,0,1,0,0,1,1,U2 
H5,840,2020,300410,      0.00,      0.00,      0.00,      0.00,0,2,0,0,2,2,U2 
H5,840,2020,300420,      0.00,      0.00,      0.00,      0.00,0,1,0,0,1,1,U2 
H5,840,2020,300431,      0.00,      0.00,      0.00,      0.00,0,1,0,0,1,1,U2 
H5,840,2020,300432,      0.00,      0.00,      0.00,      0.00,0,1,0,0,1,1,U2 
H5,840,2020,300439,      0.00,      0.00,      0.00,      0.00,0,1,0,0,1,1,U2 
H5,840,2020,300441,      0.00,      0.00,      0.00,      0.00,0,1,0,0,1,1,U2 
H5,840,2020,300442,      0.00,      0.00,      0.00,      0.00,0,1,0,0,1,1,U2 
H5,840,2020,300443,      0.00,      0.00,      0.00,      0.00,0,1,0,0,1,1,U2 
H5,840,2020,300449,      0.00,      0.00,      0.00,      0.00,0,1,0,0,1,1,U2 
H5,840,2020,300450,      0.00,      0.00,      0.00,      0.00,0,5,0,0,5,5,U2 
H5,840,2020,300460,      0.00,      0.00,      0.00,      0.00,0,1,0,0,1,1,U2 
H5,840,2020,300490,      0.00,      0.00,      0.00,      0.00,0,2,0,0,2,2,U2 
H5,840,2020,300510,      0.00,      0.00,      0.00,      0.00,0,2,0,0,2,2,U2 
H5,840,2020,300590,      0.00,      0.00,      0.00,      0.00,0,2,0,0,2,2,U2 
H5,840,2020,300610,      0.00,      0.00,      0.00,      0.00,0,1,0,0,1,1,U2 
H5,840,2020,300620,      0.00,      0.00,      0.00,      0.00,0,1,0,0,1,1,U2 
H5,840,2020,300630,      0.00,      0.00,      0.00,      0.00,0,2,0,0,2,2,U2 
H5,840,2020,300640,      0.00,      0.00,      0.00,      0.00,0,1,0,0,1,1,U2 
H5,840,2020,300650,      0.00,      0.00,      0.00,      0.00,0,1,0,0,1,1,U2 
H5,840,2020,300660,      0.00,      0.00,      0.00,      0.00,0,1,0,0,1,1,U2 
H5,840,2020,300670,      5.00,      5.00,      5.00,      5.00,0,0,0,1,1,1,U2 
H5,840,2020,300691,      4.20,      4.20,      4.20,      4.20,0,0,0,1,1,1,U2 
H5,840,2020,300692,      0.00,      0.00,      0.00,      0.00,0,1,0,0,1,1,U2 
H5,840,2020,310100,      0.00,      0.00,      0.00,      0.00,0,1,0,0,1,1,U2 
H5,840,2020,310210,      0.00,      0.00,      0.00,      0.00,0,1,0,0,1,1,U2 
H5,840,2020,310221,      0.00,      0.00,      0.00,      0.00,0,1,0,0,1,1,U2 
H5,840,2020,310229,      0.00,      0.00,      0.00,      0.00,0,1,0,0,1,1,U2 
H5,840,2020,310230,      0.00,      0.00,      0.00,      0.00,0,1,0,0,1,1,U2 
H5,840,2020,310240,      0.00,      0.00,      0.00,      0.00,0,1,0,0,1,1,U2 
H5,840,2020,310250,      0.00,      0.00,      0.00,      0.00,0,1,0,0,1,1,U2 
H5,840,2020,310260,      0.00,      0.00,      0.00,      0.00,0,1,0,0,1,1,U2 
H5,840,2020,310280,      0.00,      0.00,      0.00,      0.00,0,1,0,0,1,1,U2 
H5,840,2020,310290,      0.00,      0.00,      0.00,      0.00,0,1,0,0,1,1,U2 
H5,840,2020,310311,      0.00,      0.00,      0.00,      0.00,0,1,0,0,1,1,U2 
H5,840,2020,310319,      0.00,      0.00,      0.00,      0.00,0,1,0,0,1,1,U2 
H5,840,2020,310390,      0.00,      0.00,      0.00,      0.00,0,1,0,0,1,1,U2 
H5,840,2020,310420,      0.00,      0.00,      0.00,      0.00,0,1,0,0,1,1,U2 
H5,840,2020,310430,      0.00,      0.00,      0.00,      0.00,0,1,0,0,1,1,U2 
H5,840,2020,310490,      0.00,      0.00,      0.00,      0.00,0,1,0,0,1,1,U2 
H5,840,2020,310510,      0.00,      0.00,      0.00,      0.00,0,1,0,0,1,1,U2 
H5,840,2020,310520,      0.00,      0.00,      0.00,      0.00,0,1,0,0,1,1,U2 
H5,840,2020,310530,      0.00,      0.00,      0.00,      0.00,0,1,0,0,1,1,U2 
H5,840,2020,310540,      0.00,      0.00,      0.00,      0.00,0,1,0,0,1,1,U2 
H5,840,2020,310551,      0.00,      0.00,      0.00,      0.00,0,1,0,0,1,1,U2 
H5,840,2020,310559,      0.00,      0.00,      0.00,      0.00,0,1,0,0,1,1,U2 
H5,840,2020,310560,      0.00,      0.00,      0.00,      0.00,0,1,0,0,1,1,U2 
H5,840,2020,310590,      0.00,      0.00,      0.00,      0.00,0,1,0,0,1,1,U2 
H5,840,2020,320110,      0.00,      0.00,      0.00,      0.00,0,1,0,0,1,1,U2 
H5,840,2020,320120,      0.00,      0.00,      0.00,      0.00,0,1,0,0,1,1,U2 
H5,840,2020,320190,      4.60,      0.00,      3.10,      1.53,0,1,0,2,3,3,U2 
H5,840,2020,320210,     13.00,      6.50,      6.50,      6.50,0,0,0,2,2,2,U2 
H5,840,2020,320290,      5.00,      0.00,      5.00,      2.50,0,1,0,1,2,2,U2 
H5,840,2020,320300,      3.10,      0.00,      3.10,      1.03,0,2,0,1,3,3,U2 
H5,840,2020,320411,     26.00,      0.00,      6.50,      5.20,0,1,0,4,5,5,U2 
H5,840,2020,320412,     32.50,      0.00,      6.50,      4.64,0,2,0,5,7,7,U2 
H5,840,2020,320413,     32.50,      0.00,      6.50,      5.42,0,1,0,5,6,6,U2 
H5,840,2020,320414,     32.50,      6.50,      6.50,      6.50,0,0,0,5,5,5,U2 
H5,840,2020,320415,     39.00,      0.00,      6.50,      5.57,0,1,0,6,7,7,U2 
H5,840,2020,320416,     26.00,      6.50,      6.50,      6.50,0,0,0,4,4,4,U2 
H5,840,2020,320417,     26.00,      0.00,      6.50,      4.33,0,2,0,4,6,6,U2 
H5,840,2020,320419,     42.10,      0.00,      6.50,      5.26,0,1,0,7,8,8,U2 
H5,840,2020,320420,     13.00,      0.00,      6.50,      4.33,0,1,0,2,3,3,U2 
H5,840,2020,320490,      5.90,      5.90,      5.90,      5.90,0,0,0,1,1,1,U2 
H5,840,2020,320500,     19.50,      0.00,      6.50,      4.88,0,1,0,3,4,4,U2 
H5,840,2020,320611,      6.00,      6.00,      6.00,      6.00,0,0,0,1,1,1,U2 
H5,840,2020,320619,      6.00,      6.00,      6.00,      6.00,0,0,0,1,1,1,U2 
H5,840,2020,320620,      3.70,      3.70,      3.70,      3.70,0,0,0,1,1,1,U2 
H5,840,2020,320641,      1.50,      1.50,      1.50,      1.50,0,0,0,1,1,1,U2 
H5,840,2020,320642,      2.20,      2.20,      2.20,      2.20,0,0,0,1,1,1,U2 
H5,840,2020,320649,     20.50,      0.00,      6.50,      3.42,0,1,0,5,6,6,U2 
H5,840,2020,320650,      6.50,      6.50,      6.50,      6.50,0,0,0,1,1,1,U2 
H5,840,2020,320710,      3.10,      3.10,      3.10,      3.10,0,0,0,1,1,1,U2 
H5,840,2020,320720,      4.90,      4.90,      4.90,      4.90,0,0,0,1,1,1,U2 
H5,840,2020,320730,      3.10,      3.10,      3.10,      3.10,0,0,0,1,1,1,U2 
H5,840,2020,320740,     12.50,      6.00,      6.50,      6.25,0,0,0,2,2,2,U2 
H5,840,2020,320810,      3.70,      3.70,      3.70,      3.70,0,0,0,1,1,1,U2 
H5,840,2020,320820,      3.60,      3.60,      3.60,      3.60,0,0,0,1,1,1,U2 
H5,840,2020,320890,      3.20,      3.20,      3.20,      3.20,0,0,0,1,1,1,U2 
H5,840,2020,320910,      5.10,      5.10,      5.10,      5.10,0,0,0,1,1,1,U2 
H5,840,2020,320990,      5.90,      5.90,      5.90,      5.90,0,0,0,1,1,1,U2 
H5,840,2020,321000,      1.80,      1.80,      1.80,      1.80,0,0,0,1,1,1,U2 
H5,840,2020,321100,      3.70,      3.70,      3.70,      3.70,0,0,0,1,1,1,U2 
H5,840,2020,321210,      4.70,      4.70,      4.70,      4.70,0,0,0,1,1,1,U2 
H5,840,2020,321290,      3.10,      3.10,      3.10,      3.10,0,0,0,1,1,1,U2 
H5,840,2020,321310,,,,,1,0,0,0,0,1,U2 
H5,840,2020,321390,      3.40,      3.40,      3.40,      3.40,0,0,0,1,1,1,U2 
H5,840,2020,321410,      3.70,      3.70,      3.70,      3.70,0,0,0,1,1,1,U2 
H5,840,2020,321490,      6.50,      0.00,      6.50,      3.25,0,1,0,1,2,2,U2 
H5,840,2020,321511,      3.60,      0.00,      1.80,      1.20,0,1,0,2,3,3,U2 
H5,840,2020,321519,      3.60,      0.00,      1.80,      1.20,0,1,0,2,3,3,U2 
H5,840,2020,321590,      4.90,      1.80,      3.10,      2.45,0,0,0,2,2,2,U2 
H5,840,2020,330112,      2.70,      2.70,      2.70,      2.70,0,0,0,1,1,1,U2 
H5,840,2020,330113,      3.80,      3.80,      3.80,      3.80,0,0,0,1,1,1,U2 
H5,840,2020,330119,      2.70,      0.00,      2.70,      1.35,0,1,0,1,2,2,U2 
H5,840,2020,330124,      4.20,      4.20,      4.20,      4.20,0,0,0,1,1,1,U2 
H5,840,2020,330125,      0.00,      0.00,      0.00,      0.00,0,1,0,0,1,1,U2 
H5,840,2020,330129,      2.90,      0.00,      1.80,      0.97,0,1,0,2,3,3,U2 
H5,840,2020,330130,      0.00,      0.00,      0.00,      0.00,0,1,0,0,1,1,U2 
H5,840,2020,330190,      3.80,      0.00,      3.80,      1.90,0,1,0,1,2,2,U2 
H5,840,2020,330210,      5.52,      0.00,      3.05,      1.10,0,3,2,0,5,5,U2 
H5,840,2020,330290,      0.00,      0.00,      0.00,      0.00,0,2,0,0,2,2,U2 
H5,840,2020,330300,      0.00,      0.00,      0.00,      0.00,0,3,0,0,3,3,U2 
H5,840,2020,330410,      0.00,      0.00,      0.00,      0.00,0,1,0,0,1,1,U2 
H5,840,2020,330420,      0.00,      0.00,      0.00,      0.00,0,1,0,0,1,1,U2 
H5,840,2020,330430,      0.00,      0.00,      0.00,      0.00,0,1,0,0,1,1,U2 
H5,840,2020,330491,      0.00,      0.00,      0.00,      0.00,0,1,0,0,1,1,U2 
H5,840,2020,330499,      0.00,      0.00,      0.00,      0.00,0,2,0,0,2,2,U2 
H5,840,2020,330510,      0.00,      0.00,      0.00,      0.00,0,1,0,0,1,1,U2 
H5,840,2020,330520,      0.00,      0.00,      0.00,      0.00,0,1,0,0,1,1,U2 
H5,840,2020,330530,      0.00,      0.00,      0.00,      0.00,0,1,0,0,1,1,U2 
H5,840,2020,330590,      0.00,      0.00,      0.00,      0.00,0,1,0,0,1,1,U2 
H5,840,2020,330610,      0.00,      0.00,      0.00,      0.00,0,1,0,0,1,1,U2 
H5,840,2020,330620,      0.00,      0.00,      0.00,      0.00,0,1,0,0,1,1,U2 
H5,840,2020,330690,      0.00,      0.00,      0.00,      0.00,0,1,0,0,1,1,U2 
H5,840,2020,330710,      9.80,      4.90,      4.90,      4.90,0,0,0,2,2,2,U2 
H5,840,2020,330720,      4.90,      4.90,      4.90,      4.90,0,0,0,1,1,1,U2 
H5,840,2020,330730,     10.70,      4.90,      5.80,      5.35,0,0,0,2,2,2,U2 
H5,840,2020,330741,      2.40,      2.40,      2.40,      2.40,0,0,0,1,1,1,U2 
H5,840,2020,330749,      6.00,      6.00,      6.00,      6.00,0,0,0,1,1,1,U2 
H5,840,2020,330790,      5.40,      5.40,      5.40,      5.40,0,0,0,1,1,1,U2 
H5,840,2020,340111,      0.00,      0.00,      0.00,      0.00,0,2,0,0,2,2,U2 
H5,840,2020,340119,      0.00,      0.00,      0.00,      0.00,0,1,0,0,1,1,U2 
H5,840,2020,340120,      0.00,      0.00,      0.00,      0.00,0,1,0,0,1,1,U2 
H5,840,2020,340130,      4.00,      0.00,      4.00,      2.00,0,1,0,1,2,2,U2 
H5,840,2020,340211,     14.20,      3.70,      6.50,      4.73,0,0,0,3,3,3,U2 
H5,840,2020,340212,      8.00,      4.00,      4.00,      4.00,0,0,0,2,2,2,U2 
H5,840,2020,340213,     11.70,      3.70,      4.00,      3.90,0,0,0,3,3,3,U2 
H5,840,2020,340219,      7.70,      3.70,      4.00,      3.85,0,0,0,2,2,2,U2 
H5,840,2020,340220,      4.00,      0.00,      4.00,      2.00,0,1,0,1,2,2,U2 
H5,840,2020,340290,     11.50,      3.70,      4.00,      3.83,0,0,0,3,3,3,U2 
H5,840,2020,340311,      7.70,      0.20,      6.10,      2.57,0,0,0,3,3,3,U2 
H5,840,2020,340319,      6.00,      0.20,      5.80,      3.00,0,0,0,2,2,2,U2 
H5,840,2020,340391,     12.50,      6.00,      6.50,      6.25,0,0,0,2,2,2,U2 
H5,840,2020,340399,      6.50,      6.50,      6.50,      6.50,0,0,0,1,1,1,U2 
H5,840,2020,340420,      0.00,      0.00,      0.00,      0.00,0,1,0,0,1,1,U2 
H5,840,2020,340490,      0.00,      0.00,      0.00,      0.00,0,2,0,0,2,2,U2 
H5,840,2020,340510,      0.00,      0.00,      0.00,      0.00,0,1,0,0,1,1,U2 
H5,840,2020,340520,      0.00,      0.00,      0.00,      0.00,0,1,0,0,1,1,U2 
H5,840,2020,340530,      0.00,      0.00,      0.00,      0.00,0,1,0,0,1,1,U2 
H5,840,2020,340540,      0.00,      0.00,      0.00,      0.00,0,1,0,0,1,1,U2 
H5,840,2020,340590,      0.00,      0.00,      0.00,      0.00,0,1,0,0,1,1,U2 
H5,840,2020,340600,      0.00,      0.00,      0.00,      0.00,0,1,0,0,1,1,U2 
H5,840,2020,340700,      0.00,      0.00,      0.00,      0.00,0,2,0,0,2,2,U2 
H5,840,2020,350110,      0.06,      0.00,      0.06,      0.03,0,1,1,0,2,2,U2 
H5,840,2020,350190,      6.05,      0.05,      6.00,      3.02,0,0,1,1,2,2,U2 
H5,840,2020,350211,      7.56,      7.56,      7.56,      7.56,0,0,1,0,1,1,U2 
H5,840,2020,350219,      9.23,      9.23,      9.23,      9.23,0,0,1,0,1,1,U2 
H5,840,2020,350220,      0.00,      0.00,      0.00,      0.00,0,1,0,0,1,1,U2 
H5,840,2020,350290,      0.00,      0.00,      0.00,      0.00,0,1,0,0,1,1,U2 
H5,840,2020,350300,     13.61,      1.70,      4.26,      3.40,0,0,4,0,4,4,U2 
H5,840,2020,350400,      9.00,      4.00,      5.00,      4.50,0,0,0,2,2,2,U2 
H5,840,2020,350510,      0.73,      0.73,      0.73,      0.73,0,0,1,0,1,1,U2 
H5,840,2020,350520,      4.97,      4.97,      4.97,      4.97,0,0,1,0,1,1,U2 
H5,840,2020,350610,      8.60,      2.10,      6.50,      4.30,0,0,0,2,2,2,U2 
H5,840,2020,350691,      2.10,      0.00,      2.10,      1.05,0,1,0,1,2,2,U2 
H5,840,2020,350699,      2.10,      2.10,      2.10,      2.10,0,0,0,1,1,1,U2 
H5,840,2020,350710,      0.00,      0.00,      0.00,      0.00,0,1,0,0,1,1,U2 
H5,840,2020,350790,      0.00,      0.00,      0.00,      0.00,0,2,0,0,2,2,U2 
H5,840,2020,360100,      6.50,      6.50,      6.50,      6.50,0,0,0,1,1,1,U2 
H5,840,2020,360200,      0.00,      0.00,      0.00,      0.00,0,1,0,0,1,1,U2 
H5,840,2020,360300,      7.40,      0.20,      4.20,      2.47,0,0,0,3,3,3,U2 
H5,840,2020,360410,      7.70,      2.40,      5.30,      3.85,0,0,0,2,2,2,U2 
H5,840,2020,360490,      6.50,      6.50,      6.50,      6.50,0,0,0,1,1,1,U2 
H5,840,2020,360500,      0.00,      0.00,      0.00,      0.00,0,1,0,0,1,1,U2 
H5,840,2020,360610,      0.00,      0.00,      0.00,      0.00,0,1,0,0,1,1,U2 
H5,840,2020,360690,     10.90,      0.00,      5.90,      3.63,0,1,0,2,3,3,U2 
H5,840,2020,370110,      3.70,      3.70,      3.70,      3.70,0,0,0,1,1,1,U2 
H5,840,2020,370120,      3.70,      3.70,      3.70,      3.70,0,0,0,1,1,1,U2 
H5,840,2020,370130,      0.00,      0.00,      0.00,      0.00,0,1,0,0,1,1,U2 
H5,840,2020,370191,      3.70,      3.70,      3.70,      3.70,0,0,0,1,1,1,U2 
H5,840,2020,370199,      0.00,      0.00,      0.00,      0.00,0,2,0,0,2,2,U2 
H5,840,2020,370210,      3.70,      3.70,      3.70,      3.70,0,0,0,1,1,1,U2 
H5,840,2020,370231,      3.70,      3.70,      3.70,      3.70,0,0,0,1,1,1,U2 
H5,840,2020,370232,      3.70,      3.70,      3.70,      3.70,0,0,0,1,1,1,U2 
H5,840,2020,370239,      3.70,      3.70,      3.70,      3.70,0,0,0,1,1,1,U2 
H5,840,2020,370241,      3.70,      3.70,      3.70,      3.70,0,0,0,1,1,1,U2 
H5,840,2020,370242,      3.70,      3.70,      3.70,      3.70,0,0,0,1,1,1,U2 
H5,840,2020,370243,      3.70,      3.70,      3.70,      3.70,0,0,0,1,1,1,U2 
H5,840,2020,370244,      3.70,      3.70,      3.70,      3.70,0,0,0,1,1,1,U2 
H5,840,2020,370252,      3.70,      3.70,      3.70,      3.70,0,0,0,1,1,1,U2 
H5,840,2020,370253,      3.70,      3.70,      3.70,      3.70,0,0,0,1,1,1,U2 
H5,840,2020,370254,      3.70,      3.70,      3.70,      3.70,0,0,0,1,1,1,U2 
H5,840,2020,370255,      0.00,      0.00,      0.00,      0.00,0,1,0,0,1,1,U2 
H5,840,2020,370256,      0.00,      0.00,      0.00,      0.00,0,1,0,0,1,1,U2 
H5,840,2020,370296,      3.70,      3.70,      3.70,      3.70,0,0,0,1,1,1,U2 
H5,840,2020,370297,      0.00,      0.00,      0.00,      0.00,0,1,0,0,1,1,U2 
H5,840,2020,370298,      3.70,      3.70,      3.70,      3.70,0,0,0,1,1,1,U2 
H5,840,2020,370310,      6.80,      3.10,      3.70,      3.40,0,0,0,2,2,2,U2 
H5,840,2020,370320,      6.80,      3.10,      3.70,      3.40,0,0,0,2,2,2,U2 
H5,840,2020,370390,      6.50,      2.80,      3.70,      3.25,0,0,0,2,2,2,U2 
H5,840,2020,370400,      0.00,      0.00,      0.00,      0.00,0,1,0,0,1,1,U2 
H5,840,2020,370500,      0.00,      0.00,      0.00,      0.00,0,1,0,0,1,1,U2 
H5,840,2020,370610,      1.40,      0.00,      1.40,      0.70,0,1,0,1,2,2,U2 
H5,840,2020,370690,      0.00,      0.00,      0.00,      0.00,0,1,0,0,1,1,U2 
H5,840,2020,370710,      3.00,      3.00,      3.00,      3.00,0,0,0,1,1,1,U2 
H5,840,2020,370790,      0.00,      0.00,      0.00,      0.00,0,3,0,0,3,3,U2 
H5,840,2020,380110,      3.70,      0.00,      3.70,      1.85,0,1,0,1,2,2,U2 
H5,840,2020,380120,      0.00,      0.00,      0.00,      0.00,0,1,0,0,1,1,U2 
H5,840,2020,380130,      4.90,      4.90,      4.90,      4.90,0,0,0,1,1,1,U2 
H5,840,2020,380190,      4.90,      4.90,      4.90,      4.90,0,0,0,1,1,1,U2 
H5,840,2020,380210,      4.80,      4.80,      4.80,      4.80,0,0,0,1,1,1,U2 
H5,840,2020,380290,     13.10,      2.50,      5.80,      4.37,0,0,0,3,3,3,U2 
H5,840,2020,380300,      0.00,      0.00,      0.00,      0.00,0,1,0,0,1,1,U2 
H5,840,2020,380400,      3.70,      0.00,      3.70,      1.85,0,1,0,1,2,2,U2 
H5,840,2020,380510,      5.00,      5.00,      5.00,      5.00,0,0,0,1,1,1,U2 
H5,840,2020,380590,      3.70,      0.00,      3.70,      1.85,0,1,0,1,2,2,U2 
H5,840,2020,380610,      5.00,      5.00,      5.00,      5.00,0,0,0,1,1,1,U2 
H5,840,2020,380620,      3.70,      3.70,      3.70,      3.70,0,0,0,1,1,1,U2 
H5,840,2020,380630,      6.50,      6.50,      6.50,      6.50,0,0,0,1,1,1,U2 
H5,840,2020,380690,      4.20,      4.20,      4.20,      4.20,0,0,0,1,1,1,U2 
H5,840,2020,380700,      0.10,      0.10,      0.10,      0.10,0,0,0,1,1,1,U2 
H5,840,2020,380852,      6.50,      6.50,      6.50,      6.50,0,0,0,1,1,1,U2 
H5,840,2020,380859,     16.50,      5.00,      6.50,      5.50,0,0,0,3,3,3,U2 
H5,840,2020,380861,     11.50,      5.00,      6.50,      5.75,0,0,0,2,2,2,U2 
H5,840,2020,380862,     11.50,      5.00,      6.50,      5.75,0,0,0,2,2,2,U2 
H5,840,2020,380869,     11.50,      5.00,      6.50,      5.75,0,0,0,2,2,2,U2 
H5,840,2020,380891,     19.30,      0.00,      6.50,      3.86,0,1,0,4,5,5,U2 
H5,840,2020,380892,     20.20,      0.00,      6.50,      3.37,0,2,0,4,6,6,U2 
H5,840,2020,380893,     16.50,      0.00,      6.50,      4.13,0,1,0,3,4,4,U2 
H5,840,2020,380894,     11.50,      5.00,      6.50,      5.75,0,0,0,2,2,2,U2 
H5,840,2020,380899,     16.50,      0.00,      6.50,      3.30,0,2,0,3,5,5,U2 
H5,840,2020,380910,      5.02,      5.02,      5.02,      5.02,0,0,1,0,1,1,U2 
H5,840,2020,380991,      6.00,      6.00,      6.00,      6.00,0,0,0,1,1,1,U2 
H5,840,2020,380992,     12.50,      6.00,      6.50,      6.25,0,0,0,2,2,2,U2 
H5,840,2020,380993,     12.50,      6.00,      6.50,      6.25,0,0,0,2,2,2,U2 
H5,840,2020,381010,      5.00,      5.00,      5.00,      5.00,0,0,0,1,1,1,U2 
H5,840,2020,381090,     11.50,      0.00,      6.50,      3.83,0,1,0,2,3,3,U2 
H5,840,2020,381111,      0.00,      0.00,      0.00,      0.00,0,2,0,0,2,2,U2 
H5,840,2020,381119,      6.50,      6.50,      6.50,      6.50,0,0,0,1,1,1,U2 
H5,840,2020,381121,      6.50,      6.50,      6.50,      6.50,0,0,0,1,1,1,U2 
H5,840,2020,381129,      6.50,      6.50,      6.50,      6.50,0,0,0,1,1,1,U2 
H5,840,2020,381190,      6.50,      6.50,      6.50,      6.50,0,0,0,1,1,1,U2 
H5,840,2020,381210,     11.50,      5.00,      6.50,      5.75,0,0,0,2,2,2,U2 
H5,840,2020,381220,     11.50,      5.00,      6.50,      5.75,0,0,0,2,2,2,U2 
H5,840,2020,381231,      6.50,      6.50,      6.50,      6.50,0,0,0,1,1,1,U2 
H5,840,2020,381239,     18.00,      0.00,      6.50,      3.60,0,2,0,3,5,5,U2 
H5,840,2020,381300,      3.70,      0.00,      3.70,      1.85,0,1,0,1,2,2,U2 
H5,840,2020,381400,     19.00,      6.00,      6.50,      6.33,0,0,0,3,3,3,U2 
H5,840,2020,381511,      0.00,      0.00,      0.00,      0.00,0,1,0,0,1,1,U2 
H5,840,2020,381512,      0.00,      0.00,      0.00,      0.00,0,1,0,0,1,1,U2 
H5,840,2020,381519,      0.00,      0.00,      0.00,      0.00,0,1,0,0,1,1,U2 
H5,840,2020,381590,     14.30,      0.00,      6.50,      3.58,0,1,0,3,4,4,U2 
H5,840,2020,381600,      3.00,      3.00,      3.00,      3.00,0,0,0,1,1,1,U2 
H5,840,2020,381700,     19.50,      6.50,      6.50,      6.50,0,0,0,3,3,3,U2 
H5,840,2020,381800,      0.00,      0.00,      0.00,      0.00,0,1,0,0,1,1,U2 
H5,840,2020,381900,      6.50,      6.50,      6.50,      6.50,0,0,0,1,1,1,U2 
H5,840,2020,382000,      6.50,      6.50,      6.50,      6.50,0,0,0,1,1,1,U2 
H5,840,2020,382100,      5.00,      5.00,      5.00,      5.00,0,0,0,1,1,1,U2 
H5,840,2020,382200,      0.00,      0.00,      0.00,      0.00,0,3,0,0,3,3,U2 
H5,840,2020,382311,      6.30,      6.30,      6.30,      6.30,0,0,1,0,1,1,U2 
H5,840,2020,382312,      5.27,      5.27,      5.27,      5.27,0,0,1,0,1,1,U2 
H5,840,2020,382313,      3.20,      3.20,      3.20,      3.20,0,0,0,1,1,1,U2 
H5,840,2020,382319,      5.50,      2.30,      3.20,      2.75,0,0,0,2,2,2,U2 
H5,840,2020,382370,      9.50,      2.00,      5.10,      3.17,0,0,0,3,3,3,U2 
H5,840,2020,382410,      6.00,      6.00,      6.00,      6.00,0,0,0,1,1,1,U2 
H5,840,2020,382430,      3.60,      3.60,      3.60,      3.60,0,0,0,1,1,1,U2 
H5,840,2020,382440,     11.50,      0.00,      6.50,      3.83,0,1,0,2,3,3,U2 
H5,840,2020,382450,      0.00,      0.00,      0.00,      0.00,0,1,0,0,1,1,U2 
H5,840,2020,382460,      4.90,      4.90,      4.90,      4.90,0,0,0,1,1,1,U2 
H5,840,2020,382471,      3.70,      3.70,      3.70,      3.70,0,0,0,1,1,1,U2 
H5,840,2020,382472,      3.70,      3.70,      3.70,      3.70,0,0,0,1,1,1,U2 
H5,840,2020,382473,      3.70,      3.70,      3.70,      3.70,0,0,0,1,1,1,U2 
H5,840,2020,382474,      3.70,      3.70,      3.70,      3.70,0,0,0,1,1,1,U2 
H5,840,2020,382475,      6.50,      6.50,      6.50,      6.50,0,0,0,1,1,1,U2 
H5,840,2020,382476,      6.50,      6.50,      6.50,      6.50,0,0,0,1,1,1,U2 
H5,840,2020,382477,      3.70,      3.70,      3.70,      3.70,0,0,0,1,1,1,U2 
H5,840,2020,382478,      3.70,      3.70,      3.70,      3.70,0,0,0,1,1,1,U2 
H5,840,2020,382479,     10.20,      3.70,      6.50,      5.10,0,0,0,2,2,2,U2 
H5,840,2020,382481,      5.00,      5.00,      5.00,      5.00,0,0,0,1,1,1,U2 
H5,840,2020,382482,     10.20,      3.70,      6.50,      5.10,0,0,0,2,2,2,U2 
H5,840,2020,382483,      5.00,      5.00,      5.00,      5.00,0,0,0,1,1,1,U2 
H5,840,2020,382484,      6.50,      6.50,      6.50,      6.50,0,0,0,1,1,1,U2 
H5,840,2020,382485,      6.50,      6.50,      6.50,      6.50,0,0,0,1,1,1,U2 
H5,840,2020,382486,      6.50,      6.50,      6.50,      6.50,0,0,0,1,1,1,U2 
H5,840,2020,382487,      3.70,      3.70,      3.70,      3.70,0,0,0,1,1,1,U2 
H5,840,2020,382488,      6.50,      6.50,      6.50,      6.50,0,0,0,1,1,1,U2 
H5,840,2020,382491,      5.00,      5.00,      5.00,      5.00,0,0,0,1,1,1,U2 
H5,840,2020,382499,     82.50,      0.00,      6.50,      4.12,0,5,0,15,20,20,U2 
H5,840,2020,382510,      0.00,      0.00,      0.00,      0.00,0,1,0,0,1,1,U2 
H5,840,2020,382520,      0.00,      0.00,      0.00,      0.00,0,1,0,0,1,1,U2 
H5,840,2020,382530,      0.00,      0.00,      0.00,      0.00,0,1,0,0,1,1,U2 
H5,840,2020,382541,      0.00,      0.00,      0.00,      0.00,0,1,0,0,1,1,U2 
H5,840,2020,382549,      0.00,      0.00,      0.00,      0.00,0,1,0,0,1,1,U2 
H5,840,2020,382550,      0.00,      0.00,      0.00,      0.00,0,1,0,0,1,1,U2 
H5,840,2020,382561,      0.00,      0.00,      0.00,      0.00,0,1,0,0,1,1,U2 
H5,840,2020,382569,      0.00,      0.00,      0.00,      0.00,0,1,0,0,1,1,U2 
H5,840,2020,382590,      0.00,      0.00,      0.00,      0.00,0,1,0,0,1,1,U2 
H5,840,2020,382600,     11.10,      4.60,      6.50,      5.55,0,0,0,2,2,2,U2 
H5,840,2020,390110,     13.00,      6.50,      6.50,      6.50,0,0,0,2,2,2,U2 
H5,840,2020,390120,     13.00,      6.50,      6.50,      6.50,0,0,0,2,2,2,U2 
H5,840,2020,390130,      5.30,      0.00,      5.30,      2.65,0,1,0,1,2,2,U2 
H5,840,2020,390140,      6.50,      6.50,      6.50,      6.50,0,0,0,1,1,1,U2 
H5,840,2020,390190,     13.00,      0.00,      6.50,      4.33,0,1,0,2,3,3,U2 
H5,840,2020,390210,      6.50,      6.50,      6.50,      6.50,0,0,0,1,1,1,U2 
H5,840,2020,390220,      6.50,      0.00,      6.50,      3.25,0,1,0,1,2,2,U2 
H5,840,2020,390230,      6.50,      6.50,      6.50,      6.50,0,0,0,1,1,1,U2 
H5,840,2020,390290,      6.50,      6.50,      6.50,      6.50,0,0,0,1,1,1,U2 
H5,840,2020,390311,      6.50,      6.50,      6.50,      6.50,0,0,0,1,1,1,U2 
H5,840,2020,390319,      6.50,      6.50,      6.50,      6.50,0,0,0,1,1,1,U2 
H5,840,2020,390320,      6.50,      6.50,      6.50,      6.50,0,0,0,1,1,1,U2 
H5,840,2020,390330,      6.50,      6.50,      6.50,      6.50,0,0,0,1,1,1,U2 
H5,840,2020,390390,     13.00,      6.50,      6.50,      6.50,0,0,0,2,2,2,U2 
H5,840,2020,390410,      6.50,      6.50,      6.50,      6.50,0,0,0,1,1,1,U2 
H5,840,2020,390421,      6.50,      6.50,      6.50,      6.50,0,0,0,1,1,1,U2 
H5,840,2020,390422,      6.50,      6.50,      6.50,      6.50,0,0,0,1,1,1,U2 
H5,840,2020,390430,      5.30,      0.00,      5.30,      2.65,0,1,0,1,2,2,U2 
H5,840,2020,390440,      5.30,      5.30,      5.30,      5.30,0,0,0,1,1,1,U2 
H5,840,2020,390450,      6.50,      6.50,      6.50,      6.50,0,0,0,1,1,1,U2 
H5,840,2020,390461,      5.80,      5.80,      5.80,      5.80,0,0,0,1,1,1,U2 
H5,840,2020,390469,      6.50,      0.00,      6.50,      3.25,0,1,0,1,2,2,U2 
H5,840,2020,390490,      6.50,      0.00,      6.50,      3.25,0,1,0,1,2,2,U2 
H5,840,2020,390512,      4.00,      4.00,      4.00,      4.00,0,0,0,1,1,1,U2 
H5,840,2020,390519,      4.00,      4.00,      4.00,      4.00,0,0,0,1,1,1,U2 
H5,840,2020,390521,      4.00,      4.00,      4.00,      4.00,0,0,0,1,1,1,U2 
H5,840,2020,390529,      4.00,      4.00,      4.00,      4.00,0,0,0,1,1,1,U2 
H5,840,2020,390530,      3.20,      3.20,      3.20,      3.20,0,0,0,1,1,1,U2 
H5,840,2020,390591,      9.30,      4.00,      5.30,      4.65,0,0,0,2,2,2,U2 
H5,840,2020,390599,      5.30,      0.00,      5.30,      2.65,0,1,0,1,2,2,U2 
H5,840,2020,390610,      6.30,      6.30,      6.30,      6.30,0,0,0,1,1,1,U2 
H5,840,2020,390690,     10.50,      0.00,      6.30,      3.50,0,1,0,2,3,3,U2 
H5,840,2020,390710,      6.50,      6.50,      6.50,      6.50,0,0,0,1,1,1,U2 
H5,840,2020,390720,      6.50,      6.50,      6.50,      6.50,0,0,0,1,1,1,U2 
H5,840,2020,390730,      6.10,      6.10,      6.10,      6.10,0,0,0,1,1,1,U2 
H5,840,2020,390740,      5.80,      5.80,      5.80,      5.80,0,0,0,1,1,1,U2 
H5,840,2020,390750,      6.50,      6.50,      6.50,      6.50,0,0,0,1,1,1,U2 
H5,840,2020,390761,      6.50,      6.50,      6.50,      6.50,0,0,0,1,1,1,U2 
H5,840,2020,390769,      6.50,      6.50,      6.50,      6.50,0,0,0,1,1,1,U2 
H5,840,2020,390770,      6.50,      6.50,      6.50,      6.50,0,0,0,1,1,1,U2 
H5,840,2020,390791,     12.30,      0.00,      6.50,      4.10,0,1,0,2,3,3,U2 
H5,840,2020,390799,      6.50,      0.00,      6.50,      3.25,0,1,0,1,2,2,U2 
H5,840,2020,390810,      6.30,      6.30,      6.30,      6.30,0,0,0,1,1,1,U2 
H5,840,2020,390890,      6.50,      0.00,      6.50,      3.25,0,1,0,1,2,2,U2 
H5,840,2020,390910,      6.50,      6.50,      6.50,      6.50,0,0,0,1,1,1,U2 
H5,840,2020,390920,      6.50,      6.50,      6.50,      6.50,0,0,0,1,1,1,U2 
H5,840,2020,390931,      6.50,      6.50,      6.50,      6.50,0,0,0,1,1,1,U2 
H5,840,2020,390939,      6.50,      6.50,      6.50,      6.50,0,0,0,1,1,1,U2 
H5,840,2020,390940,      6.50,      6.50,      6.50,      6.50,0,0,0,1,1,1,U2 
H5,840,2020,390950,      8.40,      0.00,      6.30,      2.80,0,1,0,2,3,3,U2 
H5,840,2020,391000,      3.00,      3.00,      3.00,      3.00,0,0,0,1,1,1,U2 
H5,840,2020,391110,      6.10,      6.10,      6.10,      6.10,0,0,0,1,1,1,U2 
H5,840,2020,391190,     18.40,      0.00,      6.50,      2.63,0,4,0,3,7,7,U2 
H5,840,2020,391211,      5.60,      5.60,      5.60,      5.60,0,0,0,1,1,1,U2 
H5,840,2020,391212,      5.60,      5.60,      5.60,      5.60,0,0,0,1,1,1,U2 
H5,840,2020,391220,      5.20,      5.20,      5.20,      5.20,0,0,0,1,1,1,U2 
H5,840,2020,391231,      6.40,      6.40,      6.40,      6.40,0,0,0,1,1,1,U2 
H5,840,2020,391239,      4.20,      4.20,      4.20,      4.20,0,0,0,1,1,1,U2 
H5,840,2020,391290,      5.20,      5.20,      5.20,      5.20,0,0,0,1,1,1,U2 
H5,840,2020,391310,      4.20,      4.20,      4.20,      4.20,0,0,0,1,1,1,U2 
H5,840,2020,391390,     12.30,      0.00,      6.50,      4.10,0,1,0,2,3,3,U2 
H5,840,2020,391400,      3.90,      0.00,      3.90,      1.95,0,1,0,1,2,2,U2 
H5,840,2020,391510,      0.00,      0.00,      0.00,      0.00,0,1,0,0,1,1,U2 
H5,840,2020,391520,      0.00,      0.00,      0.00,      0.00,0,1,0,0,1,1,U2 
H5,840,2020,391530,      0.00,      0.00,      0.00,      0.00,0,1,0,0,1,1,U2 
H5,840,2020,391590,      0.00,      0.00,      0.00,      0.00,0,1,0,0,1,1,U2 
H5,840,2020,391610,      5.80,      5.80,      5.80,      5.80,0,0,0,1,1,1,U2 
H5,840,2020,391620,      5.80,      5.80,      5.80,      5.80,0,0,0,1,1,1,U2 
H5,840,2020,391690,     21.90,      3.10,      6.50,      5.47,0,0,0,4,4,4,U2 
H5,840,2020,391710,     10.70,      0.00,      6.50,      3.57,0,1,0,2,3,3,U2 
H5,840,2020,391721,      3.10,      3.10,      3.10,      3.10,0,0,0,1,1,1,U2 
H5,840,2020,391722,      3.10,      3.10,      3.10,      3.10,0,0,0,1,1,1,U2 
H5,840,2020,391723,      3.10,      3.10,      3.10,      3.10,0,0,0,1,1,1,U2 
H5,840,2020,391729,      3.10,      3.10,      3.10,      3.10,0,0,0,1,1,1,U2 
H5,840,2020,391731,      3.10,      3.10,      3.10,      3.10,0,0,0,1,1,1,U2 
H5,840,2020,391732,      3.10,      3.10,      3.10,      3.10,0,0,0,1,1,1,U2 
H5,840,2020,391733,      3.10,      3.10,      3.10,      3.10,0,0,0,1,1,1,U2 
H5,840,2020,391739,      3.10,      3.10,      3.10,      3.10,0,0,0,1,1,1,U2 
H5,840,2020,391740,      5.30,      5.30,      5.30,      5.30,0,0,0,1,1,1,U2 
H5,840,2020,391810,     30.80,      4.20,      6.50,      5.13,0,0,0,6,6,6,U2 
H5,840,2020,391890,     21.30,      4.20,      6.50,      5.32,0,0,0,4,4,4,U2 
H5,840,2020,391910,     12.30,      5.80,      6.50,      6.15,0,0,0,2,2,2,U2 
H5,840,2020,391990,     12.30,      5.80,      6.50,      6.15,0,0,0,2,2,2,U2 
H5,840,2020,392010,      4.20,      4.20,      4.20,      4.20,0,0,0,1,1,1,U2 
H5,840,2020,392020,      4.20,      4.20,      4.20,      4.20,0,0,0,1,1,1,U2 
H5,840,2020,392030,      5.80,      5.80,      5.80,      5.80,0,0,0,1,1,1,U2 
H5,840,2020,392043,      7.30,      3.10,      4.20,      3.65,0,0,0,2,2,2,U2 
H5,840,2020,392049,      5.80,      5.80,      5.80,      5.80,0,0,0,1,1,1,U2 
H5,840,2020,392051,     12.50,      6.00,      6.50,      6.25,0,0,0,2,2,2,U2 
H5,840,2020,392059,     12.50,      0.00,      6.50,      4.17,0,1,0,2,3,3,U2 
H5,840,2020,392061,      5.80,      5.80,      5.80,      5.80,0,0,0,1,1,1,U2 
H5,840,2020,392062,      4.20,      4.20,      4.20,      4.20,0,0,0,1,1,1,U2 
H5,840,2020,392063,     10.00,      4.20,      5.80,      5.00,0,0,0,2,2,2,U2 
H5,840,2020,392069,      4.20,      4.20,      4.20,      4.20,0,0,0,1,1,1,U2 
H5,840,2020,392071,      6.20,      6.20,      6.20,      6.20,0,0,0,1,1,1,U2 
H5,840,2020,392073,      2.90,      2.90,      2.90,      2.90,0,0,0,1,1,1,U2 
H5,840,2020,392079,     13.00,      3.10,      6.20,      4.33,0,0,0,3,3,3,U2 
H5,840,2020,392091,      4.20,      4.20,      4.20,      4.20,0,0,0,1,1,1,U2 
H5,840,2020,392092,      4.20,      4.20,      4.20,      4.20,0,0,0,1,1,1,U2 
H5,840,2020,392093,      5.80,      5.80,      5.80,      5.80,0,0,0,1,1,1,U2 
H5,840,2020,392094,      5.80,      5.80,      5.80,      5.80,0,0,0,1,1,1,U2 
H5,840,2020,392099,     16.00,      4.20,      6.00,      5.33,0,0,0,3,3,3,U2 
H5,840,2020,392111,      5.30,      5.30,      5.30,      5.30,0,0,0,1,1,1,U2 
H5,840,2020,392112,     22.50,      4.20,      6.50,      5.63,0,0,0,4,4,4,U2 
H5,840,2020,392113,     20.20,      4.20,      6.50,      5.05,0,0,0,4,4,4,U2 
H5,840,2020,392114,      6.50,      6.50,      6.50,      6.50,0,0,0,1,1,1,U2 
H5,840,2020,392119,      6.50,      6.50,      6.50,      6.50,0,0,0,1,1,1,U2 
H5,840,2020,392190,     42.40,      4.20,      6.50,      5.30,0,0,0,8,8,8,U2 
H5,840,2020,392210,      6.30,      6.30,      6.30,      6.30,0,0,0,1,1,1,U2 
H5,840,2020,392220,      6.30,      6.30,      6.30,      6.30,0,0,0,1,1,1,U2 
H5,840,2020,392290,      6.30,      6.30,      6.30,      6.30,0,0,0,1,1,1,U2 
H5,840,2020,392310,      3.00,      0.00,      3.00,      1.50,0,1,0,1,2,2,U2 
H5,840,2020,392321,      3.00,      3.00,      3.00,      3.00,0,0,0,1,1,1,U2 
H5,840,2020,392329,      3.00,      3.00,      3.00,      3.00,0,0,0,1,1,1,U2 
H5,840,2020,392330,      3.00,      3.00,      3.00,      3.00,0,0,0,1,1,1,U2 
H5,840,2020,392340,      5.30,      5.30,      5.30,      5.30,0,0,0,1,1,1,U2 
H5,840,2020,392350,      5.30,      5.30,      5.30,      5.30,0,0,0,1,1,1,U2 
H5,840,2020,392390,      3.00,      3.00,      3.00,      3.00,0,0,0,1,1,1,U2 
H5,840,2020,392410,     18.60,      3.40,      6.50,      4.65,0,0,0,4,4,4,U2 
H5,840,2020,392490,     13.20,      3.10,      3.40,      3.30,0,0,0,4,4,4,U2 
H5,840,2020,392510,      6.30,      6.30,      6.30,      6.30,0,0,0,1,1,1,U2 
H5,840,2020,392520,      5.30,      5.30,      5.30,      5.30,0,0,0,1,1,1,U2 
H5,840,2020,392530,      8.60,      3.30,      5.30,      4.30,0,0,0,2,2,2,U2 
H5,840,2020,392590,      5.30,      5.30,      5.30,      5.30,0,0,0,1,1,1,U2 
H5,840,2020,392610,      5.30,      5.30,      5.30,      5.30,0,0,0,1,1,1,U2 
H5,840,2020,392620,     14.50,      0.00,      6.50,      2.42,0,3,0,3,6,6,U2 
H5,840,2020,392630,     11.80,      5.30,      6.50,      5.90,0,0,0,2,2,2,U2 
H5,840,2020,392640,      5.30,      5.30,      5.30,      5.30,0,0,0,1,1,1,U2 
H5,840,2020,392690,    109.70,      0.00,      6.50,      4.22,0,2,0,24,26,26,U2 
H5,840,2020,400110,      0.00,      0.00,      0.00,      0.00,0,1,0,0,1,1,U2 
H5,840,2020,400121,      0.00,      0.00,      0.00,      0.00,0,1,0,0,1,1,U2 
H5,840,2020,400122,      0.00,      0.00,      0.00,      0.00,0,1,0,0,1,1,U2 
H5,840,2020,400129,      0.00,      0.00,      0.00,      0.00,0,1,0,0,1,1,U2 
H5,840,2020,400130,      0.00,      0.00,      0.00,      0.00,0,1,0,0,1,1,U2 
H5,840,2020,400211,      0.00,      0.00,      0.00,      0.00,0,1,0,0,1,1,U2 
H5,840,2020,400219,      0.00,      0.00,      0.00,      0.00,0,1,0,0,1,1,U2 
H5,840,2020,400220,      0.00,      0.00,      0.00,      0.00,0,1,0,0,1,1,U2 
H5,840,2020,400231,      0.00,      0.00,      0.00,      0.00,0,1,0,0,1,1,U2 
H5,840,2020,400239,      0.00,      0.00,      0.00,      0.00,0,1,0,0,1,1,U2 
H5,840,2020,400241,      0.00,      0.00,      0.00,      0.00,0,1,0,0,1,1,U2 
H5,840,2020,400249,      0.00,      0.00,      0.00,      0.00,0,1,0,0,1,1,U2 
H5,840,2020,400251,      0.00,      0.00,      0.00,      0.00,0,1,0,0,1,1,U2 
H5,840,2020,400259,      0.00,      0.00,      0.00,      0.00,0,1,0,0,1,1,U2 
H5,840,2020,400260,      0.00,      0.00,      0.00,      0.00,0,1,0,0,1,1,U2 
H5,840,2020,400270,      0.00,      0.00,      0.00,      0.00,0,1,0,0,1,1,U2 
H5,840,2020,400280,      0.00,      0.00,      0.00,      0.00,0,1,0,0,1,1,U2 
H5,840,2020,400291,      0.00,      0.00,      0.00,      0.00,0,1,0,0,1,1,U2 
H5,840,2020,400299,      0.00,      0.00,      0.00,      0.00,0,1,0,0,1,1,U2 
H5,840,2020,400300,      0.00,      0.00,      0.00,      0.00,0,1,0,0,1,1,U2 
H5,840,2020,400400,      0.00,      0.00,      0.00,      0.00,0,1,0,0,1,1,U2 
H5,840,2020,400510,      0.00,      0.00,      0.00,      0.00,0,1,0,0,1,1,U2 
H5,840,2020,400520,      0.00,      0.00,      0.00,      0.00,0,1,0,0,1,1,U2 
H5,840,2020,400591,      0.00,      0.00,      0.00,      0.00,0,1,0,0,1,1,U2 
H5,840,2020,400599,      0.00,      0.00,      0.00,      0.00,0,1,0,0,1,1,U2 
H5,840,2020,400610,      2.90,      2.90,      2.90,      2.90,0,0,0,1,1,1,U2 
H5,840,2020,400690,      2.70,      0.00,      2.70,      1.35,0,1,0,1,2,2,U2 
H5,840,2020,400700,      0.00,      0.00,      0.00,      0.00,0,1,0,0,1,1,U2 
H5,840,2020,400811,      3.30,      0.00,      3.30,      1.65,0,1,0,1,2,2,U2 
H5,840,2020,400819,      6.60,      0.00,      3.30,      1.65,0,2,0,2,4,4,U2 
H5,840,2020,400821,      0.00,      0.00,      0.00,      0.00,0,1,0,0,1,1,U2 
H5,840,2020,400829,      5.80,      2.90,      2.90,      2.90,0,0,0,2,2,2,U2 
H5,840,2020,400911,      2.50,      2.50,      2.50,      2.50,0,0,0,1,1,1,U2 
H5,840,2020,400912,      2.50,      2.50,      2.50,      2.50,0,0,0,1,1,1,U2 
H5,840,2020,400921,      2.50,      2.50,      2.50,      2.50,0,0,0,1,1,1,U2 
H5,840,2020,400922,      2.50,      2.50,      2.50,      2.50,0,0,0,1,1,1,U2 
H5,840,2020,400931,      2.50,      2.50,      2.50,      2.50,0,0,0,1,1,1,U2 
H5,840,2020,400932,      2.50,      2.50,      2.50,      2.50,0,0,0,1,1,1,U2 
H5,840,2020,400941,      2.50,      2.50,      2.50,      2.50,0,0,0,1,1,1,U2 
H5,840,2020,400942,      2.50,      2.50,      2.50,      2.50,0,0,0,1,1,1,U2 
H5,840,2020,401011,      3.30,      3.30,      3.30,      3.30,0,0,0,1,1,1,U2 
H5,840,2020,401012,     20.40,      1.90,      8.00,      5.10,0,0,0,4,4,4,U2 
H5,840,2020,401019,     23.70,      1.90,      8.00,      4.74,0,0,0,5,5,5,U2 
H5,840,2020,401031,      6.20,      2.80,      3.40,      3.10,0,0,0,2,2,2,U2 
H5,840,2020,401032,      6.20,      2.80,      3.40,      3.10,0,0,0,2,2,2,U2 
H5,840,2020,401033,      6.20,      2.80,      3.40,      3.10,0,0,0,2,2,2,U2 
H5,840,2020,401034,      6.20,      2.80,      3.40,      3.10,0,0,0,2,2,2,U2 
H5,840,2020,401035,     23.70,      1.90,      8.00,      4.74,0,0,0,5,5,5,U2 
H5,840,2020,401036,     23.70,      1.90,      8.00,      4.74,0,0,0,5,5,5,U2 
H5,840,2020,401039,     29.90,      1.90,      8.00,      4.27,0,0,0,7,7,7,U2 
H5,840,2020,401110,      7.40,      3.40,      4.00,      3.70,0,0,0,2,2,2,U2 
H5,840,2020,401120,      7.40,      3.40,      4.00,      3.70,0,0,0,2,2,2,U2 
H5,840,2020,401130,      0.00,      0.00,      0.00,      0.00,0,1,0,0,1,1,U2 
H5,840,2020,401140,      0.00,      0.00,      0.00,      0.00,0,1,0,0,1,1,U2 
H5,840,2020,401150,      0.00,      0.00,      0.00,      0.00,0,1,0,0,1,1,U2 
H5,840,2020,401170,      0.00,      0.00,      0.00,      0.00,0,1,0,0,1,1,U2 
H5,840,2020,401180,      7.40,      0.00,      4.00,      2.47,0,1,0,2,3,3,U2 
H5,840,2020,401190,      7.40,      0.00,      4.00,      2.47,0,1,0,2,3,3,U2 
H5,840,2020,401211,      7.40,      3.40,      4.00,      3.70,0,0,0,2,2,2,U2 
H5,840,2020,401212,      7.40,      3.40,      4.00,      3.70,0,0,0,2,2,2,U2 
H5,840,2020,401213,      0.00,      0.00,      0.00,      0.00,0,1,0,0,1,1,U2 
H5,840,2020,401219,      7.40,      0.00,      4.00,      2.47,0,1,0,2,3,3,U2 
H5,840,2020,401220,      0.00,      0.00,      0.00,      0.00,0,5,0,0,5,5,U2 
H5,840,2020,401290,      6.90,      0.00,      4.20,      1.38,0,3,0,2,5,5,U2 
H5,840,2020,401310,      3.70,      3.70,      3.70,      3.70,0,0,0,1,1,1,U2 
H5,840,2020,401320,      0.00,      0.00,      0.00,      0.00,0,1,0,0,1,1,U2 
H5,840,2020,401390,      3.70,      0.00,      3.70,      1.85,0,1,0,1,2,2,U2 
H5,840,2020,401410,      0.00,      0.00,      0.00,      0.00,0,1,0,0,1,1,U2 
H5,840,2020,401490,      4.20,      0.00,      4.20,      2.10,0,1,0,1,2,2,U2 
H5,840,2020,401511,      0.00,      0.00,      0.00,      0.00,0,1,0,0,1,1,U2 
H5,840,2020,401519,     17.00,      0.00,     14.00,      5.67,0,1,0,2,3,3,U2 
H5,840,2020,401590,      4.00,      4.00,      4.00,      4.00,0,0,0,1,1,1,U2 
H5,840,2020,401610,      0.00,      0.00,      0.00,      0.00,0,1,0,0,1,1,U2 
H5,840,2020,401691,      2.70,      2.70,      2.70,      2.70,0,0,0,1,1,1,U2 
H5,840,2020,401692,      4.20,      4.20,      4.20,      4.20,0,0,0,1,1,1,U2 
H5,840,2020,401693,      5.00,      2.50,      2.50,      2.50,0,0,0,2,2,2,U2 
H5,840,2020,401694,      4.20,      4.20,      4.20,      4.20,0,0,0,1,1,1,U2 
H5,840,2020,401695,      4.20,      4.20,      4.20,      4.20,0,0,0,1,1,1,U2 
H5,840,2020,401699,     21.70,      0.00,      4.30,      2.41,0,2,0,7,9,9,U2 
H5,840,2020,401700,      2.70,      2.70,      2.70,      2.70,0,0,0,1,1,1,U2 
H5,840,2020,410120,     16.40,      0.00,      5.00,      2.34,0,2,0,5,7,7,U2 
H5,840,2020,410150,     16.40,      0.00,      5.00,      2.34,0,2,0,5,7,7,U2 
H5,840,2020,410190,     14.00,      0.00,      5.00,      2.80,0,1,0,4,5,5,U2 
H5,840,2020,410210,      2.00,      0.00,      2.00,      0.67,0,2,0,1,3,3,U2 
H5,840,2020,410221,      0.00,      0.00,      0.00,      0.00,0,1,0,0,1,1,U2 
H5,840,2020,410229,      2.00,      0.00,      2.00,      0.67,0,2,0,1,3,3,U2 
H5,840,2020,410320,      5.00,      0.00,      5.00,      1.67,0,2,0,1,3,3,U2 
H5,840,2020,410330,      4.20,      0.00,      4.20,      2.10,0,1,0,1,2,2,U2 
H5,840,2020,410390,      7.00,      0.00,      3.70,      1.75,0,2,0,2,4,4,U2 
H5,840,2020,410411,     13.10,      0.00,      5.00,      2.62,0,1,0,4,5,5,U2 
H5,840,2020,410419,     13.10,      0.00,      5.00,      2.62,0,1,0,4,5,5,U2 
H5,840,2020,410441,     13.10,      0.00,      5.00,      2.62,0,1,0,4,5,5,U2 
H5,840,2020,410449,     13.10,      0.00,      5.00,      2.62,0,1,0,4,5,5,U2 
H5,840,2020,410510,      4.00,      2.00,      2.00,      2.00,0,0,0,2,2,2,U2 
H5,840,2020,410530,      2.00,      2.00,      2.00,      2.00,0,0,0,1,1,1,U2 
H5,840,2020,410621,      4.80,      2.40,      2.40,      2.40,0,0,0,2,2,2,U2 
H5,840,2020,410622,      2.40,      2.40,      2.40,      2.40,0,0,0,1,1,1,U2 
H5,840,2020,410631,      8.40,      4.20,      4.20,      4.20,0,0,0,2,2,2,U2 
H5,840,2020,410632,      4.20,      4.20,      4.20,      4.20,0,0,0,1,1,1,U2 
H5,840,2020,410640,      0.00,      0.00,      0.00,      0.00,0,1,0,0,1,1,U2 
H5,840,2020,410691,      3.30,      3.30,      3.30,      3.30,0,0,0,1,1,1,U2 
H5,840,2020,410692,      3.30,      3.30,      3.30,      3.30,0,0,0,1,1,1,U2 
H5,840,2020,410711,     22.00,      0.00,      5.00,      2.75,0,1,0,7,8,8,U2 
H5,840,2020,410712,     22.00,      0.00,      5.00,      2.75,0,1,0,7,8,8,U2 
H5,840,2020,410719,     23.70,      0.00,      5.00,      2.96,0,1,0,7,8,8,U2 
H5,840,2020,410791,     16.00,      2.40,      5.00,      3.20,0,0,0,5,5,5,U2 
H5,840,2020,410792,     16.00,      2.40,      5.00,      3.20,0,0,0,5,5,5,U2 
H5,840,2020,410799,     17.70,      2.40,      5.00,      3.54,0,0,0,5,5,5,U2 
H5,840,2020,411200,      4.00,      2.00,      2.00,      2.00,0,0,0,2,2,2,U2 
H5,840,2020,411310,      5.20,      2.40,      2.80,      2.60,0,0,0,2,2,2,U2 
H5,840,2020,411320,      4.20,      4.20,      4.20,      4.20,0,0,0,1,1,1,U2 
H5,840,2020,411330,      0.00,      0.00,      0.00,      0.00,0,2,0,0,2,2,U2 
H5,840,2020,411390,      4.90,      1.60,      3.30,      2.45,0,0,0,2,2,2,U2 
H5,840,2020,411410,      3.20,      3.20,      3.20,      3.20,0,0,0,1,1,1,U2 
H5,840,2020,411420,      7.50,      1.60,      3.60,      2.50,0,0,0,3,3,3,U2 
H5,840,2020,411510,      0.00,      0.00,      0.00,      0.00,0,1,0,0,1,1,U2 
H5,840,2020,411520,      0.00,      0.00,      0.00,      0.00,0,1,0,0,1,1,U2 
H5,840,2020,420100,      5.20,      2.40,      2.80,      2.60,0,0,0,2,2,2,U2 
H5,840,2020,420211,      8.00,      8.00,      8.00,      8.00,0,0,0,1,1,1,U2 
H5,840,2020,420212,     87.20,      5.70,     20.00,     14.53,0,0,0,6,6,6,U2 
H5,840,2020,420219,     20.00,     20.00,     20.00,     20.00,0,0,0,1,1,1,U2 
H5,840,2020,420221,     24.30,      5.30,     10.00,      8.10,0,0,0,3,3,3,U2 
H5,840,2020,420222,     86.00,      5.70,     17.60,     10.75,0,0,0,8,8,8,U2 
H5,840,2020,420229,     36.40,      3.30,     20.00,      9.10,0,0,0,4,4,4,U2 
H5,840,2020,420231,     11.70,      3.70,      8.00,      5.85,0,0,0,2,2,2,U2 
H5,840,2020,420232,     89.87,      0.00,     20.00,     11.23,0,1,1,6,8,8,U2 
H5,840,2020,420239,     36.40,      3.30,     20.00,      9.10,0,0,0,4,4,4,U2 
H5,840,2020,420291,      9.00,      4.50,      4.50,      4.50,0,0,0,2,2,2,U2 
H5,840,2020,420292,    183.10,      3.40,     20.00,     12.21,0,0,0,15,15,15,U2 
H5,840,2020,420299,     35.50,      0.00,     20.00,      7.10,0,1,0,4,5,5,U2 
H5,840,2020,420310,     10.70,      4.70,      6.00,      5.35,0,0,0,2,2,2,U2 
H5,840,2020,420321,     16.90,      0.00,      5.50,      2.82,0,2,0,4,6,6,U2 
H5,840,2020,420329,    106.40,     12.60,     14.00,     13.30,0,0,0,8,8,8,U2 
H5,840,2020,420330,      2.70,      2.70,      2.70,      2.70,0,0,0,1,1,1,U2 
H5,840,2020,420340,      4.90,      0.00,      4.90,      2.45,0,1,0,1,2,2,U2 
H5,840,2020,420500,      9.60,      0.00,      4.90,      1.60,0,3,0,3,6,6,U2 
H5,840,2020,420600,      7.40,      0.00,      3.90,      2.47,0,1,0,2,3,3,U2 
H5,840,2020,430110,      0.00,      0.00,      0.00,      0.00,0,1,0,0,1,1,U2 
H5,840,2020,430130,      0.00,      0.00,      0.00,      0.00,0,1,0,0,1,1,U2 
H5,840,2020,430160,      5.10,      0.00,      5.10,      2.55,0,1,0,1,2,2,U2 
H5,840,2020,430180,      0.00,      0.00,      0.00,      0.00,0,1,0,0,1,1,U2 
H5,840,2020,430190,      0.00,      0.00,      0.00,      0.00,0,1,0,0,1,1,U2 
H5,840,2020,430211,      2.10,      2.10,      2.10,      2.10,0,0,0,1,1,1,U2 
H5,840,2020,430219,     19.40,      1.50,      5.60,      2.77,0,0,0,7,7,7,U2 
H5,840,2020,430220,      7.30,      1.70,      3.50,      2.43,0,0,0,3,3,3,U2 
H5,840,2020,430230,      5.30,      5.30,      5.30,      5.30,0,0,0,1,1,1,U2 
H5,840,2020,430310,      4.00,      4.00,      4.00,      4.00,0,0,0,1,1,1,U2 
H5,840,2020,430390,      0.00,      0.00,      0.00,      0.00,0,1,0,0,1,1,U2 
H5,840,2020,430400,      6.50,      6.50,      6.50,      6.50,0,0,0,1,1,1,U2 
H5,840,2020,440111,      0.00,      0.00,      0.00,      0.00,0,1,0,0,1,1,U2 
H5,840,2020,440112,      0.00,      0.00,      0.00,      0.00,0,1,0,0,1,1,U2 
H5,840,2020,440121,      0.00,      0.00,      0.00,      0.00,0,1,0,0,1,1,U2 
H5,840,2020,440122,      0.00,      0.00,      0.00,      0.00,0,1,0,0,1,1,U2 
H5,840,2020,440131,      0.00,      0.00,      0.00,      0.00,0,1,0,0,1,1,U2 
H5,840,2020,440139,      0.00,      0.00,      0.00,      0.00,0,2,0,0,2,2,U2 
H5,840,2020,440140,      0.00,      0.00,      0.00,      0.00,0,1,0,0,1,1,U2 
H5,840,2020,440210,      0.00,      0.00,      0.00,      0.00,0,1,0,0,1,1,U2 
H5,840,2020,440290,      0.00,      0.00,      0.00,      0.00,0,1,0,0,1,1,U2 
H5,840,2020,440311,      0.00,      0.00,      0.00,      0.00,0,1,0,0,1,1,U2 
H5,840,2020,440312,      0.00,      0.00,      0.00,      0.00,0,1,0,0,1,1,U2 
H5,840,2020,440321,      0.00,      0.00,      0.00,      0.00,0,1,0,0,1,1,U2 
H5,840,2020,440322,      0.00,      0.00,      0.00,      0.00,0,1,0,0,1,1,U2 
H5,840,2020,440323,      0.00,      0.00,      0.00,      0.00,0,1,0,0,1,1,U2 
H5,840,2020,440324,      0.00,      0.00,      0.00,      0.00,0,1,0,0,1,1,U2 
H5,840,2020,440325,      0.00,      0.00,      0.00,      0.00,0,1,0,0,1,1,U2 
H5,840,2020,440326,      0.00,      0.00,      0.00,      0.00,0,1,0,0,1,1,U2 
H5,840,2020,440341,      0.00,      0.00,      0.00,      0.00,0,1,0,0,1,1,U2 
H5,840,2020,440349,      0.00,      0.00,      0.00,      0.00,0,1,0,0,1,1,U2 
H5,840,2020,440391,      0.00,      0.00,      0.00,      0.00,0,1,0,0,1,1,U2 
H5,840,2020,440393,      0.00,      0.00,      0.00,      0.00,0,1,0,0,1,1,U2 
H5,840,2020,440394,      0.00,      0.00,      0.00,      0.00,0,1,0,0,1,1,U2 
H5,840,2020,440395,      0.00,      0.00,      0.00,      0.00,0,1,0,0,1,1,U2 
H5,840,2020,440396,      0.00,      0.00,      0.00,      0.00,0,1,0,0,1,1,U2 
H5,840,2020,440397,      0.00,      0.00,      0.00,      0.00,0,1,0,0,1,1,U2 
H5,840,2020,440398,      0.00,      0.00,      0.00,      0.00,0,1,0,0,1,1,U2 
H5,840,2020,440399,      0.00,      0.00,      0.00,      0.00,0,1,0,0,1,1,U2 
H5,840,2020,440410,      0.00,      0.00,      0.00,      0.00,0,1,0,0,1,1,U2 
H5,840,2020,440420,      0.00,      0.00,      0.00,      0.00,0,1,0,0,1,1,U2 
H5,840,2020,440500,      3.20,      3.20,      3.20,      3.20,0,0,0,1,1,1,U2 
H5,840,2020,440611,      0.00,      0.00,      0.00,      0.00,0,1,0,0,1,1,U2 
H5,840,2020,440612,      0.00,      0.00,      0.00,      0.00,0,1,0,0,1,1,U2 
H5,840,2020,440691,      0.00,      0.00,      0.00,      0.00,0,1,0,0,1,1,U2 
H5,840,2020,440692,      0.00,      0.00,      0.00,      0.00,0,1,0,0,1,1,U2 
H5,840,2020,440711,      0.00,      0.00,      0.00,      0.00,0,1,0,0,1,1,U2 
H5,840,2020,440712,      0.00,      0.00,      0.00,      0.00,0,1,0,0,1,1,U2 
H5,840,2020,440719,      0.00,      0.00,      0.00,      0.00,0,3,0,0,3,3,U2 
H5,840,2020,440721,      0.00,      0.00,      0.00,      0.00,0,1,0,0,1,1,U2 
H5,840,2020,440722,      0.00,      0.00,      0.00,      0.00,0,1,0,0,1,1,U2 
H5,840,2020,440725,      0.00,      0.00,      0.00,      0.00,0,1,0,0,1,1,U2 
H5,840,2020,440726,      0.00,      0.00,      0.00,      0.00,0,1,0,0,1,1,U2 
H5,840,2020,440727,      0.00,      0.00,      0.00,      0.00,0,1,0,0,1,1,U2 
H5,840,2020,440728,      0.00,      0.00,      0.00,      0.00,0,1,0,0,1,1,U2 
H5,840,2020,440729,      0.00,      0.00,      0.00,      0.00,0,1,0,0,1,1,U2 
H5,840,2020,440791,      0.00,      0.00,      0.00,      0.00,0,1,0,0,1,1,U2 
H5,840,2020,440792,      0.00,      0.00,      0.00,      0.00,0,1,0,0,1,1,U2 
H5,840,2020,440793,      0.00,      0.00,      0.00,      0.00,0,1,0,0,1,1,U2 
H5,840,2020,440794,      0.00,      0.00,      0.00,      0.00,0,1,0,0,1,1,U2 
H5,840,2020,440795,      0.00,      0.00,      0.00,      0.00,0,1,0,0,1,1,U2 
H5,840,2020,440796,      0.00,      0.00,      0.00,      0.00,0,1,0,0,1,1,U2 
H5,840,2020,440797,      0.00,      0.00,      0.00,      0.00,0,1,0,0,1,1,U2 
H5,840,2020,440799,      0.00,      0.00,      0.00,      0.00,0,1,0,0,1,1,U2 
H5,840,2020,440810,      0.00,      0.00,      0.00,      0.00,0,1,0,0,1,1,U2 
H5,840,2020,440831,      0.00,      0.00,      0.00,      0.00,0,1,0,0,1,1,U2 
H5,840,2020,440839,      0.00,      0.00,      0.00,      0.00,0,1,0,0,1,1,U2 
H5,840,2020,440890,      0.00,      0.00,      0.00,      0.00,0,1,0,0,1,1,U2 
H5,840,2020,440910,      8.10,      0.00,      4.90,      0.90,0,7,0,2,9,9,U2 
H5,840,2020,440921,      3.20,      0.00,      3.20,      1.60,0,1,0,1,2,2,U2 
H5,840,2020,440922,      8.10,      0.00,      4.90,      1.01,0,6,0,2,8,8,U2 
H5,840,2020,440929,      8.10,      0.00,      4.90,      1.01,0,6,0,2,8,8,U2 
H5,840,2020,441011,      0.00,      0.00,      0.00,      0.00,0,1,0,0,1,1,U2 
H5,840,2020,441012,      0.00,      0.00,      0.00,      0.00,0,1,0,0,1,1,U2 
H5,840,2020,441019,      0.00,      0.00,      0.00,      0.00,0,1,0,0,1,1,U2 
H5,840,2020,441090,      0.00,      0.00,      0.00,      0.00,0,1,0,0,1,1,U2 
H5,840,2020,441112,      9.14,      0.00,      5.24,      1.83,0,3,1,1,5,5,U2 
H5,840,2020,441113,      8.25,      0.00,      4.35,      1.65,0,3,1,1,5,5,U2 
H5,840,2020,441114,      9.35,      0.00,      5.45,      1.87,0,3,1,1,5,5,U2 
H5,840,2020,441192,      6.00,      0.00,      6.00,      1.50,0,3,0,1,4,4,U2 
H5,840,2020,441193,      7.59,      0.00,      3.90,      1.52,0,3,1,1,5,5,U2 
H5,840,2020,441194,      0.00,      0.00,      0.00,      0.00,0,1,0,0,1,1,U2 
H5,840,2020,441210,      8.00,      0.00,      8.00,      4.00,0,1,0,1,2,2,U2 
H5,840,2020,441231,     56.00,      0.00,      8.00,      7.00,0,1,0,7,8,8,U2 
H5,840,2020,441233,     21.10,      0.00,      8.00,      5.28,0,1,0,3,4,4,U2 
H5,840,2020,441234,     21.10,      5.10,      8.00,      7.03,0,0,0,3,3,3,U2 
H5,840,2020,441239,     16.50,      0.00,      8.00,      4.13,0,1,0,3,4,4,U2 
H5,840,2020,441294,     32.50,      0.00,      8.00,      3.61,0,4,0,5,9,9,U2 
H5,840,2020,441299,     32.50,      0.00,      8.00,      2.95,0,6,0,5,11,11,U2 
H5,840,2020,441300,      3.70,      3.70,      3.70,      3.70,0,0,0,1,1,1,U2 
H5,840,2020,441400,      3.90,      3.90,      3.90,      3.90,0,0,0,1,1,1,U2 
H5,840,2020,441510,     10.70,      0.00,     10.70,      3.57,0,2,0,1,3,3,U2 
H5,840,2020,441520,     10.70,      0.00,     10.70,      5.35,0,1,0,1,2,2,U2 
H5,840,2020,441600,      3.20,      0.00,      3.20,      1.07,0,2,0,1,3,3,U2 
H5,840,2020,441700,      5.10,      0.00,      5.10,      1.27,0,3,0,1,4,4,U2 
H5,840,2020,441810,      3.20,      3.20,      3.20,      3.20,0,0,0,1,1,1,U2 
H5,840,2020,441820,      9.60,      4.80,      4.80,      4.80,0,0,0,2,2,2,U2 
H5,840,2020,441840,      3.20,      3.20,      3.20,      3.20,0,0,0,1,1,1,U2 
H5,840,2020,441850,      0.00,      0.00,      0.00,      0.00,0,1,0,0,1,1,U2 
H5,840,2020,441860,      3.20,      3.20,      3.20,      3.20,0,0,0,1,1,1,U2 
H5,840,2020,441873,     19.40,      0.00,      8.00,      2.77,0,3,0,4,7,7,U2 
H5,840,2020,441874,      8.00,      0.00,      8.00,      2.67,0,2,0,1,3,3,U2 
H5,840,2020,441875,      8.20,      3.20,      5.00,      4.10,0,0,0,2,2,2,U2 
H5,840,2020,441879,      3.20,      3.20,      3.20,      3.20,0,0,0,1,1,1,U2 
H5,840,2020,441891,      3.20,      0.00,      3.20,      1.60,0,1,0,1,2,2,U2 
H5,840,2020,441899,      3.20,      0.00,      3.20,      1.60,0,1,0,1,2,2,U2 
H5,840,2020,441911,      3.20,      3.20,      3.20,      3.20,0,0,0,1,1,1,U2 
H5,840,2020,441912,      3.20,      3.20,      3.20,      3.20,0,0,0,1,1,1,U2 
H5,840,2020,441919,      8.50,      3.20,      5.30,      4.25,0,0,0,2,2,2,U2 
H5,840,2020,441990,      8.50,      3.20,      5.30,      4.25,0,0,0,2,2,2,U2 
H5,840,2020,442010,      3.20,      3.20,      3.20,      3.20,0,0,0,1,1,1,U2 
H5,840,2020,442090,      7.50,      0.00,      4.30,      1.88,0,2,0,2,4,4,U2 
H5,840,2020,442110,      3.20,      3.20,      3.20,      3.20,0,0,0,1,1,1,U2 
H5,840,2020,442191,     37.41,      0.00,     10.70,      2.88,0,6,1,6,13,13,U2 
H5,840,2020,442199,     38.61,      0.00,     10.70,      2.76,0,7,1,6,14,14,U2 
H5,840,2020,450110,      0.00,      0.00,      0.00,      0.00,0,1,0,0,1,1,U2 
H5,840,2020,450190,      0.00,      0.00,      0.00,      0.00,0,2,0,0,2,2,U2 
H5,840,2020,450200,      0.00,      0.00,      0.00,      0.00,0,1,0,0,1,1,U2 
H5,840,2020,450310,      0.00,      0.00,      0.00,      0.00,0,4,0,0,4,4,U2 
H5,840,2020,450390,     14.00,      0.00,     14.00,      4.67,0,2,0,1,3,3,U2 
H5,840,2020,450410,      0.00,      0.00,      0.00,      0.00,0,7,0,0,7,7,U2 
H5,840,2020,450490,      0.00,      0.00,      0.00,      0.00,0,1,0,0,1,1,U2 
H5,840,2020,460121,     11.30,      0.00,      8.00,      3.77,0,1,0,2,3,3,U2 
H5,840,2020,460122,     11.30,      0.00,      8.00,      3.77,0,1,0,2,3,3,U2 
H5,840,2020,460129,     16.10,      0.00,      8.00,      4.03,0,1,0,3,4,4,U2 
H5,840,2020,460192,      9.30,      2.70,      6.60,      4.65,0,0,0,2,2,2,U2 
H5,840,2020,460193,      9.30,      0.00,      6.60,      3.10,0,1,0,2,3,3,U2 
H5,840,2020,460194,      9.30,      0.00,      6.60,      3.10,0,1,0,2,3,3,U2 
H5,840,2020,460199,      6.00,      2.70,      3.30,      3.00,0,0,0,2,2,2,U2 
H5,840,2020,460211,     27.80,      0.00,     10.00,      4.63,0,2,0,4,6,6,U2 
H5,840,2020,460212,     43.60,      0.00,     18.00,      6.23,0,2,0,5,7,7,U2 
H5,840,2020,460219,     67.30,      0.00,     18.00,      4.81,0,4,0,10,14,14,U2 
H5,840,2020,460290,      3.50,      3.50,      3.50,      3.50,0,0,0,1,1,1,U2 
H5,840,2020,470100,      0.00,      0.00,      0.00,      0.00,0,1,0,0,1,1,U2 
H5,840,2020,470200,      0.00,      0.00,      0.00,      0.00,0,1,0,0,1,1,U2 
H5,840,2020,470311,      0.00,      0.00,      0.00,      0.00,0,1,0,0,1,1,U2 
H5,840,2020,470319,      0.00,      0.00,      0.00,      0.00,0,1,0,0,1,1,U2 
H5,840,2020,470321,      0.00,      0.00,      0.00,      0.00,0,1,0,0,1,1,U2 
H5,840,2020,470329,      0.00,      0.00,      0.00,      0.00,0,1,0,0,1,1,U2 
H5,840,2020,470411,      0.00,      0.00,      0.00,      0.00,0,1,0,0,1,1,U2 
H5,840,2020,470419,      0.00,      0.00,      0.00,      0.00,0,1,0,0,1,1,U2 
H5,840,2020,470421,      0.00,      0.00,      0.00,      0.00,0,1,0,0,1,1,U2 
H5,840,2020,470429,      0.00,      0.00,      0.00,      0.00,0,1,0,0,1,1,U2 
H5,840,2020,470500,      0.00,      0.00,      0.00,      0.00,0,1,0,0,1,1,U2 
H5,840,2020,470610,      0.00,      0.00,      0.00,      0.00,0,1,0,0,1,1,U2 
H5,840,2020,470620,      0.00,      0.00,      0.00,      0.00,0,1,0,0,1,1,U2 
H5,840,2020,470630,      0.00,      0.00,      0.00,      0.00,0,1,0,0,1,1,U2 
H5,840,2020,470691,      0.00,      0.00,      0.00,      0.00,0,1,0,0,1,1,U2 
H5,840,2020,470692,      0.00,      0.00,      0.00,      0.00,0,1,0,0,1,1,U2 
H5,840,2020,470693,      0.00,      0.00,      0.00,      0.00,0,1,0,0,1,1,U2 
H5,840,2020,470710,      0.00,      0.00,      0.00,      0.00,0,1,0,0,1,1,U2 
H5,840,2020,470720,      0.00,      0.00,      0.00,      0.00,0,1,0,0,1,1,U2 
H5,840,2020,470730,      0.00,      0.00,      0.00,      0.00,0,1,0,0,1,1,U2 
H5,840,2020,470790,      0.00,      0.00,      0.00,      0.00,0,1,0,0,1,1,U2 
H5,840,2020,480100,      0.00,      0.00,      0.00,      0.00,0,1,0,0,1,1,U2 
H5,840,2020,480210,      0.00,      0.00,      0.00,      0.00,0,1,0,0,1,1,U2 
H5,840,2020,480220,      0.00,      0.00,      0.00,      0.00,0,3,0,0,3,3,U2 
H5,840,2020,480240,      0.00,      0.00,      0.00,      0.00,0,1,0,0,1,1,U2 
H5,840,2020,480254,      0.00,      0.00,      0.00,      0.00,0,5,0,0,5,5,U2 
H5,840,2020,480255,      0.00,      0.00,      0.00,      0.00,0,6,0,0,6,6,U2 
H5,840,2020,480256,      0.00,      0.00,      0.00,      0.00,0,6,0,0,6,6,U2 
H5,840,2020,480257,      0.00,      0.00,      0.00,      0.00,0,4,0,0,4,4,U2 
H5,840,2020,480258,      0.00,      0.00,      0.00,      0.00,0,4,0,0,4,4,U2 
H5,840,2020,480261,      0.00,      0.00,      0.00,      0.00,0,5,0,0,5,5,U2 
H5,840,2020,480262,      0.00,      0.00,      0.00,      0.00,0,5,0,0,5,5,U2 
H5,840,2020,480269,      0.00,      0.00,      0.00,      0.00,0,3,0,0,3,3,U2 
H5,840,2020,480300,      0.00,      0.00,      0.00,      0.00,0,2,0,0,2,2,U2 
H5,840,2020,480411,      0.00,      0.00,      0.00,      0.00,0,1,0,0,1,1,U2 
H5,840,2020,480419,      0.00,      0.00,      0.00,      0.00,0,1,0,0,1,1,U2 
H5,840,2020,480421,      0.00,      0.00,      0.00,      0.00,0,1,0,0,1,1,U2 
H5,840,2020,480429,      0.00,      0.00,      0.00,      0.00,0,1,0,0,1,1,U2 
H5,840,2020,480431,      0.00,      0.00,      0.00,      0.00,0,4,0,0,4,4,U2 
H5,840,2020,480439,      0.00,      0.00,      0.00,      0.00,0,3,0,0,3,3,U2 
H5,840,2020,480441,      0.00,      0.00,      0.00,      0.00,0,2,0,0,2,2,U2 
H5,840,2020,480442,      0.00,      0.00,      0.00,      0.00,0,1,0,0,1,1,U2 
H5,840,2020,480449,      0.00,      0.00,      0.00,      0.00,0,1,0,0,1,1,U2 
H5,840,2020,480451,      0.00,      0.00,      0.00,      0.00,0,1,0,0,1,1,U2 
H5,840,2020,480452,      0.00,      0.00,      0.00,      0.00,0,1,0,0,1,1,U2 
H5,840,2020,480459,      0.00,      0.00,      0.00,      0.00,0,1,0,0,1,1,U2 
H5,840,2020,480511,      0.00,      0.00,      0.00,      0.00,0,1,0,0,1,1,U2 
H5,840,2020,480512,      0.00,      0.00,      0.00,      0.00,0,2,0,0,2,2,U2 
H5,840,2020,480519,      0.00,      0.00,      0.00,      0.00,0,2,0,0,2,2,U2 
H5,840,2020,480524,      0.00,      0.00,      0.00,      0.00,0,3,0,0,3,3,U2 
H5,840,2020,480525,      0.00,      0.00,      0.00,      0.00,0,1,0,0,1,1,U2 
H5,840,2020,480530,      0.00,      0.00,      0.00,      0.00,0,1,0,0,1,1,U2 
H5,840,2020,480540,      0.00,      0.00,      0.00,      0.00,0,1,0,0,1,1,U2 
H5,840,2020,480550,      0.00,      0.00,      0.00,      0.00,0,1,0,0,1,1,U2 
H5,840,2020,480591,      0.00,      0.00,      0.00,      0.00,0,5,0,0,5,5,U2 
H5,840,2020,480592,      0.00,      0.00,      0.00,      0.00,0,2,0,0,2,2,U2 
H5,840,2020,480593,      0.00,      0.00,      0.00,      0.00,0,2,0,0,2,2,U2 
H5,840,2020,480610,      0.00,      0.00,      0.00,      0.00,0,1,0,0,1,1,U2 
H5,840,2020,480620,      0.00,      0.00,      0.00,      0.00,0,1,0,0,1,1,U2 
H5,840,2020,480630,      0.00,      0.00,      0.00,      0.00,0,1,0,0,1,1,U2 
H5,840,2020,480640,      0.00,      0.00,      0.00,      0.00,0,1,0,0,1,1,U2 
H5,840,2020,480700,      0.00,      0.00,      0.00,      0.00,0,4,0,0,4,4,U2 
H5,840,2020,480810,      0.00,      0.00,      0.00,      0.00,0,1,0,0,1,1,U2 
H5,840,2020,480840,      0.00,      0.00,      0.00,      0.00,0,1,0,0,1,1,U2 
H5,840,2020,480890,      0.00,      0.00,      0.00,      0.00,0,3,0,0,3,3,U2 
H5,840,2020,480920,      0.00,      0.00,      0.00,      0.00,0,2,0,0,2,2,U2 
H5,840,2020,480990,      0.00,      0.00,      0.00,      0.00,0,5,0,0,5,5,U2 
H5,840,2020,481013,      0.00,      0.00,      0.00,      0.00,0,7,0,0,7,7,U2 
H5,840,2020,481014,      0.00,      0.00,      0.00,      0.00,0,7,0,0,7,7,U2 
H5,840,2020,481019,      0.00,      0.00,      0.00,      0.00,0,4,0,0,4,4,U2 
H5,840,2020,481022,      0.00,      0.00,      0.00,      0.00,0,4,0,0,4,4,U2 
H5,840,2020,481029,      0.00,      0.00,      0.00,      0.00,0,4,0,0,4,4,U2 
H5,840,2020,481031,      0.00,      0.00,      0.00,      0.00,0,3,0,0,3,3,U2 
H5,840,2020,481032,      0.00,      0.00,      0.00,      0.00,0,3,0,0,3,3,U2 
H5,840,2020,481039,      0.00,      0.00,      0.00,      0.00,0,4,0,0,4,4,U2 
H5,840,2020,481092,      0.00,      0.00,      0.00,      0.00,0,4,0,0,4,4,U2 
H5,840,2020,481099,      0.00,      0.00,      0.00,      0.00,0,3,0,0,3,3,U2 
H5,840,2020,481110,      0.00,      0.00,      0.00,      0.00,0,2,0,0,2,2,U2 
H5,840,2020,481141,      0.00,      0.00,      0.00,      0.00,0,3,0,0,3,3,U2 
H5,840,2020,481149,      0.00,      0.00,      0.00,      0.00,0,3,0,0,3,3,U2 
H5,840,2020,481151,      0.00,      0.00,      0.00,      0.00,0,3,0,0,3,3,U2 
H5,840,2020,481159,      0.00,      0.00,      0.00,      0.00,0,3,0,0,3,3,U2 
H5,840,2020,481160,      0.00,      0.00,      0.00,      0.00,0,2,0,0,2,2,U2 
H5,840,2020,481190,      0.00,      0.00,      0.00,      0.00,0,7,0,0,7,7,U2 
H5,840,2020,481200,      0.00,      0.00,      0.00,      0.00,0,1,0,0,1,1,U2 
H5,840,2020,481310,      0.00,      0.00,      0.00,      0.00,0,1,0,0,1,1,U2 
H5,840,2020,481320,      0.00,      0.00,      0.00,      0.00,0,1,0,0,1,1,U2 
H5,840,2020,481390,      0.00,      0.00,      0.00,      0.00,0,1,0,0,1,1,U2 
H5,840,2020,481420,      0.00,      0.00,      0.00,      0.00,0,1,0,0,1,1,U2 
H5,840,2020,481490,      0.00,      0.00,      0.00,      0.00,0,1,0,0,1,1,U2 
H5,840,2020,481620,      0.00,      0.00,      0.00,      0.00,0,1,0,0,1,1,U2 
H5,840,2020,481690,      0.00,      0.00,      0.00,      0.00,0,1,0,0,1,1,U2 
H5,840,2020,481710,      0.00,      0.00,      0.00,      0.00,0,1,0,0,1,1,U2 
H5,840,2020,481720,      0.00,      0.00,      0.00,      0.00,0,2,0,0,2,2,U2 
H5,840,2020,481730,      0.00,      0.00,      0.00,      0.00,0,1,0,0,1,1,U2 
H5,840,2020,481810,      0.00,      0.00,      0.00,      0.00,0,1,0,0,1,1,U2 
H5,840,2020,481820,      0.00,      0.00,      0.00,      0.00,0,1,0,0,1,1,U2 
H5,840,2020,481830,      0.00,      0.00,      0.00,      0.00,0,1,0,0,1,1,U2 
H5,840,2020,481850,      0.00,      0.00,      0.00,      0.00,0,1,0,0,1,1,U2 
H5,840,2020,481890,      0.00,      0.00,      0.00,      0.00,0,1,0,0,1,1,U2 
H5,840,2020,481910,      0.00,      0.00,      0.00,      0.00,0,1,0,0,1,1,U2 
H5,840,2020,481920,      0.00,      0.00,      0.00,      0.00,0,1,0,0,1,1,U2 
H5,840,2020,481930,      0.00,      0.00,      0.00,      0.00,0,1,0,0,1,1,U2 
H5,840,2020,481940,      0.00,      0.00,      0.00,      0.00,0,1,0,0,1,1,U2 
H5,840,2020,481950,      0.00,      0.00,      0.00,      0.00,0,3,0,0,3,3,U2 
H5,840,2020,481960,      0.00,      0.00,      0.00,      0.00,0,1,0,0,1,1,U2 
H5,840,2020,482010,      0.00,      0.00,      0.00,      0.00,0,2,0,0,2,2,U2 
H5,840,2020,482020,      0.00,      0.00,      0.00,      0.00,0,1,0,0,1,1,U2 
H5,840,2020,482030,      0.00,      0.00,      0.00,      0.00,0,1,0,0,1,1,U2 
H5,840,2020,482040,      0.00,      0.00,      0.00,      0.00,0,1,0,0,1,1,U2 
H5,840,2020,482050,      0.00,      0.00,      0.00,      0.00,0,1,0,0,1,1,U2 
H5,840,2020,482090,      0.00,      0.00,      0.00,      0.00,0,1,0,0,1,1,U2 
H5,840,2020,482110,      0.00,      0.00,      0.00,      0.00,0,2,0,0,2,2,U2 
H5,840,2020,482190,      0.00,      0.00,      0.00,      0.00,0,2,0,0,2,2,U2 
H5,840,2020,482210,      0.00,      0.00,      0.00,      0.00,0,1,0,0,1,1,U2 
H5,840,2020,482290,      0.00,      0.00,      0.00,      0.00,0,1,0,0,1,1,U2 
H5,840,2020,482320,      0.00,      0.00,      0.00,      0.00,0,2,0,0,2,2,U2 
H5,840,2020,482340,      0.00,      0.00,      0.00,      0.00,0,1,0,0,1,1,U2 
H5,840,2020,482361,      0.00,      0.00,      0.00,      0.00,0,1,0,0,1,1,U2 
H5,840,2020,482369,      0.00,      0.00,      0.00,      0.00,0,1,0,0,1,1,U2 
H5,840,2020,482370,      0.00,      0.00,      0.00,      0.00,0,1,0,0,1,1,U2 
H5,840,2020,482390,      0.00,      0.00,      0.00,      0.00,0,10,0,0,10,10,U2 
H5,840,2020,490110,      0.00,      0.00,      0.00,      0.00,0,1,0,0,1,1,U2 
H5,840,2020,490191,      0.00,      0.00,      0.00,      0.00,0,1,0,0,1,1,U2 
H5,840,2020,490199,      0.00,      0.00,      0.00,      0.00,0,1,0,0,1,1,U2 
H5,840,2020,490210,      0.00,      0.00,      0.00,      0.00,0,1,0,0,1,1,U2 
H5,840,2020,490290,      0.00,      0.00,      0.00,      0.00,0,2,0,0,2,2,U2 
H5,840,2020,490300,      0.00,      0.00,      0.00,      0.00,0,1,0,0,1,1,U2 
H5,840,2020,490400,      0.00,      0.00,      0.00,      0.00,0,1,0,0,1,1,U2 
H5,840,2020,490510,      0.00,      0.00,      0.00,      0.00,0,1,0,0,1,1,U2 
H5,840,2020,490591,      0.00,      0.00,      0.00,      0.00,0,1,0,0,1,1,U2 
H5,840,2020,490599,      0.00,      0.00,      0.00,      0.00,0,1,0,0,1,1,U2 
H5,840,2020,490600,      0.00,      0.00,      0.00,      0.00,0,1,0,0,1,1,U2 
H5,840,2020,490700,      0.00,      0.00,      0.00,      0.00,0,1,0,0,1,1,U2 
H5,840,2020,490810,      0.00,      0.00,      0.00,      0.00,0,1,0,0,1,1,U2 
H5,840,2020,490890,      0.00,      0.00,      0.00,      0.00,0,1,0,0,1,1,U2 
H5,840,2020,490900,      0.00,      0.00,      0.00,      0.00,0,2,0,0,2,2,U2 
H5,840,2020,491000,      0.00,      0.00,      0.00,      0.00,0,3,0,0,3,3,U2 
H5,840,2020,491110,      0.00,      0.00,      0.00,      0.00,0,1,0,0,1,1,U2 
H5,840,2020,491191,      0.00,      0.00,      0.00,      0.00,0,5,0,0,5,5,U2 
H5,840,2020,491199,      0.00,      0.00,      0.00,      0.00,0,3,0,0,3,3,U2 
H5,840,2020,500100,      0.00,      0.00,      0.00,      0.00,0,1,0,0,1,1,U2 
H5,840,2020,500200,      0.00,      0.00,      0.00,      0.00,0,1,0,0,1,1,U2 
H5,840,2020,500300,      2.50,      0.00,      2.50,      1.25,0,1,0,1,2,2,U2 
H5,840,2020,500400,      0.00,      0.00,      0.00,      0.00,0,1,0,0,1,1,U2 
H5,840,2020,500500,      0.00,      0.00,      0.00,      0.00,0,1,0,0,1,1,U2 
H5,840,2020,500600,      0.00,      0.00,      0.00,      0.00,0,2,0,0,2,2,U2 
H5,840,2020,500710,      4.70,      0.80,      3.90,      2.35,0,0,0,2,2,2,U2 
H5,840,2020,500720,      0.00,      0.00,      0.00,      0.00,0,1,0,0,1,1,U2 
H5,840,2020,500790,      4.70,      0.80,      3.90,      2.35,0,0,0,2,2,2,U2 
H5,840,2020,510111,      2.09,      0.00,      2.09,      0.42,0,4,1,0,5,5,U2 
H5,840,2020,510119,      4.40,      0.00,      4.40,      0.88,0,4,1,0,5,5,U2 
H5,840,2020,510121,     15.44,      0.00,      7.73,      2.21,0,5,2,0,7,7,U2 
H5,840,2020,510129,     20.96,      0.00,     11.90,      2.99,0,5,2,0,7,7,U2 
H5,840,2020,510130,      8.25,      0.00,      5.92,      1.37,0,4,2,0,6,6,U2 
H5,840,2020,510211,      4.10,      0.05,      4.05,      2.05,0,0,2,0,2,2,U2 
H5,840,2020,510219,      4.87,      0.00,      4.23,      1.22,0,1,2,1,4,4,U2 
H5,840,2020,510220,      0.00,      0.00,      0.00,      0.00,0,1,0,0,1,1,U2 
H5,840,2020,510310,      0.49,      0.49,      0.49,      0.49,0,0,1,0,1,1,U2 
H5,840,2020,510320,      1.19,      1.19,      1.19,      1.19,0,0,1,0,1,1,U2 
H5,840,2020,510330,      7.00,      7.00,      7.00,      7.00,0,0,0,1,1,1,U2 
H5,840,2020,510400,      0.00,      0.00,      0.00,      0.00,0,1,0,0,1,1,U2 
H5,840,2020,510510,      6.25,      6.25,      6.25,      6.25,0,0,1,0,1,1,U2 
H5,840,2020,510521,      3.28,      3.28,      3.28,      3.28,0,0,1,0,1,1,U2 
H5,840,2020,510529,      3.39,      3.39,      3.39,      3.39,0,0,1,0,1,1,U2 
H5,840,2020,510531,      5.59,      5.59,      5.59,      5.59,0,0,1,0,1,1,U2 
H5,840,2020,510539,      5.82,      5.82,      5.82,      5.82,0,0,1,0,1,1,U2 
H5,840,2020,510540,      0.00,      0.00,      0.00,      0.00,0,1,0,0,1,1,U2 
H5,840,2020,510610,      6.00,      6.00,      6.00,      6.00,0,0,0,1,1,1,U2 
H5,840,2020,510620,      6.00,      6.00,      6.00,      6.00,0,0,0,1,1,1,U2 
H5,840,2020,510710,     12.00,      6.00,      6.00,      6.00,0,0,0,2,2,2,U2 
H5,840,2020,510720,     12.00,      6.00,      6.00,      6.00,0,0,0,2,2,2,U2 
H5,840,2020,510810,     12.00,      4.00,      4.00,      4.00,0,0,0,3,3,3,U2 
H5,840,2020,510820,     12.00,      4.00,      4.00,      4.00,0,0,0,3,3,3,U2 
H5,840,2020,510910,     16.00,      0.00,      6.00,      4.00,0,1,0,3,4,4,U2 
H5,840,2020,510990,     16.00,      0.00,      6.00,      4.00,0,1,0,3,4,4,U2 
H5,840,2020,511000,      0.00,      0.00,      0.00,      0.00,0,1,0,0,1,1,U2 
H5,840,2020,511111,     42.00,      7.00,     25.00,     14.00,0,0,0,3,3,3,U2 
H5,840,2020,511119,     42.00,      7.00,     25.00,     14.00,0,0,0,3,3,3,U2 
H5,840,2020,511120,     39.00,      7.00,     25.00,     13.00,0,0,0,3,3,3,U2 
H5,840,2020,511130,     39.00,      7.00,     25.00,     13.00,0,0,0,3,3,3,U2 
H5,840,2020,511190,     45.90,      6.90,     25.00,     11.48,0,0,0,4,4,4,U2 
H5,840,2020,511211,     57.00,      7.00,     25.00,     19.00,0,0,0,3,3,3,U2 
H5,840,2020,511219,     57.00,      7.00,     25.00,     19.00,0,0,0,3,3,3,U2 
H5,840,2020,511220,     39.00,      7.00,     25.00,     13.00,0,0,0,3,3,3,U2 
H5,840,2020,511230,     39.00,      7.00,     25.00,     13.00,0,0,0,3,3,3,U2 
H5,840,2020,511290,     45.90,      6.90,     25.00,     11.48,0,0,0,4,4,4,U2 
H5,840,2020,511300,      2.70,      2.70,      2.70,      2.70,0,0,0,1,1,1,U2 
H5,840,2020,520100,     77.78,      0.00,     17.22,      6.48,0,3,9,0,12,12,U2 
H5,840,2020,520210,      0.00,      0.00,      0.00,      0.00,0,1,0,0,1,1,U2 
H5,840,2020,520291,      4.30,      4.30,      4.30,      4.30,0,0,0,1,1,1,U2 
H5,840,2020,520299,      7.50,      0.00,      7.50,      1.87,0,3,1,0,4,4,U2 
H5,840,2020,520300,     30.27,      4.30,     15.97,      7.57,0,0,1,3,4,4,U2 
H5,840,2020,520411,      4.40,      4.40,      4.40,      4.40,0,0,0,1,1,1,U2 
H5,840,2020,520419,      4.40,      4.40,      4.40,      4.40,0,0,0,1,1,1,U2 
H5,840,2020,520420,      4.40,      4.40,      4.40,      4.40,0,0,0,1,1,1,U2 
H5,840,2020,520511,      8.70,      3.70,      5.00,      4.35,0,0,0,2,2,2,U2 
H5,840,2020,520512,     11.70,      5.20,      6.50,      5.85,0,0,0,2,2,2,U2 
H5,840,2020,520513,     13.80,      6.50,      7.30,      6.90,0,0,0,2,2,2,U2 
H5,840,2020,520514,     16.50,      7.80,      8.70,      8.25,0,0,0,2,2,2,U2 
H5,840,2020,520515,     21.90,      9.90,     12.00,     10.95,0,0,0,2,2,2,U2 
H5,840,2020,520521,      5.80,      5.80,      5.80,      5.80,0,0,0,1,1,1,U2 
H5,840,2020,520522,      7.30,      7.30,      7.30,      7.30,0,0,0,1,1,1,U2 
H5,840,2020,520523,      8.60,      8.60,      8.60,      8.60,0,0,0,1,1,1,U2 
H5,840,2020,520524,      9.90,      9.90,      9.90,      9.90,0,0,0,1,1,1,U2 
H5,840,2020,520526,     12.00,     12.00,     12.00,     12.00,0,0,0,1,1,1,U2 
H5,840,2020,520527,     12.00,     12.00,     12.00,     12.00,0,0,0,1,1,1,U2 
H5,840,2020,520528,     12.00,     12.00,     12.00,     12.00,0,0,0,1,1,1,U2 
H5,840,2020,520531,      5.80,      5.80,      5.80,      5.80,0,0,0,1,1,1,U2 
H5,840,2020,520532,      7.30,      7.30,      7.30,      7.30,0,0,0,1,1,1,U2 
H5,840,2020,520533,      8.60,      8.60,      8.60,      8.60,0,0,0,1,1,1,U2 
H5,840,2020,520534,      9.90,      9.90,      9.90,      9.90,0,0,0,1,1,1,U2 
H5,840,2020,520535,     12.00,     12.00,     12.00,     12.00,0,0,0,1,1,1,U2 
H5,840,2020,520541,      5.00,      5.00,      5.00,      5.00,0,0,0,1,1,1,U2 
H5,840,2020,520542,      6.50,      6.50,      6.50,      6.50,0,0,0,1,1,1,U2 
H5,840,2020,520543,      8.60,      8.60,      8.60,      8.60,0,0,0,1,1,1,U2 
H5,840,2020,520544,      9.90,      9.90,      9.90,      9.90,0,0,0,1,1,1,U2 
H5,840,2020,520546,     12.00,     12.00,     12.00,     12.00,0,0,0,1,1,1,U2 
H5,840,2020,520547,     12.00,     12.00,     12.00,     12.00,0,0,0,1,1,1,U2 
H5,840,2020,520548,     12.00,     12.00,     12.00,     12.00,0,0,0,1,1,1,U2 
H5,840,2020,520611,      9.20,      9.20,      9.20,      9.20,0,0,0,1,1,1,U2 
H5,840,2020,520612,      9.20,      9.20,      9.20,      9.20,0,0,0,1,1,1,U2 
H5,840,2020,520613,      9.20,      9.20,      9.20,      9.20,0,0,0,1,1,1,U2 
H5,840,2020,520614,      9.20,      9.20,      9.20,      9.20,0,0,0,1,1,1,U2 
H5,840,2020,520615,      9.20,      9.20,      9.20,      9.20,0,0,0,1,1,1,U2 
H5,840,2020,520621,      9.20,      9.20,      9.20,      9.20,0,0,0,1,1,1,U2 
H5,840,2020,520622,      9.20,      9.20,      9.20,      9.20,0,0,0,1,1,1,U2 
H5,840,2020,520623,      9.20,      9.20,      9.20,      9.20,0,0,0,1,1,1,U2 
H5,840,2020,520624,      9.20,      9.20,      9.20,      9.20,0,0,0,1,1,1,U2 
H5,840,2020,520625,      9.20,      9.20,      9.20,      9.20,0,0,0,1,1,1,U2 
H5,840,2020,520631,      9.20,      9.20,      9.20,      9.20,0,0,0,1,1,1,U2 
H5,840,2020,520632,      9.20,      9.20,      9.20,      9.20,0,0,0,1,1,1,U2 
H5,840,2020,520633,      9.20,      9.20,      9.20,      9.20,0,0,0,1,1,1,U2 
H5,840,2020,520634,      9.20,      9.20,      9.20,      9.20,0,0,0,1,1,1,U2 
H5,840,2020,520635,      9.20,      9.20,      9.20,      9.20,0,0,0,1,1,1,U2 
H5,840,2020,520641,      9.20,      9.20,      9.20,      9.20,0,0,0,1,1,1,U2 
H5,840,2020,520642,      9.20,      9.20,      9.20,      9.20,0,0,0,1,1,1,U2 
H5,840,2020,520643,      9.20,      9.20,      9.20,      9.20,0,0,0,1,1,1,U2 
H5,840,2020,520644,      9.20,      9.20,      9.20,      9.20,0,0,0,1,1,1,U2 
H5,840,2020,520645,      9.20,      9.20,      9.20,      9.20,0,0,0,1,1,1,U2 
H5,840,2020,520710,      0.00,      0.00,      0.00,      0.00,0,1,0,0,1,1,U2 
H5,840,2020,520790,      5.00,      5.00,      5.00,      5.00,0,0,0,1,1,1,U2 
H5,840,2020,520811,     26.50,      0.00,     10.50,      6.63,0,1,0,3,4,4,U2 
H5,840,2020,520812,     26.50,      7.00,     10.50,      8.83,0,0,0,3,3,3,U2 
H5,840,2020,520813,      7.90,      7.90,      7.90,      7.90,0,0,0,1,1,1,U2 
H5,840,2020,520819,     34.40,      7.00,     10.50,      8.60,0,0,0,4,4,4,U2 
H5,840,2020,520821,     30.10,      8.40,     11.50,     10.03,0,0,0,3,3,3,U2 
H5,840,2020,520822,     28.60,      8.40,     11.50,      9.53,0,0,0,3,3,3,U2 
H5,840,2020,520823,      9.10,      9.10,      9.10,      9.10,0,0,0,1,1,1,U2 
H5,840,2020,520829,     39.80,      7.70,     13.50,      9.95,0,0,0,4,4,4,U2 
H5,840,2020,520831,     33.30,      3.00,     12.50,      8.32,0,0,0,4,4,4,U2 
H5,840,2020,520832,     32.20,      3.00,     12.50,      8.05,0,0,0,4,4,4,U2 
H5,840,2020,520833,     10.30,     10.30,     10.30,     10.30,0,0,0,1,1,1,U2 
H5,840,2020,520839,     38.00,      7.00,     12.50,      9.50,0,0,0,4,4,4,U2 
H5,840,2020,520841,     37.20,      3.00,     14.70,      9.30,0,0,0,4,4,4,U2 
H5,840,2020,520842,     37.20,      3.00,     14.70,      9.30,0,0,0,4,4,4,U2 
H5,840,2020,520843,      0.00,      0.00,      0.00,      0.00,0,1,0,0,1,1,U2 
H5,840,2020,520849,     32.50,      0.00,     14.70,      8.13,0,1,0,3,4,4,U2 
H5,840,2020,520851,     35.00,      3.00,     12.50,      8.75,0,0,0,4,4,4,U2 
H5,840,2020,520852,     32.90,      3.00,     12.50,      8.23,0,0,0,4,4,4,U2 
H5,840,2020,520859,     46.20,      6.00,     11.40,      9.24,0,0,0,5,5,5,U2 
H5,840,2020,520911,      6.50,      6.50,      6.50,      6.50,0,0,0,1,1,1,U2 
H5,840,2020,520912,      6.50,      6.50,      6.50,      6.50,0,0,0,1,1,1,U2 
H5,840,2020,520919,      6.50,      6.50,      6.50,      6.50,0,0,0,1,1,1,U2 
H5,840,2020,520921,      7.70,      7.70,      7.70,      7.70,0,0,0,1,1,1,U2 
H5,840,2020,520922,      7.70,      7.70,      7.70,      7.70,0,0,0,1,1,1,U2 
H5,840,2020,520929,      7.70,      7.70,      7.70,      7.70,0,0,0,1,1,1,U2 
H5,840,2020,520931,     11.40,      3.00,      8.40,      5.70,0,0,0,2,2,2,U2 
H5,840,2020,520932,      8.40,      8.40,      8.40,      8.40,0,0,0,1,1,1,U2 
H5,840,2020,520939,      8.40,      8.40,      8.40,      8.40,0,0,0,1,1,1,U2 
H5,840,2020,520941,     10.50,      3.00,      7.50,      5.25,0,0,0,2,2,2,U2 
H5,840,2020,520942,      8.40,      8.40,      8.40,      8.40,0,0,0,1,1,1,U2 
H5,840,2020,520943,      8.40,      8.40,      8.40,      8.40,0,0,0,1,1,1,U2 
H5,840,2020,520949,      8.40,      8.40,      8.40,      8.40,0,0,0,1,1,1,U2 
H5,840,2020,520951,     11.40,      3.00,      8.40,      5.70,0,0,0,2,2,2,U2 
H5,840,2020,520952,      8.40,      8.40,      8.40,      8.40,0,0,0,1,1,1,U2 
H5,840,2020,520959,      8.40,      8.40,      8.40,      8.40,0,0,0,1,1,1,U2 
H5,840,2020,521011,     32.10,      8.40,     13.50,     10.70,0,0,0,3,3,3,U2 
H5,840,2020,521019,     45.50,      8.40,     10.20,      9.10,0,0,0,5,5,5,U2 
H5,840,2020,521021,     32.00,      8.10,     12.50,     10.67,0,0,0,3,3,3,U2 
H5,840,2020,521029,     54.80,      8.10,     14.70,     10.96,0,0,0,5,5,5,U2 
H5,840,2020,521031,     37.70,     10.00,     15.50,     12.57,0,0,0,3,3,3,U2 
H5,840,2020,521032,     10.00,     10.00,     10.00,     10.00,0,0,0,1,1,1,U2 
H5,840,2020,521039,     43.40,      8.80,     12.40,     10.85,0,0,0,4,4,4,U2 
H5,840,2020,521041,     37.70,     10.00,     15.50,     12.57,0,0,0,3,3,3,U2 
H5,840,2020,521049,     55.90,     10.00,     15.50,     11.18,0,0,0,5,5,5,U2 
H5,840,2020,521051,     37.70,     10.00,     15.50,     12.57,0,0,0,3,3,3,U2 
H5,840,2020,521059,     47.00,      7.80,     10.40,      9.40,0,0,0,5,5,5,U2 
H5,840,2020,521111,      7.70,      7.70,      7.70,      7.70,0,0,0,1,1,1,U2 
H5,840,2020,521112,      7.70,      7.70,      7.70,      7.70,0,0,0,1,1,1,U2 
H5,840,2020,521119,      7.70,      7.70,      7.70,      7.70,0,0,0,1,1,1,U2 
H5,840,2020,521120,     25.20,      8.40,      8.40,      8.40,0,0,0,3,3,3,U2 
H5,840,2020,521131,      8.10,      8.10,      8.10,      8.10,0,0,0,1,1,1,U2 
H5,840,2020,521132,      8.10,      8.10,      8.10,      8.10,0,0,0,1,1,1,U2 
H5,840,2020,521139,      8.10,      8.10,      8.10,      8.10,0,0,0,1,1,1,U2 
H5,840,2020,521141,      8.10,      8.10,      8.10,      8.10,0,0,0,1,1,1,U2 
H5,840,2020,521142,      8.10,      8.10,      8.10,      8.10,0,0,0,1,1,1,U2 
H5,840,2020,521143,      8.10,      8.10,      8.10,      8.10,0,0,0,1,1,1,U2 
H5,840,2020,521149,      8.10,      8.10,      8.10,      8.10,0,0,0,1,1,1,U2 
H5,840,2020,521151,      0.00,      0.00,      0.00,      0.00,0,1,0,0,1,1,U2 
H5,840,2020,521152,      8.10,      8.10,      8.10,      8.10,0,0,0,1,1,1,U2 
H5,840,2020,521159,      8.10,      8.10,      8.10,      8.10,0,0,0,1,1,1,U2 
H5,840,2020,521211,     24.30,      7.80,     16.50,     12.15,0,0,0,2,2,2,U2 
H5,840,2020,521212,     24.30,      7.80,     16.50,     12.15,0,0,0,2,2,2,U2 
H5,840,2020,521213,     24.30,      7.80,     16.50,     12.15,0,0,0,2,2,2,U2 
H5,840,2020,521214,     24.30,      7.80,     16.50,     12.15,0,0,0,2,2,2,U2 
H5,840,2020,521215,      7.80,      0.00,      7.80,      3.90,0,1,0,1,2,2,U2 
H5,840,2020,521221,     24.30,      7.80,     16.50,     12.15,0,0,0,2,2,2,U2 
H5,840,2020,521222,     24.30,      7.80,     16.50,     12.15,0,0,0,2,2,2,U2 
H5,840,2020,521223,     24.30,      7.80,     16.50,     12.15,0,0,0,2,2,2,U2 
H5,840,2020,521224,     24.30,      7.80,     16.50,     12.15,0,0,0,2,2,2,U2 
H5,840,2020,521225,      0.00,      0.00,      0.00,      0.00,0,2,0,0,2,2,U2 
H5,840,2020,530110,      0.00,      0.00,      0.00,      0.00,0,1,0,0,1,1,U2 
H5,840,2020,530121,      0.06,      0.06,      0.06,      0.06,0,0,1,0,1,1,U2 
H5,840,2020,530129,      3.80,      3.80,      3.80,      3.80,0,0,0,1,1,1,U2 
H5,840,2020,530130,      0.00,      0.00,      0.00,      0.00,0,1,0,0,1,1,U2 
H5,840,2020,530210,      0.00,      0.00,      0.00,      0.00,0,1,0,0,1,1,U2 
H5,840,2020,530290,      0.00,      0.00,      0.00,      0.00,0,1,0,0,1,1,U2 
H5,840,2020,530310,      0.00,      0.00,      0.00,      0.00,0,1,0,0,1,1,U2 
H5,840,2020,530390,      0.00,      0.00,      0.00,      0.00,0,1,0,0,1,1,U2 
H5,840,2020,530500,      0.00,      0.00,      0.00,      0.00,0,1,0,0,1,1,U2 
H5,840,2020,530610,      0.00,      0.00,      0.00,      0.00,0,1,0,0,1,1,U2 
H5,840,2020,530620,      0.00,      0.00,      0.00,      0.00,0,1,0,0,1,1,U2 
H5,840,2020,530710,      0.00,      0.00,      0.00,      0.00,0,1,0,0,1,1,U2 
H5,840,2020,530720,      0.00,      0.00,      0.00,      0.00,0,1,0,0,1,1,U2 
H5,840,2020,530810,      0.00,      0.00,      0.00,      0.00,0,1,0,0,1,1,U2 
H5,840,2020,530820,      0.00,      0.00,      0.00,      0.00,0,1,0,0,1,1,U2 
H5,840,2020,530890,      2.70,      0.00,      2.70,      1.35,0,1,0,1,2,2,U2 
H5,840,2020,530911,      0.00,      0.00,      0.00,      0.00,0,1,0,0,1,1,U2 
H5,840,2020,530919,      0.00,      0.00,      0.00,      0.00,0,1,0,0,1,1,U2 
H5,840,2020,530921,     21.40,      0.00,     14.50,      7.13,0,1,0,2,3,3,U2 
H5,840,2020,530929,     14.50,      0.00,     14.50,      4.83,0,2,0,1,3,3,U2 
H5,840,2020,531010,      0.00,      0.00,      0.00,      0.00,0,1,0,0,1,1,U2 
H5,840,2020,531090,      0.00,      0.00,      0.00,      0.00,0,1,0,0,1,1,U2 
H5,840,2020,531100,     17.20,      0.00,     14.50,      4.30,0,2,0,2,4,4,U2 
H5,840,2020,540110,     11.40,     11.40,     11.40,     11.40,0,0,0,1,1,1,U2 
H5,840,2020,540120,     11.40,     11.40,     11.40,     11.40,0,0,0,1,1,1,U2 
H5,840,2020,540211,     16.80,      8.00,      8.80,      8.40,0,0,0,2,2,2,U2 
H5,840,2020,540219,     16.80,      8.00,      8.80,      8.40,0,0,0,2,2,2,U2 
H5,840,2020,540220,     16.30,      7.50,      8.80,      8.15,0,0,0,2,2,2,U2 
H5,840,2020,540231,     16.80,      8.00,      8.80,      8.40,0,0,0,2,2,2,U2 
H5,840,2020,540232,     16.00,      8.00,      8.00,      8.00,0,0,0,2,2,2,U2 
H5,840,2020,540233,     16.80,      8.00,      8.80,      8.40,0,0,0,2,2,2,U2 
H5,840,2020,540234,     16.80,      8.00,      8.80,      8.40,0,0,0,2,2,2,U2 
H5,840,2020,540239,     16.80,      8.00,      8.80,      8.40,0,0,0,2,2,2,U2 
H5,840,2020,540244,      8.00,      8.00,      8.00,      8.00,0,0,0,1,1,1,U2 
H5,840,2020,540245,      8.00,      0.00,      8.00,      4.00,0,1,0,1,2,2,U2 
H5,840,2020,540246,      8.80,      8.80,      8.80,      8.80,0,0,0,1,1,1,U2 
H5,840,2020,540247,     16.00,      8.00,      8.00,      8.00,0,0,0,2,2,2,U2 
H5,840,2020,540248,      8.00,      8.00,      8.00,      8.00,0,0,0,1,1,1,U2 
H5,840,2020,540249,      8.00,      0.00,      8.00,      4.00,0,1,0,1,2,2,U2 
H5,840,2020,540251,      8.80,      8.80,      8.80,      8.80,0,0,0,1,1,1,U2 
H5,840,2020,540252,     17.60,      8.80,      8.80,      8.80,0,0,0,2,2,2,U2 
H5,840,2020,540253,      8.00,      8.00,      8.00,      8.00,0,0,0,1,1,1,U2 
H5,840,2020,540259,      8.00,      8.00,      8.00,      8.00,0,0,0,1,1,1,U2 
H5,840,2020,540261,      7.50,      7.50,      7.50,      7.50,0,0,0,1,1,1,U2 
H5,840,2020,540262,      7.50,      7.50,      7.50,      7.50,0,0,0,1,1,1,U2 
H5,840,2020,540263,      7.50,      7.50,      7.50,      7.50,0,0,0,1,1,1,U2 
H5,840,2020,540269,      7.50,      7.50,      7.50,      7.50,0,0,0,1,1,1,U2 
H5,840,2020,540310,     19.10,      9.10,     10.00,      9.55,0,0,0,2,2,2,U2 
H5,840,2020,540331,     10.00,     10.00,     10.00,     10.00,0,0,0,1,1,1,U2 
H5,840,2020,540332,     10.00,     10.00,     10.00,     10.00,0,0,0,1,1,1,U2 
H5,840,2020,540333,      8.80,      8.80,      8.80,      8.80,0,0,0,1,1,1,U2 
H5,840,2020,540339,     18.00,      8.00,     10.00,      9.00,0,0,0,2,2,2,U2 
H5,840,2020,540341,      9.10,      9.10,      9.10,      9.10,0,0,0,1,1,1,U2 
H5,840,2020,540342,      8.00,      8.00,      8.00,      8.00,0,0,0,1,1,1,U2 
H5,840,2020,540349,     16.60,      7.50,      9.10,      8.30,0,0,0,2,2,2,U2 
H5,840,2020,540411,      6.90,      6.90,      6.90,      6.90,0,0,0,1,1,1,U2 
H5,840,2020,540412,     13.80,      6.90,      6.90,      6.90,0,0,0,2,2,2,U2 
H5,840,2020,540419,      9.60,      2.70,      6.90,      4.80,0,0,0,2,2,2,U2 
H5,840,2020,540490,      0.00,      0.00,      0.00,      0.00,0,1,0,0,1,1,U2 
H5,840,2020,540500,     12.70,      5.80,      6.90,      6.35,0,0,0,2,2,2,U2 
H5,840,2020,540600,     15.00,      7.50,      7.50,      7.50,0,0,0,2,2,2,U2 
H5,840,2020,540710,     13.60,     13.60,     13.60,     13.60,0,0,0,1,1,1,U2 
H5,840,2020,540720,      0.00,      0.00,      0.00,      0.00,0,1,0,0,1,1,U2 
H5,840,2020,540730,      8.00,      0.00,      8.00,      4.00,0,1,0,1,2,2,U2 
H5,840,2020,540741,     13.60,     13.60,     13.60,     13.60,0,0,0,1,1,1,U2 
H5,840,2020,540742,     14.90,     14.90,     14.90,     14.90,0,0,0,1,1,1,U2 
H5,840,2020,540743,     21.38,      8.50,     12.88,     10.69,0,0,1,1,2,2,U2 
H5,840,2020,540744,     12.00,     12.00,     12.00,     12.00,0,0,0,1,1,1,U2 
H5,840,2020,540751,     14.90,     14.90,     14.90,     14.90,0,0,0,1,1,1,U2 
H5,840,2020,540752,     36.05,     14.90,     21.15,     18.02,0,0,1,1,2,2,U2 
H5,840,2020,540753,     31.96,     12.00,     19.96,     15.98,0,0,1,1,2,2,U2 
H5,840,2020,540754,     14.90,     14.90,     14.90,     14.90,0,0,0,1,1,1,U2 
H5,840,2020,540761,     98.21,     13.19,     21.01,     16.37,0,0,4,2,6,6,U2 
H5,840,2020,540769,     53.20,      0.00,     14.90,     10.64,0,1,0,4,5,5,U2 
H5,840,2020,540771,     14.90,     14.90,     14.90,     14.90,0,0,0,1,1,1,U2 
H5,840,2020,540772,     14.90,     14.90,     14.90,     14.90,0,0,0,1,1,1,U2 
H5,840,2020,540773,      8.50,      0.00,      8.50,      4.25,0,1,0,1,2,2,U2 
H5,840,2020,540774,     14.90,     14.90,     14.90,     14.90,0,0,0,1,1,1,U2 
H5,840,2020,540781,     14.90,     14.90,     14.90,     14.90,0,0,0,1,1,1,U2 
H5,840,2020,540782,     14.90,     14.90,     14.90,     14.90,0,0,0,1,1,1,U2 
H5,840,2020,540783,      8.50,      8.50,      8.50,      8.50,0,0,0,1,1,1,U2 
H5,840,2020,540784,     14.90,     14.90,     14.90,     14.90,0,0,0,1,1,1,U2 
H5,840,2020,540791,     51.90,     12.00,     25.00,     17.30,0,0,0,3,3,3,U2 
H5,840,2020,540792,     51.90,     12.00,     25.00,     17.30,0,0,0,3,3,3,U2 
H5,840,2020,540793,     49.00,      0.00,     25.00,     12.25,0,1,0,3,4,4,U2 
H5,840,2020,540794,     26.90,      0.00,     14.90,      8.97,0,1,0,2,3,3,U2 
H5,840,2020,540810,     14.90,     14.90,     14.90,     14.90,0,0,0,1,1,1,U2 
H5,840,2020,540821,     14.90,     14.90,     14.90,     14.90,0,0,0,1,1,1,U2 
H5,840,2020,540822,     29.80,     14.90,     14.90,     14.90,0,0,0,2,2,2,U2 
H5,840,2020,540823,     24.00,      0.00,     12.00,      6.00,0,2,0,2,4,4,U2 
H5,840,2020,540824,     24.00,     12.00,     12.00,     12.00,0,0,0,2,2,2,U2 
H5,840,2020,540831,     51.90,     12.00,     25.00,     17.30,0,0,0,3,3,3,U2 
H5,840,2020,540832,     53.60,      6.90,     19.70,     13.40,0,0,0,4,4,4,U2 
H5,840,2020,540833,     62.33,      6.90,     19.60,     12.47,0,0,1,4,5,5,U2 
H5,840,2020,540834,     24.00,      0.00,     12.00,      6.00,0,2,0,2,4,4,U2 
H5,840,2020,550110,      7.50,      7.50,      7.50,      7.50,0,0,0,1,1,1,U2 
H5,840,2020,550120,      7.50,      7.50,      7.50,      7.50,0,0,0,1,1,1,U2 
H5,840,2020,550130,      7.50,      7.50,      7.50,      7.50,0,0,0,1,1,1,U2 
H5,840,2020,550140,      7.50,      7.50,      7.50,      7.50,0,0,0,1,1,1,U2 
H5,840,2020,550190,      7.50,      7.50,      7.50,      7.50,0,0,0,1,1,1,U2 
H5,840,2020,550210,      7.50,      7.50,      7.50,      7.50,0,0,0,1,1,1,U2 
H5,840,2020,550290,      7.50,      7.50,      7.50,      7.50,0,0,0,1,1,1,U2 
H5,840,2020,550311,      4.30,      4.30,      4.30,      4.30,0,0,0,1,1,1,U2 
H5,840,2020,550319,      4.30,      0.00,      4.30,      2.15,0,1,0,1,2,2,U2 
H5,840,2020,550320,      4.30,      4.30,      4.30,      4.30,0,0,0,1,1,1,U2 
H5,840,2020,550330,      4.30,      4.30,      4.30,      4.30,0,0,0,1,1,1,U2 
H5,840,2020,550340,      4.30,      4.30,      4.30,      4.30,0,0,0,1,1,1,U2 
H5,840,2020,550390,      4.30,      0.00,      4.30,      2.15,0,1,0,1,2,2,U2 
H5,840,2020,550410,      4.30,      4.30,      4.30,      4.30,0,0,0,1,1,1,U2 
H5,840,2020,550490,      4.30,      4.30,      4.30,      4.30,0,0,0,1,1,1,U2 
H5,840,2020,550510,      0.00,      0.00,      0.00,      0.00,0,1,0,0,1,1,U2 
H5,840,2020,550520,      0.00,      0.00,      0.00,      0.00,0,1,0,0,1,1,U2 
H5,840,2020,550610,      5.00,      5.00,      5.00,      5.00,0,0,0,1,1,1,U2 
H5,840,2020,550620,      5.70,      5.70,      5.70,      5.70,0,0,0,1,1,1,U2 
H5,840,2020,550630,      5.00,      5.00,      5.00,      5.00,0,0,0,1,1,1,U2 
H5,840,2020,550640,      5.00,      5.00,      5.00,      5.00,0,0,0,1,1,1,U2 
H5,840,2020,550690,      5.00,      5.00,      5.00,      5.00,0,0,0,1,1,1,U2 
H5,840,2020,550700,      5.00,      5.00,      5.00,      5.00,0,0,0,1,1,1,U2 
H5,840,2020,550810,     11.40,     11.40,     11.40,     11.40,0,0,0,1,1,1,U2 
H5,840,2020,550820,     11.00,     11.00,     11.00,     11.00,0,0,0,1,1,1,U2 
H5,840,2020,550911,      9.40,      9.40,      9.40,      9.40,0,0,0,1,1,1,U2 
H5,840,2020,550912,     10.60,     10.60,     10.60,     10.60,0,0,0,1,1,1,U2 
H5,840,2020,550921,      9.70,      9.70,      9.70,      9.70,0,0,0,1,1,1,U2 
H5,840,2020,550922,     10.60,     10.60,     10.60,     10.60,0,0,0,1,1,1,U2 
H5,840,2020,550931,      9.00,      9.00,      9.00,      9.00,0,0,0,1,1,1,U2 
H5,840,2020,550932,     10.00,     10.00,     10.00,     10.00,0,0,0,1,1,1,U2 
H5,840,2020,550941,      9.00,      9.00,      9.00,      9.00,0,0,0,1,1,1,U2 
H5,840,2020,550942,      7.00,      7.00,      7.00,      7.00,0,0,0,1,1,1,U2 
H5,840,2020,550951,     20.30,      9.70,     10.60,     10.15,0,0,0,2,2,2,U2 
H5,840,2020,550952,     12.00,     12.00,     12.00,     12.00,0,0,0,1,1,1,U2 
H5,840,2020,550953,     13.20,     13.20,     13.20,     13.20,0,0,0,1,1,1,U2 
H5,840,2020,550959,     13.20,     13.20,     13.20,     13.20,0,0,0,1,1,1,U2 
H5,840,2020,550961,     13.20,     13.20,     13.20,     13.20,0,0,0,1,1,1,U2 
H5,840,2020,550962,     12.00,     12.00,     12.00,     12.00,0,0,0,1,1,1,U2 
H5,840,2020,550969,     32.20,      9.00,     13.20,     10.73,0,0,0,3,3,3,U2 
H5,840,2020,550991,     12.00,     12.00,     12.00,     12.00,0,0,0,1,1,1,U2 
H5,840,2020,550992,      7.50,      7.50,      7.50,      7.50,0,0,0,1,1,1,U2 
H5,840,2020,550999,     32.80,      9.00,     13.20,     10.93,0,0,0,3,3,3,U2 
H5,840,2020,551011,      9.00,      9.00,      9.00,      9.00,0,0,0,1,1,1,U2 
H5,840,2020,551012,     10.60,     10.60,     10.60,     10.60,0,0,0,1,1,1,U2 
H5,840,2020,551020,     10.20,     10.20,     10.20,     10.20,0,0,0,1,1,1,U2 
H5,840,2020,551030,      7.50,      7.50,      7.50,      7.50,0,0,0,1,1,1,U2 
H5,840,2020,551090,     32.80,      9.00,     13.20,     10.93,0,0,0,3,3,3,U2 
H5,840,2020,551110,      7.50,      7.50,      7.50,      7.50,0,0,0,1,1,1,U2 
H5,840,2020,551120,      7.50,      7.50,      7.50,      7.50,0,0,0,1,1,1,U2 
H5,840,2020,551130,      7.50,      7.50,      7.50,      7.50,0,0,0,1,1,1,U2 
H5,840,2020,551211,     12.00,     12.00,     12.00,     12.00,0,0,0,1,1,1,U2 
H5,840,2020,551219,     13.60,     13.60,     13.60,     13.60,0,0,0,1,1,1,U2 
H5,840,2020,551221,     12.00,     12.00,     12.00,     12.00,0,0,0,1,1,1,U2 
H5,840,2020,551229,     12.00,     12.00,     12.00,     12.00,0,0,0,1,1,1,U2 
H5,840,2020,551291,     14.90,     14.90,     14.90,     14.90,0,0,0,1,1,1,U2 
H5,840,2020,551299,     12.00,     12.00,     12.00,     12.00,0,0,0,1,1,1,U2 
H5,840,2020,551311,     14.90,     14.90,     14.90,     14.90,0,0,0,1,1,1,U2 
H5,840,2020,551312,     14.90,     14.90,     14.90,     14.90,0,0,0,1,1,1,U2 
H5,840,2020,551313,     14.90,     14.90,     14.90,     14.90,0,0,0,1,1,1,U2 
H5,840,2020,551319,     14.90,     14.90,     14.90,     14.90,0,0,0,1,1,1,U2 
H5,840,2020,551321,     14.90,     14.90,     14.90,     14.90,0,0,0,1,1,1,U2 
H5,840,2020,551323,     14.90,     14.90,     14.90,     14.90,0,0,0,1,1,1,U2 
H5,840,2020,551329,     14.90,     14.90,     14.90,     14.90,0,0,0,1,1,1,U2 
H5,840,2020,551331,     14.90,     14.90,     14.90,     14.90,0,0,0,1,1,1,U2 
H5,840,2020,551339,     14.90,     14.90,     14.90,     14.90,0,0,0,1,1,1,U2 
H5,840,2020,551341,     14.90,     14.90,     14.90,     14.90,0,0,0,1,1,1,U2 
H5,840,2020,551349,     37.00,      8.50,     14.90,     12.33,0,0,0,3,3,3,U2 
H5,840,2020,551411,     14.90,     14.90,     14.90,     14.90,0,0,0,1,1,1,U2 
H5,840,2020,551412,     14.90,     14.90,     14.90,     14.90,0,0,0,1,1,1,U2 
H5,840,2020,551419,     23.40,      8.50,     14.90,     11.70,0,0,0,2,2,2,U2 
H5,840,2020,551421,     14.90,     14.90,     14.90,     14.90,0,0,0,1,1,1,U2 
H5,840,2020,551422,     14.90,     14.90,     14.90,     14.90,0,0,0,1,1,1,U2 
H5,840,2020,551423,     14.90,     14.90,     14.90,     14.90,0,0,0,1,1,1,U2 
H5,840,2020,551429,     12.00,     12.00,     12.00,     12.00,0,0,0,1,1,1,U2 
H5,840,2020,551430,     41.80,      0.00,     14.90,     10.45,0,1,0,3,4,4,U2 
H5,840,2020,551441,     14.90,     14.90,     14.90,     14.90,0,0,0,1,1,1,U2 
H5,840,2020,551442,     14.90,     14.90,     14.90,     14.90,0,0,0,1,1,1,U2 
H5,840,2020,551443,      0.00,      0.00,      0.00,      0.00,0,1,0,0,1,1,U2 
H5,840,2020,551449,      8.50,      8.50,      8.50,      8.50,0,0,0,1,1,1,U2 
H5,840,2020,551511,     14.90,     14.90,     14.90,     14.90,0,0,0,1,1,1,U2 
H5,840,2020,551512,     12.00,     12.00,     12.00,     12.00,0,0,0,1,1,1,U2 
H5,840,2020,551513,     37.00,     12.00,     25.00,     18.50,0,0,0,2,2,2,U2 
H5,840,2020,551519,     12.00,     12.00,     12.00,     12.00,0,0,0,1,1,1,U2 
H5,840,2020,551521,      0.00,      0.00,      0.00,      0.00,0,1,0,0,1,1,U2 
H5,840,2020,551522,     32.10,     12.00,     20.10,     16.05,0,0,0,2,2,2,U2 
H5,840,2020,551529,      0.00,      0.00,      0.00,      0.00,0,1,0,0,1,1,U2 
H5,840,2020,551591,     12.00,     12.00,     12.00,     12.00,0,0,0,1,1,1,U2 
H5,840,2020,551599,     45.50,      8.50,     25.00,     15.17,0,0,0,3,3,3,U2 
H5,840,2020,551611,     14.90,     14.90,     14.90,     14.90,0,0,0,1,1,1,U2 
H5,840,2020,551612,     14.90,     14.90,     14.90,     14.90,0,0,0,1,1,1,U2 
H5,840,2020,551613,     14.90,     14.90,     14.90,     14.90,0,0,0,1,1,1,U2 
H5,840,2020,551614,     10.00,     10.00,     10.00,     10.00,0,0,0,1,1,1,U2 
H5,840,2020,551621,     14.90,     14.90,     14.90,     14.90,0,0,0,1,1,1,U2 
H5,840,2020,551622,     14.90,     14.90,     14.90,     14.90,0,0,0,1,1,1,U2 
H5,840,2020,551623,      8.50,      8.50,      8.50,      8.50,0,0,0,1,1,1,U2 
H5,840,2020,551624,     14.90,     14.90,     14.90,     14.90,0,0,0,1,1,1,U2 
H5,840,2020,551631,     31.80,     12.00,     19.80,     15.90,0,0,0,2,2,2,U2 
H5,840,2020,551632,     37.00,     12.00,     25.00,     18.50,0,0,0,2,2,2,U2 
H5,840,2020,551633,     37.00,     12.00,     25.00,     18.50,0,0,0,2,2,2,U2 
H5,840,2020,551634,     31.70,     12.00,     19.70,     15.85,0,0,0,2,2,2,U2 
H5,840,2020,551641,     14.90,     14.90,     14.90,     14.90,0,0,0,1,1,1,U2 
H5,840,2020,551642,     12.00,     12.00,     12.00,     12.00,0,0,0,1,1,1,U2 
H5,840,2020,551643,      0.00,      0.00,      0.00,      0.00,0,1,0,0,1,1,U2 
H5,840,2020,551644,      8.50,      8.50,      8.50,      8.50,0,0,0,1,1,1,U2 
H5,840,2020,551691,     12.00,     12.00,     12.00,     12.00,0,0,0,1,1,1,U2 
H5,840,2020,551692,     12.00,     12.00,     12.00,     12.00,0,0,0,1,1,1,U2 
H5,840,2020,551693,      8.50,      8.50,      8.50,      8.50,0,0,0,1,1,1,U2 
H5,840,2020,551694,     12.00,     12.00,     12.00,     12.00,0,0,0,1,1,1,U2 
H5,840,2020,560121,      3.60,      3.60,      3.60,      3.60,0,0,0,1,1,1,U2 
H5,840,2020,560122,      6.30,      6.30,      6.30,      6.30,0,0,0,1,1,1,U2 
H5,840,2020,560129,      4.00,      4.00,      4.00,      4.00,0,0,0,1,1,1,U2 
H5,840,2020,560130,      0.00,      0.00,      0.00,      0.00,0,1,0,0,1,1,U2 
H5,840,2020,560210,     22.60,     10.60,     12.00,     11.30,0,0,0,2,2,2,U2 
H5,840,2020,560221,     10.02,     10.02,     10.02,     10.02,0,0,1,0,1,1,U2 
H5,840,2020,560229,      6.30,      6.30,      6.30,      6.30,0,0,0,1,1,1,U2 
H5,840,2020,560290,     30.24,      0.00,     23.94,     10.08,0,1,1,1,3,3,U2 
H5,840,2020,560311,      0.00,      0.00,      0.00,      0.00,0,1,0,0,1,1,U2 
H5,840,2020,560312,      0.00,      0.00,      0.00,      0.00,0,1,0,0,1,1,U2 
H5,840,2020,560313,      0.00,      0.00,      0.00,      0.00,0,1,0,0,1,1,U2 
H5,840,2020,560314,      0.00,      0.00,      0.00,      0.00,0,2,0,0,2,2,U2 
H5,840,2020,560391,      0.00,      0.00,      0.00,      0.00,0,1,0,0,1,1,U2 
H5,840,2020,560392,      0.00,      0.00,      0.00,      0.00,0,1,0,0,1,1,U2 
H5,840,2020,560393,      0.00,      0.00,      0.00,      0.00,0,1,0,0,1,1,U2 
H5,840,2020,560394,      0.00,      0.00,      0.00,      0.00,0,3,0,0,3,3,U2 
H5,840,2020,560410,      6.30,      6.30,      6.30,      6.30,0,0,0,1,1,1,U2 
H5,840,2020,560490,     13.80,      5.00,      8.80,      6.90,0,0,0,2,2,2,U2 
H5,840,2020,560500,     20.70,      7.50,     13.20,     10.35,0,0,0,2,2,2,U2 
H5,840,2020,560600,      8.00,      8.00,      8.00,      8.00,0,0,0,1,1,1,U2 
H5,840,2020,560721,      0.00,      0.00,      0.00,      0.00,0,1,0,0,1,1,U2 
H5,840,2020,560729,      3.60,      3.60,      3.60,      3.60,0,0,0,1,1,1,U2 
H5,840,2020,560741,      6.70,      2.70,      4.00,      3.35,0,0,0,2,2,2,U2 
H5,840,2020,560749,     21.43,      2.70,      8.13,      5.36,0,0,1,3,4,4,U2 
H5,840,2020,560750,     24.22,      3.60,     13.62,      8.07,0,0,1,2,3,3,U2 
H5,840,2020,560790,      9.70,      0.00,      6.30,      1.94,0,3,0,2,5,5,U2 
H5,840,2020,560811,      8.00,      8.00,      8.00,      8.00,0,0,0,1,1,1,U2 
H5,840,2020,560819,     13.50,      5.00,      8.50,      6.75,0,0,0,2,2,2,U2 
H5,840,2020,560890,     41.20,      5.00,     14.10,     10.30,0,0,0,4,4,4,U2 
H5,840,2020,560900,     11.30,      0.00,      4.50,      2.83,0,1,0,3,4,4,U2 
H5,840,2020,570110,      4.50,      0.00,      4.50,      1.13,0,3,0,1,4,4,U2 
H5,840,2020,570190,      0.00,      0.00,      0.00,      0.00,0,2,0,0,2,2,U2 
H5,840,2020,570210,      0.00,      0.00,      0.00,      0.00,0,2,0,0,2,2,U2 
H5,840,2020,570220,      0.00,      0.00,      0.00,      0.00,0,2,0,0,2,2,U2 
H5,840,2020,570231,     12.00,      4.00,      8.00,      6.00,0,0,0,2,2,2,U2 
H5,840,2020,570232,     15.00,      7.00,      8.00,      7.50,0,0,0,2,2,2,U2 
H5,840,2020,570239,      3.60,      0.00,      3.60,      1.80,0,1,0,1,2,2,U2 
H5,840,2020,570241,      0.00,      0.00,      0.00,      0.00,0,2,0,0,2,2,U2 
H5,840,2020,570242,      0.00,      0.00,      0.00,      0.00,0,2,0,0,2,2,U2 
H5,840,2020,570249,      4.00,      0.00,      4.00,      1.33,0,2,0,1,3,3,U2 
H5,840,2020,570250,     24.80,      2.70,      6.80,      4.96,0,0,0,5,5,5,U2 
H5,840,2020,570291,      7.90,      0.00,      4.30,      2.63,0,1,0,2,3,3,U2 
H5,840,2020,570292,      5.40,      2.70,      2.70,      2.70,0,0,0,2,2,2,U2 
H5,840,2020,570299,     16.30,      2.70,      6.80,      5.43,0,0,0,3,3,3,U2 
H5,840,2020,570310,     12.00,      6.00,      6.00,      6.00,0,0,0,2,2,2,U2 
H5,840,2020,570320,     12.50,      5.80,      6.70,      6.25,0,0,0,2,2,2,U2 
H5,840,2020,570330,     12.00,      6.00,      6.00,      6.00,0,0,0,2,2,2,U2 
H5,840,2020,570390,      3.80,      3.80,      3.80,      3.80,0,0,0,1,1,1,U2 
H5,840,2020,570410,      4.70,      4.70,      4.70,      4.70,0,0,0,1,1,1,U2 
H5,840,2020,570420,      0.00,      0.00,      0.00,      0.00,0,1,0,0,1,1,U2 
H5,840,2020,570490,      0.00,      0.00,      0.00,      0.00,0,1,0,0,1,1,U2 
H5,840,2020,570500,      3.30,      0.00,      3.30,      1.65,0,1,0,1,2,2,U2 
H5,840,2020,580110,      0.00,      0.00,      0.00,      0.00,0,1,0,0,1,1,U2 
H5,840,2020,580121,     20.20,     20.20,     20.20,     20.20,0,0,0,1,1,1,U2 
H5,840,2020,580122,     30.20,     10.00,     20.20,     15.10,0,0,0,2,2,2,U2 
H5,840,2020,580123,     10.00,     10.00,     10.00,     10.00,0,0,0,1,1,1,U2 
H5,840,2020,580126,      0.00,      0.00,      0.00,      0.00,0,1,0,0,1,1,U2 
H5,840,2020,580127,     29.00,     10.50,     18.50,     14.50,0,0,0,2,2,2,U2 
H5,840,2020,580131,     17.20,     17.20,     17.20,     17.20,0,0,0,1,1,1,U2 
H5,840,2020,580132,     14.00,     14.00,     14.00,     14.00,0,0,0,1,1,1,U2 
H5,840,2020,580133,      9.80,      9.80,      9.80,      9.80,0,0,0,1,1,1,U2 
H5,840,2020,580136,      9.80,      9.80,      9.80,      9.80,0,0,0,1,1,1,U2 
H5,840,2020,580137,     31.20,     14.00,     17.20,     15.60,0,0,0,2,2,2,U2 
H5,840,2020,580190,      6.40,      2.70,      3.70,      3.20,0,0,0,2,2,2,U2 
H5,840,2020,580211,      9.80,      9.80,      9.80,      9.80,0,0,0,1,1,1,U2 
H5,840,2020,580219,      9.40,      9.40,      9.40,      9.40,0,0,0,1,1,1,U2 
H5,840,2020,580220,     14.00,     14.00,     14.00,     14.00,0,0,0,1,1,1,U2 
H5,840,2020,580230,      6.20,      6.20,      6.20,      6.20,0,0,0,1,1,1,U2 
H5,840,2020,580300,     23.50,      0.00,     16.50,      3.92,0,4,0,2,6,6,U2 
H5,840,2020,580410,      6.00,      0.00,      6.00,      3.00,0,1,0,1,2,2,U2 
H5,840,2020,580421,     12.00,     12.00,     12.00,     12.00,0,0,0,1,1,1,U2 
H5,840,2020,580429,     13.00,      5.00,      8.00,      6.50,0,0,0,2,2,2,U2 
H5,840,2020,580430,     13.20,     13.20,     13.20,     13.20,0,0,0,1,1,1,U2 
H5,840,2020,580500,      0.00,      0.00,      0.00,      0.00,0,5,0,0,5,5,U2 
H5,840,2020,580610,     27.00,      3.80,      8.40,      6.75,0,0,0,4,4,4,U2 
H5,840,2020,580620,      7.00,      7.00,      7.00,      7.00,0,0,0,1,1,1,U2 
H5,840,2020,580631,      8.80,      8.80,      8.80,      8.80,0,0,0,1,1,1,U2 
H5,840,2020,580632,     12.20,      6.00,      6.20,      6.10,0,0,0,2,2,2,U2 
H5,840,2020,580639,     11.50,      0.00,      6.60,      3.83,0,1,0,2,3,3,U2 
H5,840,2020,580640,      8.00,      8.00,      8.00,      8.00,0,0,0,1,1,1,U2 
H5,840,2020,580710,     15.70,      3.30,      7.90,      5.23,0,0,0,3,3,3,U2 
H5,840,2020,580790,     15.70,      3.30,      7.90,      5.23,0,0,0,3,3,3,U2 
H5,840,2020,580810,     14.80,      0.00,      7.40,      2.96,0,2,0,3,5,5,U2 
H5,840,2020,580890,      3.90,      3.90,      3.90,      3.90,0,0,0,1,1,1,U2 
H5,840,2020,580900,     14.90,     14.90,     14.90,     14.90,0,0,0,1,1,1,U2 
H5,840,2020,581010,     14.10,     14.10,     14.10,     14.10,0,0,0,1,1,1,U2 
H5,840,2020,581091,,,,,1,0,0,0,0,1,U2 
H5,840,2020,581092,,,,,2,0,0,0,0,2,U2 
H5,840,2020,581099,,,,,2,0,0,0,0,2,U2 
H5,840,2020,581100,     27.50,      0.00,     13.20,      6.88,0,1,0,3,4,4,U2 
H5,840,2020,590110,     11.10,      4.10,      7.00,      5.55,0,0,0,2,2,2,U2 
H5,840,2020,590190,     11.10,      4.10,      7.00,      5.55,0,0,0,2,2,2,U2 
H5,840,2020,590210,      5.80,      5.80,      5.80,      5.80,0,0,0,1,1,1,U2 
H5,840,2020,590220,      5.80,      5.80,      5.80,      5.80,0,0,0,1,1,1,U2 
H5,840,2020,590290,      0.00,      0.00,      0.00,      0.00,0,1,0,0,1,1,U2 
H5,840,2020,590310,     27.00,      0.00,     14.10,      4.50,0,2,0,4,6,6,U2 
H5,840,2020,590320,     20.90,      0.00,      8.00,      3.48,0,2,0,4,6,6,U2 
H5,840,2020,590390,     20.90,      0.00,      8.00,      3.48,0,2,0,4,6,6,U2 
H5,840,2020,590410,      0.00,      0.00,      0.00,      0.00,0,1,0,0,1,1,U2 
H5,840,2020,590490,      0.00,      0.00,      0.00,      0.00,0,2,0,0,2,2,U2 
H5,840,2020,590500,      0.00,      0.00,      0.00,      0.00,0,2,0,0,2,2,U2 
H5,840,2020,590610,      2.90,      2.90,      2.90,      2.90,0,0,0,1,1,1,U2 
H5,840,2020,590691,     12.90,      0.00,      7.50,      3.22,0,1,0,3,4,4,U2 
H5,840,2020,590699,      6.00,      0.00,      3.30,      1.50,0,2,0,2,4,4,U2 
H5,840,2020,590700,     16.00,      0.00,      8.00,      2.67,0,4,0,2,6,6,U2 
H5,840,2020,590800,      3.40,      3.40,      3.40,      3.40,0,0,0,1,1,1,U2 
H5,840,2020,590900,      3.30,      0.00,      3.30,      1.65,0,1,0,1,2,2,U2 
H5,840,2020,591000,      6.60,      2.60,      4.00,      3.30,0,0,0,2,2,2,U2 
H5,840,2020,591110,      6.70,      2.90,      3.80,      3.35,0,0,0,2,2,2,U2 
H5,840,2020,591120,      3.30,      0.00,      3.30,      1.10,0,2,0,1,3,3,U2 
H5,840,2020,591131,      3.80,      3.80,      3.80,      3.80,0,0,0,1,1,1,U2 
H5,840,2020,591132,      3.80,      3.80,      3.80,      3.80,0,0,0,1,1,1,U2 
H5,840,2020,591140,      8.00,      8.00,      8.00,      8.00,0,0,0,1,1,1,U2 
H5,840,2020,591190,      3.80,      3.80,      3.80,      3.80,0,0,0,1,1,1,U2 
H5,840,2020,600110,     26.20,      9.00,     17.20,     13.10,0,0,0,2,2,2,U2 
H5,840,2020,600121,      9.80,      9.80,      9.80,      9.80,0,0,0,1,1,1,U2 
H5,840,2020,600122,     17.20,     17.20,     17.20,     17.20,0,0,0,1,1,1,U2 
H5,840,2020,600129,      7.00,      7.00,      7.00,      7.00,0,0,0,1,1,1,U2 
H5,840,2020,600191,     18.50,     18.50,     18.50,     18.50,0,0,0,1,1,1,U2 
H5,840,2020,600192,     17.20,     17.20,     17.20,     17.20,0,0,0,1,1,1,U2 
H5,840,2020,600199,     11.00,      4.00,      7.00,      5.50,0,0,0,2,2,2,U2 
H5,840,2020,600240,     16.80,      8.00,      8.80,      8.40,0,0,0,2,2,2,U2 
H5,840,2020,600290,     16.80,      8.00,      8.80,      8.40,0,0,0,2,2,2,U2 
H5,840,2020,600310,     20.70,      6.60,     14.10,     10.35,0,0,0,2,2,2,U2 
H5,840,2020,600320,     22.10,      8.00,     14.10,     11.05,0,0,0,2,2,2,U2 
H5,840,2020,600330,     21.70,      7.60,     14.10,     10.85,0,0,0,2,2,2,U2 
H5,840,2020,600340,     21.70,      7.60,     14.10,     10.85,0,0,0,2,2,2,U2 
H5,840,2020,600390,     20.70,      6.60,     14.10,     10.35,0,0,0,2,2,2,U2 
H5,840,2020,600410,     12.30,     12.30,     12.30,     12.30,0,0,0,1,1,1,U2 
H5,840,2020,600490,     19.30,      7.00,     12.30,      9.65,0,0,0,2,2,2,U2 
H5,840,2020,600521,     10.00,     10.00,     10.00,     10.00,0,0,0,1,1,1,U2 
H5,840,2020,600522,     10.00,     10.00,     10.00,     10.00,0,0,0,1,1,1,U2 
H5,840,2020,600523,     10.00,     10.00,     10.00,     10.00,0,0,0,1,1,1,U2 
H5,840,2020,600524,     10.00,     10.00,     10.00,     10.00,0,0,0,1,1,1,U2 
H5,840,2020,600535,     10.00,     10.00,     10.00,     10.00,0,0,0,1,1,1,U2 
H5,840,2020,600536,     10.00,     10.00,     10.00,     10.00,0,0,0,1,1,1,U2 
H5,840,2020,600537,     10.00,     10.00,     10.00,     10.00,0,0,0,1,1,1,U2 
H5,840,2020,600538,     10.00,     10.00,     10.00,     10.00,0,0,0,1,1,1,U2 
H5,840,2020,600539,     10.00,     10.00,     10.00,     10.00,0,0,0,1,1,1,U2 
H5,840,2020,600541,     10.00,     10.00,     10.00,     10.00,0,0,0,1,1,1,U2 
H5,840,2020,600542,     10.00,     10.00,     10.00,     10.00,0,0,0,1,1,1,U2 
H5,840,2020,600543,     10.00,     10.00,     10.00,     10.00,0,0,0,1,1,1,U2 
H5,840,2020,600544,     10.00,     10.00,     10.00,     10.00,0,0,0,1,1,1,U2 
H5,840,2020,600590,     20.00,     10.00,     10.00,     10.00,0,0,0,2,2,2,U2 
H5,840,2020,600610,     10.00,     10.00,     10.00,     10.00,0,0,0,1,1,1,U2 
H5,840,2020,600621,     20.00,     10.00,     10.00,     10.00,0,0,0,2,2,2,U2 
H5,840,2020,600622,     20.00,     10.00,     10.00,     10.00,0,0,0,2,2,2,U2 
H5,840,2020,600623,     20.00,     10.00,     10.00,     10.00,0,0,0,2,2,2,U2 
H5,840,2020,600624,     20.00,     10.00,     10.00,     10.00,0,0,0,2,2,2,U2 
H5,840,2020,600631,     10.00,     10.00,     10.00,     10.00,0,0,0,1,1,1,U2 
H5,840,2020,600632,     10.00,     10.00,     10.00,     10.00,0,0,0,1,1,1,U2 
H5,840,2020,600633,     10.00,     10.00,     10.00,     10.00,0,0,0,1,1,1,U2 
H5,840,2020,600634,     10.00,     10.00,     10.00,     10.00,0,0,0,1,1,1,U2 
H5,840,2020,600641,     10.00,     10.00,     10.00,     10.00,0,0,0,1,1,1,U2 
H5,840,2020,600642,     10.00,     10.00,     10.00,     10.00,0,0,0,1,1,1,U2 
H5,840,2020,600643,     10.00,     10.00,     10.00,     10.00,0,0,0,1,1,1,U2 
H5,840,2020,600644,     10.00,     10.00,     10.00,     10.00,0,0,0,1,1,1,U2 
H5,840,2020,600690,      7.00,      0.00,      7.00,      3.50,0,1,0,1,2,2,U2 
H5,840,2020,610120,     15.90,     15.90,     15.90,     15.90,0,0,0,1,1,1,U2 
H5,840,2020,610130,     45.82,      5.60,     28.20,     15.27,0,0,1,2,3,3,U2 
H5,840,2020,610190,     24.48,      0.90,     17.88,      8.16,0,0,1,2,3,3,U2 
H5,840,2020,610210,     17.35,     17.35,     17.35,     17.35,0,0,1,0,1,1,U2 
H5,840,2020,610220,     15.90,     15.90,     15.90,     15.90,0,0,0,1,1,1,U2 
H5,840,2020,610230,     55.99,      5.30,     28.20,     18.66,0,0,1,2,3,3,U2 
H5,840,2020,610290,      6.60,      0.90,      5.70,      3.30,0,0,0,2,2,2,U2 
H5,840,2020,610310,     74.89,      0.00,     28.20,      9.36,0,2,2,4,8,8,U2 
H5,840,2020,610322,,,,,1,0,0,0,0,1,U2 
H5,840,2020,610323,,,,,1,0,0,0,0,1,U2 
H5,840,2020,610329,,,,,3,0,0,0,0,3,U2 
H5,840,2020,610331,     10.52,     10.52,     10.52,     10.52,0,0,1,0,1,1,U2 
H5,840,2020,610332,     13.50,     13.50,     13.50,     13.50,0,0,0,1,1,1,U2 
H5,840,2020,610333,     39.82,     11.62,     28.20,     19.91,0,0,1,1,2,2,U2 
H5,840,2020,610339,     21.40,      0.90,     14.90,      7.13,0,0,0,3,3,3,U2 
H5,840,2020,610341,     36.20,     13.60,     22.60,     18.10,0,0,1,1,2,2,U2 
H5,840,2020,610342,     26.40,     10.30,     16.10,     13.20,0,0,0,2,2,2,U2 
H5,840,2020,610343,     61.63,     14.90,     28.20,     20.54,0,0,1,2,3,3,U2 
H5,840,2020,610349,     48.30,      0.90,     28.20,     12.07,0,0,0,4,4,4,U2 
H5,840,2020,610413,     14.90,      0.00,     14.90,      7.45,0,1,0,1,2,2,U2 
H5,840,2020,610419,     38.00,      0.00,     13.60,      6.33,0,1,0,5,6,6,U2 
H5,840,2020,610422,,,,,1,0,0,0,0,1,U2 
H5,840,2020,610423,,,,,1,0,0,0,0,1,U2 
H5,840,2020,610429,,,,,3,0,0,0,0,3,U2 
H5,840,2020,610431,     16.59,     16.59,     16.59,     16.59,0,0,1,0,1,1,U2 
H5,840,2020,610432,     14.90,     14.90,     14.90,     14.90,0,0,0,1,1,1,U2 
H5,840,2020,610433,     47.55,     19.35,     28.20,     23.78,0,0,1,1,2,2,U2 
H5,840,2020,610439,     24.00,      0.00,     24.00,     12.00,0,1,0,1,2,2,U2 
H5,840,2020,610441,     13.60,     13.60,     13.60,     13.60,0,0,0,1,1,1,U2 
H5,840,2020,610442,     11.50,     11.50,     11.50,     11.50,0,0,0,1,1,1,U2 
H5,840,2020,610443,     30.90,     14.90,     16.00,     15.45,0,0,0,2,2,2,U2 
H5,840,2020,610444,     29.80,     14.90,     14.90,     14.90,0,0,0,2,2,2,U2 
H5,840,2020,610449,      6.50,      0.90,      5.60,      3.25,0,0,0,2,2,2,U2 
H5,840,2020,610451,     14.90,     14.90,     14.90,     14.90,0,0,0,1,1,1,U2 
H5,840,2020,610452,      8.30,      8.30,      8.30,      8.30,0,0,0,1,1,1,U2 
H5,840,2020,610453,     30.90,     14.90,     16.00,     15.45,0,0,0,2,2,2,U2 
H5,840,2020,610459,     14.50,      0.90,      8.00,      4.83,0,0,0,3,3,3,U2 
H5,840,2020,610461,     14.90,     14.90,     14.90,     14.90,0,0,0,1,1,1,U2 
H5,840,2020,610462,     25.20,     10.30,     14.90,     12.60,0,0,0,2,2,2,U2 
H5,840,2020,610463,     58.00,     14.90,     28.20,     19.33,0,0,0,3,3,3,U2 
H5,840,2020,610469,     48.30,      0.90,     28.20,     12.07,0,0,0,4,4,4,U2 
H5,840,2020,610510,     19.70,     19.70,     19.70,     19.70,0,0,0,1,1,1,U2 
H5,840,2020,610520,     45.60,     13.60,     32.00,     22.80,0,0,0,2,2,2,U2 
H5,840,2020,610590,     21.40,      0.90,     14.90,      7.13,0,0,0,3,3,3,U2 
H5,840,2020,610610,     19.70,     19.70,     19.70,     19.70,0,0,0,1,1,1,U2 
H5,840,2020,610620,     46.90,     14.90,     32.00,     23.45,0,0,0,2,2,2,U2 
H5,840,2020,610690,     24.80,      0.90,     13.60,      6.20,0,0,0,4,4,4,U2 
H5,840,2020,610711,      7.40,      7.40,      7.40,      7.40,0,0,0,1,1,1,U2 
H5,840,2020,610712,     14.90,     14.90,     14.90,     14.90,0,0,0,1,1,1,U2 
H5,840,2020,610719,      6.50,      0.90,      5.60,      3.25,0,0,0,2,2,2,U2 
H5,840,2020,610721,      8.90,      8.90,      8.90,      8.90,0,0,0,1,1,1,U2 
H5,840,2020,610722,     16.00,     16.00,     16.00,     16.00,0,0,0,1,1,1,U2 
H5,840,2020,610729,     15.00,      0.90,      8.50,      5.00,0,0,0,3,3,3,U2 
H5,840,2020,610791,      8.70,      8.70,      8.70,      8.70,0,0,0,1,1,1,U2 
H5,840,2020,610799,     34.10,      0.80,     14.90,      8.52,0,0,0,4,4,4,U2 
H5,840,2020,610811,     14.90,     14.90,     14.90,     14.90,0,0,0,1,1,1,U2 
H5,840,2020,610819,      7.70,      1.10,      6.60,      3.85,0,0,0,2,2,2,U2 
H5,840,2020,610821,      7.60,      7.60,      7.60,      7.60,0,0,0,1,1,1,U2 
H5,840,2020,610822,     23.90,      8.30,     15.60,     11.95,0,0,0,2,2,2,U2 
H5,840,2020,610829,     15.40,      2.10,     13.30,      7.70,0,0,0,2,2,2,U2 
H5,840,2020,610831,      8.50,      8.50,      8.50,      8.50,0,0,0,1,1,1,U2 
H5,840,2020,610832,     16.00,     16.00,     16.00,     16.00,0,0,0,1,1,1,U2 
H5,840,2020,610839,     12.90,      0.60,      8.50,      4.30,0,0,0,3,3,3,U2 
H5,840,2020,610891,      8.50,      8.50,      8.50,      8.50,0,0,0,1,1,1,U2 
H5,840,2020,610892,     16.00,     16.00,     16.00,     16.00,0,0,0,1,1,1,U2 
H5,840,2020,610899,     12.90,      0.60,      8.50,      4.30,0,0,0,3,3,3,U2 
H5,840,2020,610910,     16.50,     16.50,     16.50,     16.50,0,0,0,1,1,1,U2 
H5,840,2020,610990,     56.20,      2.60,     32.00,     14.05,0,0,0,4,4,4,U2 
H5,840,2020,611011,     16.00,     16.00,     16.00,     16.00,0,0,0,1,1,1,U2 
H5,840,2020,611012,     20.00,      4.00,     16.00,     10.00,0,0,0,2,2,2,U2 
H5,840,2020,611019,     16.00,     16.00,     16.00,     16.00,0,0,0,1,1,1,U2 
H5,840,2020,611020,     21.50,      5.00,     16.50,     10.75,0,0,0,2,2,2,U2 
H5,840,2020,611030,     61.30,      6.00,     32.00,     15.32,0,0,0,4,4,4,U2 
H5,840,2020,611090,      6.90,      0.90,      6.00,      3.45,0,0,0,2,2,2,U2 
H5,840,2020,611120,     84.00,      8.10,     19.70,     14.00,0,0,0,6,6,6,U2 
H5,840,2020,611130,    138.20,     16.00,     32.00,     27.64,0,0,0,5,5,5,U2 
H5,840,2020,611190,     93.20,      0.00,     26.00,     11.65,0,1,0,7,8,8,U2 
H5,840,2020,611211,     14.90,     14.90,     14.90,     14.90,0,0,0,1,1,1,U2 
H5,840,2020,611212,     28.20,     28.20,     28.20,     28.20,0,0,0,1,1,1,U2 
H5,840,2020,611219,     53.30,      3.50,     28.20,     17.77,0,0,0,3,3,3,U2 
H5,840,2020,611220,     36.50,      8.30,     28.20,     18.25,0,0,0,2,2,2,U2 
H5,840,2020,611231,     25.90,     25.90,     25.90,     25.90,0,0,0,1,1,1,U2 
H5,840,2020,611239,     13.20,     13.20,     13.20,     13.20,0,0,0,1,1,1,U2 
H5,840,2020,611241,     24.90,     24.90,     24.90,     24.90,0,0,0,1,1,1,U2 
H5,840,2020,611249,     13.20,     13.20,     13.20,     13.20,0,0,0,1,1,1,U2 
H5,840,2020,611300,     10.90,      3.80,      7.10,      5.45,0,0,0,2,2,2,U2 
H5,840,2020,611420,     10.80,     10.80,     10.80,     10.80,0,0,0,1,1,1,U2 
H5,840,2020,611430,     75.10,     14.90,     32.00,     25.03,0,0,0,3,3,3,U2 
H5,840,2020,611490,     18.50,      0.90,     12.00,      6.17,0,0,0,3,3,3,U2 
H5,840,2020,611510,     83.50,      0.00,     16.00,     11.93,0,1,0,6,7,7,U2 
H5,840,2020,611521,     16.00,     16.00,     16.00,     16.00,0,0,0,1,1,1,U2 
H5,840,2020,611522,     14.90,     14.90,     14.90,     14.90,0,0,0,1,1,1,U2 
H5,840,2020,611529,     18.60,      2.60,     16.00,      9.30,0,0,0,2,2,2,U2 
H5,840,2020,611530,     17.30,      2.70,     14.60,      8.65,0,0,0,2,2,2,U2 
H5,840,2020,611594,     11.30,     11.30,     11.30,     11.30,0,0,0,1,1,1,U2 
H5,840,2020,611595,     23.50,     10.00,     13.50,     11.75,0,0,0,2,2,2,U2 
H5,840,2020,611596,     33.40,     14.60,     18.80,     16.70,0,0,0,2,2,2,U2 
H5,840,2020,611599,     44.90,      1.60,     18.80,     11.23,0,0,0,4,4,4,U2 
H5,840,2020,611610,    107.70,      0.00,     23.50,     10.77,0,1,0,9,10,10,U2 
H5,840,2020,611691,      7.53,      7.53,      7.53,      7.53,0,0,1,0,1,1,U2 
H5,840,2020,611692,     68.60,      0.00,     23.50,     11.43,0,1,0,5,6,6,U2 
H5,840,2020,611693,     61.44,      0.00,     18.60,     10.24,0,1,2,3,6,6,U2 
H5,840,2020,611699,     44.20,      0.00,     18.80,      7.37,0,2,0,4,6,6,U2 
H5,840,2020,611710,     31.90,      1.50,     11.30,      7.97,0,0,0,4,4,4,U2 
H5,840,2020,611780,     37.70,      1.20,     14.60,      7.54,0,0,0,5,5,5,U2 
H5,840,2020,611790,     16.90,      2.30,     14.60,      8.45,0,0,0,2,2,2,U2 
H5,840,2020,620111,     17.23,     17.23,     17.23,     17.23,0,0,1,0,1,1,U2 
H5,840,2020,620112,     13.80,      4.40,      9.40,      6.90,0,0,0,2,2,2,U2 
H5,840,2020,620113,     53.46,      4.40,     27.70,     17.82,0,0,1,2,3,3,U2 
H5,840,2020,620119,      2.80,      0.00,      2.80,      1.40,0,1,0,1,2,2,U2 
H5,840,2020,620191,     57.88,      8.50,     20.44,     14.47,0,0,2,2,4,4,U2 
H5,840,2020,620192,     40.00,      4.40,      9.40,      6.67,0,0,0,6,6,6,U2 
H5,840,2020,620193,    150.47,      4.40,     27.70,     15.05,0,0,2,8,10,10,U2 
H5,840,2020,620199,      8.40,      0.00,      4.20,      2.10,0,2,0,2,4,4,U2 
H5,840,2020,620211,     17.13,     17.13,     17.13,     17.13,0,0,1,0,1,1,U2 
H5,840,2020,620212,     13.30,      4.40,      8.90,      6.65,0,0,0,2,2,2,U2 
H5,840,2020,620213,     53.26,      4.40,     27.70,     17.75,0,0,1,2,3,3,U2 
H5,840,2020,620219,      2.80,      0.00,      2.80,      1.40,0,1,0,1,2,2,U2 
H5,840,2020,620291,     61.59,     14.00,     16.79,     15.40,0,0,2,2,4,4,U2 
H5,840,2020,620292,     39.00,      4.40,      8.90,      6.50,0,0,0,6,6,6,U2 
H5,840,2020,620293,    150.48,      4.40,     27.70,     15.05,0,0,2,8,10,10,U2 
H5,840,2020,620299,      5.60,      0.00,      2.80,      1.40,0,2,0,2,4,4,U2 
H5,840,2020,620311,     50.00,      7.50,     17.50,     12.50,0,0,0,4,4,4,U2 
H5,840,2020,620312,     44.80,     17.50,     27.30,     22.40,0,0,0,2,2,2,U2 
H5,840,2020,620319,     61.55,      3.80,     22.55,     12.31,0,0,1,4,5,5,U2 
H5,840,2020,620322,      7.50,      7.50,      7.50,      7.50,1,0,0,1,1,2,U2 
H5,840,2020,620323,,,,,1,0,0,0,0,1,U2 
H5,840,2020,620329,,,,,4,0,0,0,0,4,U2 
H5,840,2020,620331,     35.00,     17.50,     17.50,     17.50,0,0,0,2,2,2,U2 
H5,840,2020,620332,     12.20,      2.80,      9.40,      6.10,0,0,0,2,2,2,U2 
H5,840,2020,620333,     49.30,     22.00,     27.30,     24.65,0,0,0,2,2,2,U2 
H5,840,2020,620339,     56.80,      1.00,     27.30,     14.20,0,0,0,4,4,4,U2 
H5,840,2020,620341,    100.54,      7.60,     17.08,     12.57,0,0,4,4,8,8,U2 
H5,840,2020,620342,     53.80,      0.00,     16.60,      8.97,0,2,0,4,6,6,U2 
H5,840,2020,620343,    169.89,      0.00,     27.90,     13.07,0,2,2,9,13,13,U2 
H5,840,2020,620349,     90.60,      0.00,     27.90,     10.07,0,2,0,7,9,9,U2 
H5,840,2020,620411,     14.00,     14.00,     14.00,     14.00,0,0,0,1,1,1,U2 
H5,840,2020,620412,     14.90,     14.90,     14.90,     14.90,0,0,0,1,1,1,U2 
H5,840,2020,620413,     44.30,     17.00,     27.30,     22.15,0,0,1,1,2,2,U2 
H5,840,2020,620419,     51.22,      1.00,     26.72,     12.81,0,0,1,3,4,4,U2 
H5,840,2020,620421,,,,,1,0,0,0,0,1,U2 
H5,840,2020,620422,      7.50,      7.50,      7.50,      7.50,1,0,0,1,1,2,U2 
H5,840,2020,620423,,,,,1,0,0,0,0,1,U2 
H5,840,2020,620429,,,,,2,0,0,0,0,2,U2 
H5,840,2020,620431,     25.00,      7.50,     17.50,     12.50,0,0,0,2,2,2,U2 
H5,840,2020,620432,     12.20,      2.80,      9.40,      6.10,0,0,0,2,2,2,U2 
H5,840,2020,620433,     59.77,      2.80,     27.30,     14.94,0,0,1,3,4,4,U2 
H5,840,2020,620439,     52.35,      1.00,     27.30,     13.09,0,0,1,3,4,4,U2 
H5,840,2020,620441,     20.80,      7.20,     13.60,     10.40,0,0,0,2,2,2,U2 
H5,840,2020,620442,     25.70,      5.50,     11.80,      8.57,0,0,0,3,3,3,U2 
H5,840,2020,620443,     49.30,      7.10,     16.00,     12.32,0,0,0,4,4,4,U2 
H5,840,2020,620444,     35.80,      8.50,     16.00,     11.93,0,0,0,3,3,3,U2 
H5,840,2020,620449,     13.80,      6.90,      6.90,      6.90,0,0,0,2,2,2,U2 
H5,840,2020,620451,     14.00,     14.00,     14.00,     14.00,0,0,0,1,1,1,U2 
H5,840,2020,620452,     16.20,      8.00,      8.20,      8.10,0,0,0,2,2,2,U2 
H5,840,2020,620453,     42.20,     11.30,     16.00,     14.07,0,0,0,3,3,3,U2 
H5,840,2020,620459,     48.80,      6.60,     16.00,     12.20,0,0,0,4,4,4,U2 
H5,840,2020,620461,     42.40,      7.60,     13.60,     10.60,0,0,0,4,4,4,U2 
H5,840,2020,620462,     58.10,      0.00,     16.60,      8.30,0,2,0,5,7,7,U2 
H5,840,2020,620463,    153.90,      0.00,     28.60,     11.84,0,2,0,11,13,13,U2 
H5,840,2020,620469,    133.60,      1.10,     28.60,     11.13,0,0,0,12,12,12,U2 
H5,840,2020,620520,     28.40,      8.70,     19.70,     14.20,0,0,0,2,2,2,U2 
H5,840,2020,620530,     61.14,     12.20,     27.13,     20.38,0,0,2,1,3,3,U2 
H5,840,2020,620590,     37.70,      1.10,     17.50,      7.54,0,0,0,5,5,5,U2 
H5,840,2020,620610,      6.90,      6.90,      6.90,      6.90,0,0,0,1,1,1,U2 
H5,840,2020,620620,     32.60,      7.10,     17.00,     10.87,0,0,0,3,3,3,U2 
H5,840,2020,620630,     27.90,      3.50,     15.40,      9.30,0,0,0,3,3,3,U2 
H5,840,2020,620640,     58.38,      4.00,     26.90,     14.60,0,0,1,3,4,4,U2 
H5,840,2020,620690,      6.70,      6.70,      6.70,      6.70,0,0,0,1,1,1,U2 
H5,840,2020,620711,      6.10,      6.10,      6.10,      6.10,0,0,0,1,1,1,U2 
H5,840,2020,620719,     12.20,      1.70,     10.50,      6.10,0,0,0,2,2,2,U2 
H5,840,2020,620721,      8.90,      8.90,      8.90,      8.90,0,0,0,1,1,1,U2 
H5,840,2020,620722,     16.00,     16.00,     16.00,     16.00,0,0,0,1,1,1,U2 
H5,840,2020,620729,      8.20,      1.10,      7.10,      4.10,0,0,0,2,2,2,U2 
H5,840,2020,620791,     14.50,      6.10,      8.40,      7.25,0,0,0,2,2,2,U2 
H5,840,2020,620799,     48.20,      1.10,     14.90,      8.03,0,0,0,6,6,6,U2 
H5,840,2020,620811,     14.90,     14.90,     14.90,     14.90,0,0,0,1,1,1,U2 
H5,840,2020,620819,     21.30,      1.40,     11.20,      7.10,0,0,0,3,3,3,U2 
H5,840,2020,620821,      8.90,      8.90,      8.90,      8.90,0,0,0,1,1,1,U2 
H5,840,2020,620822,     16.00,     16.00,     16.00,     16.00,0,0,0,1,1,1,U2 
H5,840,2020,620829,      8.20,      1.10,      7.10,      4.10,0,0,0,2,2,2,U2 
H5,840,2020,620891,     18.70,      7.50,     11.20,      9.35,0,0,0,2,2,2,U2 
H5,840,2020,620892,     16.00,     16.00,     16.00,     16.00,0,0,0,1,1,1,U2 
H5,840,2020,620899,     19.50,      1.10,      8.50,      4.88,0,0,0,4,4,4,U2 
H5,840,2020,620920,     50.90,      9.30,     14.90,     12.73,0,0,0,4,4,4,U2 
H5,840,2020,620930,     66.60,     16.00,     28.60,     22.20,0,0,0,3,3,3,U2 
H5,840,2020,620990,     69.82,      0.00,     22.00,     11.64,0,1,1,4,6,6,U2 
H5,840,2020,621010,     27.30,      0.00,     16.00,      6.82,0,1,0,3,4,4,U2 
H5,840,2020,621020,     20.40,      3.30,      7.10,      5.10,0,0,0,4,4,4,U2 
H5,840,2020,621030,     20.40,      3.30,      7.10,      5.10,0,0,0,4,4,4,U2 
H5,840,2020,621040,     40.80,      3.30,      7.10,      5.10,0,0,0,8,8,8,U2 
H5,840,2020,621050,     40.80,      3.30,      7.10,      5.10,0,0,0,8,8,8,U2 
H5,840,2020,621111,     39.30,      4.00,     27.80,     13.10,0,0,0,3,3,3,U2 
H5,840,2020,621112,     20.50,      1.20,     11.80,      6.83,0,0,0,3,3,3,U2 
H5,840,2020,621120,    252.40,      0.70,     28.60,     16.83,0,0,0,15,15,15,U2 
H5,840,2020,621132,     16.20,      8.10,      8.10,      8.10,0,0,0,2,2,2,U2 
H5,840,2020,621133,     32.00,     16.00,     16.00,     16.00,0,0,0,2,2,2,U2 
H5,840,2020,621139,     30.60,      0.50,     12.00,      5.10,0,0,0,6,6,6,U2 
H5,840,2020,621142,     16.20,      8.10,      8.10,      8.10,0,0,0,2,2,2,U2 
H5,840,2020,621143,     32.00,     16.00,     16.00,     16.00,0,0,0,2,2,2,U2 
H5,840,2020,621149,     41.00,      1.20,     12.00,      6.83,0,0,0,6,6,6,U2 
H5,840,2020,621210,     41.30,      2.70,     16.90,     10.32,0,0,0,4,4,4,U2 
H5,840,2020,621220,     20.00,     20.00,     20.00,     20.00,0,0,0,1,1,1,U2 
H5,840,2020,621230,     23.50,     23.50,     23.50,     23.50,0,0,0,1,1,1,U2 
H5,840,2020,621290,      6.60,      6.60,      6.60,      6.60,0,0,0,1,1,1,U2 
H5,840,2020,621320,     20.30,      7.10,     13.20,     10.15,0,0,0,2,2,2,U2 
H5,840,2020,621390,     21.00,      1.10,     10.80,      5.25,0,0,0,4,4,4,U2 
H5,840,2020,621410,      5.10,      1.20,      3.90,      2.55,0,0,0,2,2,2,U2 
H5,840,2020,621420,      6.70,      6.70,      6.70,      6.70,0,0,0,1,1,1,U2 
H5,840,2020,621430,      5.30,      5.30,      5.30,      5.30,0,0,0,1,1,1,U2 
H5,840,2020,621440,      5.30,      5.30,      5.30,      5.30,0,0,0,1,1,1,U2 
H5,840,2020,621490,     11.30,     11.30,     11.30,     11.30,0,0,0,1,1,1,U2 
H5,840,2020,621510,      7.20,      7.20,      7.20,      7.20,0,0,0,1,1,1,U2 
H5,840,2020,621520,     13.75,     13.75,     13.75,     13.75,0,0,1,0,1,1,U2 
H5,840,2020,621590,      5.00,      5.00,      5.00,      5.00,0,0,0,1,1,1,U2 
H5,840,2020,621600,    177.57,      0.00,     23.50,      8.88,0,3,4,13,20,20,U2 
H5,840,2020,621710,     31.50,      2.30,     14.60,     10.50,0,0,0,3,3,3,U2 
H5,840,2020,621790,     16.90,      2.30,     14.60,      8.45,0,0,0,2,2,2,U2 
H5,840,2020,630110,     11.40,     11.40,     11.40,     11.40,0,0,0,1,1,1,U2 
H5,840,2020,630120,      0.00,      0.00,      0.00,      0.00,0,1,0,0,1,1,U2 
H5,840,2020,630130,      8.40,      8.40,      8.40,      8.40,0,0,0,1,1,1,U2 
H5,840,2020,630140,      8.50,      8.50,      8.50,      8.50,0,0,0,1,1,1,U2 
H5,840,2020,630190,      7.20,      7.20,      7.20,      7.20,0,0,0,1,1,1,U2 
H5,840,2020,630210,      6.00,      6.00,      6.00,      6.00,0,0,0,1,1,1,U2 
H5,840,2020,630221,     42.00,      2.50,     20.90,     10.50,0,0,0,4,4,4,U2 
H5,840,2020,630222,     26.30,     11.40,     14.90,     13.15,0,0,0,2,2,2,U2 
H5,840,2020,630229,      4.50,      4.50,      4.50,      4.50,0,0,0,1,1,1,U2 
H5,840,2020,630231,     43.30,      3.80,     20.90,     10.82,0,0,0,4,4,4,U2 
H5,840,2020,630232,     26.30,     11.40,     14.90,     13.15,0,0,0,2,2,2,U2 
H5,840,2020,630239,      4.30,      4.30,      4.30,      4.30,0,0,0,1,1,1,U2 
H5,840,2020,630240,     13.20,      6.40,      6.80,      6.60,0,0,0,2,2,2,U2 
H5,840,2020,630251,     23.00,      4.80,      6.30,      5.75,0,0,0,4,4,4,U2 
H5,840,2020,630253,     11.30,     11.30,     11.30,     11.30,0,0,0,1,1,1,U2 
H5,840,2020,630259,     13.90,      0.00,      8.80,      4.63,0,1,0,2,3,3,U2 
H5,840,2020,630260,      9.10,      9.10,      9.10,      9.10,0,0,0,1,1,1,U2 
H5,840,2020,630291,      9.20,      9.20,      9.20,      9.20,0,0,0,1,1,1,U2 
H5,840,2020,630293,     16.10,      6.20,      9.90,      8.05,0,0,0,2,2,2,U2 
H5,840,2020,630299,     11.10,      0.00,      8.40,      3.70,0,1,0,2,3,3,U2 
H5,840,2020,630312,     11.30,     11.30,     11.30,     11.30,0,0,0,1,1,1,U2 
H5,840,2020,630319,     16.70,      6.40,     10.30,      8.35,0,0,0,2,2,2,U2 
H5,840,2020,630391,     10.30,     10.30,     10.30,     10.30,0,0,0,1,1,1,U2 
H5,840,2020,630392,     22.60,     11.30,     11.30,     11.30,0,0,0,2,2,2,U2 
H5,840,2020,630399,     11.30,     11.30,     11.30,     11.30,0,0,0,1,1,1,U2 
H5,840,2020,630411,     24.40,      5.90,     12.00,      8.13,0,0,0,3,3,3,U2 
H5,840,2020,630419,     44.10,      4.40,     14.90,      8.82,0,0,0,5,5,5,U2 
H5,840,2020,630420,      5.80,      5.80,      5.80,      5.80,0,0,0,1,1,1,U2 
H5,840,2020,630491,      5.80,      5.80,      5.80,      5.80,0,0,0,1,1,1,U2 
H5,840,2020,630492,      6.30,      6.30,      6.30,      6.30,0,0,0,1,1,1,U2 
H5,840,2020,630493,      9.30,      9.30,      9.30,      9.30,0,0,0,1,1,1,U2 
H5,840,2020,630499,     44.70,      3.20,     11.30,      7.45,0,0,0,6,6,6,U2 
H5,840,2020,630510,      0.00,      0.00,      0.00,      0.00,0,1,0,0,1,1,U2 
H5,840,2020,630520,      6.20,      6.20,      6.20,      6.20,0,0,0,1,1,1,U2 
H5,840,2020,630532,      8.40,      8.40,      8.40,      8.40,0,0,0,1,1,1,U2 
H5,840,2020,630533,      8.40,      8.40,      8.40,      8.40,0,0,0,1,1,1,U2 
H5,840,2020,630539,      8.40,      8.40,      8.40,      8.40,0,0,0,1,1,1,U2 
H5,840,2020,630590,      6.20,      6.20,      6.20,      6.20,0,0,0,1,1,1,U2 
H5,840,2020,630612,      8.80,      8.80,      8.80,      8.80,0,0,0,1,1,1,U2 
H5,840,2020,630619,     13.10,      5.10,      8.00,      6.55,0,0,0,2,2,2,U2 
H5,840,2020,630622,      8.80,      0.00,      8.80,      4.40,0,1,0,1,2,2,U2 
H5,840,2020,630629,     10.90,      2.90,      8.00,      5.45,0,0,0,2,2,2,U2 
H5,840,2020,630630,      0.00,      0.00,      0.00,      0.00,0,1,0,0,1,1,U2 
H5,840,2020,630640,      7.40,      3.70,      3.70,      3.70,0,0,0,2,2,2,U2 
H5,840,2020,630690,      8.00,      3.50,      4.50,      4.00,0,0,0,2,2,2,U2 
H5,840,2020,630710,      9.40,      4.10,      5.30,      4.70,0,0,0,2,2,2,U2 
H5,840,2020,630720,      4.50,      4.50,      4.50,      4.50,0,0,0,1,1,1,U2 
H5,840,2020,630790,     36.50,      0.00,      7.90,      3.65,0,4,0,6,10,10,U2 
H5,840,2020,630800,     11.40,     11.40,     11.40,     11.40,0,0,0,1,1,1,U2 
H5,840,2020,630900,      0.00,      0.00,      0.00,      0.00,0,1,0,0,1,1,U2 
H5,840,2020,631010,      0.00,      0.00,      0.00,      0.00,0,2,0,0,2,2,U2 
H5,840,2020,631090,     13.09,      0.00,     13.09,      6.55,0,1,1,0,2,2,U2 
H5,840,2020,640110,     37.50,     37.50,     37.50,     37.50,0,0,0,1,1,1,U2 
H5,840,2020,640192,     42.10,      0.00,     37.50,     14.03,0,1,0,2,3,3,U2 
H5,840,2020,640199,    137.50,      0.00,     37.50,     27.50,0,1,0,4,5,5,U2 
H5,840,2020,640212,      0.00,      0.00,      0.00,      0.00,0,1,0,0,1,1,U2 
H5,840,2020,640219,     76.83,      0.00,     35.86,     12.80,0,1,2,3,6,6,U2 
H5,840,2020,640220,      0.00,      0.00,      0.00,      0.00,0,1,0,0,1,1,U2 
H5,840,2020,640291,    364.27,      6.00,     48.00,     28.02,0,0,4,9,13,13,U2 
H5,840,2020,640299,    483.55,      3.00,     50.26,     24.18,0,0,4,16,20,20,U2 
H5,840,2020,640312,      0.00,      0.00,      0.00,      0.00,0,2,0,0,2,2,U2 
H5,840,2020,640319,     27.80,      0.00,     10.00,      4.63,0,2,0,4,6,6,U2 
H5,840,2020,640320,      0.00,      0.00,      0.00,      0.00,0,1,0,0,1,1,U2 
H5,840,2020,640340,     13.50,      5.00,      8.50,      6.75,0,0,0,2,2,2,U2 
H5,840,2020,640351,     23.50,      0.00,     10.00,      5.88,0,1,0,3,4,4,U2 
H5,840,2020,640359,     26.00,      0.00,     10.00,      5.20,0,1,0,4,5,5,U2 
H5,840,2020,640391,     23.50,      0.00,     10.00,      5.88,0,1,0,3,4,4,U2 
H5,840,2020,640399,     38.50,      0.00,     10.00,      6.42,0,1,0,5,6,6,U2 
H5,840,2020,640411,    282.95,      7.50,     48.00,     20.21,0,0,2,12,14,14,U2 
H5,840,2020,640419,    426.36,      7.50,     48.00,     19.38,0,0,2,20,22,22,U2 
H5,840,2020,640420,     62.50,     10.00,     37.50,     20.83,0,0,0,3,3,3,U2 
H5,840,2020,640510,     10.00,     10.00,     10.00,     10.00,0,0,0,1,1,1,U2 
H5,840,2020,640520,     22.50,      2.50,     12.50,      7.50,0,0,0,3,3,3,U2 
H5,840,2020,640590,     16.30,      3.80,     12.50,      8.15,0,0,0,2,2,2,U2 
H5,840,2020,640610,    133.70,      0.00,     33.60,      9.55,2,3,0,11,14,16,U2 
H5,840,2020,640620,      2.70,      2.70,      2.70,      2.70,0,0,0,1,1,1,U2 
H5,840,2020,640690,     22.80,      0.00,     14.90,      4.56,0,2,0,3,5,5,U2 
H5,840,2020,650100,     11.41,      0.00,     11.41,      5.71,1,1,1,0,2,3,U2 
H5,840,2020,650200,     10.80,      0.00,      6.80,      3.60,1,1,0,2,3,4,U2 
H5,840,2020,650400,     12.80,      6.00,      6.80,      6.40,1,0,0,2,2,3,U2 
H5,840,2020,650500,     84.61,      0.00,      9.19,      7.05,1,1,5,6,12,13,U2 
H5,840,2020,650610,      0.00,      0.00,      0.00,      0.00,0,2,0,0,2,2,U2 
H5,840,2020,650691,      0.00,      0.00,      0.00,      0.00,0,1,0,0,1,1,U2 
H5,840,2020,650699,     11.80,      3.30,      8.50,      5.90,0,0,0,2,2,2,U2 
H5,840,2020,650700,      0.00,      0.00,      0.00,      0.00,0,1,0,0,1,1,U2 
H5,840,2020,660110,      6.50,      6.50,      6.50,      6.50,0,0,0,1,1,1,U2 
H5,840,2020,660191,      0.00,      0.00,      0.00,      0.00,0,1,0,0,1,1,U2 
H5,840,2020,660199,      8.20,      8.20,      8.20,      8.20,0,0,0,1,1,1,U2 
H5,840,2020,660200,      4.00,      4.00,      4.00,      4.00,0,0,0,1,1,1,U2 
H5,840,2020,660320,     12.00,      0.00,     12.00,      6.00,0,1,0,1,2,2,U2 
H5,840,2020,660390,      5.20,      0.00,      5.20,      2.60,0,1,0,1,2,2,U2 
H5,840,2020,670100,      9.40,      4.70,      4.70,      4.70,0,0,0,2,2,2,U2 
H5,840,2020,670210,     11.80,      3.40,      8.40,      5.90,0,0,0,2,2,2,U2 
H5,840,2020,670290,     30.70,      4.70,     17.00,     10.23,0,0,0,3,3,3,U2 
H5,840,2020,670300,      0.00,      0.00,      0.00,      0.00,0,2,0,0,2,2,U2 
H5,840,2020,670411,      0.00,      0.00,      0.00,      0.00,0,1,0,0,1,1,U2 
H5,840,2020,670419,      0.00,      0.00,      0.00,      0.00,0,1,0,0,1,1,U2 
H5,840,2020,670420,      0.00,      0.00,      0.00,      0.00,0,1,0,0,1,1,U2 
H5,840,2020,670490,      0.00,      0.00,      0.00,      0.00,0,1,0,0,1,1,U2 
H5,840,2020,680100,      2.80,      2.80,      2.80,      2.80,0,0,0,1,1,1,U2 
H5,840,2020,680210,      4.80,      4.80,      4.80,      4.80,0,0,0,1,1,1,U2 
H5,840,2020,680221,      6.10,      1.90,      4.20,      3.05,0,0,0,2,2,2,U2 
H5,840,2020,680223,      3.70,      3.70,      3.70,      3.70,0,0,0,1,1,1,U2 
H5,840,2020,680229,     10.90,      4.90,      6.00,      5.45,0,0,0,2,2,2,U2 
H5,840,2020,680291,     20.00,      2.50,      4.90,      4.00,0,0,0,5,5,5,U2 
H5,840,2020,680292,      4.90,      4.90,      4.90,      4.90,0,0,0,1,1,1,U2 
H5,840,2020,680293,      3.70,      3.70,      3.70,      3.70,0,0,0,1,1,1,U2 
H5,840,2020,680299,      6.50,      6.50,      6.50,      6.50,0,0,0,1,1,1,U2 
H5,840,2020,680300,      3.30,      0.00,      3.30,      1.65,0,1,0,1,2,2,U2 
H5,840,2020,680410,      0.00,      0.00,      0.00,      0.00,0,1,0,0,1,1,U2 
H5,840,2020,680421,      0.00,      0.00,      0.00,      0.00,0,1,0,0,1,1,U2 
H5,840,2020,680422,      2.74,      0.00,      2.74,      0.91,0,2,1,0,3,3,U2 
H5,840,2020,680423,      0.00,      0.00,      0.00,      0.00,0,1,0,0,1,1,U2 
H5,840,2020,680430,      0.00,      0.00,      0.00,      0.00,0,1,0,0,1,1,U2 
H5,840,2020,680510,      0.00,      0.00,      0.00,      0.00,0,1,0,0,1,1,U2 
H5,840,2020,680520,      0.00,      0.00,      0.00,      0.00,0,1,0,0,1,1,U2 
H5,840,2020,680530,      0.00,      0.00,      0.00,      0.00,0,2,0,0,2,2,U2 
H5,840,2020,680610,      3.90,      3.90,      3.90,      3.90,0,0,0,1,1,1,U2 
H5,840,2020,680620,      0.00,      0.00,      0.00,      0.00,0,1,0,0,1,1,U2 
H5,840,2020,680690,      0.00,      0.00,      0.00,      0.00,0,1,0,0,1,1,U2 
H5,840,2020,680710,      0.00,      0.00,      0.00,      0.00,0,1,0,0,1,1,U2 
H5,840,2020,680790,      2.70,      2.70,      2.70,      2.70,0,0,0,1,1,1,U2 
H5,840,2020,680800,      0.00,      0.00,      0.00,      0.00,0,1,0,0,1,1,U2 
H5,840,2020,680911,      0.00,      0.00,      0.00,      0.00,0,1,0,0,1,1,U2 
H5,840,2020,680919,      3.00,      3.00,      3.00,      3.00,0,0,0,1,1,1,U2 
H5,840,2020,680990,      0.00,      0.00,      0.00,      0.00,0,1,0,0,1,1,U2 
H5,840,2020,681011,      3.20,      3.20,      3.20,      3.20,0,0,0,1,1,1,U2 
H5,840,2020,681019,     17.80,      3.90,      9.00,      5.93,0,0,0,3,3,3,U2 
H5,840,2020,681091,      0.00,      0.00,      0.00,      0.00,0,1,0,0,1,1,U2 
H5,840,2020,681099,      0.00,      0.00,      0.00,      0.00,0,1,0,0,1,1,U2 
H5,840,2020,681140,      0.00,      0.00,      0.00,      0.00,0,1,0,0,1,1,U2 
H5,840,2020,681181,      0.00,      0.00,      0.00,      0.00,0,1,0,0,1,1,U2 
H5,840,2020,681182,      0.00,      0.00,      0.00,      0.00,0,1,0,0,1,1,U2 
H5,840,2020,681189,      0.00,      0.00,      0.00,      0.00,0,2,0,0,2,2,U2 
H5,840,2020,681280,      8.30,      0.00,      8.30,      4.15,0,1,0,1,2,2,U2 
H5,840,2020,681291,      8.30,      0.00,      8.30,      4.15,0,1,0,1,2,2,U2 
H5,840,2020,681292,      0.00,      0.00,      0.00,      0.00,0,1,0,0,1,1,U2 
H5,840,2020,681293,      0.00,      0.00,      0.00,      0.00,0,1,0,0,1,1,U2 
H5,840,2020,681299,      0.00,      0.00,      0.00,      0.00,0,1,0,0,1,1,U2 
H5,840,2020,681320,      0.00,      0.00,      0.00,      0.00,0,1,0,0,1,1,U2 
H5,840,2020,681381,      0.00,      0.00,      0.00,      0.00,0,1,0,0,1,1,U2 
H5,840,2020,681389,      0.00,      0.00,      0.00,      0.00,0,1,0,0,1,1,U2 
H5,840,2020,681410,      2.70,      2.70,      2.70,      2.70,0,0,0,1,1,1,U2 
H5,840,2020,681490,      2.60,      2.60,      2.60,      2.60,0,0,0,1,1,1,U2 
H5,840,2020,681510,      0.00,      0.00,      0.00,      0.00,0,1,0,0,1,1,U2 
H5,840,2020,681520,      0.00,      0.00,      0.00,      0.00,0,1,0,0,1,1,U2 
H5,840,2020,681591,      0.00,      0.00,      0.00,      0.00,0,1,0,0,1,1,U2 
H5,840,2020,681599,      0.00,      0.00,      0.00,      0.00,0,2,0,0,2,2,U2 
H5,840,2020,690100,      0.00,      0.00,      0.00,      0.00,0,1,0,0,1,1,U2 
H5,840,2020,690210,      0.00,      0.00,      0.00,      0.00,0,2,0,0,2,2,U2 
H5,840,2020,690220,      0.00,      0.00,      0.00,      0.00,0,2,0,0,2,2,U2 
H5,840,2020,690290,      0.00,      0.00,      0.00,      0.00,0,2,0,0,2,2,U2 
H5,840,2020,690310,      0.00,      0.00,      0.00,      0.00,0,1,0,0,1,1,U2 
H5,840,2020,690320,      0.00,      0.00,      0.00,      0.00,0,1,0,0,1,1,U2 
H5,840,2020,690390,      0.00,      0.00,      0.00,      0.00,0,1,0,0,1,1,U2 
H5,840,2020,690410,      0.00,      0.00,      0.00,      0.00,0,1,0,0,1,1,U2 
H5,840,2020,690490,      0.00,      0.00,      0.00,      0.00,0,1,0,0,1,1,U2 
H5,840,2020,690510,     13.50,     13.50,     13.50,     13.50,0,0,0,1,1,1,U2 
H5,840,2020,690590,      3.20,      3.20,      3.20,      3.20,0,0,0,1,1,1,U2 
H5,840,2020,690600,      0.00,      0.00,      0.00,      0.00,0,1,0,0,1,1,U2 
H5,840,2020,690721,     47.00,      8.50,     10.00,      9.40,0,0,0,5,5,5,U2 
H5,840,2020,690722,     47.00,      8.50,     10.00,      9.40,0,0,0,5,5,5,U2 
H5,840,2020,690723,     47.00,      8.50,     10.00,      9.40,0,0,0,5,5,5,U2 
H5,840,2020,690730,     47.00,      8.50,     10.00,      9.40,0,0,0,5,5,5,U2 
H5,840,2020,690740,     47.00,      8.50,     10.00,      9.40,0,0,0,5,5,5,U2 
H5,840,2020,690911,      4.50,      0.00,      4.50,      2.25,0,1,0,1,2,2,U2 
H5,840,2020,690912,      4.00,      4.00,      4.00,      4.00,0,0,0,1,1,1,U2 
H5,840,2020,690919,      4.00,      0.00,      4.00,      2.00,0,1,0,1,2,2,U2 
H5,840,2020,690990,      4.00,      4.00,      4.00,      4.00,0,0,0,1,1,1,U2 
H5,840,2020,691010,      5.80,      5.80,      5.80,      5.80,0,0,0,1,1,1,U2 
H5,840,2020,691090,      5.70,      5.70,      5.70,      5.70,0,0,0,1,1,1,U2 
H5,840,2020,691110,    154.90,      6.00,     26.00,     12.91,0,0,0,12,12,12,U2 
H5,840,2020,691190,      5.40,      5.40,      5.40,      5.40,0,0,0,1,1,1,U2 
H5,840,2020,691200,     87.00,      0.70,     28.00,      8.70,0,0,0,10,10,10,U2 
H5,840,2020,691310,      3.30,      0.00,      3.30,      1.10,0,2,0,1,3,3,U2 
H5,840,2020,691390,      6.00,      0.00,      6.00,      1.50,0,3,0,1,4,4,U2 
H5,840,2020,691410,      9.00,      0.00,      9.00,      4.50,0,1,0,1,2,2,U2 
H5,840,2020,691490,      5.60,      0.00,      5.60,      2.80,0,1,0,1,2,2,U2 
H5,840,2020,700100,      3.00,      0.00,      3.00,      1.00,0,2,0,1,3,3,U2 
H5,840,2020,700210,      3.90,      0.00,      3.90,      1.95,0,1,0,1,2,2,U2 
H5,840,2020,700220,      6.00,      0.00,      6.00,      3.00,0,1,0,1,2,2,U2 
H5,840,2020,700231,      0.00,      0.00,      0.00,      0.00,0,1,0,0,1,1,U2 
H5,840,2020,700232,      6.00,      6.00,      6.00,      6.00,0,0,0,1,1,1,U2 
H5,840,2020,700239,      6.00,      6.00,      6.00,      6.00,0,0,0,1,1,1,U2 
H5,840,2020,700312,      1.40,      1.40,      1.40,      1.40,0,0,0,1,1,1,U2 
H5,840,2020,700319,      1.30,      1.30,      1.30,      1.30,0,0,0,1,1,1,U2 
H5,840,2020,700320,      1.10,      1.10,      1.10,      1.10,0,0,0,1,1,1,U2 
H5,840,2020,700330,      6.30,      6.30,      6.30,      6.30,0,0,0,1,1,1,U2 
H5,840,2020,700420,      9.55,      0.00,      7.20,      3.18,0,1,1,1,3,3,U2 
H5,840,2020,700490,      5.55,      0.00,      5.00,      0.69,0,6,1,1,8,8,U2 
H5,840,2020,700510,      4.40,      0.00,      4.40,      2.20,0,1,0,1,2,2,U2 
H5,840,2020,700521,      9.00,      3.40,      5.60,      4.50,0,0,1,1,2,2,U2 
H5,840,2020,700529,     11.44,      0.00,      4.90,      2.29,0,2,2,1,5,5,U2 
H5,840,2020,700530,      2.56,      2.56,      2.56,      2.56,0,0,1,0,1,1,U2 
H5,840,2020,700600,     20.10,      4.90,      8.80,      6.70,0,0,0,3,3,3,U2 
H5,840,2020,700711,      5.50,      5.50,      5.50,      5.50,0,0,0,1,1,1,U2 
H5,840,2020,700719,      5.00,      5.00,      5.00,      5.00,0,0,0,1,1,1,U2 
H5,840,2020,700721,      9.80,      4.90,      4.90,      4.90,0,0,0,2,2,2,U2 
H5,840,2020,700729,      4.90,      4.90,      4.90,      4.90,0,0,0,1,1,1,U2 
H5,840,2020,700800,      3.90,      3.90,      3.90,      3.90,0,0,0,1,1,1,U2 
H5,840,2020,700910,      3.90,      3.90,      3.90,      3.90,0,0,0,1,1,1,U2 
H5,840,2020,700991,     14.30,      6.50,      7.80,      7.15,0,0,0,2,2,2,U2 
H5,840,2020,700992,     14.30,      6.50,      7.80,      7.15,0,0,0,2,2,2,U2 
H5,840,2020,701010,      0.00,      0.00,      0.00,      0.00,0,1,0,0,1,1,U2 
H5,840,2020,701020,      7.70,      2.50,      5.20,      3.85,0,0,0,2,2,2,U2 
H5,840,2020,701090,      7.70,      0.00,      5.20,      1.92,0,2,0,2,4,4,U2 
H5,840,2020,701110,      4.60,      0.00,      4.60,      2.30,0,1,0,1,2,2,U2 
H5,840,2020,701120,     10.40,      0.00,      5.20,      3.47,0,1,0,2,3,3,U2 
H5,840,2020,701190,      6.60,      6.60,      6.60,      6.60,0,0,0,1,1,1,U2 
H5,840,2020,701310,     32.90,      6.90,     26.00,     16.45,0,0,0,2,2,2,U2 
H5,840,2020,701322,     39.30,      3.00,     15.00,      9.82,0,0,0,4,4,4,U2 
H5,840,2020,701328,     92.30,      5.00,     28.50,     13.19,0,0,0,7,7,7,U2 
H5,840,2020,701333,     39.30,      3.00,     15.00,      9.82,0,0,0,4,4,4,U2 
H5,840,2020,701337,     92.30,      5.00,     28.50,     13.19,0,0,0,7,7,7,U2 
H5,840,2020,701341,     45.50,      6.00,     15.00,     11.38,0,0,0,4,4,4,U2 
H5,840,2020,701342,     53.50,      7.20,     22.50,     13.38,0,0,0,4,4,4,U2 
H5,840,2020,701349,     75.70,      7.20,     22.50,     12.62,0,0,0,6,6,6,U2 
H5,840,2020,701391,     50.50,      6.00,     20.00,     12.63,0,0,0,4,4,4,U2 
H5,840,2020,701399,    151.80,      6.60,     38.00,     15.18,0,0,0,10,10,10,U2 
H5,840,2020,701400,     15.80,      3.30,      5.00,      3.95,0,0,0,4,4,4,U2 
H5,840,2020,701510,      0.00,      0.00,      0.00,      0.00,0,1,0,0,1,1,U2 
H5,840,2020,701590,      0.00,      0.00,      0.00,      0.00,0,3,0,0,3,3,U2 
H5,840,2020,701610,      2.70,      2.70,      2.70,      2.70,0,0,0,1,1,1,U2 
H5,840,2020,701690,     13.00,      5.00,      8.00,      6.50,0,0,0,2,2,2,U2 
H5,840,2020,701710,      4.60,      0.00,      4.60,      2.30,0,1,0,1,2,2,U2 
H5,840,2020,701720,      6.70,      6.70,      6.70,      6.70,0,0,0,1,1,1,U2 
H5,840,2020,701790,      6.70,      0.00,      6.70,      3.35,0,1,0,1,2,2,U2 
H5,840,2020,701810,      4.00,      0.00,      4.00,      1.33,0,2,0,1,3,3,U2 
H5,840,2020,701820,      5.00,      5.00,      5.00,      5.00,0,0,0,1,1,1,U2 
H5,840,2020,701890,      9.80,      3.20,      6.60,      4.90,0,0,0,2,2,2,U2 
H5,840,2020,701911,      4.90,      4.90,      4.90,      4.90,0,0,0,1,1,1,U2 
H5,840,2020,701912,      4.80,      4.80,      4.80,      4.80,0,0,0,1,1,1,U2 
H5,840,2020,701919,     22.60,      0.00,      7.00,      3.23,0,3,0,4,7,7,U2 
H5,840,2020,701931,      4.30,      4.30,      4.30,      4.30,0,0,0,1,1,1,U2 
H5,840,2020,701932,      4.30,      4.30,      4.30,      4.30,0,0,0,1,1,1,U2 
H5,840,2020,701939,      9.80,      4.90,      4.90,      4.90,0,0,0,2,2,2,U2 
H5,840,2020,701940,     20.30,      0.00,      7.30,      3.38,0,3,0,3,6,6,U2 
H5,840,2020,701951,      6.00,      0.00,      6.00,      3.00,0,1,0,1,2,2,U2 
H5,840,2020,701952,     14.30,      0.00,      7.30,      3.58,0,2,0,2,4,4,U2 
H5,840,2020,701959,     14.30,      0.00,      7.30,      3.58,0,2,0,2,4,4,U2 
H5,840,2020,701990,      9.10,      4.30,      4.80,      4.55,0,0,0,2,2,2,U2 
H5,840,2020,702000,     11.60,      0.00,      6.60,      3.87,0,1,0,2,3,3,U2 
H5,840,2020,710110,      0.00,      0.00,      0.00,      0.00,0,2,0,0,2,2,U2 
H5,840,2020,710121,      0.00,      0.00,      0.00,      0.00,0,1,0,0,1,1,U2 
H5,840,2020,710122,      0.00,      0.00,      0.00,      0.00,0,2,0,0,2,2,U2 
H5,840,2020,710210,      0.00,      0.00,      0.00,      0.00,0,1,0,0,1,1,U2 
H5,840,2020,710221,      0.00,      0.00,      0.00,      0.00,0,3,0,0,3,3,U2 
H5,840,2020,710229,      0.00,      0.00,      0.00,      0.00,0,1,0,0,1,1,U2 
H5,840,2020,710231,      0.00,      0.00,      0.00,      0.00,0,1,0,0,1,1,U2 
H5,840,2020,710239,      0.00,      0.00,      0.00,      0.00,0,1,0,0,1,1,U2 
H5,840,2020,710310,     10.50,      0.00,     10.50,      5.25,0,1,0,1,2,2,U2 
H5,840,2020,710391,      0.00,      0.00,      0.00,      0.00,0,1,0,0,1,1,U2 
H5,840,2020,710399,     10.50,      0.00,     10.50,      5.25,0,1,0,1,2,2,U2 
H5,840,2020,710410,      3.00,      3.00,      3.00,      3.00,0,0,0,1,1,1,U2 
H5,840,2020,710420,      3.00,      3.00,      3.00,      3.00,0,0,0,1,1,1,U2 
H5,840,2020,710490,      6.40,      0.00,      6.40,      3.20,0,1,0,1,2,2,U2 
H5,840,2020,710510,      0.00,      0.00,      0.00,      0.00,0,1,0,0,1,1,U2 
H5,840,2020,710590,      0.00,      0.00,      0.00,      0.00,0,1,0,0,1,1,U2 
H5,840,2020,710610,      0.00,      0.00,      0.00,      0.00,0,1,0,0,1,1,U2 
H5,840,2020,710691,      3.00,      0.00,      3.00,      1.50,0,1,0,1,2,2,U2 
H5,840,2020,710692,      3.00,      0.00,      3.00,      1.50,0,1,0,1,2,2,U2 
H5,840,2020,710700,      3.30,      3.30,      3.30,      3.30,0,0,0,1,1,1,U2 
H5,840,2020,710811,      0.00,      0.00,      0.00,      0.00,0,1,0,0,1,1,U2 
H5,840,2020,710812,      4.10,      0.00,      4.10,      2.05,0,1,0,1,2,2,U2 
H5,840,2020,710813,      4.10,      0.00,      4.10,      1.37,0,2,0,1,3,3,U2 
H5,840,2020,710820,      0.00,      0.00,      0.00,      0.00,0,1,0,0,1,1,U2 
H5,840,2020,710900,      6.00,      6.00,      6.00,      6.00,0,0,0,1,1,1,U2 
H5,840,2020,711011,      0.00,      0.00,      0.00,      0.00,0,1,0,0,1,1,U2 
H5,840,2020,711019,      0.00,      0.00,      0.00,      0.00,0,1,0,0,1,1,U2 
H5,840,2020,711021,      0.00,      0.00,      0.00,      0.00,0,1,0,0,1,1,U2 
H5,840,2020,711029,      0.00,      0.00,      0.00,      0.00,0,1,0,0,1,1,U2 
H5,840,2020,711031,      0.00,      0.00,      0.00,      0.00,0,1,0,0,1,1,U2 
H5,840,2020,711039,      0.00,      0.00,      0.00,      0.00,0,1,0,0,1,1,U2 
H5,840,2020,711041,      0.00,      0.00,      0.00,      0.00,0,1,0,0,1,1,U2 
H5,840,2020,711049,      0.00,      0.00,      0.00,      0.00,0,1,0,0,1,1,U2 
H5,840,2020,711100,     10.00,     10.00,     10.00,     10.00,0,0,0,1,1,1,U2 
H5,840,2020,711230,      0.00,      0.00,      0.00,      0.00,0,1,0,0,1,1,U2 
H5,840,2020,711291,      0.00,      0.00,      0.00,      0.00,0,1,0,0,1,1,U2 
H5,840,2020,711292,      0.00,      0.00,      0.00,      0.00,0,1,0,0,1,1,U2 
H5,840,2020,711299,      0.00,      0.00,      0.00,      0.00,0,1,0,0,1,1,U2 
H5,840,2020,711311,     24.80,      5.00,     13.50,      8.27,0,0,0,3,3,3,U2 
H5,840,2020,711319,     34.60,      5.00,      7.00,      5.77,0,0,0,6,6,6,U2 
H5,840,2020,711320,     34.80,      5.20,      7.00,      5.80,0,0,0,6,6,6,U2 
H5,840,2020,711411,     24.60,      2.70,      3.50,      3.08,0,0,0,8,8,8,U2 
H5,840,2020,711419,      7.90,      7.90,      7.90,      7.90,0,0,0,1,1,1,U2 
H5,840,2020,711420,      3.00,      3.00,      3.00,      3.00,0,0,0,1,1,1,U2 
H5,840,2020,711510,      4.00,      4.00,      4.00,      4.00,0,0,0,1,1,1,U2 
H5,840,2020,711590,     10.90,      0.00,      4.00,      2.72,0,1,0,3,4,4,U2 
H5,840,2020,711610,      8.80,      3.30,      5.50,      4.40,0,0,0,2,2,2,U2 
H5,840,2020,711620,     26.90,      0.00,     10.50,      4.48,0,1,0,5,6,6,U2 
H5,840,2020,711711,      8.00,      8.00,      8.00,      8.00,0,0,0,1,1,1,U2 
H5,840,2020,711719,     33.90,      0.00,     11.00,      5.65,0,2,0,4,6,6,U2 
H5,840,2020,711790,     25.40,      0.00,     11.00,      3.17,0,4,0,4,8,8,U2 
H5,840,2020,711810,      0.00,      0.00,      0.00,      0.00,0,1,0,0,1,1,U2 
H5,840,2020,711890,      0.00,      0.00,      0.00,      0.00,0,1,0,0,1,1,U2 
H5,840,2020,720110,      0.00,      0.00,      0.00,      0.00,0,1,0,0,1,1,U2 
H5,840,2020,720120,      0.00,      0.00,      0.00,      0.00,0,1,0,0,1,1,U2 
H5,840,2020,720150,      0.00,      0.00,      0.00,      0.00,0,2,0,0,2,2,U2 
H5,840,2020,720211,      2.90,      1.40,      1.50,      1.45,0,0,0,2,2,2,U2 
H5,840,2020,720219,      3.70,      1.40,      2.30,      1.85,0,0,0,2,2,2,U2 
H5,840,2020,720221,     10.30,      1.10,      5.80,      2.58,0,0,0,4,4,4,U2 
H5,840,2020,720229,      0.00,      0.00,      0.00,      0.00,0,1,0,0,1,1,U2 
H5,840,2020,720230,      3.90,      3.90,      3.90,      3.90,0,0,0,1,1,1,U2 
H5,840,2020,720241,      1.90,      1.90,      1.90,      1.90,0,0,0,1,1,1,U2 
H5,840,2020,720249,      5.00,      1.90,      3.10,      2.50,0,0,0,2,2,2,U2 
H5,840,2020,720250,     10.00,     10.00,     10.00,     10.00,0,0,0,1,1,1,U2 
H5,840,2020,720260,      0.00,      0.00,      0.00,      0.00,0,1,0,0,1,1,U2 
H5,840,2020,720270,      4.50,      4.50,      4.50,      4.50,0,0,0,1,1,1,U2 
H5,840,2020,720280,      5.60,      5.60,      5.60,      5.60,0,0,0,1,1,1,U2 
H5,840,2020,720291,      3.70,      3.70,      3.70,      3.70,0,0,0,1,1,1,U2 
H5,840,2020,720292,      4.20,      4.20,      4.20,      4.20,0,0,0,1,1,1,U2 
H5,840,2020,720293,     10.00,      5.00,      5.00,      5.00,0,0,0,2,2,2,U2 
H5,840,2020,720299,     14.20,      4.20,      5.00,      4.73,0,0,0,3,3,3,U2 
H5,840,2020,720310,      0.00,      0.00,      0.00,      0.00,0,1,0,0,1,1,U2 
H5,840,2020,720390,      0.00,      0.00,      0.00,      0.00,0,1,0,0,1,1,U2 
H5,840,2020,720410,      0.00,      0.00,      0.00,      0.00,0,1,0,0,1,1,U2 
H5,840,2020,720421,      0.00,      0.00,      0.00,      0.00,0,1,0,0,1,1,U2 
H5,840,2020,720429,      0.00,      0.00,      0.00,      0.00,0,1,0,0,1,1,U2 
H5,840,2020,720430,      0.00,      0.00,      0.00,      0.00,0,1,0,0,1,1,U2 
H5,840,2020,720441,      0.00,      0.00,      0.00,      0.00,0,1,0,0,1,1,U2 
H5,840,2020,720449,      0.00,      0.00,      0.00,      0.00,0,1,0,0,1,1,U2 
H5,840,2020,720450,      0.00,      0.00,      0.00,      0.00,0,1,0,0,1,1,U2 
H5,840,2020,720510,      0.00,      0.00,      0.00,      0.00,0,1,0,0,1,1,U2 
H5,840,2020,720521,      0.00,      0.00,      0.00,      0.00,0,1,0,0,1,1,U2 
H5,840,2020,720529,      0.00,      0.00,      0.00,      0.00,0,1,0,0,1,1,U2 
H5,840,2020,720610,      0.00,      0.00,      0.00,      0.00,0,1,0,0,1,1,U2 
H5,840,2020,720690,      0.00,      0.00,      0.00,      0.00,0,1,0,0,1,1,U2 
H5,840,2020,720711,      0.00,      0.00,      0.00,      0.00,0,1,0,0,1,1,U2 
H5,840,2020,720712,      0.00,      0.00,      0.00,      0.00,0,1,0,0,1,1,U2 
H5,840,2020,720719,      0.00,      0.00,      0.00,      0.00,0,1,0,0,1,1,U2 
H5,840,2020,720720,      0.00,      0.00,      0.00,      0.00,0,1,0,0,1,1,U2 
H5,840,2020,720810,      0.00,      0.00,      0.00,      0.00,0,3,0,0,3,3,U2 
H5,840,2020,720825,      0.00,      0.00,      0.00,      0.00,0,2,0,0,2,2,U2 
H5,840,2020,720826,      0.00,      0.00,      0.00,      0.00,0,1,0,0,1,1,U2 
H5,840,2020,720827,      0.00,      0.00,      0.00,      0.00,0,1,0,0,1,1,U2 
H5,840,2020,720836,      0.00,      0.00,      0.00,      0.00,0,1,0,0,1,1,U2 
H5,840,2020,720837,      0.00,      0.00,      0.00,      0.00,0,1,0,0,1,1,U2 
H5,840,2020,720838,      0.00,      0.00,      0.00,      0.00,0,1,0,0,1,1,U2 
H5,840,2020,720839,      0.00,      0.00,      0.00,      0.00,0,1,0,0,1,1,U2 
H5,840,2020,720840,      0.00,      0.00,      0.00,      0.00,0,2,0,0,2,2,U2 
H5,840,2020,720851,      0.00,      0.00,      0.00,      0.00,0,1,0,0,1,1,U2 
H5,840,2020,720852,      0.00,      0.00,      0.00,      0.00,0,1,0,0,1,1,U2 
H5,840,2020,720853,      0.00,      0.00,      0.00,      0.00,0,1,0,0,1,1,U2 
H5,840,2020,720854,      0.00,      0.00,      0.00,      0.00,0,1,0,0,1,1,U2 
H5,840,2020,720890,      0.00,      0.00,      0.00,      0.00,0,1,0,0,1,1,U2 
H5,840,2020,720915,      0.00,      0.00,      0.00,      0.00,0,1,0,0,1,1,U2 
H5,840,2020,720916,      0.00,      0.00,      0.00,      0.00,0,1,0,0,1,1,U2 
H5,840,2020,720917,      0.00,      0.00,      0.00,      0.00,0,1,0,0,1,1,U2 
H5,840,2020,720918,      0.00,      0.00,      0.00,      0.00,0,3,0,0,3,3,U2 
H5,840,2020,720925,      0.00,      0.00,      0.00,      0.00,0,1,0,0,1,1,U2 
H5,840,2020,720926,      0.00,      0.00,      0.00,      0.00,0,1,0,0,1,1,U2 
H5,840,2020,720927,      0.00,      0.00,      0.00,      0.00,0,1,0,0,1,1,U2 
H5,840,2020,720928,      0.00,      0.00,      0.00,      0.00,0,1,0,0,1,1,U2 
H5,840,2020,720990,      0.00,      0.00,      0.00,      0.00,0,1,0,0,1,1,U2 
H5,840,2020,721011,      0.00,      0.00,      0.00,      0.00,0,1,0,0,1,1,U2 
H5,840,2020,721012,      0.00,      0.00,      0.00,      0.00,0,1,0,0,1,1,U2 
H5,840,2020,721020,      0.00,      0.00,      0.00,      0.00,0,1,0,0,1,1,U2 
H5,840,2020,721030,      0.00,      0.00,      0.00,      0.00,0,1,0,0,1,1,U2 
H5,840,2020,721041,      0.00,      0.00,      0.00,      0.00,0,1,0,0,1,1,U2 
H5,840,2020,721049,      0.00,      0.00,      0.00,      0.00,0,1,0,0,1,1,U2 
H5,840,2020,721050,      0.00,      0.00,      0.00,      0.00,0,1,0,0,1,1,U2 
H5,840,2020,721061,      0.00,      0.00,      0.00,      0.00,0,1,0,0,1,1,U2 
H5,840,2020,721069,      0.00,      0.00,      0.00,      0.00,0,1,0,0,1,1,U2 
H5,840,2020,721070,      0.00,      0.00,      0.00,      0.00,0,2,0,0,2,2,U2 
H5,840,2020,721090,      0.00,      0.00,      0.00,      0.00,0,3,0,0,3,3,U2 
H5,840,2020,721113,      0.00,      0.00,      0.00,      0.00,0,1,0,0,1,1,U2 
H5,840,2020,721114,      0.00,      0.00,      0.00,      0.00,0,1,0,0,1,1,U2 
H5,840,2020,721119,      0.00,      0.00,      0.00,      0.00,0,6,0,0,6,6,U2 
H5,840,2020,721123,      0.00,      0.00,      0.00,      0.00,0,5,0,0,5,5,U2 
H5,840,2020,721129,      0.00,      0.00,      0.00,      0.00,0,3,0,0,3,3,U2 
H5,840,2020,721190,      0.00,      0.00,      0.00,      0.00,0,1,0,0,1,1,U2 
H5,840,2020,721210,      0.00,      0.00,      0.00,      0.00,0,1,0,0,1,1,U2 
H5,840,2020,721220,      0.00,      0.00,      0.00,      0.00,0,1,0,0,1,1,U2 
H5,840,2020,721230,      0.00,      0.00,      0.00,      0.00,0,3,0,0,3,3,U2 
H5,840,2020,721240,      0.00,      0.00,      0.00,      0.00,0,2,0,0,2,2,U2 
H5,840,2020,721250,      0.00,      0.00,      0.00,      0.00,0,1,0,0,1,1,U2 
H5,840,2020,721260,      0.00,      0.00,      0.00,      0.00,0,1,0,0,1,1,U2 
H5,840,2020,721310,      0.00,      0.00,      0.00,      0.00,0,1,0,0,1,1,U2 
H5,840,2020,721320,      0.00,      0.00,      0.00,      0.00,0,1,0,0,1,1,U2 
H5,840,2020,721391,      0.00,      0.00,      0.00,      0.00,0,3,0,0,3,3,U2 
H5,840,2020,721399,      0.00,      0.00,      0.00,      0.00,0,1,0,0,1,1,U2 
H5,840,2020,721410,      0.00,      0.00,      0.00,      0.00,0,1,0,0,1,1,U2 
H5,840,2020,721420,      0.00,      0.00,      0.00,      0.00,0,1,0,0,1,1,U2 
H5,840,2020,721430,      0.00,      0.00,      0.00,      0.00,0,1,0,0,1,1,U2 
H5,840,2020,721491,      0.00,      0.00,      0.00,      0.00,0,1,0,0,1,1,U2 
H5,840,2020,721499,      0.00,      0.00,      0.00,      0.00,0,1,0,0,1,1,U2 
H5,840,2020,721510,      0.00,      0.00,      0.00,      0.00,0,1,0,0,1,1,U2 
H5,840,2020,721550,      0.00,      0.00,      0.00,      0.00,0,1,0,0,1,1,U2 
H5,840,2020,721590,      0.00,      0.00,      0.00,      0.00,0,3,0,0,3,3,U2 
H5,840,2020,721610,      0.00,      0.00,      0.00,      0.00,0,1,0,0,1,1,U2 
H5,840,2020,721621,      0.00,      0.00,      0.00,      0.00,0,1,0,0,1,1,U2 
H5,840,2020,721622,      0.00,      0.00,      0.00,      0.00,0,1,0,0,1,1,U2 
H5,840,2020,721631,      0.00,      0.00,      0.00,      0.00,0,1,0,0,1,1,U2 
H5,840,2020,721632,      0.00,      0.00,      0.00,      0.00,0,1,0,0,1,1,U2 
H5,840,2020,721633,      0.00,      0.00,      0.00,      0.00,0,1,0,0,1,1,U2 
H5,840,2020,721640,      0.00,      0.00,      0.00,      0.00,0,1,0,0,1,1,U2 
H5,840,2020,721650,      0.00,      0.00,      0.00,      0.00,0,1,0,0,1,1,U2 
H5,840,2020,721661,      0.00,      0.00,      0.00,      0.00,0,1,0,0,1,1,U2 
H5,840,2020,721669,      0.00,      0.00,      0.00,      0.00,0,1,0,0,1,1,U2 
H5,840,2020,721691,      0.00,      0.00,      0.00,      0.00,0,1,0,0,1,1,U2 
H5,840,2020,721699,      0.00,      0.00,      0.00,      0.00,0,1,0,0,1,1,U2 
H5,840,2020,721710,      0.00,      0.00,      0.00,      0.00,0,9,0,0,9,9,U2 
H5,840,2020,721720,      0.00,      0.00,      0.00,      0.00,0,5,0,0,5,5,U2 
H5,840,2020,721730,      0.00,      0.00,      0.00,      0.00,0,5,0,0,5,5,U2 
H5,840,2020,721790,      0.00,      0.00,      0.00,      0.00,0,2,0,0,2,2,U2 
H5,840,2020,721810,      0.00,      0.00,      0.00,      0.00,0,1,0,0,1,1,U2 
H5,840,2020,721891,      0.00,      0.00,      0.00,      0.00,0,1,0,0,1,1,U2 
H5,840,2020,721899,      0.00,      0.00,      0.00,      0.00,0,1,0,0,1,1,U2 
H5,840,2020,721911,      0.00,      0.00,      0.00,      0.00,0,1,0,0,1,1,U2 
H5,840,2020,721912,      0.00,      0.00,      0.00,      0.00,0,1,0,0,1,1,U2 
H5,840,2020,721913,      0.00,      0.00,      0.00,      0.00,0,1,0,0,1,1,U2 
H5,840,2020,721914,      0.00,      0.00,      0.00,      0.00,0,1,0,0,1,1,U2 
H5,840,2020,721921,      0.00,      0.00,      0.00,      0.00,0,1,0,0,1,1,U2 
H5,840,2020,721922,      0.00,      0.00,      0.00,      0.00,0,1,0,0,1,1,U2 
H5,840,2020,721923,      0.00,      0.00,      0.00,      0.00,0,1,0,0,1,1,U2 
H5,840,2020,721924,      0.00,      0.00,      0.00,      0.00,0,1,0,0,1,1,U2 
H5,840,2020,721931,      0.00,      0.00,      0.00,      0.00,0,1,0,0,1,1,U2 
H5,840,2020,721932,      0.00,      0.00,      0.00,      0.00,0,1,0,0,1,1,U2 
H5,840,2020,721933,      0.00,      0.00,      0.00,      0.00,0,1,0,0,1,1,U2 
H5,840,2020,721934,      0.00,      0.00,      0.00,      0.00,0,1,0,0,1,1,U2 
H5,840,2020,721935,      0.00,      0.00,      0.00,      0.00,0,1,0,0,1,1,U2 
H5,840,2020,721990,      0.00,      0.00,      0.00,      0.00,0,1,0,0,1,1,U2 
H5,840,2020,722011,      0.00,      0.00,      0.00,      0.00,0,1,0,0,1,1,U2 
H5,840,2020,722012,      0.00,      0.00,      0.00,      0.00,0,2,0,0,2,2,U2 
H5,840,2020,722020,      0.00,      0.00,      0.00,      0.00,0,5,0,0,5,5,U2 
H5,840,2020,722090,      0.00,      0.00,      0.00,      0.00,0,1,0,0,1,1,U2 
H5,840,2020,722100,      0.00,      0.00,      0.00,      0.00,0,1,0,0,1,1,U2 
H5,840,2020,722211,      0.00,      0.00,      0.00,      0.00,0,1,0,0,1,1,U2 
H5,840,2020,722219,      0.00,      0.00,      0.00,      0.00,0,1,0,0,1,1,U2 
H5,840,2020,722220,      0.00,      0.00,      0.00,      0.00,0,1,0,0,1,1,U2 
H5,840,2020,722230,      0.00,      0.00,      0.00,      0.00,0,1,0,0,1,1,U2 
H5,840,2020,722240,      0.00,      0.00,      0.00,      0.00,0,2,0,0,2,2,U2 
H5,840,2020,722300,      0.00,      0.00,      0.00,      0.00,0,3,0,0,3,3,U2 
H5,840,2020,722410,      0.00,      0.00,      0.00,      0.00,0,1,0,0,1,1,U2 
H5,840,2020,722490,      0.00,      0.00,      0.00,      0.00,0,1,0,0,1,1,U2 
H5,840,2020,722511,      0.00,      0.00,      0.00,      0.00,0,1,0,0,1,1,U2 
H5,840,2020,722519,      0.00,      0.00,      0.00,      0.00,0,1,0,0,1,1,U2 
H5,840,2020,722530,      0.00,      0.00,      0.00,      0.00,0,4,0,0,4,4,U2 
H5,840,2020,722540,      0.00,      0.00,      0.00,      0.00,0,4,0,0,4,4,U2 
H5,840,2020,722550,      0.00,      0.00,      0.00,      0.00,0,4,0,0,4,4,U2 
H5,840,2020,722591,      0.00,      0.00,      0.00,      0.00,0,1,0,0,1,1,U2 
H5,840,2020,722592,      0.00,      0.00,      0.00,      0.00,0,1,0,0,1,1,U2 
H5,840,2020,722599,      0.00,      0.00,      0.00,      0.00,0,1,0,0,1,1,U2 
H5,840,2020,722611,      0.00,      0.00,      0.00,      0.00,0,2,0,0,2,2,U2 
H5,840,2020,722619,      0.00,      0.00,      0.00,      0.00,0,2,0,0,2,2,U2 
H5,840,2020,722620,      0.00,      0.00,      0.00,      0.00,0,1,0,0,1,1,U2 
H5,840,2020,722691,      0.00,      0.00,      0.00,      0.00,0,6,0,0,6,6,U2 
H5,840,2020,722692,      0.00,      0.00,      0.00,      0.00,0,5,0,0,5,5,U2 
H5,840,2020,722699,      0.00,      0.00,      0.00,      0.00,0,1,0,0,1,1,U2 
H5,840,2020,722710,      0.00,      0.00,      0.00,      0.00,0,1,0,0,1,1,U2 
H5,840,2020,722720,      0.00,      0.00,      0.00,      0.00,0,1,0,0,1,1,U2 
H5,840,2020,722790,      0.00,      0.00,      0.00,      0.00,0,3,0,0,3,3,U2 
H5,840,2020,722810,      0.00,      0.00,      0.00,      0.00,0,1,0,0,1,1,U2 
H5,840,2020,722820,      0.00,      0.00,      0.00,      0.00,0,2,0,0,2,2,U2 
H5,840,2020,722830,      0.00,      0.00,      0.00,      0.00,0,4,0,0,4,4,U2 
H5,840,2020,722840,      0.00,      0.00,      0.00,      0.00,0,1,0,0,1,1,U2 
H5,840,2020,722850,      0.00,      0.00,      0.00,      0.00,0,2,0,0,2,2,U2 
H5,840,2020,722860,      0.00,      0.00,      0.00,      0.00,0,3,0,0,3,3,U2 
H5,840,2020,722870,      0.00,      0.00,      0.00,      0.00,0,2,0,0,2,2,U2 
H5,840,2020,722880,      0.00,      0.00,      0.00,      0.00,0,1,0,0,1,1,U2 
H5,840,2020,722920,      0.00,      0.00,      0.00,      0.00,0,1,0,0,1,1,U2 
H5,840,2020,722990,      0.00,      0.00,      0.00,      0.00,0,4,0,0,4,4,U2 
H5,840,2020,730110,      0.00,      0.00,      0.00,      0.00,0,1,0,0,1,1,U2 
H5,840,2020,730120,      0.00,      0.00,      0.00,      0.00,0,2,0,0,2,2,U2 
H5,840,2020,730210,      0.00,      0.00,      0.00,      0.00,0,2,0,0,2,2,U2 
H5,840,2020,730230,      0.00,      0.00,      0.00,      0.00,0,1,0,0,1,1,U2 
H5,840,2020,730240,      0.00,      0.00,      0.00,      0.00,0,1,0,0,1,1,U2 
H5,840,2020,730290,      0.00,      0.00,      0.00,      0.00,0,2,0,0,2,2,U2 
H5,840,2020,730300,      0.00,      0.00,      0.00,      0.00,0,1,0,0,1,1,U2 
H5,840,2020,730411,      0.00,      0.00,      0.00,      0.00,0,1,0,0,1,1,U2 
H5,840,2020,730419,      0.00,      0.00,      0.00,      0.00,0,2,0,0,2,2,U2 
H5,840,2020,730422,      0.00,      0.00,      0.00,      0.00,0,1,0,0,1,1,U2 
H5,840,2020,730423,      0.00,      0.00,      0.00,      0.00,0,2,0,0,2,2,U2 
H5,840,2020,730424,      0.00,      0.00,      0.00,      0.00,0,3,0,0,3,3,U2 
H5,840,2020,730429,      0.00,      0.00,      0.00,      0.00,0,6,0,0,6,6,U2 
H5,840,2020,730431,      0.00,      0.00,      0.00,      0.00,0,2,0,0,2,2,U2 
H5,840,2020,730439,      0.00,      0.00,      0.00,      0.00,0,1,0,0,1,1,U2 
H5,840,2020,730441,      0.00,      0.00,      0.00,      0.00,0,2,0,0,2,2,U2 
H5,840,2020,730449,      0.00,      0.00,      0.00,      0.00,0,1,0,0,1,1,U2 
H5,840,2020,730451,      0.00,      0.00,      0.00,      0.00,0,2,0,0,2,2,U2 
H5,840,2020,730459,      0.00,      0.00,      0.00,      0.00,0,4,0,0,4,4,U2 
H5,840,2020,730490,      0.00,      0.00,      0.00,      0.00,0,4,0,0,4,4,U2 
H5,840,2020,730511,      0.00,      0.00,      0.00,      0.00,0,2,0,0,2,2,U2 
H5,840,2020,730512,      0.00,      0.00,      0.00,      0.00,0,2,0,0,2,2,U2 
H5,840,2020,730519,      0.00,      0.00,      0.00,      0.00,0,2,0,0,2,2,U2 
H5,840,2020,730520,      0.00,      0.00,      0.00,      0.00,0,4,0,0,4,4,U2 
H5,840,2020,730531,      0.00,      0.00,      0.00,      0.00,0,3,0,0,3,3,U2 
H5,840,2020,730539,      0.00,      0.00,      0.00,      0.00,0,2,0,0,2,2,U2 
H5,840,2020,730590,      0.00,      0.00,      0.00,      0.00,0,2,0,0,2,2,U2 
H5,840,2020,730611,      0.00,      0.00,      0.00,      0.00,0,1,0,0,1,1,U2 
H5,840,2020,730619,      0.00,      0.00,      0.00,      0.00,0,2,0,0,2,2,U2 
H5,840,2020,730621,      0.00,      0.00,      0.00,      0.00,0,3,0,0,3,3,U2 
H5,840,2020,730629,      0.00,      0.00,      0.00,      0.00,0,6,0,0,6,6,U2 
H5,840,2020,730630,      0.00,      0.00,      0.00,      0.00,0,3,0,0,3,3,U2 
H5,840,2020,730640,      0.00,      0.00,      0.00,      0.00,0,2,0,0,2,2,U2 
H5,840,2020,730650,      0.00,      0.00,      0.00,      0.00,0,3,0,0,3,3,U2 
H5,840,2020,730661,      0.00,      0.00,      0.00,      0.00,0,4,0,0,4,4,U2 
H5,840,2020,730669,      0.00,      0.00,      0.00,      0.00,0,4,0,0,4,4,U2 
H5,840,2020,730690,      0.00,      0.00,      0.00,      0.00,0,2,0,0,2,2,U2 
H5,840,2020,730711,      4.80,      4.80,      4.80,      4.80,0,0,0,1,1,1,U2 
H5,840,2020,730719,     11.80,      5.60,      6.20,      5.90,0,0,0,2,2,2,U2 
H5,840,2020,730721,      8.90,      3.30,      5.60,      4.45,0,0,0,2,2,2,U2 
H5,840,2020,730722,      6.20,      0.00,      6.20,      3.10,0,1,0,1,2,2,U2 
H5,840,2020,730723,      5.00,      5.00,      5.00,      5.00,0,0,0,1,1,1,U2 
H5,840,2020,730729,      5.00,      5.00,      5.00,      5.00,0,0,0,1,1,1,U2 
H5,840,2020,730791,     12.00,      3.20,      5.50,      4.00,0,0,0,3,3,3,U2 
H5,840,2020,730792,      6.20,      0.00,      6.20,      3.10,0,1,0,1,2,2,U2 
H5,840,2020,730793,     16.00,      4.30,      6.20,      5.33,0,0,0,3,3,3,U2 
H5,840,2020,730799,     11.20,      3.20,      4.30,      3.73,0,0,0,3,3,3,U2 
H5,840,2020,730810,      0.00,      0.00,      0.00,      0.00,0,1,0,0,1,1,U2 
H5,840,2020,730820,      0.00,      0.00,      0.00,      0.00,0,1,0,0,1,1,U2 
H5,840,2020,730830,      0.00,      0.00,      0.00,      0.00,0,2,0,0,2,2,U2 
H5,840,2020,730840,      0.00,      0.00,      0.00,      0.00,0,1,0,0,1,1,U2 
H5,840,2020,730890,      0.00,      0.00,      0.00,      0.00,0,4,0,0,4,4,U2 
H5,840,2020,730900,      0.00,      0.00,      0.00,      0.00,0,1,0,0,1,1,U2 
H5,840,2020,731010,      0.00,      0.00,      0.00,      0.00,0,1,0,0,1,1,U2 
H5,840,2020,731021,      0.00,      0.00,      0.00,      0.00,0,1,0,0,1,1,U2 
H5,840,2020,731029,      0.00,      0.00,      0.00,      0.00,0,1,0,0,1,1,U2 
H5,840,2020,731100,      0.00,      0.00,      0.00,      0.00,0,1,0,0,1,1,U2 
H5,840,2020,731210,      0.00,      0.00,      0.00,      0.00,0,9,0,0,9,9,U2 
H5,840,2020,731290,      0.00,      0.00,      0.00,      0.00,0,1,0,0,1,1,U2 
H5,840,2020,731300,      0.00,      0.00,      0.00,      0.00,0,1,0,0,1,1,U2 
H5,840,2020,731412,      0.00,      0.00,      0.00,      0.00,0,5,0,0,5,5,U2 
H5,840,2020,731414,      0.00,      0.00,      0.00,      0.00,0,5,0,0,5,5,U2 
H5,840,2020,731419,      0.00,      0.00,      0.00,      0.00,0,1,0,0,1,1,U2 
H5,840,2020,731420,      0.00,      0.00,      0.00,      0.00,0,1,0,0,1,1,U2 
H5,840,2020,731431,      0.00,      0.00,      0.00,      0.00,0,2,0,0,2,2,U2 
H5,840,2020,731439,      0.00,      0.00,      0.00,      0.00,0,1,0,0,1,1,U2 
H5,840,2020,731441,      0.00,      0.00,      0.00,      0.00,0,1,0,0,1,1,U2 
H5,840,2020,731442,      0.00,      0.00,      0.00,      0.00,0,1,0,0,1,1,U2 
H5,840,2020,731449,      0.00,      0.00,      0.00,      0.00,0,2,0,0,2,2,U2 
H5,840,2020,731450,      0.00,      0.00,      0.00,      0.00,0,1,0,0,1,1,U2 
H5,840,2020,731511,      0.00,      0.00,      0.00,      0.00,0,1,0,0,1,1,U2 
H5,840,2020,731512,      0.00,      0.00,      0.00,      0.00,0,1,0,0,1,1,U2 
H5,840,2020,731519,      0.00,      0.00,      0.00,      0.00,0,1,0,0,1,1,U2 
H5,840,2020,731520,      0.00,      0.00,      0.00,      0.00,0,2,0,0,2,2,U2 
H5,840,2020,731581,      0.00,      0.00,      0.00,      0.00,0,1,0,0,1,1,U2 
H5,840,2020,731582,      0.00,      0.00,      0.00,      0.00,0,4,0,0,4,4,U2 
H5,840,2020,731589,      5.40,      0.00,      3.90,      1.80,0,1,0,2,3,3,U2 
H5,840,2020,731590,      2.90,      2.90,      2.90,      2.90,0,0,0,1,1,1,U2 
H5,840,2020,731600,      0.00,      0.00,      0.00,      0.00,0,1,0,0,1,1,U2 
H5,840,2020,731700,      0.00,      0.00,      0.00,      0.00,0,6,0,0,6,6,U2 
H5,840,2020,731811,     12.50,     12.50,     12.50,     12.50,0,0,0,1,1,1,U2 
H5,840,2020,731812,     12.50,     12.50,     12.50,     12.50,0,0,0,1,1,1,U2 
H5,840,2020,731813,      5.70,      5.70,      5.70,      5.70,0,0,0,1,1,1,U2 
H5,840,2020,731814,     14.80,      6.20,      8.60,      7.40,0,0,0,2,2,2,U2 
H5,840,2020,731815,     14.70,      0.00,      8.50,      2.94,0,3,0,2,5,5,U2 
H5,840,2020,731816,      0.00,      0.00,      0.00,      0.00,0,1,0,0,1,1,U2 
H5,840,2020,731819,      5.70,      5.70,      5.70,      5.70,0,0,0,1,1,1,U2 
H5,840,2020,731821,      5.80,      5.80,      5.80,      5.80,0,0,0,1,1,1,U2 
H5,840,2020,731822,      0.00,      0.00,      0.00,      0.00,0,1,0,0,1,1,U2 
H5,840,2020,731823,      0.00,      0.00,      0.00,      0.00,0,1,0,0,1,1,U2 
H5,840,2020,731824,      3.80,      3.80,      3.80,      3.80,0,0,0,1,1,1,U2 
H5,840,2020,731829,      2.80,      2.80,      2.80,      2.80,0,0,0,1,1,1,U2 
H5,840,2020,731940,      8.60,      0.00,      4.50,      2.87,0,1,0,2,3,3,U2 
H5,840,2020,731990,      2.90,      0.00,      2.90,      1.45,0,1,0,1,2,2,U2 
H5,840,2020,732010,      9.60,      3.20,      3.20,      3.20,0,0,0,3,3,3,U2 
H5,840,2020,732020,      7.10,      3.20,      3.90,      3.55,0,0,0,2,2,2,U2 
H5,840,2020,732090,      2.90,      0.00,      2.90,      1.45,0,1,0,1,2,2,U2 
H5,840,2020,732111,      5.70,      0.00,      5.70,      1.90,0,2,0,1,3,3,U2 
H5,840,2020,732112,      0.00,      0.00,      0.00,      0.00,0,1,0,0,1,1,U2 
H5,840,2020,732119,      0.00,      0.00,      0.00,      0.00,0,1,0,0,1,1,U2 
H5,840,2020,732181,      2.90,      0.00,      2.90,      1.45,0,1,0,1,2,2,U2 
H5,840,2020,732182,      2.90,      0.00,      2.90,      1.45,0,1,0,1,2,2,U2 
H5,840,2020,732189,      0.00,      0.00,      0.00,      0.00,0,1,0,0,1,1,U2 
H5,840,2020,732190,      0.00,      0.00,      0.00,      0.00,0,5,0,0,5,5,U2 
H5,840,2020,732211,      0.00,      0.00,      0.00,      0.00,0,1,0,0,1,1,U2 
H5,840,2020,732219,      0.00,      0.00,      0.00,      0.00,0,1,0,0,1,1,U2 
H5,840,2020,732290,      0.00,      0.00,      0.00,      0.00,0,1,0,0,1,1,U2 
H5,840,2020,732310,      0.00,      0.00,      0.00,      0.00,0,1,0,0,1,1,U2 
H5,840,2020,732391,      5.30,      0.00,      5.30,      2.65,0,1,0,1,2,2,U2 
H5,840,2020,732392,      0.00,      0.00,      0.00,      0.00,0,1,0,0,1,1,U2 
H5,840,2020,732393,      2.00,      2.00,      2.00,      2.00,0,0,0,1,1,1,U2 
H5,840,2020,732394,      2.70,      2.70,      2.70,      2.70,0,0,0,1,1,1,U2 
H5,840,2020,732399,     16.90,      0.00,      8.20,      3.38,0,2,0,3,5,5,U2 
H5,840,2020,732410,      3.40,      3.40,      3.40,      3.40,0,0,0,1,1,1,U2 
H5,840,2020,732421,      0.00,      0.00,      0.00,      0.00,0,2,0,0,2,2,U2 
H5,840,2020,732429,      0.00,      0.00,      0.00,      0.00,0,1,0,0,1,1,U2 
H5,840,2020,732490,      0.00,      0.00,      0.00,      0.00,0,1,0,0,1,1,U2 
H5,840,2020,732510,      0.00,      0.00,      0.00,      0.00,0,1,0,0,1,1,U2 
H5,840,2020,732591,      2.90,      2.90,      2.90,      2.90,0,0,0,1,1,1,U2 
H5,840,2020,732599,      2.90,      0.00,      2.90,      1.45,0,1,0,1,2,2,U2 
H5,840,2020,732611,      0.00,      0.00,      0.00,      0.00,0,1,0,0,1,1,U2 
H5,840,2020,732619,      2.90,      2.90,      2.90,      2.90,0,0,0,1,1,1,U2 
H5,840,2020,732620,      3.90,      3.90,      3.90,      3.90,0,0,0,1,1,1,U2 
H5,840,2020,732690,     19.30,      0.00,      8.60,      3.22,0,3,0,3,6,6,U2 
H5,840,2020,740100,      0.00,      0.00,      0.00,      0.00,0,1,0,0,1,1,U2 
H5,840,2020,740200,      0.00,      0.00,      0.00,      0.00,0,1,0,0,1,1,U2 
H5,840,2020,740311,      1.00,      1.00,      1.00,      1.00,0,0,0,1,1,1,U2 
H5,840,2020,740312,      1.00,      1.00,      1.00,      1.00,0,0,0,1,1,1,U2 
H5,840,2020,740313,      1.00,      1.00,      1.00,      1.00,0,0,0,1,1,1,U2 
H5,840,2020,740319,      1.00,      1.00,      1.00,      1.00,0,0,0,1,1,1,U2 
H5,840,2020,740321,      1.00,      1.00,      1.00,      1.00,0,0,0,1,1,1,U2 
H5,840,2020,740322,      1.00,      1.00,      1.00,      1.00,0,0,0,1,1,1,U2 
H5,840,2020,740329,      1.00,      1.00,      1.00,      1.00,0,0,0,1,1,1,U2 
H5,840,2020,740400,      0.00,      0.00,      0.00,      0.00,0,2,0,0,2,2,U2 
H5,840,2020,740500,      0.00,      0.00,      0.00,      0.00,0,2,0,0,2,2,U2 
H5,840,2020,740610,      0.00,      0.00,      0.00,      0.00,0,1,0,0,1,1,U2 
H5,840,2020,740620,      0.00,      0.00,      0.00,      0.00,0,1,0,0,1,1,U2 
H5,840,2020,740710,      7.00,      1.00,      3.00,      2.33,0,0,0,3,3,3,U2 
H5,840,2020,740721,     10.70,      1.90,      2.20,      2.14,0,0,0,5,5,5,U2 
H5,840,2020,740729,     13.60,      1.60,      3.00,      2.72,0,0,0,5,5,5,U2 
H5,840,2020,740811,      4.00,      1.00,      3.00,      2.00,0,0,0,2,2,2,U2 
H5,840,2020,740819,      3.00,      3.00,      3.00,      3.00,0,0,0,1,1,1,U2 
H5,840,2020,740821,      3.00,      3.00,      3.00,      3.00,0,0,0,1,1,1,U2 
H5,840,2020,740822,      6.00,      3.00,      3.00,      3.00,0,0,0,2,2,2,U2 
H5,840,2020,740829,      6.00,      3.00,      3.00,      3.00,0,0,0,2,2,2,U2 
H5,840,2020,740911,      4.00,      1.00,      3.00,      2.00,0,0,0,2,2,2,U2 
H5,840,2020,740919,      7.00,      1.00,      3.00,      2.33,0,0,0,3,3,3,U2 
H5,840,2020,740921,      1.90,      1.90,      1.90,      1.90,0,0,0,1,1,1,U2 
H5,840,2020,740929,      1.90,      1.90,      1.90,      1.90,0,0,0,1,1,1,U2 
H5,840,2020,740931,      7.70,      1.70,      3.00,      2.57,0,0,0,3,3,3,U2 
H5,840,2020,740939,      7.70,      1.70,      3.00,      2.57,0,0,0,3,3,3,U2 
H5,840,2020,740940,      3.00,      3.00,      3.00,      3.00,0,0,0,1,1,1,U2 
H5,840,2020,740990,      7.70,      1.70,      3.00,      2.57,0,0,0,3,3,3,U2 
H5,840,2020,741011,      1.00,      1.00,      1.00,      1.00,0,0,0,1,1,1,U2 
H5,840,2020,741012,      1.00,      1.00,      1.00,      1.00,0,0,0,1,1,1,U2 
H5,840,2020,741021,      4.50,      1.50,      3.00,      2.25,0,0,0,2,2,2,U2 
H5,840,2020,741022,      1.50,      1.50,      1.50,      1.50,0,0,0,1,1,1,U2 
H5,840,2020,741110,      4.50,      1.50,      3.00,      2.25,0,0,0,2,2,2,U2 
H5,840,2020,741121,      4.40,      1.40,      3.00,      2.20,0,0,0,2,2,2,U2 
H5,840,2020,741122,      3.00,      3.00,      3.00,      3.00,0,0,0,1,1,1,U2 
H5,840,2020,741129,      4.40,      1.40,      3.00,      2.20,0,0,0,2,2,2,U2 
H5,840,2020,741210,      3.00,      3.00,      3.00,      3.00,0,0,0,1,1,1,U2 
H5,840,2020,741220,      3.00,      3.00,      3.00,      3.00,0,0,0,1,1,1,U2 
H5,840,2020,741300,      8.00,      2.00,      3.00,      2.67,0,0,0,3,3,3,U2 
H5,840,2020,741510,      2.50,      2.50,      2.50,      2.50,0,0,0,1,1,1,U2 
H5,840,2020,741521,      3.00,      3.00,      3.00,      3.00,0,0,0,1,1,1,U2 
H5,840,2020,741529,      3.00,      3.00,      3.00,      3.00,0,0,0,1,1,1,U2 
H5,840,2020,741533,      7.40,      1.40,      3.00,      2.47,0,0,0,3,3,3,U2 
H5,840,2020,741539,      3.00,      3.00,      3.00,      3.00,0,0,0,1,1,1,U2 
H5,840,2020,741810,      3.00,      3.00,      3.00,      3.00,0,0,0,1,1,1,U2 
H5,840,2020,741820,      6.00,      3.00,      3.00,      3.00,0,0,0,2,2,2,U2 
H5,840,2020,741910,      3.00,      3.00,      3.00,      3.00,0,0,0,1,1,1,U2 
H5,840,2020,741991,      0.00,      0.00,      0.00,      0.00,0,1,0,0,1,1,U2 
H5,840,2020,741999,     15.00,      0.00,      3.00,      2.14,0,2,0,5,7,7,U2 
H5,840,2020,750110,      0.00,      0.00,      0.00,      0.00,0,1,0,0,1,1,U2 
H5,840,2020,750120,      0.00,      0.00,      0.00,      0.00,0,1,0,0,1,1,U2 
H5,840,2020,750210,      0.00,      0.00,      0.00,      0.00,0,1,0,0,1,1,U2 
H5,840,2020,750220,      0.00,      0.00,      0.00,      0.00,0,1,0,0,1,1,U2 
H5,840,2020,750300,      0.00,      0.00,      0.00,      0.00,0,1,0,0,1,1,U2 
H5,840,2020,750400,      0.00,      0.00,      0.00,      0.00,0,1,0,0,1,1,U2 
H5,840,2020,750511,      8.60,      2.60,      3.00,      2.87,0,0,0,3,3,3,U2 
H5,840,2020,750512,      8.50,      2.50,      3.00,      2.83,0,0,0,3,3,3,U2 
H5,840,2020,750521,      5.60,      2.60,      3.00,      2.80,0,0,0,2,2,2,U2 
H5,840,2020,750522,      5.60,      2.60,      3.00,      2.80,0,0,0,2,2,2,U2 
H5,840,2020,750610,      8.00,      2.50,      3.00,      2.67,0,0,0,3,3,3,U2 
H5,840,2020,750620,      8.50,      2.50,      3.00,      2.83,0,0,0,3,3,3,U2 
H5,840,2020,750711,      2.00,      2.00,      2.00,      2.00,0,0,0,1,1,1,U2 
H5,840,2020,750712,      2.00,      2.00,      2.00,      2.00,0,0,0,1,1,1,U2 
H5,840,2020,750720,      3.00,      3.00,      3.00,      3.00,0,0,0,1,1,1,U2 
H5,840,2020,750810,      3.00,      3.00,      3.00,      3.00,0,0,0,1,1,1,U2 
H5,840,2020,750890,      6.00,      3.00,      3.00,      3.00,0,0,0,2,2,2,U2 
H5,840,2020,760110,      2.60,      0.00,      2.60,      1.30,0,1,0,1,2,2,U2 
H5,840,2020,760120,      4.70,      0.00,      2.60,      1.57,0,1,0,2,3,3,U2 
H5,840,2020,760200,      0.00,      0.00,      0.00,      0.00,0,1,0,0,1,1,U2 
H5,840,2020,760310,      5.00,      5.00,      5.00,      5.00,0,0,0,1,1,1,U2 
H5,840,2020,760320,      3.90,      3.90,      3.90,      3.90,0,0,0,1,1,1,U2 
H5,840,2020,760410,     10.60,      2.60,      5.00,      3.53,0,0,0,3,3,3,U2 
H5,840,2020,760421,      1.50,      1.50,      1.50,      1.50,0,0,0,1,1,1,U2 
H5,840,2020,760429,     10.60,      2.60,      5.00,      3.53,0,0,0,3,3,3,U2 
H5,840,2020,760511,      2.60,      2.60,      2.60,      2.60,0,0,0,1,1,1,U2 
H5,840,2020,760519,      4.20,      4.20,      4.20,      4.20,0,0,0,1,1,1,U2 
H5,840,2020,760521,      2.60,      2.60,      2.60,      2.60,0,0,0,1,1,1,U2 
H5,840,2020,760529,      4.20,      4.20,      4.20,      4.20,0,0,0,1,1,1,U2 
H5,840,2020,760611,      5.70,      2.70,      3.00,      2.85,0,0,0,2,2,2,U2 
H5,840,2020,760612,      9.50,      3.00,      6.50,      4.75,0,0,0,2,2,2,U2 
H5,840,2020,760691,      5.70,      2.70,      3.00,      2.85,0,0,0,2,2,2,U2 
H5,840,2020,760692,      9.50,      3.00,      6.50,      4.75,0,0,0,2,2,2,U2 
H5,840,2020,760711,     14.10,      3.00,      5.80,      4.70,0,0,0,3,3,3,U2 
H5,840,2020,760719,     14.00,      3.00,      5.70,      4.67,0,0,0,3,3,3,U2 
H5,840,2020,760720,      3.70,      0.00,      3.70,      1.85,0,1,0,1,2,2,U2 
H5,840,2020,760810,      5.70,      5.70,      5.70,      5.70,0,0,0,1,1,1,U2 
H5,840,2020,760820,      5.70,      5.70,      5.70,      5.70,0,0,0,1,1,1,U2 
H5,840,2020,760900,      5.70,      5.70,      5.70,      5.70,0,0,0,1,1,1,U2 
H5,840,2020,761010,      5.70,      5.70,      5.70,      5.70,0,0,0,1,1,1,U2 
H5,840,2020,761090,      5.70,      5.70,      5.70,      5.70,0,0,0,1,1,1,U2 
H5,840,2020,761100,      2.60,      2.60,      2.60,      2.60,0,0,0,1,1,1,U2 
H5,840,2020,761210,      2.40,      2.40,      2.40,      2.40,0,0,0,1,1,1,U2 
H5,840,2020,761290,      5.70,      0.00,      5.70,      2.85,0,1,0,1,2,2,U2 
H5,840,2020,761300,      5.00,      5.00,      5.00,      5.00,0,0,0,1,1,1,U2 
H5,840,2020,761410,      9.80,      4.90,      4.90,      4.90,0,0,0,2,2,2,U2 
H5,840,2020,761490,     15.50,      4.90,      5.70,      5.17,0,0,0,3,3,3,U2 
H5,840,2020,761510,     18.60,      3.10,      3.10,      3.10,0,0,0,6,6,6,U2 
H5,840,2020,761520,      3.80,      3.80,      3.80,      3.80,0,0,0,1,1,1,U2 
H5,840,2020,761610,     27.60,      4.70,      6.00,      5.52,0,0,0,5,5,5,U2 
H5,840,2020,761691,      2.50,      2.50,      2.50,      2.50,0,0,0,1,1,1,U2 
H5,840,2020,761699,      2.50,      0.00,      2.50,      1.25,0,1,0,1,2,2,U2 
H5,840,2020,780110,,,,,1,0,0,0,0,1,U2 
H5,840,2020,780191,,,,,1,0,0,0,0,1,U2 
H5,840,2020,780199,,,,,2,0,0,0,0,2,U2 
H5,840,2020,780200,      0.00,      0.00,      0.00,      0.00,0,1,0,0,1,1,U2 
H5,840,2020,780411,      2.20,      2.20,      2.20,      2.20,0,0,0,1,1,1,U2 
H5,840,2020,780419,      3.00,      3.00,      3.00,      3.00,0,0,0,1,1,1,U2 
H5,840,2020,780420,      0.00,      0.00,      0.00,      0.00,0,1,0,0,1,1,U2 
H5,840,2020,780600,      6.20,      1.20,      3.00,      2.07,0,0,0,3,3,3,U2 
H5,840,2020,790111,      1.50,      1.50,      1.50,      1.50,0,0,0,1,1,1,U2 
H5,840,2020,790112,      4.50,      1.50,      3.00,      2.25,0,0,0,2,2,2,U2 
H5,840,2020,790120,      3.00,      3.00,      3.00,      3.00,0,0,0,1,1,1,U2 
H5,840,2020,790200,      0.00,      0.00,      0.00,      0.00,0,1,0,0,1,1,U2 
H5,840,2020,790310,      0.22,      0.22,      0.22,      0.22,0,0,1,0,1,1,U2 
H5,840,2020,790390,      3.13,      0.13,      3.00,      1.56,0,0,1,1,2,2,U2 
H5,840,2020,790400,      4.20,      4.20,      4.20,      4.20,0,0,0,1,1,1,U2 
H5,840,2020,790500,      2.80,      2.80,      2.80,      2.80,0,0,0,1,1,1,U2 
H5,840,2020,790700,      9.00,      3.00,      3.00,      3.00,0,0,0,3,3,3,U2 
H5,840,2020,800110,      0.00,      0.00,      0.00,      0.00,0,1,0,0,1,1,U2 
H5,840,2020,800120,      0.00,      0.00,      0.00,      0.00,0,1,0,0,1,1,U2 
H5,840,2020,800200,      0.00,      0.00,      0.00,      0.00,0,1,0,0,1,1,U2 
H5,840,2020,800300,      3.00,      3.00,      3.00,      3.00,0,0,0,1,1,1,U2 
H5,840,2020,800700,     15.50,      2.10,      3.00,      2.58,0,0,0,6,6,6,U2 
H5,840,2020,810110,      7.00,      7.00,      7.00,      7.00,0,0,0,1,1,1,U2 
H5,840,2020,810194,      6.60,      6.60,      6.60,      6.60,0,0,0,1,1,1,U2 
H5,840,2020,810196,      4.40,      4.40,      4.40,      4.40,0,0,0,1,1,1,U2 
H5,840,2020,810197,      2.80,      2.80,      2.80,      2.80,0,0,0,1,1,1,U2 
H5,840,2020,810199,     10.20,      3.70,      6.50,      5.10,0,0,0,2,2,2,U2 
H5,840,2020,810210,,,,,1,0,0,0,0,1,U2 
H5,840,2020,810294,,,,,1,0,0,0,0,1,U2 
H5,840,2020,810295,     13.20,      6.60,      6.60,      6.60,0,0,0,2,2,2,U2 
H5,840,2020,810296,      4.40,      4.40,      4.40,      4.40,0,0,0,1,1,1,U2 
H5,840,2020,810297,      0.00,      0.00,      0.00,      0.00,0,1,0,0,1,1,U2 
H5,840,2020,810299,      3.70,      3.70,      3.70,      3.70,0,0,0,1,1,1,U2 
H5,840,2020,810320,      2.50,      2.50,      2.50,      2.50,0,0,0,1,1,1,U2 
H5,840,2020,810330,      0.00,      0.00,      0.00,      0.00,0,1,0,0,1,1,U2 
H5,840,2020,810390,      4.40,      4.40,      4.40,      4.40,0,0,0,1,1,1,U2 
H5,840,2020,810411,      8.00,      8.00,      8.00,      8.00,0,0,0,1,1,1,U2 
H5,840,2020,810419,      6.50,      6.50,      6.50,      6.50,0,0,0,1,1,1,U2 
H5,840,2020,810420,      0.00,      0.00,      0.00,      0.00,0,1,0,0,1,1,U2 
H5,840,2020,810430,      4.40,      4.40,      4.40,      4.40,0,0,0,1,1,1,U2 
H5,840,2020,810490,,,,,1,0,0,0,0,1,U2 
H5,840,2020,810520,      4.40,      0.00,      4.40,      1.47,0,2,0,1,3,3,U2 
H5,840,2020,810530,      0.00,      0.00,      0.00,      0.00,0,1,0,0,1,1,U2 
H5,840,2020,810590,      3.70,      3.70,      3.70,      3.70,0,0,0,1,1,1,U2 
H5,840,2020,810600,      0.00,      0.00,      0.00,      0.00,0,1,0,0,1,1,U2 
H5,840,2020,810720,      0.00,      0.00,      0.00,      0.00,0,1,0,0,1,1,U2 
H5,840,2020,810730,      0.00,      0.00,      0.00,      0.00,0,1,0,0,1,1,U2 
H5,840,2020,810790,      4.40,      4.40,      4.40,      4.40,0,0,0,1,1,1,U2 
H5,840,2020,810820,     15.00,     15.00,     15.00,     15.00,0,0,0,1,1,1,U2 
H5,840,2020,810830,      0.00,      0.00,      0.00,      0.00,0,1,0,0,1,1,U2 
H5,840,2020,810890,     20.50,      5.50,     15.00,     10.25,0,0,0,2,2,2,U2 
H5,840,2020,810920,      4.20,      4.20,      4.20,      4.20,0,0,0,1,1,1,U2 
H5,840,2020,810930,      0.00,      0.00,      0.00,      0.00,0,1,0,0,1,1,U2 
H5,840,2020,810990,      3.70,      3.70,      3.70,      3.70,0,0,0,1,1,1,U2 
H5,840,2020,811010,      0.00,      0.00,      0.00,      0.00,0,1,0,0,1,1,U2 
H5,840,2020,811020,      0.00,      0.00,      0.00,      0.00,0,1,0,0,1,1,U2 
H5,840,2020,811090,      0.00,      0.00,      0.00,      0.00,0,1,0,0,1,1,U2 
H5,840,2020,811100,     31.70,      0.00,     14.00,      7.93,0,1,0,3,4,4,U2 
H5,840,2020,811212,      8.50,      8.50,      8.50,      8.50,0,0,0,1,1,1,U2 
H5,840,2020,811213,      0.00,      0.00,      0.00,      0.00,0,1,0,0,1,1,U2 
H5,840,2020,811219,      5.50,      5.50,      5.50,      5.50,0,0,0,1,1,1,U2 
H5,840,2020,811221,      3.00,      3.00,      3.00,      3.00,0,0,0,1,1,1,U2 
H5,840,2020,811222,      0.00,      0.00,      0.00,      0.00,0,1,0,0,1,1,U2 
H5,840,2020,811229,      3.00,      3.00,      3.00,      3.00,0,0,0,1,1,1,U2 
H5,840,2020,811251,      4.00,      4.00,      4.00,      4.00,0,0,0,1,1,1,U2 
H5,840,2020,811252,      0.00,      0.00,      0.00,      0.00,0,1,0,0,1,1,U2 
H5,840,2020,811259,      4.00,      4.00,      4.00,      4.00,0,0,0,1,1,1,U2 
H5,840,2020,811292,     19.90,      0.00,      4.90,      2.21,0,3,0,6,9,9,U2 
H5,840,2020,811299,     10.40,      2.00,      4.40,      3.47,0,0,0,3,3,3,U2 
H5,840,2020,811300,      3.70,      3.70,      3.70,      3.70,0,0,0,1,1,1,U2 
H5,840,2020,820110,      0.00,      0.00,      0.00,      0.00,0,1,0,0,1,1,U2 
H5,840,2020,820130,      0.00,      0.00,      0.00,      0.00,0,1,0,0,1,1,U2 
H5,840,2020,820140,      6.20,      0.00,      6.20,      3.10,0,1,0,1,2,2,U2 
H5,840,2020,820150,,,,,1,0,0,0,0,1,U2 
H5,840,2020,820160,,,,,1,0,0,0,0,1,U2 
H5,840,2020,820190,      0.00,      0.00,      0.00,      0.00,1,2,0,0,2,3,U2 
H5,840,2020,820210,      0.00,      0.00,      0.00,      0.00,0,1,0,0,1,1,U2 
H5,840,2020,820220,      0.00,      0.00,      0.00,      0.00,0,1,0,0,1,1,U2 
H5,840,2020,820231,      0.00,      0.00,      0.00,      0.00,0,1,0,0,1,1,U2 
H5,840,2020,820239,      0.00,      0.00,      0.00,      0.00,0,1,0,0,1,1,U2 
H5,840,2020,820240,      7.20,      0.00,      7.20,      3.60,0,1,0,1,2,2,U2 
H5,840,2020,820291,      0.00,      0.00,      0.00,      0.00,0,2,0,0,2,2,U2 
H5,840,2020,820299,      0.00,      0.00,      0.00,      0.00,0,1,0,0,1,1,U2 
H5,840,2020,820310,      0.00,      0.00,      0.00,      0.00,0,3,0,0,3,3,U2 
H5,840,2020,820320,     20.50,      4.00,     12.00,      6.83,1,0,0,3,3,4,U2 
H5,840,2020,820330,      0.00,      0.00,      0.00,      0.00,0,1,0,0,1,1,U2 
H5,840,2020,820340,      9.30,      3.30,      6.00,      4.65,0,0,0,2,2,2,U2 
H5,840,2020,820411,      9.00,      9.00,      9.00,      9.00,0,0,0,1,1,1,U2 
H5,840,2020,820412,      9.00,      9.00,      9.00,      9.00,0,0,0,1,1,1,U2 
H5,840,2020,820420,      9.00,      9.00,      9.00,      9.00,0,0,0,1,1,1,U2 
H5,840,2020,820510,      6.20,      6.20,      6.20,      6.20,0,0,0,1,1,1,U2 
H5,840,2020,820520,      6.20,      0.00,      6.20,      3.10,0,1,0,1,2,2,U2 
H5,840,2020,820530,     10.70,      5.00,      5.70,      5.35,0,0,0,2,2,2,U2 
H5,840,2020,820540,      6.20,      6.20,      6.20,      6.20,0,0,0,1,1,1,U2 
H5,840,2020,820551,     12.70,      0.00,      5.30,      2.54,0,2,1,2,5,5,U2 
H5,840,2020,820559,     25.16,      0.00,      7.20,      3.14,0,3,1,4,8,8,U2 
H5,840,2020,820560,      2.90,      2.90,      2.90,      2.90,0,0,0,1,1,1,U2 
H5,840,2020,820570,      5.00,      5.00,      5.00,      5.00,0,0,0,1,1,1,U2 
H5,840,2020,820590,      0.00,      0.00,      0.00,      0.00,1,1,0,0,1,2,U2 
H5,840,2020,820600,,,,,1,0,0,0,0,1,U2 
H5,840,2020,820713,      3.60,      3.60,      3.60,      3.60,0,0,0,1,1,1,U2 
H5,840,2020,820719,      7.90,      2.90,      5.00,      3.95,0,0,0,2,2,2,U2 
H5,840,2020,820720,      3.90,      3.90,      3.90,      3.90,0,0,0,1,1,1,U2 
H5,840,2020,820730,      8.60,      2.90,      5.70,      4.30,0,0,0,2,2,2,U2 
H5,840,2020,820740,     10.50,      4.80,      5.70,      5.25,0,0,0,2,2,2,U2 
H5,840,2020,820750,     21.50,      2.90,      8.40,      5.38,0,0,0,4,4,4,U2 
H5,840,2020,820760,      4.80,      4.80,      4.80,      4.80,0,0,0,1,1,1,U2 
H5,840,2020,820770,      7.90,      2.90,      5.00,      3.95,0,0,0,2,2,2,U2 
H5,840,2020,820780,      8.50,      3.70,      4.80,      4.25,0,0,0,2,2,2,U2 
H5,840,2020,820790,     19.40,      1.60,      5.00,      3.88,0,0,0,5,5,5,U2 
H5,840,2020,820810,      0.00,      0.00,      0.00,      0.00,0,1,0,0,1,1,U2 
H5,840,2020,820820,      0.00,      0.00,      0.00,      0.00,0,1,0,0,1,1,U2 
H5,840,2020,820830,      0.00,      0.00,      0.00,      0.00,0,1,0,0,1,1,U2 
H5,840,2020,820840,      0.00,      0.00,      0.00,      0.00,0,2,0,0,2,2,U2 
H5,840,2020,820890,      0.00,      0.00,      0.00,      0.00,0,2,0,0,2,2,U2 
H5,840,2020,820900,      4.60,      4.60,      4.60,      4.60,0,0,0,1,1,1,U2 
H5,840,2020,821000,      3.70,      3.70,      3.70,      3.70,0,0,0,1,1,1,U2 
H5,840,2020,821110,,,,,1,0,0,0,0,1,U2 
H5,840,2020,821191,     41.72,      0.00,     12.29,      5.96,0,1,6,0,7,7,U2 
H5,840,2020,821192,     20.70,      4.40,      6.28,      5.17,0,0,3,1,4,4,U2 
H5,840,2020,821193,      6.98,      6.98,      6.98,      6.98,0,0,1,0,1,1,U2 
H5,840,2020,821194,      7.89,      2.24,      5.65,      3.95,0,0,2,0,2,2,U2 
H5,840,2020,821195,,,,,3,0,0,0,0,3,U2 
H5,840,2020,821210,      0.00,      0.00,      0.00,      0.00,0,1,0,0,1,1,U2 
H5,840,2020,821220,      0.00,      0.00,      0.00,      0.00,0,1,0,0,1,1,U2 
H5,840,2020,821290,      0.00,      0.00,      0.00,      0.00,0,1,0,0,1,1,U2 
H5,840,2020,821300,     23.74,      4.99,     13.32,      7.91,0,0,3,0,3,3,U2 
H5,840,2020,821410,,,,,1,0,0,0,0,1,U2 
H5,840,2020,821420,      8.10,      0.00,      4.10,      2.70,0,1,0,2,3,3,U2 
H5,840,2020,821490,,,,,3,0,0,0,0,3,U2 
H5,840,2020,821510,,,,,1,0,0,0,0,1,U2 
H5,840,2020,821520,,,,,1,0,0,0,0,1,U2 
H5,840,2020,821591,      6.90,      0.00,      4.20,      2.30,0,1,0,2,3,3,U2 
H5,840,2020,821599,     31.10,      0.00,     14.00,      5.18,7,2,0,4,6,13,U2 
H5,840,2020,830110,     24.80,      2.30,      6.10,      4.13,0,0,0,6,6,6,U2 
H5,840,2020,830120,      5.70,      5.70,      5.70,      5.70,0,0,0,1,1,1,U2 
H5,840,2020,830130,      5.70,      5.70,      5.70,      5.70,0,0,0,1,1,1,U2 
H5,840,2020,830140,      8.80,      3.10,      5.70,      4.40,0,0,0,2,2,2,U2 
H5,840,2020,830150,      3.10,      3.10,      3.10,      3.10,0,0,0,1,1,1,U2 
H5,840,2020,830160,      2.80,      2.80,      2.80,      2.80,0,0,0,1,1,1,U2 
H5,840,2020,830170,      4.50,      4.50,      4.50,      4.50,0,0,0,1,1,1,U2 
H5,840,2020,830210,      8.90,      2.00,      3.50,      2.97,0,0,0,3,3,3,U2 
H5,840,2020,830220,      5.70,      5.70,      5.70,      5.70,0,0,0,1,1,1,U2 
H5,840,2020,830230,      5.50,      2.00,      3.50,      2.75,0,0,0,2,2,2,U2 
H5,840,2020,830241,     11.30,      3.50,      3.90,      3.77,0,0,0,3,3,3,U2 
H5,840,2020,830242,      7.30,      3.40,      3.90,      3.65,0,0,0,2,2,2,U2 
H5,840,2020,830249,     16.70,      0.00,      7.50,      4.18,0,1,0,3,4,4,U2 
H5,840,2020,830250,      0.00,      0.00,      0.00,      0.00,0,1,0,0,1,1,U2 
H5,840,2020,830260,      7.00,      3.10,      3.90,      3.50,0,0,0,2,2,2,U2 
H5,840,2020,830300,      3.80,      3.80,      3.80,      3.80,0,0,0,1,1,1,U2 
H5,840,2020,830400,      3.90,      3.90,      3.90,      3.90,0,0,0,1,1,1,U2 
H5,840,2020,830510,      2.90,      2.90,      2.90,      2.90,0,0,0,1,1,1,U2 
H5,840,2020,830520,      0.00,      0.00,      0.00,      0.00,0,1,0,0,1,1,U2 
H5,840,2020,830590,      5.70,      0.00,      5.70,      2.85,0,1,0,1,2,2,U2 
H5,840,2020,830610,      5.80,      5.80,      5.80,      5.80,0,0,0,1,1,1,U2 
H5,840,2020,830621,      4.50,      4.50,      4.50,      4.50,0,0,0,1,1,1,U2 
H5,840,2020,830629,      0.00,      0.00,      0.00,      0.00,0,1,0,0,1,1,U2 
H5,840,2020,830630,      2.70,      2.70,      2.70,      2.70,0,0,0,1,1,1,U2 
H5,840,2020,830710,      7.60,      3.80,      3.80,      3.80,0,0,0,2,2,2,U2 
H5,840,2020,830790,      7.60,      3.80,      3.80,      3.80,0,0,0,2,2,2,U2 
H5,840,2020,830810,      3.03,      3.03,      3.03,      3.03,0,0,1,0,1,1,U2 
H5,840,2020,830820,      0.00,      0.00,      0.00,      0.00,0,2,0,0,2,2,U2 
H5,840,2020,830890,      6.60,      0.00,      3.90,      2.20,0,1,0,2,3,3,U2 
H5,840,2020,830910,      0.00,      0.00,      0.00,      0.00,0,1,0,0,1,1,U2 
H5,840,2020,830990,      2.60,      2.60,      2.60,      2.60,0,0,0,1,1,1,U2 
H5,840,2020,831000,      0.00,      0.00,      0.00,      0.00,0,1,0,0,1,1,U2 
H5,840,2020,831110,      0.00,      0.00,      0.00,      0.00,0,1,0,0,1,1,U2 
H5,840,2020,831120,      0.00,      0.00,      0.00,      0.00,0,1,0,0,1,1,U2 
H5,840,2020,831130,      0.00,      0.00,      0.00,      0.00,0,2,0,0,2,2,U2 
H5,840,2020,831190,      0.00,      0.00,      0.00,      0.00,0,1,0,0,1,1,U2 
H5,840,2020,840110,      3.30,      3.30,      3.30,      3.30,0,0,0,1,1,1,U2 
H5,840,2020,840120,      2.60,      2.60,      2.60,      2.60,0,0,0,1,1,1,U2 
H5,840,2020,840130,      3.30,      3.30,      3.30,      3.30,0,0,0,1,1,1,U2 
H5,840,2020,840140,      3.30,      3.30,      3.30,      3.30,0,0,0,1,1,1,U2 
H5,840,2020,840211,      5.20,      5.20,      5.20,      5.20,0,0,0,1,1,1,U2 
H5,840,2020,840212,      4.30,      4.30,      4.30,      4.30,0,0,0,1,1,1,U2 
H5,840,2020,840219,      5.20,      5.20,      5.20,      5.20,0,0,0,1,1,1,U2 
H5,840,2020,840220,      3.30,      3.30,      3.30,      3.30,0,0,0,1,1,1,U2 
H5,840,2020,840290,      4.30,      4.30,      4.30,      4.30,0,0,0,1,1,1,U2 
H5,840,2020,840310,      0.00,      0.00,      0.00,      0.00,0,1,0,0,1,1,U2 
H5,840,2020,840390,      0.00,      0.00,      0.00,      0.00,0,1,0,0,1,1,U2 
H5,840,2020,840410,      3.50,      3.50,      3.50,      3.50,0,0,0,1,1,1,U2 
H5,840,2020,840420,      5.00,      5.00,      5.00,      5.00,0,0,0,1,1,1,U2 
H5,840,2020,840490,      3.50,      3.50,      3.50,      3.50,0,0,0,1,1,1,U2 
H5,840,2020,840510,      0.00,      0.00,      0.00,      0.00,0,1,0,0,1,1,U2 
H5,840,2020,840590,      0.00,      0.00,      0.00,      0.00,0,1,0,0,1,1,U2 
H5,840,2020,840610,      6.70,      0.00,      6.70,      3.35,0,1,0,1,2,2,U2 
H5,840,2020,840681,      6.70,      0.00,      6.70,      3.35,0,1,0,1,2,2,U2 
H5,840,2020,840682,      6.70,      0.00,      6.70,      3.35,0,1,0,1,2,2,U2 
H5,840,2020,840690,     20.00,      0.00,      5.00,      2.50,0,4,0,4,8,8,U2 
H5,840,2020,840710,      0.00,      0.00,      0.00,      0.00,0,1,0,0,1,1,U2 
H5,840,2020,840721,      0.00,      0.00,      0.00,      0.00,0,1,0,0,1,1,U2 
H5,840,2020,840729,      0.00,      0.00,      0.00,      0.00,0,1,0,0,1,1,U2 
H5,840,2020,840731,      0.00,      0.00,      0.00,      0.00,0,1,0,0,1,1,U2 
H5,840,2020,840732,      0.00,      0.00,      0.00,      0.00,0,3,0,0,3,3,U2 
H5,840,2020,840733,      2.50,      0.00,      2.50,      0.63,0,3,0,1,4,4,U2 
H5,840,2020,840734,     10.00,      0.00,      2.50,      1.25,0,4,0,4,8,8,U2 
H5,840,2020,840790,      0.00,      0.00,      0.00,      0.00,0,2,0,0,2,2,U2 
H5,840,2020,840810,      2.50,      2.50,      2.50,      2.50,0,0,0,1,1,1,U2 
H5,840,2020,840820,      5.00,      0.00,      2.50,      1.67,0,1,0,2,3,3,U2 
H5,840,2020,840890,      0.00,      0.00,      0.00,      0.00,0,2,0,0,2,2,U2 
H5,840,2020,840910,      0.00,      0.00,      0.00,      0.00,0,1,0,0,1,1,U2 
H5,840,2020,840991,     10.00,      0.00,      2.50,      2.00,0,1,0,4,5,5,U2 
H5,840,2020,840999,      5.00,      0.00,      2.50,      1.25,0,2,0,2,4,4,U2 
H5,840,2020,841011,      3.80,      3.80,      3.80,      3.80,0,0,0,1,1,1,U2 
H5,840,2020,841012,      3.80,      3.80,      3.80,      3.80,0,0,0,1,1,1,U2 
H5,840,2020,841013,      3.80,      3.80,      3.80,      3.80,0,0,0,1,1,1,U2 
H5,840,2020,841090,      3.80,      3.80,      3.80,      3.80,0,0,0,1,1,1,U2 
H5,840,2020,841111,      0.00,      0.00,      0.00,      0.00,0,2,0,0,2,2,U2 
H5,840,2020,841112,      0.00,      0.00,      0.00,      0.00,0,2,0,0,2,2,U2 
H5,840,2020,841121,      0.00,      0.00,      0.00,      0.00,0,2,0,0,2,2,U2 
H5,840,2020,841122,      0.00,      0.00,      0.00,      0.00,0,2,0,0,2,2,U2 
H5,840,2020,841181,      2.50,      0.00,      2.50,      1.25,0,1,0,1,2,2,U2 
H5,840,2020,841182,      2.50,      0.00,      2.50,      1.25,0,1,0,1,2,2,U2 
H5,840,2020,841191,      0.00,      0.00,      0.00,      0.00,0,2,0,0,2,2,U2 
H5,840,2020,841199,      2.40,      0.00,      2.40,      1.20,0,1,0,1,2,2,U2 
H5,840,2020,841210,      0.00,      0.00,      0.00,      0.00,0,1,0,0,1,1,U2 
H5,840,2020,841221,      0.00,      0.00,      0.00,      0.00,0,1,0,0,1,1,U2 
H5,840,2020,841229,      0.00,      0.00,      0.00,      0.00,0,2,0,0,2,2,U2 
H5,840,2020,841231,      0.00,      0.00,      0.00,      0.00,0,1,0,0,1,1,U2 
H5,840,2020,841239,      0.00,      0.00,      0.00,      0.00,0,1,0,0,1,1,U2 
H5,840,2020,841280,      0.00,      0.00,      0.00,      0.00,0,2,0,0,2,2,U2 
H5,840,2020,841290,      0.00,      0.00,      0.00,      0.00,0,2,0,0,2,2,U2 
H5,840,2020,841311,      0.00,      0.00,      0.00,      0.00,0,1,0,0,1,1,U2 
H5,840,2020,841319,      0.00,      0.00,      0.00,      0.00,0,1,0,0,1,1,U2 
H5,840,2020,841320,      0.00,      0.00,      0.00,      0.00,0,1,0,0,1,1,U2 
H5,840,2020,841330,      5.00,      2.50,      2.50,      2.50,0,0,0,2,2,2,U2 
H5,840,2020,841340,      0.00,      0.00,      0.00,      0.00,0,1,0,0,1,1,U2 
H5,840,2020,841350,      0.00,      0.00,      0.00,      0.00,0,1,0,0,1,1,U2 
H5,840,2020,841360,      0.00,      0.00,      0.00,      0.00,0,1,0,0,1,1,U2 
H5,840,2020,841370,      0.00,      0.00,      0.00,      0.00,0,2,0,0,2,2,U2 
H5,840,2020,841381,      0.00,      0.00,      0.00,      0.00,0,1,0,0,1,1,U2 
H5,840,2020,841382,      0.00,      0.00,      0.00,      0.00,0,1,0,0,1,1,U2 
H5,840,2020,841391,      2.50,      0.00,      2.50,      0.83,0,2,0,1,3,3,U2 
H5,840,2020,841392,      0.00,      0.00,      0.00,      0.00,0,1,0,0,1,1,U2 
H5,840,2020,841410,      2.50,      2.50,      2.50,      2.50,0,0,0,1,1,1,U2 
H5,840,2020,841420,      3.70,      3.70,      3.70,      3.70,0,0,0,1,1,1,U2 
H5,840,2020,841430,      0.00,      0.00,      0.00,      0.00,0,2,0,0,2,2,U2 
H5,840,2020,841440,      2.70,      2.70,      2.70,      2.70,0,0,0,1,1,1,U2 
H5,840,2020,841451,      9.40,      4.70,      4.70,      4.70,0,0,0,2,2,2,U2 
H5,840,2020,841459,      4.60,      0.00,      2.30,      1.15,0,2,0,2,4,4,U2 
H5,840,2020,841460,      0.00,      0.00,      0.00,      0.00,0,1,0,0,1,1,U2 
H5,840,2020,841480,      3.70,      0.00,      3.70,      0.93,0,3,0,1,4,4,U2 
H5,840,2020,841490,      4.70,      0.00,      4.70,      1.17,0,3,0,1,4,4,U2 
H5,840,2020,841510,      3.20,      0.00,      2.20,      1.07,0,1,0,2,3,3,U2 
H5,840,2020,841520,      1.40,      1.40,      1.40,      1.40,0,0,0,1,1,1,U2 
H5,840,2020,841581,      1.00,      1.00,      1.00,      1.00,0,0,0,1,1,1,U2 
H5,840,2020,841582,      2.20,      2.20,      2.20,      2.20,0,0,0,1,1,1,U2 
H5,840,2020,841583,      1.40,      1.40,      1.40,      1.40,0,0,0,1,1,1,U2 
H5,840,2020,841590,      2.80,      1.40,      1.40,      1.40,0,0,0,2,2,2,U2 
H5,840,2020,841610,      0.00,      0.00,      0.00,      0.00,0,1,0,0,1,1,U2 
H5,840,2020,841620,      0.00,      0.00,      0.00,      0.00,0,1,0,0,1,1,U2 
H5,840,2020,841630,      0.00,      0.00,      0.00,      0.00,0,1,0,0,1,1,U2 
H5,840,2020,841690,      0.00,      0.00,      0.00,      0.00,0,1,0,0,1,1,U2 
H5,840,2020,841710,      2.90,      2.90,      2.90,      2.90,0,0,0,1,1,1,U2 
H5,840,2020,841720,      3.50,      3.50,      3.50,      3.50,0,0,0,1,1,1,U2 
H5,840,2020,841780,      3.90,      3.90,      3.90,      3.90,0,0,0,1,1,1,U2 
H5,840,2020,841790,      3.90,      3.90,      3.90,      3.90,0,0,0,1,1,1,U2 
H5,840,2020,841810,      0.00,      0.00,      0.00,      0.00,0,1,0,0,1,1,U2 
H5,840,2020,841821,      0.00,      0.00,      0.00,      0.00,0,1,0,0,1,1,U2 
H5,840,2020,841829,      2.90,      1.00,      1.90,      1.45,0,0,0,2,2,2,U2 
H5,840,2020,841830,      0.00,      0.00,      0.00,      0.00,0,1,0,0,1,1,U2 
H5,840,2020,841840,      0.00,      0.00,      0.00,      0.00,0,1,0,0,1,1,U2 
H5,840,2020,841850,      0.00,      0.00,      0.00,      0.00,0,1,0,0,1,1,U2 
H5,840,2020,841861,      0.00,      0.00,      0.00,      0.00,0,1,0,0,1,1,U2 
H5,840,2020,841869,      0.00,      0.00,      0.00,      0.00,0,1,0,0,1,1,U2 
H5,840,2020,841891,      0.00,      0.00,      0.00,      0.00,0,1,0,0,1,1,U2 
H5,840,2020,841899,      0.00,      0.00,      0.00,      0.00,0,2,0,0,2,2,U2 
H5,840,2020,841911,      0.00,      0.00,      0.00,      0.00,0,1,0,0,1,1,U2 
H5,840,2020,841919,      0.00,      0.00,      0.00,      0.00,0,1,0,0,1,1,U2 
H5,840,2020,841920,      0.00,      0.00,      0.00,      0.00,0,1,0,0,1,1,U2 
H5,840,2020,841931,      0.00,      0.00,      0.00,      0.00,0,1,0,0,1,1,U2 
H5,840,2020,841932,      0.00,      0.00,      0.00,      0.00,0,2,0,0,2,2,U2 
H5,840,2020,841939,      0.00,      0.00,      0.00,      0.00,0,1,0,0,1,1,U2 
H5,840,2020,841940,      0.00,      0.00,      0.00,      0.00,0,1,0,0,1,1,U2 
H5,840,2020,841950,      4.20,      0.00,      4.20,      2.10,0,1,0,1,2,2,U2 
H5,840,2020,841960,      4.20,      0.00,      4.20,      2.10,0,1,0,1,2,2,U2 
H5,840,2020,841981,      0.00,      0.00,      0.00,      0.00,0,2,0,0,2,2,U2 
H5,840,2020,841989,      4.20,      0.00,      4.20,      1.40,0,2,0,1,3,3,U2 
H5,840,2020,841990,      4.00,      0.00,      4.00,      0.67,0,5,0,1,6,6,U2 
H5,840,2020,842010,      3.50,      0.00,      3.50,      1.17,0,2,0,1,3,3,U2 
H5,840,2020,842091,      2.60,      0.00,      2.60,      0.87,0,2,0,1,3,3,U2 
H5,840,2020,842099,      3.50,      0.00,      3.50,      1.17,0,2,0,1,3,3,U2 
H5,840,2020,842111,      0.00,      0.00,      0.00,      0.00,0,1,0,0,1,1,U2 
H5,840,2020,842112,      0.00,      0.00,      0.00,      0.00,0,1,0,0,1,1,U2 
H5,840,2020,842119,      1.30,      1.30,      1.30,      1.30,0,0,0,1,1,1,U2 
H5,840,2020,842121,      0.00,      0.00,      0.00,      0.00,0,1,0,0,1,1,U2 
H5,840,2020,842122,      0.00,      0.00,      0.00,      0.00,0,1,0,0,1,1,U2 
H5,840,2020,842123,      2.50,      2.50,      2.50,      2.50,0,0,0,1,1,1,U2 
H5,840,2020,842129,      0.00,      0.00,      0.00,      0.00,0,1,0,0,1,1,U2 
H5,840,2020,842131,      2.50,      2.50,      2.50,      2.50,0,0,0,1,1,1,U2 
H5,840,2020,842139,      0.00,      0.00,      0.00,      0.00,0,2,0,0,2,2,U2 
H5,840,2020,842191,      0.00,      0.00,      0.00,      0.00,0,3,0,0,3,3,U2 
H5,840,2020,842199,      0.00,      0.00,      0.00,      0.00,0,1,0,0,1,1,U2 
H5,840,2020,842211,      2.40,      2.40,      2.40,      2.40,0,0,0,1,1,1,U2 
H5,840,2020,842219,      0.00,      0.00,      0.00,      0.00,0,1,0,0,1,1,U2 
H5,840,2020,842220,      0.00,      0.00,      0.00,      0.00,0,1,0,0,1,1,U2 
H5,840,2020,842230,      0.00,      0.00,      0.00,      0.00,0,2,0,0,2,2,U2 
H5,840,2020,842240,      0.00,      0.00,      0.00,      0.00,0,2,0,0,2,2,U2 
H5,840,2020,842290,      0.00,      0.00,      0.00,      0.00,0,6,0,0,6,6,U2 
H5,840,2020,842310,      0.00,      0.00,      0.00,      0.00,0,1,0,0,1,1,U2 
H5,840,2020,842320,      2.90,      0.00,      2.90,      1.45,0,1,0,1,2,2,U2 
H5,840,2020,842330,      0.00,      0.00,      0.00,      0.00,0,1,0,0,1,1,U2 
H5,840,2020,842381,      0.00,      0.00,      0.00,      0.00,0,1,0,0,1,1,U2 
H5,840,2020,842382,      0.00,      0.00,      0.00,      0.00,0,1,0,0,1,1,U2 
H5,840,2020,842389,      2.90,      0.00,      2.90,      1.45,0,1,0,1,2,2,U2 
H5,840,2020,842390,      2.80,      0.00,      2.80,      1.40,0,1,0,1,2,2,U2 
H5,840,2020,842410,      0.00,      0.00,      0.00,      0.00,0,1,0,0,1,1,U2 
H5,840,2020,842420,      2.90,      0.00,      2.90,      1.45,0,1,0,1,2,2,U2 
H5,840,2020,842430,      0.00,      0.00,      0.00,      0.00,0,2,0,0,2,2,U2 
H5,840,2020,842441,      2.40,      0.00,      2.40,      1.20,0,1,0,1,2,2,U2 
H5,840,2020,842449,      2.40,      2.40,      2.40,      2.40,0,0,0,1,1,1,U2 
H5,840,2020,842482,      2.40,      2.40,      2.40,      2.40,0,0,0,1,1,1,U2 
H5,840,2020,842489,      1.80,      0.00,      1.80,      0.90,0,1,0,1,2,2,U2 
H5,840,2020,842490,      2.90,      0.00,      2.90,      0.73,0,3,0,1,4,4,U2 
H5,840,2020,842511,      0.00,      0.00,      0.00,      0.00,0,1,0,0,1,1,U2 
H5,840,2020,842519,      0.00,      0.00,      0.00,      0.00,0,1,0,0,1,1,U2 
H5,840,2020,842531,      0.00,      0.00,      0.00,      0.00,0,1,0,0,1,1,U2 
H5,840,2020,842539,      0.00,      0.00,      0.00,      0.00,0,1,0,0,1,1,U2 
H5,840,2020,842541,      0.00,      0.00,      0.00,      0.00,0,1,0,0,1,1,U2 
H5,840,2020,842542,      0.00,      0.00,      0.00,      0.00,0,1,0,0,1,1,U2 
H5,840,2020,842549,      0.00,      0.00,      0.00,      0.00,0,1,0,0,1,1,U2 
H5,840,2020,842611,      0.00,      0.00,      0.00,      0.00,0,1,0,0,1,1,U2 
H5,840,2020,842612,      0.00,      0.00,      0.00,      0.00,0,1,0,0,1,1,U2 
H5,840,2020,842619,      0.00,      0.00,      0.00,      0.00,0,1,0,0,1,1,U2 
H5,840,2020,842620,      0.00,      0.00,      0.00,      0.00,0,1,0,0,1,1,U2 
H5,840,2020,842630,      0.00,      0.00,      0.00,      0.00,0,1,0,0,1,1,U2 
H5,840,2020,842641,      0.00,      0.00,      0.00,      0.00,0,1,0,0,1,1,U2 
H5,840,2020,842649,      0.00,      0.00,      0.00,      0.00,0,1,0,0,1,1,U2 
H5,840,2020,842691,      0.00,      0.00,      0.00,      0.00,0,1,0,0,1,1,U2 
H5,840,2020,842699,      0.00,      0.00,      0.00,      0.00,0,1,0,0,1,1,U2 
H5,840,2020,842710,      0.00,      0.00,      0.00,      0.00,0,2,0,0,2,2,U2 
H5,840,2020,842720,      0.00,      0.00,      0.00,      0.00,0,2,0,0,2,2,U2 
H5,840,2020,842790,      0.00,      0.00,      0.00,      0.00,0,1,0,0,1,1,U2 
H5,840,2020,842810,      0.00,      0.00,      0.00,      0.00,0,1,0,0,1,1,U2 
H5,840,2020,842820,      0.00,      0.00,      0.00,      0.00,0,1,0,0,1,1,U2 
H5,840,2020,842831,      0.00,      0.00,      0.00,      0.00,0,1,0,0,1,1,U2 
H5,840,2020,842832,      0.00,      0.00,      0.00,      0.00,0,1,0,0,1,1,U2 
H5,840,2020,842833,      0.00,      0.00,      0.00,      0.00,0,1,0,0,1,1,U2 
H5,840,2020,842839,      0.00,      0.00,      0.00,      0.00,0,1,0,0,1,1,U2 
H5,840,2020,842840,      0.00,      0.00,      0.00,      0.00,0,1,0,0,1,1,U2 
H5,840,2020,842860,      0.00,      0.00,      0.00,      0.00,0,1,0,0,1,1,U2 
H5,840,2020,842890,      0.00,      0.00,      0.00,      0.00,0,1,0,0,1,1,U2 
H5,840,2020,842911,      0.00,      0.00,      0.00,      0.00,0,1,0,0,1,1,U2 
H5,840,2020,842919,      0.00,      0.00,      0.00,      0.00,0,1,0,0,1,1,U2 
H5,840,2020,842920,      0.00,      0.00,      0.00,      0.00,0,1,0,0,1,1,U2 
H5,840,2020,842930,      0.00,      0.00,      0.00,      0.00,0,1,0,0,1,1,U2 
H5,840,2020,842940,      0.00,      0.00,      0.00,      0.00,0,1,0,0,1,1,U2 
H5,840,2020,842951,      0.00,      0.00,      0.00,      0.00,0,2,0,0,2,2,U2 
H5,840,2020,842952,      0.00,      0.00,      0.00,      0.00,0,2,0,0,2,2,U2 
H5,840,2020,842959,      0.00,      0.00,      0.00,      0.00,0,2,0,0,2,2,U2 
H5,840,2020,843010,      0.00,      0.00,      0.00,      0.00,0,1,0,0,1,1,U2 
H5,840,2020,843020,      0.00,      0.00,      0.00,      0.00,0,1,0,0,1,1,U2 
H5,840,2020,843031,      0.00,      0.00,      0.00,      0.00,0,1,0,0,1,1,U2 
H5,840,2020,843039,      0.00,      0.00,      0.00,      0.00,0,1,0,0,1,1,U2 
H5,840,2020,843041,      0.00,      0.00,      0.00,      0.00,0,1,0,0,1,1,U2 
H5,840,2020,843049,      0.00,      0.00,      0.00,      0.00,0,2,0,0,2,2,U2 
H5,840,2020,843050,      0.00,      0.00,      0.00,      0.00,0,2,0,0,2,2,U2 
H5,840,2020,843061,      0.00,      0.00,      0.00,      0.00,0,1,0,0,1,1,U2 
H5,840,2020,843069,      0.00,      0.00,      0.00,      0.00,0,1,0,0,1,1,U2 
H5,840,2020,843110,      0.00,      0.00,      0.00,      0.00,0,1,0,0,1,1,U2 
H5,840,2020,843120,      0.00,      0.00,      0.00,      0.00,0,1,0,0,1,1,U2 
H5,840,2020,843131,      0.00,      0.00,      0.00,      0.00,0,1,0,0,1,1,U2 
H5,840,2020,843139,      0.00,      0.00,      0.00,      0.00,0,1,0,0,1,1,U2 
H5,840,2020,843141,      0.00,      0.00,      0.00,      0.00,0,1,0,0,1,1,U2 
H5,840,2020,843142,      0.00,      0.00,      0.00,      0.00,0,1,0,0,1,1,U2 
H5,840,2020,843143,      0.00,      0.00,      0.00,      0.00,0,2,0,0,2,2,U2 
H5,840,2020,843149,      0.00,      0.00,      0.00,      0.00,0,2,0,0,2,2,U2 
H5,840,2020,843210,      0.00,      0.00,      0.00,      0.00,0,1,0,0,1,1,U2 
H5,840,2020,843221,      0.00,      0.00,      0.00,      0.00,0,1,0,0,1,1,U2 
H5,840,2020,843229,      0.00,      0.00,      0.00,      0.00,0,1,0,0,1,1,U2 
H5,840,2020,843231,      0.00,      0.00,      0.00,      0.00,0,1,0,0,1,1,U2 
H5,840,2020,843239,      0.00,      0.00,      0.00,      0.00,0,1,0,0,1,1,U2 
H5,840,2020,843241,      0.00,      0.00,      0.00,      0.00,0,1,0,0,1,1,U2 
H5,840,2020,843242,      0.00,      0.00,      0.00,      0.00,0,1,0,0,1,1,U2 
H5,840,2020,843280,      0.00,      0.00,      0.00,      0.00,0,1,0,0,1,1,U2 
H5,840,2020,843290,      0.00,      0.00,      0.00,      0.00,0,1,0,0,1,1,U2 
H5,840,2020,843311,      0.00,      0.00,      0.00,      0.00,0,1,0,0,1,1,U2 
H5,840,2020,843319,      0.00,      0.00,      0.00,      0.00,0,1,0,0,1,1,U2 
H5,840,2020,843320,      0.00,      0.00,      0.00,      0.00,0,1,0,0,1,1,U2 
H5,840,2020,843330,      0.00,      0.00,      0.00,      0.00,0,1,0,0,1,1,U2 
H5,840,2020,843340,      0.00,      0.00,      0.00,      0.00,0,1,0,0,1,1,U2 
H5,840,2020,843351,      0.00,      0.00,      0.00,      0.00,0,1,0,0,1,1,U2 
H5,840,2020,843352,      0.00,      0.00,      0.00,      0.00,0,1,0,0,1,1,U2 
H5,840,2020,843353,      0.00,      0.00,      0.00,      0.00,0,1,0,0,1,1,U2 
H5,840,2020,843359,      0.00,      0.00,      0.00,      0.00,0,1,0,0,1,1,U2 
H5,840,2020,843360,      0.00,      0.00,      0.00,      0.00,0,1,0,0,1,1,U2 
H5,840,2020,843390,      0.00,      0.00,      0.00,      0.00,0,2,0,0,2,2,U2 
H5,840,2020,843410,      0.00,      0.00,      0.00,      0.00,0,1,0,0,1,1,U2 
H5,840,2020,843420,      0.00,      0.00,      0.00,      0.00,0,1,0,0,1,1,U2 
H5,840,2020,843490,      0.00,      0.00,      0.00,      0.00,0,1,0,0,1,1,U2 
H5,840,2020,843510,      0.00,      0.00,      0.00,      0.00,0,1,0,0,1,1,U2 
H5,840,2020,843590,      0.00,      0.00,      0.00,      0.00,0,1,0,0,1,1,U2 
H5,840,2020,843610,      0.00,      0.00,      0.00,      0.00,0,1,0,0,1,1,U2 
H5,840,2020,843621,      0.00,      0.00,      0.00,      0.00,0,1,0,0,1,1,U2 
H5,840,2020,843629,      0.00,      0.00,      0.00,      0.00,0,1,0,0,1,1,U2 
H5,840,2020,843680,      0.00,      0.00,      0.00,      0.00,0,1,0,0,1,1,U2 
H5,840,2020,843691,      0.00,      0.00,      0.00,      0.00,0,1,0,0,1,1,U2 
H5,840,2020,843699,      0.00,      0.00,      0.00,      0.00,0,1,0,0,1,1,U2 
H5,840,2020,843710,      0.00,      0.00,      0.00,      0.00,0,1,0,0,1,1,U2 
H5,840,2020,843780,      0.00,      0.00,      0.00,      0.00,0,1,0,0,1,1,U2 
H5,840,2020,843790,      0.00,      0.00,      0.00,      0.00,0,1,0,0,1,1,U2 
H5,840,2020,843810,      0.00,      0.00,      0.00,      0.00,0,1,0,0,1,1,U2 
H5,840,2020,843820,      0.00,      0.00,      0.00,      0.00,0,1,0,0,1,1,U2 
H5,840,2020,843830,      0.00,      0.00,      0.00,      0.00,0,1,0,0,1,1,U2 
H5,840,2020,843840,      2.30,      2.30,      2.30,      2.30,0,0,0,1,1,1,U2 
H5,840,2020,843850,      2.80,      2.80,      2.80,      2.80,0,0,0,1,1,1,U2 
H5,840,2020,843860,      0.00,      0.00,      0.00,      0.00,0,1,0,0,1,1,U2 
H5,840,2020,843880,      0.00,      0.00,      0.00,      0.00,0,1,0,0,1,1,U2 
H5,840,2020,843890,      2.80,      0.00,      2.80,      1.40,0,1,0,1,2,2,U2 
H5,840,2020,843910,      0.00,      0.00,      0.00,      0.00,0,1,0,0,1,1,U2 
H5,840,2020,843920,      0.00,      0.00,      0.00,      0.00,0,1,0,0,1,1,U2 
H5,840,2020,843930,      0.00,      0.00,      0.00,      0.00,0,1,0,0,1,1,U2 
H5,840,2020,843991,      0.00,      0.00,      0.00,      0.00,0,2,0,0,2,2,U2 
H5,840,2020,843999,      0.00,      0.00,      0.00,      0.00,0,2,0,0,2,2,U2 
H5,840,2020,844010,      0.00,      0.00,      0.00,      0.00,0,1,0,0,1,1,U2 
H5,840,2020,844090,      0.00,      0.00,      0.00,      0.00,0,1,0,0,1,1,U2 
H5,840,2020,844110,      0.00,      0.00,      0.00,      0.00,0,1,0,0,1,1,U2 
H5,840,2020,844120,      0.00,      0.00,      0.00,      0.00,0,1,0,0,1,1,U2 
H5,840,2020,844130,      0.00,      0.00,      0.00,      0.00,0,1,0,0,1,1,U2 
H5,840,2020,844140,      0.00,      0.00,      0.00,      0.00,0,1,0,0,1,1,U2 
H5,840,2020,844180,      0.00,      0.00,      0.00,      0.00,0,1,0,0,1,1,U2 
H5,840,2020,844190,      0.00,      0.00,      0.00,      0.00,0,1,0,0,1,1,U2 
H5,840,2020,844230,      0.00,      0.00,      0.00,      0.00,0,1,0,0,1,1,U2 
H5,840,2020,844240,      0.00,      0.00,      0.00,      0.00,0,1,0,0,1,1,U2 
H5,840,2020,844250,      0.00,      0.00,      0.00,      0.00,0,2,0,0,2,2,U2 
H5,840,2020,844311,      3.30,      0.00,      3.30,      1.65,0,1,0,1,2,2,U2 
H5,840,2020,844312,      0.00,      0.00,      0.00,      0.00,0,1,0,0,1,1,U2 
H5,840,2020,844313,      0.00,      0.00,      0.00,      0.00,0,1,0,0,1,1,U2 
H5,840,2020,844314,      2.20,      2.20,      2.20,      2.20,0,0,0,1,1,1,U2 
H5,840,2020,844315,      0.00,      0.00,      0.00,      0.00,0,1,0,0,1,1,U2 
H5,840,2020,844316,      2.20,      2.20,      2.20,      2.20,0,0,0,1,1,1,U2 
H5,840,2020,844317,      2.20,      2.20,      2.20,      2.20,0,0,0,1,1,1,U2 
H5,840,2020,844319,      2.60,      0.00,      2.60,      1.30,0,1,0,1,2,2,U2 
H5,840,2020,844331,      0.00,      0.00,      0.00,      0.00,0,1,0,0,1,1,U2 
H5,840,2020,844332,      0.00,      0.00,      0.00,      0.00,0,2,0,0,2,2,U2 
H5,840,2020,844339,      0.00,      0.00,      0.00,      0.00,0,7,0,0,7,7,U2 
H5,840,2020,844391,      0.00,      0.00,      0.00,      0.00,0,3,0,0,3,3,U2 
H5,840,2020,844399,      0.00,      0.00,      0.00,      0.00,0,8,0,0,8,8,U2 
H5,840,2020,844400,      0.00,      0.00,      0.00,      0.00,0,1,0,0,1,1,U2 
H5,840,2020,844511,      0.00,      0.00,      0.00,      0.00,0,1,0,0,1,1,U2 
H5,840,2020,844512,      0.00,      0.00,      0.00,      0.00,0,1,0,0,1,1,U2 
H5,840,2020,844513,      0.00,      0.00,      0.00,      0.00,0,1,0,0,1,1,U2 
H5,840,2020,844519,      3.30,      3.30,      3.30,      3.30,0,0,0,1,1,1,U2 
H5,840,2020,844520,      0.00,      0.00,      0.00,      0.00,0,1,0,0,1,1,U2 
H5,840,2020,844530,      0.00,      0.00,      0.00,      0.00,0,1,0,0,1,1,U2 
H5,840,2020,844540,      3.70,      3.70,      3.70,      3.70,0,0,0,1,1,1,U2 
H5,840,2020,844590,      3.70,      3.70,      3.70,      3.70,0,0,0,1,1,1,U2 
H5,840,2020,844610,      0.00,      0.00,      0.00,      0.00,0,1,0,0,1,1,U2 
H5,840,2020,844621,      3.70,      0.00,      3.70,      1.85,0,1,0,1,2,2,U2 
H5,840,2020,844629,      0.00,      0.00,      0.00,      0.00,0,1,0,0,1,1,U2 
H5,840,2020,844630,      3.70,      0.00,      3.70,      1.85,0,1,0,1,2,2,U2 
H5,840,2020,844711,      0.00,      0.00,      0.00,      0.00,0,2,0,0,2,2,U2 
H5,840,2020,844712,      0.00,      0.00,      0.00,      0.00,0,2,0,0,2,2,U2 
H5,840,2020,844720,      2.60,      0.00,      2.60,      0.65,0,3,0,1,4,4,U2 
H5,840,2020,844790,      0.00,      0.00,      0.00,      0.00,0,3,0,0,3,3,U2 
H5,840,2020,844811,      0.00,      0.00,      0.00,      0.00,0,1,0,0,1,1,U2 
H5,840,2020,844819,      0.00,      0.00,      0.00,      0.00,0,1,0,0,1,1,U2 
H5,840,2020,844820,      7.00,      3.30,      3.70,      3.50,0,0,0,2,2,2,U2 
H5,840,2020,844831,      3.30,      3.30,      3.30,      3.30,0,0,0,1,1,1,U2 
H5,840,2020,844832,      0.00,      0.00,      0.00,      0.00,0,1,0,0,1,1,U2 
H5,840,2020,844833,      3.30,      3.30,      3.30,      3.30,0,0,0,1,1,1,U2 
H5,840,2020,844839,      3.70,      0.00,      3.70,      1.23,0,2,0,1,3,3,U2 
H5,840,2020,844842,      3.70,      3.70,      3.70,      3.70,0,0,0,1,1,1,U2 
H5,840,2020,844849,      3.70,      0.00,      3.70,      1.85,0,1,0,1,2,2,U2 
H5,840,2020,844851,      0.00,      0.00,      0.00,      0.00,0,4,0,0,4,4,U2 
H5,840,2020,844859,      0.00,      0.00,      0.00,      0.00,0,2,0,0,2,2,U2 
H5,840,2020,844900,      2.60,      0.00,      2.60,      1.30,0,1,0,1,2,2,U2 
H5,840,2020,845011,      1.40,      1.40,      1.40,      1.40,0,0,0,1,1,1,U2 
H5,840,2020,845012,      2.60,      2.60,      2.60,      2.60,0,0,0,1,1,1,U2 
H5,840,2020,845019,      1.80,      1.80,      1.80,      1.80,0,0,0,1,1,1,U2 
H5,840,2020,845020,      1.00,      1.00,      1.00,      1.00,0,0,0,1,1,1,U2 
H5,840,2020,845090,      7.80,      2.60,      2.60,      2.60,0,0,0,3,3,3,U2 
H5,840,2020,845110,      0.00,      0.00,      0.00,      0.00,0,1,0,0,1,1,U2 
H5,840,2020,845121,      3.40,      3.40,      3.40,      3.40,0,0,0,1,1,1,U2 
H5,840,2020,845129,      2.60,      2.60,      2.60,      2.60,0,0,0,1,1,1,U2 
H5,840,2020,845130,      0.00,      0.00,      0.00,      0.00,0,1,0,0,1,1,U2 
H5,840,2020,845140,      3.50,      3.50,      3.50,      3.50,0,0,0,1,1,1,U2 
H5,840,2020,845150,      0.00,      0.00,      0.00,      0.00,0,1,0,0,1,1,U2 
H5,840,2020,845180,      3.50,      3.50,      3.50,      3.50,0,0,0,1,1,1,U2 
H5,840,2020,845190,     10.50,      3.50,      3.50,      3.50,0,0,0,3,3,3,U2 
H5,840,2020,845210,      0.00,      0.00,      0.00,      0.00,0,1,0,0,1,1,U2 
H5,840,2020,845221,      0.00,      0.00,      0.00,      0.00,0,2,0,0,2,2,U2 
H5,840,2020,845229,      0.00,      0.00,      0.00,      0.00,0,2,0,0,2,2,U2 
H5,840,2020,845230,      0.00,      0.00,      0.00,      0.00,0,1,0,0,1,1,U2 
H5,840,2020,845290,      2.50,      0.00,      2.50,      1.25,0,1,0,1,2,2,U2 
H5,840,2020,845310,      0.00,      0.00,      0.00,      0.00,0,1,0,0,1,1,U2 
H5,840,2020,845320,      0.00,      0.00,      0.00,      0.00,0,1,0,0,1,1,U2 
H5,840,2020,845380,      0.00,      0.00,      0.00,      0.00,0,1,0,0,1,1,U2 
H5,840,2020,845390,      0.00,      0.00,      0.00,      0.00,0,2,0,0,2,2,U2 
H5,840,2020,845410,      0.00,      0.00,      0.00,      0.00,0,1,0,0,1,1,U2 
H5,840,2020,845420,      0.00,      0.00,      0.00,      0.00,0,1,0,0,1,1,U2 
H5,840,2020,845430,      0.00,      0.00,      0.00,      0.00,0,1,0,0,1,1,U2 
H5,840,2020,845490,      0.00,      0.00,      0.00,      0.00,0,1,0,0,1,1,U2 
H5,840,2020,845510,      0.00,      0.00,      0.00,      0.00,0,1,0,0,1,1,U2 
H5,840,2020,845521,      0.00,      0.00,      0.00,      0.00,0,1,0,0,1,1,U2 
H5,840,2020,845522,      0.00,      0.00,      0.00,      0.00,0,1,0,0,1,1,U2 
H5,840,2020,845530,      0.00,      0.00,      0.00,      0.00,0,1,0,0,1,1,U2 
H5,840,2020,845590,      0.00,      0.00,      0.00,      0.00,0,2,0,0,2,2,U2 
H5,840,2020,845611,      5.90,      0.00,      3.50,      1.97,0,1,0,2,3,3,U2 
H5,840,2020,845612,      5.90,      0.00,      3.50,      1.97,0,1,0,2,3,3,U2 
H5,840,2020,845620,      5.90,      2.40,      3.50,      2.95,0,0,0,2,2,2,U2 
H5,840,2020,845630,      5.90,      2.40,      3.50,      2.95,0,0,0,2,2,2,U2 
H5,840,2020,845640,      5.70,      2.20,      3.50,      2.85,0,0,0,2,2,2,U2 
H5,840,2020,845650,      2.50,      2.50,      2.50,      2.50,0,0,0,1,1,1,U2 
H5,840,2020,845690,      5.70,      2.20,      3.50,      2.85,0,0,0,2,2,2,U2 
H5,840,2020,845710,      4.20,      4.20,      4.20,      4.20,0,0,0,1,1,1,U2 
H5,840,2020,845720,      3.30,      3.30,      3.30,      3.30,0,0,0,1,1,1,U2 
H5,840,2020,845730,      3.30,      3.30,      3.30,      3.30,0,0,0,1,1,1,U2 
H5,840,2020,845811,      4.40,      4.40,      4.40,      4.40,0,0,0,1,1,1,U2 
H5,840,2020,845819,      4.40,      4.40,      4.40,      4.40,0,0,0,1,1,1,U2 
H5,840,2020,845891,      8.60,      4.20,      4.40,      4.30,0,0,0,2,2,2,U2 
H5,840,2020,845899,      8.60,      4.20,      4.40,      4.30,0,0,0,2,2,2,U2 
H5,840,2020,845910,      3.30,      3.30,      3.30,      3.30,0,0,0,1,1,1,U2 
H5,840,2020,845921,      4.20,      4.20,      4.20,      4.20,0,0,0,1,1,1,U2 
H5,840,2020,845929,      4.20,      4.20,      4.20,      4.20,0,0,0,1,1,1,U2 
H5,840,2020,845931,      4.20,      4.20,      4.20,      4.20,0,0,0,1,1,1,U2 
H5,840,2020,845939,      4.20,      4.20,      4.20,      4.20,0,0,0,1,1,1,U2 
H5,840,2020,845941,      4.20,      4.20,      4.20,      4.20,0,0,0,1,1,1,U2 
H5,840,2020,845949,      4.20,      4.20,      4.20,      4.20,0,0,0,1,1,1,U2 
H5,840,2020,845951,      4.20,      4.20,      4.20,      4.20,0,0,0,1,1,1,U2 
H5,840,2020,845959,      4.20,      4.20,      4.20,      4.20,0,0,0,1,1,1,U2 
H5,840,2020,845961,      4.20,      4.20,      4.20,      4.20,0,0,0,1,1,1,U2 
H5,840,2020,845969,      4.20,      4.20,      4.20,      4.20,0,0,0,1,1,1,U2 
H5,840,2020,845970,      8.40,      4.20,      4.20,      4.20,0,0,0,2,2,2,U2 
H5,840,2020,846012,      4.40,      4.40,      4.40,      4.40,0,0,0,1,1,1,U2 
H5,840,2020,846019,      4.40,      4.40,      4.40,      4.40,0,0,0,1,1,1,U2 
H5,840,2020,846022,      4.40,      4.40,      4.40,      4.40,0,0,0,1,1,1,U2 
H5,840,2020,846023,      4.40,      4.40,      4.40,      4.40,0,0,0,1,1,1,U2 
H5,840,2020,846024,      4.40,      4.40,      4.40,      4.40,0,0,0,1,1,1,U2 
H5,840,2020,846029,      4.40,      4.40,      4.40,      4.40,0,0,0,1,1,1,U2 
H5,840,2020,846031,      4.40,      4.40,      4.40,      4.40,0,0,0,1,1,1,U2 
H5,840,2020,846039,      4.40,      4.40,      4.40,      4.40,0,0,0,1,1,1,U2 
H5,840,2020,846040,      8.80,      4.40,      4.40,      4.40,0,0,0,2,2,2,U2 
H5,840,2020,846090,      8.80,      4.40,      4.40,      4.40,0,0,0,2,2,2,U2 
H5,840,2020,846120,      8.80,      4.40,      4.40,      4.40,0,0,0,2,2,2,U2 
H5,840,2020,846130,      8.80,      4.40,      4.40,      4.40,0,0,0,2,2,2,U2 
H5,840,2020,846140,     10.20,      4.40,      5.80,      5.10,0,0,0,2,2,2,U2 
H5,840,2020,846150,      8.80,      4.40,      4.40,      4.40,0,0,0,2,2,2,U2 
H5,840,2020,846190,      8.80,      4.40,      4.40,      4.40,0,0,0,2,2,2,U2 
H5,840,2020,846210,      4.40,      4.40,      4.40,      4.40,0,0,0,1,1,1,U2 
H5,840,2020,846221,      4.40,      4.40,      4.40,      4.40,0,0,0,1,1,1,U2 
H5,840,2020,846229,      4.40,      4.40,      4.40,      4.40,0,0,0,1,1,1,U2 
H5,840,2020,846231,      4.40,      4.40,      4.40,      4.40,0,0,0,1,1,1,U2 
H5,840,2020,846239,      4.40,      4.40,      4.40,      4.40,0,0,0,1,1,1,U2 
H5,840,2020,846241,      4.40,      4.40,      4.40,      4.40,0,0,0,1,1,1,U2 
H5,840,2020,846249,      4.40,      4.40,      4.40,      4.40,0,0,0,1,1,1,U2 
H5,840,2020,846291,      8.80,      4.40,      4.40,      4.40,0,0,0,2,2,2,U2 
H5,840,2020,846299,      8.80,      4.40,      4.40,      4.40,0,0,0,2,2,2,U2 
H5,840,2020,846310,      4.40,      4.40,      4.40,      4.40,0,0,0,1,1,1,U2 
H5,840,2020,846320,      4.40,      4.40,      4.40,      4.40,0,0,0,1,1,1,U2 
H5,840,2020,846330,      4.40,      4.40,      4.40,      4.40,0,0,0,1,1,1,U2 
H5,840,2020,846390,      4.40,      4.40,      4.40,      4.40,0,0,0,1,1,1,U2 
H5,840,2020,846410,      0.00,      0.00,      0.00,      0.00,0,1,0,0,1,1,U2 
H5,840,2020,846420,      2.00,      2.00,      2.00,      2.00,0,0,0,1,1,1,U2 
H5,840,2020,846490,      2.00,      2.00,      2.00,      2.00,0,0,0,1,1,1,U2 
H5,840,2020,846510,      2.40,      2.40,      2.40,      2.40,0,0,0,1,1,1,U2 
H5,840,2020,846520,      8.30,      2.40,      3.00,      2.77,0,0,0,3,3,3,U2 
H5,840,2020,846591,      3.00,      3.00,      3.00,      3.00,0,0,0,1,1,1,U2 
H5,840,2020,846592,      3.00,      3.00,      3.00,      3.00,0,0,0,1,1,1,U2 
H5,840,2020,846593,      3.00,      3.00,      3.00,      3.00,0,0,0,1,1,1,U2 
H5,840,2020,846594,      2.90,      2.90,      2.90,      2.90,0,0,0,1,1,1,U2 
H5,840,2020,846595,      3.00,      3.00,      3.00,      3.00,0,0,0,1,1,1,U2 
H5,840,2020,846596,      2.40,      2.40,      2.40,      2.40,0,0,0,1,1,1,U2 
H5,840,2020,846599,      2.40,      2.40,      2.40,      2.40,0,0,0,1,1,1,U2 
H5,840,2020,846610,      3.90,      3.90,      3.90,      3.90,0,0,0,1,1,1,U2 
H5,840,2020,846620,      8.30,      3.70,      4.60,      4.15,0,0,0,2,2,2,U2 
H5,840,2020,846630,     14.60,      2.90,      8.00,      4.87,0,0,0,3,3,3,U2 
H5,840,2020,846691,      0.00,      0.00,      0.00,      0.00,0,2,0,0,2,2,U2 
H5,840,2020,846692,      4.70,      0.00,      4.70,      2.35,0,1,0,1,2,2,U2 
H5,840,2020,846693,     21.00,      0.00,      5.80,      2.63,0,4,0,4,8,8,U2 
H5,840,2020,846694,      9.40,      0.00,      4.70,      2.35,0,2,0,2,4,4,U2 
H5,840,2020,846711,      4.50,      0.00,      4.50,      2.25,0,1,0,1,2,2,U2 
H5,840,2020,846719,      4.50,      0.00,      4.50,      2.25,0,1,0,1,2,2,U2 
H5,840,2020,846721,      1.70,      1.70,      1.70,      1.70,0,0,0,1,1,1,U2 
H5,840,2020,846722,      0.00,      0.00,      0.00,      0.00,0,1,0,0,1,1,U2 
H5,840,2020,846729,      0.00,      0.00,      0.00,      0.00,0,1,0,0,1,1,U2 
H5,840,2020,846781,      0.00,      0.00,      0.00,      0.00,0,1,0,0,1,1,U2 
H5,840,2020,846789,      0.00,      0.00,      0.00,      0.00,0,2,0,0,2,2,U2 
H5,840,2020,846791,      0.00,      0.00,      0.00,      0.00,0,1,0,0,1,1,U2 
H5,840,2020,846792,      0.00,      0.00,      0.00,      0.00,0,1,0,0,1,1,U2 
H5,840,2020,846799,      0.00,      0.00,      0.00,      0.00,0,1,0,0,1,1,U2 
H5,840,2020,846810,      2.90,      2.90,      2.90,      2.90,0,0,0,1,1,1,U2 
H5,840,2020,846820,      3.90,      0.00,      3.90,      1.95,0,1,0,1,2,2,U2 
H5,840,2020,846880,      2.90,      0.00,      2.90,      1.45,0,1,0,1,2,2,U2 
H5,840,2020,846890,      2.90,      0.00,      2.90,      1.45,0,1,0,1,2,2,U2 
H5,840,2020,847010,      0.00,      0.00,      0.00,      0.00,0,1,0,0,1,1,U2 
H5,840,2020,847021,      0.00,      0.00,      0.00,      0.00,0,1,0,0,1,1,U2 
H5,840,2020,847029,      0.00,      0.00,      0.00,      0.00,0,1,0,0,1,1,U2 
H5,840,2020,847030,      0.00,      0.00,      0.00,      0.00,0,1,0,0,1,1,U2 
H5,840,2020,847050,      0.00,      0.00,      0.00,      0.00,0,1,0,0,1,1,U2 
H5,840,2020,847090,      0.00,      0.00,      0.00,      0.00,0,1,0,0,1,1,U2 
H5,840,2020,847130,      0.00,      0.00,      0.00,      0.00,0,1,0,0,1,1,U2 
H5,840,2020,847141,      0.00,      0.00,      0.00,      0.00,0,1,0,0,1,1,U2 
H5,840,2020,847149,      0.00,      0.00,      0.00,      0.00,0,1,0,0,1,1,U2 
H5,840,2020,847150,      0.00,      0.00,      0.00,      0.00,0,1,0,0,1,1,U2 
H5,840,2020,847160,      0.00,      0.00,      0.00,      0.00,0,5,0,0,5,5,U2 
H5,840,2020,847170,      0.00,      0.00,      0.00,      0.00,0,7,0,0,7,7,U2 
H5,840,2020,847180,      0.00,      0.00,      0.00,      0.00,0,3,0,0,3,3,U2 
H5,840,2020,847190,      0.00,      0.00,      0.00,      0.00,0,1,0,0,1,1,U2 
H5,840,2020,847210,      0.00,      0.00,      0.00,      0.00,0,1,0,0,1,1,U2 
H5,840,2020,847230,      1.80,      1.80,      1.80,      1.80,0,0,0,1,1,1,U2 
H5,840,2020,847290,      0.00,      0.00,      0.00,      0.00,0,6,0,0,6,6,U2 
H5,840,2020,847321,      0.00,      0.00,      0.00,      0.00,0,1,0,0,1,1,U2 
H5,840,2020,847329,      0.00,      0.00,      0.00,      0.00,0,1,0,0,1,1,U2 
H5,840,2020,847330,      0.00,      0.00,      0.00,      0.00,0,4,0,0,4,4,U2 
H5,840,2020,847340,      2.00,      0.00,      2.00,      0.50,0,3,0,1,4,4,U2 
H5,840,2020,847350,      0.00,      0.00,      0.00,      0.00,0,3,0,0,3,3,U2 
H5,840,2020,847410,      0.00,      0.00,      0.00,      0.00,0,1,0,0,1,1,U2 
H5,840,2020,847420,      0.00,      0.00,      0.00,      0.00,0,1,0,0,1,1,U2 
H5,840,2020,847431,      0.00,      0.00,      0.00,      0.00,0,1,0,0,1,1,U2 
H5,840,2020,847432,      0.00,      0.00,      0.00,      0.00,0,1,0,0,1,1,U2 
H5,840,2020,847439,      0.00,      0.00,      0.00,      0.00,0,1,0,0,1,1,U2 
H5,840,2020,847480,      0.00,      0.00,      0.00,      0.00,0,1,0,0,1,1,U2 
H5,840,2020,847490,      0.00,      0.00,      0.00,      0.00,0,1,0,0,1,1,U2 
H5,840,2020,847510,      0.00,      0.00,      0.00,      0.00,0,1,0,0,1,1,U2 
H5,840,2020,847521,      0.00,      0.00,      0.00,      0.00,0,1,0,0,1,1,U2 
H5,840,2020,847529,      0.00,      0.00,      0.00,      0.00,0,1,0,0,1,1,U2 
H5,840,2020,847590,      0.00,      0.00,      0.00,      0.00,0,2,0,0,2,2,U2 
H5,840,2020,847621,      0.00,      0.00,      0.00,      0.00,0,1,0,0,1,1,U2 
H5,840,2020,847629,      0.00,      0.00,      0.00,      0.00,0,1,0,0,1,1,U2 
H5,840,2020,847681,      0.00,      0.00,      0.00,      0.00,0,1,0,0,1,1,U2 
H5,840,2020,847689,      0.00,      0.00,      0.00,      0.00,0,1,0,0,1,1,U2 
H5,840,2020,847690,      0.00,      0.00,      0.00,      0.00,0,1,0,0,1,1,U2 
H5,840,2020,847710,      3.10,      0.00,      3.10,      1.03,0,2,0,1,3,3,U2 
H5,840,2020,847720,      3.10,      3.10,      3.10,      3.10,0,0,0,1,1,1,U2 
H5,840,2020,847730,      3.10,      3.10,      3.10,      3.10,0,0,0,1,1,1,U2 
H5,840,2020,847740,      3.10,      3.10,      3.10,      3.10,0,0,0,1,1,1,U2 
H5,840,2020,847751,      3.10,      3.10,      3.10,      3.10,0,0,0,1,1,1,U2 
H5,840,2020,847759,      3.10,      3.10,      3.10,      3.10,0,0,0,1,1,1,U2 
H5,840,2020,847780,      3.10,      3.10,      3.10,      3.10,0,0,0,1,1,1,U2 
H5,840,2020,847790,     12.40,      3.10,      3.10,      3.10,0,0,0,4,4,4,U2 
H5,840,2020,847810,      0.00,      0.00,      0.00,      0.00,0,1,0,0,1,1,U2 
H5,840,2020,847890,      0.00,      0.00,      0.00,      0.00,0,1,0,0,1,1,U2 
H5,840,2020,847910,      0.00,      0.00,      0.00,      0.00,0,1,0,0,1,1,U2 
H5,840,2020,847920,      0.00,      0.00,      0.00,      0.00,0,1,0,0,1,1,U2 
H5,840,2020,847930,      0.00,      0.00,      0.00,      0.00,0,1,0,0,1,1,U2 
H5,840,2020,847940,      0.00,      0.00,      0.00,      0.00,0,1,0,0,1,1,U2 
H5,840,2020,847950,      2.50,      2.50,      2.50,      2.50,0,0,0,1,1,1,U2 
H5,840,2020,847960,      2.80,      2.80,      2.80,      2.80,0,0,0,1,1,1,U2 
H5,840,2020,847971,      0.00,      0.00,      0.00,      0.00,0,1,0,0,1,1,U2 
H5,840,2020,847979,      0.00,      0.00,      0.00,      0.00,0,1,0,0,1,1,U2 
H5,840,2020,847981,      0.00,      0.00,      0.00,      0.00,0,1,0,0,1,1,U2 
H5,840,2020,847982,      0.00,      0.00,      0.00,      0.00,0,1,0,0,1,1,U2 
H5,840,2020,847989,      8.10,      0.00,      2.80,      1.01,0,5,0,3,8,8,U2 
H5,840,2020,847990,      0.00,      0.00,      0.00,      0.00,0,7,0,0,7,7,U2 
H5,840,2020,848010,      3.80,      3.80,      3.80,      3.80,0,0,0,1,1,1,U2 
H5,840,2020,848020,      3.40,      3.40,      3.40,      3.40,0,0,0,1,1,1,U2 
H5,840,2020,848030,      2.80,      2.80,      2.80,      2.80,0,0,0,1,1,1,U2 
H5,840,2020,848041,      3.10,      3.10,      3.10,      3.10,0,0,0,1,1,1,U2 
H5,840,2020,848049,      3.10,      3.10,      3.10,      3.10,0,0,0,1,1,1,U2 
H5,840,2020,848050,      0.00,      0.00,      0.00,      0.00,0,1,0,0,1,1,U2 
H5,840,2020,848060,      0.00,      0.00,      0.00,      0.00,0,1,0,0,1,1,U2 
H5,840,2020,848071,      3.10,      0.00,      3.10,      1.03,0,2,0,1,3,3,U2 
H5,840,2020,848079,      3.10,      0.00,      3.10,      1.55,0,1,0,1,2,2,U2 
H5,840,2020,848110,      2.00,      2.00,      2.00,      2.00,0,0,0,1,1,1,U2 
H5,840,2020,848120,      2.00,      2.00,      2.00,      2.00,0,0,0,1,1,1,U2 
H5,840,2020,848130,     11.00,      3.00,      5.00,      3.67,0,0,0,3,3,3,U2 
H5,840,2020,848140,      2.00,      2.00,      2.00,      2.00,0,0,0,1,1,1,U2 
H5,840,2020,848180,     14.60,      2.00,      5.60,      3.65,0,0,0,4,4,4,U2 
H5,840,2020,848190,     11.00,      0.00,      5.00,      2.75,0,1,0,3,4,4,U2 
H5,840,2020,848210,     11.40,      2.40,      9.00,      5.70,0,0,0,2,2,2,U2 
H5,840,2020,848220,      5.80,      5.80,      5.80,      5.80,0,0,0,1,1,1,U2 
H5,840,2020,848230,      5.80,      5.80,      5.80,      5.80,0,0,0,1,1,1,U2 
H5,840,2020,848240,      5.80,      5.80,      5.80,      5.80,0,0,0,1,1,1,U2 
H5,840,2020,848250,      5.80,      5.80,      5.80,      5.80,0,0,0,1,1,1,U2 
H5,840,2020,848280,      5.80,      5.80,      5.80,      5.80,0,0,0,1,1,1,U2 
H5,840,2020,848291,      4.40,      4.40,      4.40,      4.40,0,0,0,1,1,1,U2 
H5,840,2020,848299,     43.00,      5.80,      9.90,      7.17,0,0,0,6,6,6,U2 
H5,840,2020,848310,      5.00,      0.00,      2.50,      1.67,0,1,0,2,3,3,U2 
H5,840,2020,848320,      9.00,      4.50,      4.50,      4.50,0,0,0,2,2,2,U2 
H5,840,2020,848330,      9.00,      4.50,      4.50,      4.50,0,0,0,2,2,2,U2 
H5,840,2020,848340,     14.40,      0.00,      5.60,      2.40,0,2,1,3,6,6,U2 
H5,840,2020,848350,     11.30,      2.80,      5.70,      3.77,0,0,0,3,3,3,U2 
H5,840,2020,848360,      5.60,      2.80,      2.80,      2.80,0,0,0,2,2,2,U2 
H5,840,2020,848390,     22.60,      2.50,      5.50,      3.77,0,0,0,6,6,6,U2 
H5,840,2020,848410,      2.50,      2.50,      2.50,      2.50,0,0,0,1,1,1,U2 
H5,840,2020,848420,      3.90,      3.90,      3.90,      3.90,0,0,0,1,1,1,U2 
H5,840,2020,848490,      2.50,      2.50,      2.50,      2.50,0,0,0,1,1,1,U2 
H5,840,2020,848610,      0.00,      0.00,      0.00,      0.00,0,1,0,0,1,1,U2 
H5,840,2020,848620,      0.00,      0.00,      0.00,      0.00,0,1,0,0,1,1,U2 
H5,840,2020,848630,      0.00,      0.00,      0.00,      0.00,0,1,0,0,1,1,U2 
H5,840,2020,848640,      0.00,      0.00,      0.00,      0.00,0,1,0,0,1,1,U2 
H5,840,2020,848690,      0.00,      0.00,      0.00,      0.00,0,1,0,0,1,1,U2 
H5,840,2020,848710,      0.00,      0.00,      0.00,      0.00,0,1,0,0,1,1,U2 
H5,840,2020,848790,      3.90,      3.90,      3.90,      3.90,0,0,0,1,1,1,U2 
H5,840,2020,850110,     13.90,      2.80,      6.70,      4.63,0,0,0,3,3,3,U2 
H5,840,2020,850120,     13.00,      2.40,      4.00,      3.25,0,0,0,4,4,4,U2 
H5,840,2020,850131,     15.00,      2.40,      4.00,      3.00,0,0,0,5,5,5,U2 
H5,840,2020,850132,      4.90,      0.00,      2.90,      1.23,0,2,0,2,4,4,U2 
H5,840,2020,850133,      8.10,      0.00,      2.80,      2.03,0,1,0,3,4,4,U2 
H5,840,2020,850134,      4.80,      2.00,      2.80,      2.40,0,0,0,2,2,2,U2 
H5,840,2020,850140,     14.30,      3.30,      4.00,      3.58,0,0,0,4,4,4,U2 
H5,840,2020,850151,     10.80,      2.50,      3.30,      2.70,0,0,0,4,4,4,U2 
H5,840,2020,850152,      3.70,      0.00,      3.70,      1.85,0,1,0,1,2,2,U2 
H5,840,2020,850153,      7.00,      0.00,      4.20,      2.33,0,1,0,2,3,3,U2 
H5,840,2020,850161,      2.50,      2.50,      2.50,      2.50,0,0,0,1,1,1,U2 
H5,840,2020,850162,      2.50,      2.50,      2.50,      2.50,0,0,0,1,1,1,U2 
H5,840,2020,850163,      2.50,      2.50,      2.50,      2.50,0,0,0,1,1,1,U2 
H5,840,2020,850164,      2.40,      2.40,      2.40,      2.40,0,0,0,1,1,1,U2 
H5,840,2020,850211,      2.50,      2.50,      2.50,      2.50,0,0,0,1,1,1,U2 
H5,840,2020,850212,      2.50,      2.50,      2.50,      2.50,0,0,0,1,1,1,U2 
H5,840,2020,850213,      2.00,      2.00,      2.00,      2.00,0,0,0,1,1,1,U2 
H5,840,2020,850220,      2.00,      2.00,      2.00,      2.00,0,0,0,1,1,1,U2 
H5,840,2020,850231,      2.50,      2.50,      2.50,      2.50,0,0,0,1,1,1,U2 
H5,840,2020,850239,      2.50,      2.50,      2.50,      2.50,0,0,0,1,1,1,U2 
H5,840,2020,850240,      3.00,      3.00,      3.00,      3.00,0,0,0,1,1,1,U2 
H5,840,2020,850300,     21.40,      0.00,      6.50,      3.06,0,2,0,5,7,7,U2 
H5,840,2020,850410,      3.00,      3.00,      3.00,      3.00,0,0,0,1,1,1,U2 
H5,840,2020,850421,      0.00,      0.00,      0.00,      0.00,0,1,0,0,1,1,U2 
H5,840,2020,850422,      0.00,      0.00,      0.00,      0.00,0,1,0,0,1,1,U2 
H5,840,2020,850423,      1.60,      1.60,      1.60,      1.60,0,0,0,1,1,1,U2 
H5,840,2020,850431,      8.20,      0.00,      6.60,      2.73,0,1,0,2,3,3,U2 
H5,840,2020,850432,      2.40,      2.40,      2.40,      2.40,0,0,0,1,1,1,U2 
H5,840,2020,850433,      1.60,      1.60,      1.60,      1.60,0,0,0,1,1,1,U2 
H5,840,2020,850434,      1.60,      1.60,      1.60,      1.60,0,0,0,1,1,1,U2 
H5,840,2020,850440,      0.00,      0.00,      0.00,      0.00,0,5,0,0,5,5,U2 
H5,840,2020,850450,      0.00,      0.00,      0.00,      0.00,0,2,0,0,2,2,U2 
H5,840,2020,850490,      0.00,      0.00,      0.00,      0.00,0,5,0,0,5,5,U2 
H5,840,2020,850511,      2.10,      2.10,      2.10,      2.10,0,0,0,1,1,1,U2 
H5,840,2020,850519,     14.70,      4.90,      4.90,      4.90,0,0,0,3,3,3,U2 
H5,840,2020,850520,      3.10,      3.10,      3.10,      3.10,0,0,0,1,1,1,U2 
H5,840,2020,850590,      1.30,      0.00,      1.30,      0.32,0,3,0,1,4,4,U2 
H5,840,2020,850610,      2.70,      2.70,      2.70,      2.70,0,0,0,1,1,1,U2 
H5,840,2020,850630,      5.40,      2.70,      2.70,      2.70,0,0,0,2,2,2,U2 
H5,840,2020,850640,      5.40,      2.70,      2.70,      2.70,0,0,0,2,2,2,U2 
H5,840,2020,850650,      2.70,      2.70,      2.70,      2.70,0,0,0,1,1,1,U2 
H5,840,2020,850660,      2.70,      2.70,      2.70,      2.70,0,0,0,1,1,1,U2 
H5,840,2020,850680,      2.70,      2.70,      2.70,      2.70,0,0,0,1,1,1,U2 
H5,840,2020,850690,      2.70,      2.70,      2.70,      2.70,0,0,0,1,1,1,U2 
H5,840,2020,850710,      3.50,      3.50,      3.50,      3.50,0,0,0,1,1,1,U2 
H5,840,2020,850720,      7.00,      3.50,      3.50,      3.50,0,0,0,2,2,2,U2 
H5,840,2020,850730,      5.00,      2.50,      2.50,      2.50,0,0,0,2,2,2,U2 
H5,840,2020,850740,      6.80,      3.40,      3.40,      3.40,0,0,0,2,2,2,U2 
H5,840,2020,850750,      3.40,      3.40,      3.40,      3.40,0,0,0,1,1,1,U2 
H5,840,2020,850760,      3.40,      3.40,      3.40,      3.40,0,0,0,1,1,1,U2 
H5,840,2020,850780,      6.80,      3.40,      3.40,      3.40,0,0,0,2,2,2,U2 
H5,840,2020,850790,      6.90,      3.40,      3.50,      3.45,0,0,0,2,2,2,U2 
H5,840,2020,850811,      0.00,      0.00,      0.00,      0.00,0,1,0,0,1,1,U2 
H5,840,2020,850819,      0.00,      0.00,      0.00,      0.00,0,1,0,0,1,1,U2 
H5,840,2020,850860,      0.00,      0.00,      0.00,      0.00,0,1,0,0,1,1,U2 
H5,840,2020,850870,      0.00,      0.00,      0.00,      0.00,0,1,0,0,1,1,U2 
H5,840,2020,850940,      4.20,      4.20,      4.20,      4.20,0,0,0,1,1,1,U2 
H5,840,2020,850980,      4.20,      0.00,      4.20,      1.40,0,2,0,1,3,3,U2 
H5,840,2020,850990,     15.20,      3.40,      4.20,      3.80,0,0,0,4,4,4,U2 
H5,840,2020,851010,      0.00,      0.00,      0.00,      0.00,0,1,0,0,1,1,U2 
H5,840,2020,851020,      8.00,      4.00,      4.00,      4.00,0,0,0,2,2,2,U2 
H5,840,2020,851030,      4.20,      4.20,      4.20,      4.20,0,0,0,1,1,1,U2 
H5,840,2020,851090,     12.20,      0.00,      4.20,      2.44,0,2,0,3,5,5,U2 
H5,840,2020,851110,      2.50,      2.50,      2.50,      2.50,0,0,0,1,1,1,U2 
H5,840,2020,851120,      2.50,      2.50,      2.50,      2.50,0,0,0,1,1,1,U2 
H5,840,2020,851130,      2.50,      2.50,      2.50,      2.50,0,0,0,1,1,1,U2 
H5,840,2020,851140,      2.50,      2.50,      2.50,      2.50,0,0,0,1,1,1,U2 
H5,840,2020,851150,      2.50,      2.50,      2.50,      2.50,0,0,0,1,1,1,U2 
H5,840,2020,851180,      5.00,      0.00,      2.50,      1.67,0,1,0,2,3,3,U2 
H5,840,2020,851190,      5.60,      0.00,      3.10,      1.87,0,1,0,2,3,3,U2 
H5,840,2020,851210,      2.70,      0.00,      2.70,      1.35,0,1,0,1,2,2,U2 
H5,840,2020,851220,      2.50,      0.00,      2.50,      1.25,0,1,0,1,2,2,U2 
H5,840,2020,851230,      2.50,      2.50,      2.50,      2.50,0,0,0,1,1,1,U2 
H5,840,2020,851240,      5.00,      2.50,      2.50,      2.50,0,0,0,2,2,2,U2 
H5,840,2020,851290,      7.50,      0.00,      2.50,      1.50,0,2,0,3,5,5,U2 
H5,840,2020,851310,     16.00,      3.50,     12.50,      8.00,0,0,0,2,2,2,U2 
H5,840,2020,851390,     16.00,      3.50,     12.50,      8.00,0,0,0,2,2,2,U2 
H5,840,2020,851410,      0.00,      0.00,      0.00,      0.00,0,1,0,0,1,1,U2 
H5,840,2020,851420,      8.20,      0.00,      4.20,      2.73,0,1,0,2,3,3,U2 
H5,840,2020,851430,      1.30,      0.00,      1.30,      0.65,0,1,0,1,2,2,U2 
H5,840,2020,851440,      0.00,      0.00,      0.00,      0.00,0,1,0,0,1,1,U2 
H5,840,2020,851490,      4.00,      0.00,      4.00,      2.00,0,1,0,1,2,2,U2 
H5,840,2020,851511,      2.50,      2.50,      2.50,      2.50,0,0,0,1,1,1,U2 
H5,840,2020,851519,      0.00,      0.00,      0.00,      0.00,0,1,0,0,1,1,U2 
H5,840,2020,851521,      0.00,      0.00,      0.00,      0.00,0,1,0,0,1,1,U2 
H5,840,2020,851529,      0.00,      0.00,      0.00,      0.00,0,1,0,0,1,1,U2 
H5,840,2020,851531,      1.60,      1.60,      1.60,      1.60,0,0,0,1,1,1,U2 
H5,840,2020,851539,      1.60,      1.60,      1.60,      1.60,0,0,0,1,1,1,U2 
H5,840,2020,851580,      0.00,      0.00,      0.00,      0.00,0,1,0,0,1,1,U2 
H5,840,2020,851590,      1.60,      0.00,      1.60,      0.80,0,1,0,1,2,2,U2 
H5,840,2020,851610,      0.00,      0.00,      0.00,      0.00,0,1,0,0,1,1,U2 
H5,840,2020,851621,      0.00,      0.00,      0.00,      0.00,0,1,0,0,1,1,U2 
H5,840,2020,851629,      3.70,      3.70,      3.70,      3.70,0,0,0,1,1,1,U2 
H5,840,2020,851631,      3.90,      3.90,      3.90,      3.90,0,0,0,1,1,1,U2 
H5,840,2020,851632,      3.90,      3.90,      3.90,      3.90,0,0,0,1,1,1,U2 
H5,840,2020,851633,      0.00,      0.00,      0.00,      0.00,0,1,0,0,1,1,U2 
H5,840,2020,851640,      2.80,      0.00,      2.80,      1.40,0,1,0,1,2,2,U2 
H5,840,2020,851650,      2.00,      2.00,      2.00,      2.00,0,0,0,1,1,1,U2 
H5,840,2020,851660,      2.70,      0.00,      2.70,      1.35,0,1,0,1,2,2,U2 
H5,840,2020,851671,      3.70,      3.70,      3.70,      3.70,0,0,0,1,1,1,U2 
H5,840,2020,851672,      5.30,      5.30,      5.30,      5.30,0,0,0,1,1,1,U2 
H5,840,2020,851679,      2.70,      2.70,      2.70,      2.70,0,0,0,1,1,1,U2 
H5,840,2020,851680,      0.00,      0.00,      0.00,      0.00,0,2,0,0,2,2,U2 
H5,840,2020,851690,     19.30,      0.00,      3.90,      1.61,0,7,0,5,12,12,U2 
H5,840,2020,851711,      0.00,      0.00,      0.00,      0.00,0,1,0,0,1,1,U2 
H5,840,2020,851712,      0.00,      0.00,      0.00,      0.00,0,1,0,0,1,1,U2 
H5,840,2020,851718,      0.00,      0.00,      0.00,      0.00,0,1,0,0,1,1,U2 
H5,840,2020,851761,      0.00,      0.00,      0.00,      0.00,0,1,0,0,1,1,U2 
H5,840,2020,851762,      0.00,      0.00,      0.00,      0.00,0,1,0,0,1,1,U2 
H5,840,2020,851769,      0.00,      0.00,      0.00,      0.00,0,1,0,0,1,1,U2 
H5,840,2020,851770,      0.00,      0.00,      0.00,      0.00,0,1,0,0,1,1,U2 
H5,840,2020,851810,      0.00,      0.00,      0.00,      0.00,0,2,0,0,2,2,U2 
H5,840,2020,851821,      0.00,      0.00,      0.00,      0.00,0,1,0,0,1,1,U2 
H5,840,2020,851822,      0.00,      0.00,      0.00,      0.00,0,1,0,0,1,1,U2 
H5,840,2020,851829,      0.00,      0.00,      0.00,      0.00,0,2,0,0,2,2,U2 
H5,840,2020,851830,      0.00,      0.00,      0.00,      0.00,0,2,0,0,2,2,U2 
H5,840,2020,851840,      0.00,      0.00,      0.00,      0.00,0,2,0,0,2,2,U2 
H5,840,2020,851850,      0.00,      0.00,      0.00,      0.00,0,1,0,0,1,1,U2 
H5,840,2020,851890,      0.00,      0.00,      0.00,      0.00,0,4,0,0,4,4,U2 
H5,840,2020,851920,      0.00,      0.00,      0.00,      0.00,0,1,0,0,1,1,U2 
H5,840,2020,851930,      3.90,      0.00,      3.90,      1.95,0,1,0,1,2,2,U2 
H5,840,2020,851950,      0.00,      0.00,      0.00,      0.00,0,1,0,0,1,1,U2 
H5,840,2020,851981,      0.00,      0.00,      0.00,      0.00,0,5,0,0,5,5,U2 
H5,840,2020,851989,      0.00,      0.00,      0.00,      0.00,0,3,0,0,3,3,U2 
H5,840,2020,852110,      0.00,      0.00,      0.00,      0.00,0,3,0,0,3,3,U2 
H5,840,2020,852190,      0.00,      0.00,      0.00,      0.00,0,1,0,0,1,1,U2 
H5,840,2020,852210,      3.90,      3.90,      3.90,      3.90,0,0,0,1,1,1,U2 
H5,840,2020,852290,      0.00,      0.00,      0.00,      0.00,0,6,0,0,6,6,U2 
H5,840,2020,852321,      0.00,      0.00,      0.00,      0.00,0,1,0,0,1,1,U2 
H5,840,2020,852329,      0.00,      0.00,      0.00,      0.00,0,9,0,0,9,9,U2 
H5,840,2020,852341,      0.00,      0.00,      0.00,      0.00,0,1,0,0,1,1,U2 
H5,840,2020,852349,      0.00,      0.00,      0.00,      0.00,0,4,0,0,4,4,U2 
H5,840,2020,852351,      0.00,      0.00,      0.00,      0.00,0,1,0,0,1,1,U2 
H5,840,2020,852352,      0.00,      0.00,      0.00,      0.00,0,1,0,0,1,1,U2 
H5,840,2020,852359,      0.00,      0.00,      0.00,      0.00,0,1,0,0,1,1,U2 
H5,840,2020,852380,      0.00,      0.00,      0.00,      0.00,0,2,0,0,2,2,U2 
H5,840,2020,852550,      0.00,      0.00,      0.00,      0.00,0,3,0,0,3,3,U2 
H5,840,2020,852560,      0.00,      0.00,      0.00,      0.00,0,2,0,0,2,2,U2 
H5,840,2020,852580,      0.00,      0.00,      0.00,      0.00,0,5,0,0,5,5,U2 
H5,840,2020,852610,      0.00,      0.00,      0.00,      0.00,0,1,0,0,1,1,U2 
H5,840,2020,852691,      0.00,      0.00,      0.00,      0.00,0,1,0,0,1,1,U2 
H5,840,2020,852692,      0.00,      0.00,      0.00,      0.00,0,2,0,0,2,2,U2 
H5,840,2020,852712,      0.00,      0.00,      0.00,      0.00,0,1,0,0,1,1,U2 
H5,840,2020,852713,      0.00,      0.00,      0.00,      0.00,0,4,0,0,4,4,U2 
H5,840,2020,852719,      0.00,      0.00,      0.00,      0.00,0,2,0,0,2,2,U2 
H5,840,2020,852721,      2.00,      0.00,      2.00,      0.67,0,2,0,1,3,3,U2 
H5,840,2020,852729,      0.00,      0.00,      0.00,      0.00,0,2,0,0,2,2,U2 
H5,840,2020,852791,      0.00,      0.00,      0.00,      0.00,0,4,0,0,4,4,U2 
H5,840,2020,852792,      0.00,      0.00,      0.00,      0.00,0,2,0,0,2,2,U2 
H5,840,2020,852799,      0.00,      0.00,      0.00,      0.00,0,3,0,0,3,3,U2 
H5,840,2020,852842,      0.00,      0.00,      0.00,      0.00,0,1,0,0,1,1,U2 
H5,840,2020,852849,      0.00,      0.00,      0.00,      0.00,0,15,0,0,15,15,U2 
H5,840,2020,852852,      0.00,      0.00,      0.00,      0.00,0,1,0,0,1,1,U2 
H5,840,2020,852859,     22.80,      0.00,      5.00,      2.07,0,6,0,5,11,11,U2 
H5,840,2020,852862,      0.00,      0.00,      0.00,      0.00,0,1,0,0,1,1,U2 
H5,840,2020,852869,     40.60,      0.00,      5.00,      3.12,0,4,0,9,13,13,U2 
H5,840,2020,852871,      0.00,      0.00,      0.00,      0.00,0,5,0,0,5,5,U2 
H5,840,2020,852872,     62.30,      0.00,      5.00,      2.83,0,8,0,14,22,22,U2 
H5,840,2020,852873,      5.00,      5.00,      5.00,      5.00,0,0,0,1,1,1,U2 
H5,840,2020,852910,      0.00,      0.00,      0.00,      0.00,0,3,0,0,3,3,U2 
H5,840,2020,852990,      0.00,      0.00,      0.00,      0.00,0,31,0,0,31,31,U2 
H5,840,2020,853010,      0.00,      0.00,      0.00,      0.00,0,1,0,0,1,1,U2 
H5,840,2020,853080,      0.00,      0.00,      0.00,      0.00,0,1,0,0,1,1,U2 
H5,840,2020,853090,      0.00,      0.00,      0.00,      0.00,0,1,0,0,1,1,U2 
H5,840,2020,853110,      1.30,      1.30,      1.30,      1.30,0,0,0,1,1,1,U2 
H5,840,2020,853120,      0.00,      0.00,      0.00,      0.00,0,1,0,0,1,1,U2 
H5,840,2020,853180,      1.30,      0.00,      1.30,      0.65,0,1,0,1,2,2,U2 
H5,840,2020,853190,      0.00,      0.00,      0.00,      0.00,0,4,0,0,4,4,U2 
H5,840,2020,853210,      0.00,      0.00,      0.00,      0.00,0,1,0,0,1,1,U2 
H5,840,2020,853221,      0.00,      0.00,      0.00,      0.00,0,1,0,0,1,1,U2 
H5,840,2020,853222,      0.00,      0.00,      0.00,      0.00,0,1,0,0,1,1,U2 
H5,840,2020,853223,      0.00,      0.00,      0.00,      0.00,0,1,0,0,1,1,U2 
H5,840,2020,853224,      0.00,      0.00,      0.00,      0.00,0,1,0,0,1,1,U2 
H5,840,2020,853225,      0.00,      0.00,      0.00,      0.00,0,1,0,0,1,1,U2 
H5,840,2020,853229,      0.00,      0.00,      0.00,      0.00,0,1,0,0,1,1,U2 
H5,840,2020,853230,      0.00,      0.00,      0.00,      0.00,0,1,0,0,1,1,U2 
H5,840,2020,853290,      0.00,      0.00,      0.00,      0.00,0,1,0,0,1,1,U2 
H5,840,2020,853310,      0.00,      0.00,      0.00,      0.00,0,1,0,0,1,1,U2 
H5,840,2020,853321,      0.00,      0.00,      0.00,      0.00,0,1,0,0,1,1,U2 
H5,840,2020,853329,      0.00,      0.00,      0.00,      0.00,0,1,0,0,1,1,U2 
H5,840,2020,853331,      0.00,      0.00,      0.00,      0.00,0,1,0,0,1,1,U2 
H5,840,2020,853339,      0.00,      0.00,      0.00,      0.00,0,1,0,0,1,1,U2 
H5,840,2020,853340,      0.00,      0.00,      0.00,      0.00,0,2,0,0,2,2,U2 
H5,840,2020,853390,      0.00,      0.00,      0.00,      0.00,0,2,0,0,2,2,U2 
H5,840,2020,853400,      0.00,      0.00,      0.00,      0.00,0,1,0,0,1,1,U2 
H5,840,2020,853510,      2.70,      2.70,      2.70,      2.70,0,0,0,1,1,1,U2 
H5,840,2020,853521,      2.70,      2.70,      2.70,      2.70,0,0,0,1,1,1,U2 
H5,840,2020,853529,      2.00,      2.00,      2.00,      2.00,0,0,0,1,1,1,U2 
H5,840,2020,853530,      2.70,      2.70,      2.70,      2.70,0,0,0,1,1,1,U2 
H5,840,2020,853540,      2.70,      2.70,      2.70,      2.70,0,0,0,1,1,1,U2 
H5,840,2020,853590,      5.40,      2.70,      2.70,      2.70,0,0,0,2,2,2,U2 
H5,840,2020,853610,      2.70,      2.70,      2.70,      2.70,0,0,0,1,1,1,U2 
H5,840,2020,853620,      2.70,      2.70,      2.70,      2.70,0,0,0,1,1,1,U2 
H5,840,2020,853630,      0.00,      0.00,      0.00,      0.00,0,2,0,0,2,2,U2 
H5,840,2020,853641,      2.70,      2.70,      2.70,      2.70,0,0,0,1,1,1,U2 
H5,840,2020,853649,      2.70,      2.70,      2.70,      2.70,0,0,0,1,1,1,U2 
H5,840,2020,853650,      0.00,      0.00,      0.00,      0.00,0,3,0,0,3,3,U2 
H5,840,2020,853661,      2.70,      2.70,      2.70,      2.70,0,0,0,1,1,1,U2 
H5,840,2020,853669,      2.70,      0.00,      2.70,      1.35,0,1,0,1,2,2,U2 
H5,840,2020,853670,      0.00,      0.00,      0.00,      0.00,0,1,0,0,1,1,U2 
H5,840,2020,853690,      2.70,      0.00,      2.70,      0.90,0,2,0,1,3,3,U2 
H5,840,2020,853710,      8.10,      0.00,      2.70,      2.03,0,1,0,3,4,4,U2 
H5,840,2020,853720,      2.70,      2.70,      2.70,      2.70,0,0,0,1,1,1,U2 
H5,840,2020,853810,      0.00,      0.00,      0.00,      0.00,0,1,0,0,1,1,U2 
H5,840,2020,853890,     14.00,      0.00,      3.50,      2.80,0,1,0,4,5,5,U2 
H5,840,2020,853910,      2.00,      2.00,      2.00,      2.00,0,0,0,1,1,1,U2 
H5,840,2020,853921,      2.60,      0.00,      2.60,      1.30,0,1,0,1,2,2,U2 
H5,840,2020,853922,      8.40,      2.60,      5.80,      4.20,0,0,0,2,2,2,U2 
H5,840,2020,853929,     13.60,      0.00,      5.80,      3.40,0,1,0,3,4,4,U2 
H5,840,2020,853931,      2.40,      2.40,      2.40,      2.40,0,0,0,1,1,1,U2 
H5,840,2020,853932,      2.40,      2.40,      2.40,      2.40,0,0,0,1,1,1,U2 
H5,840,2020,853939,      2.40,      0.00,      2.40,      1.20,0,1,0,1,2,2,U2 
H5,840,2020,853941,      2.60,      2.60,      2.60,      2.60,0,0,0,1,1,1,U2 
H5,840,2020,853949,      2.40,      2.40,      2.40,      2.40,0,0,0,1,1,1,U2 
H5,840,2020,853950,      2.00,      2.00,      2.00,      2.00,0,0,0,1,1,1,U2 
H5,840,2020,853990,      2.60,      2.60,      2.60,      2.60,0,0,0,1,1,1,U2 
H5,840,2020,854011,     90.00,      7.50,     15.00,     12.86,0,0,0,7,7,7,U2 
H5,840,2020,854012,     13.80,      3.30,      3.60,      3.45,0,0,0,4,4,4,U2 
H5,840,2020,854020,      9.30,      3.30,      6.00,      4.65,0,0,0,2,2,2,U2 
H5,840,2020,854040,      3.00,      3.00,      3.00,      3.00,0,0,0,1,1,1,U2 
H5,840,2020,854060,      3.00,      3.00,      3.00,      3.00,0,0,0,1,1,1,U2 
H5,840,2020,854071,      3.70,      0.00,      3.70,      1.85,0,1,0,1,2,2,U2 
H5,840,2020,854079,      7.00,      3.30,      3.70,      3.50,0,0,0,2,2,2,U2 
H5,840,2020,854081,      4.20,      4.20,      4.20,      4.20,0,0,0,1,1,1,U2 
H5,840,2020,854089,      3.70,      3.70,      3.70,      3.70,0,0,0,1,1,1,U2 
H5,840,2020,854091,     10.80,      0.00,      5.40,      3.60,0,1,0,2,3,3,U2 
H5,840,2020,854099,      0.00,      0.00,      0.00,      0.00,0,2,0,0,2,2,U2 
H5,840,2020,854110,      0.00,      0.00,      0.00,      0.00,0,1,0,0,1,1,U2 
H5,840,2020,854121,      0.00,      0.00,      0.00,      0.00,0,1,0,0,1,1,U2 
H5,840,2020,854129,      0.00,      0.00,      0.00,      0.00,0,1,0,0,1,1,U2 
H5,840,2020,854130,      0.00,      0.00,      0.00,      0.00,0,1,0,0,1,1,U2 
H5,840,2020,854140,      0.00,      0.00,      0.00,      0.00,0,5,0,0,5,5,U2 
H5,840,2020,854150,      0.00,      0.00,      0.00,      0.00,0,1,0,0,1,1,U2 
H5,840,2020,854160,      0.00,      0.00,      0.00,      0.00,0,1,0,0,1,1,U2 
H5,840,2020,854190,      0.00,      0.00,      0.00,      0.00,0,1,0,0,1,1,U2 
H5,840,2020,854231,      0.00,      0.00,      0.00,      0.00,0,1,0,0,1,1,U2 
H5,840,2020,854232,      0.00,      0.00,      0.00,      0.00,0,1,0,0,1,1,U2 
H5,840,2020,854233,      0.00,      0.00,      0.00,      0.00,0,1,0,0,1,1,U2 
H5,840,2020,854239,      0.00,      0.00,      0.00,      0.00,0,1,0,0,1,1,U2 
H5,840,2020,854290,      0.00,      0.00,      0.00,      0.00,0,1,0,0,1,1,U2 
H5,840,2020,854310,      1.90,      1.90,      1.90,      1.90,0,0,0,1,1,1,U2 
H5,840,2020,854320,      0.00,      0.00,      0.00,      0.00,0,1,0,0,1,1,U2 
H5,840,2020,854330,      2.60,      0.00,      2.60,      1.30,0,1,0,1,2,2,U2 
H5,840,2020,854370,      9.70,      0.00,      2.60,      0.69,0,10,0,4,14,14,U2 
H5,840,2020,854390,      0.00,      0.00,      0.00,      0.00,0,7,0,0,7,7,U2 
H5,840,2020,854411,      3.50,      3.50,      3.50,      3.50,0,0,0,1,1,1,U2 
H5,840,2020,854419,      3.90,      3.90,      3.90,      3.90,0,0,0,1,1,1,U2 
H5,840,2020,854420,      5.30,      5.30,      5.30,      5.30,0,0,0,1,1,1,U2 
H5,840,2020,854430,      5.00,      5.00,      5.00,      5.00,0,0,0,1,1,1,U2 
H5,840,2020,854442,      2.60,      0.00,      2.60,      0.87,0,2,0,1,3,3,U2 
H5,840,2020,854449,     12.70,      0.00,      5.30,      3.17,0,1,0,3,4,4,U2 
H5,840,2020,854460,     10.40,      3.20,      3.70,      3.47,0,0,0,3,3,3,U2 
H5,840,2020,854470,      0.00,      0.00,      0.00,      0.00,0,1,0,0,1,1,U2 
H5,840,2020,854511,      0.00,      0.00,      0.00,      0.00,0,1,0,0,1,1,U2 
H5,840,2020,854519,      0.00,      0.00,      0.00,      0.00,0,2,0,0,2,2,U2 
H5,840,2020,854520,      0.00,      0.00,      0.00,      0.00,0,1,0,0,1,1,U2 
H5,840,2020,854590,      0.00,      0.00,      0.00,      0.00,0,2,0,0,2,2,U2 
H5,840,2020,854610,      2.90,      2.90,      2.90,      2.90,0,0,0,1,1,1,U2 
H5,840,2020,854620,      3.00,      3.00,      3.00,      3.00,0,0,0,1,1,1,U2 
H5,840,2020,854690,      0.00,      0.00,      0.00,      0.00,0,1,0,0,1,1,U2 
H5,840,2020,854710,      6.00,      3.00,      3.00,      3.00,0,0,0,2,2,2,U2 
H5,840,2020,854720,      0.00,      0.00,      0.00,      0.00,0,1,0,0,1,1,U2 
H5,840,2020,854790,      4.60,      4.60,      4.60,      4.60,0,0,0,1,1,1,U2 
H5,840,2020,854810,      0.00,      0.00,      0.00,      0.00,0,4,0,0,4,4,U2 
H5,840,2020,854890,      0.00,      0.00,      0.00,      0.00,0,1,0,0,1,1,U2 
H5,840,2020,860110,      0.00,      0.00,      0.00,      0.00,0,1,0,0,1,1,U2 
H5,840,2020,860120,      0.00,      0.00,      0.00,      0.00,0,1,0,0,1,1,U2 
H5,840,2020,860210,      0.00,      0.00,      0.00,      0.00,0,1,0,0,1,1,U2 
H5,840,2020,860290,      0.00,      0.00,      0.00,      0.00,0,1,0,0,1,1,U2 
H5,840,2020,860310,      5.00,      5.00,      5.00,      5.00,0,0,0,1,1,1,U2 
H5,840,2020,860390,      5.00,      5.00,      5.00,      5.00,0,0,0,1,1,1,U2 
H5,840,2020,860400,      2.90,      2.90,      2.90,      2.90,0,0,0,1,1,1,U2 
H5,840,2020,860500,     14.00,     14.00,     14.00,     14.00,0,0,0,1,1,1,U2 
H5,840,2020,860610,     14.00,     14.00,     14.00,     14.00,0,0,0,1,1,1,U2 
H5,840,2020,860630,     14.00,     14.00,     14.00,     14.00,0,0,0,1,1,1,U2 
H5,840,2020,860691,     14.00,     14.00,     14.00,     14.00,0,0,0,1,1,1,U2 
H5,840,2020,860692,     14.00,     14.00,     14.00,     14.00,0,0,0,1,1,1,U2 
H5,840,2020,860699,     14.00,     14.00,     14.00,     14.00,0,0,0,1,1,1,U2 
H5,840,2020,860711,      0.00,      0.00,      0.00,      0.00,0,1,0,0,1,1,U2 
H5,840,2020,860712,      3.60,      3.60,      3.60,      3.60,0,0,0,1,1,1,U2 
H5,840,2020,860719,      7.00,      0.00,      3.60,      1.17,0,2,0,4,6,6,U2 
H5,840,2020,860721,      7.50,      3.60,      3.90,      3.75,0,0,0,2,2,2,U2 
H5,840,2020,860729,      6.20,      2.60,      3.60,      3.10,0,0,0,2,2,2,U2 
H5,840,2020,860730,      6.20,      2.60,      3.60,      3.10,0,0,0,2,2,2,U2 
H5,840,2020,860791,      0.00,      0.00,      0.00,      0.00,0,1,0,0,1,1,U2 
H5,840,2020,860799,      5.90,      2.80,      3.10,      2.95,0,0,0,2,2,2,U2 
H5,840,2020,860800,      3.80,      3.80,      3.80,      3.80,0,0,0,1,1,1,U2 
H5,840,2020,860900,      0.00,      0.00,      0.00,      0.00,0,1,0,0,1,1,U2 
H5,840,2020,870110,      0.00,      0.00,      0.00,      0.00,0,1,0,0,1,1,U2 
H5,840,2020,870120,      4.00,      4.00,      4.00,      4.00,0,0,0,1,1,1,U2 
H5,840,2020,870130,      0.00,      0.00,      0.00,      0.00,0,2,0,0,2,2,U2 
H5,840,2020,870191,      0.00,      0.00,      0.00,      0.00,0,2,0,0,2,2,U2 
H5,840,2020,870192,      0.00,      0.00,      0.00,      0.00,0,2,0,0,2,2,U2 
H5,840,2020,870193,      0.00,      0.00,      0.00,      0.00,0,2,0,0,2,2,U2 
H5,840,2020,870194,      0.00,      0.00,      0.00,      0.00,0,2,0,0,2,2,U2 
H5,840,2020,870195,      0.00,      0.00,      0.00,      0.00,0,2,0,0,2,2,U2 
H5,840,2020,870210,      4.00,      2.00,      2.00,      2.00,0,0,0,2,2,2,U2 
H5,840,2020,870220,      4.00,      2.00,      2.00,      2.00,0,0,0,2,2,2,U2 
H5,840,2020,870230,      4.00,      2.00,      2.00,      2.00,0,0,0,2,2,2,U2 
H5,840,2020,870240,      4.00,      2.00,      2.00,      2.00,0,0,0,2,2,2,U2 
H5,840,2020,870290,      4.00,      2.00,      2.00,      2.00,0,0,0,2,2,2,U2 
H5,840,2020,870310,      5.00,      2.50,      2.50,      2.50,0,0,0,2,2,2,U2 
H5,840,2020,870321,      2.50,      2.50,      2.50,      2.50,0,0,0,1,1,1,U2 
H5,840,2020,870322,      2.50,      2.50,      2.50,      2.50,0,0,0,1,1,1,U2 
H5,840,2020,870323,      2.50,      2.50,      2.50,      2.50,0,0,0,1,1,1,U2 
H5,840,2020,870324,      2.50,      2.50,      2.50,      2.50,0,0,0,1,1,1,U2 
H5,840,2020,870331,      2.50,      2.50,      2.50,      2.50,0,0,0,1,1,1,U2 
H5,840,2020,870332,      2.50,      2.50,      2.50,      2.50,0,0,0,1,1,1,U2 
H5,840,2020,870333,      2.50,      2.50,      2.50,      2.50,0,0,0,1,1,1,U2 
H5,840,2020,870340,      2.50,      2.50,      2.50,      2.50,0,0,0,1,1,1,U2 
H5,840,2020,870350,      2.50,      2.50,      2.50,      2.50,0,0,0,1,1,1,U2 
H5,840,2020,870360,      2.50,      2.50,      2.50,      2.50,0,0,0,1,1,1,U2 
H5,840,2020,870370,      2.50,      2.50,      2.50,      2.50,0,0,0,1,1,1,U2 
H5,840,2020,870380,      2.50,      2.50,      2.50,      2.50,0,0,0,1,1,1,U2 
H5,840,2020,870390,      2.50,      2.50,      2.50,      2.50,0,0,0,1,1,1,U2 
H5,840,2020,870410,      0.00,      0.00,      0.00,      0.00,0,2,0,0,2,2,U2 
H5,840,2020,870421,     25.00,     25.00,     25.00,     25.00,0,0,0,1,1,1,U2 
H5,840,2020,870422,     29.00,      4.00,     25.00,     14.50,0,0,0,2,2,2,U2 
H5,840,2020,870423,     25.00,     25.00,     25.00,     25.00,0,0,0,1,1,1,U2 
H5,840,2020,870431,     25.00,     25.00,     25.00,     25.00,0,0,0,1,1,1,U2 
H5,840,2020,870432,     25.00,     25.00,     25.00,     25.00,0,0,0,1,1,1,U2 
H5,840,2020,870490,     25.00,     25.00,     25.00,     25.00,0,0,0,1,1,1,U2 
H5,840,2020,870510,      0.00,      0.00,      0.00,      0.00,0,1,0,0,1,1,U2 
H5,840,2020,870520,      0.00,      0.00,      0.00,      0.00,0,1,0,0,1,1,U2 
H5,840,2020,870530,      0.00,      0.00,      0.00,      0.00,0,1,0,0,1,1,U2 
H5,840,2020,870540,      0.00,      0.00,      0.00,      0.00,0,1,0,0,1,1,U2 
H5,840,2020,870590,      0.00,      0.00,      0.00,      0.00,0,1,0,0,1,1,U2 
H5,840,2020,870600,     13.50,      0.00,      4.00,      2.25,0,1,0,5,6,6,U2 
H5,840,2020,870710,      2.50,      2.50,      2.50,      2.50,0,0,0,1,1,1,U2 
H5,840,2020,870790,      4.00,      0.00,      4.00,      2.00,0,1,0,1,2,2,U2 
H5,840,2020,870810,      5.00,      2.50,      2.50,      2.50,0,0,0,2,2,2,U2 
H5,840,2020,870821,      2.50,      2.50,      2.50,      2.50,0,0,0,1,1,1,U2 
H5,840,2020,870829,      7.50,      0.00,      2.50,      1.88,0,1,0,3,4,4,U2 
H5,840,2020,870830,      2.50,      0.00,      2.50,      1.25,0,1,0,1,2,2,U2 
H5,840,2020,870840,      7.50,      0.00,      2.50,      1.07,0,4,0,3,7,7,U2 
H5,840,2020,870850,     22.50,      0.00,      2.50,      1.50,0,6,0,9,15,15,U2 
H5,840,2020,870870,      5.00,      0.00,      2.50,      0.83,0,4,0,2,6,6,U2 
H5,840,2020,870880,      7.50,      0.00,      2.50,      0.94,0,5,0,3,8,8,U2 
H5,840,2020,870891,      5.00,      0.00,      2.50,      0.83,0,4,0,2,6,6,U2 
H5,840,2020,870892,      5.00,      0.00,      2.50,      0.83,0,4,0,2,6,6,U2 
H5,840,2020,870893,      5.00,      0.00,      2.50,      1.25,0,2,0,2,4,4,U2 
H5,840,2020,870894,      5.00,      0.00,      2.50,      0.83,0,4,0,2,6,6,U2 
H5,840,2020,870895,      5.00,      0.00,      2.50,      1.25,0,2,0,2,4,4,U2 
H5,840,2020,870899,     10.00,      0.00,      2.50,      0.77,0,9,0,4,13,13,U2 
H5,840,2020,870911,      0.00,      0.00,      0.00,      0.00,0,1,0,0,1,1,U2 
H5,840,2020,870919,      0.00,      0.00,      0.00,      0.00,0,1,0,0,1,1,U2 
H5,840,2020,870990,      0.00,      0.00,      0.00,      0.00,0,1,0,0,1,1,U2 
H5,840,2020,871000,      0.00,      0.00,      0.00,      0.00,0,1,0,0,1,1,U2 
H5,840,2020,871110,      0.00,      0.00,      0.00,      0.00,0,1,0,0,1,1,U2 
H5,840,2020,871120,      0.00,      0.00,      0.00,      0.00,0,1,0,0,1,1,U2 
H5,840,2020,871130,      0.00,      0.00,      0.00,      0.00,0,1,0,0,1,1,U2 
H5,840,2020,871140,      2.40,      0.00,      2.40,      1.20,0,1,0,1,2,2,U2 
H5,840,2020,871150,      2.40,      2.40,      2.40,      2.40,0,0,0,1,1,1,U2 
H5,840,2020,871160,      0.00,      0.00,      0.00,      0.00,0,1,0,0,1,1,U2 
H5,840,2020,871190,      0.00,      0.00,      0.00,      0.00,0,1,0,0,1,1,U2 
H5,840,2020,871200,     47.70,      3.70,     11.00,      7.95,0,0,0,6,6,6,U2 
H5,840,2020,871310,      0.00,      0.00,      0.00,      0.00,0,1,0,0,1,1,U2 
H5,840,2020,871390,      0.00,      0.00,      0.00,      0.00,0,1,0,0,1,1,U2 
H5,840,2020,871410,      0.00,      0.00,      0.00,      0.00,0,1,0,0,1,1,U2 
H5,840,2020,871420,      0.00,      0.00,      0.00,      0.00,0,1,0,0,1,1,U2 
H5,840,2020,871491,     13.80,      0.00,      6.00,      3.45,0,1,0,3,4,4,U2 
H5,840,2020,871492,     15.00,      5.00,     10.00,      7.50,0,0,0,2,2,2,U2 
H5,840,2020,871493,     13.00,      0.00,     10.00,      2.17,0,4,0,2,6,6,U2 
H5,840,2020,871494,     10.00,      0.00,     10.00,      5.00,0,1,0,1,2,2,U2 
H5,840,2020,871495,      8.00,      8.00,      8.00,      8.00,0,0,0,1,1,1,U2 
H5,840,2020,871496,     18.00,      0.00,     10.00,      6.00,0,1,0,2,3,3,U2 
H5,840,2020,871499,     10.00,      0.00,     10.00,      2.50,0,3,0,1,4,4,U2 
H5,840,2020,871500,      4.40,      4.40,      4.40,      4.40,0,0,0,1,1,1,U2 
H5,840,2020,871610,      0.00,      0.00,      0.00,      0.00,0,1,0,0,1,1,U2 
H5,840,2020,871620,      0.00,      0.00,      0.00,      0.00,0,1,0,0,1,1,U2 
H5,840,2020,871631,      0.00,      0.00,      0.00,      0.00,0,1,0,0,1,1,U2 
H5,840,2020,871639,      0.00,      0.00,      0.00,      0.00,0,1,0,0,1,1,U2 
H5,840,2020,871640,      0.00,      0.00,      0.00,      0.00,0,1,0,0,1,1,U2 
H5,840,2020,871680,      3.20,      0.00,      3.20,      1.60,0,1,0,1,2,2,U2 
H5,840,2020,871690,      8.80,      0.00,      5.70,      2.93,0,1,0,2,3,3,U2 
H5,840,2020,880100,      0.00,      0.00,      0.00,      0.00,0,1,0,0,1,1,U2 
H5,840,2020,880211,      0.00,      0.00,      0.00,      0.00,0,1,0,0,1,1,U2 
H5,840,2020,880212,      0.00,      0.00,      0.00,      0.00,0,1,0,0,1,1,U2 
H5,840,2020,880220,      0.00,      0.00,      0.00,      0.00,0,1,0,0,1,1,U2 
H5,840,2020,880230,      0.00,      0.00,      0.00,      0.00,0,1,0,0,1,1,U2 
H5,840,2020,880240,      0.00,      0.00,      0.00,      0.00,0,1,0,0,1,1,U2 
H5,840,2020,880260,      0.00,      0.00,      0.00,      0.00,0,2,0,0,2,2,U2 
H5,840,2020,880310,      0.00,      0.00,      0.00,      0.00,0,1,0,0,1,1,U2 
H5,840,2020,880320,      0.00,      0.00,      0.00,      0.00,0,1,0,0,1,1,U2 
H5,840,2020,880330,      0.00,      0.00,      0.00,      0.00,0,1,0,0,1,1,U2 
H5,840,2020,880390,      0.00,      0.00,      0.00,      0.00,0,2,0,0,2,2,U2 
H5,840,2020,880400,      3.00,      3.00,      3.00,      3.00,0,0,0,1,1,1,U2 
H5,840,2020,880510,      0.00,      0.00,      0.00,      0.00,0,1,0,0,1,1,U2 
H5,840,2020,880521,      0.00,      0.00,      0.00,      0.00,0,1,0,0,1,1,U2 
H5,840,2020,880529,      0.00,      0.00,      0.00,      0.00,0,1,0,0,1,1,U2 
H5,840,2020,890110,      0.00,      0.00,      0.00,      0.00,0,1,0,0,1,1,U2 
H5,840,2020,890120,      0.00,      0.00,      0.00,      0.00,0,1,0,0,1,1,U2 
H5,840,2020,890130,      0.00,      0.00,      0.00,      0.00,0,1,0,0,1,1,U2 
H5,840,2020,890190,      0.00,      0.00,      0.00,      0.00,0,1,0,0,1,1,U2 
H5,840,2020,890200,      0.00,      0.00,      0.00,      0.00,0,1,0,0,1,1,U2 
H5,840,2020,890310,      2.40,      2.40,      2.40,      2.40,0,0,0,1,1,1,U2 
H5,840,2020,890391,      1.50,      1.50,      1.50,      1.50,0,0,0,1,1,1,U2 
H5,840,2020,890392,      1.50,      1.50,      1.50,      1.50,0,0,0,1,1,1,U2 
H5,840,2020,890399,      4.70,      0.00,      2.70,      1.17,0,1,0,3,4,4,U2 
H5,840,2020,890400,      0.00,      0.00,      0.00,      0.00,0,1,0,0,1,1,U2 
H5,840,2020,890510,      0.00,      0.00,      0.00,      0.00,0,1,0,0,1,1,U2 
H5,840,2020,890520,      0.00,      0.00,      0.00,      0.00,0,1,0,0,1,1,U2 
H5,840,2020,890590,      0.00,      0.00,      0.00,      0.00,0,2,0,0,2,2,U2 
H5,840,2020,890610,      0.00,      0.00,      0.00,      0.00,0,1,0,0,1,1,U2 
H5,840,2020,890690,      0.00,      0.00,      0.00,      0.00,0,1,0,0,1,1,U2 
H5,840,2020,890710,      0.00,      0.00,      0.00,      0.00,0,1,0,0,1,1,U2 
H5,840,2020,890790,      0.00,      0.00,      0.00,      0.00,0,1,0,0,1,1,U2 
H5,840,2020,890800,      0.00,      0.00,      0.00,      0.00,0,1,0,0,1,1,U2 
H5,840,2020,900110,      6.70,      6.70,      6.70,      6.70,0,0,0,1,1,1,U2 
H5,840,2020,900120,      0.00,      0.00,      0.00,      0.00,0,1,0,0,1,1,U2 
H5,840,2020,900130,      2.00,      2.00,      2.00,      2.00,0,0,0,1,1,1,U2 
H5,840,2020,900140,      2.00,      2.00,      2.00,      2.00,0,0,0,1,1,1,U2 
H5,840,2020,900150,      2.00,      2.00,      2.00,      2.00,0,0,0,1,1,1,U2 
H5,840,2020,900190,      0.00,      0.00,      0.00,      0.00,0,5,0,0,5,5,U2 
H5,840,2020,900211,      4.75,      0.00,      2.45,      1.58,0,1,0,2,3,3,U2 
H5,840,2020,900219,      0.00,      0.00,      0.00,      0.00,0,1,0,0,1,1,U2 
H5,840,2020,900220,      0.00,      0.00,      0.00,      0.00,0,2,0,0,2,2,U2 
H5,840,2020,900290,      0.00,      0.00,      0.00,      0.00,0,5,0,0,5,5,U2 
H5,840,2020,900311,      2.50,      2.50,      2.50,      2.50,0,0,0,1,1,1,U2 
H5,840,2020,900319,      0.00,      0.00,      0.00,      0.00,0,1,0,0,1,1,U2 
H5,840,2020,900390,      2.50,      2.50,      2.50,      2.50,0,0,0,1,1,1,U2 
H5,840,2020,900410,      2.00,      2.00,      2.00,      2.00,0,0,0,1,1,1,U2 
H5,840,2020,900490,      2.50,      2.50,      2.50,      2.50,0,0,0,1,1,1,U2 
H5,840,2020,900510,      0.00,      0.00,      0.00,      0.00,0,1,0,0,1,1,U2 
H5,840,2020,900580,     14.00,      6.00,      8.00,      7.00,0,0,0,2,2,2,U2 
H5,840,2020,900590,,,,,2,0,0,0,0,2,U2 
H5,840,2020,900630,      0.00,      0.00,      0.00,      0.00,0,1,0,0,1,1,U2 
H5,840,2020,900640,      6.80,      0.00,      6.80,      2.27,0,2,0,1,3,3,U2 
H5,840,2020,900651,      0.00,      0.00,      0.00,      0.00,0,1,0,0,1,1,U2 
H5,840,2020,900652,     10.80,      0.00,      6.80,      2.16,0,3,0,2,5,5,U2 
H5,840,2020,900653,      0.00,      0.00,      0.00,      0.00,0,1,0,0,1,1,U2 
H5,840,2020,900659,     10.80,      0.00,      6.80,      2.70,0,2,0,2,4,4,U2 
H5,840,2020,900661,      0.00,      0.00,      0.00,      0.00,0,1,0,0,1,1,U2 
H5,840,2020,900669,      0.00,      0.00,      0.00,      0.00,0,1,0,0,1,1,U2 
H5,840,2020,900691,      5.80,      5.80,      5.80,      5.80,0,0,0,1,1,1,U2 
H5,840,2020,900699,      3.90,      3.90,      3.90,      3.90,0,0,0,1,1,1,U2 
H5,840,2020,900710,      0.00,      0.00,      0.00,      0.00,0,1,0,0,1,1,U2 
H5,840,2020,900720,      8.40,      0.00,      4.90,      2.10,0,2,0,2,4,4,U2 
H5,840,2020,900791,      3.90,      0.00,      3.90,      1.95,0,1,0,1,2,2,U2 
H5,840,2020,900792,      3.50,      3.50,      3.50,      3.50,0,0,0,1,1,1,U2 
H5,840,2020,900850,     15.10,      0.00,      7.00,      3.02,0,2,0,3,5,5,U2 
H5,840,2020,900890,      2.90,      0.00,      2.90,      1.45,0,1,0,1,2,2,U2 
H5,840,2020,901010,      2.40,      2.40,      2.40,      2.40,0,0,0,1,1,1,U2 
H5,840,2020,901050,      0.00,      0.00,      0.00,      0.00,0,6,0,0,6,6,U2 
H5,840,2020,901060,      0.00,      0.00,      0.00,      0.00,0,1,0,0,1,1,U2 
H5,840,2020,901090,      2.90,      0.00,      2.90,      1.45,0,1,0,1,2,2,U2 
H5,840,2020,901110,      0.00,      0.00,      0.00,      0.00,0,2,0,0,2,2,U2 
H5,840,2020,901120,     11.10,      3.90,      7.20,      5.55,0,0,0,2,2,2,U2 
H5,840,2020,901180,      0.00,      0.00,      0.00,      0.00,0,1,0,0,1,1,U2 
H5,840,2020,901190,      0.00,      0.00,      0.00,      0.00,0,1,0,0,1,1,U2 
H5,840,2020,901210,      0.00,      0.00,      0.00,      0.00,0,1,0,0,1,1,U2 
H5,840,2020,901290,      0.00,      0.00,      0.00,      0.00,0,1,0,0,1,1,U2 
H5,840,2020,901310,     21.60,      0.00,     14.90,      5.40,0,1,0,3,4,4,U2 
H5,840,2020,901320,      0.00,      0.00,      0.00,      0.00,0,1,0,0,1,1,U2 
H5,840,2020,901380,     16.90,      0.00,      6.60,      4.22,0,1,0,3,4,4,U2 
H5,840,2020,901390,     20.50,      0.00,     16.00,      5.13,0,2,0,2,4,4,U2 
H5,840,2020,901410,      0.00,      0.00,      0.00,      0.00,0,4,0,0,4,4,U2 
H5,840,2020,901420,      0.00,      0.00,      0.00,      0.00,0,4,0,0,4,4,U2 
H5,840,2020,901480,      0.00,      0.00,      0.00,      0.00,0,4,0,0,4,4,U2 
H5,840,2020,901490,      0.00,      0.00,      0.00,      0.00,0,4,0,0,4,4,U2 
H5,840,2020,901510,      0.00,      0.00,      0.00,      0.00,0,2,0,0,2,2,U2 
H5,840,2020,901520,      0.00,      0.00,      0.00,      0.00,0,2,0,0,2,2,U2 
H5,840,2020,901530,      2.80,      0.00,      2.80,      1.40,0,1,0,1,2,2,U2 
H5,840,2020,901540,      0.00,      0.00,      0.00,      0.00,0,2,0,0,2,2,U2 
H5,840,2020,901580,      0.00,      0.00,      0.00,      0.00,0,3,0,0,3,3,U2 
H5,840,2020,901590,      0.00,      0.00,      0.00,      0.00,0,1,0,0,1,1,U2 
H5,840,2020,901600,     10.10,      2.90,      3.90,      3.37,0,0,0,3,3,3,U2 
H5,840,2020,901710,      3.90,      0.00,      3.90,      1.95,0,1,0,1,2,2,U2 
H5,840,2020,901720,      8.50,      0.00,      4.60,      2.83,0,1,0,2,3,3,U2 
H5,840,2020,901730,      9.70,      3.90,      5.80,      4.85,0,0,0,2,2,2,U2 
H5,840,2020,901780,      5.30,      5.30,      5.30,      5.30,0,0,0,1,1,1,U2 
H5,840,2020,901790,,,,,1,0,0,0,0,1,U2 
H5,840,2020,901811,      0.00,      0.00,      0.00,      0.00,0,3,0,0,3,3,U2 
H5,840,2020,901812,      0.00,      0.00,      0.00,      0.00,0,1,0,0,1,1,U2 
H5,840,2020,901813,      0.00,      0.00,      0.00,      0.00,0,1,0,0,1,1,U2 
H5,840,2020,901814,      0.00,      0.00,      0.00,      0.00,0,1,0,0,1,1,U2 
H5,840,2020,901819,      0.00,      0.00,      0.00,      0.00,0,4,0,0,4,4,U2 
H5,840,2020,901820,      0.00,      0.00,      0.00,      0.00,0,1,0,0,1,1,U2 
H5,840,2020,901831,      0.00,      0.00,      0.00,      0.00,0,1,0,0,1,1,U2 
H5,840,2020,901832,      0.00,      0.00,      0.00,      0.00,0,1,0,0,1,1,U2 
H5,840,2020,901839,      0.00,      0.00,      0.00,      0.00,0,1,0,0,1,1,U2 
H5,840,2020,901841,      0.00,      0.00,      0.00,      0.00,0,1,0,0,1,1,U2 
H5,840,2020,901849,      0.00,      0.00,      0.00,      0.00,0,2,0,0,2,2,U2 
H5,840,2020,901850,      0.00,      0.00,      0.00,      0.00,0,1,0,0,1,1,U2 
H5,840,2020,901890,      0.00,      0.00,      0.00,      0.00,0,10,0,0,10,10,U2 
H5,840,2020,901910,      0.00,      0.00,      0.00,      0.00,0,3,0,0,3,3,U2 
H5,840,2020,901920,      0.00,      0.00,      0.00,      0.00,0,1,0,0,1,1,U2 
H5,840,2020,902000,      5.00,      0.00,      2.50,      1.67,0,1,0,2,3,3,U2 
H5,840,2020,902110,      0.00,      0.00,      0.00,      0.00,0,1,0,0,1,1,U2 
H5,840,2020,902121,      0.00,      0.00,      0.00,      0.00,0,2,0,0,2,2,U2 
H5,840,2020,902129,      0.00,      0.00,      0.00,      0.00,0,2,0,0,2,2,U2 
H5,840,2020,902131,      0.00,      0.00,      0.00,      0.00,0,1,0,0,1,1,U2 
H5,840,2020,902139,      0.00,      0.00,      0.00,      0.00,0,1,0,0,1,1,U2 
H5,840,2020,902140,      0.00,      0.00,      0.00,      0.00,0,1,0,0,1,1,U2 
H5,840,2020,902150,      0.00,      0.00,      0.00,      0.00,0,1,0,0,1,1,U2 
H5,840,2020,902190,      0.00,      0.00,      0.00,      0.00,0,2,0,0,2,2,U2 
H5,840,2020,902212,      0.00,      0.00,      0.00,      0.00,0,1,0,0,1,1,U2 
H5,840,2020,902213,      0.00,      0.00,      0.00,      0.00,0,1,0,0,1,1,U2 
H5,840,2020,902214,      0.00,      0.00,      0.00,      0.00,0,1,0,0,1,1,U2 
H5,840,2020,902219,      0.00,      0.00,      0.00,      0.00,0,1,0,0,1,1,U2 
H5,840,2020,902221,      0.00,      0.00,      0.00,      0.00,0,1,0,0,1,1,U2 
H5,840,2020,902229,      0.00,      0.00,      0.00,      0.00,0,2,0,0,2,2,U2 
H5,840,2020,902230,      0.00,      0.00,      0.00,      0.00,0,1,0,0,1,1,U2 
H5,840,2020,902290,      6.30,      0.00,      1.40,      0.90,0,1,0,6,7,7,U2 
H5,840,2020,902300,      0.00,      0.00,      0.00,      0.00,0,1,0,0,1,1,U2 
H5,840,2020,902410,      0.00,      0.00,      0.00,      0.00,0,1,0,0,1,1,U2 
H5,840,2020,902480,      0.00,      0.00,      0.00,      0.00,0,1,0,0,1,1,U2 
H5,840,2020,902490,      0.00,      0.00,      0.00,      0.00,0,1,0,0,1,1,U2 
H5,840,2020,902511,      0.00,      0.00,      0.00,      0.00,0,2,0,0,2,2,U2 
H5,840,2020,902519,      0.00,      0.00,      0.00,      0.00,0,2,0,0,2,2,U2 
H5,840,2020,902580,      9.60,      1.00,      2.90,      1.60,0,0,0,6,6,6,U2 
H5,840,2020,902590,      0.00,      0.00,      0.00,      0.00,0,1,0,0,1,1,U2 
H5,840,2020,902610,      0.00,      0.00,      0.00,      0.00,0,3,0,0,3,3,U2 
H5,840,2020,902620,      0.00,      0.00,      0.00,      0.00,0,2,0,0,2,2,U2 
H5,840,2020,902680,      0.00,      0.00,      0.00,      0.00,0,3,0,0,3,3,U2 
H5,840,2020,902690,      0.00,      0.00,      0.00,      0.00,0,3,0,0,3,3,U2 
H5,840,2020,902710,      0.00,      0.00,      0.00,      0.00,0,3,0,0,3,3,U2 
H5,840,2020,902720,      0.00,      0.00,      0.00,      0.00,0,2,0,0,2,2,U2 
H5,840,2020,902730,      0.00,      0.00,      0.00,      0.00,0,2,0,0,2,2,U2 
H5,840,2020,902750,      1.20,      0.00,      1.20,      0.40,0,2,0,1,3,3,U2 
H5,840,2020,902780,      0.00,      0.00,      0.00,      0.00,0,3,0,0,3,3,U2 
H5,840,2020,902790,      0.00,      0.00,      0.00,      0.00,0,9,0,0,9,9,U2 
H5,840,2020,902810,      2.76,      2.76,      2.76,      2.76,0,0,1,0,1,1,U2 
H5,840,2020,902820,      2.96,      2.96,      2.96,      2.96,0,0,1,0,1,1,U2 
H5,840,2020,902830,      0.00,      0.00,      0.00,      0.00,0,1,0,0,1,1,U2 
H5,840,2020,902890,      0.00,      0.00,      0.00,      0.00,0,1,0,0,1,1,U2 
H5,840,2020,902910,      5.30,      0.00,      5.30,      2.65,0,1,0,1,2,2,U2 
H5,840,2020,902920,      8.89,      0.00,      6.00,      2.96,0,1,1,1,3,3,U2 
H5,840,2020,902990,     14.50,      0.00,      6.00,      3.63,0,1,0,3,4,4,U2 
H5,840,2020,903010,      0.00,      0.00,      0.00,      0.00,0,1,0,0,1,1,U2 
H5,840,2020,903020,      0.00,      0.00,      0.00,      0.00,0,2,0,0,2,2,U2 
H5,840,2020,903031,      0.00,      0.00,      0.00,      0.00,0,1,0,0,1,1,U2 
H5,840,2020,903032,      0.00,      0.00,      0.00,      0.00,0,1,0,0,1,1,U2 
H5,840,2020,903033,      1.70,      0.00,      1.70,      0.85,0,1,0,1,2,2,U2 
H5,840,2020,903039,      0.00,      0.00,      0.00,      0.00,0,1,0,0,1,1,U2 
H5,840,2020,903040,      0.00,      0.00,      0.00,      0.00,0,1,0,0,1,1,U2 
H5,840,2020,903082,      0.00,      0.00,      0.00,      0.00,0,1,0,0,1,1,U2 
H5,840,2020,903084,      0.00,      0.00,      0.00,      0.00,0,1,0,0,1,1,U2 
H5,840,2020,903089,      0.00,      0.00,      0.00,      0.00,0,1,0,0,1,1,U2 
H5,840,2020,903090,      0.00,      0.00,      0.00,      0.00,0,6,0,0,6,6,U2 
H5,840,2020,903110,      0.00,      0.00,      0.00,      0.00,0,1,0,0,1,1,U2 
H5,840,2020,903120,      1.70,      1.70,      1.70,      1.70,0,0,0,1,1,1,U2 
H5,840,2020,903141,      0.00,      0.00,      0.00,      0.00,0,1,0,0,1,1,U2 
H5,840,2020,903149,      0.00,      0.00,      0.00,      0.00,0,4,0,0,4,4,U2 
H5,840,2020,903180,      0.00,      0.00,      0.00,      0.00,0,2,0,0,2,2,U2 
H5,840,2020,903190,      0.00,      0.00,      0.00,      0.00,0,6,0,0,6,6,U2 
H5,840,2020,903210,      1.70,      1.70,      1.70,      1.70,0,0,0,1,1,1,U2 
H5,840,2020,903220,      0.00,      0.00,      0.00,      0.00,0,1,0,0,1,1,U2 
H5,840,2020,903281,      0.00,      0.00,      0.00,      0.00,0,1,0,0,1,1,U2 
H5,840,2020,903289,      4.50,      1.10,      1.70,      1.50,0,0,0,3,3,3,U2 
H5,840,2020,903290,      4.50,      1.10,      1.70,      1.50,0,0,0,3,3,3,U2 
H5,840,2020,903300,      4.40,      0.00,      4.40,      1.47,0,2,0,1,3,3,U2 
H5,840,2020,910111,,,,,2,0,0,0,0,2,U2 
H5,840,2020,910119,      0.00,      0.00,      0.00,      0.00,2,1,0,0,1,3,U2 
H5,840,2020,910121,      6.20,      0.00,      3.10,      2.07,1,1,0,2,3,4,U2 
H5,840,2020,910129,      6.20,      0.00,      3.10,      2.07,5,1,0,2,3,8,U2 
H5,840,2020,910191,      0.00,      0.00,      0.00,      0.00,0,3,0,0,3,3,U2 
H5,840,2020,910199,      0.00,      0.00,      0.00,      0.00,1,3,0,0,3,4,U2 
H5,840,2020,910211,,,,,8,0,0,0,0,8,U2 
H5,840,2020,910212,      0.00,      0.00,      0.00,      0.00,0,3,0,0,3,3,U2 
H5,840,2020,910219,,,,,4,0,0,0,0,4,U2 
H5,840,2020,910221,,,,,6,0,0,0,0,6,U2 
H5,840,2020,910229,     14.00,     14.00,     14.00,     14.00,12,0,0,1,1,13,U2 
H5,840,2020,910291,,,,,3,0,0,0,0,3,U2 
H5,840,2020,910299,,,,,4,0,0,0,0,4,U2 
H5,840,2020,910310,,,,,3,0,0,0,0,3,U2 
H5,840,2020,910390,,,,,1,0,0,0,0,1,U2 
H5,840,2020,910400,     12.32,      5.11,      7.21,      6.16,7,0,2,0,2,9,U2 
H5,840,2020,910511,,,,,2,0,0,0,0,2,U2 
H5,840,2020,910519,     19.95,      9.46,     10.48,      9.97,3,0,2,0,2,5,U2 
H5,840,2020,910521,,,,,2,0,0,0,0,2,U2 
H5,840,2020,910529,     19.66,      9.39,     10.28,      9.83,3,0,2,0,2,5,U2 
H5,840,2020,910591,,,,,2,0,0,0,0,2,U2 
H5,840,2020,910599,     10.20,      0.00,      6.06,      2.04,1,3,2,0,5,6,U2 
H5,840,2020,910610,,,,,1,0,0,0,0,1,U2 
H5,840,2020,910690,      3.90,      3.90,      3.90,      3.90,5,0,0,1,1,6,U2 
H5,840,2020,910700,,,,,2,0,0,0,0,2,U2 
H5,840,2020,910811,,,,,2,0,0,0,0,2,U2 
H5,840,2020,910812,,,,,1,0,0,0,0,1,U2 
H5,840,2020,910819,,,,,2,0,0,0,0,2,U2 
H5,840,2020,910820,      0.00,      0.00,      0.00,      0.00,0,2,0,0,2,2,U2 
H5,840,2020,910890,     42.50,      0.00,      8.44,      3.86,0,1,10,0,11,11,U2 
H5,840,2020,910910,,,,,8,0,0,0,0,8,U2 
H5,840,2020,910990,    354.19,     85.67,    162.84,    118.06,0,0,3,0,3,3,U2 
H5,840,2020,911011,,,,,1,0,0,0,0,1,U2 
H5,840,2020,911012,      9.00,      9.00,      9.00,      9.00,0,0,0,1,1,1,U2 
H5,840,2020,911019,      9.00,      9.00,      9.00,      9.00,0,0,0,1,1,1,U2 
H5,840,2020,911090,      4.20,      4.20,      4.20,      4.20,2,0,0,1,1,3,U2 
H5,840,2020,911110,      4.98,      4.98,      4.98,      4.98,0,0,1,0,1,1,U2 
H5,840,2020,911120,     15.42,      7.00,      8.42,      7.71,0,0,2,0,2,2,U2 
H5,840,2020,911180,     13.35,     13.35,     13.35,     13.35,0,0,1,0,1,1,U2 
H5,840,2020,911190,     12.80,      6.40,      6.40,      6.40,1,0,0,2,2,3,U2 
H5,840,2020,911220,      9.00,      3.50,      5.50,      4.50,0,0,0,2,2,2,U2 
H5,840,2020,911290,      5.50,      5.50,      5.50,      5.50,0,0,0,1,1,1,U2 
H5,840,2020,911310,      4.50,      4.50,      4.50,      4.50,0,0,0,1,1,1,U2 
H5,840,2020,911320,     40.00,      8.80,     11.20,     10.00,0,0,0,4,4,4,U2 
H5,840,2020,911390,      9.00,      1.80,      7.20,      4.50,0,0,0,2,2,2,U2 
H5,840,2020,911410,     11.50,      4.20,      7.30,      5.75,0,0,0,2,2,2,U2 
H5,840,2020,911430,      4.40,      4.40,      4.40,      4.40,1,0,0,1,1,2,U2 
H5,840,2020,911440,     11.50,      4.20,      7.30,      5.75,2,0,0,2,2,4,U2 
H5,840,2020,911490,     20.20,      0.00,      8.80,      5.05,1,1,0,3,4,5,U2 
H5,840,2020,920110,      4.70,      4.70,      4.70,      4.70,0,0,0,1,1,1,U2 
H5,840,2020,920120,      4.70,      4.70,      4.70,      4.70,0,0,0,1,1,1,U2 
H5,840,2020,920190,      3.50,      3.50,      3.50,      3.50,0,0,0,1,1,1,U2 
H5,840,2020,920210,      3.20,      3.20,      3.20,      3.20,0,0,0,1,1,1,U2 
H5,840,2020,920290,     17.80,      4.50,      8.70,      5.93,0,0,0,3,3,3,U2 
H5,840,2020,920510,      2.90,      2.90,      2.90,      2.90,0,0,0,1,1,1,U2 
H5,840,2020,920590,     10.20,      0.00,      4.90,      1.27,0,5,0,3,8,8,U2 
H5,840,2020,920600,     10.10,      0.00,      5.30,      2.53,0,2,0,2,4,4,U2 
H5,840,2020,920710,      5.40,      5.40,      5.40,      5.40,0,0,0,1,1,1,U2 
H5,840,2020,920790,      5.00,      5.00,      5.00,      5.00,0,0,0,1,1,1,U2 
H5,840,2020,920810,      3.20,      3.20,      3.20,      3.20,0,0,0,1,1,1,U2 
H5,840,2020,920890,      5.30,      5.30,      5.30,      5.30,0,0,0,1,1,1,U2 
H5,840,2020,920930,      0.00,      0.00,      0.00,      0.00,0,1,0,0,1,1,U2 
H5,840,2020,920991,      4.20,      0.00,      4.20,      2.10,0,1,0,1,2,2,U2 
H5,840,2020,920992,      8.50,      0.00,      4.60,      2.83,1,1,0,2,3,4,U2 
H5,840,2020,920994,      8.40,      2.70,      5.70,      4.20,0,0,0,2,2,2,U2 
H5,840,2020,920999,     13.70,      0.00,      5.70,      1.71,0,5,0,3,8,8,U2 
H5,840,2020,930110,      0.00,      0.00,      0.00,      0.00,0,1,0,0,1,1,U2 
H5,840,2020,930120,      0.00,      0.00,      0.00,      0.00,0,1,0,0,1,1,U2 
H5,840,2020,930190,      2.60,      0.00,      2.60,      1.30,1,1,0,1,2,3,U2 
H5,840,2020,930200,      3.06,      3.06,      3.06,      3.06,0,0,1,0,1,1,U2 
H5,840,2020,930310,      0.00,      0.00,      0.00,      0.00,0,1,0,0,1,1,U2 
H5,840,2020,930320,      2.60,      2.60,      2.60,      2.60,0,0,0,1,1,1,U2 
H5,840,2020,930330,,,,,2,0,0,0,0,2,U2 
H5,840,2020,930390,      4.20,      0.00,      4.20,      2.10,0,1,0,1,2,2,U2 
H5,840,2020,930400,      9.60,      0.00,      5.70,      3.20,0,1,0,2,3,3,U2 
H5,840,2020,930510,      8.40,      0.00,      4.20,      2.10,0,2,0,2,4,4,U2 
H5,840,2020,930520,      3.50,      0.00,      3.50,      1.75,0,1,0,1,2,2,U2 
H5,840,2020,930591,      0.00,      0.00,      0.00,      0.00,0,3,0,0,3,3,U2 
H5,840,2020,930599,      6.80,      0.00,      3.90,      2.27,0,1,0,2,3,3,U2 
H5,840,2020,930621,      0.00,      0.00,      0.00,      0.00,0,1,0,0,1,1,U2 
H5,840,2020,930629,      0.00,      0.00,      0.00,      0.00,0,1,0,0,1,1,U2 
H5,840,2020,930630,      0.00,      0.00,      0.00,      0.00,0,2,0,0,2,2,U2 
H5,840,2020,930690,      0.00,      0.00,      0.00,      0.00,0,1,0,0,1,1,U2 
H5,840,2020,930700,      2.70,      2.70,      2.70,      2.70,0,0,0,1,1,1,U2 
H5,840,2020,940110,      0.00,      0.00,      0.00,      0.00,0,2,0,0,2,2,U2 
H5,840,2020,940120,      0.00,      0.00,      0.00,      0.00,0,1,0,0,1,1,U2 
H5,840,2020,940130,      0.00,      0.00,      0.00,      0.00,0,2,0,0,2,2,U2 
H5,840,2020,940140,      0.00,      0.00,      0.00,      0.00,0,1,0,0,1,1,U2 
H5,840,2020,940152,      0.00,      0.00,      0.00,      0.00,0,1,0,0,1,1,U2 
H5,840,2020,940153,      0.00,      0.00,      0.00,      0.00,0,1,0,0,1,1,U2 
H5,840,2020,940159,      0.00,      0.00,      0.00,      0.00,0,1,0,0,1,1,U2 
H5,840,2020,940161,      0.00,      0.00,      0.00,      0.00,0,3,0,0,3,3,U2 
H5,840,2020,940169,      0.00,      0.00,      0.00,      0.00,0,4,0,0,4,4,U2 
H5,840,2020,940171,      0.00,      0.00,      0.00,      0.00,0,1,0,0,1,1,U2 
H5,840,2020,940179,      0.00,      0.00,      0.00,      0.00,0,1,0,0,1,1,U2 
H5,840,2020,940180,      0.00,      0.00,      0.00,      0.00,0,3,0,0,3,3,U2 
H5,840,2020,940190,      0.00,      0.00,      0.00,      0.00,0,6,0,0,6,6,U2 
H5,840,2020,940210,      0.00,      0.00,      0.00,      0.00,0,1,0,0,1,1,U2 
H5,840,2020,940290,      0.00,      0.00,      0.00,      0.00,0,1,0,0,1,1,U2 
H5,840,2020,940310,      0.00,      0.00,      0.00,      0.00,0,1,0,0,1,1,U2 
H5,840,2020,940320,      0.00,      0.00,      0.00,      0.00,0,1,0,0,1,1,U2 
H5,840,2020,940330,      0.00,      0.00,      0.00,      0.00,0,2,0,0,2,2,U2 
H5,840,2020,940340,      0.00,      0.00,      0.00,      0.00,0,3,0,0,3,3,U2 
H5,840,2020,940350,      0.00,      0.00,      0.00,      0.00,0,3,0,0,3,3,U2 
H5,840,2020,940360,      0.00,      0.00,      0.00,      0.00,0,2,0,0,2,2,U2 
H5,840,2020,940370,      0.00,      0.00,      0.00,      0.00,0,2,0,0,2,2,U2 
H5,840,2020,940382,      0.00,      0.00,      0.00,      0.00,0,1,0,0,1,1,U2 
H5,840,2020,940383,      0.00,      0.00,      0.00,      0.00,0,1,0,0,1,1,U2 
H5,840,2020,940389,      0.00,      0.00,      0.00,      0.00,0,2,0,0,2,2,U2 
H5,840,2020,940390,      0.00,      0.00,      0.00,      0.00,0,7,0,0,7,7,U2 
H5,840,2020,940410,      0.00,      0.00,      0.00,      0.00,0,1,0,0,1,1,U2 
H5,840,2020,940421,      3.00,      3.00,      3.00,      3.00,0,0,0,1,1,1,U2 
H5,840,2020,940429,      9.00,      3.00,      6.00,      4.50,0,0,0,2,2,2,U2 
H5,840,2020,940430,     13.70,      4.70,      9.00,      6.85,0,0,0,2,2,2,U2 
H5,840,2020,940490,     35.80,      4.40,     12.80,      7.16,0,0,0,5,5,5,U2 
H5,840,2020,940510,     15.40,      3.90,      7.60,      5.13,0,0,0,3,3,3,U2 
H5,840,2020,940520,     13.60,      3.70,      6.00,      4.53,0,0,0,3,3,3,U2 
H5,840,2020,940530,      8.00,      8.00,      8.00,      8.00,0,0,0,1,1,1,U2 
H5,840,2020,940540,     14.60,      0.00,      6.00,      3.65,0,1,0,3,4,4,U2 
H5,840,2020,940550,     14.60,      2.90,      6.00,      4.87,0,0,0,3,3,3,U2 
H5,840,2020,940560,     17.00,      5.30,      6.00,      5.67,0,0,0,3,3,3,U2 
H5,840,2020,940591,     36.00,      4.50,     12.00,      9.00,0,0,0,4,4,4,U2 
H5,840,2020,940592,      3.70,      3.70,      3.70,      3.70,0,0,0,1,1,1,U2 
H5,840,2020,940599,      9.90,      3.90,      6.00,      4.95,0,0,0,2,2,2,U2 
H5,840,2020,940610,      2.60,      2.60,      2.60,      2.60,0,0,0,1,1,1,U2 
H5,840,2020,940690,      2.90,      2.90,      2.90,      2.90,0,0,0,1,1,1,U2 
H5,840,2020,950300,      0.00,      0.00,      0.00,      0.00,0,1,0,0,1,1,U2 
H5,840,2020,950420,      0.00,      0.00,      0.00,      0.00,0,4,0,0,4,4,U2 
H5,840,2020,950430,      0.00,      0.00,      0.00,      0.00,0,1,0,0,1,1,U2 
H5,840,2020,950440,      0.00,      0.00,      0.00,      0.00,0,1,0,0,1,1,U2 
H5,840,2020,950450,      0.00,      0.00,      0.00,      0.00,0,1,0,0,1,1,U2 
H5,840,2020,950490,      0.00,      0.00,      0.00,      0.00,0,3,0,0,3,3,U2 
H5,840,2020,950510,      0.00,      0.00,      0.00,      0.00,0,6,0,0,6,6,U2 
H5,840,2020,950590,      0.00,      0.00,      0.00,      0.00,0,3,0,0,3,3,U2 
H5,840,2020,950611,      2.60,      0.00,      2.60,      0.87,0,2,0,1,3,3,U2 
H5,840,2020,950612,      2.80,      0.00,      2.80,      1.40,0,1,0,1,2,2,U2 
H5,840,2020,950619,      2.80,      0.00,      2.80,      1.40,0,1,0,1,2,2,U2 
H5,840,2020,950621,      0.00,      0.00,      0.00,      0.00,0,2,0,0,2,2,U2 
H5,840,2020,950629,      0.00,      0.00,      0.00,      0.00,0,1,0,0,1,1,U2 
H5,840,2020,950631,      4.40,      4.40,      4.40,      4.40,0,0,0,1,1,1,U2 
H5,840,2020,950632,      0.00,      0.00,      0.00,      0.00,0,1,0,0,1,1,U2 
H5,840,2020,950639,      4.90,      4.90,      4.90,      4.90,0,0,0,1,1,1,U2 
H5,840,2020,950640,      5.10,      5.10,      5.10,      5.10,0,0,0,1,1,1,U2 
H5,840,2020,950651,     12.30,      3.10,      5.30,      4.10,0,0,0,3,3,3,U2 
H5,840,2020,950659,      9.60,      4.00,      5.60,      4.80,0,0,0,2,2,2,U2 
H5,840,2020,950661,      0.00,      0.00,      0.00,      0.00,0,1,0,0,1,1,U2 
H5,840,2020,950662,      4.80,      0.00,      4.80,      2.40,0,1,0,1,2,2,U2 
H5,840,2020,950669,     10.30,      0.00,      5.40,      3.43,0,1,0,2,3,3,U2 
H5,840,2020,950670,      2.90,      0.00,      2.90,      0.97,0,2,0,1,3,3,U2 
H5,840,2020,950691,      4.60,      4.60,      4.60,      4.60,0,0,0,1,1,1,U2 
H5,840,2020,950699,     26.20,      0.00,      5.60,      1.87,0,7,0,7,14,14,U2 
H5,840,2020,950710,      6.00,      6.00,      6.00,      6.00,0,0,0,1,1,1,U2 
H5,840,2020,950720,      8.80,      4.00,      4.80,      4.40,0,0,0,2,2,2,U2 
H5,840,2020,950730,     21.50,      3.00,      9.20,      5.38,0,0,1,3,4,4,U2 
H5,840,2020,950790,     32.30,      3.70,      9.00,      6.46,0,0,0,5,5,5,U2 
H5,840,2020,950810,      0.00,      0.00,      0.00,      0.00,0,1,0,0,1,1,U2 
H5,840,2020,950890,      0.00,      0.00,      0.00,      0.00,0,1,0,0,1,1,U2 
H5,840,2020,960110,      0.00,      0.00,      0.00,      0.00,0,1,0,0,1,1,U2 
H5,840,2020,960190,      5.80,      0.00,      3.70,      1.45,0,2,0,2,4,4,U2 
H5,840,2020,960200,      7.50,      1.80,      3.00,      2.50,0,0,0,3,3,3,U2 
H5,840,2020,960310,    110.12,      5.15,     32.97,     15.73,0,0,2,5,7,7,U2 
H5,840,2020,960321,      0.00,      0.00,      0.00,      0.00,0,1,0,0,1,1,U2 
H5,840,2020,960329,     11.66,      4.24,      7.42,      5.83,0,0,2,0,2,2,U2 
H5,840,2020,960330,      2.60,      0.00,      2.60,      0.87,0,2,0,1,3,3,U2 
H5,840,2020,960340,     11.50,      4.00,      7.50,      5.75,0,0,0,2,2,2,U2 
H5,840,2020,960350,      0.00,      0.00,      0.00,      0.00,0,1,0,0,1,1,U2 
H5,840,2020,960390,      2.80,      0.00,      2.80,      1.40,0,1,0,1,2,2,U2 
H5,840,2020,960400,      4.90,      4.90,      4.90,      4.90,0,0,0,1,1,1,U2 
H5,840,2020,960500,      8.10,      8.10,      8.10,      8.10,0,0,0,1,1,1,U2 
H5,840,2020,960610,      6.20,      2.70,      3.50,      3.10,0,0,0,2,2,2,U2 
H5,840,2020,960621,      4.70,      0.00,      4.70,      2.35,1,1,0,1,2,3,U2 
H5,840,2020,960622,      0.00,      0.00,      0.00,      0.00,0,1,0,0,1,1,U2 
H5,840,2020,960629,      2.90,      2.90,      2.90,      2.90,2,0,0,1,1,3,U2 
H5,840,2020,960630,      6.00,      0.00,      6.00,      3.00,0,1,0,1,2,2,U2 
H5,840,2020,960711,     10.00,     10.00,     10.00,     10.00,0,0,0,1,1,1,U2 
H5,840,2020,960719,     13.00,     13.00,     13.00,     13.00,0,0,0,1,1,1,U2 
H5,840,2020,960720,     11.50,     11.50,     11.50,     11.50,0,0,0,1,1,1,U2 
H5,840,2020,960810,     53.77,     53.77,     53.77,     53.77,0,0,1,0,1,1,U2 
H5,840,2020,960820,      4.00,      4.00,      4.00,      4.00,0,0,0,1,1,1,U2 
H5,840,2020,960830,      2.87,      2.87,      2.87,      2.87,0,0,1,0,1,1,U2 
H5,840,2020,960840,      6.60,      0.00,      6.60,      3.30,0,1,0,1,2,2,U2 
H5,840,2020,960850,,,,,1,0,0,0,0,1,U2 
H5,840,2020,960860,      7.48,      7.48,      7.48,      7.48,0,0,1,0,1,1,U2 
H5,840,2020,960891,      0.00,      0.00,      0.00,      0.00,0,1,0,0,1,1,U2 
H5,840,2020,960899,      0.00,      0.00,      0.00,      0.00,2,2,0,0,2,4,U2 
H5,840,2020,960910,      6.26,      6.26,      6.26,      6.26,0,0,1,0,1,1,U2 
H5,840,2020,960920,      0.00,      0.00,      0.00,      0.00,0,2,0,0,2,2,U2 
H5,840,2020,960990,      0.00,      0.00,      0.00,      0.00,0,2,0,0,2,2,U2 
H5,840,2020,961000,      3.50,      3.50,      3.50,      3.50,0,0,0,1,1,1,U2 
H5,840,2020,961100,      2.70,      2.70,      2.70,      2.70,0,0,0,1,1,1,U2 
H5,840,2020,961210,      7.90,      0.00,      7.90,      3.95,0,1,0,1,2,2,U2 
H5,840,2020,961220,      3.50,      3.50,      3.50,      3.50,0,0,0,1,1,1,U2 
H5,840,2020,961310,      8.00,      8.00,      8.00,      8.00,0,0,0,1,1,1,U2 
H5,840,2020,961320,      9.00,      9.00,      9.00,      9.00,0,0,0,1,1,1,U2 
H5,840,2020,961380,     29.30,      3.60,      9.00,      5.86,0,0,0,5,5,5,U2 
H5,840,2020,961390,     11.90,      3.90,      8.00,      5.95,0,0,0,2,2,2,U2 
H5,840,2020,961400,     10.20,      0.00,      7.20,      3.40,3,1,0,2,3,6,U2 
H5,840,2020,961511,     20.54,      0.00,      6.89,      4.11,0,1,2,2,5,5,U2 
H5,840,2020,961519,     18.54,      1.71,     11.00,      6.18,0,0,2,1,3,3,U2 
H5,840,2020,961590,     29.50,      5.10,     11.00,      7.38,0,0,0,4,4,4,U2 
H5,840,2020,961610,      0.00,      0.00,      0.00,      0.00,0,1,0,0,1,1,U2 
H5,840,2020,961620,      4.30,      4.30,      4.30,      4.30,0,0,0,1,1,1,U2 
H5,840,2020,961700,     28.20,      6.90,      7.20,      7.05,0,0,0,4,4,4,U2 
H5,840,2020,961800,      4.40,      4.40,      4.40,      4.40,0,0,0,1,1,1,U2 
H5,840,2020,961900,    144.10,      0.00,     16.00,      7.58,0,2,0,17,19,19,U2 
H5,840,2020,962000,     25.70,      0.00,      5.80,      3.21,2,1,0,7,8,10,U2 
H5,840,2020,970110,      0.00,      0.00,      0.00,      0.00,0,1,0,0,1,1,U2 
H5,840,2020,970190,      0.00,      0.00,      0.00,      0.00,0,1,0,0,1,1,U2 
H5,840,2020,970200,      0.00,      0.00,      0.00,      0.00,0,1,0,0,1,1,U2 
H5,840,2020,970300,      0.00,      0.00,      0.00,      0.00,0,1,0,0,1,1,U2 
H5,840,2020,970400,      0.00,      0.00,      0.00,      0.00,0,1,0,0,1,1,U2 
H5,840,2020,970500,      0.00,      0.00,      0.00,      0.00,0,1,0,0,1,1,U2 
H5,840,2020,970600,      0.00,      0.00,      0.00,      0.00,0,1,0,0,1,1,U2 
H5,840,2020,980100,      0.00,      0.00,      0.00,      0.00,3,11,0,0,11,14,U2 
H5,840,2020,980200,      0.00,      0.00,      0.00,      0.00,5,1,0,0,1,6,U2 
H5,840,2020,980300,      0.00,      0.00,      0.00,      0.00,0,1,0,0,1,1,U2 
H5,840,2020,980400,      0.00,      0.00,      0.00,      0.00,1,17,0,0,17,18,U2 
H5,840,2020,980500,      0.00,      0.00,      0.00,      0.00,0,1,0,0,1,1,U2 
H5,840,2020,980600,      0.00,      0.00,      0.00,      0.00,0,11,0,0,11,11,U2 
H5,840,2020,980700,      0.00,      0.00,      0.00,      0.00,0,2,0,0,2,2,U2 
H5,840,2020,980800,      0.00,      0.00,      0.00,      0.00,0,8,0,0,8,8,U2 
H5,840,2020,980900,      0.00,      0.00,      0.00,      0.00,0,8,0,0,8,8,U2 
H5,840,2020,981000,      0.00,      0.00,      0.00,      0.00,0,20,0,0,20,20,U2 
H5,840,2020,981100,      0.00,      0.00,      0.00,      0.00,0,3,0,0,3,3,U2 
H5,840,2020,981200,,,,,2,0,0,0,0,2,U2 
H5,840,2020,981300,,,,,14,0,0,0,0,14,U2 
H5,840,2020,981400,,,,,1,0,0,0,0,1,U2 
H5,840,2020,981500,      0.00,      0.00,      0.00,      0.00,0,3,0,0,3,3,U2 
H5,840,2020,981600,,,,,2,0,0,0,0,2,U2 
H5,840,2020,981700,      0.00,      0.00,      0.00,      0.00,0,16,0,0,16,16,U2 
H5,840,2020,981722,,,,,1,0,0,0,0,1,U2 
H5,840,2020,981729,      0.00,      0.00,      0.00,      0.00,0,2,0,0,2,2,U2 
H5,840,2020,981757,      0.00,      0.00,      0.00,      0.00,0,1,0,0,1,1,U2 
H5,840,2020,981760,      0.00,      0.00,      0.00,      0.00,0,1,0,0,1,1,U2 
H5,840,2020,981761,      5.50,      5.50,      5.50,      5.50,0,0,0,1,1,1,U2 
H5,840,2020,981764,      0.00,      0.00,      0.00,      0.00,0,1,0,0,1,1,U2 
H5,840,2020,981782,      0.00,      0.00,      0.00,      0.00,0,1,0,0,1,1,U2 
H5,840,2020,981784,      0.00,      0.00,      0.00,      0.00,0,1,0,0,1,1,U2 
H5,840,2020,981785,      0.00,      0.00,      0.00,      0.00,0,1,0,0,1,1,U2 
H5,840,2020,981795,      0.00,      0.00,      0.00,      0.00,0,2,0,0,2,2,U2 
H5,840,2020,981800,      0.00,      0.00,      0.00,      0.00,2,2,0,0,2,4,U2 
H5,840,2020,981911,,,,,11,0,0,0,0,11,U2 
H5,840,2020,981915,,,,,11,0,0,0,0,11,U2 
H5,840,2020,982011,      0.00,      0.00,      0.00,      0.00,9,2,0,0,2,11,U2 
H5,840,2020,982042,,,,,1,0,0,0,0,1,U2 
H5,840,2020,982061,,,,,5,0,0,0,0,5,U2 
H5,840,2020,982062,,,,,5,0,0,0,0,5,U2 
H5,840,2020,982063,,,,,1,0,0,0,0,1,U2 
H5,840,2020,982065,,,,,1,0,0,0,0,1,U2 
H5,840,2020,982085,,,,,1,0,0,0,0,1,U2 
H5,840,2020,982201,,,,,3,0,0,0,0,3,U2 
H5,840,2020,982202,,,,,3,0,0,0,0,3,U2 
H5,840,2020,982203,,,,,2,0,0,0,0,2,U2 
H5,840,2020,982204,,,,,14,0,0,0,0,14,U2 
H5,840,2020,982205,,,,,16,0,0,0,0,16,U2 
H5,840,2020,982206,,,,,5,0,0,0,0,5,U2 
H5,840,2020,982207,,,,,3,0,0,0,0,3,U2 
H5,840,2020,982208,,,,,3,0,0,0,0,3,U2 
H5,840,2020,982209,,,,,11,0,0,0,0,11,U2 
H5,840,2020,990201,     55.20,      0.00,     12.70,      0.56,0,84,0,15,99,99,U2 
H5,840,2020,990202,     19.90,      0.00,      3.30,      0.21,0,83,0,13,96,96,U2 
H5,840,2020,990203,     46.00,      0.00,      5.50,      0.46,0,84,0,15,99,99,U2 
H5,840,2020,990204,     48.70,      0.00,      6.00,      0.50,0,81,0,16,97,97,U2 
H5,840,2020,990205,     92.70,      0.00,      6.20,      0.94,0,74,0,25,99,99,U2 
H5,840,2020,990206,     42.70,      0.00,      6.20,      0.43,0,82,0,17,99,99,U2 
H5,840,2020,990207,     95.20,      0.00,      6.30,      0.96,0,76,0,23,99,99,U2 
H5,840,2020,990208,      3.30,      0.00,      3.30,      0.03,0,97,0,1,98,98,U2 
H5,840,2020,990209,     52.60,      0.00,      5.20,      0.53,0,82,0,17,99,99,U2 
H5,840,2020,990210,     54.90,      0.00,      5.90,      0.57,0,78,0,19,97,97,U2 
H5,840,2020,990211,     22.20,      0.00,      5.10,      0.23,0,87,0,10,97,97,U2 
H5,840,2020,990212,     53.60,      0.00,     16.50,      0.55,0,89,0,9,98,98,U2 
H5,840,2020,990213,     54.00,      0.00,      9.80,      0.60,0,80,0,10,90,90,U2 
H5,840,2020,990214,    229.50,      0.00,     34.60,      2.32,0,62,0,37,99,99,U2 
H5,840,2020,990215,     48.80,      0.00,      4.20,      0.52,0,67,0,27,94,94,U2 
H5,840,2020,990216,     51.50,      0.00,     23.90,      0.53,0,74,0,23,97,97,U2 
H5,840,2020,990217,     52.00,      0.00,      6.70,      0.55,0,75,0,20,95,95,U2 
H5,840,2020,990218,      0.00,      0.00,      0.00,      0.00,0,3,0,0,3,3,U2 
H5,840,2020,990317,,,,,23,0,0,0,0,23,U2 
H5,840,2020,990318,,,,,10,0,0,0,0,10,U2 
H5,840,2020,990341,     80.00,     40.00,     40.00,     40.00,0,0,0,2,2,2,U2 
H5,840,2020,990345,    136.00,     16.00,     40.00,     27.20,2,0,0,5,5,7,U2 
H5,840,2020,990352,,,,,27,0,0,0,0,27,U2 
H5,840,2020,990353,     10.00,     10.00,     10.00,     10.00,0,0,0,1,1,1,U2 
H5,840,2020,990380,     50.00,      0.00,     25.00,      0.89,2,54,0,2,56,58,U2 
H5,840,2020,990385,,,,,5,0,0,0,0,5,U2 
H5,840,2020,990388,,,,,36,0,0,0,0,36,U2 
H5,840,2020,990389,,,,,18,0,0,0,0,18,U2 
H5,840,2020,990402,      8.80,      0.00,      8.80,      2.20,24,3,0,1,4,28,U2 
H5,840,2020,990404,      0.00,      0.00,      0.00,      0.00,89,9,0,0,9,98,U2 
H5,840,2020,990405,      0.00,      0.00,      0.00,      0.00,90,9,0,0,9,99,U2 
H5,840,2020,990406,      0.00,      0.00,      0.00,      0.00,45,5,0,0,5,50,U2 
H5,840,2020,990412,     98.50,      0.00,     54.60,     24.63,15,2,0,2,4,19,U2 
H5,840,2020,990417,      0.00,      0.00,      0.00,      0.00,75,7,0,0,7,82,U2 
H5,840,2020,990418,      0.00,      0.00,      0.00,      0.00,27,3,0,0,3,30,U2 
H5,840,2020,990419,      0.00,      0.00,      0.00,      0.00,17,2,0,0,2,19,U2 
H5,840,2020,990420,     43.90,      0.00,     43.90,     21.95,8,1,0,1,2,10,U2 
H5,840,2020,990421,      0.00,      0.00,      0.00,      0.00,16,2,0,0,2,18,U2 
H5,840,2020,990423,      0.00,      0.00,      0.00,      0.00,8,1,0,0,1,9,U2 
H5,840,2020,990452,      0.00,      0.00,      0.00,      0.00,44,6,0,0,6,50,U2 
H5,840,2020,990804,,,,,3,0,0,0,0,3,U2 
H5,840,2020,990812,,,,,1,0,0,0,0,1,U2 
H5,840,2020,990821,,,,,1,0,0,0,0,1,U2 
H5,840,2020,991202,,,,,2,0,0,0,0,2,U2 
H5,840,2020,991204,,,,,50,0,0,0,0,50,U2 
H5,840,2020,991207,,,,,22,0,0,0,0,22,U2 
H5,840,2020,991212,,,,,3,0,0,0,0,3,U2 
H5,840,2020,991217,,,,,17,0,0,0,0,17,U2 
H5,840,2020,991220,,,,,36,0,0,0,0,36,U2 
H5,840,2020,991221,,,,,11,0,0,0,0,11,U2 
H5,840,2020,991224,,,,,2,0,0,0,0,2,U2 
H5,840,2020,991252,,,,,3,0,0,0,0,3,U2 
H5,840,2020,991295,,,,,99,0,0,0,0,99,U2 
H5,840,2020,991296,,,,,12,0,0,0,0,12,U2 
H5,840,2020,991299,,,,,1,0,0,0,0,1,U2 
H5,840,2020,991302,,,,,3,0,0,0,0,3,U2 
H5,840,2020,991304,,,,,13,0,0,0,0,13,U2 
H5,840,2020,991308,,,,,4,0,0,0,0,4,U2 
H5,840,2020,991312,,,,,3,0,0,0,0,3,U2 
H5,840,2020,991324,,,,,2,0,0,0,0,2,U2 
H5,840,2020,991352,,,,,3,0,0,0,0,3,U2 
H5,840,2020,991395,,,,,99,0,0,0,0,99,U2 
H5,840,2020,991396,,,,,67,0,0,0,0,67,U2 
H5,840,2020,991502,,,,,2,0,0,0,0,2,U2 
H5,840,2020,991504,,,,,95,0,0,0,0,95,U2 
H5,840,2020,991512,,,,,5,0,0,0,0,5,U2 
H5,840,2020,991520,,,,,3,0,0,0,0,3,U2 
H5,840,2020,991521,,,,,3,0,0,0,0,3,U2 
H5,840,2020,991561,,,,,4,0,0,0,0,4,U2 
H5,840,2020,991562,,,,,2,0,0,0,0,2,U2 
H5,840,2020,991704,,,,,45,0,0,0,0,45,U2 
H5,840,2020,991802,,,,,3,0,0,0,0,3,U2 
H5,840,2020,991804,,,,,38,0,0,0,0,38,U2 
H5,840,2020,991821,,,,,2,0,0,0,0,2,U2 
H5,840,2020,991824,,,,,4,0,0,0,0,4,U2 
H5,840,2020,991902,,,,,2,0,0,0,0,2,U2 
H5,840,2020,991904,,,,,25,0,0,0,0,25,U2 
H5,840,2020,991921,,,,,3,0,0,0,0,3,U2 
H5,840,2020,991961,,,,,12,0,0,0,0,12,U2 
H5,840,2020,992004,,,,,21,0,0,0,0,21,U2 
H5,840,2020,992085,,,,,2,0,0,0,0,2,U2 
H5,840,2020,999900,      0.00,      0.00,      0.00,      0.00,12,1,0,0,1,13,U2 
H5,840,2020,999995,,,,,1,0,0,0,0,1,U2 
