NomenCode,Reporter_ISO_N,Year,ProductCode,Sum_Of_Rates,Min_Rate,Max_Rate,SimpleAverage,Nbr_NA_Lines,Nbr_Free_Lines,Nbr_AVE_Lines,Nbr_Dutiable_Lines,TotalNoOfValidLines,TotalNoOfLines,EstCode
H4,840,2016,010121,      0.00,      0.00,      0.00,      0.00,0,1,0,0,1,1,U2 
H4,840,2016,010129,      0.00,      0.00,      0.00,      0.00,0,1,0,0,1,1,U2 
H4,840,2016,010130,      6.80,      6.80,      6.80,      6.80,0,0,0,1,1,1,U2 
H4,840,2016,010190,      4.50,      0.00,      4.50,      2.25,0,1,0,1,2,2,U2 
H4,840,2016,010221,      0.00,      0.00,      0.00,      0.00,0,1,0,0,1,1,U2 
H4,840,2016,010229,      0.32,      0.00,      0.32,      0.16,0,1,1,0,2,2,U2 
H4,840,2016,010231,      0.00,      0.00,      0.00,      0.00,0,1,0,0,1,1,U2 
H4,840,2016,010239,      0.13,      0.13,      0.13,      0.13,0,0,1,0,1,1,U2 
H4,840,2016,010290,      0.31,      0.31,      0.31,      0.31,0,0,1,0,1,1,U2 
H4,840,2016,010310,      0.00,      0.00,      0.00,      0.00,0,1,0,0,1,1,U2 
H4,840,2016,010391,      0.00,      0.00,      0.00,      0.00,0,1,0,0,1,1,U2 
H4,840,2016,010392,      0.00,      0.00,      0.00,      0.00,0,1,0,0,1,1,U2 
H4,840,2016,010410,      0.00,      0.00,      0.00,      0.00,0,1,0,0,1,1,U2 
H4,840,2016,010420,      0.95,      0.95,      0.95,      0.95,0,0,1,0,1,1,U2 
H4,840,2016,010511,      0.62,      0.62,      0.62,      0.62,0,0,1,0,1,1,U2 
H4,840,2016,010512,      0.38,      0.38,      0.38,      0.38,0,0,1,0,1,1,U2 
H4,840,2016,010513,      0.52,      0.52,      0.52,      0.52,0,0,1,0,1,1,U2 
H4,840,2016,010514,      0.29,      0.29,      0.29,      0.29,0,0,1,0,1,1,U2 
H4,840,2016,010515,      0.84,      0.84,      0.84,      0.84,0,0,1,0,1,1,U2 
H4,840,2016,010594,      1.59,      1.59,      1.59,      1.59,0,0,1,0,1,1,U2 
H4,840,2016,010599,      1.27,      1.27,      1.27,      1.27,0,0,1,0,1,1,U2 
H4,840,2016,010611,      0.00,      0.00,      0.00,      0.00,0,1,0,0,1,1,U2 
H4,840,2016,010612,      0.00,      0.00,      0.00,      0.00,0,1,0,0,1,1,U2 
H4,840,2016,010613,      0.00,      0.00,      0.00,      0.00,0,1,0,0,1,1,U2 
H4,840,2016,010614,      0.00,      0.00,      0.00,      0.00,0,1,0,0,1,1,U2 
H4,840,2016,010619,      4.80,      0.00,      4.80,      2.40,0,1,0,1,2,2,U2 
H4,840,2016,010620,      0.00,      0.00,      0.00,      0.00,0,1,0,0,1,1,U2 
H4,840,2016,010631,      1.80,      1.80,      1.80,      1.80,0,0,0,1,1,1,U2 
H4,840,2016,010632,      1.80,      1.80,      1.80,      1.80,0,0,0,1,1,1,U2 
H4,840,2016,010633,      1.80,      1.80,      1.80,      1.80,0,0,0,1,1,1,U2 
H4,840,2016,010639,      1.80,      1.80,      1.80,      1.80,0,0,0,1,1,1,U2 
H4,840,2016,010641,      0.00,      0.00,      0.00,      0.00,0,1,0,0,1,1,U2 
H4,840,2016,010649,      0.00,      0.00,      0.00,      0.00,0,1,0,0,1,1,U2 
H4,840,2016,010690,      0.00,      0.00,      0.00,      0.00,0,1,0,0,1,1,U2 
H4,840,2016,020110,     28.50,      1.05,     26.40,      9.50,0,0,2,1,3,3,U2 
H4,840,2016,020120,     56.18,      0.89,     26.40,      8.03,0,0,2,5,7,7,U2 
H4,840,2016,020130,     55.58,      0.59,     26.40,      7.94,0,0,2,5,7,7,U2 
H4,840,2016,020210,     29.14,      1.37,     26.40,      9.71,0,0,2,1,3,3,U2 
H4,840,2016,020220,     56.62,      1.11,     26.40,      8.09,0,0,2,5,7,7,U2 
H4,840,2016,020230,     56.21,      0.90,     26.40,      8.03,0,0,2,5,7,7,U2 
H4,840,2016,020311,      0.00,      0.00,      0.00,      0.00,0,1,0,0,1,1,U2 
H4,840,2016,020312,      0.65,      0.00,      0.65,      0.32,0,1,1,0,2,2,U2 
H4,840,2016,020319,      0.43,      0.00,      0.43,      0.21,0,1,1,0,2,2,U2 
H4,840,2016,020321,      0.00,      0.00,      0.00,      0.00,0,1,0,0,1,1,U2 
H4,840,2016,020322,      0.70,      0.00,      0.70,      0.35,0,1,1,0,2,2,U2 
H4,840,2016,020329,      0.47,      0.00,      0.47,      0.23,0,1,1,0,2,2,U2 
H4,840,2016,020410,      0.12,      0.12,      0.12,      0.12,0,0,1,0,1,1,U2 
H4,840,2016,020421,      0.58,      0.58,      0.58,      0.58,0,0,1,0,1,1,U2 
H4,840,2016,020422,      0.37,      0.07,      0.30,      0.19,0,0,2,0,2,2,U2 
H4,840,2016,020423,      0.33,      0.07,      0.27,      0.17,0,0,2,0,2,2,U2 
H4,840,2016,020430,      0.13,      0.13,      0.13,      0.13,0,0,1,0,1,1,U2 
H4,840,2016,020441,      0.74,      0.74,      0.74,      0.74,0,0,1,0,1,1,U2 
H4,840,2016,020442,      0.78,      0.16,      0.62,      0.39,0,0,2,0,2,2,U2 
H4,840,2016,020443,      0.53,      0.11,      0.43,      0.27,0,0,2,0,2,2,U2 
H4,840,2016,020450,      0.00,      0.00,      0.00,      0.00,0,1,0,0,1,1,U2 
H4,840,2016,020500,      0.00,      0.00,      0.00,      0.00,0,1,0,0,1,1,U2 
H4,840,2016,020610,      0.00,      0.00,      0.00,      0.00,0,1,0,0,1,1,U2 
H4,840,2016,020621,      0.00,      0.00,      0.00,      0.00,0,1,0,0,1,1,U2 
H4,840,2016,020622,      0.00,      0.00,      0.00,      0.00,0,1,0,0,1,1,U2 
H4,840,2016,020629,      0.00,      0.00,      0.00,      0.00,0,1,0,0,1,1,U2 
H4,840,2016,020630,      0.00,      0.00,      0.00,      0.00,0,1,0,0,1,1,U2 
H4,840,2016,020641,      0.00,      0.00,      0.00,      0.00,0,1,0,0,1,1,U2 
H4,840,2016,020649,      0.00,      0.00,      0.00,      0.00,0,1,0,0,1,1,U2 
H4,840,2016,020680,      0.00,      0.00,      0.00,      0.00,0,1,0,0,1,1,U2 
H4,840,2016,020690,      0.00,      0.00,      0.00,      0.00,0,1,0,0,1,1,U2 
H4,840,2016,020711,      3.40,      3.40,      3.40,      3.40,0,0,1,0,1,1,U2 
H4,840,2016,020712,      4.02,      4.02,      4.02,      4.02,0,0,1,0,1,1,U2 
H4,840,2016,020713,      6.95,      6.95,      6.95,      6.95,0,0,1,0,1,1,U2 
H4,840,2016,020714,      7.54,      7.54,      7.54,      7.54,0,0,1,0,1,1,U2 
H4,840,2016,020724,      5.49,      5.49,      5.49,      5.49,0,0,1,0,1,1,U2 
H4,840,2016,020725,     12.13,      2.13,     10.00,      6.07,0,0,1,1,2,2,U2 
H4,840,2016,020726,      4.46,      4.46,      4.46,      4.46,0,0,1,0,1,1,U2 
H4,840,2016,020727,      5.76,      5.76,      5.76,      5.76,0,0,1,0,1,1,U2 
H4,840,2016,020741,      3.76,      3.76,      3.76,      3.76,0,0,1,0,1,1,U2 
H4,840,2016,020742,      2.93,      2.93,      2.93,      2.93,0,0,1,0,1,1,U2 
H4,840,2016,020743,      2.79,      2.79,      2.79,      2.79,0,0,1,0,1,1,U2 
H4,840,2016,020744,      2.27,      2.27,      2.27,      2.27,0,0,1,0,1,1,U2 
H4,840,2016,020745,      2.80,      2.80,      2.80,      2.80,0,0,1,0,1,1,U2 
H4,840,2016,020751,      2.18,      2.18,      2.18,      2.18,0,0,1,0,1,1,U2 
H4,840,2016,020752,      2.90,      2.90,      2.90,      2.90,0,0,1,0,1,1,U2 
H4,840,2016,020753,      0.67,      0.67,      0.67,      0.67,0,0,1,0,1,1,U2 
H4,840,2016,020754,      2.69,      2.69,      2.69,      2.69,0,0,1,0,1,1,U2 
H4,840,2016,020755,      2.94,      2.94,      2.94,      2.94,0,0,1,0,1,1,U2 
H4,840,2016,020760,     13.39,      1.67,      3.35,      2.68,0,0,5,0,5,5,U2 
H4,840,2016,020810,      6.40,      6.40,      6.40,      6.40,0,0,0,1,1,1,U2 
H4,840,2016,020830,      6.40,      6.40,      6.40,      6.40,0,0,0,1,1,1,U2 
H4,840,2016,020840,      6.40,      6.40,      6.40,      6.40,0,0,0,1,1,1,U2 
H4,840,2016,020850,      6.40,      6.40,      6.40,      6.40,0,0,0,1,1,1,U2 
H4,840,2016,020860,      6.40,      6.40,      6.40,      6.40,0,0,0,1,1,1,U2 
H4,840,2016,020890,      7.36,      0.00,      6.40,      1.84,0,2,1,1,4,4,U2 
H4,840,2016,020910,      3.20,      3.20,      3.20,      3.20,0,0,0,1,1,1,U2 
H4,840,2016,020990,      3.20,      3.20,      3.20,      3.20,0,0,0,1,1,1,U2 
H4,840,2016,021011,      0.27,      0.27,      0.27,      0.27,0,0,1,0,1,1,U2 
H4,840,2016,021012,      0.28,      0.28,      0.28,      0.28,0,0,1,0,1,1,U2 
H4,840,2016,021019,      0.26,      0.26,      0.26,      0.26,0,0,1,0,1,1,U2 
H4,840,2016,021020,      0.00,      0.00,      0.00,      0.00,0,1,0,0,1,1,U2 
H4,840,2016,021091,      2.30,      2.30,      2.30,      2.30,0,0,0,1,1,1,U2 
H4,840,2016,021092,      2.30,      2.30,      2.30,      2.30,0,0,0,1,1,1,U2 
H4,840,2016,021093,      2.30,      2.30,      2.30,      2.30,0,0,0,1,1,1,U2 
H4,840,2016,021099,      4.60,      2.30,      2.30,      2.30,0,0,0,2,2,2,U2 
H4,840,2016,030111,      0.00,      0.00,      0.00,      0.00,0,1,0,0,1,1,U2 
H4,840,2016,030119,      0.00,      0.00,      0.00,      0.00,0,1,0,0,1,1,U2 
H4,840,2016,030191,      0.00,      0.00,      0.00,      0.00,0,1,0,0,1,1,U2 
H4,840,2016,030192,      0.00,      0.00,      0.00,      0.00,0,1,0,0,1,1,U2 
H4,840,2016,030193,      0.00,      0.00,      0.00,      0.00,0,1,0,0,1,1,U2 
H4,840,2016,030194,      0.00,      0.00,      0.00,      0.00,0,1,0,0,1,1,U2 
H4,840,2016,030195,      0.00,      0.00,      0.00,      0.00,0,1,0,0,1,1,U2 
H4,840,2016,030199,      0.00,      0.00,      0.00,      0.00,0,1,0,0,1,1,U2 
H4,840,2016,030211,      0.00,      0.00,      0.00,      0.00,0,1,0,0,1,1,U2 
H4,840,2016,030213,      0.00,      0.00,      0.00,      0.00,0,1,0,0,1,1,U2 
H4,840,2016,030214,      0.00,      0.00,      0.00,      0.00,0,1,0,0,1,1,U2 
H4,840,2016,030219,      0.00,      0.00,      0.00,      0.00,0,1,0,0,1,1,U2 
H4,840,2016,030221,      0.00,      0.00,      0.00,      0.00,0,1,0,0,1,1,U2 
H4,840,2016,030222,      0.00,      0.00,      0.00,      0.00,0,1,0,0,1,1,U2 
H4,840,2016,030223,      0.09,      0.09,      0.09,      0.09,0,0,1,0,1,1,U2 
H4,840,2016,030224,      0.00,      0.00,      0.00,      0.00,0,1,0,0,1,1,U2 
H4,840,2016,030229,      0.00,      0.00,      0.00,      0.00,0,1,0,0,1,1,U2 
H4,840,2016,030231,      0.00,      0.00,      0.00,      0.00,0,1,0,0,1,1,U2 
H4,840,2016,030232,      0.00,      0.00,      0.00,      0.00,0,1,0,0,1,1,U2 
H4,840,2016,030233,      0.00,      0.00,      0.00,      0.00,0,1,0,0,1,1,U2 
H4,840,2016,030234,      0.00,      0.00,      0.00,      0.00,0,1,0,0,1,1,U2 
H4,840,2016,030235,      0.00,      0.00,      0.00,      0.00,0,1,0,0,1,1,U2 
H4,840,2016,030236,      0.00,      0.00,      0.00,      0.00,0,1,0,0,1,1,U2 
H4,840,2016,030239,      0.00,      0.00,      0.00,      0.00,0,1,0,0,1,1,U2 
H4,840,2016,030241,      0.00,      0.00,      0.00,      0.00,0,1,0,0,1,1,U2 
H4,840,2016,030242,      0.00,      0.00,      0.00,      0.00,0,1,0,0,1,1,U2 
H4,840,2016,030243,      0.00,      0.00,      0.00,      0.00,0,1,0,0,1,1,U2 
H4,840,2016,030244,      0.00,      0.00,      0.00,      0.00,0,1,0,0,1,1,U2 
H4,840,2016,030245,      3.00,      0.00,      3.00,      1.50,0,1,0,1,2,2,U2 
H4,840,2016,030246,      3.00,      0.00,      3.00,      1.50,0,1,0,1,2,2,U2 
H4,840,2016,030247,      0.00,      0.00,      0.00,      0.00,0,1,0,0,1,1,U2 
H4,840,2016,030251,      0.00,      0.00,      0.00,      0.00,0,1,0,0,1,1,U2 
H4,840,2016,030252,      0.00,      0.00,      0.00,      0.00,0,1,0,0,1,1,U2 
H4,840,2016,030253,      0.00,      0.00,      0.00,      0.00,0,1,0,0,1,1,U2 
H4,840,2016,030254,      3.00,      0.00,      3.00,      1.50,0,1,0,1,2,2,U2 
H4,840,2016,030255,      3.00,      0.00,      3.00,      1.50,0,1,0,1,2,2,U2 
H4,840,2016,030256,      3.00,      0.00,      3.00,      1.50,0,1,0,1,2,2,U2 
H4,840,2016,030259,      3.00,      0.00,      3.00,      1.50,0,1,0,1,2,2,U2 
H4,840,2016,030271,      3.00,      0.00,      3.00,      1.50,0,1,0,1,2,2,U2 
H4,840,2016,030272,      3.00,      0.00,      3.00,      1.50,0,1,0,1,2,2,U2 
H4,840,2016,030273,      3.00,      0.00,      3.00,      1.50,0,1,0,1,2,2,U2 
H4,840,2016,030274,      0.00,      0.00,      0.00,      0.00,0,1,0,0,1,1,U2 
H4,840,2016,030279,      3.00,      0.00,      3.00,      1.50,0,1,0,1,2,2,U2 
H4,840,2016,030281,      0.00,      0.00,      0.00,      0.00,0,1,0,0,1,1,U2 
H4,840,2016,030282,      0.00,      0.00,      0.00,      0.00,0,1,0,0,1,1,U2 
H4,840,2016,030283,      0.00,      0.00,      0.00,      0.00,0,1,0,0,1,1,U2 
H4,840,2016,030284,      3.00,      0.00,      3.00,      1.50,0,1,0,1,2,2,U2 
H4,840,2016,030285,      3.00,      0.00,      3.00,      1.50,0,1,0,1,2,2,U2 
H4,840,2016,030289,      3.00,      0.00,      3.00,      1.50,0,1,0,1,2,2,U2 
H4,840,2016,030290,     15.00,      0.00,     15.00,      7.50,0,1,0,1,2,2,U2 
H4,840,2016,030311,      0.00,      0.00,      0.00,      0.00,0,1,0,0,1,1,U2 
H4,840,2016,030312,      0.00,      0.00,      0.00,      0.00,0,1,0,0,1,1,U2 
H4,840,2016,030313,      0.00,      0.00,      0.00,      0.00,0,1,0,0,1,1,U2 
H4,840,2016,030314,      0.00,      0.00,      0.00,      0.00,0,1,0,0,1,1,U2 
H4,840,2016,030319,      0.00,      0.00,      0.00,      0.00,0,1,0,0,1,1,U2 
H4,840,2016,030323,      0.00,      0.00,      0.00,      0.00,0,1,0,0,1,1,U2 
H4,840,2016,030324,      0.00,      0.00,      0.00,      0.00,0,1,0,0,1,1,U2 
H4,840,2016,030325,      0.00,      0.00,      0.00,      0.00,0,1,0,0,1,1,U2 
H4,840,2016,030326,      0.00,      0.00,      0.00,      0.00,0,1,0,0,1,1,U2 
H4,840,2016,030329,      0.00,      0.00,      0.00,      0.00,0,1,0,0,1,1,U2 
H4,840,2016,030331,      0.00,      0.00,      0.00,      0.00,0,1,0,0,1,1,U2 
H4,840,2016,030332,      0.00,      0.00,      0.00,      0.00,0,1,0,0,1,1,U2 
H4,840,2016,030333,      0.20,      0.20,      0.20,      0.20,0,0,1,0,1,1,U2 
H4,840,2016,030334,      0.21,      0.21,      0.21,      0.21,0,0,1,0,1,1,U2 
H4,840,2016,030339,      0.62,      0.62,      0.62,      0.62,0,0,1,0,1,1,U2 
H4,840,2016,030341,      0.00,      0.00,      0.00,      0.00,0,1,0,0,1,1,U2 
H4,840,2016,030342,      0.00,      0.00,      0.00,      0.00,0,1,0,0,1,1,U2 
H4,840,2016,030343,      0.00,      0.00,      0.00,      0.00,0,1,0,0,1,1,U2 
H4,840,2016,030344,      0.00,      0.00,      0.00,      0.00,0,1,0,0,1,1,U2 
H4,840,2016,030345,      0.00,      0.00,      0.00,      0.00,0,1,0,0,1,1,U2 
H4,840,2016,030346,      0.00,      0.00,      0.00,      0.00,0,1,0,0,1,1,U2 
H4,840,2016,030349,      0.00,      0.00,      0.00,      0.00,0,1,0,0,1,1,U2 
H4,840,2016,030351,      0.00,      0.00,      0.00,      0.00,0,1,0,0,1,1,U2 
H4,840,2016,030353,      1.15,      1.15,      1.15,      1.15,0,0,1,0,1,1,U2 
H4,840,2016,030354,      0.00,      0.00,      0.00,      0.00,0,1,0,0,1,1,U2 
H4,840,2016,030355,      0.00,      0.00,      0.00,      0.00,0,1,0,0,1,1,U2 
H4,840,2016,030356,      0.00,      0.00,      0.00,      0.00,0,1,0,0,1,1,U2 
H4,840,2016,030357,      0.00,      0.00,      0.00,      0.00,0,1,0,0,1,1,U2 
H4,840,2016,030363,      0.00,      0.00,      0.00,      0.00,0,1,0,0,1,1,U2 
H4,840,2016,030364,      0.00,      0.00,      0.00,      0.00,0,1,0,0,1,1,U2 
H4,840,2016,030365,      0.00,      0.00,      0.00,      0.00,0,1,0,0,1,1,U2 
H4,840,2016,030366,      0.00,      0.00,      0.00,      0.00,0,1,0,0,1,1,U2 
H4,840,2016,030367,      0.00,      0.00,      0.00,      0.00,0,1,0,0,1,1,U2 
H4,840,2016,030368,      0.00,      0.00,      0.00,      0.00,0,1,0,0,1,1,U2 
H4,840,2016,030369,      0.00,      0.00,      0.00,      0.00,0,1,0,0,1,1,U2 
H4,840,2016,030381,      0.43,      0.43,      0.43,      0.43,0,0,1,0,1,1,U2 
H4,840,2016,030382,      0.00,      0.00,      0.00,      0.00,0,1,0,0,1,1,U2 
H4,840,2016,030383,      0.00,      0.00,      0.00,      0.00,0,1,0,0,1,1,U2 
H4,840,2016,030384,      0.00,      0.00,      0.00,      0.00,0,1,0,0,1,1,U2 
H4,840,2016,030389,      0.00,      0.00,      0.00,      0.00,0,1,0,0,1,1,U2 
H4,840,2016,030390,     15.00,      0.00,     15.00,      7.50,0,1,0,1,2,2,U2 
H4,840,2016,030431,      0.00,      0.00,      0.00,      0.00,0,1,0,0,1,1,U2 
H4,840,2016,030432,      0.00,      0.00,      0.00,      0.00,0,1,0,0,1,1,U2 
H4,840,2016,030433,      0.00,      0.00,      0.00,      0.00,0,1,0,0,1,1,U2 
H4,840,2016,030439,      0.00,      0.00,      0.00,      0.00,0,1,0,0,1,1,U2 
H4,840,2016,030441,      0.00,      0.00,      0.00,      0.00,0,1,0,0,1,1,U2 
H4,840,2016,030442,      0.00,      0.00,      0.00,      0.00,0,1,0,0,1,1,U2 
H4,840,2016,030443,      0.00,      0.00,      0.00,      0.00,0,1,0,0,1,1,U2 
H4,840,2016,030444,      0.00,      0.00,      0.00,      0.00,0,1,0,0,1,1,U2 
H4,840,2016,030445,      0.00,      0.00,      0.00,      0.00,0,1,0,0,1,1,U2 
H4,840,2016,030446,      0.00,      0.00,      0.00,      0.00,0,1,0,0,1,1,U2 
H4,840,2016,030449,      0.00,      0.00,      0.00,      0.00,0,1,0,0,1,1,U2 
H4,840,2016,030451,      0.00,      0.00,      0.00,      0.00,0,1,0,0,1,1,U2 
H4,840,2016,030452,      0.00,      0.00,      0.00,      0.00,0,1,0,0,1,1,U2 
H4,840,2016,030453,      0.00,      0.00,      0.00,      0.00,0,1,0,0,1,1,U2 
H4,840,2016,030454,      0.00,      0.00,      0.00,      0.00,0,1,0,0,1,1,U2 
H4,840,2016,030455,      0.00,      0.00,      0.00,      0.00,0,1,0,0,1,1,U2 
H4,840,2016,030459,      0.00,      0.00,      0.00,      0.00,0,1,0,0,1,1,U2 
H4,840,2016,030461,      0.00,      0.00,      0.00,      0.00,0,1,0,0,1,1,U2 
H4,840,2016,030462,      0.00,      0.00,      0.00,      0.00,0,1,0,0,1,1,U2 
H4,840,2016,030463,      0.00,      0.00,      0.00,      0.00,0,1,0,0,1,1,U2 
H4,840,2016,030469,      0.00,      0.00,      0.00,      0.00,0,1,0,0,1,1,U2 
H4,840,2016,030471,      0.00,      0.00,      0.00,      0.00,0,2,0,0,2,2,U2 
H4,840,2016,030472,      0.00,      0.00,      0.00,      0.00,0,2,0,0,2,2,U2 
H4,840,2016,030473,      0.00,      0.00,      0.00,      0.00,0,2,0,0,2,2,U2 
H4,840,2016,030474,      0.00,      0.00,      0.00,      0.00,0,2,0,0,2,2,U2 
H4,840,2016,030475,      0.00,      0.00,      0.00,      0.00,0,2,0,0,2,2,U2 
H4,840,2016,030479,      0.00,      0.00,      0.00,      0.00,0,2,0,0,2,2,U2 
H4,840,2016,030481,      0.00,      0.00,      0.00,      0.00,0,2,0,0,2,2,U2 
H4,840,2016,030482,      0.00,      0.00,      0.00,      0.00,0,2,0,0,2,2,U2 
H4,840,2016,030483,      0.00,      0.00,      0.00,      0.00,0,2,0,0,2,2,U2 
H4,840,2016,030484,      0.00,      0.00,      0.00,      0.00,0,1,0,0,1,1,U2 
H4,840,2016,030485,      0.00,      0.00,      0.00,      0.00,0,1,0,0,1,1,U2 
H4,840,2016,030486,      0.00,      0.00,      0.00,      0.00,0,1,0,0,1,1,U2 
H4,840,2016,030487,      0.00,      0.00,      0.00,      0.00,0,1,0,0,1,1,U2 
H4,840,2016,030489,      0.00,      0.00,      0.00,      0.00,0,2,0,0,2,2,U2 
H4,840,2016,030491,      6.00,      0.00,      6.00,      3.00,0,1,0,1,2,2,U2 
H4,840,2016,030492,      6.00,      0.00,      6.00,      3.00,0,1,0,1,2,2,U2 
H4,840,2016,030493,      6.00,      0.00,      6.00,      3.00,0,1,0,1,2,2,U2 
H4,840,2016,030494,      6.00,      0.00,      6.00,      3.00,0,1,0,1,2,2,U2 
H4,840,2016,030495,      6.00,      0.00,      6.00,      3.00,0,1,0,1,2,2,U2 
H4,840,2016,030499,      6.00,      0.00,      6.00,      3.00,0,1,0,1,2,2,U2 
H4,840,2016,030510,      6.00,      0.00,      6.00,      3.00,0,1,0,1,2,2,U2 
H4,840,2016,030520,      7.50,      0.00,      7.50,      3.75,0,1,0,1,2,2,U2 
H4,840,2016,030531,      0.00,      0.00,      0.00,      0.00,0,1,0,0,1,1,U2 
H4,840,2016,030532,      0.00,      0.00,      0.00,      0.00,0,1,0,0,1,1,U2 
H4,840,2016,030539,      9.00,      0.00,      5.00,      3.00,0,1,0,2,3,3,U2 
H4,840,2016,030541,      5.00,      5.00,      5.00,      5.00,0,0,0,1,1,1,U2 
H4,840,2016,030542,      0.00,      0.00,      0.00,      0.00,0,1,0,0,1,1,U2 
H4,840,2016,030543,      0.00,      0.00,      0.00,      0.00,0,1,0,0,1,1,U2 
H4,840,2016,030544,      0.00,      0.00,      0.00,      0.00,0,1,0,0,1,1,U2 
H4,840,2016,030549,      0.00,      0.00,      0.00,      0.00,0,2,0,0,2,2,U2 
H4,840,2016,030551,      0.00,      0.00,      0.00,      0.00,0,1,0,0,1,1,U2 
H4,840,2016,030559,      0.00,      0.00,      0.00,      0.00,0,1,0,0,1,1,U2 
H4,840,2016,030561,      4.00,      0.00,      4.00,      2.00,0,1,0,1,2,2,U2 
H4,840,2016,030562,      0.00,      0.00,      0.00,      0.00,0,1,0,0,1,1,U2 
H4,840,2016,030563,      5.00,      0.00,      5.00,      1.67,0,2,0,1,3,3,U2 
H4,840,2016,030564,      0.50,      0.00,      0.50,      0.25,0,1,0,1,2,2,U2 
H4,840,2016,030569,      8.50,      0.00,      5.00,      1.42,0,3,0,3,6,6,U2 
H4,840,2016,030571,      0.00,      0.00,      0.00,      0.00,0,1,0,0,1,1,U2 
H4,840,2016,030572,      0.00,      0.00,      0.00,      0.00,0,1,0,0,1,1,U2 
H4,840,2016,030579,      0.00,      0.00,      0.00,      0.00,0,1,0,0,1,1,U2 
H4,840,2016,030611,      0.00,      0.00,      0.00,      0.00,0,1,0,0,1,1,U2 
H4,840,2016,030612,      0.00,      0.00,      0.00,      0.00,0,1,0,0,1,1,U2 
H4,840,2016,030614,      7.50,      0.00,      7.50,      3.75,0,1,0,1,2,2,U2 
H4,840,2016,030615,      0.00,      0.00,      0.00,      0.00,0,1,0,0,1,1,U2 
H4,840,2016,030616,      0.00,      0.00,      0.00,      0.00,0,1,0,0,1,1,U2 
H4,840,2016,030617,      0.00,      0.00,      0.00,      0.00,0,1,0,0,1,1,U2 
H4,840,2016,030619,      0.00,      0.00,      0.00,      0.00,0,1,0,0,1,1,U2 
H4,840,2016,030621,      0.00,      0.00,      0.00,      0.00,0,1,0,0,1,1,U2 
H4,840,2016,030622,      0.00,      0.00,      0.00,      0.00,0,1,0,0,1,1,U2 
H4,840,2016,030624,      7.50,      0.00,      7.50,      3.75,0,1,0,1,2,2,U2 
H4,840,2016,030625,      0.00,      0.00,      0.00,      0.00,0,1,0,0,1,1,U2 
H4,840,2016,030626,      0.00,      0.00,      0.00,      0.00,0,1,0,0,1,1,U2 
H4,840,2016,030627,      0.00,      0.00,      0.00,      0.00,0,1,0,0,1,1,U2 
H4,840,2016,030629,      0.00,      0.00,      0.00,      0.00,0,1,0,0,1,1,U2 
H4,840,2016,030711,      0.00,      0.00,      0.00,      0.00,0,1,0,0,1,1,U2 
H4,840,2016,030719,      0.00,      0.00,      0.00,      0.00,0,1,0,0,1,1,U2 
H4,840,2016,030721,      0.00,      0.00,      0.00,      0.00,0,1,0,0,1,1,U2 
H4,840,2016,030729,      0.00,      0.00,      0.00,      0.00,0,1,0,0,1,1,U2 
H4,840,2016,030731,      0.00,      0.00,      0.00,      0.00,0,1,0,0,1,1,U2 
H4,840,2016,030739,      0.00,      0.00,      0.00,      0.00,0,1,0,0,1,1,U2 
H4,840,2016,030741,      0.00,      0.00,      0.00,      0.00,0,1,0,0,1,1,U2 
H4,840,2016,030749,      0.00,      0.00,      0.00,      0.00,0,1,0,0,1,1,U2 
H4,840,2016,030751,      0.00,      0.00,      0.00,      0.00,0,1,0,0,1,1,U2 
H4,840,2016,030759,      0.00,      0.00,      0.00,      0.00,0,1,0,0,1,1,U2 
H4,840,2016,030760,      5.00,      5.00,      5.00,      5.00,0,0,0,1,1,1,U2 
H4,840,2016,030771,      0.00,      0.00,      0.00,      0.00,0,1,0,0,1,1,U2 
H4,840,2016,030779,      0.00,      0.00,      0.00,      0.00,0,1,0,0,1,1,U2 
H4,840,2016,030781,      0.00,      0.00,      0.00,      0.00,0,1,0,0,1,1,U2 
H4,840,2016,030789,      0.00,      0.00,      0.00,      0.00,0,1,0,0,1,1,U2 
H4,840,2016,030791,      0.00,      0.00,      0.00,      0.00,0,1,0,0,1,1,U2 
H4,840,2016,030799,      0.00,      0.00,      0.00,      0.00,0,1,0,0,1,1,U2 
H4,840,2016,030811,      0.00,      0.00,      0.00,      0.00,0,1,0,0,1,1,U2 
H4,840,2016,030819,      0.00,      0.00,      0.00,      0.00,0,1,0,0,1,1,U2 
H4,840,2016,030821,      0.00,      0.00,      0.00,      0.00,0,1,0,0,1,1,U2 
H4,840,2016,030829,      0.00,      0.00,      0.00,      0.00,0,1,0,0,1,1,U2 
H4,840,2016,030830,      0.00,      0.00,      0.00,      0.00,0,1,0,0,1,1,U2 
H4,840,2016,030890,      0.00,      0.00,      0.00,      0.00,0,1,0,0,1,1,U2 
H4,840,2016,040110,,,,,1,0,0,0,0,1,U2 
H4,840,2016,040120,,,,,2,0,0,0,0,2,U2 
H4,840,2016,040140,,,,,3,0,0,0,0,3,U2 
H4,840,2016,040150,     86.01,      5.59,     74.83,     28.67,3,0,3,0,3,6,U2 
H4,840,2016,040210,     34.30,      1.22,     31.87,     11.43,0,0,3,0,3,3,U2 
H4,840,2016,040221,    112.30,      0.93,     43.81,     12.48,0,0,9,0,9,9,U2 
H4,840,2016,040229,     87.93,     17.50,     52.93,     29.31,0,0,1,2,3,3,U2 
H4,840,2016,040291,     58.14,      1.74,     24.73,      9.69,0,0,6,0,6,6,U2 
H4,840,2016,040299,    132.32,      1.70,     38.77,     14.70,0,0,7,2,9,9,U2 
H4,840,2016,040310,    139.69,     17.00,     82.69,     34.92,0,0,1,3,4,4,U2 
H4,840,2016,040390,    543.60,      2.24,    111.60,     33.98,4,0,13,3,16,20,U2 
H4,840,2016,040410,    259.22,      3.61,    121.70,     37.03,1,0,4,3,7,8,U2 
H4,840,2016,040490,    104.42,      0.18,     66.74,     20.88,0,0,2,3,5,5,U2 
H4,840,2016,040510,     45.63,      3.14,     39.35,     15.21,0,0,3,0,3,3,U2 
H4,840,2016,040520,    125.00,      3.76,     57.29,     15.63,0,0,5,3,8,8,U2 
H4,840,2016,040590,     72.24,     10.00,     52.24,     24.08,0,0,1,2,3,3,U2 
H4,840,2016,040610,    515.82,      8.50,     64.25,     24.56,0,0,9,12,21,21,U2 
H4,840,2016,040620,    711.17,      8.00,     41.87,     18.72,0,0,13,25,38,38,U2 
H4,840,2016,040630,    725.91,      6.40,     48.99,     20.16,0,0,13,23,36,36,U2 
H4,840,2016,040640,    136.45,      2.70,     29.45,     15.16,0,0,1,8,9,9,U2 
H4,840,2016,040690,    887.01,      0.00,     43.76,     17.74,0,2,15,33,50,50,U2 
H4,840,2016,040711,,,,,1,0,0,0,0,1,U2 
H4,840,2016,040719,,,,,1,0,0,0,0,1,U2 
H4,840,2016,040721,,,,,1,0,0,0,0,1,U2 
H4,840,2016,040729,,,,,1,0,0,0,0,1,U2 
H4,840,2016,040790,,,,,1,0,0,0,0,1,U2 
H4,840,2016,040811,     12.40,     12.40,     12.40,     12.40,0,0,1,0,1,1,U2 
H4,840,2016,040819,      4.59,      4.59,      4.59,      4.59,0,0,1,0,1,1,U2 
H4,840,2016,040891,      9.59,      9.59,      9.59,      9.59,0,0,1,0,1,1,U2 
H4,840,2016,040899,      5.37,      5.37,      5.37,      5.37,0,0,1,0,1,1,U2 
H4,840,2016,040900,      0.55,      0.55,      0.55,      0.55,0,0,1,0,1,1,U2 
H4,840,2016,041000,      1.10,      1.10,      1.10,      1.10,0,0,0,1,1,1,U2 
H4,840,2016,050100,      1.40,      1.40,      1.40,      1.40,0,0,0,1,1,1,U2 
H4,840,2016,050210,      0.10,      0.10,      0.10,      0.10,0,0,1,0,1,1,U2 
H4,840,2016,050290,      0.00,      0.00,      0.00,      0.00,0,1,0,0,1,1,U2 
H4,840,2016,050400,      0.00,      0.00,      0.00,      0.00,0,1,0,0,1,1,U2 
H4,840,2016,050510,      0.00,      0.00,      0.00,      0.00,0,1,0,0,1,1,U2 
H4,840,2016,050590,      2.30,      0.00,      2.30,      1.15,0,1,0,1,2,2,U2 
H4,840,2016,050610,      0.00,      0.00,      0.00,      0.00,0,1,0,0,1,1,U2 
H4,840,2016,050690,      0.00,      0.00,      0.00,      0.00,0,1,0,0,1,1,U2 
H4,840,2016,050710,      0.00,      0.00,      0.00,      0.00,0,1,0,0,1,1,U2 
H4,840,2016,050790,      0.00,      0.00,      0.00,      0.00,0,1,0,0,1,1,U2 
H4,840,2016,050800,      0.00,      0.00,      0.00,      0.00,0,1,0,0,1,1,U2 
H4,840,2016,051000,      5.10,      0.00,      5.10,      2.55,0,1,0,1,2,2,U2 
H4,840,2016,051110,      0.00,      0.00,      0.00,      0.00,0,1,0,0,1,1,U2 
H4,840,2016,051191,      0.00,      0.00,      0.00,      0.00,0,1,0,0,1,1,U2 
H4,840,2016,051199,      4.10,      0.00,      3.00,      0.82,0,3,0,2,5,5,U2 
H4,840,2016,060110,      3.50,      3.50,      3.50,      3.50,6,0,0,1,1,7,U2 
H4,840,2016,060120,      1.40,      1.40,      1.40,      1.40,1,0,0,1,1,2,U2 
H4,840,2016,060210,      4.80,      4.80,      4.80,      4.80,0,0,0,1,1,1,U2 
H4,840,2016,060220,      0.00,      0.00,      0.00,      0.00,0,1,0,0,1,1,U2 
H4,840,2016,060230,      1.90,      1.90,      1.90,      1.90,0,0,0,1,1,1,U2 
H4,840,2016,060240,      0.00,      0.00,      0.00,      0.00,0,1,0,0,1,1,U2 
H4,840,2016,060290,     12.18,      0.00,      4.80,      2.03,0,1,1,4,6,6,U2 
H4,840,2016,060311,      6.80,      6.80,      6.80,      6.80,0,0,0,1,1,1,U2 
H4,840,2016,060312,      9.60,      3.20,      6.40,      4.80,0,0,0,2,2,2,U2 
H4,840,2016,060313,      6.40,      6.40,      6.40,      6.40,0,0,0,1,1,1,U2 
H4,840,2016,060314,      6.40,      6.40,      6.40,      6.40,0,0,0,1,1,1,U2 
H4,840,2016,060315,      6.40,      6.40,      6.40,      6.40,0,0,0,1,1,1,U2 
H4,840,2016,060319,      6.40,      6.40,      6.40,      6.40,0,0,0,1,1,1,U2 
H4,840,2016,060390,      4.00,      4.00,      4.00,      4.00,0,0,0,1,1,1,U2 
H4,840,2016,060420,      0.00,      0.00,      0.00,      0.00,0,1,0,0,1,1,U2 
H4,840,2016,060490,      7.00,      0.00,      7.00,      2.33,0,2,0,1,3,3,U2 
H4,840,2016,070110,      0.98,      0.98,      0.98,      0.98,0,0,1,0,1,1,U2 
H4,840,2016,070190,      3.60,      1.80,      1.80,      1.80,0,0,2,0,2,2,U2 
H4,840,2016,070200,      6.58,      1.94,      2.70,      2.19,0,0,3,0,3,3,U2 
H4,840,2016,070310,      8.05,      1.37,      5.10,      2.68,0,0,3,0,3,3,U2 
H4,840,2016,070320,      0.22,      0.22,      0.22,      0.22,0,0,1,0,1,1,U2 
H4,840,2016,070390,     20.00,     20.00,     20.00,     20.00,0,0,0,1,1,1,U2 
H4,840,2016,070410,     26.50,      2.50,     14.00,      8.83,0,0,0,3,3,3,U2 
H4,840,2016,070420,     12.50,     12.50,     12.50,     12.50,0,0,0,1,1,1,U2 
H4,840,2016,070490,     20.53,      0.53,     20.00,     10.27,0,0,1,1,2,2,U2 
H4,840,2016,070511,      3.99,      0.39,      3.60,      1.99,0,0,2,0,2,2,U2 
H4,840,2016,070519,      2.57,      0.25,      2.32,      1.29,0,0,2,0,2,2,U2 
H4,840,2016,070521,      0.10,      0.10,      0.10,      0.10,0,0,1,0,1,1,U2 
H4,840,2016,070529,      0.12,      0.12,      0.12,      0.12,0,0,1,0,1,1,U2 
H4,840,2016,070610,     19.01,      0.00,     14.90,      4.75,0,1,2,1,4,4,U2 
H4,840,2016,070690,     14.60,      1.90,     10.00,      4.87,0,0,0,3,3,3,U2 
H4,840,2016,070700,     17.16,      1.52,      5.69,      4.29,0,0,4,0,4,4,U2 
H4,840,2016,070810,      2.25,      0.34,      1.91,      1.12,0,0,2,0,2,2,U2 
H4,840,2016,070820,      3.99,      0.00,      2.72,      1.33,0,1,2,0,3,3,U2 
H4,840,2016,070890,      4.40,      0.00,      3.17,      0.88,0,1,4,0,5,5,U2 
H4,840,2016,070920,     26.30,      5.00,     21.30,     13.15,0,0,0,2,2,2,U2 
H4,840,2016,070930,      3.61,      1.52,      2.08,      1.80,0,0,2,0,2,2,U2 
H4,840,2016,070940,     18.22,      0.39,     14.90,      6.07,0,0,2,1,3,3,U2 
H4,840,2016,070951,     23.17,     23.17,     23.17,     23.17,0,0,1,0,1,1,U2 
H4,840,2016,070959,     22.03,      0.00,     22.03,     11.02,0,1,1,0,2,2,U2 
H4,840,2016,070960,      5.23,      2.53,      2.70,      2.62,0,0,2,0,2,2,U2 
H4,840,2016,070970,     20.00,     20.00,     20.00,     20.00,0,0,0,1,1,1,U2 
H4,840,2016,070991,     11.30,     11.30,     11.30,     11.30,0,0,0,1,1,1,U2 
H4,840,2016,070992,      7.42,      7.42,      7.42,      7.42,0,0,1,0,1,1,U2 
H4,840,2016,070993,     32.81,      1.51,     20.00,     10.94,0,0,1,2,3,3,U2 
H4,840,2016,070999,     86.20,      5.60,     21.30,     14.37,0,0,0,6,6,6,U2 
H4,840,2016,071010,     14.00,     14.00,     14.00,     14.00,0,0,0,1,1,1,U2 
H4,840,2016,071021,      2.58,      0.86,      1.72,      1.29,0,0,2,0,2,2,U2 
H4,840,2016,071022,     26.45,      0.00,     11.20,      4.41,0,1,4,1,6,6,U2 
H4,840,2016,071029,      2.91,      0.00,      1.88,      0.58,0,1,4,0,5,5,U2 
H4,840,2016,071030,     14.00,     14.00,     14.00,     14.00,0,0,0,1,1,1,U2 
H4,840,2016,071040,     14.00,     14.00,     14.00,     14.00,0,0,0,1,1,1,U2 
H4,840,2016,071080,     94.86,      0.00,     14.90,      8.62,0,1,4,6,11,11,U2 
H4,840,2016,071090,     21.90,      7.90,     14.00,     10.95,0,0,0,2,2,2,U2 
H4,840,2016,071120,     16.37,      2.51,      5.84,      4.09,0,0,4,0,4,4,U2 
H4,840,2016,071140,      7.70,      7.70,      7.70,      7.70,0,0,0,1,1,1,U2 
H4,840,2016,071151,     11.14,     11.14,     11.14,     11.14,0,0,1,0,1,1,U2 
H4,840,2016,071159,     17.67,      7.70,      9.97,      8.83,0,0,1,1,2,2,U2 
H4,840,2016,071190,     20.80,      0.00,      8.00,      5.20,0,1,0,3,4,4,U2 
H4,840,2016,071220,     51.10,     21.30,     29.80,     25.55,0,0,0,2,2,2,U2 
H4,840,2016,071231,      4.75,      1.94,      2.81,      2.37,0,0,2,0,2,2,U2 
H4,840,2016,071232,      8.30,      8.30,      8.30,      8.30,0,0,0,1,1,1,U2 
H4,840,2016,071233,      8.30,      8.30,      8.30,      8.30,0,0,0,1,1,1,U2 
H4,840,2016,071239,      4.60,      0.00,      2.72,      1.53,0,1,2,0,3,3,U2 
H4,840,2016,071290,     66.00,      0.00,     29.80,      6.00,0,1,3,7,11,11,U2 
H4,840,2016,071310,      4.69,      0.00,      3.71,      1.56,0,1,2,0,3,3,U2 
H4,840,2016,071320,      3.74,      1.81,      1.94,      1.87,0,0,2,0,2,2,U2 
H4,840,2016,071331,      0.91,      0.00,      0.67,      0.30,0,1,2,0,3,3,U2 
H4,840,2016,071332,      1.93,      0.86,      1.07,      0.97,0,0,2,0,2,2,U2 
H4,840,2016,071333,      3.68,      0.92,      1.38,      1.23,0,0,3,0,3,3,U2 
H4,840,2016,071334,      2.47,      0.64,      1.19,      0.82,0,0,3,0,3,3,U2 
H4,840,2016,071335,      0.00,      0.00,      0.00,      0.00,0,1,0,0,1,1,U2 
H4,840,2016,071339,      3.16,      0.82,      1.53,      1.05,0,0,3,0,3,3,U2 
H4,840,2016,071340,      2.03,      0.18,      1.84,      1.01,0,0,2,0,2,2,U2 
H4,840,2016,071350,      5.26,      2.34,      2.92,      2.63,0,0,2,0,2,2,U2 
H4,840,2016,071360,      4.22,      0.89,      1.67,      1.41,0,0,3,0,3,3,U2 
H4,840,2016,071390,      3.91,      0.00,      1.54,      0.98,0,1,3,0,4,4,U2 
H4,840,2016,071410,     19.20,      7.90,     11.30,      9.60,0,0,0,2,2,2,U2 
H4,840,2016,071420,     10.50,      4.50,      6.00,      5.25,0,0,0,2,2,2,U2 
H4,840,2016,071430,     20.70,      0.00,      8.30,      5.18,0,1,0,3,4,4,U2 
H4,840,2016,071440,     30.30,      0.00,     16.00,      7.57,0,1,0,3,4,4,U2 
H4,840,2016,071450,     30.30,      0.00,     16.00,      7.57,0,1,0,3,4,4,U2 
H4,840,2016,071490,     82.80,      0.00,     20.00,      8.28,0,2,0,8,10,10,U2 
H4,840,2016,080111,      0.00,      0.00,      0.00,      0.00,0,1,0,0,1,1,U2 
H4,840,2016,080112,      0.00,      0.00,      0.00,      0.00,0,1,0,0,1,1,U2 
H4,840,2016,080119,      0.00,      0.00,      0.00,      0.00,0,1,0,0,1,1,U2 
H4,840,2016,080121,      0.00,      0.00,      0.00,      0.00,0,1,0,0,1,1,U2 
H4,840,2016,080122,      0.00,      0.00,      0.00,      0.00,0,1,0,0,1,1,U2 
H4,840,2016,080131,      0.00,      0.00,      0.00,      0.00,0,1,0,0,1,1,U2 
H4,840,2016,080132,      0.00,      0.00,      0.00,      0.00,0,1,0,0,1,1,U2 
H4,840,2016,080211,      1.32,      1.32,      1.32,      1.32,0,0,1,0,1,1,U2 
H4,840,2016,080212,      2.89,      2.89,      2.89,      2.89,0,0,1,0,1,1,U2 
H4,840,2016,080221,      1.30,      1.30,      1.30,      1.30,0,0,1,0,1,1,U2 
H4,840,2016,080222,      1.46,      1.46,      1.46,      1.46,0,0,1,0,1,1,U2 
H4,840,2016,080231,      1.89,      1.89,      1.89,      1.89,0,0,1,0,1,1,U2 
H4,840,2016,080232,      3.01,      3.01,      3.01,      3.01,0,0,1,0,1,1,U2 
H4,840,2016,080241,      0.00,      0.00,      0.00,      0.00,0,1,0,0,1,1,U2 
H4,840,2016,080242,      0.00,      0.00,      0.00,      0.00,0,1,0,0,1,1,U2 
H4,840,2016,080251,      0.09,      0.09,      0.09,      0.09,0,0,1,0,1,1,U2 
H4,840,2016,080252,      0.13,      0.13,      0.13,      0.13,0,0,1,0,1,1,U2 
H4,840,2016,080261,      0.30,      0.30,      0.30,      0.30,0,0,1,0,1,1,U2 
H4,840,2016,080262,      0.38,      0.38,      0.38,      0.38,0,0,1,0,1,1,U2 
H4,840,2016,080270,      1.06,      0.22,      0.84,      0.53,0,0,2,0,2,2,U2 
H4,840,2016,080280,      2.64,      0.55,      2.10,      1.32,0,0,2,0,2,2,U2 
H4,840,2016,080290,      5.14,      0.10,      2.63,      0.86,0,0,6,0,6,6,U2 
H4,840,2016,080310,      1.40,      0.00,      1.40,      0.70,0,1,0,1,2,2,U2 
H4,840,2016,080390,      0.00,      0.00,      0.00,      0.00,0,1,0,0,1,1,U2 
H4,840,2016,080410,     44.15,      0.84,     29.80,     11.04,0,0,3,1,4,4,U2 
H4,840,2016,080420,      5.63,      1.52,      2.16,      1.88,0,0,3,0,3,3,U2 
H4,840,2016,080430,      2.56,      0.55,      1.38,      0.85,0,0,3,0,3,3,U2 
H4,840,2016,080440,      4.79,      4.79,      4.79,      4.79,0,0,1,0,1,1,U2 
H4,840,2016,080450,      8.24,      0.84,      3.70,      2.75,0,0,3,0,3,3,U2 
H4,840,2016,080510,      2.19,      2.19,      2.19,      2.19,0,0,1,0,1,1,U2 
H4,840,2016,080520,      1.51,      1.51,      1.51,      1.51,0,0,1,0,1,1,U2 
H4,840,2016,080540,      5.83,      1.48,      2.47,      1.94,0,0,3,0,3,3,U2 
H4,840,2016,080550,      3.94,      0.80,      1.73,      1.31,0,0,2,1,3,3,U2 
H4,840,2016,080590,      0.80,      0.80,      0.80,      0.80,0,0,0,1,1,1,U2 
H4,840,2016,080610,      0.00,      0.00,      0.00,      0.00,2,1,0,0,1,3,U2 
H4,840,2016,080620,      3.63,      0.81,      1.57,      1.21,0,0,3,0,3,3,U2 
H4,840,2016,080711,     26.00,      9.00,     17.00,     13.00,0,0,0,2,2,2,U2 
H4,840,2016,080719,     83.90,      1.60,     29.80,     13.98,0,0,0,6,6,6,U2 
H4,840,2016,080720,      5.40,      5.40,      5.40,      5.40,0,0,0,1,1,1,U2 
H4,840,2016,080810,      0.00,      0.00,      0.00,      0.00,0,1,0,0,1,1,U2 
H4,840,2016,080830,      0.27,      0.00,      0.27,      0.14,0,1,1,0,2,2,U2 
H4,840,2016,080840,      0.24,      0.00,      0.24,      0.12,0,1,1,0,2,2,U2 
H4,840,2016,080910,      0.10,      0.10,      0.10,      0.10,0,0,1,0,1,1,U2 
H4,840,2016,080921,      0.00,      0.00,      0.00,      0.00,0,1,0,0,1,1,U2 
H4,840,2016,080929,      0.00,      0.00,      0.00,      0.00,0,1,0,0,1,1,U2 
H4,840,2016,080930,      0.15,      0.00,      0.15,      0.08,0,1,1,0,2,2,U2 
H4,840,2016,080940,      0.30,      0.00,      0.30,      0.15,0,1,1,0,2,2,U2 
H4,840,2016,081010,      0.44,      0.07,      0.37,      0.22,0,0,2,0,2,2,U2 
H4,840,2016,081020,      0.03,      0.00,      0.03,      0.01,0,1,1,0,2,2,U2 
H4,840,2016,081030,      0.00,      0.00,      0.00,      0.00,0,1,0,0,1,1,U2 
H4,840,2016,081040,      0.00,      0.00,      0.00,      0.00,0,1,0,0,1,1,U2 
H4,840,2016,081050,      0.00,      0.00,      0.00,      0.00,0,1,0,0,1,1,U2 
H4,840,2016,081060,      2.20,      2.20,      2.20,      2.20,0,0,0,1,1,1,U2 
H4,840,2016,081070,      2.20,      2.20,      2.20,      2.20,0,0,0,1,1,1,U2 
H4,840,2016,081090,      2.20,      0.00,      2.20,      1.10,0,1,0,1,2,2,U2 
H4,840,2016,081110,     11.20,     11.20,     11.20,     11.20,0,0,0,1,1,1,U2 
H4,840,2016,081120,     13.50,      4.50,      9.00,      6.75,0,0,0,2,2,2,U2 
H4,840,2016,081190,     65.71,      0.00,     14.50,      5.97,0,3,1,7,11,11,U2 
H4,840,2016,081210,      8.28,      8.28,      8.28,      8.28,0,0,1,0,1,1,U2 
H4,840,2016,081290,     14.41,      0.06,     11.20,      2.40,0,0,5,1,6,6,U2 
H4,840,2016,081310,      0.38,      0.38,      0.38,      0.38,0,0,1,0,1,1,U2 
H4,840,2016,081320,     14.55,      0.55,     14.00,      7.28,0,0,1,1,2,2,U2 
H4,840,2016,081330,      0.28,      0.28,      0.28,      0.28,0,0,1,0,1,1,U2 
H4,840,2016,081340,     15.02,      0.32,      6.80,      2.15,0,0,4,3,7,7,U2 
H4,840,2016,081350,     14.00,     14.00,     14.00,     14.00,0,0,0,1,1,1,U2 
H4,840,2016,081400,      1.70,      0.00,      0.85,      0.57,0,1,2,0,3,3,U2 
H4,840,2016,090111,      0.00,      0.00,      0.00,      0.00,0,1,0,0,1,1,U2 
H4,840,2016,090112,      0.00,      0.00,      0.00,      0.00,0,1,0,0,1,1,U2 
H4,840,2016,090121,      0.00,      0.00,      0.00,      0.00,0,1,0,0,1,1,U2 
H4,840,2016,090122,      0.00,      0.00,      0.00,      0.00,0,1,0,0,1,1,U2 
H4,840,2016,090190,      0.43,      0.00,      0.43,      0.22,0,1,1,0,2,2,U2 
H4,840,2016,090210,      6.40,      0.00,      6.40,      3.20,0,1,0,1,2,2,U2 
H4,840,2016,090220,      6.40,      0.00,      6.40,      3.20,0,1,0,1,2,2,U2 
H4,840,2016,090230,      0.00,      0.00,      0.00,      0.00,0,1,0,0,1,1,U2 
H4,840,2016,090240,      0.00,      0.00,      0.00,      0.00,0,1,0,0,1,1,U2 
H4,840,2016,090300,      0.00,      0.00,      0.00,      0.00,0,1,0,0,1,1,U2 
H4,840,2016,090411,      0.00,      0.00,      0.00,      0.00,0,1,0,0,1,1,U2 
H4,840,2016,090412,      0.00,      0.00,      0.00,      0.00,0,1,0,0,1,1,U2 
H4,840,2016,090421,      3.44,      0.00,      1.64,      0.86,0,1,3,0,4,4,U2 
H4,840,2016,090422,      5.26,      0.00,      2.02,      1.05,0,2,3,0,5,5,U2 
H4,840,2016,090510,      0.00,      0.00,      0.00,      0.00,0,1,0,0,1,1,U2 
H4,840,2016,090520,      0.00,      0.00,      0.00,      0.00,0,1,0,0,1,1,U2 
H4,840,2016,090611,      0.00,      0.00,      0.00,      0.00,0,1,0,0,1,1,U2 
H4,840,2016,090619,      0.00,      0.00,      0.00,      0.00,0,1,0,0,1,1,U2 
H4,840,2016,090620,      0.00,      0.00,      0.00,      0.00,0,1,0,0,1,1,U2 
H4,840,2016,090710,      0.00,      0.00,      0.00,      0.00,0,1,0,0,1,1,U2 
H4,840,2016,090720,      0.00,      0.00,      0.00,      0.00,0,1,0,0,1,1,U2 
H4,840,2016,090811,      0.00,      0.00,      0.00,      0.00,0,1,0,0,1,1,U2 
H4,840,2016,090812,      0.00,      0.00,      0.00,      0.00,0,1,0,0,1,1,U2 
H4,840,2016,090821,      0.00,      0.00,      0.00,      0.00,0,1,0,0,1,1,U2 
H4,840,2016,090822,      0.73,      0.00,      0.73,      0.36,0,1,1,0,2,2,U2 
H4,840,2016,090831,      0.00,      0.00,      0.00,      0.00,0,1,0,0,1,1,U2 
H4,840,2016,090832,      0.00,      0.00,      0.00,      0.00,0,1,0,0,1,1,U2 
H4,840,2016,090921,      0.00,      0.00,      0.00,      0.00,0,1,0,0,1,1,U2 
H4,840,2016,090922,      0.00,      0.00,      0.00,      0.00,0,1,0,0,1,1,U2 
H4,840,2016,090931,      0.00,      0.00,      0.00,      0.00,0,1,0,0,1,1,U2 
H4,840,2016,090932,      0.00,      0.00,      0.00,      0.00,0,1,0,0,1,1,U2 
H4,840,2016,090961,      0.00,      0.00,      0.00,      0.00,0,1,0,0,1,1,U2 
H4,840,2016,090962,      0.00,      0.00,      0.00,      0.00,0,1,0,0,1,1,U2 
H4,840,2016,091011,      0.00,      0.00,      0.00,      0.00,0,1,0,0,1,1,U2 
H4,840,2016,091012,      0.29,      0.29,      0.29,      0.29,0,0,1,0,1,1,U2 
H4,840,2016,091020,      0.00,      0.00,      0.00,      0.00,0,1,0,0,1,1,U2 
H4,840,2016,091030,      0.00,      0.00,      0.00,      0.00,0,1,0,0,1,1,U2 
H4,840,2016,091091,      1.90,      1.90,      1.90,      1.90,0,0,0,1,1,1,U2 
H4,840,2016,091099,     13.30,      0.00,      4.80,      1.66,0,4,0,4,8,8,U2 
H4,840,2016,100111,      2.08,      2.08,      2.08,      2.08,0,0,1,0,1,1,U2 
H4,840,2016,100119,      1.96,      1.96,      1.96,      1.96,0,0,1,0,1,1,U2 
H4,840,2016,100191,      2.80,      2.80,      2.80,      2.80,0,0,0,1,1,1,U2 
H4,840,2016,100199,      1.44,      1.44,      1.44,      1.44,0,0,1,0,1,1,U2 
H4,840,2016,100210,      0.00,      0.00,      0.00,      0.00,0,1,0,0,1,1,U2 
H4,840,2016,100290,      0.00,      0.00,      0.00,      0.00,0,1,0,0,1,1,U2 
H4,840,2016,100310,      0.38,      0.38,      0.38,      0.38,0,0,1,0,1,1,U2 
H4,840,2016,100390,      1.02,      0.41,      0.61,      0.51,0,0,2,0,2,2,U2 
H4,840,2016,100410,      0.00,      0.00,      0.00,      0.00,0,1,0,0,1,1,U2 
H4,840,2016,100490,      0.00,      0.00,      0.00,      0.00,0,1,0,0,1,1,U2 
H4,840,2016,100510,      0.00,      0.00,      0.00,      0.00,0,1,0,0,1,1,U2 
H4,840,2016,100590,      1.39,      0.23,      1.16,      0.70,0,0,2,0,2,2,U2 
H4,840,2016,100610,      3.99,      3.99,      3.99,      3.99,0,0,1,0,1,1,U2 
H4,840,2016,100620,      3.95,      1.12,      2.83,      1.98,0,0,2,0,2,2,U2 
H4,840,2016,100630,     13.15,      1.95,     11.20,      6.57,0,0,1,1,2,2,U2 
H4,840,2016,100640,      1.11,      1.11,      1.11,      1.11,0,0,1,0,1,1,U2 
H4,840,2016,100710,      0.36,      0.36,      0.36,      0.36,0,0,1,0,1,1,U2 
H4,840,2016,100790,      0.86,      0.86,      0.86,      0.86,0,0,1,0,1,1,U2 
H4,840,2016,100810,      0.00,      0.00,      0.00,      0.00,0,1,0,0,1,1,U2 
H4,840,2016,100821,      0.59,      0.59,      0.59,      0.59,0,0,1,0,1,1,U2 
H4,840,2016,100829,      0.65,      0.65,      0.65,      0.65,0,0,1,0,1,1,U2 
H4,840,2016,100830,      0.18,      0.18,      0.18,      0.18,0,0,1,0,1,1,U2 
H4,840,2016,100840,      1.10,      1.10,      1.10,      1.10,0,0,0,1,1,1,U2 
H4,840,2016,100850,      1.10,      1.10,      1.10,      1.10,0,0,0,1,1,1,U2 
H4,840,2016,100860,      1.10,      1.10,      1.10,      1.10,0,0,0,1,1,1,U2 
H4,840,2016,100890,      1.10,      1.10,      1.10,      1.10,0,0,0,1,1,1,U2 
H4,840,2016,110100,      1.53,      1.53,      1.53,      1.53,0,0,1,0,1,1,U2 
H4,840,2016,110220,      0.55,      0.55,      0.55,      0.55,0,0,1,0,1,1,U2 
H4,840,2016,110290,     22.26,      0.00,     12.80,      4.45,0,1,2,2,5,5,U2 
H4,840,2016,110311,      0.98,      0.98,      0.98,      0.98,0,0,1,0,1,1,U2 
H4,840,2016,110313,      0.83,      0.83,      0.83,      0.83,0,0,1,0,1,1,U2 
H4,840,2016,110319,     10.65,      0.17,      9.00,      3.55,0,0,2,1,3,3,U2 
H4,840,2016,110320,      0.00,      0.00,      0.00,      0.00,0,1,0,0,1,1,U2 
H4,840,2016,110412,      1.43,      1.43,      1.43,      1.43,0,0,1,0,1,1,U2 
H4,840,2016,110419,      5.97,      1.10,      4.87,      2.98,0,0,2,0,2,2,U2 
H4,840,2016,110422,      0.50,      0.50,      0.50,      0.50,0,0,0,1,1,1,U2 
H4,840,2016,110423,      1.05,      1.05,      1.05,      1.05,0,0,1,0,1,1,U2 
H4,840,2016,110429,      3.90,      1.20,      2.70,      1.95,0,0,0,2,2,2,U2 
H4,840,2016,110430,      4.50,      4.50,      4.50,      4.50,0,0,0,1,1,1,U2 
H4,840,2016,110510,      1.60,      1.60,      1.60,      1.60,0,0,1,0,1,1,U2 
H4,840,2016,110520,      1.02,      1.02,      1.02,      1.02,0,0,1,0,1,1,U2 
H4,840,2016,110610,      8.30,      8.30,      8.30,      8.30,0,0,0,1,1,1,U2 
H4,840,2016,110620,      8.30,      0.00,      8.30,      4.15,0,1,0,1,2,2,U2 
H4,840,2016,110630,     12.40,      2.80,      9.60,      6.20,0,0,0,2,2,2,U2 
H4,840,2016,110710,      0.57,      0.57,      0.57,      0.57,0,0,1,0,1,1,U2 
H4,840,2016,110720,      0.54,      0.54,      0.54,      0.54,0,0,1,0,1,1,U2 
H4,840,2016,110811,      1.34,      1.34,      1.34,      1.34,0,0,1,0,1,1,U2 
H4,840,2016,110812,      0.92,      0.92,      0.92,      0.92,0,0,1,0,1,1,U2 
H4,840,2016,110813,      0.77,      0.77,      0.77,      0.77,0,0,1,0,1,1,U2 
H4,840,2016,110814,      0.00,      0.00,      0.00,      0.00,0,1,0,0,1,1,U2 
H4,840,2016,110819,      0.00,      0.00,      0.00,      0.00,0,1,0,0,1,1,U2 
H4,840,2016,110820,      2.60,      2.60,      2.60,      2.60,0,0,0,1,1,1,U2 
H4,840,2016,110900,      8.60,      1.80,      6.80,      4.30,0,0,0,2,2,2,U2 
H4,840,2016,120110,      0.00,      0.00,      0.00,      0.00,0,1,0,0,1,1,U2 
H4,840,2016,120190,      0.00,      0.00,      0.00,      0.00,0,1,0,0,1,1,U2 
H4,840,2016,120230,    140.81,      4.51,    131.80,     46.94,0,0,2,1,3,3,U2 
H4,840,2016,120241,    179.98,      8.09,    163.80,     59.99,0,0,2,1,3,3,U2 
H4,840,2016,120242,    141.35,      4.78,    131.80,     47.12,0,0,2,1,3,3,U2 
H4,840,2016,120300,      0.00,      0.00,      0.00,      0.00,0,1,0,0,1,1,U2 
H4,840,2016,120400,      0.68,      0.68,      0.68,      0.68,0,0,1,0,1,1,U2 
H4,840,2016,120510,      1.24,      1.24,      1.24,      1.24,0,0,1,0,1,1,U2 
H4,840,2016,120590,      1.37,      1.37,      1.37,      1.37,0,0,1,0,1,1,U2 
H4,840,2016,120600,      0.00,      0.00,      0.00,      0.00,0,1,0,0,1,1,U2 
H4,840,2016,120710,      0.00,      0.00,      0.00,      0.00,0,1,0,0,1,1,U2 
H4,840,2016,120721,      0.50,      0.50,      0.50,      0.50,0,0,1,0,1,1,U2 
H4,840,2016,120729,      1.32,      1.32,      1.32,      1.32,0,0,1,0,1,1,U2 
H4,840,2016,120730,      0.00,      0.00,      0.00,      0.00,0,1,0,0,1,1,U2 
H4,840,2016,120740,      0.00,      0.00,      0.00,      0.00,0,1,0,0,1,1,U2 
H4,840,2016,120750,      0.00,      0.00,      0.00,      0.00,0,1,0,0,1,1,U2 
H4,840,2016,120760,      0.00,      0.00,      0.00,      0.00,0,1,0,0,1,1,U2 
H4,840,2016,120770,      0.16,      0.16,      0.16,      0.16,0,0,1,0,1,1,U2 
H4,840,2016,120791,      0.02,      0.02,      0.02,      0.02,0,0,1,0,1,1,U2 
H4,840,2016,120799,      0.00,      0.00,      0.00,      0.00,0,1,0,0,1,1,U2 
H4,840,2016,120810,      1.90,      1.90,      1.90,      1.90,0,0,0,1,1,1,U2 
H4,840,2016,120890,      1.40,      1.40,      1.40,      1.40,0,0,0,1,1,1,U2 
H4,840,2016,120910,      0.00,      0.00,      0.00,      0.00,0,1,0,0,1,1,U2 
H4,840,2016,120921,      0.38,      0.38,      0.38,      0.38,0,0,1,0,1,1,U2 
H4,840,2016,120922,      0.59,      0.00,      0.59,      0.30,0,1,1,0,2,2,U2 
H4,840,2016,120923,      0.00,      0.00,      0.00,      0.00,0,1,0,0,1,1,U2 
H4,840,2016,120924,      0.34,      0.34,      0.34,      0.34,0,0,1,0,1,1,U2 
H4,840,2016,120925,      0.82,      0.82,      0.82,      0.82,0,0,1,0,1,1,U2 
H4,840,2016,120929,      0.00,      0.00,      0.00,      0.00,0,2,0,0,2,2,U2 
H4,840,2016,120930,      0.02,      0.02,      0.02,      0.02,0,0,1,0,1,1,U2 
H4,840,2016,120991,      0.30,      0.00,      0.22,      0.05,0,3,3,0,6,6,U2 
H4,840,2016,120999,      0.12,      0.00,      0.12,      0.06,0,1,1,0,2,2,U2 
H4,840,2016,121010,      1.47,      1.47,      1.47,      1.47,0,0,1,0,1,1,U2 
H4,840,2016,121020,      1.28,      1.28,      1.28,      1.28,0,0,1,0,1,1,U2 
H4,840,2016,121120,      0.00,      0.00,      0.00,      0.00,0,1,0,0,1,1,U2 
H4,840,2016,121130,      0.00,      0.00,      0.00,      0.00,0,1,0,0,1,1,U2 
H4,840,2016,121140,      0.00,      0.00,      0.00,      0.00,0,1,0,0,1,1,U2 
H4,840,2016,121190,      6.37,      0.00,      4.80,      1.59,0,2,1,1,4,4,U2 
H4,840,2016,121221,      0.00,      0.00,      0.00,      0.00,0,1,0,0,1,1,U2 
H4,840,2016,121229,      0.00,      0.00,      0.00,      0.00,0,1,0,0,1,1,U2 
H4,840,2016,121291,      0.49,      0.49,      0.49,      0.49,0,0,1,0,1,1,U2 
H4,840,2016,121292,      0.00,      0.00,      0.00,      0.00,0,1,0,0,1,1,U2 
H4,840,2016,121293,      1.83,      1.83,      1.83,      1.83,0,0,1,0,1,1,U2 
H4,840,2016,121294,      0.00,      0.00,      0.00,      0.00,0,1,0,0,1,1,U2 
H4,840,2016,121299,      1.58,      0.00,      1.58,      0.53,0,2,1,0,3,3,U2 
H4,840,2016,121300,      0.00,      0.00,      0.00,      0.00,0,1,0,0,1,1,U2 
H4,840,2016,121410,      1.40,      1.40,      1.40,      1.40,0,0,0,1,1,1,U2 
H4,840,2016,121490,      0.00,      0.00,      0.00,      0.00,0,1,0,0,1,1,U2 
H4,840,2016,130120,      0.00,      0.00,      0.00,      0.00,0,1,0,0,1,1,U2 
H4,840,2016,130190,      1.30,      0.00,      1.30,      0.65,0,1,0,1,2,2,U2 
H4,840,2016,130211,      0.00,      0.00,      0.00,      0.00,0,1,0,0,1,1,U2 
H4,840,2016,130212,      3.80,      3.80,      3.80,      3.80,0,0,0,1,1,1,U2 
H4,840,2016,130213,      3.47,      3.47,      3.47,      3.47,0,0,1,0,1,1,U2 
H4,840,2016,130219,      1.00,      0.00,      1.00,      0.33,0,2,0,1,3,3,U2 
H4,840,2016,130220,      0.00,      0.00,      0.00,      0.00,0,1,0,0,1,1,U2 
H4,840,2016,130231,      0.00,      0.00,      0.00,      0.00,0,1,0,0,1,1,U2 
H4,840,2016,130232,      0.00,      0.00,      0.00,      0.00,0,1,0,0,1,1,U2 
H4,840,2016,130239,      3.20,      3.20,      3.20,      3.20,0,0,0,1,1,1,U2 
H4,840,2016,140110,      0.00,      0.00,      0.00,      0.00,0,1,0,0,1,1,U2 
H4,840,2016,140120,      2.00,      0.00,      2.00,      1.00,0,1,0,1,2,2,U2 
H4,840,2016,140190,      7.60,      3.20,      4.40,      3.80,0,0,0,2,2,2,U2 
H4,840,2016,140420,      0.00,      0.00,      0.00,      0.00,0,1,0,0,1,1,U2 
H4,840,2016,140490,      5.40,      0.00,      2.30,      1.08,0,2,2,1,5,5,U2 
H4,840,2016,150110,      4.01,      4.01,      4.01,      4.01,0,0,1,0,1,1,U2 
H4,840,2016,150120,      4.63,      4.63,      4.63,      4.63,0,0,1,0,1,1,U2 
H4,840,2016,150190,      3.49,      3.49,      3.49,      3.49,0,0,1,0,1,1,U2 
H4,840,2016,150210,      0.62,      0.62,      0.62,      0.62,0,0,1,0,1,1,U2 
H4,840,2016,150290,      0.56,      0.56,      0.56,      0.56,0,0,1,0,1,1,U2 
H4,840,2016,150300,      2.20,      2.20,      2.20,      2.20,0,0,1,0,1,1,U2 
H4,840,2016,150410,      2.50,      0.00,      2.50,      1.25,0,1,0,1,2,2,U2 
H4,840,2016,150420,      6.15,      0.00,      5.69,      2.05,0,1,2,0,3,3,U2 
H4,840,2016,150430,      5.34,      5.34,      5.34,      5.34,0,0,1,0,1,1,U2 
H4,840,2016,150500,      2.61,      0.21,      2.40,      1.30,0,0,1,1,2,2,U2 
H4,840,2016,150600,      2.30,      2.30,      2.30,      2.30,0,0,0,1,1,1,U2 
H4,840,2016,150710,     19.10,     19.10,     19.10,     19.10,0,0,0,1,1,1,U2 
H4,840,2016,150790,     19.10,      0.00,     19.10,      9.55,0,1,0,1,2,2,U2 
H4,840,2016,150810,      5.69,      5.69,      5.69,      5.69,0,0,1,0,1,1,U2 
H4,840,2016,150890,      4.04,      4.04,      4.04,      4.04,0,0,1,0,1,1,U2 
H4,840,2016,150910,      2.16,      0.87,      1.28,      1.08,0,0,2,0,2,2,U2 
H4,840,2016,150990,      2.40,      0.97,      1.43,      1.20,0,0,2,0,2,2,U2 
H4,840,2016,151000,      5.01,      0.00,      2.98,      1.67,0,1,2,0,3,3,U2 
H4,840,2016,151110,      0.00,      0.00,      0.00,      0.00,0,1,0,0,1,1,U2 
H4,840,2016,151190,      0.00,      0.00,      0.00,      0.00,0,1,0,0,1,1,U2 
H4,840,2016,151211,      5.10,      5.10,      5.10,      5.10,0,0,1,0,1,1,U2 
H4,840,2016,151219,      4.81,      4.81,      4.81,      4.81,0,0,1,0,1,1,U2 
H4,840,2016,151221,      4.10,      4.10,      4.10,      4.10,0,0,1,0,1,1,U2 
H4,840,2016,151229,      4.81,      4.81,      4.81,      4.81,0,0,1,0,1,1,U2 
H4,840,2016,151311,      0.00,      0.00,      0.00,      0.00,0,1,0,0,1,1,U2 
H4,840,2016,151319,      0.00,      0.00,      0.00,      0.00,0,1,0,0,1,1,U2 
H4,840,2016,151321,      0.00,      0.00,      0.00,      0.00,0,1,0,0,1,1,U2 
H4,840,2016,151329,      0.00,      0.00,      0.00,      0.00,0,1,0,0,1,1,U2 
H4,840,2016,151411,      6.40,      6.40,      6.40,      6.40,0,0,0,1,1,1,U2 
H4,840,2016,151419,      6.40,      6.40,      6.40,      6.40,0,0,0,1,1,1,U2 
H4,840,2016,151491,      6.40,      0.00,      6.40,      3.20,0,1,0,1,2,2,U2 
H4,840,2016,151499,      7.48,      0.00,      6.40,      2.49,0,1,1,1,3,3,U2 
H4,840,2016,151511,      5.02,      5.02,      5.02,      5.02,0,0,1,0,1,1,U2 
H4,840,2016,151519,      4.85,      4.85,      4.85,      4.85,0,0,1,0,1,1,U2 
H4,840,2016,151521,      3.40,      3.40,      3.40,      3.40,0,0,0,1,1,1,U2 
H4,840,2016,151529,      3.40,      3.40,      3.40,      3.40,0,0,0,1,1,1,U2 
H4,840,2016,151530,      0.00,      0.00,      0.00,      0.00,0,1,0,0,1,1,U2 
H4,840,2016,151550,      0.15,      0.15,      0.15,      0.15,0,0,1,0,1,1,U2 
H4,840,2016,151590,      5.50,      0.00,      3.20,      1.83,0,1,0,2,3,3,U2 
H4,840,2016,151610,      2.10,      2.10,      2.10,      2.10,0,0,1,0,1,1,U2 
H4,840,2016,151620,     13.83,      6.13,      7.70,      6.92,0,0,1,1,2,2,U2 
H4,840,2016,151710,      8.46,      8.46,      8.46,      8.46,0,0,1,0,1,1,U2 
H4,840,2016,151790,     67.82,      5.66,     22.01,     11.30,0,0,4,2,6,6,U2 
H4,840,2016,151800,     16.41,      8.00,      8.41,      8.20,0,0,1,1,2,2,U2 
H4,840,2016,152000,      0.00,      0.00,      0.00,      0.00,0,1,0,0,1,1,U2 
H4,840,2016,152110,      0.00,      0.00,      0.00,      0.00,0,1,0,0,1,1,U2 
H4,840,2016,152190,      4.80,      0.00,      4.80,      2.40,0,1,0,1,2,2,U2 
H4,840,2016,152200,      3.80,      3.80,      3.80,      3.80,0,0,0,1,1,1,U2 
H4,840,2016,160100,      6.76,      0.16,      3.40,      2.25,0,0,1,2,3,3,U2 
H4,840,2016,160210,      1.90,      1.90,      1.90,      1.90,0,0,0,1,1,1,U2 
H4,840,2016,160220,      4.18,      0.98,      3.20,      2.09,0,0,1,1,2,2,U2 
H4,840,2016,160231,      6.40,      6.40,      6.40,      6.40,0,0,0,1,1,1,U2 
H4,840,2016,160232,      6.40,      6.40,      6.40,      6.40,0,0,0,1,1,1,U2 
H4,840,2016,160239,      6.40,      6.40,      6.40,      6.40,0,0,0,1,1,1,U2 
H4,840,2016,160241,      7.60,      0.25,      6.40,      2.53,0,0,2,1,3,3,U2 
H4,840,2016,160242,      1.68,      0.42,      1.26,      0.84,0,0,2,0,2,2,U2 
H4,840,2016,160249,     13.89,      0.27,      6.40,      2.78,0,0,2,3,5,5,U2 
H4,840,2016,160250,     12.50,      0.00,      4.50,      2.08,0,1,0,5,6,6,U2 
H4,840,2016,160290,      9.10,      2.70,      6.40,      4.55,0,0,0,2,2,2,U2 
H4,840,2016,160300,      8.50,      0.00,      8.50,      4.25,0,1,0,1,2,2,U2 
H4,840,2016,160411,      6.00,      0.00,      6.00,      3.00,0,1,0,1,2,2,U2 
H4,840,2016,160412,      4.00,      0.00,      4.00,      1.33,0,2,0,1,3,3,U2 
H4,840,2016,160413,     38.10,      0.00,     20.00,      7.62,0,2,0,3,5,5,U2 
H4,840,2016,160414,     70.63,      0.23,     35.00,     10.09,0,0,1,6,7,7,U2 
H4,840,2016,160415,      3.00,      3.00,      3.00,      3.00,0,0,0,1,1,1,U2 
H4,840,2016,160416,      5.00,      0.00,      5.00,      1.67,0,2,0,1,3,3,U2 
H4,840,2016,160417,     27.50,      0.00,     10.00,      5.50,0,1,0,4,5,5,U2 
H4,840,2016,160419,     40.50,      0.00,     10.00,      5.06,0,1,0,7,8,8,U2 
H4,840,2016,160420,     27.50,      0.00,     10.00,      3.06,0,6,0,3,9,9,U2 
H4,840,2016,160431,     15.00,     15.00,     15.00,     15.00,0,0,0,1,1,1,U2 
H4,840,2016,160432,      0.00,      0.00,      0.00,      0.00,0,2,0,0,2,2,U2 
H4,840,2016,160510,     15.00,      0.00,     10.00,      3.75,0,2,0,2,4,4,U2 
H4,840,2016,160521,      5.00,      0.00,      5.00,      2.50,0,1,0,1,2,2,U2 
H4,840,2016,160529,      5.00,      0.00,      5.00,      2.50,0,1,0,1,2,2,U2 
H4,840,2016,160530,     10.00,      0.00,     10.00,      5.00,0,1,0,1,2,2,U2 
H4,840,2016,160540,      0.00,      0.00,      0.00,      0.00,0,2,0,0,2,2,U2 
H4,840,2016,160551,      4.70,      0.00,      4.70,      1.57,0,2,0,1,3,3,U2 
H4,840,2016,160552,      0.00,      0.00,      0.00,      0.00,0,2,0,0,2,2,U2 
H4,840,2016,160553,      0.00,      0.00,      0.00,      0.00,0,2,0,0,2,2,U2 
H4,840,2016,160554,      0.00,      0.00,      0.00,      0.00,0,2,0,0,2,2,U2 
H4,840,2016,160555,      0.00,      0.00,      0.00,      0.00,0,2,0,0,2,2,U2 
H4,840,2016,160556,     10.00,      0.00,     10.00,      1.67,0,5,0,1,6,6,U2 
H4,840,2016,160557,      0.00,      0.00,      0.00,      0.00,0,2,0,0,2,2,U2 
H4,840,2016,160558,      5.00,      0.00,      5.00,      2.50,0,1,0,1,2,2,U2 
H4,840,2016,160559,      0.00,      0.00,      0.00,      0.00,0,2,0,0,2,2,U2 
H4,840,2016,160561,      0.00,      0.00,      0.00,      0.00,0,1,0,0,1,1,U2 
H4,840,2016,160562,      0.00,      0.00,      0.00,      0.00,0,1,0,0,1,1,U2 
H4,840,2016,160563,      0.00,      0.00,      0.00,      0.00,0,1,0,0,1,1,U2 
H4,840,2016,160569,      0.00,      0.00,      0.00,      0.00,0,1,0,0,1,1,U2 
H4,840,2016,170112,     58.71,     58.71,     58.71,     58.71,2,0,1,0,1,3,U2 
H4,840,2016,170113,     35.54,     35.54,     35.54,     35.54,3,0,1,0,1,4,U2 
H4,840,2016,170114,     78.90,     78.90,     78.90,     78.90,3,0,1,0,1,4,U2 
H4,840,2016,170191,    105.11,      5.10,     26.65,     13.14,2,0,3,5,8,10,U2 
H4,840,2016,170199,     59.18,     59.18,     59.18,     59.18,2,0,1,0,1,3,U2 
H4,840,2016,170211,      6.40,      6.40,      6.40,      6.40,0,0,0,1,1,1,U2 
H4,840,2016,170219,      6.40,      6.40,      6.40,      6.40,0,0,0,1,1,1,U2 
H4,840,2016,170220,     19.76,      0.00,      7.76,      4.94,0,1,1,2,4,4,U2 
H4,840,2016,170230,     55.03,      4.37,     38.66,     13.76,0,0,2,2,4,4,U2 
H4,840,2016,170240,    105.15,      5.10,     88.05,     26.29,0,0,1,3,4,4,U2 
H4,840,2016,170250,      9.60,      9.60,      9.60,      9.60,0,0,0,1,1,1,U2 
H4,840,2016,170260,     68.81,      5.10,     51.71,     17.20,0,0,1,3,4,4,U2 
H4,840,2016,170290,    143.54,      3.64,     38.81,     15.95,2,0,5,4,9,11,U2 
H4,840,2016,170310,      0.05,      0.05,      0.05,      0.05,1,0,1,0,1,2,U2 
H4,840,2016,170390,      0.06,      0.06,      0.06,      0.06,1,0,1,0,1,2,U2 
H4,840,2016,170410,      4.00,      4.00,      4.00,      4.00,0,0,0,1,1,1,U2 
H4,840,2016,170490,    135.45,      0.00,     22.05,     12.31,0,1,3,7,11,11,U2 
H4,840,2016,180100,      0.00,      0.00,      0.00,      0.00,0,1,0,0,1,1,U2 
H4,840,2016,180200,      0.00,      0.00,      0.00,      0.00,0,1,0,0,1,1,U2 
H4,840,2016,180310,      0.00,      0.00,      0.00,      0.00,0,1,0,0,1,1,U2 
H4,840,2016,180320,      0.09,      0.09,      0.09,      0.09,0,0,1,0,1,1,U2 
H4,840,2016,180400,      0.00,      0.00,      0.00,      0.00,0,1,0,0,1,1,U2 
H4,840,2016,180500,      0.19,      0.19,      0.19,      0.19,0,0,1,0,1,1,U2 
H4,840,2016,180610,    148.37,      0.00,     19.02,     11.41,0,2,5,6,13,13,U2 
H4,840,2016,180620,    356.30,      0.00,     24.79,     12.73,0,1,12,15,28,28,U2 
H4,840,2016,180631,      5.60,      5.60,      5.60,      5.60,0,0,0,1,1,1,U2 
H4,840,2016,180632,    113.45,      4.30,     14.79,      8.73,0,0,6,7,13,13,U2 
H4,840,2016,180690,    151.68,      3.50,     15.29,      8.92,0,0,9,8,17,17,U2 
H4,840,2016,190110,    250.88,     14.90,     29.02,     20.91,0,0,4,8,12,12,U2 
H4,840,2016,190120,    277.05,      8.50,     30.01,     17.32,0,0,6,10,16,16,U2 
H4,840,2016,190190,    356.08,      0.00,     58.79,     17.80,1,1,6,13,20,21,U2 
H4,840,2016,190211,      6.40,      0.00,      6.40,      3.20,0,1,0,1,2,2,U2 
H4,840,2016,190219,      6.40,      0.00,      6.40,      3.20,0,1,0,1,2,2,U2 
H4,840,2016,190220,      6.40,      6.40,      6.40,      6.40,0,0,0,1,1,1,U2 
H4,840,2016,190230,      6.40,      6.40,      6.40,      6.40,0,0,0,1,1,1,U2 
H4,840,2016,190240,      6.40,      6.40,      6.40,      6.40,0,0,0,1,1,1,U2 
H4,840,2016,190300,      0.70,      0.00,      0.70,      0.35,0,1,1,0,2,2,U2 
H4,840,2016,190410,      1.10,      1.10,      1.10,      1.10,0,0,0,1,1,1,U2 
H4,840,2016,190420,     20.50,      5.60,     14.90,     10.25,0,0,0,2,2,2,U2 
H4,840,2016,190430,     14.00,     14.00,     14.00,     14.00,0,0,0,1,1,1,U2 
H4,840,2016,190490,     14.00,     14.00,     14.00,     14.00,0,0,0,1,1,1,U2 
H4,840,2016,190510,      0.00,      0.00,      0.00,      0.00,0,1,0,0,1,1,U2 
H4,840,2016,190520,      0.00,      0.00,      0.00,      0.00,0,1,0,0,1,1,U2 
H4,840,2016,190531,      0.00,      0.00,      0.00,      0.00,0,1,0,0,1,1,U2 
H4,840,2016,190532,      0.00,      0.00,      0.00,      0.00,0,1,0,0,1,1,U2 
H4,840,2016,190540,      0.00,      0.00,      0.00,      0.00,0,1,0,0,1,1,U2 
H4,840,2016,190590,      4.50,      0.00,      4.50,      2.25,0,1,0,1,2,2,U2 
H4,840,2016,200110,      9.60,      9.60,      9.60,      9.60,0,0,0,1,1,1,U2 
H4,840,2016,200190,     92.45,      0.88,     14.00,      7.11,0,0,3,10,13,13,U2 
H4,840,2016,200210,     12.50,     12.50,     12.50,     12.50,0,0,0,1,1,1,U2 
H4,840,2016,200290,     23.20,     11.60,     11.60,     11.60,0,0,0,2,2,2,U2 
H4,840,2016,200310,     11.48,     11.48,     11.48,     11.48,0,0,1,0,1,1,U2 
H4,840,2016,200390,     10.61,      0.00,     10.61,      5.31,0,1,1,0,2,2,U2 
H4,840,2016,200410,     14.40,      6.40,      8.00,      7.20,0,0,0,2,2,2,U2 
H4,840,2016,200490,     15.42,      1.02,     11.20,      5.14,0,0,1,2,3,3,U2 
H4,840,2016,200510,     11.20,     11.20,     11.20,     11.20,0,0,0,1,1,1,U2 
H4,840,2016,200520,      6.40,      6.40,      6.40,      6.40,0,0,0,1,1,1,U2 
H4,840,2016,200540,      0.00,      0.00,      0.00,      0.00,0,1,0,0,1,1,U2 
H4,840,2016,200551,      3.36,      1.40,      1.96,      1.68,0,0,2,0,2,2,U2 
H4,840,2016,200559,      1.20,      1.20,      1.20,      1.20,0,0,1,0,1,1,U2 
H4,840,2016,200560,     14.90,     14.90,     14.90,     14.90,0,0,0,1,1,1,U2 
H4,840,2016,200570,     50.92,      1.80,      4.91,      3.18,0,0,16,0,16,16,U2 
H4,840,2016,200580,      5.60,      5.60,      5.60,      5.60,0,0,0,1,1,1,U2 
H4,840,2016,200591,     11.20,      0.00,     11.20,      5.60,0,1,0,1,2,2,U2 
H4,840,2016,200599,     65.28,      0.00,     14.90,      7.25,0,1,1,7,9,9,U2 
H4,840,2016,200600,     55.56,      1.76,     16.00,      7.94,0,0,2,5,7,7,U2 
H4,840,2016,200710,     12.00,     12.00,     12.00,     12.00,0,0,0,1,1,1,U2 
H4,840,2016,200791,     19.20,      3.50,     11.20,      6.40,0,0,0,3,3,3,U2 
H4,840,2016,200799,     83.90,      0.00,     14.00,      5.24,0,1,0,15,16,16,U2 
H4,840,2016,200811,    405.60,      0.00,    131.80,     45.07,0,2,4,3,9,9,U2 
H4,840,2016,200819,     56.38,      0.00,     22.40,      6.26,0,1,4,4,9,9,U2 
H4,840,2016,200820,      0.27,      0.27,      0.27,      0.27,0,0,1,0,1,1,U2 
H4,840,2016,200830,     76.53,      0.00,     14.00,      4.78,0,1,10,5,16,16,U2 
H4,840,2016,200840,     15.30,     15.30,     15.30,     15.30,0,0,0,1,1,1,U2 
H4,840,2016,200850,     39.80,     10.00,     29.80,     19.90,0,0,0,2,2,2,U2 
H4,840,2016,200860,      7.89,      7.89,      7.89,      7.89,0,0,1,0,1,1,U2 
H4,840,2016,200870,     33.00,     16.00,     17.00,     16.50,0,0,0,2,2,2,U2 
H4,840,2016,200880,     11.90,     11.90,     11.90,     11.90,0,0,0,1,1,1,U2 
H4,840,2016,200891,      0.90,      0.90,      0.90,      0.90,0,0,0,1,1,1,U2 
H4,840,2016,200893,      4.50,      4.50,      4.50,      4.50,0,0,0,1,1,1,U2 
H4,840,2016,200897,     20.50,      5.60,     14.90,     10.25,0,0,0,2,2,2,U2 
H4,840,2016,200899,    134.60,      0.00,     22.40,      5.85,0,2,3,18,23,23,U2 
H4,840,2016,200911,,,,,1,0,0,0,0,1,U2 
H4,840,2016,200912,,,,,2,0,0,0,0,2,U2 
H4,840,2016,200919,,,,,1,0,0,0,0,1,U2 
H4,840,2016,200921,,,,,2,0,0,0,0,2,U2 
H4,840,2016,200929,,,,,1,0,0,0,0,1,U2 
H4,840,2016,200931,      1.33,      1.33,      1.33,      1.33,3,0,1,0,1,4,U2 
H4,840,2016,200939,      0.60,      0.60,      0.60,      0.60,2,0,1,0,1,3,U2 
H4,840,2016,200941,,,,,2,0,0,0,0,2,U2 
H4,840,2016,200949,,,,,2,0,0,0,0,2,U2 
H4,840,2016,200950,,,,,1,0,0,0,0,1,U2 
H4,840,2016,200961,,,,,1,0,0,0,0,1,U2 
H4,840,2016,200969,,,,,1,0,0,0,0,1,U2 
H4,840,2016,200971,      0.00,      0.00,      0.00,      0.00,0,1,0,0,1,1,U2 
H4,840,2016,200979,      0.00,      0.00,      0.00,      0.00,0,1,0,0,1,1,U2 
H4,840,2016,200981,,,,,1,0,0,0,0,1,U2 
H4,840,2016,200989,      0.00,      0.00,      0.00,      0.00,3,1,0,0,1,4,U2 
H4,840,2016,200990,,,,,2,0,0,0,0,2,U2 
H4,840,2016,210111,      0.00,      0.00,      0.00,      0.00,0,2,0,0,2,2,U2 
H4,840,2016,210112,     89.40,      8.50,     13.63,     11.17,0,0,3,5,8,8,U2 
H4,840,2016,210120,     95.86,      0.00,     15.79,     10.65,0,1,3,5,9,9,U2 
H4,840,2016,210130,      0.64,      0.64,      0.64,      0.64,0,0,1,0,1,1,U2 
H4,840,2016,210210,      6.40,      6.40,      6.40,      6.40,0,0,0,1,1,1,U2 
H4,840,2016,210220,      9.60,      0.00,      6.40,      3.20,0,1,0,2,3,3,U2 
H4,840,2016,210230,      0.00,      0.00,      0.00,      0.00,0,1,0,0,1,1,U2 
H4,840,2016,210310,      3.00,      3.00,      3.00,      3.00,0,0,0,1,1,1,U2 
H4,840,2016,210320,     17.60,      6.00,     11.60,      8.80,0,0,0,2,2,2,U2 
H4,840,2016,210330,      1.69,      0.00,      1.69,      0.85,0,1,1,0,2,2,U2 
H4,840,2016,210390,     50.03,      0.00,     19.03,      7.15,0,1,1,5,7,7,U2 
H4,840,2016,210410,      3.20,      3.20,      3.20,      3.20,0,0,0,1,1,1,U2 
H4,840,2016,210420,      2.50,      2.50,      2.50,      2.50,0,0,0,1,1,1,U2 
H4,840,2016,210500,    166.68,     17.00,     34.84,     23.81,0,0,2,5,7,7,U2 
H4,840,2016,210610,      6.40,      6.40,      6.40,      6.40,0,0,0,1,1,1,U2 
H4,840,2016,210690,    418.41,      0.00,     43.24,     10.73,3,1,25,13,39,42,U2 
H4,840,2016,220110,      0.83,      0.83,      0.83,      0.83,0,0,1,0,1,1,U2 
H4,840,2016,220190,      0.00,      0.00,      0.00,      0.00,0,1,0,0,1,1,U2 
H4,840,2016,220210,      0.21,      0.21,      0.21,      0.21,0,0,1,0,1,1,U2 
H4,840,2016,220290,     95.99,      0.16,     33.86,     13.71,2,0,4,3,7,9,U2 
H4,840,2016,220300,      0.00,      0.00,      0.00,      0.00,0,1,0,0,1,1,U2 
H4,840,2016,220410,      2.43,      2.43,      2.43,      2.43,0,0,1,0,1,1,U2 
H4,840,2016,220421,     12.31,      1.20,      4.46,      2.46,0,0,5,0,5,5,U2 
H4,840,2016,220429,     74.78,      9.35,     24.93,     18.69,0,0,4,0,4,4,U2 
H4,840,2016,220430,     11.08,     11.08,     11.08,     11.08,0,0,1,0,1,1,U2 
H4,840,2016,220510,      3.17,      1.44,      1.73,      1.58,0,0,2,0,2,2,U2 
H4,840,2016,220590,      8.95,      2.73,      3.27,      2.98,0,0,3,0,3,3,U2 
H4,840,2016,220600,     23.57,      0.28,      9.80,      4.71,0,0,5,0,5,5,U2 
H4,840,2016,220710,     13.12,      2.50,     10.62,      6.56,0,0,1,1,2,2,U2 
H4,840,2016,220720,      1.90,      1.90,      1.90,      1.90,0,0,0,1,1,1,U2 
H4,840,2016,220820,      0.00,      0.00,      0.00,      0.00,0,6,0,0,6,6,U2 
H4,840,2016,220830,      0.00,      0.00,      0.00,      0.00,0,2,0,0,2,2,U2 
H4,840,2016,220840,      2.80,      0.00,      1.40,      0.70,0,2,2,0,4,4,U2 
H4,840,2016,220850,      0.00,      0.00,      0.00,      0.00,0,1,0,0,1,1,U2 
H4,840,2016,220860,      0.00,      0.00,      0.00,      0.00,0,3,0,0,3,3,U2 
H4,840,2016,220870,      0.00,      0.00,      0.00,      0.00,0,1,0,0,1,1,U2 
H4,840,2016,220890,      1.24,      0.00,      1.24,      0.07,0,17,1,0,18,18,U2 
H4,840,2016,220900,      0.15,      0.15,      0.15,      0.15,0,0,1,0,1,1,U2 
H4,840,2016,230110,      0.00,      0.00,      0.00,      0.00,0,1,0,0,1,1,U2 
H4,840,2016,230120,      0.00,      0.00,      0.00,      0.00,0,1,0,0,1,1,U2 
H4,840,2016,230210,      0.00,      0.00,      0.00,      0.00,0,1,0,0,1,1,U2 
H4,840,2016,230230,      0.00,      0.00,      0.00,      0.00,0,1,0,0,1,1,U2 
H4,840,2016,230240,      0.00,      0.00,      0.00,      0.00,0,1,0,0,1,1,U2 
H4,840,2016,230250,      1.40,      1.40,      1.40,      1.40,0,0,0,1,1,1,U2 
H4,840,2016,230310,      1.40,      1.40,      1.40,      1.40,0,0,0,1,1,1,U2 
H4,840,2016,230320,      0.00,      0.00,      0.00,      0.00,0,1,0,0,1,1,U2 
H4,840,2016,230330,      0.00,      0.00,      0.00,      0.00,0,1,0,0,1,1,U2 
H4,840,2016,230400,      0.98,      0.98,      0.98,      0.98,0,0,1,0,1,1,U2 
H4,840,2016,230500,      0.71,      0.71,      0.71,      0.71,0,0,1,0,1,1,U2 
H4,840,2016,230610,      0.99,      0.99,      0.99,      0.99,0,0,1,0,1,1,U2 
H4,840,2016,230620,      0.31,      0.31,      0.31,      0.31,0,0,1,0,1,1,U2 
H4,840,2016,230630,      1.75,      1.75,      1.75,      1.75,0,0,1,0,1,1,U2 
H4,840,2016,230641,      0.58,      0.58,      0.58,      0.58,0,0,1,0,1,1,U2 
H4,840,2016,230649,      0.59,      0.59,      0.59,      0.59,0,0,1,0,1,1,U2 
H4,840,2016,230650,      1.99,      1.99,      1.99,      1.99,0,0,1,0,1,1,U2 
H4,840,2016,230660,      2.18,      2.18,      2.18,      2.18,0,0,1,0,1,1,U2 
H4,840,2016,230690,      1.75,      1.75,      1.75,      1.75,0,0,1,0,1,1,U2 
H4,840,2016,230700,      0.00,      0.00,      0.00,      0.00,0,1,0,0,1,1,U2 
H4,840,2016,230800,      4.70,      0.00,      1.90,      1.17,0,1,0,3,4,4,U2 
H4,840,2016,230910,      0.00,      0.00,      0.00,      0.00,0,1,0,0,1,1,U2 
H4,840,2016,230990,    247.33,      0.00,    106.32,     24.73,0,1,2,7,10,10,U2 
H4,840,2016,240110,    363.65,      0.00,    350.00,     40.41,0,5,3,1,9,9,U2 
H4,840,2016,240120,    810.12,      0.00,    350.00,     54.01,0,7,6,2,15,15,U2 
H4,840,2016,240130,    659.76,      0.00,    350.00,     50.75,0,8,4,1,13,13,U2 
H4,840,2016,240210,     13.40,      2.51,      8.38,      4.47,0,0,3,0,3,3,U2 
H4,840,2016,240220,     17.76,      2.50,      8.94,      5.92,0,0,3,0,3,3,U2 
H4,840,2016,240290,      5.41,      5.41,      5.41,      5.41,0,0,1,0,1,1,U2 
H4,840,2016,240311,      3.10,      3.10,      3.10,      3.10,0,0,1,0,1,1,U2 
H4,840,2016,240319,    355.05,      1.68,    350.00,     88.76,0,0,3,1,4,4,U2 
H4,840,2016,240391,    377.25,      5.33,    350.00,     94.31,0,0,3,1,4,4,U2 
H4,840,2016,240399,    355.65,      1.88,    350.00,     88.91,0,0,3,1,4,4,U2 
H4,840,2016,250100,      0.00,      0.00,      0.00,      0.00,0,1,0,0,1,1,U2 
H4,840,2016,250200,      0.00,      0.00,      0.00,      0.00,0,1,0,0,1,1,U2 
H4,840,2016,250300,      0.00,      0.00,      0.00,      0.00,0,1,0,0,1,1,U2 
H4,840,2016,250410,      0.00,      0.00,      0.00,      0.00,0,2,0,0,2,2,U2 
H4,840,2016,250490,      0.00,      0.00,      0.00,      0.00,0,1,0,0,1,1,U2 
H4,840,2016,250510,      0.00,      0.00,      0.00,      0.00,0,2,0,0,2,2,U2 
H4,840,2016,250590,      0.00,      0.00,      0.00,      0.00,0,1,0,0,1,1,U2 
H4,840,2016,250610,      0.00,      0.00,      0.00,      0.00,0,1,0,0,1,1,U2 
H4,840,2016,250620,      0.00,      0.00,      0.00,      0.00,0,1,0,0,1,1,U2 
H4,840,2016,250700,      0.00,      0.00,      0.00,      0.00,0,1,0,0,1,1,U2 
H4,840,2016,250810,      0.00,      0.00,      0.00,      0.00,0,1,0,0,1,1,U2 
H4,840,2016,250830,      0.00,      0.00,      0.00,      0.00,0,1,0,0,1,1,U2 
H4,840,2016,250840,      0.00,      0.00,      0.00,      0.00,0,1,0,0,1,1,U2 
H4,840,2016,250850,      0.00,      0.00,      0.00,      0.00,0,1,0,0,1,1,U2 
H4,840,2016,250860,      0.00,      0.00,      0.00,      0.00,0,1,0,0,1,1,U2 
H4,840,2016,250870,      0.00,      0.00,      0.00,      0.00,0,1,0,0,1,1,U2 
H4,840,2016,250900,      0.00,      0.00,      0.00,      0.00,0,2,0,0,2,2,U2 
H4,840,2016,251010,      0.00,      0.00,      0.00,      0.00,0,1,0,0,1,1,U2 
H4,840,2016,251020,      0.00,      0.00,      0.00,      0.00,0,1,0,0,1,1,U2 
H4,840,2016,251110,      0.62,      0.00,      0.62,      0.31,0,1,1,0,2,2,U2 
H4,840,2016,251120,      0.00,      0.00,      0.00,      0.00,0,1,0,0,1,1,U2 
H4,840,2016,251200,      0.00,      0.00,      0.00,      0.00,0,1,0,0,1,1,U2 
H4,840,2016,251310,      0.00,      0.00,      0.00,      0.00,0,1,0,0,1,1,U2 
H4,840,2016,251320,      0.00,      0.00,      0.00,      0.00,0,2,0,0,2,2,U2 
H4,840,2016,251400,      0.00,      0.00,      0.00,      0.00,0,1,0,0,1,1,U2 
H4,840,2016,251511,      0.00,      0.00,      0.00,      0.00,0,1,0,0,1,1,U2 
H4,840,2016,251512,      3.00,      0.00,      3.00,      1.50,0,1,0,1,2,2,U2 
H4,840,2016,251520,      3.00,      3.00,      3.00,      3.00,0,0,0,1,1,1,U2 
H4,840,2016,251611,      0.00,      0.00,      0.00,      0.00,0,1,0,0,1,1,U2 
H4,840,2016,251612,      2.80,      2.80,      2.80,      2.80,0,0,0,1,1,1,U2 
H4,840,2016,251620,      3.00,      0.00,      3.00,      1.50,0,1,0,1,2,2,U2 
H4,840,2016,251690,      3.00,      3.00,      3.00,      3.00,0,0,0,1,1,1,U2 
H4,840,2016,251710,      0.00,      0.00,      0.00,      0.00,0,1,0,0,1,1,U2 
H4,840,2016,251720,      0.00,      0.00,      0.00,      0.00,0,1,0,0,1,1,U2 
H4,840,2016,251730,      0.00,      0.00,      0.00,      0.00,0,1,0,0,1,1,U2 
H4,840,2016,251741,      0.00,      0.00,      0.00,      0.00,0,1,0,0,1,1,U2 
H4,840,2016,251749,      0.00,      0.00,      0.00,      0.00,0,1,0,0,1,1,U2 
H4,840,2016,251810,      0.00,      0.00,      0.00,      0.00,0,1,0,0,1,1,U2 
H4,840,2016,251820,      3.00,      3.00,      3.00,      3.00,0,0,0,1,1,1,U2 
H4,840,2016,251830,      0.00,      0.00,      0.00,      0.00,0,1,0,0,1,1,U2 
H4,840,2016,251910,      0.00,      0.00,      0.00,      0.00,0,1,0,0,1,1,U2 
H4,840,2016,251990,      0.00,      0.00,      0.00,      0.00,0,3,0,0,3,3,U2 
H4,840,2016,252010,      0.00,      0.00,      0.00,      0.00,0,1,0,0,1,1,U2 
H4,840,2016,252020,      0.00,      0.00,      0.00,      0.00,0,1,0,0,1,1,U2 
H4,840,2016,252100,      0.00,      0.00,      0.00,      0.00,0,1,0,0,1,1,U2 
H4,840,2016,252210,      0.00,      0.00,      0.00,      0.00,0,1,0,0,1,1,U2 
H4,840,2016,252220,      0.00,      0.00,      0.00,      0.00,0,1,0,0,1,1,U2 
H4,840,2016,252230,      0.00,      0.00,      0.00,      0.00,0,1,0,0,1,1,U2 
H4,840,2016,252310,      0.00,      0.00,      0.00,      0.00,0,1,0,0,1,1,U2 
H4,840,2016,252321,      0.00,      0.00,      0.00,      0.00,0,1,0,0,1,1,U2 
H4,840,2016,252329,      0.00,      0.00,      0.00,      0.00,0,1,0,0,1,1,U2 
H4,840,2016,252330,      0.00,      0.00,      0.00,      0.00,0,1,0,0,1,1,U2 
H4,840,2016,252390,      0.00,      0.00,      0.00,      0.00,0,1,0,0,1,1,U2 
H4,840,2016,252410,      0.00,      0.00,      0.00,      0.00,0,1,0,0,1,1,U2 
H4,840,2016,252490,      0.00,      0.00,      0.00,      0.00,0,1,0,0,1,1,U2 
H4,840,2016,252510,      0.00,      0.00,      0.00,      0.00,0,1,0,0,1,1,U2 
H4,840,2016,252520,      0.00,      0.00,      0.00,      0.00,0,1,0,0,1,1,U2 
H4,840,2016,252530,      0.00,      0.00,      0.00,      0.00,0,1,0,0,1,1,U2 
H4,840,2016,252610,      0.00,      0.00,      0.00,      0.00,0,1,0,0,1,1,U2 
H4,840,2016,252620,      0.00,      0.00,      0.00,      0.00,0,1,0,0,1,1,U2 
H4,840,2016,252800,      0.00,      0.00,      0.00,      0.00,0,1,0,0,1,1,U2 
H4,840,2016,252910,      0.00,      0.00,      0.00,      0.00,0,1,0,0,1,1,U2 
H4,840,2016,252921,      0.00,      0.00,      0.00,      0.00,0,1,0,0,1,1,U2 
H4,840,2016,252922,      0.00,      0.00,      0.00,      0.00,0,1,0,0,1,1,U2 
H4,840,2016,252930,      0.00,      0.00,      0.00,      0.00,0,1,0,0,1,1,U2 
H4,840,2016,253010,      0.00,      0.00,      0.00,      0.00,0,1,0,0,1,1,U2 
H4,840,2016,253020,      0.00,      0.00,      0.00,      0.00,0,2,0,0,2,2,U2 
H4,840,2016,253090,      2.90,      0.00,      2.90,      0.97,0,2,0,1,3,3,U2 
H4,840,2016,260111,      0.00,      0.00,      0.00,      0.00,0,1,0,0,1,1,U2 
H4,840,2016,260112,      0.00,      0.00,      0.00,      0.00,0,1,0,0,1,1,U2 
H4,840,2016,260120,      0.00,      0.00,      0.00,      0.00,0,1,0,0,1,1,U2 
H4,840,2016,260200,      0.00,      0.00,      0.00,      0.00,0,1,0,0,1,1,U2 
H4,840,2016,260300,      1.04,      1.04,      1.04,      1.04,0,0,1,0,1,1,U2 
H4,840,2016,260400,      0.00,      0.00,      0.00,      0.00,0,1,0,0,1,1,U2 
H4,840,2016,260500,      0.00,      0.00,      0.00,      0.00,0,1,0,0,1,1,U2 
H4,840,2016,260600,      0.00,      0.00,      0.00,      0.00,0,1,0,0,1,1,U2 
H4,840,2016,260700,      0.58,      0.58,      0.58,      0.58,0,0,1,0,1,1,U2 
H4,840,2016,260800,      0.00,      0.00,      0.00,      0.00,0,1,0,0,1,1,U2 
H4,840,2016,260900,      0.00,      0.00,      0.00,      0.00,0,1,0,0,1,1,U2 
H4,840,2016,261000,      0.00,      0.00,      0.00,      0.00,0,1,0,0,1,1,U2 
H4,840,2016,261100,      2.67,      0.00,      2.67,      1.33,0,1,1,0,2,2,U2 
H4,840,2016,261210,      0.00,      0.00,      0.00,      0.00,0,1,0,0,1,1,U2 
H4,840,2016,261220,      0.00,      0.00,      0.00,      0.00,0,1,0,0,1,1,U2 
H4,840,2016,261310,      2.92,      2.92,      2.92,      2.92,0,0,1,0,1,1,U2 
H4,840,2016,261390,      1.91,      1.91,      1.91,      1.91,0,0,1,0,1,1,U2 
H4,840,2016,261400,      0.00,      0.00,      0.00,      0.00,0,2,0,0,2,2,U2 
H4,840,2016,261510,      0.00,      0.00,      0.00,      0.00,0,1,0,0,1,1,U2 
H4,840,2016,261590,      0.00,      0.00,      0.00,      0.00,0,2,0,0,2,2,U2 
H4,840,2016,261610,      0.28,      0.28,      0.28,      0.28,0,0,1,0,1,1,U2 
H4,840,2016,261690,      0.49,      0.49,      0.49,      0.49,0,0,1,0,1,1,U2 
H4,840,2016,261710,      0.00,      0.00,      0.00,      0.00,0,1,0,0,1,1,U2 
H4,840,2016,261790,      0.00,      0.00,      0.00,      0.00,0,1,0,0,1,1,U2 
H4,840,2016,261800,      0.00,      0.00,      0.00,      0.00,0,1,0,0,1,1,U2 
H4,840,2016,261900,      0.00,      0.00,      0.00,      0.00,0,2,0,0,2,2,U2 
H4,840,2016,262011,      0.00,      0.00,      0.00,      0.00,0,1,0,0,1,1,U2 
H4,840,2016,262019,      2.72,      0.00,      2.72,      1.36,0,1,1,0,2,2,U2 
H4,840,2016,262021,      0.00,      0.00,      0.00,      0.00,0,1,0,0,1,1,U2 
H4,840,2016,262029,      0.00,      0.00,      0.00,      0.00,0,1,0,0,1,1,U2 
H4,840,2016,262030,      0.00,      0.00,      0.00,      0.00,0,1,0,0,1,1,U2 
H4,840,2016,262040,      0.00,      0.00,      0.00,      0.00,0,1,0,0,1,1,U2 
H4,840,2016,262060,      5.00,      0.00,      5.00,      2.50,0,1,0,1,2,2,U2 
H4,840,2016,262091,      0.00,      0.00,      0.00,      0.00,0,1,0,0,1,1,U2 
H4,840,2016,262099,     15.44,      0.00,     15.44,      2.57,0,5,1,0,6,6,U2 
H4,840,2016,262110,      0.00,      0.00,      0.00,      0.00,0,1,0,0,1,1,U2 
H4,840,2016,262190,      0.00,      0.00,      0.00,      0.00,0,1,0,0,1,1,U2 
H4,840,2016,270111,      0.00,      0.00,      0.00,      0.00,0,1,0,0,1,1,U2 
H4,840,2016,270112,      0.00,      0.00,      0.00,      0.00,0,1,0,0,1,1,U2 
H4,840,2016,270119,      0.00,      0.00,      0.00,      0.00,0,1,0,0,1,1,U2 
H4,840,2016,270120,      0.00,      0.00,      0.00,      0.00,0,1,0,0,1,1,U2 
H4,840,2016,270210,      0.00,      0.00,      0.00,      0.00,0,1,0,0,1,1,U2 
H4,840,2016,270220,      0.00,      0.00,      0.00,      0.00,0,1,0,0,1,1,U2 
H4,840,2016,270300,      0.00,      0.00,      0.00,      0.00,0,1,0,0,1,1,U2 
H4,840,2016,270400,      0.00,      0.00,      0.00,      0.00,0,1,0,0,1,1,U2 
H4,840,2016,270500,      0.00,      0.00,      0.00,      0.00,0,1,0,0,1,1,U2 
H4,840,2016,270600,      0.00,      0.00,      0.00,      0.00,0,1,0,0,1,1,U2 
H4,840,2016,270710,      0.00,      0.00,      0.00,      0.00,0,1,0,0,1,1,U2 
H4,840,2016,270720,      0.00,      0.00,      0.00,      0.00,0,1,0,0,1,1,U2 
H4,840,2016,270730,      0.00,      0.00,      0.00,      0.00,0,1,0,0,1,1,U2 
H4,840,2016,270740,      0.00,      0.00,      0.00,      0.00,0,1,0,0,1,1,U2 
H4,840,2016,270750,      0.00,      0.00,      0.00,      0.00,0,1,0,0,1,1,U2 
H4,840,2016,270791,      0.00,      0.00,      0.00,      0.00,0,1,0,0,1,1,U2 
H4,840,2016,270799,     27.88,      0.00,     18.29,      3.98,0,4,3,0,7,7,U2 
H4,840,2016,270810,      0.00,      0.00,      0.00,      0.00,0,1,0,0,1,1,U2 
H4,840,2016,270820,      0.00,      0.00,      0.00,      0.00,0,1,0,0,1,1,U2 
H4,840,2016,270900,,,,,2,0,0,0,0,2,U2 
H4,840,2016,271012,      7.00,      7.00,      7.00,      7.00,4,0,0,1,1,5,U2 
H4,840,2016,271019,     20.55,      5.80,      7.75,      6.85,8,0,1,2,3,11,U2 
H4,840,2016,271020,,,,,4,0,0,0,0,4,U2 
H4,840,2016,271091,,,,,1,0,0,0,0,1,U2 
H4,840,2016,271099,     23.64,      5.80,     10.84,      7.88,6,0,1,2,3,9,U2 
H4,840,2016,271111,      0.00,      0.00,      0.00,      0.00,0,1,0,0,1,1,U2 
H4,840,2016,271112,      0.00,      0.00,      0.00,      0.00,0,1,0,0,1,1,U2 
H4,840,2016,271113,      0.00,      0.00,      0.00,      0.00,0,1,0,0,1,1,U2 
H4,840,2016,271114,      0.00,      0.00,      0.00,      0.00,0,1,0,0,1,1,U2 
H4,840,2016,271119,      0.00,      0.00,      0.00,      0.00,0,1,0,0,1,1,U2 
H4,840,2016,271121,      0.00,      0.00,      0.00,      0.00,0,1,0,0,1,1,U2 
H4,840,2016,271129,      0.00,      0.00,      0.00,      0.00,0,1,0,0,1,1,U2 
H4,840,2016,271210,      0.00,      0.00,      0.00,      0.00,0,1,0,0,1,1,U2 
H4,840,2016,271220,      0.00,      0.00,      0.00,      0.00,0,1,0,0,1,1,U2 
H4,840,2016,271290,      0.00,      0.00,      0.00,      0.00,0,2,0,0,2,2,U2 
H4,840,2016,271311,      0.00,      0.00,      0.00,      0.00,0,1,0,0,1,1,U2 
H4,840,2016,271312,      0.00,      0.00,      0.00,      0.00,0,1,0,0,1,1,U2 
H4,840,2016,271320,      0.00,      0.00,      0.00,      0.00,0,1,0,0,1,1,U2 
H4,840,2016,271390,      0.00,      0.00,      0.00,      0.00,0,1,0,0,1,1,U2 
H4,840,2016,271410,      0.00,      0.00,      0.00,      0.00,0,1,0,0,1,1,U2 
H4,840,2016,271490,      0.00,      0.00,      0.00,      0.00,0,1,0,0,1,1,U2 
H4,840,2016,271500,      0.00,      0.00,      0.00,      0.00,0,1,0,0,1,1,U2 
H4,840,2016,271600,      0.00,      0.00,      0.00,      0.00,0,1,0,0,1,1,U2 
H4,840,2016,280110,      0.00,      0.00,      0.00,      0.00,0,1,0,0,1,1,U2 
H4,840,2016,280120,      0.00,      0.00,      0.00,      0.00,0,1,0,0,1,1,U2 
H4,840,2016,280130,      9.20,      3.70,      5.50,      4.60,0,0,0,2,2,2,U2 
H4,840,2016,280200,      0.00,      0.00,      0.00,      0.00,0,1,0,0,1,1,U2 
H4,840,2016,280300,      0.00,      0.00,      0.00,      0.00,0,1,0,0,1,1,U2 
H4,840,2016,280410,      3.70,      3.70,      3.70,      3.70,0,0,0,1,1,1,U2 
H4,840,2016,280421,      3.70,      3.70,      3.70,      3.70,0,0,0,1,1,1,U2 
H4,840,2016,280429,      3.70,      3.70,      3.70,      3.70,0,0,0,1,1,1,U2 
H4,840,2016,280430,      3.70,      3.70,      3.70,      3.70,0,0,0,1,1,1,U2 
H4,840,2016,280440,      3.70,      3.70,      3.70,      3.70,0,0,0,1,1,1,U2 
H4,840,2016,280450,      0.00,      0.00,      0.00,      0.00,0,1,0,0,1,1,U2 
H4,840,2016,280461,      0.00,      0.00,      0.00,      0.00,0,1,0,0,1,1,U2 
H4,840,2016,280469,     10.80,      5.30,      5.50,      5.40,0,0,0,2,2,2,U2 
H4,840,2016,280470,      0.00,      0.00,      0.00,      0.00,0,1,0,0,1,1,U2 
H4,840,2016,280480,      0.00,      0.00,      0.00,      0.00,0,1,0,0,1,1,U2 
H4,840,2016,280490,      0.00,      0.00,      0.00,      0.00,0,1,0,0,1,1,U2 
H4,840,2016,280511,      5.30,      5.30,      5.30,      5.30,0,0,0,1,1,1,U2 
H4,840,2016,280512,      3.00,      3.00,      3.00,      3.00,0,0,0,1,1,1,U2 
H4,840,2016,280519,      9.20,      0.00,      5.50,      3.07,0,1,0,2,3,3,U2 
H4,840,2016,280530,      5.00,      5.00,      5.00,      5.00,0,0,0,1,1,1,U2 
H4,840,2016,280540,      1.70,      1.70,      1.70,      1.70,0,0,0,1,1,1,U2 
H4,840,2016,280610,      0.00,      0.00,      0.00,      0.00,0,1,0,0,1,1,U2 
H4,840,2016,280620,      4.20,      4.20,      4.20,      4.20,0,0,0,1,1,1,U2 
H4,840,2016,280700,      0.00,      0.00,      0.00,      0.00,0,1,0,0,1,1,U2 
H4,840,2016,280800,      0.00,      0.00,      0.00,      0.00,0,1,0,0,1,1,U2 
H4,840,2016,280910,      0.00,      0.00,      0.00,      0.00,0,1,0,0,1,1,U2 
H4,840,2016,280920,      0.00,      0.00,      0.00,      0.00,0,1,0,0,1,1,U2 
H4,840,2016,281000,      1.50,      1.50,      1.50,      1.50,0,0,0,1,1,1,U2 
H4,840,2016,281111,      0.00,      0.00,      0.00,      0.00,0,1,0,0,1,1,U2 
H4,840,2016,281119,      6.50,      0.00,      4.20,      2.17,0,1,0,2,3,3,U2 
H4,840,2016,281121,      3.70,      3.70,      3.70,      3.70,0,0,0,1,1,1,U2 
H4,840,2016,281122,      3.70,      0.00,      3.70,      1.85,0,1,0,1,2,2,U2 
H4,840,2016,281129,      7.90,      0.00,      4.20,      1.98,0,2,0,2,4,4,U2 
H4,840,2016,281210,      3.70,      0.00,      3.70,      1.85,0,1,0,1,2,2,U2 
H4,840,2016,281290,      3.70,      3.70,      3.70,      3.70,0,0,0,1,1,1,U2 
H4,840,2016,281310,      3.70,      3.70,      3.70,      3.70,0,0,0,1,1,1,U2 
H4,840,2016,281390,      3.70,      0.00,      3.70,      1.23,0,2,0,1,3,3,U2 
H4,840,2016,281410,      0.00,      0.00,      0.00,      0.00,0,1,0,0,1,1,U2 
H4,840,2016,281420,      0.00,      0.00,      0.00,      0.00,0,1,0,0,1,1,U2 
H4,840,2016,281511,      0.00,      0.00,      0.00,      0.00,0,1,0,0,1,1,U2 
H4,840,2016,281512,      0.00,      0.00,      0.00,      0.00,0,1,0,0,1,1,U2 
H4,840,2016,281520,      0.00,      0.00,      0.00,      0.00,0,1,0,0,1,1,U2 
H4,840,2016,281530,      3.70,      3.70,      3.70,      3.70,0,0,0,1,1,1,U2 
H4,840,2016,281610,      3.10,      3.10,      3.10,      3.10,0,0,0,1,1,1,U2 
H4,840,2016,281640,      6.20,      2.00,      4.20,      3.10,0,0,0,2,2,2,U2 
H4,840,2016,281700,      0.00,      0.00,      0.00,      0.00,0,1,0,0,1,1,U2 
H4,840,2016,281810,      1.30,      0.00,      1.30,      0.65,0,1,0,1,2,2,U2 
H4,840,2016,281820,      0.00,      0.00,      0.00,      0.00,0,1,0,0,1,1,U2 
H4,840,2016,281830,      0.00,      0.00,      0.00,      0.00,0,1,0,0,1,1,U2 
H4,840,2016,281910,      3.70,      3.70,      3.70,      3.70,0,0,0,1,1,1,U2 
H4,840,2016,281990,      3.70,      3.70,      3.70,      3.70,0,0,0,1,1,1,U2 
H4,840,2016,282010,      4.70,      4.70,      4.70,      4.70,0,0,0,1,1,1,U2 
H4,840,2016,282090,      4.70,      4.70,      4.70,      4.70,0,0,0,1,1,1,U2 
H4,840,2016,282110,      3.70,      3.70,      3.70,      3.70,0,0,0,1,1,1,U2 
H4,840,2016,282120,      5.50,      5.50,      5.50,      5.50,0,0,0,1,1,1,U2 
H4,840,2016,282200,      0.10,      0.10,      0.10,      0.10,0,0,0,1,1,1,U2 
H4,840,2016,282300,      5.50,      5.50,      5.50,      5.50,0,0,0,1,1,1,U2 
H4,840,2016,282410,      3.00,      3.00,      3.00,      3.00,0,0,0,1,1,1,U2 
H4,840,2016,282490,     13.70,      3.40,      5.50,      4.57,0,0,0,3,3,3,U2 
H4,840,2016,282510,      3.70,      3.70,      3.70,      3.70,0,0,0,1,1,1,U2 
H4,840,2016,282520,      3.70,      3.70,      3.70,      3.70,0,0,0,1,1,1,U2 
H4,840,2016,282530,      5.50,      5.50,      5.50,      5.50,0,0,0,1,1,1,U2 
H4,840,2016,282540,      0.00,      0.00,      0.00,      0.00,0,1,0,0,1,1,U2 
H4,840,2016,282550,     13.20,      3.90,      5.00,      4.40,0,0,0,3,3,3,U2 
H4,840,2016,282560,      3.70,      3.70,      3.70,      3.70,0,0,0,1,1,1,U2 
H4,840,2016,282570,      3.20,      3.20,      3.20,      3.20,0,0,0,1,1,1,U2 
H4,840,2016,282580,      0.00,      0.00,      0.00,      0.00,0,1,0,0,1,1,U2 
H4,840,2016,282590,     20.80,      0.00,      5.50,      3.47,0,1,0,5,6,6,U2 
H4,840,2016,282612,      0.00,      0.00,      0.00,      0.00,0,1,0,0,1,1,U2 
H4,840,2016,282619,     10.70,      3.10,      3.90,      3.57,0,0,0,3,3,3,U2 
H4,840,2016,282630,      0.00,      0.00,      0.00,      0.00,0,1,0,0,1,1,U2 
H4,840,2016,282690,      7.20,      3.10,      4.10,      3.60,0,0,0,2,2,2,U2 
H4,840,2016,282710,      2.90,      2.90,      2.90,      2.90,0,0,0,1,1,1,U2 
H4,840,2016,282720,      0.00,      0.00,      0.00,      0.00,0,1,0,0,1,1,U2 
H4,840,2016,282731,      1.50,      1.50,      1.50,      1.50,0,0,0,1,1,1,U2 
H4,840,2016,282732,      0.00,      0.00,      0.00,      0.00,0,1,0,0,1,1,U2 
H4,840,2016,282735,      3.70,      3.70,      3.70,      3.70,0,0,0,1,1,1,U2 
H4,840,2016,282739,     37.50,      1.60,      5.50,      4.17,0,0,0,9,9,9,U2 
H4,840,2016,282741,      3.90,      3.90,      3.90,      3.90,0,0,0,1,1,1,U2 
H4,840,2016,282749,     11.00,      5.50,      5.50,      5.50,0,0,0,2,2,2,U2 
H4,840,2016,282751,      0.00,      0.00,      0.00,      0.00,0,1,0,0,1,1,U2 
H4,840,2016,282759,      3.60,      0.00,      3.60,      1.80,0,1,0,1,2,2,U2 
H4,840,2016,282760,      7.00,      0.00,      4.20,      2.33,0,1,0,2,3,3,U2 
H4,840,2016,282810,      2.40,      2.40,      2.40,      2.40,0,0,0,1,1,1,U2 
H4,840,2016,282890,      3.70,      3.70,      3.70,      3.70,0,0,0,1,1,1,U2 
H4,840,2016,282911,      0.00,      0.00,      0.00,      0.00,0,1,0,0,1,1,U2 
H4,840,2016,282919,      3.30,      3.30,      3.30,      3.30,0,0,0,1,1,1,U2 
H4,840,2016,282990,      6.80,      0.00,      3.70,      1.70,0,2,0,2,4,4,U2 
H4,840,2016,283010,      3.70,      3.70,      3.70,      3.70,0,0,0,1,1,1,U2 
H4,840,2016,283090,      8.90,      0.00,      3.10,      2.22,0,1,0,3,4,4,U2 
H4,840,2016,283110,      5.50,      0.00,      5.50,      2.75,0,1,0,1,2,2,U2 
H4,840,2016,283190,      5.50,      5.50,      5.50,      5.50,0,0,0,1,1,1,U2 
H4,840,2016,283210,      1.50,      1.50,      1.50,      1.50,0,0,0,1,1,1,U2 
H4,840,2016,283220,      3.10,      3.10,      3.10,      3.10,0,0,0,1,1,1,U2 
H4,840,2016,283230,      4.60,      1.50,      3.10,      2.30,0,0,0,2,2,2,U2 
H4,840,2016,283311,      0.40,      0.00,      0.40,      0.20,0,1,0,1,2,2,U2 
H4,840,2016,283319,      0.00,      0.00,      0.00,      0.00,0,1,0,0,1,1,U2 
H4,840,2016,283321,      3.70,      3.70,      3.70,      3.70,0,0,0,1,1,1,U2 
H4,840,2016,283322,      0.00,      0.00,      0.00,      0.00,0,1,0,0,1,1,U2 
H4,840,2016,283324,      3.20,      3.20,      3.20,      3.20,0,0,0,1,1,1,U2 
H4,840,2016,283325,      1.40,      1.40,      1.40,      1.40,0,0,0,1,1,1,U2 
H4,840,2016,283327,      0.60,      0.60,      0.60,      0.60,0,0,0,1,1,1,U2 
H4,840,2016,283329,     15.90,      0.00,      5.50,      2.65,0,1,0,5,6,6,U2 
H4,840,2016,283330,      1.60,      1.60,      1.60,      1.60,0,0,0,1,1,1,U2 
H4,840,2016,283340,      6.80,      3.10,      3.70,      3.40,0,0,0,2,2,2,U2 
H4,840,2016,283410,      8.60,      3.10,      5.50,      4.30,0,0,0,2,2,2,U2 
H4,840,2016,283421,      0.00,      0.00,      0.00,      0.00,0,1,0,0,1,1,U2 
H4,840,2016,283429,     13.20,      0.00,      5.50,      3.30,0,1,0,3,4,4,U2 
H4,840,2016,283510,      3.10,      3.10,      3.10,      3.10,0,0,0,1,1,1,U2 
H4,840,2016,283522,      1.40,      1.40,      1.40,      1.40,0,0,0,1,1,1,U2 
H4,840,2016,283524,      3.10,      3.10,      3.10,      3.10,0,0,0,1,1,1,U2 
H4,840,2016,283525,      0.00,      0.00,      0.00,      0.00,0,1,0,0,1,1,U2 
H4,840,2016,283526,      0.00,      0.00,      0.00,      0.00,0,1,0,0,1,1,U2 
H4,840,2016,283529,      7.80,      0.00,      4.10,      1.95,0,1,0,3,4,4,U2 
H4,840,2016,283531,      1.40,      1.40,      1.40,      1.40,0,0,0,1,1,1,U2 
H4,840,2016,283539,      6.80,      3.10,      3.70,      3.40,0,0,0,2,2,2,U2 
H4,840,2016,283620,      1.20,      1.20,      1.20,      1.20,0,0,0,1,1,1,U2 
H4,840,2016,283630,      0.00,      0.00,      0.00,      0.00,0,1,0,0,1,1,U2 
H4,840,2016,283640,      3.20,      1.30,      1.90,      1.60,0,0,0,2,2,2,U2 
H4,840,2016,283650,      0.00,      0.00,      0.00,      0.00,0,1,0,0,1,1,U2 
H4,840,2016,283660,      2.30,      2.30,      2.30,      2.30,0,0,0,1,1,1,U2 
H4,840,2016,283691,      3.70,      3.70,      3.70,      3.70,0,0,0,1,1,1,U2 
H4,840,2016,283692,      4.20,      4.20,      4.20,      4.20,0,0,0,1,1,1,U2 
H4,840,2016,283699,     15.60,      0.50,      5.50,      3.12,0,0,0,5,5,5,U2 
H4,840,2016,283711,      0.00,      0.00,      0.00,      0.00,0,1,0,0,1,1,U2 
H4,840,2016,283719,      0.00,      0.00,      0.00,      0.00,0,1,0,0,1,1,U2 
H4,840,2016,283720,      2.80,      1.10,      1.70,      1.40,0,0,0,2,2,2,U2 
H4,840,2016,283911,      1.10,      1.10,      1.10,      1.10,0,0,0,1,1,1,U2 
H4,840,2016,283919,      1.10,      1.10,      1.10,      1.10,0,0,0,1,1,1,U2 
H4,840,2016,283990,      6.20,      3.10,      3.10,      3.10,0,0,0,2,2,2,U2 
H4,840,2016,284011,      0.30,      0.30,      0.30,      0.30,0,0,0,1,1,1,U2 
H4,840,2016,284019,      0.10,      0.10,      0.10,      0.10,0,0,0,1,1,1,U2 
H4,840,2016,284020,      3.70,      3.70,      3.70,      3.70,0,0,0,1,1,1,U2 
H4,840,2016,284030,      3.70,      3.70,      3.70,      3.70,0,0,0,1,1,1,U2 
H4,840,2016,284130,      2.40,      2.40,      2.40,      2.40,0,0,0,1,1,1,U2 
H4,840,2016,284150,      4.60,      1.50,      3.10,      2.30,0,0,0,2,2,2,U2 
H4,840,2016,284161,      5.00,      5.00,      5.00,      5.00,0,0,0,1,1,1,U2 
H4,840,2016,284169,      5.00,      5.00,      5.00,      5.00,0,0,0,1,1,1,U2 
H4,840,2016,284170,      8.00,      3.70,      4.30,      4.00,0,0,0,2,2,2,U2 
H4,840,2016,284180,      5.50,      5.50,      5.50,      5.50,0,0,0,1,1,1,U2 
H4,840,2016,284190,     22.20,      3.10,      5.50,      3.70,0,0,0,6,6,6,U2 
H4,840,2016,284210,      3.70,      3.70,      3.70,      3.70,0,0,0,1,1,1,U2 
H4,840,2016,284290,      6.40,      3.10,      3.30,      3.20,0,0,0,2,2,2,U2 
H4,840,2016,284310,      5.50,      5.50,      5.50,      5.50,0,0,0,1,1,1,U2 
H4,840,2016,284321,      3.70,      3.70,      3.70,      3.70,0,0,0,1,1,1,U2 
H4,840,2016,284329,      3.70,      3.70,      3.70,      3.70,0,0,0,1,1,1,U2 
H4,840,2016,284330,      5.00,      5.00,      5.00,      5.00,0,0,0,1,1,1,U2 
H4,840,2016,284390,      3.70,      3.70,      3.70,      3.70,0,0,0,1,1,1,U2 
H4,840,2016,284410,     10.00,      0.00,      5.00,      3.33,0,1,0,2,3,3,U2 
H4,840,2016,284420,      0.00,      0.00,      0.00,      0.00,0,1,0,0,1,1,U2 
H4,840,2016,284430,     10.50,      0.00,      5.50,      3.50,0,1,0,2,3,3,U2 
H4,840,2016,284440,      0.00,      0.00,      0.00,      0.00,0,1,0,0,1,1,U2 
H4,840,2016,284450,      0.00,      0.00,      0.00,      0.00,0,1,0,0,1,1,U2 
H4,840,2016,284510,      0.00,      0.00,      0.00,      0.00,0,1,0,0,1,1,U2 
H4,840,2016,284590,      0.00,      0.00,      0.00,      0.00,0,1,0,0,1,1,U2 
H4,840,2016,284610,      5.50,      5.50,      5.50,      5.50,0,0,0,1,1,1,U2 
H4,840,2016,284690,      3.70,      0.00,      3.70,      1.23,0,2,0,1,3,3,U2 
H4,840,2016,284700,      3.70,      3.70,      3.70,      3.70,0,0,0,1,1,1,U2 
H4,840,2016,284800,      2.60,      0.00,      2.60,      1.30,0,1,0,1,2,2,U2 
H4,840,2016,284910,      1.80,      1.80,      1.80,      1.80,0,0,0,1,1,1,U2 
H4,840,2016,284920,      0.50,      0.00,      0.50,      0.25,0,1,0,1,2,2,U2 
H4,840,2016,284990,     17.10,      3.70,      5.50,      4.28,0,0,0,4,4,4,U2 
H4,840,2016,285000,     19.60,      0.00,      5.50,      3.92,0,1,0,4,5,5,U2 
H4,840,2016,285210,      3.00,      0.00,      3.00,      1.50,0,1,0,1,2,2,U2 
H4,840,2016,285290,      3.00,      0.00,      3.00,      1.50,0,1,0,1,2,2,U2 
H4,840,2016,285300,      2.80,      2.80,      2.80,      2.80,0,0,0,1,1,1,U2 
H4,840,2016,290110,      0.00,      0.00,      0.00,      0.00,0,4,0,0,4,4,U2 
H4,840,2016,290121,      0.00,      0.00,      0.00,      0.00,0,1,0,0,1,1,U2 
H4,840,2016,290122,      0.00,      0.00,      0.00,      0.00,0,1,0,0,1,1,U2 
H4,840,2016,290123,      0.00,      0.00,      0.00,      0.00,0,1,0,0,1,1,U2 
H4,840,2016,290124,      0.00,      0.00,      0.00,      0.00,0,3,0,0,3,3,U2 
H4,840,2016,290129,      0.00,      0.00,      0.00,      0.00,0,2,0,0,2,2,U2 
H4,840,2016,290211,      0.00,      0.00,      0.00,      0.00,0,1,0,0,1,1,U2 
H4,840,2016,290219,      0.00,      0.00,      0.00,      0.00,0,1,0,0,1,1,U2 
H4,840,2016,290220,      0.00,      0.00,      0.00,      0.00,0,1,0,0,1,1,U2 
H4,840,2016,290230,      0.00,      0.00,      0.00,      0.00,0,1,0,0,1,1,U2 
H4,840,2016,290241,      0.00,      0.00,      0.00,      0.00,0,1,0,0,1,1,U2 
H4,840,2016,290242,      0.00,      0.00,      0.00,      0.00,0,1,0,0,1,1,U2 
H4,840,2016,290243,      0.00,      0.00,      0.00,      0.00,0,1,0,0,1,1,U2 
H4,840,2016,290244,      0.00,      0.00,      0.00,      0.00,0,1,0,0,1,1,U2 
H4,840,2016,290250,      0.00,      0.00,      0.00,      0.00,0,1,0,0,1,1,U2 
H4,840,2016,290260,      0.00,      0.00,      0.00,      0.00,0,1,0,0,1,1,U2 
H4,840,2016,290270,      0.00,      0.00,      0.00,      0.00,0,1,0,0,1,1,U2 
H4,840,2016,290290,      0.00,      0.00,      0.00,      0.00,0,6,0,0,6,6,U2 
H4,840,2016,290311,      5.50,      5.50,      5.50,      5.50,0,0,0,1,1,1,U2 
H4,840,2016,290312,      3.70,      3.70,      3.70,      3.70,0,0,0,1,1,1,U2 
H4,840,2016,290313,      5.50,      5.50,      5.50,      5.50,0,0,0,1,1,1,U2 
H4,840,2016,290314,      2.30,      2.30,      2.30,      2.30,0,0,0,1,1,1,U2 
H4,840,2016,290315,      5.50,      5.50,      5.50,      5.50,0,0,0,1,1,1,U2 
H4,840,2016,290319,     14.30,      0.00,      5.50,      3.58,0,1,0,3,4,4,U2 
H4,840,2016,290321,      5.50,      5.50,      5.50,      5.50,0,0,0,1,1,1,U2 
H4,840,2016,290322,      4.20,      4.20,      4.20,      4.20,0,0,0,1,1,1,U2 
H4,840,2016,290323,      3.40,      3.40,      3.40,      3.40,0,0,0,1,1,1,U2 
H4,840,2016,290329,      5.50,      5.50,      5.50,      5.50,0,0,0,1,1,1,U2 
H4,840,2016,290331,      5.40,      5.40,      5.40,      5.40,0,0,0,1,1,1,U2 
H4,840,2016,290339,      3.70,      0.00,      3.70,      1.85,0,1,0,1,2,2,U2 
H4,840,2016,290371,      3.70,      3.70,      3.70,      3.70,0,0,0,1,1,1,U2 
H4,840,2016,290372,      3.70,      3.70,      3.70,      3.70,0,0,0,1,1,1,U2 
H4,840,2016,290373,      3.70,      3.70,      3.70,      3.70,0,0,0,1,1,1,U2 
H4,840,2016,290374,      3.70,      3.70,      3.70,      3.70,0,0,0,1,1,1,U2 
H4,840,2016,290375,      3.70,      3.70,      3.70,      3.70,0,0,0,1,1,1,U2 
H4,840,2016,290376,      3.70,      3.70,      3.70,      3.70,0,0,0,1,1,1,U2 
H4,840,2016,290377,      3.70,      3.70,      3.70,      3.70,0,0,0,1,1,1,U2 
H4,840,2016,290378,      3.70,      3.70,      3.70,      3.70,0,0,0,1,1,1,U2 
H4,840,2016,290379,      3.70,      0.00,      3.70,      1.85,0,1,0,1,2,2,U2 
H4,840,2016,290381,      5.50,      5.50,      5.50,      5.50,0,0,0,1,1,1,U2 
H4,840,2016,290382,      5.50,      5.50,      5.50,      5.50,0,0,0,1,1,1,U2 
H4,840,2016,290389,     29.40,      0.00,      5.50,      3.67,0,2,0,6,8,8,U2 
H4,840,2016,290391,     16.50,      5.50,      5.50,      5.50,0,0,0,3,3,3,U2 
H4,840,2016,290392,      5.50,      5.50,      5.50,      5.50,0,0,0,1,1,1,U2 
H4,840,2016,290399,     38.50,      0.00,      5.50,      4.28,0,2,0,7,9,9,U2 
H4,840,2016,290410,     37.20,      4.20,      5.50,      5.31,0,0,0,7,7,7,U2 
H4,840,2016,290420,     38.50,      0.00,      5.50,      4.81,0,1,0,7,8,8,U2 
H4,840,2016,290490,     47.70,      3.70,      5.50,      5.30,0,0,0,9,9,9,U2 
H4,840,2016,290511,      5.50,      0.00,      5.50,      2.75,0,1,0,1,2,2,U2 
H4,840,2016,290512,      5.50,      5.50,      5.50,      5.50,0,0,0,1,1,1,U2 
H4,840,2016,290513,      5.50,      5.50,      5.50,      5.50,0,0,0,1,1,1,U2 
H4,840,2016,290514,      5.50,      0.00,      5.50,      2.75,0,1,0,1,2,2,U2 
H4,840,2016,290516,      3.70,      3.70,      3.70,      3.70,0,0,0,1,1,1,U2 
H4,840,2016,290517,      5.00,      5.00,      5.00,      5.00,0,0,0,1,1,1,U2 
H4,840,2016,290519,      9.20,      3.70,      5.50,      4.60,0,0,0,2,2,2,U2 
H4,840,2016,290522,     11.50,      3.00,      4.80,      3.83,0,0,0,3,3,3,U2 
H4,840,2016,290529,      9.20,      3.70,      5.50,      4.60,0,0,0,2,2,2,U2 
H4,840,2016,290531,      5.50,      5.50,      5.50,      5.50,0,0,0,1,1,1,U2 
H4,840,2016,290532,      5.50,      5.50,      5.50,      5.50,0,0,0,1,1,1,U2 
H4,840,2016,290539,     16.50,      0.00,      5.50,      4.13,0,1,0,3,4,4,U2 
H4,840,2016,290541,      3.70,      3.70,      3.70,      3.70,0,0,0,1,1,1,U2 
H4,840,2016,290542,      3.70,      3.70,      3.70,      3.70,0,0,0,1,1,1,U2 
H4,840,2016,290543,      4.60,      4.60,      4.60,      4.60,0,0,0,1,1,1,U2 
H4,840,2016,290544,      4.90,      4.90,      4.90,      4.90,0,0,0,1,1,1,U2 
H4,840,2016,290545,      0.68,      0.68,      0.68,      0.68,0,0,1,0,1,1,U2 
H4,840,2016,290549,     20.20,      0.00,      5.50,      4.04,0,1,0,4,5,5,U2 
H4,840,2016,290551,      0.00,      0.00,      0.00,      0.00,0,1,0,0,1,1,U2 
H4,840,2016,290559,     11.00,      0.00,      5.50,      3.67,0,1,0,2,3,3,U2 
H4,840,2016,290611,      2.10,      2.10,      2.10,      2.10,0,0,0,1,1,1,U2 
H4,840,2016,290612,      5.50,      5.50,      5.50,      5.50,0,0,0,1,1,1,U2 
H4,840,2016,290613,      3.70,      0.00,      3.70,      1.85,0,1,0,1,2,2,U2 
H4,840,2016,290619,     11.00,      0.00,      5.50,      3.67,0,1,0,2,3,3,U2 
H4,840,2016,290621,      5.50,      5.50,      5.50,      5.50,0,0,0,1,1,1,U2 
H4,840,2016,290629,     16.50,      0.00,      5.50,      4.13,0,1,0,3,4,4,U2 
H4,840,2016,290711,      5.50,      5.50,      5.50,      5.50,0,0,0,1,1,1,U2 
H4,840,2016,290712,      4.20,      4.20,      4.20,      4.20,0,0,0,1,1,1,U2 
H4,840,2016,290713,      5.50,      5.50,      5.50,      5.50,0,0,0,1,1,1,U2 
H4,840,2016,290715,     11.00,      0.00,      5.50,      3.67,0,1,0,2,3,3,U2 
H4,840,2016,290719,     20.70,      0.00,      5.50,      4.14,0,1,0,4,5,5,U2 
H4,840,2016,290721,      5.50,      5.50,      5.50,      5.50,0,0,0,1,1,1,U2 
H4,840,2016,290722,     11.00,      5.50,      5.50,      5.50,0,0,0,2,2,2,U2 
H4,840,2016,290723,      5.50,      5.50,      5.50,      5.50,0,0,0,1,1,1,U2 
H4,840,2016,290729,     17.80,      0.00,      5.50,      3.56,0,1,0,4,5,5,U2 
H4,840,2016,290811,      5.50,      5.50,      5.50,      5.50,0,0,0,1,1,1,U2 
H4,840,2016,290819,     33.00,      0.00,      5.50,      4.71,0,1,0,6,7,7,U2 
H4,840,2016,290891,      5.50,      5.50,      5.50,      5.50,0,0,0,1,1,1,U2 
H4,840,2016,290892,      5.50,      5.50,      5.50,      5.50,0,0,0,1,1,1,U2 
H4,840,2016,290899,     55.00,      0.00,      5.50,      5.00,0,1,0,10,11,11,U2 
H4,840,2016,290911,      1.00,      1.00,      1.00,      1.00,0,0,0,1,1,1,U2 
H4,840,2016,290919,     16.50,      0.00,      5.50,      4.13,0,1,0,3,4,4,U2 
H4,840,2016,290920,      3.70,      3.70,      3.70,      3.70,0,0,0,1,1,1,U2 
H4,840,2016,290930,     38.50,      0.00,      5.50,      4.81,0,1,0,7,8,8,U2 
H4,840,2016,290941,      5.50,      5.50,      5.50,      5.50,0,0,0,1,1,1,U2 
H4,840,2016,290943,      5.50,      5.50,      5.50,      5.50,0,0,0,1,1,1,U2 
H4,840,2016,290944,      5.50,      5.50,      5.50,      5.50,0,0,0,1,1,1,U2 
H4,840,2016,290949,     20.20,      0.00,      5.50,      3.37,0,2,0,4,6,6,U2 
H4,840,2016,290950,     26.80,      4.80,      5.50,      5.36,0,0,0,5,5,5,U2 
H4,840,2016,290960,     14.70,      3.70,      5.50,      4.90,0,0,0,3,3,3,U2 
H4,840,2016,291010,      5.50,      5.50,      5.50,      5.50,0,0,0,1,1,1,U2 
H4,840,2016,291020,      5.50,      5.50,      5.50,      5.50,0,0,0,1,1,1,U2 
H4,840,2016,291030,      3.70,      3.70,      3.70,      3.70,0,0,0,1,1,1,U2 
H4,840,2016,291040,      4.80,      4.80,      4.80,      4.80,0,0,0,1,1,1,U2 
H4,840,2016,291090,     14.90,      4.60,      5.50,      4.97,0,0,0,3,3,3,U2 
H4,840,2016,291100,      5.30,      0.00,      5.30,      2.65,0,1,0,1,2,2,U2 
H4,840,2016,291211,      2.80,      2.80,      2.80,      2.80,0,0,0,1,1,1,U2 
H4,840,2016,291212,      5.50,      5.50,      5.50,      5.50,0,0,0,1,1,1,U2 
H4,840,2016,291219,     30.50,      3.70,      5.50,      5.08,0,0,0,6,6,6,U2 
H4,840,2016,291221,      5.50,      5.50,      5.50,      5.50,0,0,0,1,1,1,U2 
H4,840,2016,291229,     11.00,      0.00,      5.50,      3.67,0,1,0,2,3,3,U2 
H4,840,2016,291241,      5.50,      5.50,      5.50,      5.50,0,0,0,1,1,1,U2 
H4,840,2016,291242,      5.50,      5.50,      5.50,      5.50,0,0,0,1,1,1,U2 
H4,840,2016,291249,     25.70,      0.00,      5.50,      4.28,0,1,0,5,6,6,U2 
H4,840,2016,291250,      5.50,      0.00,      5.50,      2.75,0,1,0,1,2,2,U2 
H4,840,2016,291260,      5.10,      5.10,      5.10,      5.10,0,0,0,1,1,1,U2 
H4,840,2016,291300,     11.00,      0.00,      5.50,      3.67,0,1,0,2,3,3,U2 
H4,840,2016,291411,      5.50,      0.00,      5.50,      2.75,0,1,0,1,2,2,U2 
H4,840,2016,291412,      3.10,      3.10,      3.10,      3.10,0,0,0,1,1,1,U2 
H4,840,2016,291413,      4.00,      4.00,      4.00,      4.00,0,0,0,1,1,1,U2 
H4,840,2016,291419,      4.00,      4.00,      4.00,      4.00,0,0,0,1,1,1,U2 
H4,840,2016,291422,     11.00,      5.50,      5.50,      5.50,0,0,0,2,2,2,U2 
H4,840,2016,291423,      5.50,      5.50,      5.50,      5.50,0,0,0,1,1,1,U2 
H4,840,2016,291429,     11.40,      0.00,      4.80,      2.85,0,1,0,3,4,4,U2 
H4,840,2016,291431,      5.50,      5.50,      5.50,      5.50,0,0,0,1,1,1,U2 
H4,840,2016,291439,      5.50,      0.00,      5.50,      2.75,0,1,0,1,2,2,U2 
H4,840,2016,291440,     19.80,      0.00,      5.50,      3.96,0,1,0,4,5,5,U2 
H4,840,2016,291450,      9.50,      0.00,      5.50,      3.17,0,1,0,2,3,3,U2 
H4,840,2016,291461,      0.00,      0.00,      0.00,      0.00,0,1,0,0,1,1,U2 
H4,840,2016,291469,     16.50,      0.00,      5.50,      4.13,0,1,0,3,4,4,U2 
H4,840,2016,291470,     15.00,      0.00,      5.50,      3.00,0,2,0,3,5,5,U2 
H4,840,2016,291511,      5.50,      5.50,      5.50,      5.50,0,0,0,1,1,1,U2 
H4,840,2016,291512,      5.50,      5.50,      5.50,      5.50,0,0,0,1,1,1,U2 
H4,840,2016,291513,      9.20,      3.70,      5.50,      4.60,0,0,0,2,2,2,U2 
H4,840,2016,291521,      1.80,      1.80,      1.80,      1.80,0,0,0,1,1,1,U2 
H4,840,2016,291524,      3.50,      3.50,      3.50,      3.50,0,0,0,1,1,1,U2 
H4,840,2016,291529,     10.70,      0.00,      4.20,      2.67,0,1,0,3,4,4,U2 
H4,840,2016,291531,      3.70,      3.70,      3.70,      3.70,0,0,0,1,1,1,U2 
H4,840,2016,291532,      3.80,      3.80,      3.80,      3.80,0,0,0,1,1,1,U2 
H4,840,2016,291533,      5.50,      5.50,      5.50,      5.50,0,0,0,1,1,1,U2 
H4,840,2016,291536,      5.50,      5.50,      5.50,      5.50,0,0,0,1,1,1,U2 
H4,840,2016,291539,     52.50,      0.00,      5.50,      4.77,0,1,0,10,11,11,U2 
H4,840,2016,291540,     16.50,      1.80,      5.50,      4.13,0,0,0,4,4,4,U2 
H4,840,2016,291550,     13.40,      3.70,      5.50,      4.47,0,0,0,3,3,3,U2 
H4,840,2016,291560,      7.60,      2.10,      5.50,      3.80,0,0,0,2,2,2,U2 
H4,840,2016,291570,      5.00,      5.00,      5.00,      5.00,0,0,0,1,1,1,U2 
H4,840,2016,291590,     22.70,      3.80,      5.50,      4.54,0,0,0,5,5,5,U2 
H4,840,2016,291611,      4.20,      4.20,      4.20,      4.20,0,0,0,1,1,1,U2 
H4,840,2016,291612,     10.20,      3.70,      6.50,      5.10,0,0,0,2,2,2,U2 
H4,840,2016,291613,      4.20,      4.20,      4.20,      4.20,0,0,0,1,1,1,U2 
H4,840,2016,291614,      3.70,      0.00,      3.70,      1.85,0,1,0,1,2,2,U2 
H4,840,2016,291615,     10.90,      4.40,      6.50,      5.45,0,0,0,2,2,2,U2 
H4,840,2016,291616,      3.70,      3.70,      3.70,      3.70,0,0,0,1,1,1,U2 
H4,840,2016,291619,     17.10,      3.10,      6.10,      4.28,0,0,0,4,4,4,U2 
H4,840,2016,291620,      3.70,      0.00,      3.70,      1.85,0,1,0,1,2,2,U2 
H4,840,2016,291631,     26.00,      6.50,      6.50,      6.50,0,0,0,4,4,4,U2 
H4,840,2016,291632,     13.00,      6.50,      6.50,      6.50,0,0,0,2,2,2,U2 
H4,840,2016,291634,     19.50,      0.00,      6.50,      4.88,0,1,0,3,4,4,U2 
H4,840,2016,291639,     58.50,      0.00,      6.50,      4.88,0,3,0,9,12,12,U2 
H4,840,2016,291711,      3.10,      3.10,      3.10,      3.10,0,0,0,1,1,1,U2 
H4,840,2016,291712,     19.50,      6.50,      6.50,      6.50,0,0,0,3,3,3,U2 
H4,840,2016,291713,      4.80,      4.80,      4.80,      4.80,0,0,0,1,1,1,U2 
H4,840,2016,291714,     10.70,      4.20,      6.50,      5.35,0,0,0,2,2,2,U2 
H4,840,2016,291719,     52.00,      0.00,      6.50,      5.20,0,1,0,9,10,10,U2 
H4,840,2016,291720,      4.20,      4.20,      4.20,      4.20,0,0,0,1,1,1,U2 
H4,840,2016,291732,      6.50,      6.50,      6.50,      6.50,0,0,0,1,1,1,U2 
H4,840,2016,291733,      6.50,      6.50,      6.50,      6.50,0,0,0,1,1,1,U2 
H4,840,2016,291734,      6.50,      6.50,      6.50,      6.50,0,0,0,1,1,1,U2 
H4,840,2016,291735,      6.50,      6.50,      6.50,      6.50,0,0,0,1,1,1,U2 
H4,840,2016,291736,      6.50,      6.50,      6.50,      6.50,0,0,0,1,1,1,U2 
H4,840,2016,291737,      6.50,      6.50,      6.50,      6.50,0,0,0,1,1,1,U2 
H4,840,2016,291739,     39.00,      0.00,      6.50,      4.88,0,2,0,6,8,8,U2 
H4,840,2016,291811,      8.50,      3.40,      5.10,      4.25,0,0,0,2,2,2,U2 
H4,840,2016,291812,      0.00,      0.00,      0.00,      0.00,0,1,0,0,1,1,U2 
H4,840,2016,291813,      4.40,      0.00,      4.40,      1.10,0,3,0,1,4,4,U2 
H4,840,2016,291814,      6.00,      6.00,      6.00,      6.00,0,0,0,1,1,1,U2 
H4,840,2016,291815,     10.20,      3.70,      6.50,      5.10,0,0,0,2,2,2,U2 
H4,840,2016,291816,      9.70,      3.70,      6.00,      4.85,0,0,0,2,2,2,U2 
H4,840,2016,291818,      6.50,      6.50,      6.50,      6.50,0,0,0,1,1,1,U2 
H4,840,2016,291819,     33.30,      0.00,      6.50,      4.76,0,1,0,6,7,7,U2 
H4,840,2016,291821,     13.00,      6.50,      6.50,      6.50,0,0,0,2,2,2,U2 
H4,840,2016,291822,     13.00,      6.50,      6.50,      6.50,0,0,0,2,2,2,U2 
H4,840,2016,291823,     26.00,      6.50,      6.50,      6.50,0,0,0,4,4,4,U2 
H4,840,2016,291829,     45.10,      0.00,      6.50,      4.51,0,2,0,8,10,10,U2 
H4,840,2016,291830,     22.50,      0.00,      6.50,      3.75,0,2,0,4,6,6,U2 
H4,840,2016,291891,      6.50,      6.50,      6.50,      6.50,0,0,0,1,1,1,U2 
H4,840,2016,291899,     48.80,      0.00,      6.50,      4.88,0,2,0,8,10,10,U2 
H4,840,2016,291910,      3.70,      3.70,      3.70,      3.70,0,0,0,1,1,1,U2 
H4,840,2016,291990,     16.70,      0.00,      6.50,      4.18,0,1,0,3,4,4,U2 
H4,840,2016,292011,      0.00,      0.00,      0.00,      0.00,0,1,0,0,1,1,U2 
H4,840,2016,292019,     16.70,      3.70,      6.50,      5.57,0,0,0,3,3,3,U2 
H4,840,2016,292090,     16.70,      3.70,      6.50,      5.57,0,0,0,3,3,3,U2 
H4,840,2016,292111,      3.70,      3.70,      3.70,      3.70,0,0,0,1,1,1,U2 
H4,840,2016,292119,     10.20,      0.00,      6.50,      3.40,0,1,0,2,3,3,U2 
H4,840,2016,292121,      5.80,      5.80,      5.80,      5.80,0,0,0,1,1,1,U2 
H4,840,2016,292122,     19.50,      6.50,      6.50,      6.50,0,0,0,3,3,3,U2 
H4,840,2016,292129,      6.50,      6.50,      6.50,      6.50,0,0,0,1,1,1,U2 
H4,840,2016,292130,     16.70,      0.00,      6.50,      4.18,0,1,0,3,4,4,U2 
H4,840,2016,292141,     13.00,      6.50,      6.50,      6.50,0,0,0,2,2,2,U2 
H4,840,2016,292142,     57.80,      0.00,      6.50,      5.25,0,2,0,9,11,11,U2 
H4,840,2016,292143,     38.30,      0.00,      6.50,      4.79,0,2,0,6,8,8,U2 
H4,840,2016,292144,     19.50,      0.00,      6.50,      4.88,0,1,0,3,4,4,U2 
H4,840,2016,292145,     25.30,      0.00,      6.50,      5.06,0,1,0,4,5,5,U2 
H4,840,2016,292146,      0.00,      0.00,      0.00,      0.00,0,1,0,0,1,1,U2 
H4,840,2016,292149,     38.30,      0.00,      6.50,      5.47,0,1,0,6,7,7,U2 
H4,840,2016,292151,     26.00,      6.50,      6.50,      6.50,0,0,0,4,4,4,U2 
H4,840,2016,292159,     31.80,      0.00,      6.50,      4.54,0,2,0,5,7,7,U2 
H4,840,2016,292211,      6.50,      6.50,      6.50,      6.50,0,0,0,1,1,1,U2 
H4,840,2016,292212,      6.50,      6.50,      6.50,      6.50,0,0,0,1,1,1,U2 
H4,840,2016,292213,      6.50,      6.50,      6.50,      6.50,0,0,0,1,1,1,U2 
H4,840,2016,292214,      0.00,      0.00,      0.00,      0.00,0,1,0,0,1,1,U2 
H4,840,2016,292219,     31.80,      0.00,      6.50,      5.30,0,1,0,5,6,6,U2 
H4,840,2016,292221,     18.80,      0.00,      6.50,      4.70,0,1,0,3,4,4,U2 
H4,840,2016,292229,     51.30,      0.00,      6.50,      4.28,0,4,0,8,12,12,U2 
H4,840,2016,292231,      0.00,      0.00,      0.00,      0.00,0,1,0,0,1,1,U2 
H4,840,2016,292239,     31.80,      0.00,      6.50,      4.54,0,2,0,5,7,7,U2 
H4,840,2016,292241,      3.70,      3.70,      3.70,      3.70,0,0,0,1,1,1,U2 
H4,840,2016,292242,     10.20,      3.70,      6.50,      5.10,0,0,0,2,2,2,U2 
H4,840,2016,292243,     13.00,      6.50,      6.50,      6.50,0,0,0,2,2,2,U2 
H4,840,2016,292244,      0.00,      0.00,      0.00,      0.00,0,1,0,0,1,1,U2 
H4,840,2016,292249,     33.20,      0.00,      6.50,      4.15,0,2,0,6,8,8,U2 
H4,840,2016,292250,     57.80,      0.00,      6.50,      5.25,0,2,0,9,11,11,U2 
H4,840,2016,292310,      3.70,      3.70,      3.70,      3.70,0,0,0,1,1,1,U2 
H4,840,2016,292320,      5.00,      0.00,      5.00,      2.50,0,1,0,1,2,2,U2 
H4,840,2016,292390,      6.20,      6.20,      6.20,      6.20,0,0,0,1,1,1,U2 
H4,840,2016,292411,      0.00,      0.00,      0.00,      0.00,0,1,0,0,1,1,U2 
H4,840,2016,292412,      3.70,      3.70,      3.70,      3.70,0,0,0,1,1,1,U2 
H4,840,2016,292419,     10.20,      3.70,      6.50,      5.10,0,0,0,2,2,2,U2 
H4,840,2016,292421,     39.00,      0.00,      6.50,      4.88,0,2,0,6,8,8,U2 
H4,840,2016,292423,     19.50,      6.50,      6.50,      6.50,0,0,0,3,3,3,U2 
H4,840,2016,292424,      0.00,      0.00,      0.00,      0.00,0,1,0,0,1,1,U2 
H4,840,2016,292429,     82.60,      0.00,      6.50,      3.93,0,8,0,13,21,21,U2 
H4,840,2016,292511,      6.50,      6.50,      6.50,      6.50,0,0,0,1,1,1,U2 
H4,840,2016,292512,      0.00,      0.00,      0.00,      0.00,0,1,0,0,1,1,U2 
H4,840,2016,292519,     16.70,      0.00,      6.50,      3.34,0,2,0,3,5,5,U2 
H4,840,2016,292521,      6.50,      6.50,      6.50,      6.50,0,0,0,1,1,1,U2 
H4,840,2016,292529,     23.20,      0.00,      6.50,      3.87,0,2,0,4,6,6,U2 
H4,840,2016,292610,      6.50,      6.50,      6.50,      6.50,0,0,0,1,1,1,U2 
H4,840,2016,292620,      0.00,      0.00,      0.00,      0.00,0,1,0,0,1,1,U2 
H4,840,2016,292630,      6.50,      0.00,      6.50,      3.25,0,1,0,1,2,2,U2 
H4,840,2016,292690,     71.50,      0.00,      6.50,      4.47,0,5,0,11,16,16,U2 
H4,840,2016,292700,     35.50,      0.00,      6.50,      4.44,0,2,0,6,8,8,U2 
H4,840,2016,292800,     20.40,      0.00,      6.50,      4.08,0,1,0,4,5,5,U2 
H4,840,2016,292910,     44.80,      0.00,      6.50,      5.60,0,1,0,7,8,8,U2 
H4,840,2016,292990,     19.50,      0.00,      6.50,      4.88,0,1,0,3,4,4,U2 
H4,840,2016,293020,     16.70,      0.00,      6.50,      4.18,0,1,0,3,4,4,U2 
H4,840,2016,293030,      3.70,      0.00,      3.70,      1.85,0,1,0,1,2,2,U2 
H4,840,2016,293040,      0.00,      0.00,      0.00,      0.00,0,1,0,0,1,1,U2 
H4,840,2016,293050,      6.50,      6.50,      6.50,      6.50,0,0,0,1,1,1,U2 
H4,840,2016,293090,     37.60,      0.00,      6.50,      3.42,0,4,0,7,11,11,U2 
H4,840,2016,293110,      3.70,      3.70,      3.70,      3.70,0,0,0,1,1,1,U2 
H4,840,2016,293120,      3.70,      3.70,      3.70,      3.70,0,0,0,1,1,1,U2 
H4,840,2016,293190,     42.00,      0.00,      6.50,      4.67,0,2,0,7,9,9,U2 
H4,840,2016,293211,      3.70,      3.70,      3.70,      3.70,0,0,0,1,1,1,U2 
H4,840,2016,293212,      0.00,      0.00,      0.00,      0.00,0,1,0,0,1,1,U2 
H4,840,2016,293213,      3.70,      3.70,      3.70,      3.70,0,0,0,1,1,1,U2 
H4,840,2016,293219,     10.20,      3.70,      6.50,      5.10,0,0,0,2,2,2,U2 
H4,840,2016,293220,     42.70,      3.70,      6.50,      6.10,0,0,0,7,7,7,U2 
H4,840,2016,293291,      6.50,      6.50,      6.50,      6.50,0,0,0,1,1,1,U2 
H4,840,2016,293292,      6.50,      6.50,      6.50,      6.50,0,0,0,1,1,1,U2 
H4,840,2016,293293,      4.80,      4.80,      4.80,      4.80,0,0,0,1,1,1,U2 
H4,840,2016,293294,      6.50,      6.50,      6.50,      6.50,0,0,0,1,1,1,U2 
H4,840,2016,293295,      0.00,      0.00,      0.00,      0.00,0,1,0,0,1,1,U2 
H4,840,2016,293299,     42.00,      0.00,      6.50,      4.20,0,3,0,7,10,10,U2 
H4,840,2016,293311,      6.50,      6.50,      6.50,      6.50,0,0,0,1,1,1,U2 
H4,840,2016,293319,     48.50,      0.00,      6.50,      4.04,0,4,0,8,12,12,U2 
H4,840,2016,293321,      6.50,      6.50,      6.50,      6.50,0,0,0,1,1,1,U2 
H4,840,2016,293329,     35.00,      0.00,      6.50,      4.38,0,2,0,6,8,8,U2 
H4,840,2016,293331,      0.00,      0.00,      0.00,      0.00,0,1,0,0,1,1,U2 
H4,840,2016,293332,     13.00,      6.50,      6.50,      6.50,0,0,0,2,2,2,U2 
H4,840,2016,293333,      0.00,      0.00,      0.00,      0.00,0,1,0,0,1,1,U2 
H4,840,2016,293339,     63.60,      0.00,      6.50,      5.30,0,2,0,10,12,12,U2 
H4,840,2016,293341,      0.00,      0.00,      0.00,      0.00,0,1,0,0,1,1,U2 
H4,840,2016,293349,     51.30,      0.00,      6.50,      5.70,0,1,0,8,9,9,U2 
H4,840,2016,293352,      0.00,      0.00,      0.00,      0.00,0,2,0,0,2,2,U2 
H4,840,2016,293353,      0.00,      0.00,      0.00,      0.00,0,1,0,0,1,1,U2 
H4,840,2016,293354,      3.70,      3.70,      3.70,      3.70,0,0,0,1,1,1,U2 
H4,840,2016,293355,      0.00,      0.00,      0.00,      0.00,0,1,0,0,1,1,U2 
H4,840,2016,293359,     75.20,      0.00,      6.50,      5.78,0,1,0,12,13,13,U2 
H4,840,2016,293361,      3.50,      3.50,      3.50,      3.50,0,0,0,1,1,1,U2 
H4,840,2016,293369,      9.80,      0.00,      6.30,      3.27,0,1,0,2,3,3,U2 
H4,840,2016,293371,      6.50,      6.50,      6.50,      6.50,0,0,0,1,1,1,U2 
H4,840,2016,293372,      0.00,      0.00,      0.00,      0.00,0,1,0,0,1,1,U2 
H4,840,2016,293379,     29.20,      0.00,      6.50,      4.17,0,2,0,5,7,7,U2 
H4,840,2016,293391,      0.00,      0.00,      0.00,      0.00,0,1,0,0,1,1,U2 
H4,840,2016,293399,    117.20,      0.00,      6.50,      4.04,0,10,0,19,29,29,U2 
H4,840,2016,293410,     19.50,      0.00,      6.50,      4.88,0,1,0,3,4,4,U2 
H4,840,2016,293420,     51.30,      0.00,      6.50,      5.70,0,1,0,8,9,9,U2 
H4,840,2016,293430,     32.50,      0.00,      6.50,      5.42,0,1,0,5,6,6,U2 
H4,840,2016,293491,      0.00,      0.00,      0.00,      0.00,0,1,0,0,1,1,U2 
H4,840,2016,293499,     87.50,      0.00,      6.50,      4.61,0,5,0,14,19,19,U2 
H4,840,2016,293500,     58.50,      0.00,      6.50,      4.18,0,5,0,9,14,14,U2 
H4,840,2016,293621,      0.00,      0.00,      0.00,      0.00,0,1,0,0,1,1,U2 
H4,840,2016,293622,      0.00,      0.00,      0.00,      0.00,0,1,0,0,1,1,U2 
H4,840,2016,293623,      0.00,      0.00,      0.00,      0.00,0,1,0,0,1,1,U2 
H4,840,2016,293624,      0.00,      0.00,      0.00,      0.00,0,1,0,0,1,1,U2 
H4,840,2016,293625,      0.00,      0.00,      0.00,      0.00,0,1,0,0,1,1,U2 
H4,840,2016,293626,      0.00,      0.00,      0.00,      0.00,0,1,0,0,1,1,U2 
H4,840,2016,293627,      0.00,      0.00,      0.00,      0.00,0,1,0,0,1,1,U2 
H4,840,2016,293628,      0.00,      0.00,      0.00,      0.00,0,1,0,0,1,1,U2 
H4,840,2016,293629,      0.00,      0.00,      0.00,      0.00,0,4,0,0,4,4,U2 
H4,840,2016,293690,      0.00,      0.00,      0.00,      0.00,0,1,0,0,1,1,U2 
H4,840,2016,293711,      0.00,      0.00,      0.00,      0.00,0,1,0,0,1,1,U2 
H4,840,2016,293712,      0.00,      0.00,      0.00,      0.00,0,1,0,0,1,1,U2 
H4,840,2016,293719,      0.00,      0.00,      0.00,      0.00,0,1,0,0,1,1,U2 
H4,840,2016,293721,      0.00,      0.00,      0.00,      0.00,0,1,0,0,1,1,U2 
H4,840,2016,293722,      0.00,      0.00,      0.00,      0.00,0,1,0,0,1,1,U2 
H4,840,2016,293723,      0.00,      0.00,      0.00,      0.00,0,3,0,0,3,3,U2 
H4,840,2016,293729,      0.00,      0.00,      0.00,      0.00,0,2,0,0,2,2,U2 
H4,840,2016,293750,      0.00,      0.00,      0.00,      0.00,0,1,0,0,1,1,U2 
H4,840,2016,293790,      0.00,      0.00,      0.00,      0.00,0,6,0,0,6,6,U2 
H4,840,2016,293810,      1.50,      1.50,      1.50,      1.50,0,0,0,1,1,1,U2 
H4,840,2016,293890,      3.70,      3.70,      3.70,      3.70,0,0,0,1,1,1,U2 
H4,840,2016,293911,      0.00,      0.00,      0.00,      0.00,0,1,0,0,1,1,U2 
H4,840,2016,293919,      0.00,      0.00,      0.00,      0.00,0,3,0,0,3,3,U2 
H4,840,2016,293920,      0.00,      0.00,      0.00,      0.00,0,1,0,0,1,1,U2 
H4,840,2016,293930,      0.00,      0.00,      0.00,      0.00,0,1,0,0,1,1,U2 
H4,840,2016,293941,      0.00,      0.00,      0.00,      0.00,0,1,0,0,1,1,U2 
H4,840,2016,293942,      0.00,      0.00,      0.00,      0.00,0,1,0,0,1,1,U2 
H4,840,2016,293943,      0.00,      0.00,      0.00,      0.00,0,1,0,0,1,1,U2 
H4,840,2016,293944,      0.00,      0.00,      0.00,      0.00,0,1,0,0,1,1,U2 
H4,840,2016,293949,      0.00,      0.00,      0.00,      0.00,0,1,0,0,1,1,U2 
H4,840,2016,293951,      0.00,      0.00,      0.00,      0.00,0,1,0,0,1,1,U2 
H4,840,2016,293959,      0.00,      0.00,      0.00,      0.00,0,1,0,0,1,1,U2 
H4,840,2016,293961,      0.00,      0.00,      0.00,      0.00,0,1,0,0,1,1,U2 
H4,840,2016,293962,      0.00,      0.00,      0.00,      0.00,0,1,0,0,1,1,U2 
H4,840,2016,293963,      0.00,      0.00,      0.00,      0.00,0,1,0,0,1,1,U2 
H4,840,2016,293969,      0.00,      0.00,      0.00,      0.00,0,1,0,0,1,1,U2 
H4,840,2016,293991,      0.00,      0.00,      0.00,      0.00,0,1,0,0,1,1,U2 
H4,840,2016,293999,      0.00,      0.00,      0.00,      0.00,0,1,0,0,1,1,U2 
H4,840,2016,294000,      5.80,      0.00,      5.80,      2.90,0,1,0,1,2,2,U2 
H4,840,2016,294110,      0.00,      0.00,      0.00,      0.00,0,4,0,0,4,4,U2 
H4,840,2016,294120,      3.50,      0.00,      3.50,      1.75,0,1,0,1,2,2,U2 
H4,840,2016,294130,      0.00,      0.00,      0.00,      0.00,0,1,0,0,1,1,U2 
H4,840,2016,294140,      0.00,      0.00,      0.00,      0.00,0,1,0,0,1,1,U2 
H4,840,2016,294150,      0.00,      0.00,      0.00,      0.00,0,1,0,0,1,1,U2 
H4,840,2016,294190,      0.00,      0.00,      0.00,      0.00,0,3,0,0,3,3,U2 
H4,840,2016,294200,     23.20,      0.00,      6.50,      4.64,0,1,0,4,5,5,U2 
H4,840,2016,300120,      0.00,      0.00,      0.00,      0.00,0,1,0,0,1,1,U2 
H4,840,2016,300190,      0.00,      0.00,      0.00,      0.00,0,1,0,0,1,1,U2 
H4,840,2016,300210,      0.00,      0.00,      0.00,      0.00,0,1,0,0,1,1,U2 
H4,840,2016,300220,      0.00,      0.00,      0.00,      0.00,0,1,0,0,1,1,U2 
H4,840,2016,300230,      0.00,      0.00,      0.00,      0.00,0,1,0,0,1,1,U2 
H4,840,2016,300290,      0.00,      0.00,      0.00,      0.00,0,2,0,0,2,2,U2 
H4,840,2016,300310,      0.00,      0.00,      0.00,      0.00,0,1,0,0,1,1,U2 
H4,840,2016,300320,      0.00,      0.00,      0.00,      0.00,0,1,0,0,1,1,U2 
H4,840,2016,300331,      0.00,      0.00,      0.00,      0.00,0,1,0,0,1,1,U2 
H4,840,2016,300339,      0.00,      0.00,      0.00,      0.00,0,2,0,0,2,2,U2 
H4,840,2016,300340,      0.00,      0.00,      0.00,      0.00,0,1,0,0,1,1,U2 
H4,840,2016,300390,      0.00,      0.00,      0.00,      0.00,0,1,0,0,1,1,U2 
H4,840,2016,300410,      0.00,      0.00,      0.00,      0.00,0,2,0,0,2,2,U2 
H4,840,2016,300420,      0.00,      0.00,      0.00,      0.00,0,1,0,0,1,1,U2 
H4,840,2016,300431,      0.00,      0.00,      0.00,      0.00,0,1,0,0,1,1,U2 
H4,840,2016,300432,      0.00,      0.00,      0.00,      0.00,0,1,0,0,1,1,U2 
H4,840,2016,300439,      0.00,      0.00,      0.00,      0.00,0,1,0,0,1,1,U2 
H4,840,2016,300440,      0.00,      0.00,      0.00,      0.00,0,1,0,0,1,1,U2 
H4,840,2016,300450,      0.00,      0.00,      0.00,      0.00,0,5,0,0,5,5,U2 
H4,840,2016,300490,      0.00,      0.00,      0.00,      0.00,0,2,0,0,2,2,U2 
H4,840,2016,300510,      0.00,      0.00,      0.00,      0.00,0,2,0,0,2,2,U2 
H4,840,2016,300590,      0.00,      0.00,      0.00,      0.00,0,2,0,0,2,2,U2 
H4,840,2016,300610,      0.00,      0.00,      0.00,      0.00,0,1,0,0,1,1,U2 
H4,840,2016,300620,      0.00,      0.00,      0.00,      0.00,0,1,0,0,1,1,U2 
H4,840,2016,300630,      0.00,      0.00,      0.00,      0.00,0,2,0,0,2,2,U2 
H4,840,2016,300640,      0.00,      0.00,      0.00,      0.00,0,1,0,0,1,1,U2 
H4,840,2016,300650,      0.00,      0.00,      0.00,      0.00,0,1,0,0,1,1,U2 
H4,840,2016,300660,      0.00,      0.00,      0.00,      0.00,0,1,0,0,1,1,U2 
H4,840,2016,300670,      5.00,      5.00,      5.00,      5.00,0,0,0,1,1,1,U2 
H4,840,2016,300691,      4.20,      4.20,      4.20,      4.20,0,0,0,1,1,1,U2 
H4,840,2016,300692,      0.00,      0.00,      0.00,      0.00,0,1,0,0,1,1,U2 
H4,840,2016,310100,      0.00,      0.00,      0.00,      0.00,0,1,0,0,1,1,U2 
H4,840,2016,310210,      0.00,      0.00,      0.00,      0.00,0,1,0,0,1,1,U2 
H4,840,2016,310221,      0.00,      0.00,      0.00,      0.00,0,1,0,0,1,1,U2 
H4,840,2016,310229,      0.00,      0.00,      0.00,      0.00,0,1,0,0,1,1,U2 
H4,840,2016,310230,      0.00,      0.00,      0.00,      0.00,0,1,0,0,1,1,U2 
H4,840,2016,310240,      0.00,      0.00,      0.00,      0.00,0,1,0,0,1,1,U2 
H4,840,2016,310250,      0.00,      0.00,      0.00,      0.00,0,1,0,0,1,1,U2 
H4,840,2016,310260,      0.00,      0.00,      0.00,      0.00,0,1,0,0,1,1,U2 
H4,840,2016,310280,      0.00,      0.00,      0.00,      0.00,0,1,0,0,1,1,U2 
H4,840,2016,310290,      0.00,      0.00,      0.00,      0.00,0,1,0,0,1,1,U2 
H4,840,2016,310310,      0.00,      0.00,      0.00,      0.00,0,1,0,0,1,1,U2 
H4,840,2016,310390,      0.00,      0.00,      0.00,      0.00,0,1,0,0,1,1,U2 
H4,840,2016,310420,      0.00,      0.00,      0.00,      0.00,0,1,0,0,1,1,U2 
H4,840,2016,310430,      0.00,      0.00,      0.00,      0.00,0,1,0,0,1,1,U2 
H4,840,2016,310490,      0.00,      0.00,      0.00,      0.00,0,1,0,0,1,1,U2 
H4,840,2016,310510,      0.00,      0.00,      0.00,      0.00,0,1,0,0,1,1,U2 
H4,840,2016,310520,      0.00,      0.00,      0.00,      0.00,0,1,0,0,1,1,U2 
H4,840,2016,310530,      0.00,      0.00,      0.00,      0.00,0,1,0,0,1,1,U2 
H4,840,2016,310540,      0.00,      0.00,      0.00,      0.00,0,1,0,0,1,1,U2 
H4,840,2016,310551,      0.00,      0.00,      0.00,      0.00,0,1,0,0,1,1,U2 
H4,840,2016,310559,      0.00,      0.00,      0.00,      0.00,0,1,0,0,1,1,U2 
H4,840,2016,310560,      0.00,      0.00,      0.00,      0.00,0,1,0,0,1,1,U2 
H4,840,2016,310590,      0.00,      0.00,      0.00,      0.00,0,1,0,0,1,1,U2 
H4,840,2016,320110,      0.00,      0.00,      0.00,      0.00,0,1,0,0,1,1,U2 
H4,840,2016,320120,      0.00,      0.00,      0.00,      0.00,0,1,0,0,1,1,U2 
H4,840,2016,320190,      4.60,      0.00,      3.10,      1.53,0,1,0,2,3,3,U2 
H4,840,2016,320210,     13.00,      6.50,      6.50,      6.50,0,0,0,2,2,2,U2 
H4,840,2016,320290,      5.00,      0.00,      5.00,      2.50,0,1,0,1,2,2,U2 
H4,840,2016,320300,      3.10,      0.00,      3.10,      1.03,0,2,0,1,3,3,U2 
H4,840,2016,320411,     26.00,      0.00,      6.50,      5.20,0,1,0,4,5,5,U2 
H4,840,2016,320412,     32.50,      0.00,      6.50,      4.64,0,2,0,5,7,7,U2 
H4,840,2016,320413,     32.50,      0.00,      6.50,      5.42,0,1,0,5,6,6,U2 
H4,840,2016,320414,     32.50,      6.50,      6.50,      6.50,0,0,0,5,5,5,U2 
H4,840,2016,320415,     39.00,      0.00,      6.50,      5.57,0,1,0,6,7,7,U2 
H4,840,2016,320416,     26.00,      6.50,      6.50,      6.50,0,0,0,4,4,4,U2 
H4,840,2016,320417,     26.00,      0.00,      6.50,      4.33,0,2,0,4,6,6,U2 
H4,840,2016,320419,     42.10,      0.00,      6.50,      5.26,0,1,0,7,8,8,U2 
H4,840,2016,320420,     13.00,      0.00,      6.50,      4.33,0,1,0,2,3,3,U2 
H4,840,2016,320490,      5.90,      5.90,      5.90,      5.90,0,0,0,1,1,1,U2 
H4,840,2016,320500,     19.50,      0.00,      6.50,      4.88,0,1,0,3,4,4,U2 
H4,840,2016,320611,      6.00,      6.00,      6.00,      6.00,0,0,0,1,1,1,U2 
H4,840,2016,320619,      6.00,      6.00,      6.00,      6.00,0,0,0,1,1,1,U2 
H4,840,2016,320620,      3.70,      3.70,      3.70,      3.70,0,0,0,1,1,1,U2 
H4,840,2016,320641,      1.50,      1.50,      1.50,      1.50,0,0,0,1,1,1,U2 
H4,840,2016,320642,      2.20,      2.20,      2.20,      2.20,0,0,0,1,1,1,U2 
H4,840,2016,320649,     20.50,      0.00,      6.50,      3.42,0,1,0,5,6,6,U2 
H4,840,2016,320650,      6.50,      6.50,      6.50,      6.50,0,0,0,1,1,1,U2 
H4,840,2016,320710,      3.10,      3.10,      3.10,      3.10,0,0,0,1,1,1,U2 
H4,840,2016,320720,      4.90,      4.90,      4.90,      4.90,0,0,0,1,1,1,U2 
H4,840,2016,320730,      3.10,      3.10,      3.10,      3.10,0,0,0,1,1,1,U2 
H4,840,2016,320740,     12.50,      6.00,      6.50,      6.25,0,0,0,2,2,2,U2 
H4,840,2016,320810,      3.70,      3.70,      3.70,      3.70,0,0,0,1,1,1,U2 
H4,840,2016,320820,      3.60,      3.60,      3.60,      3.60,0,0,0,1,1,1,U2 
H4,840,2016,320890,      3.20,      3.20,      3.20,      3.20,0,0,0,1,1,1,U2 
H4,840,2016,320910,      5.10,      5.10,      5.10,      5.10,0,0,0,1,1,1,U2 
H4,840,2016,320990,      5.90,      5.90,      5.90,      5.90,0,0,0,1,1,1,U2 
H4,840,2016,321000,      1.80,      1.80,      1.80,      1.80,0,0,0,1,1,1,U2 
H4,840,2016,321100,      3.70,      3.70,      3.70,      3.70,0,0,0,1,1,1,U2 
H4,840,2016,321210,      4.70,      4.70,      4.70,      4.70,0,0,0,1,1,1,U2 
H4,840,2016,321290,      3.10,      3.10,      3.10,      3.10,0,0,0,1,1,1,U2 
H4,840,2016,321310,      6.50,      6.50,      6.50,      6.50,0,0,0,1,1,1,U2 
H4,840,2016,321390,      3.40,      3.40,      3.40,      3.40,0,0,0,1,1,1,U2 
H4,840,2016,321410,      3.70,      3.70,      3.70,      3.70,0,0,0,1,1,1,U2 
H4,840,2016,321490,      6.50,      0.00,      6.50,      3.25,0,1,0,1,2,2,U2 
H4,840,2016,321511,      1.80,      1.80,      1.80,      1.80,0,0,0,1,1,1,U2 
H4,840,2016,321519,      1.80,      1.80,      1.80,      1.80,0,0,0,1,1,1,U2 
H4,840,2016,321590,      4.90,      1.80,      3.10,      2.45,0,0,0,2,2,2,U2 
H4,840,2016,330112,      2.70,      2.70,      2.70,      2.70,0,0,0,1,1,1,U2 
H4,840,2016,330113,      3.80,      3.80,      3.80,      3.80,0,0,0,1,1,1,U2 
H4,840,2016,330119,      2.70,      0.00,      2.70,      1.35,0,1,0,1,2,2,U2 
H4,840,2016,330124,      4.20,      4.20,      4.20,      4.20,0,0,0,1,1,1,U2 
H4,840,2016,330125,      0.00,      0.00,      0.00,      0.00,0,1,0,0,1,1,U2 
H4,840,2016,330129,      2.90,      0.00,      1.80,      0.97,0,1,0,2,3,3,U2 
H4,840,2016,330130,      0.00,      0.00,      0.00,      0.00,0,1,0,0,1,1,U2 
H4,840,2016,330190,      3.80,      0.00,      3.80,      1.90,0,1,0,1,2,2,U2 
H4,840,2016,330210,      5.21,      0.00,      2.84,      1.04,0,3,2,0,5,5,U2 
H4,840,2016,330290,      0.00,      0.00,      0.00,      0.00,0,2,0,0,2,2,U2 
H4,840,2016,330300,      0.00,      0.00,      0.00,      0.00,0,3,0,0,3,3,U2 
H4,840,2016,330410,      0.00,      0.00,      0.00,      0.00,0,1,0,0,1,1,U2 
H4,840,2016,330420,      0.00,      0.00,      0.00,      0.00,0,1,0,0,1,1,U2 
H4,840,2016,330430,      0.00,      0.00,      0.00,      0.00,0,1,0,0,1,1,U2 
H4,840,2016,330491,      0.00,      0.00,      0.00,      0.00,0,1,0,0,1,1,U2 
H4,840,2016,330499,      0.00,      0.00,      0.00,      0.00,0,2,0,0,2,2,U2 
H4,840,2016,330510,      0.00,      0.00,      0.00,      0.00,0,1,0,0,1,1,U2 
H4,840,2016,330520,      0.00,      0.00,      0.00,      0.00,0,1,0,0,1,1,U2 
H4,840,2016,330530,      0.00,      0.00,      0.00,      0.00,0,1,0,0,1,1,U2 
H4,840,2016,330590,      0.00,      0.00,      0.00,      0.00,0,1,0,0,1,1,U2 
H4,840,2016,330610,      0.00,      0.00,      0.00,      0.00,0,1,0,0,1,1,U2 
H4,840,2016,330620,      0.00,      0.00,      0.00,      0.00,0,1,0,0,1,1,U2 
H4,840,2016,330690,      0.00,      0.00,      0.00,      0.00,0,1,0,0,1,1,U2 
H4,840,2016,330710,      9.80,      4.90,      4.90,      4.90,0,0,0,2,2,2,U2 
H4,840,2016,330720,      4.90,      4.90,      4.90,      4.90,0,0,0,1,1,1,U2 
H4,840,2016,330730,     10.70,      4.90,      5.80,      5.35,0,0,0,2,2,2,U2 
H4,840,2016,330741,      2.40,      2.40,      2.40,      2.40,0,0,0,1,1,1,U2 
H4,840,2016,330749,      6.00,      6.00,      6.00,      6.00,0,0,0,1,1,1,U2 
H4,840,2016,330790,      5.40,      5.40,      5.40,      5.40,0,0,0,1,1,1,U2 
H4,840,2016,340111,      0.00,      0.00,      0.00,      0.00,0,2,0,0,2,2,U2 
H4,840,2016,340119,      0.00,      0.00,      0.00,      0.00,0,1,0,0,1,1,U2 
H4,840,2016,340120,      0.00,      0.00,      0.00,      0.00,0,1,0,0,1,1,U2 
H4,840,2016,340130,      4.00,      0.00,      4.00,      2.00,0,1,0,1,2,2,U2 
H4,840,2016,340211,     14.20,      3.70,      6.50,      4.73,0,0,0,3,3,3,U2 
H4,840,2016,340212,      8.00,      4.00,      4.00,      4.00,0,0,0,2,2,2,U2 
H4,840,2016,340213,     11.70,      3.70,      4.00,      3.90,0,0,0,3,3,3,U2 
H4,840,2016,340219,      7.70,      3.70,      4.00,      3.85,0,0,0,2,2,2,U2 
H4,840,2016,340220,      4.00,      0.00,      4.00,      2.00,0,1,0,1,2,2,U2 
H4,840,2016,340290,     11.50,      3.70,      4.00,      3.83,0,0,0,3,3,3,U2 
H4,840,2016,340311,      7.70,      0.20,      6.10,      2.57,0,0,0,3,3,3,U2 
H4,840,2016,340319,      6.00,      0.20,      5.80,      3.00,0,0,0,2,2,2,U2 
H4,840,2016,340391,     12.50,      6.00,      6.50,      6.25,0,0,0,2,2,2,U2 
H4,840,2016,340399,      6.50,      6.50,      6.50,      6.50,0,0,0,1,1,1,U2 
H4,840,2016,340420,      0.00,      0.00,      0.00,      0.00,0,1,0,0,1,1,U2 
H4,840,2016,340490,      0.00,      0.00,      0.00,      0.00,0,2,0,0,2,2,U2 
H4,840,2016,340510,      0.00,      0.00,      0.00,      0.00,0,1,0,0,1,1,U2 
H4,840,2016,340520,      0.00,      0.00,      0.00,      0.00,0,1,0,0,1,1,U2 
H4,840,2016,340530,      0.00,      0.00,      0.00,      0.00,0,1,0,0,1,1,U2 
H4,840,2016,340540,      0.00,      0.00,      0.00,      0.00,0,1,0,0,1,1,U2 
H4,840,2016,340590,      0.00,      0.00,      0.00,      0.00,0,1,0,0,1,1,U2 
H4,840,2016,340600,      0.00,      0.00,      0.00,      0.00,0,1,0,0,1,1,U2 
H4,840,2016,340700,      0.00,      0.00,      0.00,      0.00,0,2,0,0,2,2,U2 
H4,840,2016,350110,      0.05,      0.00,      0.05,      0.02,0,1,1,0,2,2,U2 
H4,840,2016,350190,      6.05,      0.05,      6.00,      3.02,0,0,1,1,2,2,U2 
H4,840,2016,350211,      5.34,      5.34,      5.34,      5.34,0,0,1,0,1,1,U2 
H4,840,2016,350219,      7.76,      7.76,      7.76,      7.76,0,0,1,0,1,1,U2 
H4,840,2016,350220,      0.00,      0.00,      0.00,      0.00,0,1,0,0,1,1,U2 
H4,840,2016,350290,      0.00,      0.00,      0.00,      0.00,0,1,0,0,1,1,U2 
H4,840,2016,350300,     13.62,      1.70,      4.26,      3.40,0,0,4,0,4,4,U2 
H4,840,2016,350400,      9.00,      4.00,      5.00,      4.50,0,0,0,2,2,2,U2 
H4,840,2016,350510,      0.73,      0.73,      0.73,      0.73,0,0,1,0,1,1,U2 
H4,840,2016,350520,      5.24,      5.24,      5.24,      5.24,0,0,1,0,1,1,U2 
H4,840,2016,350610,      8.60,      2.10,      6.50,      4.30,0,0,0,2,2,2,U2 
H4,840,2016,350691,      2.10,      2.10,      2.10,      2.10,0,0,0,1,1,1,U2 
H4,840,2016,350699,      2.10,      2.10,      2.10,      2.10,0,0,0,1,1,1,U2 
H4,840,2016,350710,      0.00,      0.00,      0.00,      0.00,0,1,0,0,1,1,U2 
H4,840,2016,350790,      0.00,      0.00,      0.00,      0.00,0,2,0,0,2,2,U2 
H4,840,2016,360100,      6.50,      6.50,      6.50,      6.50,0,0,0,1,1,1,U2 
H4,840,2016,360200,      0.00,      0.00,      0.00,      0.00,0,1,0,0,1,1,U2 
H4,840,2016,360300,      7.40,      0.20,      4.20,      2.47,0,0,0,3,3,3,U2 
H4,840,2016,360410,      7.70,      2.40,      5.30,      3.85,0,0,0,2,2,2,U2 
H4,840,2016,360490,      6.50,      6.50,      6.50,      6.50,0,0,0,1,1,1,U2 
H4,840,2016,360500,      0.00,      0.00,      0.00,      0.00,0,1,0,0,1,1,U2 
H4,840,2016,360610,      0.00,      0.00,      0.00,      0.00,0,1,0,0,1,1,U2 
H4,840,2016,360690,     10.90,      0.00,      5.90,      3.63,0,1,0,2,3,3,U2 
H4,840,2016,370110,      3.70,      3.70,      3.70,      3.70,0,0,0,1,1,1,U2 
H4,840,2016,370120,      3.70,      3.70,      3.70,      3.70,0,0,0,1,1,1,U2 
H4,840,2016,370130,      3.70,      3.70,      3.70,      3.70,0,0,0,1,1,1,U2 
H4,840,2016,370191,      3.70,      3.70,      3.70,      3.70,0,0,0,1,1,1,U2 
H4,840,2016,370199,      8.60,      3.70,      4.90,      4.30,0,0,0,2,2,2,U2 
H4,840,2016,370210,      3.70,      3.70,      3.70,      3.70,0,0,0,1,1,1,U2 
H4,840,2016,370231,      3.70,      3.70,      3.70,      3.70,0,0,0,1,1,1,U2 
H4,840,2016,370232,      3.70,      3.70,      3.70,      3.70,0,0,0,1,1,1,U2 
H4,840,2016,370239,      3.70,      3.70,      3.70,      3.70,0,0,0,1,1,1,U2 
H4,840,2016,370241,      3.70,      3.70,      3.70,      3.70,0,0,0,1,1,1,U2 
H4,840,2016,370242,      3.70,      3.70,      3.70,      3.70,0,0,0,1,1,1,U2 
H4,840,2016,370243,      3.70,      3.70,      3.70,      3.70,0,0,0,1,1,1,U2 
H4,840,2016,370244,      3.70,      3.70,      3.70,      3.70,0,0,0,1,1,1,U2 
H4,840,2016,370252,      3.70,      3.70,      3.70,      3.70,0,0,0,1,1,1,U2 
H4,840,2016,370253,      3.70,      3.70,      3.70,      3.70,0,0,0,1,1,1,U2 
H4,840,2016,370254,      3.70,      3.70,      3.70,      3.70,0,0,0,1,1,1,U2 
H4,840,2016,370255,      0.00,      0.00,      0.00,      0.00,0,1,0,0,1,1,U2 
H4,840,2016,370256,      0.00,      0.00,      0.00,      0.00,0,1,0,0,1,1,U2 
H4,840,2016,370296,      3.70,      3.70,      3.70,      3.70,0,0,0,1,1,1,U2 
H4,840,2016,370297,      0.00,      0.00,      0.00,      0.00,0,1,0,0,1,1,U2 
H4,840,2016,370298,      3.70,      3.70,      3.70,      3.70,0,0,0,1,1,1,U2 
H4,840,2016,370310,      6.80,      3.10,      3.70,      3.40,0,0,0,2,2,2,U2 
H4,840,2016,370320,      6.80,      3.10,      3.70,      3.40,0,0,0,2,2,2,U2 
H4,840,2016,370390,      6.50,      2.80,      3.70,      3.25,0,0,0,2,2,2,U2 
H4,840,2016,370400,      0.00,      0.00,      0.00,      0.00,0,1,0,0,1,1,U2 
H4,840,2016,370510,      0.00,      0.00,      0.00,      0.00,0,1,0,0,1,1,U2 
H4,840,2016,370590,      0.00,      0.00,      0.00,      0.00,0,1,0,0,1,1,U2 
H4,840,2016,370610,      1.40,      0.00,      1.40,      0.70,0,1,0,1,2,2,U2 
H4,840,2016,370690,      0.00,      0.00,      0.00,      0.00,0,1,0,0,1,1,U2 
H4,840,2016,370710,      3.00,      3.00,      3.00,      3.00,0,0,0,1,1,1,U2 
H4,840,2016,370790,      8.00,      0.00,      6.50,      2.67,0,1,0,2,3,3,U2 
H4,840,2016,380110,      3.70,      0.00,      3.70,      1.85,0,1,0,1,2,2,U2 
H4,840,2016,380120,      0.00,      0.00,      0.00,      0.00,0,1,0,0,1,1,U2 
H4,840,2016,380130,      4.90,      4.90,      4.90,      4.90,0,0,0,1,1,1,U2 
H4,840,2016,380190,      4.90,      4.90,      4.90,      4.90,0,0,0,1,1,1,U2 
H4,840,2016,380210,      4.80,      4.80,      4.80,      4.80,0,0,0,1,1,1,U2 
H4,840,2016,380290,     13.10,      2.50,      5.80,      4.37,0,0,0,3,3,3,U2 
H4,840,2016,380300,      0.00,      0.00,      0.00,      0.00,0,1,0,0,1,1,U2 
H4,840,2016,380400,      3.70,      0.00,      3.70,      1.85,0,1,0,1,2,2,U2 
H4,840,2016,380510,      5.00,      5.00,      5.00,      5.00,0,0,0,1,1,1,U2 
H4,840,2016,380590,      3.70,      0.00,      3.70,      1.85,0,1,0,1,2,2,U2 
H4,840,2016,380610,      5.00,      5.00,      5.00,      5.00,0,0,0,1,1,1,U2 
H4,840,2016,380620,      3.70,      3.70,      3.70,      3.70,0,0,0,1,1,1,U2 
H4,840,2016,380630,      6.50,      6.50,      6.50,      6.50,0,0,0,1,1,1,U2 
H4,840,2016,380690,      4.20,      4.20,      4.20,      4.20,0,0,0,1,1,1,U2 
H4,840,2016,380700,      0.10,      0.10,      0.10,      0.10,0,0,0,1,1,1,U2 
H4,840,2016,380850,     16.50,      5.00,      6.50,      5.50,0,0,0,3,3,3,U2 
H4,840,2016,380891,     19.30,      0.00,      6.50,      3.86,0,1,0,4,5,5,U2 
H4,840,2016,380892,     20.20,      0.00,      6.50,      3.37,0,2,0,4,6,6,U2 
H4,840,2016,380893,     16.50,      0.00,      6.50,      4.13,0,1,0,3,4,4,U2 
H4,840,2016,380894,     11.50,      5.00,      6.50,      5.75,0,0,0,2,2,2,U2 
H4,840,2016,380899,     16.50,      0.00,      6.50,      3.30,0,2,0,3,5,5,U2 
H4,840,2016,380910,      5.85,      5.85,      5.85,      5.85,0,0,1,0,1,1,U2 
H4,840,2016,380991,      6.00,      6.00,      6.00,      6.00,0,0,0,1,1,1,U2 
H4,840,2016,380992,     12.50,      6.00,      6.50,      6.25,0,0,0,2,2,2,U2 
H4,840,2016,380993,     12.50,      6.00,      6.50,      6.25,0,0,0,2,2,2,U2 
H4,840,2016,381010,      5.00,      5.00,      5.00,      5.00,0,0,0,1,1,1,U2 
H4,840,2016,381090,     11.50,      0.00,      6.50,      3.83,0,1,0,2,3,3,U2 
H4,840,2016,381111,      0.00,      0.00,      0.00,      0.00,0,2,0,0,2,2,U2 
H4,840,2016,381119,      6.50,      6.50,      6.50,      6.50,0,0,0,1,1,1,U2 
H4,840,2016,381121,      6.50,      6.50,      6.50,      6.50,0,0,0,1,1,1,U2 
H4,840,2016,381129,      6.50,      6.50,      6.50,      6.50,0,0,0,1,1,1,U2 
H4,840,2016,381190,      6.50,      6.50,      6.50,      6.50,0,0,0,1,1,1,U2 
H4,840,2016,381210,     11.50,      5.00,      6.50,      5.75,0,0,0,2,2,2,U2 
H4,840,2016,381220,     11.50,      5.00,      6.50,      5.75,0,0,0,2,2,2,U2 
H4,840,2016,381230,     18.00,      0.00,      6.50,      3.60,0,2,0,3,5,5,U2 
H4,840,2016,381300,      3.70,      0.00,      3.70,      1.85,0,1,0,1,2,2,U2 
H4,840,2016,381400,     19.00,      6.00,      6.50,      6.33,0,0,0,3,3,3,U2 
H4,840,2016,381511,      0.00,      0.00,      0.00,      0.00,0,1,0,0,1,1,U2 
H4,840,2016,381512,      0.00,      0.00,      0.00,      0.00,0,1,0,0,1,1,U2 
H4,840,2016,381519,      0.00,      0.00,      0.00,      0.00,0,1,0,0,1,1,U2 
H4,840,2016,381590,     14.30,      0.00,      6.50,      3.58,0,1,0,3,4,4,U2 
H4,840,2016,381600,      3.00,      3.00,      3.00,      3.00,0,0,0,1,1,1,U2 
H4,840,2016,381700,     19.50,      6.50,      6.50,      6.50,0,0,0,3,3,3,U2 
H4,840,2016,381800,      0.00,      0.00,      0.00,      0.00,0,1,0,0,1,1,U2 
H4,840,2016,381900,      6.50,      6.50,      6.50,      6.50,0,0,0,1,1,1,U2 
H4,840,2016,382000,      6.50,      6.50,      6.50,      6.50,0,0,0,1,1,1,U2 
H4,840,2016,382100,      5.00,      5.00,      5.00,      5.00,0,0,0,1,1,1,U2 
H4,840,2016,382200,      0.00,      0.00,      0.00,      0.00,0,3,0,0,3,3,U2 
H4,840,2016,382311,      6.05,      6.05,      6.05,      6.05,0,0,1,0,1,1,U2 
H4,840,2016,382312,      4.95,      4.95,      4.95,      4.95,0,0,1,0,1,1,U2 
H4,840,2016,382313,      3.20,      3.20,      3.20,      3.20,0,0,0,1,1,1,U2 
H4,840,2016,382319,      5.50,      2.30,      3.20,      2.75,0,0,0,2,2,2,U2 
H4,840,2016,382370,      9.50,      2.00,      5.10,      3.17,0,0,0,3,3,3,U2 
H4,840,2016,382410,      6.00,      6.00,      6.00,      6.00,0,0,0,1,1,1,U2 
H4,840,2016,382430,      3.60,      3.60,      3.60,      3.60,0,0,0,1,1,1,U2 
H4,840,2016,382440,     11.50,      0.00,      6.50,      3.83,0,1,0,2,3,3,U2 
H4,840,2016,382450,      0.00,      0.00,      0.00,      0.00,0,1,0,0,1,1,U2 
H4,840,2016,382460,      4.90,      4.90,      4.90,      4.90,0,0,0,1,1,1,U2 
H4,840,2016,382471,      3.70,      3.70,      3.70,      3.70,0,0,0,1,1,1,U2 
H4,840,2016,382472,      3.70,      3.70,      3.70,      3.70,0,0,0,1,1,1,U2 
H4,840,2016,382473,      3.70,      3.70,      3.70,      3.70,0,0,0,1,1,1,U2 
H4,840,2016,382474,      3.70,      3.70,      3.70,      3.70,0,0,0,1,1,1,U2 
H4,840,2016,382475,      6.50,      6.50,      6.50,      6.50,0,0,0,1,1,1,U2 
H4,840,2016,382476,      6.50,      6.50,      6.50,      6.50,0,0,0,1,1,1,U2 
H4,840,2016,382477,      3.70,      3.70,      3.70,      3.70,0,0,0,1,1,1,U2 
H4,840,2016,382478,      3.70,      3.70,      3.70,      3.70,0,0,0,1,1,1,U2 
H4,840,2016,382479,     10.20,      3.70,      6.50,      5.10,0,0,0,2,2,2,U2 
H4,840,2016,382481,      5.00,      5.00,      5.00,      5.00,0,0,0,1,1,1,U2 
H4,840,2016,382482,     10.20,      3.70,      6.50,      5.10,0,0,0,2,2,2,U2 
H4,840,2016,382483,      5.00,      5.00,      5.00,      5.00,0,0,0,1,1,1,U2 
H4,840,2016,382490,     89.00,      0.00,      6.50,      4.24,0,5,0,16,21,21,U2 
H4,840,2016,382510,      0.00,      0.00,      0.00,      0.00,0,1,0,0,1,1,U2 
H4,840,2016,382520,      0.00,      0.00,      0.00,      0.00,0,1,0,0,1,1,U2 
H4,840,2016,382530,      0.00,      0.00,      0.00,      0.00,0,1,0,0,1,1,U2 
H4,840,2016,382541,      0.00,      0.00,      0.00,      0.00,0,1,0,0,1,1,U2 
H4,840,2016,382549,      0.00,      0.00,      0.00,      0.00,0,1,0,0,1,1,U2 
H4,840,2016,382550,      0.00,      0.00,      0.00,      0.00,0,1,0,0,1,1,U2 
H4,840,2016,382561,      0.00,      0.00,      0.00,      0.00,0,1,0,0,1,1,U2 
H4,840,2016,382569,      0.00,      0.00,      0.00,      0.00,0,1,0,0,1,1,U2 
H4,840,2016,382590,      0.00,      0.00,      0.00,      0.00,0,1,0,0,1,1,U2 
H4,840,2016,382600,     11.10,      4.60,      6.50,      5.55,0,0,0,2,2,2,U2 
H4,840,2016,390110,     13.00,      6.50,      6.50,      6.50,0,0,0,2,2,2,U2 
H4,840,2016,390120,     13.00,      6.50,      6.50,      6.50,0,0,0,2,2,2,U2 
H4,840,2016,390130,      5.30,      0.00,      5.30,      2.65,0,1,0,1,2,2,U2 
H4,840,2016,390190,     13.00,      0.00,      6.50,      4.33,0,1,0,2,3,3,U2 
H4,840,2016,390210,      6.50,      6.50,      6.50,      6.50,0,0,0,1,1,1,U2 
H4,840,2016,390220,      6.50,      0.00,      6.50,      3.25,0,1,0,1,2,2,U2 
H4,840,2016,390230,      6.50,      6.50,      6.50,      6.50,0,0,0,1,1,1,U2 
H4,840,2016,390290,      6.50,      6.50,      6.50,      6.50,0,0,0,1,1,1,U2 
H4,840,2016,390311,      6.50,      6.50,      6.50,      6.50,0,0,0,1,1,1,U2 
H4,840,2016,390319,      6.50,      6.50,      6.50,      6.50,0,0,0,1,1,1,U2 
H4,840,2016,390320,      6.50,      6.50,      6.50,      6.50,0,0,0,1,1,1,U2 
H4,840,2016,390330,      6.50,      6.50,      6.50,      6.50,0,0,0,1,1,1,U2 
H4,840,2016,390390,     13.00,      6.50,      6.50,      6.50,0,0,0,2,2,2,U2 
H4,840,2016,390410,      6.50,      6.50,      6.50,      6.50,0,0,0,1,1,1,U2 
H4,840,2016,390421,      6.50,      6.50,      6.50,      6.50,0,0,0,1,1,1,U2 
H4,840,2016,390422,      6.50,      6.50,      6.50,      6.50,0,0,0,1,1,1,U2 
H4,840,2016,390430,      5.30,      0.00,      5.30,      2.65,0,1,0,1,2,2,U2 
H4,840,2016,390440,      5.30,      5.30,      5.30,      5.30,0,0,0,1,1,1,U2 
H4,840,2016,390450,      6.50,      6.50,      6.50,      6.50,0,0,0,1,1,1,U2 
H4,840,2016,390461,      5.80,      5.80,      5.80,      5.80,0,0,0,1,1,1,U2 
H4,840,2016,390469,      6.50,      0.00,      6.50,      3.25,0,1,0,1,2,2,U2 
H4,840,2016,390490,      6.50,      0.00,      6.50,      3.25,0,1,0,1,2,2,U2 
H4,840,2016,390512,      4.00,      4.00,      4.00,      4.00,0,0,0,1,1,1,U2 
H4,840,2016,390519,      4.00,      4.00,      4.00,      4.00,0,0,0,1,1,1,U2 
H4,840,2016,390521,      4.00,      4.00,      4.00,      4.00,0,0,0,1,1,1,U2 
H4,840,2016,390529,      4.00,      4.00,      4.00,      4.00,0,0,0,1,1,1,U2 
H4,840,2016,390530,      3.20,      3.20,      3.20,      3.20,0,0,0,1,1,1,U2 
H4,840,2016,390591,      9.30,      4.00,      5.30,      4.65,0,0,0,2,2,2,U2 
H4,840,2016,390599,      5.30,      0.00,      5.30,      2.65,0,1,0,1,2,2,U2 
H4,840,2016,390610,      6.30,      6.30,      6.30,      6.30,0,0,0,1,1,1,U2 
H4,840,2016,390690,     10.50,      0.00,      6.30,      3.50,0,1,0,2,3,3,U2 
H4,840,2016,390710,      6.50,      6.50,      6.50,      6.50,0,0,0,1,1,1,U2 
H4,840,2016,390720,      6.50,      6.50,      6.50,      6.50,0,0,0,1,1,1,U2 
H4,840,2016,390730,      6.10,      6.10,      6.10,      6.10,0,0,0,1,1,1,U2 
H4,840,2016,390740,      5.80,      5.80,      5.80,      5.80,0,0,0,1,1,1,U2 
H4,840,2016,390750,      6.50,      6.50,      6.50,      6.50,0,0,0,1,1,1,U2 
H4,840,2016,390760,      6.50,      6.50,      6.50,      6.50,0,0,0,1,1,1,U2 
H4,840,2016,390770,      6.50,      6.50,      6.50,      6.50,0,0,0,1,1,1,U2 
H4,840,2016,390791,     12.30,      0.00,      6.50,      4.10,0,1,0,2,3,3,U2 
H4,840,2016,390799,      6.50,      6.50,      6.50,      6.50,0,0,0,1,1,1,U2 
H4,840,2016,390810,      6.30,      6.30,      6.30,      6.30,0,0,0,1,1,1,U2 
H4,840,2016,390890,      6.50,      0.00,      6.50,      3.25,0,1,0,1,2,2,U2 
H4,840,2016,390910,      6.50,      6.50,      6.50,      6.50,0,0,0,1,1,1,U2 
H4,840,2016,390920,      6.50,      6.50,      6.50,      6.50,0,0,0,1,1,1,U2 
H4,840,2016,390930,      6.50,      6.50,      6.50,      6.50,0,0,0,1,1,1,U2 
H4,840,2016,390940,      6.50,      6.50,      6.50,      6.50,0,0,0,1,1,1,U2 
H4,840,2016,390950,      8.40,      0.00,      6.30,      2.80,0,1,0,2,3,3,U2 
H4,840,2016,391000,      3.00,      3.00,      3.00,      3.00,0,0,0,1,1,1,U2 
H4,840,2016,391110,      6.10,      6.10,      6.10,      6.10,0,0,0,1,1,1,U2 
H4,840,2016,391190,     18.40,      0.00,      6.50,      2.63,0,4,0,3,7,7,U2 
H4,840,2016,391211,      5.60,      5.60,      5.60,      5.60,0,0,0,1,1,1,U2 
H4,840,2016,391212,      5.60,      5.60,      5.60,      5.60,0,0,0,1,1,1,U2 
H4,840,2016,391220,      5.20,      5.20,      5.20,      5.20,0,0,0,1,1,1,U2 
H4,840,2016,391231,      6.40,      6.40,      6.40,      6.40,0,0,0,1,1,1,U2 
H4,840,2016,391239,      4.20,      4.20,      4.20,      4.20,0,0,0,1,1,1,U2 
H4,840,2016,391290,      5.20,      5.20,      5.20,      5.20,0,0,0,1,1,1,U2 
H4,840,2016,391310,      4.20,      4.20,      4.20,      4.20,0,0,0,1,1,1,U2 
H4,840,2016,391390,     12.30,      0.00,      6.50,      4.10,0,1,0,2,3,3,U2 
H4,840,2016,391400,      3.90,      0.00,      3.90,      1.95,0,1,0,1,2,2,U2 
H4,840,2016,391510,      0.00,      0.00,      0.00,      0.00,0,1,0,0,1,1,U2 
H4,840,2016,391520,      0.00,      0.00,      0.00,      0.00,0,1,0,0,1,1,U2 
H4,840,2016,391530,      0.00,      0.00,      0.00,      0.00,0,1,0,0,1,1,U2 
H4,840,2016,391590,      0.00,      0.00,      0.00,      0.00,0,1,0,0,1,1,U2 
H4,840,2016,391610,      5.80,      5.80,      5.80,      5.80,0,0,0,1,1,1,U2 
H4,840,2016,391620,      5.80,      5.80,      5.80,      5.80,0,0,0,1,1,1,U2 
H4,840,2016,391690,     21.90,      3.10,      6.50,      5.47,0,0,0,4,4,4,U2 
H4,840,2016,391710,     10.70,      0.00,      6.50,      3.57,0,1,0,2,3,3,U2 
H4,840,2016,391721,      3.10,      3.10,      3.10,      3.10,0,0,0,1,1,1,U2 
H4,840,2016,391722,      3.10,      3.10,      3.10,      3.10,0,0,0,1,1,1,U2 
H4,840,2016,391723,      3.10,      3.10,      3.10,      3.10,0,0,0,1,1,1,U2 
H4,840,2016,391729,      3.10,      3.10,      3.10,      3.10,0,0,0,1,1,1,U2 
H4,840,2016,391731,      3.10,      3.10,      3.10,      3.10,0,0,0,1,1,1,U2 
H4,840,2016,391732,      3.10,      3.10,      3.10,      3.10,0,0,0,1,1,1,U2 
H4,840,2016,391733,      3.10,      3.10,      3.10,      3.10,0,0,0,1,1,1,U2 
H4,840,2016,391739,      3.10,      3.10,      3.10,      3.10,0,0,0,1,1,1,U2 
H4,840,2016,391740,      5.30,      5.30,      5.30,      5.30,0,0,0,1,1,1,U2 
H4,840,2016,391810,     30.80,      4.20,      6.50,      5.13,0,0,0,6,6,6,U2 
H4,840,2016,391890,     21.30,      4.20,      6.50,      5.32,0,0,0,4,4,4,U2 
H4,840,2016,391910,     12.30,      5.80,      6.50,      6.15,0,0,0,2,2,2,U2 
H4,840,2016,391990,     12.30,      5.80,      6.50,      6.15,0,0,0,2,2,2,U2 
H4,840,2016,392010,      4.20,      4.20,      4.20,      4.20,0,0,0,1,1,1,U2 
H4,840,2016,392020,      4.20,      4.20,      4.20,      4.20,0,0,0,1,1,1,U2 
H4,840,2016,392030,      5.80,      5.80,      5.80,      5.80,0,0,0,1,1,1,U2 
H4,840,2016,392043,      7.30,      3.10,      4.20,      3.65,0,0,0,2,2,2,U2 
H4,840,2016,392049,      5.80,      5.80,      5.80,      5.80,0,0,0,1,1,1,U2 
H4,840,2016,392051,     12.50,      6.00,      6.50,      6.25,0,0,0,2,2,2,U2 
H4,840,2016,392059,     12.50,      0.00,      6.50,      4.17,0,1,0,2,3,3,U2 
H4,840,2016,392061,      5.80,      5.80,      5.80,      5.80,0,0,0,1,1,1,U2 
H4,840,2016,392062,      4.20,      4.20,      4.20,      4.20,0,0,0,1,1,1,U2 
H4,840,2016,392063,     10.00,      4.20,      5.80,      5.00,0,0,0,2,2,2,U2 
H4,840,2016,392069,      4.20,      4.20,      4.20,      4.20,0,0,0,1,1,1,U2 
H4,840,2016,392071,      6.20,      6.20,      6.20,      6.20,0,0,0,1,1,1,U2 
H4,840,2016,392073,      2.90,      2.90,      2.90,      2.90,0,0,0,1,1,1,U2 
H4,840,2016,392079,     13.00,      3.10,      6.20,      4.33,0,0,0,3,3,3,U2 
H4,840,2016,392091,      4.20,      4.20,      4.20,      4.20,0,0,0,1,1,1,U2 
H4,840,2016,392092,      4.20,      4.20,      4.20,      4.20,0,0,0,1,1,1,U2 
H4,840,2016,392093,      5.80,      5.80,      5.80,      5.80,0,0,0,1,1,1,U2 
H4,840,2016,392094,      5.80,      5.80,      5.80,      5.80,0,0,0,1,1,1,U2 
H4,840,2016,392099,     16.00,      4.20,      6.00,      5.33,0,0,0,3,3,3,U2 
H4,840,2016,392111,      5.30,      5.30,      5.30,      5.30,0,0,0,1,1,1,U2 
H4,840,2016,392112,     22.50,      4.20,      6.50,      5.63,0,0,0,4,4,4,U2 
H4,840,2016,392113,     20.20,      4.20,      6.50,      5.05,0,0,0,4,4,4,U2 
H4,840,2016,392114,      6.50,      6.50,      6.50,      6.50,0,0,0,1,1,1,U2 
H4,840,2016,392119,      6.50,      6.50,      6.50,      6.50,0,0,0,1,1,1,U2 
H4,840,2016,392190,     42.40,      4.20,      6.50,      5.30,0,0,0,8,8,8,U2 
H4,840,2016,392210,      6.30,      6.30,      6.30,      6.30,0,0,0,1,1,1,U2 
H4,840,2016,392220,      6.30,      6.30,      6.30,      6.30,0,0,0,1,1,1,U2 
H4,840,2016,392290,      6.30,      6.30,      6.30,      6.30,0,0,0,1,1,1,U2 
H4,840,2016,392310,      3.00,      3.00,      3.00,      3.00,0,0,0,1,1,1,U2 
H4,840,2016,392321,      3.00,      3.00,      3.00,      3.00,0,0,0,1,1,1,U2 
H4,840,2016,392329,      3.00,      3.00,      3.00,      3.00,0,0,0,1,1,1,U2 
H4,840,2016,392330,      3.00,      3.00,      3.00,      3.00,0,0,0,1,1,1,U2 
H4,840,2016,392340,      5.30,      5.30,      5.30,      5.30,0,0,0,1,1,1,U2 
H4,840,2016,392350,      5.30,      5.30,      5.30,      5.30,0,0,0,1,1,1,U2 
H4,840,2016,392390,      3.00,      3.00,      3.00,      3.00,0,0,0,1,1,1,U2 
H4,840,2016,392410,     18.60,      3.40,      6.50,      4.65,0,0,0,4,4,4,U2 
H4,840,2016,392490,     13.20,      3.10,      3.40,      3.30,0,0,0,4,4,4,U2 
H4,840,2016,392510,      6.30,      6.30,      6.30,      6.30,0,0,0,1,1,1,U2 
H4,840,2016,392520,      5.30,      5.30,      5.30,      5.30,0,0,0,1,1,1,U2 
H4,840,2016,392530,      8.60,      3.30,      5.30,      4.30,0,0,0,2,2,2,U2 
H4,840,2016,392590,      5.30,      5.30,      5.30,      5.30,0,0,0,1,1,1,U2 
H4,840,2016,392610,      5.30,      5.30,      5.30,      5.30,0,0,0,1,1,1,U2 
H4,840,2016,392620,     14.50,      0.00,      6.50,      2.42,0,3,0,3,6,6,U2 
H4,840,2016,392630,     11.80,      5.30,      6.50,      5.90,0,0,0,2,2,2,U2 
H4,840,2016,392640,      5.30,      5.30,      5.30,      5.30,0,0,0,1,1,1,U2 
H4,840,2016,392690,    109.70,      0.00,      6.50,      4.22,0,2,0,24,26,26,U2 
H4,840,2016,400110,      0.00,      0.00,      0.00,      0.00,0,1,0,0,1,1,U2 
H4,840,2016,400121,      0.00,      0.00,      0.00,      0.00,0,1,0,0,1,1,U2 
H4,840,2016,400122,      0.00,      0.00,      0.00,      0.00,0,1,0,0,1,1,U2 
H4,840,2016,400129,      0.00,      0.00,      0.00,      0.00,0,1,0,0,1,1,U2 
H4,840,2016,400130,      0.00,      0.00,      0.00,      0.00,0,1,0,0,1,1,U2 
H4,840,2016,400211,      0.00,      0.00,      0.00,      0.00,0,1,0,0,1,1,U2 
H4,840,2016,400219,      0.00,      0.00,      0.00,      0.00,0,1,0,0,1,1,U2 
H4,840,2016,400220,      0.00,      0.00,      0.00,      0.00,0,1,0,0,1,1,U2 
H4,840,2016,400231,      0.00,      0.00,      0.00,      0.00,0,1,0,0,1,1,U2 
H4,840,2016,400239,      0.00,      0.00,      0.00,      0.00,0,1,0,0,1,1,U2 
H4,840,2016,400241,      0.00,      0.00,      0.00,      0.00,0,1,0,0,1,1,U2 
H4,840,2016,400249,      0.00,      0.00,      0.00,      0.00,0,1,0,0,1,1,U2 
H4,840,2016,400251,      0.00,      0.00,      0.00,      0.00,0,1,0,0,1,1,U2 
H4,840,2016,400259,      0.00,      0.00,      0.00,      0.00,0,1,0,0,1,1,U2 
H4,840,2016,400260,      0.00,      0.00,      0.00,      0.00,0,1,0,0,1,1,U2 
H4,840,2016,400270,      0.00,      0.00,      0.00,      0.00,0,1,0,0,1,1,U2 
H4,840,2016,400280,      0.00,      0.00,      0.00,      0.00,0,1,0,0,1,1,U2 
H4,840,2016,400291,      0.00,      0.00,      0.00,      0.00,0,1,0,0,1,1,U2 
H4,840,2016,400299,      0.00,      0.00,      0.00,      0.00,0,1,0,0,1,1,U2 
H4,840,2016,400300,      0.00,      0.00,      0.00,      0.00,0,1,0,0,1,1,U2 
H4,840,2016,400400,      0.00,      0.00,      0.00,      0.00,0,1,0,0,1,1,U2 
H4,840,2016,400510,      0.00,      0.00,      0.00,      0.00,0,1,0,0,1,1,U2 
H4,840,2016,400520,      0.00,      0.00,      0.00,      0.00,0,1,0,0,1,1,U2 
H4,840,2016,400591,      0.00,      0.00,      0.00,      0.00,0,1,0,0,1,1,U2 
H4,840,2016,400599,      0.00,      0.00,      0.00,      0.00,0,1,0,0,1,1,U2 
H4,840,2016,400610,      2.90,      2.90,      2.90,      2.90,0,0,0,1,1,1,U2 
H4,840,2016,400690,      2.70,      0.00,      2.70,      1.35,0,1,0,1,2,2,U2 
H4,840,2016,400700,      0.00,      0.00,      0.00,      0.00,0,1,0,0,1,1,U2 
H4,840,2016,400811,      3.30,      0.00,      3.30,      1.65,0,1,0,1,2,2,U2 
H4,840,2016,400819,      6.60,      0.00,      3.30,      1.65,0,2,0,2,4,4,U2 
H4,840,2016,400821,      0.00,      0.00,      0.00,      0.00,0,1,0,0,1,1,U2 
H4,840,2016,400829,      5.80,      2.90,      2.90,      2.90,0,0,0,2,2,2,U2 
H4,840,2016,400911,      2.50,      2.50,      2.50,      2.50,0,0,0,1,1,1,U2 
H4,840,2016,400912,      2.50,      2.50,      2.50,      2.50,0,0,0,1,1,1,U2 
H4,840,2016,400921,      2.50,      2.50,      2.50,      2.50,0,0,0,1,1,1,U2 
H4,840,2016,400922,      2.50,      2.50,      2.50,      2.50,0,0,0,1,1,1,U2 
H4,840,2016,400931,      2.50,      2.50,      2.50,      2.50,0,0,0,1,1,1,U2 
H4,840,2016,400932,      2.50,      2.50,      2.50,      2.50,0,0,0,1,1,1,U2 
H4,840,2016,400941,      2.50,      2.50,      2.50,      2.50,0,0,0,1,1,1,U2 
H4,840,2016,400942,      2.50,      2.50,      2.50,      2.50,0,0,0,1,1,1,U2 
H4,840,2016,401011,      3.30,      3.30,      3.30,      3.30,0,0,0,1,1,1,U2 
H4,840,2016,401012,     20.40,      1.90,      8.00,      5.10,0,0,0,4,4,4,U2 
H4,840,2016,401019,     23.70,      1.90,      8.00,      4.74,0,0,0,5,5,5,U2 
H4,840,2016,401031,      6.20,      2.80,      3.40,      3.10,0,0,0,2,2,2,U2 
H4,840,2016,401032,      6.20,      2.80,      3.40,      3.10,0,0,0,2,2,2,U2 
H4,840,2016,401033,      6.20,      2.80,      3.40,      3.10,0,0,0,2,2,2,U2 
H4,840,2016,401034,      6.20,      2.80,      3.40,      3.10,0,0,0,2,2,2,U2 
H4,840,2016,401035,     23.70,      1.90,      8.00,      4.74,0,0,0,5,5,5,U2 
H4,840,2016,401036,     23.70,      1.90,      8.00,      4.74,0,0,0,5,5,5,U2 
H4,840,2016,401039,     29.90,      1.90,      8.00,      4.27,0,0,0,7,7,7,U2 
H4,840,2016,401110,      7.40,      3.40,      4.00,      3.70,0,0,0,2,2,2,U2 
H4,840,2016,401120,      7.40,      3.40,      4.00,      3.70,0,0,0,2,2,2,U2 
H4,840,2016,401130,      0.00,      0.00,      0.00,      0.00,0,1,0,0,1,1,U2 
H4,840,2016,401140,      0.00,      0.00,      0.00,      0.00,0,1,0,0,1,1,U2 
H4,840,2016,401150,      0.00,      0.00,      0.00,      0.00,0,1,0,0,1,1,U2 
H4,840,2016,401161,      0.00,      0.00,      0.00,      0.00,0,1,0,0,1,1,U2 
H4,840,2016,401162,      0.00,      0.00,      0.00,      0.00,0,1,0,0,1,1,U2 
H4,840,2016,401163,      0.00,      0.00,      0.00,      0.00,0,1,0,0,1,1,U2 
H4,840,2016,401169,      0.00,      0.00,      0.00,      0.00,0,1,0,0,1,1,U2 
H4,840,2016,401192,      0.00,      0.00,      0.00,      0.00,0,1,0,0,1,1,U2 
H4,840,2016,401193,      7.40,      3.40,      4.00,      3.70,0,0,0,2,2,2,U2 
H4,840,2016,401194,      7.40,      3.40,      4.00,      3.70,0,0,0,2,2,2,U2 
H4,840,2016,401199,      7.40,      3.40,      4.00,      3.70,0,0,0,2,2,2,U2 
H4,840,2016,401211,      7.40,      3.40,      4.00,      3.70,0,0,0,2,2,2,U2 
H4,840,2016,401212,      7.40,      3.40,      4.00,      3.70,0,0,0,2,2,2,U2 
H4,840,2016,401213,      0.00,      0.00,      0.00,      0.00,0,1,0,0,1,1,U2 
H4,840,2016,401219,      7.40,      0.00,      4.00,      2.47,0,1,0,2,3,3,U2 
H4,840,2016,401220,      0.00,      0.00,      0.00,      0.00,0,5,0,0,5,5,U2 
H4,840,2016,401290,      6.90,      0.00,      4.20,      1.38,0,3,0,2,5,5,U2 
H4,840,2016,401310,      3.70,      3.70,      3.70,      3.70,0,0,0,1,1,1,U2 
H4,840,2016,401320,      0.00,      0.00,      0.00,      0.00,0,1,0,0,1,1,U2 
H4,840,2016,401390,      3.70,      0.00,      3.70,      1.85,0,1,0,1,2,2,U2 
H4,840,2016,401410,      0.00,      0.00,      0.00,      0.00,0,1,0,0,1,1,U2 
H4,840,2016,401490,      4.20,      0.00,      4.20,      2.10,0,1,0,1,2,2,U2 
H4,840,2016,401511,      0.00,      0.00,      0.00,      0.00,0,1,0,0,1,1,U2 
H4,840,2016,401519,     17.00,      0.00,     14.00,      5.67,0,1,0,2,3,3,U2 
H4,840,2016,401590,      4.00,      4.00,      4.00,      4.00,0,0,0,1,1,1,U2 
H4,840,2016,401610,      0.00,      0.00,      0.00,      0.00,0,1,0,0,1,1,U2 
H4,840,2016,401691,      2.70,      2.70,      2.70,      2.70,0,0,0,1,1,1,U2 
H4,840,2016,401692,      4.20,      4.20,      4.20,      4.20,0,0,0,1,1,1,U2 
H4,840,2016,401693,      5.00,      2.50,      2.50,      2.50,0,0,0,2,2,2,U2 
H4,840,2016,401694,      4.20,      4.20,      4.20,      4.20,0,0,0,1,1,1,U2 
H4,840,2016,401695,      4.20,      4.20,      4.20,      4.20,0,0,0,1,1,1,U2 
H4,840,2016,401699,     21.70,      0.00,      4.30,      2.41,0,2,0,7,9,9,U2 
H4,840,2016,401700,      2.70,      2.70,      2.70,      2.70,0,0,0,1,1,1,U2 
H4,840,2016,410120,     16.40,      0.00,      5.00,      2.34,0,2,0,5,7,7,U2 
H4,840,2016,410150,     16.40,      0.00,      5.00,      2.34,0,2,0,5,7,7,U2 
H4,840,2016,410190,     14.00,      0.00,      5.00,      2.80,0,1,0,4,5,5,U2 
H4,840,2016,410210,      2.00,      0.00,      2.00,      0.67,0,2,0,1,3,3,U2 
H4,840,2016,410221,      0.00,      0.00,      0.00,      0.00,0,1,0,0,1,1,U2 
H4,840,2016,410229,      2.00,      0.00,      2.00,      0.67,0,2,0,1,3,3,U2 
H4,840,2016,410320,      5.00,      0.00,      5.00,      1.67,0,2,0,1,3,3,U2 
H4,840,2016,410330,      4.20,      0.00,      4.20,      2.10,0,1,0,1,2,2,U2 
H4,840,2016,410390,      7.00,      0.00,      3.70,      1.75,0,2,0,2,4,4,U2 
H4,840,2016,410411,     13.10,      0.00,      5.00,      2.62,0,1,0,4,5,5,U2 
H4,840,2016,410419,     13.10,      0.00,      5.00,      2.62,0,1,0,4,5,5,U2 
H4,840,2016,410441,     13.10,      0.00,      5.00,      2.62,0,1,0,4,5,5,U2 
H4,840,2016,410449,     13.10,      0.00,      5.00,      2.62,0,1,0,4,5,5,U2 
H4,840,2016,410510,      4.00,      2.00,      2.00,      2.00,0,0,0,2,2,2,U2 
H4,840,2016,410530,      2.00,      2.00,      2.00,      2.00,0,0,0,1,1,1,U2 
H4,840,2016,410621,      4.80,      2.40,      2.40,      2.40,0,0,0,2,2,2,U2 
H4,840,2016,410622,      2.40,      2.40,      2.40,      2.40,0,0,0,1,1,1,U2 
H4,840,2016,410631,      8.40,      4.20,      4.20,      4.20,0,0,0,2,2,2,U2 
H4,840,2016,410632,      4.20,      4.20,      4.20,      4.20,0,0,0,1,1,1,U2 
H4,840,2016,410640,      0.00,      0.00,      0.00,      0.00,0,1,0,0,1,1,U2 
H4,840,2016,410691,      3.30,      3.30,      3.30,      3.30,0,0,0,1,1,1,U2 
H4,840,2016,410692,      3.30,      3.30,      3.30,      3.30,0,0,0,1,1,1,U2 
H4,840,2016,410711,     22.00,      0.00,      5.00,      2.75,0,1,0,7,8,8,U2 
H4,840,2016,410712,     22.00,      0.00,      5.00,      2.75,0,1,0,7,8,8,U2 
H4,840,2016,410719,     23.70,      0.00,      5.00,      2.96,0,1,0,7,8,8,U2 
H4,840,2016,410791,     16.00,      2.40,      5.00,      3.20,0,0,0,5,5,5,U2 
H4,840,2016,410792,     16.00,      2.40,      5.00,      3.20,0,0,0,5,5,5,U2 
H4,840,2016,410799,     17.70,      2.40,      5.00,      3.54,0,0,0,5,5,5,U2 
H4,840,2016,411200,      4.00,      2.00,      2.00,      2.00,0,0,0,2,2,2,U2 
H4,840,2016,411310,      5.20,      2.40,      2.80,      2.60,0,0,0,2,2,2,U2 
H4,840,2016,411320,      4.20,      4.20,      4.20,      4.20,0,0,0,1,1,1,U2 
H4,840,2016,411330,      0.00,      0.00,      0.00,      0.00,0,2,0,0,2,2,U2 
H4,840,2016,411390,      4.90,      1.60,      3.30,      2.45,0,0,0,2,2,2,U2 
H4,840,2016,411410,      3.20,      3.20,      3.20,      3.20,0,0,0,1,1,1,U2 
H4,840,2016,411420,      7.50,      1.60,      3.60,      2.50,0,0,0,3,3,3,U2 
H4,840,2016,411510,      0.00,      0.00,      0.00,      0.00,0,1,0,0,1,1,U2 
H4,840,2016,411520,      0.00,      0.00,      0.00,      0.00,0,1,0,0,1,1,U2 
H4,840,2016,420100,      5.20,      2.40,      2.80,      2.60,0,0,0,2,2,2,U2 
H4,840,2016,420211,      8.00,      8.00,      8.00,      8.00,0,0,0,1,1,1,U2 
H4,840,2016,420212,     49.60,      5.70,     20.00,     12.40,0,0,0,4,4,4,U2 
H4,840,2016,420219,     20.00,     20.00,     20.00,     20.00,0,0,0,1,1,1,U2 
H4,840,2016,420221,     24.30,      5.30,     10.00,      8.10,0,0,0,3,3,3,U2 
H4,840,2016,420222,     68.40,      5.70,     17.60,      9.77,0,0,0,7,7,7,U2 
H4,840,2016,420229,     36.40,      3.30,     20.00,      9.10,0,0,0,4,4,4,U2 
H4,840,2016,420231,     11.70,      3.70,      8.00,      5.85,0,0,0,2,2,2,U2 
H4,840,2016,420232,     54.78,      0.00,     20.00,      9.13,0,1,1,4,6,6,U2 
H4,840,2016,420239,     36.40,      3.30,     20.00,      9.10,0,0,0,4,4,4,U2 
H4,840,2016,420291,      4.50,      4.50,      4.50,      4.50,0,0,0,1,1,1,U2 
H4,840,2016,420292,     95.10,      3.40,     20.00,      9.51,0,0,0,10,10,10,U2 
H4,840,2016,420299,     35.50,      0.00,     20.00,      7.10,0,1,0,4,5,5,U2 
H4,840,2016,420310,     10.70,      4.70,      6.00,      5.35,0,0,0,2,2,2,U2 
H4,840,2016,420321,     16.90,      0.00,      5.50,      2.82,0,2,0,4,6,6,U2 
H4,840,2016,420329,    106.40,     12.60,     14.00,     13.30,0,0,0,8,8,8,U2 
H4,840,2016,420330,      2.70,      2.70,      2.70,      2.70,0,0,0,1,1,1,U2 
H4,840,2016,420340,      4.90,      0.00,      4.90,      2.45,0,1,0,1,2,2,U2 
H4,840,2016,420500,      9.60,      0.00,      4.90,      1.60,0,3,0,3,6,6,U2 
H4,840,2016,420600,      7.40,      0.00,      3.90,      2.47,0,1,0,2,3,3,U2 
H4,840,2016,430110,      0.00,      0.00,      0.00,      0.00,0,1,0,0,1,1,U2 
H4,840,2016,430130,      0.00,      0.00,      0.00,      0.00,0,1,0,0,1,1,U2 
H4,840,2016,430160,      5.10,      0.00,      5.10,      2.55,0,1,0,1,2,2,U2 
H4,840,2016,430180,      0.00,      0.00,      0.00,      0.00,0,1,0,0,1,1,U2 
H4,840,2016,430190,      0.00,      0.00,      0.00,      0.00,0,1,0,0,1,1,U2 
H4,840,2016,430211,      2.10,      2.10,      2.10,      2.10,0,0,0,1,1,1,U2 
H4,840,2016,430219,     19.40,      1.50,      5.60,      2.77,0,0,0,7,7,7,U2 
H4,840,2016,430220,      7.30,      1.70,      3.50,      2.43,0,0,0,3,3,3,U2 
H4,840,2016,430230,      5.30,      5.30,      5.30,      5.30,0,0,0,1,1,1,U2 
H4,840,2016,430310,      4.00,      4.00,      4.00,      4.00,0,0,0,1,1,1,U2 
H4,840,2016,430390,      0.00,      0.00,      0.00,      0.00,0,1,0,0,1,1,U2 
H4,840,2016,430400,      6.50,      6.50,      6.50,      6.50,0,0,0,1,1,1,U2 
H4,840,2016,440110,      0.00,      0.00,      0.00,      0.00,0,1,0,0,1,1,U2 
H4,840,2016,440121,      0.00,      0.00,      0.00,      0.00,0,1,0,0,1,1,U2 
H4,840,2016,440122,      0.00,      0.00,      0.00,      0.00,0,1,0,0,1,1,U2 
H4,840,2016,440131,      0.00,      0.00,      0.00,      0.00,0,1,0,0,1,1,U2 
H4,840,2016,440139,      0.00,      0.00,      0.00,      0.00,0,2,0,0,2,2,U2 
H4,840,2016,440210,      0.00,      0.00,      0.00,      0.00,0,1,0,0,1,1,U2 
H4,840,2016,440290,      0.00,      0.00,      0.00,      0.00,0,1,0,0,1,1,U2 
H4,840,2016,440310,      0.00,      0.00,      0.00,      0.00,0,1,0,0,1,1,U2 
H4,840,2016,440320,      0.00,      0.00,      0.00,      0.00,0,1,0,0,1,1,U2 
H4,840,2016,440341,      0.00,      0.00,      0.00,      0.00,0,1,0,0,1,1,U2 
H4,840,2016,440349,      0.00,      0.00,      0.00,      0.00,0,1,0,0,1,1,U2 
H4,840,2016,440391,      0.00,      0.00,      0.00,      0.00,0,1,0,0,1,1,U2 
H4,840,2016,440392,      0.00,      0.00,      0.00,      0.00,0,1,0,0,1,1,U2 
H4,840,2016,440399,      0.00,      0.00,      0.00,      0.00,0,1,0,0,1,1,U2 
H4,840,2016,440410,      0.00,      0.00,      0.00,      0.00,0,1,0,0,1,1,U2 
H4,840,2016,440420,      0.00,      0.00,      0.00,      0.00,0,1,0,0,1,1,U2 
H4,840,2016,440500,      3.20,      3.20,      3.20,      3.20,0,0,0,1,1,1,U2 
H4,840,2016,440610,      0.00,      0.00,      0.00,      0.00,0,1,0,0,1,1,U2 
H4,840,2016,440690,      0.00,      0.00,      0.00,      0.00,0,1,0,0,1,1,U2 
H4,840,2016,440710,      0.00,      0.00,      0.00,      0.00,0,1,0,0,1,1,U2 
H4,840,2016,440721,      0.00,      0.00,      0.00,      0.00,0,1,0,0,1,1,U2 
H4,840,2016,440722,      0.00,      0.00,      0.00,      0.00,0,1,0,0,1,1,U2 
H4,840,2016,440725,      0.00,      0.00,      0.00,      0.00,0,1,0,0,1,1,U2 
H4,840,2016,440726,      0.00,      0.00,      0.00,      0.00,0,1,0,0,1,1,U2 
H4,840,2016,440727,      0.00,      0.00,      0.00,      0.00,0,1,0,0,1,1,U2 
H4,840,2016,440728,      0.00,      0.00,      0.00,      0.00,0,1,0,0,1,1,U2 
H4,840,2016,440729,      0.00,      0.00,      0.00,      0.00,0,1,0,0,1,1,U2 
H4,840,2016,440791,      0.00,      0.00,      0.00,      0.00,0,1,0,0,1,1,U2 
H4,840,2016,440792,      0.00,      0.00,      0.00,      0.00,0,1,0,0,1,1,U2 
H4,840,2016,440793,      0.00,      0.00,      0.00,      0.00,0,1,0,0,1,1,U2 
H4,840,2016,440794,      0.00,      0.00,      0.00,      0.00,0,1,0,0,1,1,U2 
H4,840,2016,440795,      0.00,      0.00,      0.00,      0.00,0,1,0,0,1,1,U2 
H4,840,2016,440799,      0.00,      0.00,      0.00,      0.00,0,1,0,0,1,1,U2 
H4,840,2016,440810,      0.00,      0.00,      0.00,      0.00,0,1,0,0,1,1,U2 
H4,840,2016,440831,      0.00,      0.00,      0.00,      0.00,0,1,0,0,1,1,U2 
H4,840,2016,440839,      0.00,      0.00,      0.00,      0.00,0,1,0,0,1,1,U2 
H4,840,2016,440890,      0.00,      0.00,      0.00,      0.00,0,1,0,0,1,1,U2 
H4,840,2016,440910,      8.10,      0.00,      4.90,      0.90,0,7,0,2,9,9,U2 
H4,840,2016,440921,      3.20,      0.00,      3.20,      1.60,0,1,0,1,2,2,U2 
H4,840,2016,440929,      8.10,      0.00,      4.90,      1.01,0,6,0,2,8,8,U2 
H4,840,2016,441011,      0.00,      0.00,      0.00,      0.00,0,1,0,0,1,1,U2 
H4,840,2016,441012,      0.00,      0.00,      0.00,      0.00,0,1,0,0,1,1,U2 
H4,840,2016,441019,      0.00,      0.00,      0.00,      0.00,0,1,0,0,1,1,U2 
H4,840,2016,441090,      0.00,      0.00,      0.00,      0.00,0,1,0,0,1,1,U2 
H4,840,2016,441112,      9.81,      0.00,      5.91,      1.96,0,3,1,1,5,5,U2 
H4,840,2016,441113,      8.38,      0.00,      4.48,      1.68,0,3,1,1,5,5,U2 
H4,840,2016,441114,      8.38,      0.00,      4.48,      1.68,0,3,1,1,5,5,U2 
H4,840,2016,441192,      6.00,      0.00,      6.00,      1.50,0,3,0,1,4,4,U2 
H4,840,2016,441193,     10.93,      0.00,      7.03,      2.19,0,3,1,1,5,5,U2 
H4,840,2016,441194,      0.00,      0.00,      0.00,      0.00,0,1,0,0,1,1,U2 
H4,840,2016,441210,      8.00,      0.00,      8.00,      4.00,0,1,0,1,2,2,U2 
H4,840,2016,441231,     40.00,      0.00,      8.00,      6.67,0,1,0,5,6,6,U2 
H4,840,2016,441232,     21.10,      0.00,      8.00,      5.28,0,1,0,3,4,4,U2 
H4,840,2016,441239,     16.50,      0.00,      8.00,      4.13,0,1,0,3,4,4,U2 
H4,840,2016,441294,     32.50,      0.00,      8.00,      3.61,0,4,0,5,9,9,U2 
H4,840,2016,441299,     32.50,      0.00,      8.00,      2.95,0,6,0,5,11,11,U2 
H4,840,2016,441300,      3.70,      3.70,      3.70,      3.70,0,0,0,1,1,1,U2 
H4,840,2016,441400,      3.90,      3.90,      3.90,      3.90,0,0,0,1,1,1,U2 
H4,840,2016,441510,     10.70,      0.00,     10.70,      3.57,0,2,0,1,3,3,U2 
H4,840,2016,441520,     10.70,      0.00,     10.70,      5.35,0,1,0,1,2,2,U2 
H4,840,2016,441600,      3.20,      0.00,      3.20,      1.07,0,2,0,1,3,3,U2 
H4,840,2016,441700,      5.10,      0.00,      5.10,      1.27,0,3,0,1,4,4,U2 
H4,840,2016,441810,      3.20,      3.20,      3.20,      3.20,0,0,0,1,1,1,U2 
H4,840,2016,441820,      9.60,      4.80,      4.80,      4.80,0,0,0,2,2,2,U2 
H4,840,2016,441840,      3.20,      3.20,      3.20,      3.20,0,0,0,1,1,1,U2 
H4,840,2016,441850,      0.00,      0.00,      0.00,      0.00,0,1,0,0,1,1,U2 
H4,840,2016,441860,      3.20,      3.20,      3.20,      3.20,0,0,0,1,1,1,U2 
H4,840,2016,441871,      8.00,      0.00,      8.00,      2.67,0,2,0,1,3,3,U2 
H4,840,2016,441872,      8.20,      0.00,      5.00,      2.73,0,1,0,2,3,3,U2 
H4,840,2016,441879,      3.20,      3.20,      3.20,      3.20,0,0,0,1,1,1,U2 
H4,840,2016,441890,      3.20,      0.00,      3.20,      1.60,0,1,0,1,2,2,U2 
H4,840,2016,441900,      8.50,      3.20,      5.30,      4.25,0,0,0,2,2,2,U2 
H4,840,2016,442010,      3.20,      3.20,      3.20,      3.20,0,0,0,1,1,1,U2 
H4,840,2016,442090,      7.50,      0.00,      4.30,      1.88,0,2,0,2,4,4,U2 
H4,840,2016,442110,      3.20,      3.20,      3.20,      3.20,0,0,0,1,1,1,U2 
H4,840,2016,442190,     33.90,      0.00,     10.70,      2.61,1,7,0,6,13,14,U2 
H4,840,2016,450110,      0.00,      0.00,      0.00,      0.00,0,1,0,0,1,1,U2 
H4,840,2016,450190,      0.00,      0.00,      0.00,      0.00,0,2,0,0,2,2,U2 
H4,840,2016,450200,      0.00,      0.00,      0.00,      0.00,0,1,0,0,1,1,U2 
H4,840,2016,450310,      0.00,      0.00,      0.00,      0.00,0,4,0,0,4,4,U2 
H4,840,2016,450390,     14.00,      0.00,     14.00,      4.67,0,2,0,1,3,3,U2 
H4,840,2016,450410,      0.00,      0.00,      0.00,      0.00,0,7,0,0,7,7,U2 
H4,840,2016,450490,      0.00,      0.00,      0.00,      0.00,0,1,0,0,1,1,U2 
H4,840,2016,460121,     11.30,      0.00,      8.00,      3.77,0,1,0,2,3,3,U2 
H4,840,2016,460122,     11.30,      0.00,      8.00,      3.77,0,1,0,2,3,3,U2 
H4,840,2016,460129,     16.10,      0.00,      8.00,      4.03,0,1,0,3,4,4,U2 
H4,840,2016,460192,      9.30,      2.70,      6.60,      4.65,0,0,0,2,2,2,U2 
H4,840,2016,460193,      9.30,      0.00,      6.60,      3.10,0,1,0,2,3,3,U2 
H4,840,2016,460194,      9.30,      0.00,      6.60,      3.10,0,1,0,2,3,3,U2 
H4,840,2016,460199,      6.00,      2.70,      3.30,      3.00,0,0,0,2,2,2,U2 
H4,840,2016,460211,     27.80,      0.00,     10.00,      4.63,0,2,0,4,6,6,U2 
H4,840,2016,460212,     43.60,      0.00,     18.00,      6.23,0,2,0,5,7,7,U2 
H4,840,2016,460219,     67.30,      0.00,     18.00,      4.81,0,4,0,10,14,14,U2 
H4,840,2016,460290,      3.50,      3.50,      3.50,      3.50,0,0,0,1,1,1,U2 
H4,840,2016,470100,      0.00,      0.00,      0.00,      0.00,0,1,0,0,1,1,U2 
H4,840,2016,470200,      0.00,      0.00,      0.00,      0.00,0,1,0,0,1,1,U2 
H4,840,2016,470311,      0.00,      0.00,      0.00,      0.00,0,1,0,0,1,1,U2 
H4,840,2016,470319,      0.00,      0.00,      0.00,      0.00,0,1,0,0,1,1,U2 
H4,840,2016,470321,      0.00,      0.00,      0.00,      0.00,0,1,0,0,1,1,U2 
H4,840,2016,470329,      0.00,      0.00,      0.00,      0.00,0,1,0,0,1,1,U2 
H4,840,2016,470411,      0.00,      0.00,      0.00,      0.00,0,1,0,0,1,1,U2 
H4,840,2016,470419,      0.00,      0.00,      0.00,      0.00,0,1,0,0,1,1,U2 
H4,840,2016,470421,      0.00,      0.00,      0.00,      0.00,0,1,0,0,1,1,U2 
H4,840,2016,470429,      0.00,      0.00,      0.00,      0.00,0,1,0,0,1,1,U2 
H4,840,2016,470500,      0.00,      0.00,      0.00,      0.00,0,1,0,0,1,1,U2 
H4,840,2016,470610,      0.00,      0.00,      0.00,      0.00,0,1,0,0,1,1,U2 
H4,840,2016,470620,      0.00,      0.00,      0.00,      0.00,0,1,0,0,1,1,U2 
H4,840,2016,470630,      0.00,      0.00,      0.00,      0.00,0,1,0,0,1,1,U2 
H4,840,2016,470691,      0.00,      0.00,      0.00,      0.00,0,1,0,0,1,1,U2 
H4,840,2016,470692,      0.00,      0.00,      0.00,      0.00,0,1,0,0,1,1,U2 
H4,840,2016,470693,      0.00,      0.00,      0.00,      0.00,0,1,0,0,1,1,U2 
H4,840,2016,470710,      0.00,      0.00,      0.00,      0.00,0,1,0,0,1,1,U2 
H4,840,2016,470720,      0.00,      0.00,      0.00,      0.00,0,1,0,0,1,1,U2 
H4,840,2016,470730,      0.00,      0.00,      0.00,      0.00,0,1,0,0,1,1,U2 
H4,840,2016,470790,      0.00,      0.00,      0.00,      0.00,0,1,0,0,1,1,U2 
H4,840,2016,480100,      0.00,      0.00,      0.00,      0.00,0,1,0,0,1,1,U2 
H4,840,2016,480210,      0.00,      0.00,      0.00,      0.00,0,1,0,0,1,1,U2 
H4,840,2016,480220,      0.00,      0.00,      0.00,      0.00,0,3,0,0,3,3,U2 
H4,840,2016,480240,      0.00,      0.00,      0.00,      0.00,0,1,0,0,1,1,U2 
H4,840,2016,480254,      0.00,      0.00,      0.00,      0.00,0,5,0,0,5,5,U2 
H4,840,2016,480255,      0.00,      0.00,      0.00,      0.00,0,6,0,0,6,6,U2 
H4,840,2016,480256,      0.00,      0.00,      0.00,      0.00,0,6,0,0,6,6,U2 
H4,840,2016,480257,      0.00,      0.00,      0.00,      0.00,0,4,0,0,4,4,U2 
H4,840,2016,480258,      0.00,      0.00,      0.00,      0.00,0,4,0,0,4,4,U2 
H4,840,2016,480261,      0.00,      0.00,      0.00,      0.00,0,5,0,0,5,5,U2 
H4,840,2016,480262,      0.00,      0.00,      0.00,      0.00,0,5,0,0,5,5,U2 
H4,840,2016,480269,      0.00,      0.00,      0.00,      0.00,0,3,0,0,3,3,U2 
H4,840,2016,480300,      0.00,      0.00,      0.00,      0.00,0,2,0,0,2,2,U2 
H4,840,2016,480411,      0.00,      0.00,      0.00,      0.00,0,1,0,0,1,1,U2 
H4,840,2016,480419,      0.00,      0.00,      0.00,      0.00,0,1,0,0,1,1,U2 
H4,840,2016,480421,      0.00,      0.00,      0.00,      0.00,0,1,0,0,1,1,U2 
H4,840,2016,480429,      0.00,      0.00,      0.00,      0.00,0,1,0,0,1,1,U2 
H4,840,2016,480431,      0.00,      0.00,      0.00,      0.00,0,4,0,0,4,4,U2 
H4,840,2016,480439,      0.00,      0.00,      0.00,      0.00,0,3,0,0,3,3,U2 
H4,840,2016,480441,      0.00,      0.00,      0.00,      0.00,0,2,0,0,2,2,U2 
H4,840,2016,480442,      0.00,      0.00,      0.00,      0.00,0,1,0,0,1,1,U2 
H4,840,2016,480449,      0.00,      0.00,      0.00,      0.00,0,1,0,0,1,1,U2 
H4,840,2016,480451,      0.00,      0.00,      0.00,      0.00,0,1,0,0,1,1,U2 
H4,840,2016,480452,      0.00,      0.00,      0.00,      0.00,0,1,0,0,1,1,U2 
H4,840,2016,480459,      0.00,      0.00,      0.00,      0.00,0,1,0,0,1,1,U2 
H4,840,2016,480511,      0.00,      0.00,      0.00,      0.00,0,1,0,0,1,1,U2 
H4,840,2016,480512,      0.00,      0.00,      0.00,      0.00,0,2,0,0,2,2,U2 
H4,840,2016,480519,      0.00,      0.00,      0.00,      0.00,0,2,0,0,2,2,U2 
H4,840,2016,480524,      0.00,      0.00,      0.00,      0.00,0,3,0,0,3,3,U2 
H4,840,2016,480525,      0.00,      0.00,      0.00,      0.00,0,1,0,0,1,1,U2 
H4,840,2016,480530,      0.00,      0.00,      0.00,      0.00,0,1,0,0,1,1,U2 
H4,840,2016,480540,      0.00,      0.00,      0.00,      0.00,0,1,0,0,1,1,U2 
H4,840,2016,480550,      0.00,      0.00,      0.00,      0.00,0,1,0,0,1,1,U2 
H4,840,2016,480591,      0.00,      0.00,      0.00,      0.00,0,5,0,0,5,5,U2 
H4,840,2016,480592,      0.00,      0.00,      0.00,      0.00,0,2,0,0,2,2,U2 
H4,840,2016,480593,      0.00,      0.00,      0.00,      0.00,0,2,0,0,2,2,U2 
H4,840,2016,480610,      0.00,      0.00,      0.00,      0.00,0,1,0,0,1,1,U2 
H4,840,2016,480620,      0.00,      0.00,      0.00,      0.00,0,1,0,0,1,1,U2 
H4,840,2016,480630,      0.00,      0.00,      0.00,      0.00,0,1,0,0,1,1,U2 
H4,840,2016,480640,      0.00,      0.00,      0.00,      0.00,0,1,0,0,1,1,U2 
H4,840,2016,480700,      0.00,      0.00,      0.00,      0.00,0,4,0,0,4,4,U2 
H4,840,2016,480810,      0.00,      0.00,      0.00,      0.00,0,1,0,0,1,1,U2 
H4,840,2016,480840,      0.00,      0.00,      0.00,      0.00,0,1,0,0,1,1,U2 
H4,840,2016,480890,      0.00,      0.00,      0.00,      0.00,0,3,0,0,3,3,U2 
H4,840,2016,480920,      0.00,      0.00,      0.00,      0.00,0,2,0,0,2,2,U2 
H4,840,2016,480990,      0.00,      0.00,      0.00,      0.00,0,5,0,0,5,5,U2 
H4,840,2016,481013,      0.00,      0.00,      0.00,      0.00,0,7,0,0,7,7,U2 
H4,840,2016,481014,      0.00,      0.00,      0.00,      0.00,0,7,0,0,7,7,U2 
H4,840,2016,481019,      0.00,      0.00,      0.00,      0.00,0,4,0,0,4,4,U2 
H4,840,2016,481022,      0.00,      0.00,      0.00,      0.00,0,4,0,0,4,4,U2 
H4,840,2016,481029,      0.00,      0.00,      0.00,      0.00,0,4,0,0,4,4,U2 
H4,840,2016,481031,      0.00,      0.00,      0.00,      0.00,0,3,0,0,3,3,U2 
H4,840,2016,481032,      0.00,      0.00,      0.00,      0.00,0,3,0,0,3,3,U2 
H4,840,2016,481039,      0.00,      0.00,      0.00,      0.00,0,4,0,0,4,4,U2 
H4,840,2016,481092,      0.00,      0.00,      0.00,      0.00,0,4,0,0,4,4,U2 
H4,840,2016,481099,      0.00,      0.00,      0.00,      0.00,0,3,0,0,3,3,U2 
H4,840,2016,481110,      0.00,      0.00,      0.00,      0.00,0,2,0,0,2,2,U2 
H4,840,2016,481141,      0.00,      0.00,      0.00,      0.00,0,3,0,0,3,3,U2 
H4,840,2016,481149,      0.00,      0.00,      0.00,      0.00,0,3,0,0,3,3,U2 
H4,840,2016,481151,      0.00,      0.00,      0.00,      0.00,0,3,0,0,3,3,U2 
H4,840,2016,481159,      0.00,      0.00,      0.00,      0.00,0,3,0,0,3,3,U2 
H4,840,2016,481160,      0.00,      0.00,      0.00,      0.00,0,2,0,0,2,2,U2 
H4,840,2016,481190,      0.00,      0.00,      0.00,      0.00,0,7,0,0,7,7,U2 
H4,840,2016,481200,      0.00,      0.00,      0.00,      0.00,0,1,0,0,1,1,U2 
H4,840,2016,481310,      0.00,      0.00,      0.00,      0.00,0,1,0,0,1,1,U2 
H4,840,2016,481320,      0.00,      0.00,      0.00,      0.00,0,1,0,0,1,1,U2 
H4,840,2016,481390,      0.00,      0.00,      0.00,      0.00,0,1,0,0,1,1,U2 
H4,840,2016,481420,      0.00,      0.00,      0.00,      0.00,0,1,0,0,1,1,U2 
H4,840,2016,481490,      0.00,      0.00,      0.00,      0.00,0,1,0,0,1,1,U2 
H4,840,2016,481620,      0.00,      0.00,      0.00,      0.00,0,1,0,0,1,1,U2 
H4,840,2016,481690,      0.00,      0.00,      0.00,      0.00,0,1,0,0,1,1,U2 
H4,840,2016,481710,      0.00,      0.00,      0.00,      0.00,0,1,0,0,1,1,U2 
H4,840,2016,481720,      0.00,      0.00,      0.00,      0.00,0,2,0,0,2,2,U2 
H4,840,2016,481730,      0.00,      0.00,      0.00,      0.00,0,1,0,0,1,1,U2 
H4,840,2016,481810,      0.00,      0.00,      0.00,      0.00,0,1,0,0,1,1,U2 
H4,840,2016,481820,      0.00,      0.00,      0.00,      0.00,0,1,0,0,1,1,U2 
H4,840,2016,481830,      0.00,      0.00,      0.00,      0.00,0,1,0,0,1,1,U2 
H4,840,2016,481850,      0.00,      0.00,      0.00,      0.00,0,1,0,0,1,1,U2 
H4,840,2016,481890,      0.00,      0.00,      0.00,      0.00,0,1,0,0,1,1,U2 
H4,840,2016,481910,      0.00,      0.00,      0.00,      0.00,0,1,0,0,1,1,U2 
H4,840,2016,481920,      0.00,      0.00,      0.00,      0.00,0,1,0,0,1,1,U2 
H4,840,2016,481930,      0.00,      0.00,      0.00,      0.00,0,1,0,0,1,1,U2 
H4,840,2016,481940,      0.00,      0.00,      0.00,      0.00,0,1,0,0,1,1,U2 
H4,840,2016,481950,      0.00,      0.00,      0.00,      0.00,0,3,0,0,3,3,U2 
H4,840,2016,481960,      0.00,      0.00,      0.00,      0.00,0,1,0,0,1,1,U2 
H4,840,2016,482010,      0.00,      0.00,      0.00,      0.00,0,2,0,0,2,2,U2 
H4,840,2016,482020,      0.00,      0.00,      0.00,      0.00,0,1,0,0,1,1,U2 
H4,840,2016,482030,      0.00,      0.00,      0.00,      0.00,0,1,0,0,1,1,U2 
H4,840,2016,482040,      0.00,      0.00,      0.00,      0.00,0,1,0,0,1,1,U2 
H4,840,2016,482050,      0.00,      0.00,      0.00,      0.00,0,1,0,0,1,1,U2 
H4,840,2016,482090,      0.00,      0.00,      0.00,      0.00,0,1,0,0,1,1,U2 
H4,840,2016,482110,      0.00,      0.00,      0.00,      0.00,0,2,0,0,2,2,U2 
H4,840,2016,482190,      0.00,      0.00,      0.00,      0.00,0,2,0,0,2,2,U2 
H4,840,2016,482210,      0.00,      0.00,      0.00,      0.00,0,1,0,0,1,1,U2 
H4,840,2016,482290,      0.00,      0.00,      0.00,      0.00,0,1,0,0,1,1,U2 
H4,840,2016,482320,      0.00,      0.00,      0.00,      0.00,0,2,0,0,2,2,U2 
H4,840,2016,482340,      0.00,      0.00,      0.00,      0.00,0,1,0,0,1,1,U2 
H4,840,2016,482361,      0.00,      0.00,      0.00,      0.00,0,1,0,0,1,1,U2 
H4,840,2016,482369,      0.00,      0.00,      0.00,      0.00,0,1,0,0,1,1,U2 
H4,840,2016,482370,      0.00,      0.00,      0.00,      0.00,0,1,0,0,1,1,U2 
H4,840,2016,482390,      0.00,      0.00,      0.00,      0.00,0,10,0,0,10,10,U2 
H4,840,2016,490110,      0.00,      0.00,      0.00,      0.00,0,1,0,0,1,1,U2 
H4,840,2016,490191,      0.00,      0.00,      0.00,      0.00,0,1,0,0,1,1,U2 
H4,840,2016,490199,      0.00,      0.00,      0.00,      0.00,0,1,0,0,1,1,U2 
H4,840,2016,490210,      0.00,      0.00,      0.00,      0.00,0,1,0,0,1,1,U2 
H4,840,2016,490290,      0.00,      0.00,      0.00,      0.00,0,2,0,0,2,2,U2 
H4,840,2016,490300,      0.00,      0.00,      0.00,      0.00,0,1,0,0,1,1,U2 
H4,840,2016,490400,      0.00,      0.00,      0.00,      0.00,0,1,0,0,1,1,U2 
H4,840,2016,490510,      0.00,      0.00,      0.00,      0.00,0,1,0,0,1,1,U2 
H4,840,2016,490591,      0.00,      0.00,      0.00,      0.00,0,1,0,0,1,1,U2 
H4,840,2016,490599,      0.00,      0.00,      0.00,      0.00,0,1,0,0,1,1,U2 
H4,840,2016,490600,      0.00,      0.00,      0.00,      0.00,0,1,0,0,1,1,U2 
H4,840,2016,490700,      0.00,      0.00,      0.00,      0.00,0,1,0,0,1,1,U2 
H4,840,2016,490810,      0.00,      0.00,      0.00,      0.00,0,1,0,0,1,1,U2 
H4,840,2016,490890,      0.00,      0.00,      0.00,      0.00,0,1,0,0,1,1,U2 
H4,840,2016,490900,      0.00,      0.00,      0.00,      0.00,0,2,0,0,2,2,U2 
H4,840,2016,491000,      0.00,      0.00,      0.00,      0.00,0,3,0,0,3,3,U2 
H4,840,2016,491110,      0.00,      0.00,      0.00,      0.00,0,1,0,0,1,1,U2 
H4,840,2016,491191,      0.00,      0.00,      0.00,      0.00,0,5,0,0,5,5,U2 
H4,840,2016,491199,      0.00,      0.00,      0.00,      0.00,0,3,0,0,3,3,U2 
H4,840,2016,500100,      0.00,      0.00,      0.00,      0.00,0,1,0,0,1,1,U2 
H4,840,2016,500200,      0.00,      0.00,      0.00,      0.00,0,1,0,0,1,1,U2 
H4,840,2016,500300,      2.50,      0.00,      2.50,      1.25,0,1,0,1,2,2,U2 
H4,840,2016,500400,      0.00,      0.00,      0.00,      0.00,0,1,0,0,1,1,U2 
H4,840,2016,500500,      0.00,      0.00,      0.00,      0.00,0,1,0,0,1,1,U2 
H4,840,2016,500600,      0.00,      0.00,      0.00,      0.00,0,2,0,0,2,2,U2 
H4,840,2016,500710,      4.70,      0.80,      3.90,      2.35,0,0,0,2,2,2,U2 
H4,840,2016,500720,      0.00,      0.00,      0.00,      0.00,0,1,0,0,1,1,U2 
H4,840,2016,500790,      4.70,      0.80,      3.90,      2.35,0,0,0,2,2,2,U2 
H4,840,2016,510111,      2.61,      0.00,      2.61,      0.52,0,4,1,0,5,5,U2 
H4,840,2016,510119,      4.20,      0.00,      4.20,      0.84,0,4,1,0,5,5,U2 
H4,840,2016,510121,     12.62,      0.00,      7.06,      1.80,0,5,2,0,7,7,U2 
H4,840,2016,510129,     16.89,      0.00,      8.81,      2.41,0,5,2,0,7,7,U2 
H4,840,2016,510130,      8.73,      0.00,      6.02,      1.46,0,4,2,0,6,6,U2 
H4,840,2016,510211,      4.11,      0.06,      4.05,      2.05,0,0,2,0,2,2,U2 
H4,840,2016,510219,      5.04,      0.00,      4.31,      1.26,0,1,2,1,4,4,U2 
H4,840,2016,510220,      0.00,      0.00,      0.00,      0.00,0,1,0,0,1,1,U2 
H4,840,2016,510310,      0.54,      0.54,      0.54,      0.54,0,0,1,0,1,1,U2 
H4,840,2016,510320,      0.89,      0.89,      0.89,      0.89,0,0,1,0,1,1,U2 
H4,840,2016,510330,      7.00,      7.00,      7.00,      7.00,0,0,0,1,1,1,U2 
H4,840,2016,510400,      0.00,      0.00,      0.00,      0.00,0,1,0,0,1,1,U2 
H4,840,2016,510510,      6.25,      6.25,      6.25,      6.25,0,0,1,0,1,1,U2 
H4,840,2016,510521,      3.40,      3.40,      3.40,      3.40,0,0,1,0,1,1,U2 
H4,840,2016,510529,      3.47,      3.47,      3.47,      3.47,0,0,1,0,1,1,U2 
H4,840,2016,510531,      5.58,      5.58,      5.58,      5.58,0,0,1,0,1,1,U2 
H4,840,2016,510539,      5.88,      5.88,      5.88,      5.88,0,0,1,0,1,1,U2 
H4,840,2016,510540,      0.00,      0.00,      0.00,      0.00,0,1,0,0,1,1,U2 
H4,840,2016,510610,      6.00,      6.00,      6.00,      6.00,0,0,0,1,1,1,U2 
H4,840,2016,510620,      6.00,      6.00,      6.00,      6.00,0,0,0,1,1,1,U2 
H4,840,2016,510710,     12.00,      6.00,      6.00,      6.00,0,0,0,2,2,2,U2 
H4,840,2016,510720,     12.00,      6.00,      6.00,      6.00,0,0,0,2,2,2,U2 
H4,840,2016,510810,     12.00,      4.00,      4.00,      4.00,0,0,0,3,3,3,U2 
H4,840,2016,510820,     12.00,      4.00,      4.00,      4.00,0,0,0,3,3,3,U2 
H4,840,2016,510910,     16.00,      0.00,      6.00,      4.00,0,1,0,3,4,4,U2 
H4,840,2016,510990,     16.00,      0.00,      6.00,      4.00,0,1,0,3,4,4,U2 
H4,840,2016,511000,      0.00,      0.00,      0.00,      0.00,0,1,0,0,1,1,U2 
H4,840,2016,511111,     42.00,      7.00,     25.00,     14.00,0,0,0,3,3,3,U2 
H4,840,2016,511119,     42.00,      7.00,     25.00,     14.00,0,0,0,3,3,3,U2 
H4,840,2016,511120,     39.00,      7.00,     25.00,     13.00,0,0,0,3,3,3,U2 
H4,840,2016,511130,     39.00,      7.00,     25.00,     13.00,0,0,0,3,3,3,U2 
H4,840,2016,511190,     45.90,      6.90,     25.00,     11.48,0,0,0,4,4,4,U2 
H4,840,2016,511211,     57.00,      7.00,     25.00,     19.00,0,0,0,3,3,3,U2 
H4,840,2016,511219,     57.00,      7.00,     25.00,     19.00,0,0,0,3,3,3,U2 
H4,840,2016,511220,     39.00,      7.00,     25.00,     13.00,0,0,0,3,3,3,U2 
H4,840,2016,511230,     39.00,      7.00,     25.00,     13.00,0,0,0,3,3,3,U2 
H4,840,2016,511290,     45.90,      6.90,     25.00,     11.48,0,0,0,4,4,4,U2 
H4,840,2016,511300,      2.70,      2.70,      2.70,      2.70,0,0,0,1,1,1,U2 
H4,840,2016,520100,     77.43,      0.00,     17.15,      6.45,0,3,9,0,12,12,U2 
H4,840,2016,520210,      0.00,      0.00,      0.00,      0.00,0,1,0,0,1,1,U2 
H4,840,2016,520291,      4.30,      4.30,      4.30,      4.30,0,0,0,1,1,1,U2 
H4,840,2016,520299,      7.04,      0.00,      7.04,      1.76,0,3,1,0,4,4,U2 
H4,840,2016,520300,     31.28,      4.30,     16.98,      7.82,0,0,1,3,4,4,U2 
H4,840,2016,520411,      4.40,      4.40,      4.40,      4.40,0,0,0,1,1,1,U2 
H4,840,2016,520419,      4.40,      4.40,      4.40,      4.40,0,0,0,1,1,1,U2 
H4,840,2016,520420,      4.40,      4.40,      4.40,      4.40,0,0,0,1,1,1,U2 
H4,840,2016,520511,      8.70,      3.70,      5.00,      4.35,0,0,0,2,2,2,U2 
H4,840,2016,520512,     11.70,      5.20,      6.50,      5.85,0,0,0,2,2,2,U2 
H4,840,2016,520513,     13.80,      6.50,      7.30,      6.90,0,0,0,2,2,2,U2 
H4,840,2016,520514,     16.50,      7.80,      8.70,      8.25,0,0,0,2,2,2,U2 
H4,840,2016,520515,     21.90,      9.90,     12.00,     10.95,0,0,0,2,2,2,U2 
H4,840,2016,520521,      5.80,      5.80,      5.80,      5.80,0,0,0,1,1,1,U2 
H4,840,2016,520522,      7.30,      7.30,      7.30,      7.30,0,0,0,1,1,1,U2 
H4,840,2016,520523,      8.60,      8.60,      8.60,      8.60,0,0,0,1,1,1,U2 
H4,840,2016,520524,      9.90,      9.90,      9.90,      9.90,0,0,0,1,1,1,U2 
H4,840,2016,520526,     12.00,     12.00,     12.00,     12.00,0,0,0,1,1,1,U2 
H4,840,2016,520527,     12.00,     12.00,     12.00,     12.00,0,0,0,1,1,1,U2 
H4,840,2016,520528,     12.00,     12.00,     12.00,     12.00,0,0,0,1,1,1,U2 
H4,840,2016,520531,      5.80,      5.80,      5.80,      5.80,0,0,0,1,1,1,U2 
H4,840,2016,520532,      7.30,      7.30,      7.30,      7.30,0,0,0,1,1,1,U2 
H4,840,2016,520533,      8.60,      8.60,      8.60,      8.60,0,0,0,1,1,1,U2 
H4,840,2016,520534,      9.90,      9.90,      9.90,      9.90,0,0,0,1,1,1,U2 
H4,840,2016,520535,     12.00,     12.00,     12.00,     12.00,0,0,0,1,1,1,U2 
H4,840,2016,520541,      5.00,      5.00,      5.00,      5.00,0,0,0,1,1,1,U2 
H4,840,2016,520542,      6.50,      6.50,      6.50,      6.50,0,0,0,1,1,1,U2 
H4,840,2016,520543,      8.60,      8.60,      8.60,      8.60,0,0,0,1,1,1,U2 
H4,840,2016,520544,      9.90,      9.90,      9.90,      9.90,0,0,0,1,1,1,U2 
H4,840,2016,520546,     12.00,     12.00,     12.00,     12.00,0,0,0,1,1,1,U2 
H4,840,2016,520547,     12.00,     12.00,     12.00,     12.00,0,0,0,1,1,1,U2 
H4,840,2016,520548,     12.00,     12.00,     12.00,     12.00,0,0,0,1,1,1,U2 
H4,840,2016,520611,      9.20,      9.20,      9.20,      9.20,0,0,0,1,1,1,U2 
H4,840,2016,520612,      9.20,      9.20,      9.20,      9.20,0,0,0,1,1,1,U2 
H4,840,2016,520613,      9.20,      9.20,      9.20,      9.20,0,0,0,1,1,1,U2 
H4,840,2016,520614,      9.20,      9.20,      9.20,      9.20,0,0,0,1,1,1,U2 
H4,840,2016,520615,      9.20,      9.20,      9.20,      9.20,0,0,0,1,1,1,U2 
H4,840,2016,520621,      9.20,      9.20,      9.20,      9.20,0,0,0,1,1,1,U2 
H4,840,2016,520622,      9.20,      9.20,      9.20,      9.20,0,0,0,1,1,1,U2 
H4,840,2016,520623,      9.20,      9.20,      9.20,      9.20,0,0,0,1,1,1,U2 
H4,840,2016,520624,      9.20,      9.20,      9.20,      9.20,0,0,0,1,1,1,U2 
H4,840,2016,520625,      9.20,      9.20,      9.20,      9.20,0,0,0,1,1,1,U2 
H4,840,2016,520631,      9.20,      9.20,      9.20,      9.20,0,0,0,1,1,1,U2 
H4,840,2016,520632,      9.20,      9.20,      9.20,      9.20,0,0,0,1,1,1,U2 
H4,840,2016,520633,      9.20,      9.20,      9.20,      9.20,0,0,0,1,1,1,U2 
H4,840,2016,520634,      9.20,      9.20,      9.20,      9.20,0,0,0,1,1,1,U2 
H4,840,2016,520635,      9.20,      9.20,      9.20,      9.20,0,0,0,1,1,1,U2 
H4,840,2016,520641,      9.20,      9.20,      9.20,      9.20,0,0,0,1,1,1,U2 
H4,840,2016,520642,      9.20,      9.20,      9.20,      9.20,0,0,0,1,1,1,U2 
H4,840,2016,520643,      9.20,      9.20,      9.20,      9.20,0,0,0,1,1,1,U2 
H4,840,2016,520644,      9.20,      9.20,      9.20,      9.20,0,0,0,1,1,1,U2 
H4,840,2016,520645,      9.20,      9.20,      9.20,      9.20,0,0,0,1,1,1,U2 
H4,840,2016,520710,      0.00,      0.00,      0.00,      0.00,0,1,0,0,1,1,U2 
H4,840,2016,520790,      5.00,      5.00,      5.00,      5.00,0,0,0,1,1,1,U2 
H4,840,2016,520811,     26.50,      0.00,     10.50,      6.63,0,1,0,3,4,4,U2 
H4,840,2016,520812,     26.50,      7.00,     10.50,      8.83,0,0,0,3,3,3,U2 
H4,840,2016,520813,      7.90,      7.90,      7.90,      7.90,0,0,0,1,1,1,U2 
H4,840,2016,520819,     34.40,      7.00,     10.50,      8.60,0,0,0,4,4,4,U2 
H4,840,2016,520821,     30.10,      8.40,     11.50,     10.03,0,0,0,3,3,3,U2 
H4,840,2016,520822,     28.60,      8.40,     11.50,      9.53,0,0,0,3,3,3,U2 
H4,840,2016,520823,      9.10,      9.10,      9.10,      9.10,0,0,0,1,1,1,U2 
H4,840,2016,520829,     39.80,      7.70,     13.50,      9.95,0,0,0,4,4,4,U2 
H4,840,2016,520831,     33.30,      3.00,     12.50,      8.32,0,0,0,4,4,4,U2 
H4,840,2016,520832,     32.20,      3.00,     12.50,      8.05,0,0,0,4,4,4,U2 
H4,840,2016,520833,     10.30,     10.30,     10.30,     10.30,0,0,0,1,1,1,U2 
H4,840,2016,520839,     38.00,      7.00,     12.50,      9.50,0,0,0,4,4,4,U2 
H4,840,2016,520841,     37.20,      3.00,     14.70,      9.30,0,0,0,4,4,4,U2 
H4,840,2016,520842,     37.20,      3.00,     14.70,      9.30,0,0,0,4,4,4,U2 
H4,840,2016,520843,      0.00,      0.00,      0.00,      0.00,0,1,0,0,1,1,U2 
H4,840,2016,520849,     32.50,      0.00,     14.70,      8.13,0,1,0,3,4,4,U2 
H4,840,2016,520851,     35.00,      3.00,     12.50,      8.75,0,0,0,4,4,4,U2 
H4,840,2016,520852,     32.90,      3.00,     12.50,      8.23,0,0,0,4,4,4,U2 
H4,840,2016,520859,     46.20,      6.00,     11.40,      9.24,0,0,0,5,5,5,U2 
H4,840,2016,520911,      6.50,      6.50,      6.50,      6.50,0,0,0,1,1,1,U2 
H4,840,2016,520912,      6.50,      6.50,      6.50,      6.50,0,0,0,1,1,1,U2 
H4,840,2016,520919,      6.50,      6.50,      6.50,      6.50,0,0,0,1,1,1,U2 
H4,840,2016,520921,      7.70,      7.70,      7.70,      7.70,0,0,0,1,1,1,U2 
H4,840,2016,520922,      7.70,      7.70,      7.70,      7.70,0,0,0,1,1,1,U2 
H4,840,2016,520929,      7.70,      7.70,      7.70,      7.70,0,0,0,1,1,1,U2 
H4,840,2016,520931,     11.40,      3.00,      8.40,      5.70,0,0,0,2,2,2,U2 
H4,840,2016,520932,      8.40,      8.40,      8.40,      8.40,0,0,0,1,1,1,U2 
H4,840,2016,520939,      8.40,      8.40,      8.40,      8.40,0,0,0,1,1,1,U2 
H4,840,2016,520941,     10.50,      3.00,      7.50,      5.25,0,0,0,2,2,2,U2 
H4,840,2016,520942,      8.40,      8.40,      8.40,      8.40,0,0,0,1,1,1,U2 
H4,840,2016,520943,      8.40,      8.40,      8.40,      8.40,0,0,0,1,1,1,U2 
H4,840,2016,520949,      8.40,      8.40,      8.40,      8.40,0,0,0,1,1,1,U2 
H4,840,2016,520951,     11.40,      3.00,      8.40,      5.70,0,0,0,2,2,2,U2 
H4,840,2016,520952,      8.40,      8.40,      8.40,      8.40,0,0,0,1,1,1,U2 
H4,840,2016,520959,      8.40,      8.40,      8.40,      8.40,0,0,0,1,1,1,U2 
H4,840,2016,521011,     32.10,      8.40,     13.50,     10.70,0,0,0,3,3,3,U2 
H4,840,2016,521019,     45.50,      8.40,     10.20,      9.10,0,0,0,5,5,5,U2 
H4,840,2016,521021,     32.00,      8.10,     12.50,     10.67,0,0,0,3,3,3,U2 
H4,840,2016,521029,     54.80,      8.10,     14.70,     10.96,0,0,0,5,5,5,U2 
H4,840,2016,521031,     37.70,     10.00,     15.50,     12.57,0,0,0,3,3,3,U2 
H4,840,2016,521032,     10.00,     10.00,     10.00,     10.00,0,0,0,1,1,1,U2 
H4,840,2016,521039,     43.40,      8.80,     12.40,     10.85,0,0,0,4,4,4,U2 
H4,840,2016,521041,     37.70,     10.00,     15.50,     12.57,0,0,0,3,3,3,U2 
H4,840,2016,521049,     55.90,     10.00,     15.50,     11.18,0,0,0,5,5,5,U2 
H4,840,2016,521051,     37.70,     10.00,     15.50,     12.57,0,0,0,3,3,3,U2 
H4,840,2016,521059,     47.00,      7.80,     10.40,      9.40,0,0,0,5,5,5,U2 
H4,840,2016,521111,      7.70,      7.70,      7.70,      7.70,0,0,0,1,1,1,U2 
H4,840,2016,521112,      7.70,      7.70,      7.70,      7.70,0,0,0,1,1,1,U2 
H4,840,2016,521119,      7.70,      7.70,      7.70,      7.70,0,0,0,1,1,1,U2 
H4,840,2016,521120,     25.20,      8.40,      8.40,      8.40,0,0,0,3,3,3,U2 
H4,840,2016,521131,      8.10,      8.10,      8.10,      8.10,0,0,0,1,1,1,U2 
H4,840,2016,521132,      8.10,      8.10,      8.10,      8.10,0,0,0,1,1,1,U2 
H4,840,2016,521139,      8.10,      8.10,      8.10,      8.10,0,0,0,1,1,1,U2 
H4,840,2016,521141,      8.10,      8.10,      8.10,      8.10,0,0,0,1,1,1,U2 
H4,840,2016,521142,      8.10,      8.10,      8.10,      8.10,0,0,0,1,1,1,U2 
H4,840,2016,521143,      8.10,      8.10,      8.10,      8.10,0,0,0,1,1,1,U2 
H4,840,2016,521149,      8.10,      8.10,      8.10,      8.10,0,0,0,1,1,1,U2 
H4,840,2016,521151,      0.00,      0.00,      0.00,      0.00,0,1,0,0,1,1,U2 
H4,840,2016,521152,      8.10,      8.10,      8.10,      8.10,0,0,0,1,1,1,U2 
H4,840,2016,521159,      8.10,      8.10,      8.10,      8.10,0,0,0,1,1,1,U2 
H4,840,2016,521211,     24.30,      7.80,     16.50,     12.15,0,0,0,2,2,2,U2 
H4,840,2016,521212,     24.30,      7.80,     16.50,     12.15,0,0,0,2,2,2,U2 
H4,840,2016,521213,     24.30,      7.80,     16.50,     12.15,0,0,0,2,2,2,U2 
H4,840,2016,521214,     24.30,      7.80,     16.50,     12.15,0,0,0,2,2,2,U2 
H4,840,2016,521215,      7.80,      0.00,      7.80,      3.90,0,1,0,1,2,2,U2 
H4,840,2016,521221,     24.30,      7.80,     16.50,     12.15,0,0,0,2,2,2,U2 
H4,840,2016,521222,     24.30,      7.80,     16.50,     12.15,0,0,0,2,2,2,U2 
H4,840,2016,521223,     24.30,      7.80,     16.50,     12.15,0,0,0,2,2,2,U2 
H4,840,2016,521224,     24.30,      7.80,     16.50,     12.15,0,0,0,2,2,2,U2 
H4,840,2016,521225,      0.00,      0.00,      0.00,      0.00,0,2,0,0,2,2,U2 
H4,840,2016,530110,      0.00,      0.00,      0.00,      0.00,0,1,0,0,1,1,U2 
H4,840,2016,530121,      0.07,      0.07,      0.07,      0.07,0,0,1,0,1,1,U2 
H4,840,2016,530129,      3.80,      3.80,      3.80,      3.80,0,0,0,1,1,1,U2 
H4,840,2016,530130,      0.00,      0.00,      0.00,      0.00,0,1,0,0,1,1,U2 
H4,840,2016,530210,      0.00,      0.00,      0.00,      0.00,0,1,0,0,1,1,U2 
H4,840,2016,530290,      0.00,      0.00,      0.00,      0.00,0,1,0,0,1,1,U2 
H4,840,2016,530310,      0.00,      0.00,      0.00,      0.00,0,1,0,0,1,1,U2 
H4,840,2016,530390,      0.00,      0.00,      0.00,      0.00,0,1,0,0,1,1,U2 
H4,840,2016,530500,      0.00,      0.00,      0.00,      0.00,0,1,0,0,1,1,U2 
H4,840,2016,530610,      0.00,      0.00,      0.00,      0.00,0,1,0,0,1,1,U2 
H4,840,2016,530620,      0.00,      0.00,      0.00,      0.00,0,1,0,0,1,1,U2 
H4,840,2016,530710,      0.00,      0.00,      0.00,      0.00,0,1,0,0,1,1,U2 
H4,840,2016,530720,      0.00,      0.00,      0.00,      0.00,0,1,0,0,1,1,U2 
H4,840,2016,530810,      0.00,      0.00,      0.00,      0.00,0,1,0,0,1,1,U2 
H4,840,2016,530820,      0.00,      0.00,      0.00,      0.00,0,1,0,0,1,1,U2 
H4,840,2016,530890,      2.70,      0.00,      2.70,      1.35,0,1,0,1,2,2,U2 
H4,840,2016,530911,      0.00,      0.00,      0.00,      0.00,0,1,0,0,1,1,U2 
H4,840,2016,530919,      0.00,      0.00,      0.00,      0.00,0,1,0,0,1,1,U2 
H4,840,2016,530921,     21.40,      0.00,     14.50,      7.13,0,1,0,2,3,3,U2 
H4,840,2016,530929,     14.50,      0.00,     14.50,      4.83,0,2,0,1,3,3,U2 
H4,840,2016,531010,      0.00,      0.00,      0.00,      0.00,0,1,0,0,1,1,U2 
H4,840,2016,531090,      0.00,      0.00,      0.00,      0.00,0,1,0,0,1,1,U2 
H4,840,2016,531100,     17.20,      0.00,     14.50,      4.30,0,2,0,2,4,4,U2 
H4,840,2016,540110,     11.40,     11.40,     11.40,     11.40,0,0,0,1,1,1,U2 
H4,840,2016,540120,     11.40,     11.40,     11.40,     11.40,0,0,0,1,1,1,U2 
H4,840,2016,540211,     16.80,      8.00,      8.80,      8.40,0,0,0,2,2,2,U2 
H4,840,2016,540219,     16.80,      8.00,      8.80,      8.40,0,0,0,2,2,2,U2 
H4,840,2016,540220,     16.30,      7.50,      8.80,      8.15,0,0,0,2,2,2,U2 
H4,840,2016,540231,     16.80,      8.00,      8.80,      8.40,0,0,0,2,2,2,U2 
H4,840,2016,540232,     16.00,      8.00,      8.00,      8.00,0,0,0,2,2,2,U2 
H4,840,2016,540233,     16.80,      8.00,      8.80,      8.40,0,0,0,2,2,2,U2 
H4,840,2016,540234,     16.80,      8.00,      8.80,      8.40,0,0,0,2,2,2,U2 
H4,840,2016,540239,     16.80,      8.00,      8.80,      8.40,0,0,0,2,2,2,U2 
H4,840,2016,540244,      8.00,      8.00,      8.00,      8.00,0,0,0,1,1,1,U2 
H4,840,2016,540245,      8.00,      0.00,      8.00,      4.00,0,1,0,1,2,2,U2 
H4,840,2016,540246,      8.80,      8.80,      8.80,      8.80,0,0,0,1,1,1,U2 
H4,840,2016,540247,     16.00,      8.00,      8.00,      8.00,0,0,0,2,2,2,U2 
H4,840,2016,540248,      8.00,      8.00,      8.00,      8.00,0,0,0,1,1,1,U2 
H4,840,2016,540249,      8.00,      0.00,      8.00,      4.00,0,1,0,1,2,2,U2 
H4,840,2016,540251,      8.80,      8.80,      8.80,      8.80,0,0,0,1,1,1,U2 
H4,840,2016,540252,     17.60,      8.80,      8.80,      8.80,0,0,0,2,2,2,U2 
H4,840,2016,540259,      8.00,      8.00,      8.00,      8.00,0,0,0,1,1,1,U2 
H4,840,2016,540261,      7.50,      7.50,      7.50,      7.50,0,0,0,1,1,1,U2 
H4,840,2016,540262,      7.50,      7.50,      7.50,      7.50,0,0,0,1,1,1,U2 
H4,840,2016,540269,      7.50,      7.50,      7.50,      7.50,0,0,0,1,1,1,U2 
H4,840,2016,540310,     19.10,      9.10,     10.00,      9.55,0,0,0,2,2,2,U2 
H4,840,2016,540331,     10.00,     10.00,     10.00,     10.00,0,0,0,1,1,1,U2 
H4,840,2016,540332,     10.00,     10.00,     10.00,     10.00,0,0,0,1,1,1,U2 
H4,840,2016,540333,      8.80,      8.80,      8.80,      8.80,0,0,0,1,1,1,U2 
H4,840,2016,540339,     18.00,      8.00,     10.00,      9.00,0,0,0,2,2,2,U2 
H4,840,2016,540341,      9.10,      9.10,      9.10,      9.10,0,0,0,1,1,1,U2 
H4,840,2016,540342,      8.00,      8.00,      8.00,      8.00,0,0,0,1,1,1,U2 
H4,840,2016,540349,     16.60,      7.50,      9.10,      8.30,0,0,0,2,2,2,U2 
H4,840,2016,540411,      6.90,      6.90,      6.90,      6.90,0,0,0,1,1,1,U2 
H4,840,2016,540412,     13.80,      6.90,      6.90,      6.90,0,0,0,2,2,2,U2 
H4,840,2016,540419,      9.60,      2.70,      6.90,      4.80,0,0,0,2,2,2,U2 
H4,840,2016,540490,      0.00,      0.00,      0.00,      0.00,0,1,0,0,1,1,U2 
H4,840,2016,540500,     12.70,      5.80,      6.90,      6.35,0,0,0,2,2,2,U2 
H4,840,2016,540600,     15.00,      7.50,      7.50,      7.50,0,0,0,2,2,2,U2 
H4,840,2016,540710,     13.60,     13.60,     13.60,     13.60,0,0,0,1,1,1,U2 
H4,840,2016,540720,      0.00,      0.00,      0.00,      0.00,0,1,0,0,1,1,U2 
H4,840,2016,540730,      8.00,      0.00,      8.00,      4.00,0,1,0,1,2,2,U2 
H4,840,2016,540741,     13.60,     13.60,     13.60,     13.60,0,0,0,1,1,1,U2 
H4,840,2016,540742,     14.90,     14.90,     14.90,     14.90,0,0,0,1,1,1,U2 
H4,840,2016,540743,     20.69,      8.50,     12.19,     10.34,0,0,1,1,2,2,U2 
H4,840,2016,540744,     12.00,     12.00,     12.00,     12.00,0,0,0,1,1,1,U2 
H4,840,2016,540751,     14.90,     14.90,     14.90,     14.90,0,0,0,1,1,1,U2 
H4,840,2016,540752,     35.38,     14.90,     20.48,     17.69,0,0,1,1,2,2,U2 
H4,840,2016,540753,     31.49,     12.00,     19.49,     15.74,0,0,1,1,2,2,U2 
H4,840,2016,540754,     14.90,     14.90,     14.90,     14.90,0,0,0,1,1,1,U2 
H4,840,2016,540761,     95.61,     12.69,     20.21,     15.94,0,0,4,2,6,6,U2 
H4,840,2016,540769,     53.20,      0.00,     14.90,     10.64,0,1,0,4,5,5,U2 
H4,840,2016,540771,     14.90,     14.90,     14.90,     14.90,0,0,0,1,1,1,U2 
H4,840,2016,540772,     14.90,     14.90,     14.90,     14.90,0,0,0,1,1,1,U2 
H4,840,2016,540773,      8.50,      0.00,      8.50,      4.25,0,1,0,1,2,2,U2 
H4,840,2016,540774,     14.90,     14.90,     14.90,     14.90,0,0,0,1,1,1,U2 
H4,840,2016,540781,     14.90,     14.90,     14.90,     14.90,0,0,0,1,1,1,U2 
H4,840,2016,540782,     14.90,     14.90,     14.90,     14.90,0,0,0,1,1,1,U2 
H4,840,2016,540783,      8.50,      8.50,      8.50,      8.50,0,0,0,1,1,1,U2 
H4,840,2016,540784,     14.90,     14.90,     14.90,     14.90,0,0,0,1,1,1,U2 
H4,840,2016,540791,     51.90,     12.00,     25.00,     17.30,0,0,0,3,3,3,U2 
H4,840,2016,540792,     51.90,     12.00,     25.00,     17.30,0,0,0,3,3,3,U2 
H4,840,2016,540793,     49.00,      0.00,     25.00,     12.25,0,1,0,3,4,4,U2 
H4,840,2016,540794,     26.90,      0.00,     14.90,      8.97,0,1,0,2,3,3,U2 
H4,840,2016,540810,     14.90,     14.90,     14.90,     14.90,0,0,0,1,1,1,U2 
H4,840,2016,540821,     14.90,     14.90,     14.90,     14.90,0,0,0,1,1,1,U2 
H4,840,2016,540822,     29.80,     14.90,     14.90,     14.90,0,0,0,2,2,2,U2 
H4,840,2016,540823,     24.00,      0.00,     12.00,      6.00,0,2,0,2,4,4,U2 
H4,840,2016,540824,     24.00,     12.00,     12.00,     12.00,0,0,0,2,2,2,U2 
H4,840,2016,540831,     51.90,     12.00,     25.00,     17.30,0,0,0,3,3,3,U2 
H4,840,2016,540832,     53.60,      6.90,     19.70,     13.40,0,0,0,4,4,4,U2 
H4,840,2016,540833,     62.46,      6.90,     19.60,     12.49,0,0,1,4,5,5,U2 
H4,840,2016,540834,     24.00,      0.00,     12.00,      6.00,0,2,0,2,4,4,U2 
H4,840,2016,550110,      7.50,      7.50,      7.50,      7.50,0,0,0,1,1,1,U2 
H4,840,2016,550120,      7.50,      7.50,      7.50,      7.50,0,0,0,1,1,1,U2 
H4,840,2016,550130,      7.50,      7.50,      7.50,      7.50,0,0,0,1,1,1,U2 
H4,840,2016,550140,      7.50,      7.50,      7.50,      7.50,0,0,0,1,1,1,U2 
H4,840,2016,550190,      7.50,      7.50,      7.50,      7.50,0,0,0,1,1,1,U2 
H4,840,2016,550200,      7.50,      7.50,      7.50,      7.50,0,0,0,1,1,1,U2 
H4,840,2016,550311,      4.30,      4.30,      4.30,      4.30,0,0,0,1,1,1,U2 
H4,840,2016,550319,      4.30,      0.00,      4.30,      2.15,0,1,0,1,2,2,U2 
H4,840,2016,550320,      4.30,      4.30,      4.30,      4.30,0,0,0,1,1,1,U2 
H4,840,2016,550330,      4.30,      4.30,      4.30,      4.30,0,0,0,1,1,1,U2 
H4,840,2016,550340,      4.30,      4.30,      4.30,      4.30,0,0,0,1,1,1,U2 
H4,840,2016,550390,      4.30,      0.00,      4.30,      2.15,0,1,0,1,2,2,U2 
H4,840,2016,550410,      4.30,      4.30,      4.30,      4.30,0,0,0,1,1,1,U2 
H4,840,2016,550490,      4.30,      4.30,      4.30,      4.30,0,0,0,1,1,1,U2 
H4,840,2016,550510,      0.00,      0.00,      0.00,      0.00,0,1,0,0,1,1,U2 
H4,840,2016,550520,      0.00,      0.00,      0.00,      0.00,0,1,0,0,1,1,U2 
H4,840,2016,550610,      5.00,      5.00,      5.00,      5.00,0,0,0,1,1,1,U2 
H4,840,2016,550620,      5.70,      5.70,      5.70,      5.70,0,0,0,1,1,1,U2 
H4,840,2016,550630,      5.00,      5.00,      5.00,      5.00,0,0,0,1,1,1,U2 
H4,840,2016,550690,      5.00,      5.00,      5.00,      5.00,0,0,0,1,1,1,U2 
H4,840,2016,550700,      5.00,      5.00,      5.00,      5.00,0,0,0,1,1,1,U2 
H4,840,2016,550810,     11.40,     11.40,     11.40,     11.40,0,0,0,1,1,1,U2 
H4,840,2016,550820,     11.00,     11.00,     11.00,     11.00,0,0,0,1,1,1,U2 
H4,840,2016,550911,      9.40,      9.40,      9.40,      9.40,0,0,0,1,1,1,U2 
H4,840,2016,550912,     10.60,     10.60,     10.60,     10.60,0,0,0,1,1,1,U2 
H4,840,2016,550921,      9.70,      9.70,      9.70,      9.70,0,0,0,1,1,1,U2 
H4,840,2016,550922,     10.60,     10.60,     10.60,     10.60,0,0,0,1,1,1,U2 
H4,840,2016,550931,      9.00,      9.00,      9.00,      9.00,0,0,0,1,1,1,U2 
H4,840,2016,550932,     10.00,     10.00,     10.00,     10.00,0,0,0,1,1,1,U2 
H4,840,2016,550941,      9.00,      9.00,      9.00,      9.00,0,0,0,1,1,1,U2 
H4,840,2016,550942,      7.00,      7.00,      7.00,      7.00,0,0,0,1,1,1,U2 
H4,840,2016,550951,     20.30,      9.70,     10.60,     10.15,0,0,0,2,2,2,U2 
H4,840,2016,550952,     12.00,     12.00,     12.00,     12.00,0,0,0,1,1,1,U2 
H4,840,2016,550953,     13.20,     13.20,     13.20,     13.20,0,0,0,1,1,1,U2 
H4,840,2016,550959,     13.20,     13.20,     13.20,     13.20,0,0,0,1,1,1,U2 
H4,840,2016,550961,     13.20,     13.20,     13.20,     13.20,0,0,0,1,1,1,U2 
H4,840,2016,550962,     12.00,     12.00,     12.00,     12.00,0,0,0,1,1,1,U2 
H4,840,2016,550969,     32.20,      9.00,     13.20,     10.73,0,0,0,3,3,3,U2 
H4,840,2016,550991,     12.00,     12.00,     12.00,     12.00,0,0,0,1,1,1,U2 
H4,840,2016,550992,      7.50,      7.50,      7.50,      7.50,0,0,0,1,1,1,U2 
H4,840,2016,550999,     32.80,      9.00,     13.20,     10.93,0,0,0,3,3,3,U2 
H4,840,2016,551011,      9.00,      9.00,      9.00,      9.00,0,0,0,1,1,1,U2 
H4,840,2016,551012,     10.60,     10.60,     10.60,     10.60,0,0,0,1,1,1,U2 
H4,840,2016,551020,     10.20,     10.20,     10.20,     10.20,0,0,0,1,1,1,U2 
H4,840,2016,551030,      7.50,      7.50,      7.50,      7.50,0,0,0,1,1,1,U2 
H4,840,2016,551090,     32.80,      9.00,     13.20,     10.93,0,0,0,3,3,3,U2 
H4,840,2016,551110,      7.50,      7.50,      7.50,      7.50,0,0,0,1,1,1,U2 
H4,840,2016,551120,      7.50,      7.50,      7.50,      7.50,0,0,0,1,1,1,U2 
H4,840,2016,551130,      7.50,      7.50,      7.50,      7.50,0,0,0,1,1,1,U2 
H4,840,2016,551211,     12.00,     12.00,     12.00,     12.00,0,0,0,1,1,1,U2 
H4,840,2016,551219,     13.60,     13.60,     13.60,     13.60,0,0,0,1,1,1,U2 
H4,840,2016,551221,     12.00,     12.00,     12.00,     12.00,0,0,0,1,1,1,U2 
H4,840,2016,551229,     12.00,     12.00,     12.00,     12.00,0,0,0,1,1,1,U2 
H4,840,2016,551291,     14.90,     14.90,     14.90,     14.90,0,0,0,1,1,1,U2 
H4,840,2016,551299,     12.00,     12.00,     12.00,     12.00,0,0,0,1,1,1,U2 
H4,840,2016,551311,     14.90,     14.90,     14.90,     14.90,0,0,0,1,1,1,U2 
H4,840,2016,551312,     14.90,     14.90,     14.90,     14.90,0,0,0,1,1,1,U2 
H4,840,2016,551313,     14.90,     14.90,     14.90,     14.90,0,0,0,1,1,1,U2 
H4,840,2016,551319,     14.90,     14.90,     14.90,     14.90,0,0,0,1,1,1,U2 
H4,840,2016,551321,     14.90,     14.90,     14.90,     14.90,0,0,0,1,1,1,U2 
H4,840,2016,551323,     14.90,     14.90,     14.90,     14.90,0,0,0,1,1,1,U2 
H4,840,2016,551329,     14.90,     14.90,     14.90,     14.90,0,0,0,1,1,1,U2 
H4,840,2016,551331,     14.90,     14.90,     14.90,     14.90,0,0,0,1,1,1,U2 
H4,840,2016,551339,     14.90,     14.90,     14.90,     14.90,0,0,0,1,1,1,U2 
H4,840,2016,551341,     14.90,     14.90,     14.90,     14.90,0,0,0,1,1,1,U2 
H4,840,2016,551349,     37.00,      8.50,     14.90,     12.33,0,0,0,3,3,3,U2 
H4,840,2016,551411,     14.90,     14.90,     14.90,     14.90,0,0,0,1,1,1,U2 
H4,840,2016,551412,     14.90,     14.90,     14.90,     14.90,0,0,0,1,1,1,U2 
H4,840,2016,551419,     23.40,      8.50,     14.90,     11.70,0,0,0,2,2,2,U2 
H4,840,2016,551421,     14.90,     14.90,     14.90,     14.90,0,0,0,1,1,1,U2 
H4,840,2016,551422,     14.90,     14.90,     14.90,     14.90,0,0,0,1,1,1,U2 
H4,840,2016,551423,     14.90,     14.90,     14.90,     14.90,0,0,0,1,1,1,U2 
H4,840,2016,551429,     12.00,     12.00,     12.00,     12.00,0,0,0,1,1,1,U2 
H4,840,2016,551430,     41.80,      0.00,     14.90,     10.45,0,1,0,3,4,4,U2 
H4,840,2016,551441,     14.90,     14.90,     14.90,     14.90,0,0,0,1,1,1,U2 
H4,840,2016,551442,     14.90,     14.90,     14.90,     14.90,0,0,0,1,1,1,U2 
H4,840,2016,551443,      0.00,      0.00,      0.00,      0.00,0,1,0,0,1,1,U2 
H4,840,2016,551449,      8.50,      8.50,      8.50,      8.50,0,0,0,1,1,1,U2 
H4,840,2016,551511,     14.90,     14.90,     14.90,     14.90,0,0,0,1,1,1,U2 
H4,840,2016,551512,     12.00,     12.00,     12.00,     12.00,0,0,0,1,1,1,U2 
H4,840,2016,551513,     37.00,     12.00,     25.00,     18.50,0,0,0,2,2,2,U2 
H4,840,2016,551519,     12.00,     12.00,     12.00,     12.00,0,0,0,1,1,1,U2 
H4,840,2016,551521,      0.00,      0.00,      0.00,      0.00,0,1,0,0,1,1,U2 
H4,840,2016,551522,     32.10,     12.00,     20.10,     16.05,0,0,0,2,2,2,U2 
H4,840,2016,551529,      0.00,      0.00,      0.00,      0.00,0,1,0,0,1,1,U2 
H4,840,2016,551591,     12.00,     12.00,     12.00,     12.00,0,0,0,1,1,1,U2 
H4,840,2016,551599,     45.50,      8.50,     25.00,     15.17,0,0,0,3,3,3,U2 
H4,840,2016,551611,     14.90,     14.90,     14.90,     14.90,0,0,0,1,1,1,U2 
H4,840,2016,551612,     14.90,     14.90,     14.90,     14.90,0,0,0,1,1,1,U2 
H4,840,2016,551613,     14.90,     14.90,     14.90,     14.90,0,0,0,1,1,1,U2 
H4,840,2016,551614,     10.00,     10.00,     10.00,     10.00,0,0,0,1,1,1,U2 
H4,840,2016,551621,     14.90,     14.90,     14.90,     14.90,0,0,0,1,1,1,U2 
H4,840,2016,551622,     14.90,     14.90,     14.90,     14.90,0,0,0,1,1,1,U2 
H4,840,2016,551623,      8.50,      8.50,      8.50,      8.50,0,0,0,1,1,1,U2 
H4,840,2016,551624,     14.90,     14.90,     14.90,     14.90,0,0,0,1,1,1,U2 
H4,840,2016,551631,     31.80,     12.00,     19.80,     15.90,0,0,0,2,2,2,U2 
H4,840,2016,551632,     37.00,     12.00,     25.00,     18.50,0,0,0,2,2,2,U2 
H4,840,2016,551633,     37.00,     12.00,     25.00,     18.50,0,0,0,2,2,2,U2 
H4,840,2016,551634,     31.70,     12.00,     19.70,     15.85,0,0,0,2,2,2,U2 
H4,840,2016,551641,     14.90,     14.90,     14.90,     14.90,0,0,0,1,1,1,U2 
H4,840,2016,551642,     12.00,     12.00,     12.00,     12.00,0,0,0,1,1,1,U2 
H4,840,2016,551643,      0.00,      0.00,      0.00,      0.00,0,1,0,0,1,1,U2 
H4,840,2016,551644,      8.50,      8.50,      8.50,      8.50,0,0,0,1,1,1,U2 
H4,840,2016,551691,     12.00,     12.00,     12.00,     12.00,0,0,0,1,1,1,U2 
H4,840,2016,551692,     12.00,     12.00,     12.00,     12.00,0,0,0,1,1,1,U2 
H4,840,2016,551693,      8.50,      8.50,      8.50,      8.50,0,0,0,1,1,1,U2 
H4,840,2016,551694,     12.00,     12.00,     12.00,     12.00,0,0,0,1,1,1,U2 
H4,840,2016,560121,      3.60,      3.60,      3.60,      3.60,0,0,0,1,1,1,U2 
H4,840,2016,560122,      6.30,      6.30,      6.30,      6.30,0,0,0,1,1,1,U2 
H4,840,2016,560129,      4.00,      4.00,      4.00,      4.00,0,0,0,1,1,1,U2 
H4,840,2016,560130,      0.00,      0.00,      0.00,      0.00,0,1,0,0,1,1,U2 
H4,840,2016,560210,     22.60,     10.60,     12.00,     11.30,0,0,0,2,2,2,U2 
H4,840,2016,560221,     10.48,     10.48,     10.48,     10.48,0,0,1,0,1,1,U2 
H4,840,2016,560229,      6.30,      6.30,      6.30,      6.30,0,0,0,1,1,1,U2 
H4,840,2016,560290,     24.40,      0.00,     18.10,      8.13,0,1,1,1,3,3,U2 
H4,840,2016,560311,      0.00,      0.00,      0.00,      0.00,0,1,0,0,1,1,U2 
H4,840,2016,560312,      0.00,      0.00,      0.00,      0.00,0,1,0,0,1,1,U2 
H4,840,2016,560313,      0.00,      0.00,      0.00,      0.00,0,1,0,0,1,1,U2 
H4,840,2016,560314,      0.00,      0.00,      0.00,      0.00,0,2,0,0,2,2,U2 
H4,840,2016,560391,      0.00,      0.00,      0.00,      0.00,0,1,0,0,1,1,U2 
H4,840,2016,560392,      0.00,      0.00,      0.00,      0.00,0,1,0,0,1,1,U2 
H4,840,2016,560393,      0.00,      0.00,      0.00,      0.00,0,1,0,0,1,1,U2 
H4,840,2016,560394,      0.00,      0.00,      0.00,      0.00,0,3,0,0,3,3,U2 
H4,840,2016,560410,      6.30,      6.30,      6.30,      6.30,0,0,0,1,1,1,U2 
H4,840,2016,560490,     13.80,      5.00,      8.80,      6.90,0,0,0,2,2,2,U2 
H4,840,2016,560500,     20.70,      7.50,     13.20,     10.35,0,0,0,2,2,2,U2 
H4,840,2016,560600,      8.00,      8.00,      8.00,      8.00,0,0,0,1,1,1,U2 
H4,840,2016,560721,      0.00,      0.00,      0.00,      0.00,0,1,0,0,1,1,U2 
H4,840,2016,560729,      3.60,      3.60,      3.60,      3.60,0,0,0,1,1,1,U2 
H4,840,2016,560741,      6.70,      2.70,      4.00,      3.35,0,0,0,2,2,2,U2 
H4,840,2016,560749,     21.25,      2.70,      7.95,      5.31,0,0,1,3,4,4,U2 
H4,840,2016,560750,     23.91,      3.60,     13.31,      7.97,0,0,1,2,3,3,U2 
H4,840,2016,560790,      9.70,      0.00,      6.30,      1.94,0,3,0,2,5,5,U2 
H4,840,2016,560811,      8.00,      8.00,      8.00,      8.00,0,0,0,1,1,1,U2 
H4,840,2016,560819,     13.50,      5.00,      8.50,      6.75,0,0,0,2,2,2,U2 
H4,840,2016,560890,     41.20,      5.00,     14.10,     10.30,0,0,0,4,4,4,U2 
H4,840,2016,560900,     11.30,      0.00,      4.50,      2.83,0,1,0,3,4,4,U2 
H4,840,2016,570110,      4.50,      0.00,      4.50,      1.13,0,3,0,1,4,4,U2 
H4,840,2016,570190,      0.00,      0.00,      0.00,      0.00,0,2,0,0,2,2,U2 
H4,840,2016,570210,      0.00,      0.00,      0.00,      0.00,0,2,0,0,2,2,U2 
H4,840,2016,570220,      0.00,      0.00,      0.00,      0.00,0,2,0,0,2,2,U2 
H4,840,2016,570231,     12.00,      4.00,      8.00,      6.00,0,0,0,2,2,2,U2 
H4,840,2016,570232,     15.00,      7.00,      8.00,      7.50,0,0,0,2,2,2,U2 
H4,840,2016,570239,      3.60,      0.00,      3.60,      1.80,0,1,0,1,2,2,U2 
H4,840,2016,570241,      0.00,      0.00,      0.00,      0.00,0,2,0,0,2,2,U2 
H4,840,2016,570242,      0.00,      0.00,      0.00,      0.00,0,2,0,0,2,2,U2 
H4,840,2016,570249,      4.00,      0.00,      4.00,      1.33,0,2,0,1,3,3,U2 
H4,840,2016,570250,     24.80,      2.70,      6.80,      4.96,0,0,0,5,5,5,U2 
H4,840,2016,570291,      7.90,      0.00,      4.30,      2.63,0,1,0,2,3,3,U2 
H4,840,2016,570292,      5.40,      2.70,      2.70,      2.70,0,0,0,2,2,2,U2 
H4,840,2016,570299,     16.30,      2.70,      6.80,      5.43,0,0,0,3,3,3,U2 
H4,840,2016,570310,     12.00,      6.00,      6.00,      6.00,0,0,0,2,2,2,U2 
H4,840,2016,570320,     12.50,      5.80,      6.70,      6.25,0,0,0,2,2,2,U2 
H4,840,2016,570330,     12.00,      6.00,      6.00,      6.00,0,0,0,2,2,2,U2 
H4,840,2016,570390,      3.80,      3.80,      3.80,      3.80,0,0,0,1,1,1,U2 
H4,840,2016,570410,      4.70,      4.70,      4.70,      4.70,0,0,0,1,1,1,U2 
H4,840,2016,570490,      0.00,      0.00,      0.00,      0.00,0,1,0,0,1,1,U2 
H4,840,2016,570500,      3.30,      0.00,      3.30,      1.65,0,1,0,1,2,2,U2 
H4,840,2016,580110,      0.00,      0.00,      0.00,      0.00,0,1,0,0,1,1,U2 
H4,840,2016,580121,     20.20,     20.20,     20.20,     20.20,0,0,0,1,1,1,U2 
H4,840,2016,580122,     30.20,     10.00,     20.20,     15.10,0,0,0,2,2,2,U2 
H4,840,2016,580123,     10.00,     10.00,     10.00,     10.00,0,0,0,1,1,1,U2 
H4,840,2016,580126,      0.00,      0.00,      0.00,      0.00,0,1,0,0,1,1,U2 
H4,840,2016,580127,     29.00,     10.50,     18.50,     14.50,0,0,0,2,2,2,U2 
H4,840,2016,580131,     17.20,     17.20,     17.20,     17.20,0,0,0,1,1,1,U2 
H4,840,2016,580132,     14.00,     14.00,     14.00,     14.00,0,0,0,1,1,1,U2 
H4,840,2016,580133,      9.80,      9.80,      9.80,      9.80,0,0,0,1,1,1,U2 
H4,840,2016,580136,      9.80,      9.80,      9.80,      9.80,0,0,0,1,1,1,U2 
H4,840,2016,580137,     31.20,     14.00,     17.20,     15.60,0,0,0,2,2,2,U2 
H4,840,2016,580190,      6.40,      2.70,      3.70,      3.20,0,0,0,2,2,2,U2 
H4,840,2016,580211,      9.80,      9.80,      9.80,      9.80,0,0,0,1,1,1,U2 
H4,840,2016,580219,      9.40,      9.40,      9.40,      9.40,0,0,0,1,1,1,U2 
H4,840,2016,580220,     14.00,     14.00,     14.00,     14.00,0,0,0,1,1,1,U2 
H4,840,2016,580230,      6.20,      6.20,      6.20,      6.20,0,0,0,1,1,1,U2 
H4,840,2016,580300,     23.50,      0.00,     16.50,      3.92,0,4,0,2,6,6,U2 
H4,840,2016,580410,      6.00,      0.00,      6.00,      3.00,0,1,0,1,2,2,U2 
H4,840,2016,580421,     12.00,     12.00,     12.00,     12.00,0,0,0,1,1,1,U2 
H4,840,2016,580429,     13.00,      5.00,      8.00,      6.50,0,0,0,2,2,2,U2 
H4,840,2016,580430,     13.20,     13.20,     13.20,     13.20,0,0,0,1,1,1,U2 
H4,840,2016,580500,      0.00,      0.00,      0.00,      0.00,0,5,0,0,5,5,U2 
H4,840,2016,580610,     27.00,      3.80,      8.40,      6.75,0,0,0,4,4,4,U2 
H4,840,2016,580620,      7.00,      7.00,      7.00,      7.00,0,0,0,1,1,1,U2 
H4,840,2016,580631,      8.80,      8.80,      8.80,      8.80,0,0,0,1,1,1,U2 
H4,840,2016,580632,     12.20,      6.00,      6.20,      6.10,0,0,0,2,2,2,U2 
H4,840,2016,580639,     11.50,      0.00,      6.60,      3.83,0,1,0,2,3,3,U2 
H4,840,2016,580640,      8.00,      8.00,      8.00,      8.00,0,0,0,1,1,1,U2 
H4,840,2016,580710,     15.70,      3.30,      7.90,      5.23,0,0,0,3,3,3,U2 
H4,840,2016,580790,     15.70,      3.30,      7.90,      5.23,0,0,0,3,3,3,U2 
H4,840,2016,580810,     14.80,      0.00,      7.40,      2.96,0,2,0,3,5,5,U2 
H4,840,2016,580890,      3.90,      3.90,      3.90,      3.90,0,0,0,1,1,1,U2 
H4,840,2016,580900,     14.90,     14.90,     14.90,     14.90,0,0,0,1,1,1,U2 
H4,840,2016,581010,     14.10,     14.10,     14.10,     14.10,0,0,0,1,1,1,U2 
H4,840,2016,581091,,,,,1,0,0,0,0,1,U2 
H4,840,2016,581092,,,,,2,0,0,0,0,2,U2 
H4,840,2016,581099,,,,,2,0,0,0,0,2,U2 
H4,840,2016,581100,     27.50,      0.00,     13.20,      6.88,0,1,0,3,4,4,U2 
H4,840,2016,590110,     11.10,      4.10,      7.00,      5.55,0,0,0,2,2,2,U2 
H4,840,2016,590190,     11.10,      4.10,      7.00,      5.55,0,0,0,2,2,2,U2 
H4,840,2016,590210,      5.80,      5.80,      5.80,      5.80,0,0,0,1,1,1,U2 
H4,840,2016,590220,      5.80,      5.80,      5.80,      5.80,0,0,0,1,1,1,U2 
H4,840,2016,590290,      0.00,      0.00,      0.00,      0.00,0,1,0,0,1,1,U2 
H4,840,2016,590310,     27.00,      0.00,     14.10,      4.50,0,2,0,4,6,6,U2 
H4,840,2016,590320,     20.90,      0.00,      8.00,      3.48,0,2,0,4,6,6,U2 
H4,840,2016,590390,     20.90,      0.00,      8.00,      3.48,0,2,0,4,6,6,U2 
H4,840,2016,590410,      0.00,      0.00,      0.00,      0.00,0,1,0,0,1,1,U2 
H4,840,2016,590490,      0.00,      0.00,      0.00,      0.00,0,2,0,0,2,2,U2 
H4,840,2016,590500,      0.00,      0.00,      0.00,      0.00,0,2,0,0,2,2,U2 
H4,840,2016,590610,      2.90,      2.90,      2.90,      2.90,0,0,0,1,1,1,U2 
H4,840,2016,590691,     12.90,      0.00,      7.50,      3.22,0,1,0,3,4,4,U2 
H4,840,2016,590699,      6.00,      0.00,      3.30,      1.50,0,2,0,2,4,4,U2 
H4,840,2016,590700,     16.00,      0.00,      8.00,      2.67,0,4,0,2,6,6,U2 
H4,840,2016,590800,      3.40,      3.40,      3.40,      3.40,0,0,0,1,1,1,U2 
H4,840,2016,590900,      3.30,      0.00,      3.30,      1.65,0,1,0,1,2,2,U2 
H4,840,2016,591000,      6.60,      2.60,      4.00,      3.30,0,0,0,2,2,2,U2 
H4,840,2016,591110,      6.70,      2.90,      3.80,      3.35,0,0,0,2,2,2,U2 
H4,840,2016,591120,      3.30,      0.00,      3.30,      1.10,0,2,0,1,3,3,U2 
H4,840,2016,591131,      3.80,      3.80,      3.80,      3.80,0,0,0,1,1,1,U2 
H4,840,2016,591132,      3.80,      3.80,      3.80,      3.80,0,0,0,1,1,1,U2 
H4,840,2016,591140,      8.00,      8.00,      8.00,      8.00,0,0,0,1,1,1,U2 
H4,840,2016,591190,      3.80,      3.80,      3.80,      3.80,0,0,0,1,1,1,U2 
H4,840,2016,600110,     26.20,      9.00,     17.20,     13.10,0,0,0,2,2,2,U2 
H4,840,2016,600121,      9.80,      9.80,      9.80,      9.80,0,0,0,1,1,1,U2 
H4,840,2016,600122,     17.20,     17.20,     17.20,     17.20,0,0,0,1,1,1,U2 
H4,840,2016,600129,      7.00,      7.00,      7.00,      7.00,0,0,0,1,1,1,U2 
H4,840,2016,600191,     18.50,     18.50,     18.50,     18.50,0,0,0,1,1,1,U2 
H4,840,2016,600192,     17.20,     17.20,     17.20,     17.20,0,0,0,1,1,1,U2 
H4,840,2016,600199,     11.00,      4.00,      7.00,      5.50,0,0,0,2,2,2,U2 
H4,840,2016,600240,     16.80,      8.00,      8.80,      8.40,0,0,0,2,2,2,U2 
H4,840,2016,600290,     16.80,      8.00,      8.80,      8.40,0,0,0,2,2,2,U2 
H4,840,2016,600310,     20.70,      6.60,     14.10,     10.35,0,0,0,2,2,2,U2 
H4,840,2016,600320,     22.10,      8.00,     14.10,     11.05,0,0,0,2,2,2,U2 
H4,840,2016,600330,     21.70,      7.60,     14.10,     10.85,0,0,0,2,2,2,U2 
H4,840,2016,600340,     21.70,      7.60,     14.10,     10.85,0,0,0,2,2,2,U2 
H4,840,2016,600390,     20.70,      6.60,     14.10,     10.35,0,0,0,2,2,2,U2 
H4,840,2016,600410,     12.30,     12.30,     12.30,     12.30,0,0,0,1,1,1,U2 
H4,840,2016,600490,     19.30,      7.00,     12.30,      9.65,0,0,0,2,2,2,U2 
H4,840,2016,600521,     10.00,     10.00,     10.00,     10.00,0,0,0,1,1,1,U2 
H4,840,2016,600522,     10.00,     10.00,     10.00,     10.00,0,0,0,1,1,1,U2 
H4,840,2016,600523,     10.00,     10.00,     10.00,     10.00,0,0,0,1,1,1,U2 
H4,840,2016,600524,     10.00,     10.00,     10.00,     10.00,0,0,0,1,1,1,U2 
H4,840,2016,600531,     10.00,     10.00,     10.00,     10.00,0,0,0,1,1,1,U2 
H4,840,2016,600532,     10.00,     10.00,     10.00,     10.00,0,0,0,1,1,1,U2 
H4,840,2016,600533,     10.00,     10.00,     10.00,     10.00,0,0,0,1,1,1,U2 
H4,840,2016,600534,     10.00,     10.00,     10.00,     10.00,0,0,0,1,1,1,U2 
H4,840,2016,600541,     10.00,     10.00,     10.00,     10.00,0,0,0,1,1,1,U2 
H4,840,2016,600542,     10.00,     10.00,     10.00,     10.00,0,0,0,1,1,1,U2 
H4,840,2016,600543,     10.00,     10.00,     10.00,     10.00,0,0,0,1,1,1,U2 
H4,840,2016,600544,     10.00,     10.00,     10.00,     10.00,0,0,0,1,1,1,U2 
H4,840,2016,600590,     20.00,     10.00,     10.00,     10.00,0,0,0,2,2,2,U2 
H4,840,2016,600610,     10.00,     10.00,     10.00,     10.00,0,0,0,1,1,1,U2 
H4,840,2016,600621,     20.00,     10.00,     10.00,     10.00,0,0,0,2,2,2,U2 
H4,840,2016,600622,     20.00,     10.00,     10.00,     10.00,0,0,0,2,2,2,U2 
H4,840,2016,600623,     20.00,     10.00,     10.00,     10.00,0,0,0,2,2,2,U2 
H4,840,2016,600624,     20.00,     10.00,     10.00,     10.00,0,0,0,2,2,2,U2 
H4,840,2016,600631,     10.00,     10.00,     10.00,     10.00,0,0,0,1,1,1,U2 
H4,840,2016,600632,     10.00,     10.00,     10.00,     10.00,0,0,0,1,1,1,U2 
H4,840,2016,600633,     10.00,     10.00,     10.00,     10.00,0,0,0,1,1,1,U2 
H4,840,2016,600634,     10.00,     10.00,     10.00,     10.00,0,0,0,1,1,1,U2 
H4,840,2016,600641,     10.00,     10.00,     10.00,     10.00,0,0,0,1,1,1,U2 
H4,840,2016,600642,     10.00,     10.00,     10.00,     10.00,0,0,0,1,1,1,U2 
H4,840,2016,600643,     10.00,     10.00,     10.00,     10.00,0,0,0,1,1,1,U2 
H4,840,2016,600644,     10.00,     10.00,     10.00,     10.00,0,0,0,1,1,1,U2 
H4,840,2016,600690,      7.00,      0.00,      7.00,      3.50,0,1,0,1,2,2,U2 
H4,840,2016,610120,     15.90,     15.90,     15.90,     15.90,0,0,0,1,1,1,U2 
H4,840,2016,610130,     45.61,      5.60,     28.20,     15.20,0,0,1,2,3,3,U2 
H4,840,2016,610190,     24.54,      0.90,     17.94,      8.18,0,0,1,2,3,3,U2 
H4,840,2016,610210,     17.23,     17.23,     17.23,     17.23,0,0,1,0,1,1,U2 
H4,840,2016,610220,     15.90,     15.90,     15.90,     15.90,0,0,0,1,1,1,U2 
H4,840,2016,610230,     55.24,      5.30,     28.20,     18.41,0,0,1,2,3,3,U2 
H4,840,2016,610290,      6.60,      0.90,      5.70,      3.30,0,0,0,2,2,2,U2 
H4,840,2016,610310,     76.44,      0.00,     28.20,      9.56,0,2,2,4,8,8,U2 
H4,840,2016,610322,,,,,1,0,0,0,0,1,U2 
H4,840,2016,610323,,,,,1,0,0,0,0,1,U2 
H4,840,2016,610329,,,,,3,0,0,0,0,3,U2 
H4,840,2016,610331,     10.45,     10.45,     10.45,     10.45,0,0,1,0,1,1,U2 
H4,840,2016,610332,     13.50,     13.50,     13.50,     13.50,0,0,0,1,1,1,U2 
H4,840,2016,610333,     40.01,     11.81,     28.20,     20.00,0,0,1,1,2,2,U2 
H4,840,2016,610339,     21.40,      0.90,     14.90,      7.13,0,0,0,3,3,3,U2 
H4,840,2016,610341,     31.80,     13.60,     18.20,     15.90,0,0,1,1,2,2,U2 
H4,840,2016,610342,     26.40,     10.30,     16.10,     13.20,0,0,0,2,2,2,U2 
H4,840,2016,610343,     61.39,     14.90,     28.20,     20.46,0,0,1,2,3,3,U2 
H4,840,2016,610349,     48.30,      0.90,     28.20,     12.07,0,0,0,4,4,4,U2 
H4,840,2016,610413,     14.90,      0.00,     14.90,      7.45,0,1,0,1,2,2,U2 
H4,840,2016,610419,     38.00,      0.00,     13.60,      6.33,0,1,0,5,6,6,U2 
H4,840,2016,610422,,,,,1,0,0,0,0,1,U2 
H4,840,2016,610423,,,,,1,0,0,0,0,1,U2 
H4,840,2016,610429,,,,,3,0,0,0,0,3,U2 
H4,840,2016,610431,     16.74,     16.74,     16.74,     16.74,0,0,1,0,1,1,U2 
H4,840,2016,610432,     14.90,     14.90,     14.90,     14.90,0,0,0,1,1,1,U2 
H4,840,2016,610433,     46.92,     18.72,     28.20,     23.46,0,0,1,1,2,2,U2 
H4,840,2016,610439,     24.00,      0.00,     24.00,     12.00,0,1,0,1,2,2,U2 
H4,840,2016,610441,     13.60,     13.60,     13.60,     13.60,0,0,0,1,1,1,U2 
H4,840,2016,610442,     11.50,     11.50,     11.50,     11.50,0,0,0,1,1,1,U2 
H4,840,2016,610443,     30.90,     14.90,     16.00,     15.45,0,0,0,2,2,2,U2 
H4,840,2016,610444,     29.80,     14.90,     14.90,     14.90,0,0,0,2,2,2,U2 
H4,840,2016,610449,      6.50,      0.90,      5.60,      3.25,0,0,0,2,2,2,U2 
H4,840,2016,610451,     14.90,     14.90,     14.90,     14.90,0,0,0,1,1,1,U2 
H4,840,2016,610452,      8.30,      8.30,      8.30,      8.30,0,0,0,1,1,1,U2 
H4,840,2016,610453,     30.90,     14.90,     16.00,     15.45,0,0,0,2,2,2,U2 
H4,840,2016,610459,     14.50,      0.90,      8.00,      4.83,0,0,0,3,3,3,U2 
H4,840,2016,610461,     14.90,     14.90,     14.90,     14.90,0,0,0,1,1,1,U2 
H4,840,2016,610462,     25.20,     10.30,     14.90,     12.60,0,0,0,2,2,2,U2 
H4,840,2016,610463,     58.00,     14.90,     28.20,     19.33,0,0,0,3,3,3,U2 
H4,840,2016,610469,     48.30,      0.90,     28.20,     12.07,0,0,0,4,4,4,U2 
H4,840,2016,610510,     19.70,     19.70,     19.70,     19.70,0,0,0,1,1,1,U2 
H4,840,2016,610520,     45.60,     13.60,     32.00,     22.80,0,0,0,2,2,2,U2 
H4,840,2016,610590,     21.40,      0.90,     14.90,      7.13,0,0,0,3,3,3,U2 
H4,840,2016,610610,     19.70,     19.70,     19.70,     19.70,0,0,0,1,1,1,U2 
H4,840,2016,610620,     46.90,     14.90,     32.00,     23.45,0,0,0,2,2,2,U2 
H4,840,2016,610690,     24.80,      0.90,     13.60,      6.20,0,0,0,4,4,4,U2 
H4,840,2016,610711,      7.40,      7.40,      7.40,      7.40,0,0,0,1,1,1,U2 
H4,840,2016,610712,     14.90,     14.90,     14.90,     14.90,0,0,0,1,1,1,U2 
H4,840,2016,610719,      6.50,      0.90,      5.60,      3.25,0,0,0,2,2,2,U2 
H4,840,2016,610721,      8.90,      8.90,      8.90,      8.90,0,0,0,1,1,1,U2 
H4,840,2016,610722,     16.00,     16.00,     16.00,     16.00,0,0,0,1,1,1,U2 
H4,840,2016,610729,     15.00,      0.90,      8.50,      5.00,0,0,0,3,3,3,U2 
H4,840,2016,610791,      8.70,      8.70,      8.70,      8.70,0,0,0,1,1,1,U2 
H4,840,2016,610799,     34.10,      0.80,     14.90,      8.52,0,0,0,4,4,4,U2 
H4,840,2016,610811,     14.90,     14.90,     14.90,     14.90,0,0,0,1,1,1,U2 
H4,840,2016,610819,      7.70,      1.10,      6.60,      3.85,0,0,0,2,2,2,U2 
H4,840,2016,610821,      7.60,      7.60,      7.60,      7.60,0,0,0,1,1,1,U2 
H4,840,2016,610822,     23.90,      8.30,     15.60,     11.95,0,0,0,2,2,2,U2 
H4,840,2016,610829,     15.40,      2.10,     13.30,      7.70,0,0,0,2,2,2,U2 
H4,840,2016,610831,      8.50,      8.50,      8.50,      8.50,0,0,0,1,1,1,U2 
H4,840,2016,610832,     16.00,     16.00,     16.00,     16.00,0,0,0,1,1,1,U2 
H4,840,2016,610839,     12.90,      0.60,      8.50,      4.30,0,0,0,3,3,3,U2 
H4,840,2016,610891,      8.50,      8.50,      8.50,      8.50,0,0,0,1,1,1,U2 
H4,840,2016,610892,     16.00,     16.00,     16.00,     16.00,0,0,0,1,1,1,U2 
H4,840,2016,610899,     12.90,      0.60,      8.50,      4.30,0,0,0,3,3,3,U2 
H4,840,2016,610910,     16.50,     16.50,     16.50,     16.50,0,0,0,1,1,1,U2 
H4,840,2016,610990,     56.20,      2.60,     32.00,     14.05,0,0,0,4,4,4,U2 
H4,840,2016,611011,     16.00,     16.00,     16.00,     16.00,0,0,0,1,1,1,U2 
H4,840,2016,611012,     20.00,      4.00,     16.00,     10.00,0,0,0,2,2,2,U2 
H4,840,2016,611019,     16.00,     16.00,     16.00,     16.00,0,0,0,1,1,1,U2 
H4,840,2016,611020,     21.50,      5.00,     16.50,     10.75,0,0,0,2,2,2,U2 
H4,840,2016,611030,     61.30,      6.00,     32.00,     15.32,0,0,0,4,4,4,U2 
H4,840,2016,611090,      6.90,      0.90,      6.00,      3.45,0,0,0,2,2,2,U2 
H4,840,2016,611120,     84.00,      8.10,     19.70,     14.00,0,0,0,6,6,6,U2 
H4,840,2016,611130,    138.20,     16.00,     32.00,     27.64,0,0,0,5,5,5,U2 
H4,840,2016,611190,     93.20,      0.00,     26.00,     11.65,0,1,0,7,8,8,U2 
H4,840,2016,611211,     14.90,     14.90,     14.90,     14.90,0,0,0,1,1,1,U2 
H4,840,2016,611212,     28.20,     28.20,     28.20,     28.20,0,0,0,1,1,1,U2 
H4,840,2016,611219,     53.30,      3.50,     28.20,     17.77,0,0,0,3,3,3,U2 
H4,840,2016,611220,     36.50,      8.30,     28.20,     18.25,0,0,0,2,2,2,U2 
H4,840,2016,611231,     25.90,     25.90,     25.90,     25.90,0,0,0,1,1,1,U2 
H4,840,2016,611239,     13.20,     13.20,     13.20,     13.20,0,0,0,1,1,1,U2 
H4,840,2016,611241,     24.90,     24.90,     24.90,     24.90,0,0,0,1,1,1,U2 
H4,840,2016,611249,     13.20,     13.20,     13.20,     13.20,0,0,0,1,1,1,U2 
H4,840,2016,611300,     10.90,      3.80,      7.10,      5.45,0,0,0,2,2,2,U2 
H4,840,2016,611420,     10.80,     10.80,     10.80,     10.80,0,0,0,1,1,1,U2 
H4,840,2016,611430,     75.10,     14.90,     32.00,     25.03,0,0,0,3,3,3,U2 
H4,840,2016,611490,     18.50,      0.90,     12.00,      6.17,0,0,0,3,3,3,U2 
H4,840,2016,611510,     83.50,      0.00,     16.00,     11.93,0,1,0,6,7,7,U2 
H4,840,2016,611521,     16.00,     16.00,     16.00,     16.00,0,0,0,1,1,1,U2 
H4,840,2016,611522,     14.90,     14.90,     14.90,     14.90,0,0,0,1,1,1,U2 
H4,840,2016,611529,     18.60,      2.60,     16.00,      9.30,0,0,0,2,2,2,U2 
H4,840,2016,611530,     17.30,      2.70,     14.60,      8.65,0,0,0,2,2,2,U2 
H4,840,2016,611594,     11.30,     11.30,     11.30,     11.30,0,0,0,1,1,1,U2 
H4,840,2016,611595,     23.50,     10.00,     13.50,     11.75,0,0,0,2,2,2,U2 
H4,840,2016,611596,     33.40,     14.60,     18.80,     16.70,0,0,0,2,2,2,U2 
H4,840,2016,611599,     44.90,      1.60,     18.80,     11.23,0,0,0,4,4,4,U2 
H4,840,2016,611610,    107.70,      0.00,     23.50,     10.77,0,1,0,9,10,10,U2 
H4,840,2016,611691,      7.54,      7.54,      7.54,      7.54,0,0,1,0,1,1,U2 
H4,840,2016,611692,     68.60,      0.00,     23.50,     11.43,0,1,0,5,6,6,U2 
H4,840,2016,611693,     58.30,      0.00,     18.60,      9.72,0,1,2,3,6,6,U2 
H4,840,2016,611699,     44.20,      0.00,     18.80,      7.37,0,2,0,4,6,6,U2 
H4,840,2016,611710,     31.90,      1.50,     11.30,      7.97,0,0,0,4,4,4,U2 
H4,840,2016,611780,     37.70,      1.20,     14.60,      7.54,0,0,0,5,5,5,U2 
H4,840,2016,611790,     16.90,      2.30,     14.60,      8.45,0,0,0,2,2,2,U2 
H4,840,2016,620111,     17.10,     17.10,     17.10,     17.10,0,0,1,0,1,1,U2 
H4,840,2016,620112,     13.80,      4.40,      9.40,      6.90,0,0,0,2,2,2,U2 
H4,840,2016,620113,     53.42,      4.40,     27.70,     17.81,0,0,1,2,3,3,U2 
H4,840,2016,620119,      2.80,      0.00,      2.80,      1.40,0,1,0,1,2,2,U2 
H4,840,2016,620191,     29.08,      8.50,     20.58,     14.54,0,0,1,1,2,2,U2 
H4,840,2016,620192,     20.00,      4.40,      9.40,      6.67,0,0,0,3,3,3,U2 
H4,840,2016,620193,     75.22,      4.40,     27.70,     15.04,0,0,1,4,5,5,U2 
H4,840,2016,620199,      4.20,      0.00,      4.20,      2.10,0,1,0,1,2,2,U2 
H4,840,2016,620211,     16.97,     16.97,     16.97,     16.97,0,0,1,0,1,1,U2 
H4,840,2016,620212,     13.30,      4.40,      8.90,      6.65,0,0,0,2,2,2,U2 
H4,840,2016,620213,     53.23,      4.40,     27.70,     17.74,0,0,1,2,3,3,U2 
H4,840,2016,620219,      2.80,      0.00,      2.80,      1.40,0,1,0,1,2,2,U2 
H4,840,2016,620291,     30.96,     14.00,     16.96,     15.48,0,0,1,1,2,2,U2 
H4,840,2016,620292,     19.50,      4.40,      8.90,      6.50,0,0,0,3,3,3,U2 
H4,840,2016,620293,     76.62,      4.40,     27.70,     15.32,0,0,1,4,5,5,U2 
H4,840,2016,620299,      2.80,      0.00,      2.80,      1.40,0,1,0,1,2,2,U2 
H4,840,2016,620311,     50.00,      7.50,     17.50,     12.50,0,0,0,4,4,4,U2 
H4,840,2016,620312,     44.80,     17.50,     27.30,     22.40,0,0,0,2,2,2,U2 
H4,840,2016,620319,     62.03,      3.80,     23.03,     12.41,0,0,1,4,5,5,U2 
H4,840,2016,620322,      7.50,      7.50,      7.50,      7.50,1,0,0,1,1,2,U2 
H4,840,2016,620323,,,,,1,0,0,0,0,1,U2 
H4,840,2016,620329,,,,,4,0,0,0,0,4,U2 
H4,840,2016,620331,     35.00,     17.50,     17.50,     17.50,0,0,0,2,2,2,U2 
H4,840,2016,620332,     12.20,      2.80,      9.40,      6.10,0,0,0,2,2,2,U2 
H4,840,2016,620333,     49.30,     22.00,     27.30,     24.65,0,0,0,2,2,2,U2 
H4,840,2016,620339,     56.80,      1.00,     27.30,     14.20,0,0,0,4,4,4,U2 
H4,840,2016,620341,     50.17,      7.60,     17.03,     12.54,0,0,2,2,4,4,U2 
H4,840,2016,620342,     26.90,      0.00,     16.60,      8.97,0,1,0,2,3,3,U2 
H4,840,2016,620343,     90.98,      0.00,     27.90,     13.00,0,1,1,5,7,7,U2 
H4,840,2016,620349,     51.40,      0.00,     27.90,     10.28,0,1,0,4,5,5,U2 
H4,840,2016,620411,     14.00,     14.00,     14.00,     14.00,0,0,0,1,1,1,U2 
H4,840,2016,620412,     14.90,     14.90,     14.90,     14.90,0,0,0,1,1,1,U2 
H4,840,2016,620413,     44.15,     17.00,     27.15,     22.07,0,0,1,1,2,2,U2 
H4,840,2016,620419,     53.00,      1.00,     28.50,     13.25,0,0,1,3,4,4,U2 
H4,840,2016,620421,,,,,1,0,0,0,0,1,U2 
H4,840,2016,620422,      7.50,      7.50,      7.50,      7.50,1,0,0,1,1,2,U2 
H4,840,2016,620423,,,,,1,0,0,0,0,1,U2 
H4,840,2016,620429,,,,,2,0,0,0,0,2,U2 
H4,840,2016,620431,     25.00,      7.50,     17.50,     12.50,0,0,0,2,2,2,U2 
H4,840,2016,620432,     12.20,      2.80,      9.40,      6.10,0,0,0,2,2,2,U2 
H4,840,2016,620433,     59.63,      2.80,     27.30,     14.91,0,0,1,3,4,4,U2 
H4,840,2016,620439,     52.16,      1.00,     27.30,     13.04,0,0,1,3,4,4,U2 
H4,840,2016,620441,     20.80,      7.20,     13.60,     10.40,0,0,0,2,2,2,U2 
H4,840,2016,620442,     25.70,      5.50,     11.80,      8.57,0,0,0,3,3,3,U2 
H4,840,2016,620443,     49.30,      7.10,     16.00,     12.32,0,0,0,4,4,4,U2 
H4,840,2016,620444,     35.80,      8.50,     16.00,     11.93,0,0,0,3,3,3,U2 
H4,840,2016,620449,     13.80,      6.90,      6.90,      6.90,0,0,0,2,2,2,U2 
H4,840,2016,620451,     14.00,     14.00,     14.00,     14.00,0,0,0,1,1,1,U2 
H4,840,2016,620452,     16.20,      8.00,      8.20,      8.10,0,0,0,2,2,2,U2 
H4,840,2016,620453,     42.20,     11.30,     16.00,     14.07,0,0,0,3,3,3,U2 
H4,840,2016,620459,     48.80,      6.60,     16.00,     12.20,0,0,0,4,4,4,U2 
H4,840,2016,620461,     21.20,      7.60,     13.60,     10.60,0,0,0,2,2,2,U2 
H4,840,2016,620462,     32.60,      0.00,     16.60,      8.15,0,1,0,3,4,4,U2 
H4,840,2016,620463,     82.60,      0.00,     28.60,     11.80,0,1,0,6,7,7,U2 
H4,840,2016,620469,     66.80,      1.10,     28.60,     11.13,0,0,0,6,6,6,U2 
H4,840,2016,620520,     28.40,      8.70,     19.70,     14.20,0,0,0,2,2,2,U2 
H4,840,2016,620530,     61.58,     12.20,     27.30,     20.53,0,0,2,1,3,3,U2 
H4,840,2016,620590,     37.70,      1.10,     17.50,      7.54,0,0,0,5,5,5,U2 
H4,840,2016,620610,      6.90,      6.90,      6.90,      6.90,0,0,0,1,1,1,U2 
H4,840,2016,620620,     32.60,      7.10,     17.00,     10.87,0,0,0,3,3,3,U2 
H4,840,2016,620630,     27.90,      3.50,     15.40,      9.30,0,0,0,3,3,3,U2 
H4,840,2016,620640,     58.08,      4.00,     26.90,     14.52,0,0,1,3,4,4,U2 
H4,840,2016,620690,      6.70,      6.70,      6.70,      6.70,0,0,0,1,1,1,U2 
H4,840,2016,620711,      6.10,      6.10,      6.10,      6.10,0,0,0,1,1,1,U2 
H4,840,2016,620719,     12.20,      1.70,     10.50,      6.10,0,0,0,2,2,2,U2 
H4,840,2016,620721,      8.90,      8.90,      8.90,      8.90,0,0,0,1,1,1,U2 
H4,840,2016,620722,     16.00,     16.00,     16.00,     16.00,0,0,0,1,1,1,U2 
H4,840,2016,620729,      8.20,      1.10,      7.10,      4.10,0,0,0,2,2,2,U2 
H4,840,2016,620791,     14.50,      6.10,      8.40,      7.25,0,0,0,2,2,2,U2 
H4,840,2016,620799,     48.20,      1.10,     14.90,      8.03,0,0,0,6,6,6,U2 
H4,840,2016,620811,     14.90,     14.90,     14.90,     14.90,0,0,0,1,1,1,U2 
H4,840,2016,620819,     21.30,      1.40,     11.20,      7.10,0,0,0,3,3,3,U2 
H4,840,2016,620821,      8.90,      8.90,      8.90,      8.90,0,0,0,1,1,1,U2 
H4,840,2016,620822,     16.00,     16.00,     16.00,     16.00,0,0,0,1,1,1,U2 
H4,840,2016,620829,      8.20,      1.10,      7.10,      4.10,0,0,0,2,2,2,U2 
H4,840,2016,620891,     18.70,      7.50,     11.20,      9.35,0,0,0,2,2,2,U2 
H4,840,2016,620892,     16.00,     16.00,     16.00,     16.00,0,0,0,1,1,1,U2 
H4,840,2016,620899,     19.50,      1.10,      8.50,      4.88,0,0,0,4,4,4,U2 
H4,840,2016,620920,     50.90,      9.30,     14.90,     12.73,0,0,0,4,4,4,U2 
H4,840,2016,620930,     66.60,     16.00,     28.60,     22.20,0,0,0,3,3,3,U2 
H4,840,2016,620990,     70.08,      0.00,     22.00,     11.68,0,1,1,4,6,6,U2 
H4,840,2016,621010,     27.30,      0.00,     16.00,      6.82,0,1,0,3,4,4,U2 
H4,840,2016,621020,     20.40,      3.30,      7.10,      5.10,0,0,0,4,4,4,U2 
H4,840,2016,621030,     20.40,      3.30,      7.10,      5.10,0,0,0,4,4,4,U2 
H4,840,2016,621040,     20.40,      3.30,      7.10,      5.10,0,0,0,4,4,4,U2 
H4,840,2016,621050,     20.40,      3.30,      7.10,      5.10,0,0,0,4,4,4,U2 
H4,840,2016,621111,     39.30,      4.00,     27.80,     13.10,0,0,0,3,3,3,U2 
H4,840,2016,621112,     20.50,      1.20,     11.80,      6.83,0,0,0,3,3,3,U2 
H4,840,2016,621120,    252.40,      0.70,     28.60,     16.83,0,0,0,15,15,15,U2 
H4,840,2016,621132,      8.10,      8.10,      8.10,      8.10,0,0,0,1,1,1,U2 
H4,840,2016,621133,     16.00,     16.00,     16.00,     16.00,0,0,0,1,1,1,U2 
H4,840,2016,621139,     15.30,      0.50,     12.00,      5.10,0,0,0,3,3,3,U2 
H4,840,2016,621142,      8.10,      8.10,      8.10,      8.10,0,0,0,1,1,1,U2 
H4,840,2016,621143,     16.00,     16.00,     16.00,     16.00,0,0,0,1,1,1,U2 
H4,840,2016,621149,     20.50,      1.20,     12.00,      6.83,0,0,0,3,3,3,U2 
H4,840,2016,621210,     41.30,      2.70,     16.90,     10.32,0,0,0,4,4,4,U2 
H4,840,2016,621220,     20.00,     20.00,     20.00,     20.00,0,0,0,1,1,1,U2 
H4,840,2016,621230,     23.50,     23.50,     23.50,     23.50,0,0,0,1,1,1,U2 
H4,840,2016,621290,      6.60,      6.60,      6.60,      6.60,0,0,0,1,1,1,U2 
H4,840,2016,621320,     20.30,      7.10,     13.20,     10.15,0,0,0,2,2,2,U2 
H4,840,2016,621390,     21.00,      1.10,     10.80,      5.25,0,0,0,4,4,4,U2 
H4,840,2016,621410,      5.10,      1.20,      3.90,      2.55,0,0,0,2,2,2,U2 
H4,840,2016,621420,      6.70,      6.70,      6.70,      6.70,0,0,0,1,1,1,U2 
H4,840,2016,621430,      5.30,      5.30,      5.30,      5.30,0,0,0,1,1,1,U2 
H4,840,2016,621440,      5.30,      5.30,      5.30,      5.30,0,0,0,1,1,1,U2 
H4,840,2016,621490,     11.30,     11.30,     11.30,     11.30,0,0,0,1,1,1,U2 
H4,840,2016,621510,      7.20,      7.20,      7.20,      7.20,0,0,0,1,1,1,U2 
H4,840,2016,621520,     13.72,     13.72,     13.72,     13.72,0,0,1,0,1,1,U2 
H4,840,2016,621590,      5.00,      5.00,      5.00,      5.00,0,0,0,1,1,1,U2 
H4,840,2016,621600,    176.19,      0.00,     23.50,      8.81,0,3,4,13,20,20,U2 
H4,840,2016,621710,     31.50,      2.30,     14.60,     10.50,0,0,0,3,3,3,U2 
H4,840,2016,621790,     16.90,      2.30,     14.60,      8.45,0,0,0,2,2,2,U2 
H4,840,2016,630110,     11.40,     11.40,     11.40,     11.40,0,0,0,1,1,1,U2 
H4,840,2016,630120,      0.00,      0.00,      0.00,      0.00,0,1,0,0,1,1,U2 
H4,840,2016,630130,      8.40,      8.40,      8.40,      8.40,0,0,0,1,1,1,U2 
H4,840,2016,630140,      8.50,      8.50,      8.50,      8.50,0,0,0,1,1,1,U2 
H4,840,2016,630190,      7.20,      7.20,      7.20,      7.20,0,0,0,1,1,1,U2 
H4,840,2016,630210,      6.00,      6.00,      6.00,      6.00,0,0,0,1,1,1,U2 
H4,840,2016,630221,     42.00,      2.50,     20.90,     10.50,0,0,0,4,4,4,U2 
H4,840,2016,630222,     26.30,     11.40,     14.90,     13.15,0,0,0,2,2,2,U2 
H4,840,2016,630229,      4.50,      4.50,      4.50,      4.50,0,0,0,1,1,1,U2 
H4,840,2016,630231,     43.30,      3.80,     20.90,     10.82,0,0,0,4,4,4,U2 
H4,840,2016,630232,     26.30,     11.40,     14.90,     13.15,0,0,0,2,2,2,U2 
H4,840,2016,630239,      4.30,      4.30,      4.30,      4.30,0,0,0,1,1,1,U2 
H4,840,2016,630240,     13.20,      6.40,      6.80,      6.60,0,0,0,2,2,2,U2 
H4,840,2016,630251,     23.00,      4.80,      6.30,      5.75,0,0,0,4,4,4,U2 
H4,840,2016,630253,     11.30,     11.30,     11.30,     11.30,0,0,0,1,1,1,U2 
H4,840,2016,630259,     13.90,      0.00,      8.80,      4.63,0,1,0,2,3,3,U2 
H4,840,2016,630260,      9.10,      9.10,      9.10,      9.10,0,0,0,1,1,1,U2 
H4,840,2016,630291,      9.20,      9.20,      9.20,      9.20,0,0,0,1,1,1,U2 
H4,840,2016,630293,     16.10,      6.20,      9.90,      8.05,0,0,0,2,2,2,U2 
H4,840,2016,630299,     11.10,      0.00,      8.40,      3.70,0,1,0,2,3,3,U2 
H4,840,2016,630312,     11.30,     11.30,     11.30,     11.30,0,0,0,1,1,1,U2 
H4,840,2016,630319,     16.70,      6.40,     10.30,      8.35,0,0,0,2,2,2,U2 
H4,840,2016,630391,     10.30,     10.30,     10.30,     10.30,0,0,0,1,1,1,U2 
H4,840,2016,630392,     22.60,     11.30,     11.30,     11.30,0,0,0,2,2,2,U2 
H4,840,2016,630399,     11.30,     11.30,     11.30,     11.30,0,0,0,1,1,1,U2 
H4,840,2016,630411,     24.40,      5.90,     12.00,      8.13,0,0,0,3,3,3,U2 
H4,840,2016,630419,     44.10,      4.40,     14.90,      8.82,0,0,0,5,5,5,U2 
H4,840,2016,630491,      5.80,      5.80,      5.80,      5.80,0,0,0,1,1,1,U2 
H4,840,2016,630492,      6.30,      6.30,      6.30,      6.30,0,0,0,1,1,1,U2 
H4,840,2016,630493,      9.30,      9.30,      9.30,      9.30,0,0,0,1,1,1,U2 
H4,840,2016,630499,     44.70,      3.20,     11.30,      7.45,0,0,0,6,6,6,U2 
H4,840,2016,630510,      0.00,      0.00,      0.00,      0.00,0,1,0,0,1,1,U2 
H4,840,2016,630520,      6.20,      6.20,      6.20,      6.20,0,0,0,1,1,1,U2 
H4,840,2016,630532,      8.40,      8.40,      8.40,      8.40,0,0,0,1,1,1,U2 
H4,840,2016,630533,      8.40,      8.40,      8.40,      8.40,0,0,0,1,1,1,U2 
H4,840,2016,630539,      8.40,      8.40,      8.40,      8.40,0,0,0,1,1,1,U2 
H4,840,2016,630590,      6.20,      6.20,      6.20,      6.20,0,0,0,1,1,1,U2 
H4,840,2016,630612,      8.80,      8.80,      8.80,      8.80,0,0,0,1,1,1,U2 
H4,840,2016,630619,     13.10,      5.10,      8.00,      6.55,0,0,0,2,2,2,U2 
H4,840,2016,630622,      8.80,      0.00,      8.80,      4.40,0,1,0,1,2,2,U2 
H4,840,2016,630629,     10.90,      2.90,      8.00,      5.45,0,0,0,2,2,2,U2 
H4,840,2016,630630,      0.00,      0.00,      0.00,      0.00,0,1,0,0,1,1,U2 
H4,840,2016,630640,      7.40,      3.70,      3.70,      3.70,0,0,0,2,2,2,U2 
H4,840,2016,630690,      8.00,      3.50,      4.50,      4.00,0,0,0,2,2,2,U2 
H4,840,2016,630710,      9.40,      4.10,      5.30,      4.70,0,0,0,2,2,2,U2 
H4,840,2016,630720,      4.50,      4.50,      4.50,      4.50,0,0,0,1,1,1,U2 
H4,840,2016,630790,     36.50,      0.00,      7.90,      3.65,0,4,0,6,10,10,U2 
H4,840,2016,630800,     11.40,     11.40,     11.40,     11.40,0,0,0,1,1,1,U2 
H4,840,2016,630900,      0.00,      0.00,      0.00,      0.00,0,1,0,0,1,1,U2 
H4,840,2016,631010,      0.00,      0.00,      0.00,      0.00,0,2,0,0,2,2,U2 
H4,840,2016,631090,     10.91,      0.00,     10.91,      5.46,0,1,1,0,2,2,U2 
H4,840,2016,640110,     37.50,     37.50,     37.50,     37.50,0,0,0,1,1,1,U2 
H4,840,2016,640192,     42.10,      0.00,     37.50,     14.03,0,1,0,2,3,3,U2 
H4,840,2016,640199,    137.50,      0.00,     37.50,     27.50,0,1,0,4,5,5,U2 
H4,840,2016,640212,      0.00,      0.00,      0.00,      0.00,0,1,0,0,1,1,U2 
H4,840,2016,640219,     77.04,      0.00,     35.97,     12.84,0,1,2,3,6,6,U2 
H4,840,2016,640220,      0.00,      0.00,      0.00,      0.00,0,1,0,0,1,1,U2 
H4,840,2016,640291,    361.63,      6.00,     48.00,     27.82,0,0,4,9,13,13,U2 
H4,840,2016,640299,    476.37,      3.00,     48.47,     23.82,0,0,4,16,20,20,U2 
H4,840,2016,640312,      0.00,      0.00,      0.00,      0.00,0,2,0,0,2,2,U2 
H4,840,2016,640319,     27.80,      0.00,     10.00,      4.63,0,2,0,4,6,6,U2 
H4,840,2016,640320,      0.00,      0.00,      0.00,      0.00,0,1,0,0,1,1,U2 
H4,840,2016,640340,     13.50,      5.00,      8.50,      6.75,0,0,0,2,2,2,U2 
H4,840,2016,640351,     23.50,      0.00,     10.00,      5.88,0,1,0,3,4,4,U2 
H4,840,2016,640359,     26.00,      0.00,     10.00,      5.20,0,1,0,4,5,5,U2 
H4,840,2016,640391,     23.50,      0.00,     10.00,      5.88,0,1,0,3,4,4,U2 
H4,840,2016,640399,     38.50,      0.00,     10.00,      6.42,0,1,0,5,6,6,U2 
H4,840,2016,640411,    282.78,      7.50,     48.00,     20.20,0,0,2,12,14,14,U2 
H4,840,2016,640419,    425.77,      7.50,     48.00,     19.35,0,0,2,20,22,22,U2 
H4,840,2016,640420,     62.50,     10.00,     37.50,     20.83,0,0,0,3,3,3,U2 
H4,840,2016,640510,     10.00,     10.00,     10.00,     10.00,0,0,0,1,1,1,U2 
H4,840,2016,640520,     22.50,      2.50,     12.50,      7.50,0,0,0,3,3,3,U2 
H4,840,2016,640590,     16.30,      3.80,     12.50,      8.15,0,0,0,2,2,2,U2 
H4,840,2016,640610,    133.70,      0.00,     33.60,      9.55,2,3,0,11,14,16,U2 
H4,840,2016,640620,      2.70,      2.70,      2.70,      2.70,0,0,0,1,1,1,U2 
H4,840,2016,640690,     22.80,      0.00,     14.90,      4.56,0,2,0,3,5,5,U2 
H4,840,2016,650100,     10.69,      0.00,     10.69,      5.35,1,1,1,0,2,3,U2 
H4,840,2016,650200,     10.80,      0.00,      6.80,      3.60,1,1,0,2,3,4,U2 
H4,840,2016,650400,     12.80,      6.00,      6.80,      6.40,1,0,0,2,2,3,U2 
H4,840,2016,650500,     85.00,      0.00,      9.29,      7.08,1,1,5,6,12,13,U2 
H4,840,2016,650610,      0.00,      0.00,      0.00,      0.00,0,2,0,0,2,2,U2 
H4,840,2016,650691,      0.00,      0.00,      0.00,      0.00,0,1,0,0,1,1,U2 
H4,840,2016,650699,     11.80,      3.30,      8.50,      5.90,0,0,0,2,2,2,U2 
H4,840,2016,650700,      0.00,      0.00,      0.00,      0.00,0,1,0,0,1,1,U2 
H4,840,2016,660110,      6.50,      6.50,      6.50,      6.50,0,0,0,1,1,1,U2 
H4,840,2016,660191,      0.00,      0.00,      0.00,      0.00,0,1,0,0,1,1,U2 
H4,840,2016,660199,      8.20,      8.20,      8.20,      8.20,0,0,0,1,1,1,U2 
H4,840,2016,660200,      4.00,      4.00,      4.00,      4.00,0,0,0,1,1,1,U2 
H4,840,2016,660320,     12.00,      0.00,     12.00,      6.00,0,1,0,1,2,2,U2 
H4,840,2016,660390,      5.20,      0.00,      5.20,      2.60,0,1,0,1,2,2,U2 
H4,840,2016,670100,      9.40,      4.70,      4.70,      4.70,0,0,0,2,2,2,U2 
H4,840,2016,670210,     11.80,      3.40,      8.40,      5.90,0,0,0,2,2,2,U2 
H4,840,2016,670290,     30.70,      4.70,     17.00,     10.23,0,0,0,3,3,3,U2 
H4,840,2016,670300,      0.00,      0.00,      0.00,      0.00,0,2,0,0,2,2,U2 
H4,840,2016,670411,      0.00,      0.00,      0.00,      0.00,0,1,0,0,1,1,U2 
H4,840,2016,670419,      0.00,      0.00,      0.00,      0.00,0,1,0,0,1,1,U2 
H4,840,2016,670420,      0.00,      0.00,      0.00,      0.00,0,1,0,0,1,1,U2 
H4,840,2016,670490,      0.00,      0.00,      0.00,      0.00,0,1,0,0,1,1,U2 
H4,840,2016,680100,      2.80,      2.80,      2.80,      2.80,0,0,0,1,1,1,U2 
H4,840,2016,680210,      4.80,      4.80,      4.80,      4.80,0,0,0,1,1,1,U2 
H4,840,2016,680221,      6.10,      1.90,      4.20,      3.05,0,0,0,2,2,2,U2 
H4,840,2016,680223,      3.70,      3.70,      3.70,      3.70,0,0,0,1,1,1,U2 
H4,840,2016,680229,     10.90,      4.90,      6.00,      5.45,0,0,0,2,2,2,U2 
H4,840,2016,680291,     20.00,      2.50,      4.90,      4.00,0,0,0,5,5,5,U2 
H4,840,2016,680292,      4.90,      4.90,      4.90,      4.90,0,0,0,1,1,1,U2 
H4,840,2016,680293,      3.70,      3.70,      3.70,      3.70,0,0,0,1,1,1,U2 
H4,840,2016,680299,      6.50,      6.50,      6.50,      6.50,0,0,0,1,1,1,U2 
H4,840,2016,680300,      3.30,      0.00,      3.30,      1.65,0,1,0,1,2,2,U2 
H4,840,2016,680410,      0.00,      0.00,      0.00,      0.00,0,1,0,0,1,1,U2 
H4,840,2016,680421,      0.00,      0.00,      0.00,      0.00,0,1,0,0,1,1,U2 
H4,840,2016,680422,      2.74,      0.00,      2.74,      0.91,0,2,1,0,3,3,U2 
H4,840,2016,680423,      0.00,      0.00,      0.00,      0.00,0,1,0,0,1,1,U2 
H4,840,2016,680430,      0.00,      0.00,      0.00,      0.00,0,1,0,0,1,1,U2 
H4,840,2016,680510,      0.00,      0.00,      0.00,      0.00,0,1,0,0,1,1,U2 
H4,840,2016,680520,      0.00,      0.00,      0.00,      0.00,0,1,0,0,1,1,U2 
H4,840,2016,680530,      0.00,      0.00,      0.00,      0.00,0,2,0,0,2,2,U2 
H4,840,2016,680610,      3.90,      3.90,      3.90,      3.90,0,0,0,1,1,1,U2 
H4,840,2016,680620,      0.00,      0.00,      0.00,      0.00,0,1,0,0,1,1,U2 
H4,840,2016,680690,      0.00,      0.00,      0.00,      0.00,0,1,0,0,1,1,U2 
H4,840,2016,680710,      0.00,      0.00,      0.00,      0.00,0,1,0,0,1,1,U2 
H4,840,2016,680790,      2.70,      2.70,      2.70,      2.70,0,0,0,1,1,1,U2 
H4,840,2016,680800,      0.00,      0.00,      0.00,      0.00,0,1,0,0,1,1,U2 
H4,840,2016,680911,      0.00,      0.00,      0.00,      0.00,0,1,0,0,1,1,U2 
H4,840,2016,680919,      3.00,      3.00,      3.00,      3.00,0,0,0,1,1,1,U2 
H4,840,2016,680990,      0.00,      0.00,      0.00,      0.00,0,1,0,0,1,1,U2 
H4,840,2016,681011,      3.20,      3.20,      3.20,      3.20,0,0,0,1,1,1,U2 
H4,840,2016,681019,     17.80,      3.90,      9.00,      5.93,0,0,0,3,3,3,U2 
H4,840,2016,681091,      0.00,      0.00,      0.00,      0.00,0,1,0,0,1,1,U2 
H4,840,2016,681099,      0.00,      0.00,      0.00,      0.00,0,1,0,0,1,1,U2 
H4,840,2016,681140,      0.00,      0.00,      0.00,      0.00,0,1,0,0,1,1,U2 
H4,840,2016,681181,      0.00,      0.00,      0.00,      0.00,0,1,0,0,1,1,U2 
H4,840,2016,681182,      0.00,      0.00,      0.00,      0.00,0,1,0,0,1,1,U2 
H4,840,2016,681189,      0.00,      0.00,      0.00,      0.00,0,2,0,0,2,2,U2 
H4,840,2016,681280,      8.30,      0.00,      8.30,      4.15,0,1,0,1,2,2,U2 
H4,840,2016,681291,      8.30,      0.00,      8.30,      4.15,0,1,0,1,2,2,U2 
H4,840,2016,681292,      0.00,      0.00,      0.00,      0.00,0,1,0,0,1,1,U2 
H4,840,2016,681293,      0.00,      0.00,      0.00,      0.00,0,1,0,0,1,1,U2 
H4,840,2016,681299,      0.00,      0.00,      0.00,      0.00,0,1,0,0,1,1,U2 
H4,840,2016,681320,      0.00,      0.00,      0.00,      0.00,0,1,0,0,1,1,U2 
H4,840,2016,681381,      0.00,      0.00,      0.00,      0.00,0,1,0,0,1,1,U2 
H4,840,2016,681389,      0.00,      0.00,      0.00,      0.00,0,1,0,0,1,1,U2 
H4,840,2016,681410,      2.70,      2.70,      2.70,      2.70,0,0,0,1,1,1,U2 
H4,840,2016,681490,      2.60,      2.60,      2.60,      2.60,0,0,0,1,1,1,U2 
H4,840,2016,681510,      0.00,      0.00,      0.00,      0.00,0,1,0,0,1,1,U2 
H4,840,2016,681520,      0.00,      0.00,      0.00,      0.00,0,1,0,0,1,1,U2 
H4,840,2016,681591,      0.00,      0.00,      0.00,      0.00,0,1,0,0,1,1,U2 
H4,840,2016,681599,      0.00,      0.00,      0.00,      0.00,0,2,0,0,2,2,U2 
H4,840,2016,690100,      0.00,      0.00,      0.00,      0.00,0,1,0,0,1,1,U2 
H4,840,2016,690210,      0.00,      0.00,      0.00,      0.00,0,2,0,0,2,2,U2 
H4,840,2016,690220,      0.00,      0.00,      0.00,      0.00,0,2,0,0,2,2,U2 
H4,840,2016,690290,      0.00,      0.00,      0.00,      0.00,0,2,0,0,2,2,U2 
H4,840,2016,690310,      0.00,      0.00,      0.00,      0.00,0,1,0,0,1,1,U2 
H4,840,2016,690320,      0.00,      0.00,      0.00,      0.00,0,1,0,0,1,1,U2 
H4,840,2016,690390,      0.00,      0.00,      0.00,      0.00,0,1,0,0,1,1,U2 
H4,840,2016,690410,      0.00,      0.00,      0.00,      0.00,0,1,0,0,1,1,U2 
H4,840,2016,690490,      0.00,      0.00,      0.00,      0.00,0,1,0,0,1,1,U2 
H4,840,2016,690510,     13.50,     13.50,     13.50,     13.50,0,0,0,1,1,1,U2 
H4,840,2016,690590,      3.20,      3.20,      3.20,      3.20,0,0,0,1,1,1,U2 
H4,840,2016,690600,      0.00,      0.00,      0.00,      0.00,0,1,0,0,1,1,U2 
H4,840,2016,690710,     10.00,     10.00,     10.00,     10.00,0,0,0,1,1,1,U2 
H4,840,2016,690790,     10.00,     10.00,     10.00,     10.00,0,0,0,1,1,1,U2 
H4,840,2016,690810,     28.50,      8.50,     10.00,      9.50,0,0,0,3,3,3,U2 
H4,840,2016,690890,      8.50,      8.50,      8.50,      8.50,0,0,0,1,1,1,U2 
H4,840,2016,690911,      4.50,      0.00,      4.50,      2.25,0,1,0,1,2,2,U2 
H4,840,2016,690912,      4.00,      4.00,      4.00,      4.00,0,0,0,1,1,1,U2 
H4,840,2016,690919,      4.00,      0.00,      4.00,      2.00,0,1,0,1,2,2,U2 
H4,840,2016,690990,      4.00,      4.00,      4.00,      4.00,0,0,0,1,1,1,U2 
H4,840,2016,691010,      5.80,      5.80,      5.80,      5.80,0,0,0,1,1,1,U2 
H4,840,2016,691090,      5.70,      5.70,      5.70,      5.70,0,0,0,1,1,1,U2 
H4,840,2016,691110,    154.90,      6.00,     26.00,     12.91,0,0,0,12,12,12,U2 
H4,840,2016,691190,      5.40,      5.40,      5.40,      5.40,0,0,0,1,1,1,U2 
H4,840,2016,691200,     87.00,      0.70,     28.00,      8.70,0,0,0,10,10,10,U2 
H4,840,2016,691310,      3.30,      0.00,      3.30,      1.10,0,2,0,1,3,3,U2 
H4,840,2016,691390,      6.00,      0.00,      6.00,      1.50,0,3,0,1,4,4,U2 
H4,840,2016,691410,      9.00,      0.00,      9.00,      4.50,0,1,0,1,2,2,U2 
H4,840,2016,691490,      5.60,      0.00,      5.60,      2.80,0,1,0,1,2,2,U2 
H4,840,2016,700100,      3.00,      0.00,      3.00,      1.00,0,2,0,1,3,3,U2 
H4,840,2016,700210,      3.90,      0.00,      3.90,      1.95,0,1,0,1,2,2,U2 
H4,840,2016,700220,      6.00,      0.00,      6.00,      3.00,0,1,0,1,2,2,U2 
H4,840,2016,700231,      0.00,      0.00,      0.00,      0.00,0,1,0,0,1,1,U2 
H4,840,2016,700232,      6.00,      6.00,      6.00,      6.00,0,0,0,1,1,1,U2 
H4,840,2016,700239,      6.00,      6.00,      6.00,      6.00,0,0,0,1,1,1,U2 
H4,840,2016,700312,      1.40,      1.40,      1.40,      1.40,0,0,0,1,1,1,U2 
H4,840,2016,700319,      1.30,      1.30,      1.30,      1.30,0,0,0,1,1,1,U2 
H4,840,2016,700320,      1.10,      1.10,      1.10,      1.10,0,0,0,1,1,1,U2 
H4,840,2016,700330,      6.30,      6.30,      6.30,      6.30,0,0,0,1,1,1,U2 
H4,840,2016,700420,      9.04,      0.00,      7.20,      3.01,0,1,1,1,3,3,U2 
H4,840,2016,700490,      5.06,      0.00,      5.00,      0.63,0,6,1,1,8,8,U2 
H4,840,2016,700510,      4.40,      0.00,      4.40,      2.20,0,1,0,1,2,2,U2 
H4,840,2016,700521,      8.72,      3.12,      5.60,      4.36,0,0,1,1,2,2,U2 
H4,840,2016,700529,     11.80,      0.00,      4.90,      2.36,0,2,2,1,5,5,U2 
H4,840,2016,700530,      1.96,      1.96,      1.96,      1.96,0,0,1,0,1,1,U2 
H4,840,2016,700600,     20.10,      4.90,      8.80,      6.70,0,0,0,3,3,3,U2 
H4,840,2016,700711,      5.50,      5.50,      5.50,      5.50,0,0,0,1,1,1,U2 
H4,840,2016,700719,      5.00,      5.00,      5.00,      5.00,0,0,0,1,1,1,U2 
H4,840,2016,700721,      9.80,      4.90,      4.90,      4.90,0,0,0,2,2,2,U2 
H4,840,2016,700729,      4.90,      4.90,      4.90,      4.90,0,0,0,1,1,1,U2 
H4,840,2016,700800,      3.90,      3.90,      3.90,      3.90,0,0,0,1,1,1,U2 
H4,840,2016,700910,      3.90,      3.90,      3.90,      3.90,0,0,0,1,1,1,U2 
H4,840,2016,700991,     14.30,      6.50,      7.80,      7.15,0,0,0,2,2,2,U2 
H4,840,2016,700992,     14.30,      6.50,      7.80,      7.15,0,0,0,2,2,2,U2 
H4,840,2016,701010,      0.00,      0.00,      0.00,      0.00,0,1,0,0,1,1,U2 
H4,840,2016,701020,      7.70,      2.50,      5.20,      3.85,0,0,0,2,2,2,U2 
H4,840,2016,701090,      7.70,      0.00,      5.20,      1.92,0,2,0,2,4,4,U2 
H4,840,2016,701110,      4.60,      0.00,      4.60,      2.30,0,1,0,1,2,2,U2 
H4,840,2016,701120,     10.40,      0.00,      5.20,      3.47,0,1,0,2,3,3,U2 
H4,840,2016,701190,      6.60,      6.60,      6.60,      6.60,0,0,0,1,1,1,U2 
H4,840,2016,701310,     32.90,      6.90,     26.00,     16.45,0,0,0,2,2,2,U2 
H4,840,2016,701322,     39.30,      3.00,     15.00,      9.82,0,0,0,4,4,4,U2 
H4,840,2016,701328,     92.30,      5.00,     28.50,     13.19,0,0,0,7,7,7,U2 
H4,840,2016,701333,     39.30,      3.00,     15.00,      9.82,0,0,0,4,4,4,U2 
H4,840,2016,701337,     92.30,      5.00,     28.50,     13.19,0,0,0,7,7,7,U2 
H4,840,2016,701341,     45.50,      6.00,     15.00,     11.38,0,0,0,4,4,4,U2 
H4,840,2016,701342,     53.50,      7.20,     22.50,     13.38,0,0,0,4,4,4,U2 
H4,840,2016,701349,     75.70,      7.20,     22.50,     12.62,0,0,0,6,6,6,U2 
H4,840,2016,701391,     50.50,      6.00,     20.00,     12.63,0,0,0,4,4,4,U2 
H4,840,2016,701399,    151.80,      6.60,     38.00,     15.18,0,0,0,10,10,10,U2 
H4,840,2016,701400,     15.80,      3.30,      5.00,      3.95,0,0,0,4,4,4,U2 
H4,840,2016,701510,      0.00,      0.00,      0.00,      0.00,0,1,0,0,1,1,U2 
H4,840,2016,701590,      0.00,      0.00,      0.00,      0.00,0,3,0,0,3,3,U2 
H4,840,2016,701610,      2.70,      2.70,      2.70,      2.70,0,0,0,1,1,1,U2 
H4,840,2016,701690,     13.00,      5.00,      8.00,      6.50,0,0,0,2,2,2,U2 
H4,840,2016,701710,      4.60,      0.00,      4.60,      2.30,0,1,0,1,2,2,U2 
H4,840,2016,701720,      6.70,      6.70,      6.70,      6.70,0,0,0,1,1,1,U2 
H4,840,2016,701790,      6.70,      0.00,      6.70,      3.35,0,1,0,1,2,2,U2 
H4,840,2016,701810,      4.00,      0.00,      4.00,      1.33,0,2,0,1,3,3,U2 
H4,840,2016,701820,      5.00,      5.00,      5.00,      5.00,0,0,0,1,1,1,U2 
H4,840,2016,701890,      9.80,      3.20,      6.60,      4.90,0,0,0,2,2,2,U2 
H4,840,2016,701911,      4.90,      4.90,      4.90,      4.90,0,0,0,1,1,1,U2 
H4,840,2016,701912,      4.80,      4.80,      4.80,      4.80,0,0,0,1,1,1,U2 
H4,840,2016,701919,     22.60,      0.00,      7.00,      3.23,0,3,0,4,7,7,U2 
H4,840,2016,701931,      4.30,      4.30,      4.30,      4.30,0,0,0,1,1,1,U2 
H4,840,2016,701932,      4.30,      4.30,      4.30,      4.30,0,0,0,1,1,1,U2 
H4,840,2016,701939,      9.80,      4.90,      4.90,      4.90,0,0,0,2,2,2,U2 
H4,840,2016,701940,     20.30,      0.00,      7.30,      3.38,0,3,0,3,6,6,U2 
H4,840,2016,701951,      6.00,      0.00,      6.00,      3.00,0,1,0,1,2,2,U2 
H4,840,2016,701952,     14.30,      0.00,      7.30,      3.58,0,2,0,2,4,4,U2 
H4,840,2016,701959,     14.30,      0.00,      7.30,      3.58,0,2,0,2,4,4,U2 
H4,840,2016,701990,      9.10,      4.30,      4.80,      4.55,0,0,0,2,2,2,U2 
H4,840,2016,702000,     11.60,      0.00,      6.60,      3.87,0,1,0,2,3,3,U2 
H4,840,2016,710110,      0.00,      0.00,      0.00,      0.00,0,2,0,0,2,2,U2 
H4,840,2016,710121,      0.00,      0.00,      0.00,      0.00,0,1,0,0,1,1,U2 
H4,840,2016,710122,      0.00,      0.00,      0.00,      0.00,0,2,0,0,2,2,U2 
H4,840,2016,710210,      0.00,      0.00,      0.00,      0.00,0,1,0,0,1,1,U2 
H4,840,2016,710221,      0.00,      0.00,      0.00,      0.00,0,3,0,0,3,3,U2 
H4,840,2016,710229,      0.00,      0.00,      0.00,      0.00,0,1,0,0,1,1,U2 
H4,840,2016,710231,      0.00,      0.00,      0.00,      0.00,0,1,0,0,1,1,U2 
H4,840,2016,710239,      0.00,      0.00,      0.00,      0.00,0,1,0,0,1,1,U2 
H4,840,2016,710310,     10.50,      0.00,     10.50,      5.25,0,1,0,1,2,2,U2 
H4,840,2016,710391,      0.00,      0.00,      0.00,      0.00,0,1,0,0,1,1,U2 
H4,840,2016,710399,     10.50,      0.00,     10.50,      5.25,0,1,0,1,2,2,U2 
H4,840,2016,710410,      3.00,      3.00,      3.00,      3.00,0,0,0,1,1,1,U2 
H4,840,2016,710420,      3.00,      3.00,      3.00,      3.00,0,0,0,1,1,1,U2 
H4,840,2016,710490,      6.40,      0.00,      6.40,      3.20,0,1,0,1,2,2,U2 
H4,840,2016,710510,      0.00,      0.00,      0.00,      0.00,0,1,0,0,1,1,U2 
H4,840,2016,710590,      0.00,      0.00,      0.00,      0.00,0,1,0,0,1,1,U2 
H4,840,2016,710610,      0.00,      0.00,      0.00,      0.00,0,1,0,0,1,1,U2 
H4,840,2016,710691,      3.00,      0.00,      3.00,      1.50,0,1,0,1,2,2,U2 
H4,840,2016,710692,      3.00,      0.00,      3.00,      1.50,0,1,0,1,2,2,U2 
H4,840,2016,710700,      3.30,      3.30,      3.30,      3.30,0,0,0,1,1,1,U2 
H4,840,2016,710811,      0.00,      0.00,      0.00,      0.00,0,1,0,0,1,1,U2 
H4,840,2016,710812,      4.10,      0.00,      4.10,      2.05,0,1,0,1,2,2,U2 
H4,840,2016,710813,      4.10,      0.00,      4.10,      1.37,0,2,0,1,3,3,U2 
H4,840,2016,710820,      0.00,      0.00,      0.00,      0.00,0,1,0,0,1,1,U2 
H4,840,2016,710900,      6.00,      6.00,      6.00,      6.00,0,0,0,1,1,1,U2 
H4,840,2016,711011,      0.00,      0.00,      0.00,      0.00,0,1,0,0,1,1,U2 
H4,840,2016,711019,      0.00,      0.00,      0.00,      0.00,0,1,0,0,1,1,U2 
H4,840,2016,711021,      0.00,      0.00,      0.00,      0.00,0,1,0,0,1,1,U2 
H4,840,2016,711029,      0.00,      0.00,      0.00,      0.00,0,1,0,0,1,1,U2 
H4,840,2016,711031,      0.00,      0.00,      0.00,      0.00,0,1,0,0,1,1,U2 
H4,840,2016,711039,      0.00,      0.00,      0.00,      0.00,0,1,0,0,1,1,U2 
H4,840,2016,711041,      0.00,      0.00,      0.00,      0.00,0,1,0,0,1,1,U2 
H4,840,2016,711049,      0.00,      0.00,      0.00,      0.00,0,1,0,0,1,1,U2 
H4,840,2016,711100,     10.00,     10.00,     10.00,     10.00,0,0,0,1,1,1,U2 
H4,840,2016,711230,      0.00,      0.00,      0.00,      0.00,0,1,0,0,1,1,U2 
H4,840,2016,711291,      0.00,      0.00,      0.00,      0.00,0,1,0,0,1,1,U2 
H4,840,2016,711292,      0.00,      0.00,      0.00,      0.00,0,1,0,0,1,1,U2 
H4,840,2016,711299,      0.00,      0.00,      0.00,      0.00,0,1,0,0,1,1,U2 
H4,840,2016,711311,     24.80,      5.00,     13.50,      8.27,0,0,0,3,3,3,U2 
H4,840,2016,711319,     34.60,      5.00,      7.00,      5.77,0,0,0,6,6,6,U2 
H4,840,2016,711320,     34.80,      5.20,      7.00,      5.80,0,0,0,6,6,6,U2 
H4,840,2016,711411,     24.60,      2.70,      3.50,      3.08,0,0,0,8,8,8,U2 
H4,840,2016,711419,      7.90,      7.90,      7.90,      7.90,0,0,0,1,1,1,U2 
H4,840,2016,711420,      3.00,      3.00,      3.00,      3.00,0,0,0,1,1,1,U2 
H4,840,2016,711510,      4.00,      4.00,      4.00,      4.00,0,0,0,1,1,1,U2 
H4,840,2016,711590,     10.90,      0.00,      4.00,      2.72,0,1,0,3,4,4,U2 
H4,840,2016,711610,      8.80,      3.30,      5.50,      4.40,0,0,0,2,2,2,U2 
H4,840,2016,711620,     26.90,      0.00,     10.50,      4.48,0,1,0,5,6,6,U2 
H4,840,2016,711711,      8.00,      8.00,      8.00,      8.00,0,0,0,1,1,1,U2 
H4,840,2016,711719,     33.90,      0.00,     11.00,      5.65,0,2,0,4,6,6,U2 
H4,840,2016,711790,     25.40,      0.00,     11.00,      3.17,0,4,0,4,8,8,U2 
H4,840,2016,711810,      0.00,      0.00,      0.00,      0.00,0,1,0,0,1,1,U2 
H4,840,2016,711890,      0.00,      0.00,      0.00,      0.00,0,1,0,0,1,1,U2 
H4,840,2016,720110,      0.00,      0.00,      0.00,      0.00,0,1,0,0,1,1,U2 
H4,840,2016,720120,      0.00,      0.00,      0.00,      0.00,0,1,0,0,1,1,U2 
H4,840,2016,720150,      0.00,      0.00,      0.00,      0.00,0,2,0,0,2,2,U2 
H4,840,2016,720211,      2.90,      1.40,      1.50,      1.45,0,0,0,2,2,2,U2 
H4,840,2016,720219,      3.70,      1.40,      2.30,      1.85,0,0,0,2,2,2,U2 
H4,840,2016,720221,     10.30,      1.10,      5.80,      2.58,0,0,0,4,4,4,U2 
H4,840,2016,720229,      0.00,      0.00,      0.00,      0.00,0,1,0,0,1,1,U2 
H4,840,2016,720230,      3.90,      3.90,      3.90,      3.90,0,0,0,1,1,1,U2 
H4,840,2016,720241,      1.90,      1.90,      1.90,      1.90,0,0,0,1,1,1,U2 
H4,840,2016,720249,      5.00,      1.90,      3.10,      2.50,0,0,0,2,2,2,U2 
H4,840,2016,720250,     10.00,     10.00,     10.00,     10.00,0,0,0,1,1,1,U2 
H4,840,2016,720260,      0.00,      0.00,      0.00,      0.00,0,1,0,0,1,1,U2 
H4,840,2016,720270,      4.50,      4.50,      4.50,      4.50,0,0,0,1,1,1,U2 
H4,840,2016,720280,      5.60,      5.60,      5.60,      5.60,0,0,0,1,1,1,U2 
H4,840,2016,720291,      3.70,      3.70,      3.70,      3.70,0,0,0,1,1,1,U2 
H4,840,2016,720292,      4.20,      4.20,      4.20,      4.20,0,0,0,1,1,1,U2 
H4,840,2016,720293,     10.00,      5.00,      5.00,      5.00,0,0,0,2,2,2,U2 
H4,840,2016,720299,     14.20,      4.20,      5.00,      4.73,0,0,0,3,3,3,U2 
H4,840,2016,720310,      0.00,      0.00,      0.00,      0.00,0,1,0,0,1,1,U2 
H4,840,2016,720390,      0.00,      0.00,      0.00,      0.00,0,1,0,0,1,1,U2 
H4,840,2016,720410,      0.00,      0.00,      0.00,      0.00,0,1,0,0,1,1,U2 
H4,840,2016,720421,      0.00,      0.00,      0.00,      0.00,0,1,0,0,1,1,U2 
H4,840,2016,720429,      0.00,      0.00,      0.00,      0.00,0,1,0,0,1,1,U2 
H4,840,2016,720430,      0.00,      0.00,      0.00,      0.00,0,1,0,0,1,1,U2 
H4,840,2016,720441,      0.00,      0.00,      0.00,      0.00,0,1,0,0,1,1,U2 
H4,840,2016,720449,      0.00,      0.00,      0.00,      0.00,0,1,0,0,1,1,U2 
H4,840,2016,720450,      0.00,      0.00,      0.00,      0.00,0,1,0,0,1,1,U2 
H4,840,2016,720510,      0.00,      0.00,      0.00,      0.00,0,1,0,0,1,1,U2 
H4,840,2016,720521,      0.00,      0.00,      0.00,      0.00,0,1,0,0,1,1,U2 
H4,840,2016,720529,      0.00,      0.00,      0.00,      0.00,0,1,0,0,1,1,U2 
H4,840,2016,720610,      0.00,      0.00,      0.00,      0.00,0,1,0,0,1,1,U2 
H4,840,2016,720690,      0.00,      0.00,      0.00,      0.00,0,1,0,0,1,1,U2 
H4,840,2016,720711,      0.00,      0.00,      0.00,      0.00,0,1,0,0,1,1,U2 
H4,840,2016,720712,      0.00,      0.00,      0.00,      0.00,0,1,0,0,1,1,U2 
H4,840,2016,720719,      0.00,      0.00,      0.00,      0.00,0,1,0,0,1,1,U2 
H4,840,2016,720720,      0.00,      0.00,      0.00,      0.00,0,1,0,0,1,1,U2 
H4,840,2016,720810,      0.00,      0.00,      0.00,      0.00,0,3,0,0,3,3,U2 
H4,840,2016,720825,      0.00,      0.00,      0.00,      0.00,0,2,0,0,2,2,U2 
H4,840,2016,720826,      0.00,      0.00,      0.00,      0.00,0,1,0,0,1,1,U2 
H4,840,2016,720827,      0.00,      0.00,      0.00,      0.00,0,1,0,0,1,1,U2 
H4,840,2016,720836,      0.00,      0.00,      0.00,      0.00,0,1,0,0,1,1,U2 
H4,840,2016,720837,      0.00,      0.00,      0.00,      0.00,0,1,0,0,1,1,U2 
H4,840,2016,720838,      0.00,      0.00,      0.00,      0.00,0,1,0,0,1,1,U2 
H4,840,2016,720839,      0.00,      0.00,      0.00,      0.00,0,1,0,0,1,1,U2 
H4,840,2016,720840,      0.00,      0.00,      0.00,      0.00,0,2,0,0,2,2,U2 
H4,840,2016,720851,      0.00,      0.00,      0.00,      0.00,0,1,0,0,1,1,U2 
H4,840,2016,720852,      0.00,      0.00,      0.00,      0.00,0,1,0,0,1,1,U2 
H4,840,2016,720853,      0.00,      0.00,      0.00,      0.00,0,1,0,0,1,1,U2 
H4,840,2016,720854,      0.00,      0.00,      0.00,      0.00,0,1,0,0,1,1,U2 
H4,840,2016,720890,      0.00,      0.00,      0.00,      0.00,0,1,0,0,1,1,U2 
H4,840,2016,720915,      0.00,      0.00,      0.00,      0.00,0,1,0,0,1,1,U2 
H4,840,2016,720916,      0.00,      0.00,      0.00,      0.00,0,1,0,0,1,1,U2 
H4,840,2016,720917,      0.00,      0.00,      0.00,      0.00,0,1,0,0,1,1,U2 
H4,840,2016,720918,      0.00,      0.00,      0.00,      0.00,0,3,0,0,3,3,U2 
H4,840,2016,720925,      0.00,      0.00,      0.00,      0.00,0,1,0,0,1,1,U2 
H4,840,2016,720926,      0.00,      0.00,      0.00,      0.00,0,1,0,0,1,1,U2 
H4,840,2016,720927,      0.00,      0.00,      0.00,      0.00,0,1,0,0,1,1,U2 
H4,840,2016,720928,      0.00,      0.00,      0.00,      0.00,0,1,0,0,1,1,U2 
H4,840,2016,720990,      0.00,      0.00,      0.00,      0.00,0,1,0,0,1,1,U2 
H4,840,2016,721011,      0.00,      0.00,      0.00,      0.00,0,1,0,0,1,1,U2 
H4,840,2016,721012,      0.00,      0.00,      0.00,      0.00,0,1,0,0,1,1,U2 
H4,840,2016,721020,      0.00,      0.00,      0.00,      0.00,0,1,0,0,1,1,U2 
H4,840,2016,721030,      0.00,      0.00,      0.00,      0.00,0,1,0,0,1,1,U2 
H4,840,2016,721041,      0.00,      0.00,      0.00,      0.00,0,1,0,0,1,1,U2 
H4,840,2016,721049,      0.00,      0.00,      0.00,      0.00,0,1,0,0,1,1,U2 
H4,840,2016,721050,      0.00,      0.00,      0.00,      0.00,0,1,0,0,1,1,U2 
H4,840,2016,721061,      0.00,      0.00,      0.00,      0.00,0,1,0,0,1,1,U2 
H4,840,2016,721069,      0.00,      0.00,      0.00,      0.00,0,1,0,0,1,1,U2 
H4,840,2016,721070,      0.00,      0.00,      0.00,      0.00,0,2,0,0,2,2,U2 
H4,840,2016,721090,      0.00,      0.00,      0.00,      0.00,0,3,0,0,3,3,U2 
H4,840,2016,721113,      0.00,      0.00,      0.00,      0.00,0,1,0,0,1,1,U2 
H4,840,2016,721114,      0.00,      0.00,      0.00,      0.00,0,1,0,0,1,1,U2 
H4,840,2016,721119,      0.00,      0.00,      0.00,      0.00,0,6,0,0,6,6,U2 
H4,840,2016,721123,      0.00,      0.00,      0.00,      0.00,0,5,0,0,5,5,U2 
H4,840,2016,721129,      0.00,      0.00,      0.00,      0.00,0,3,0,0,3,3,U2 
H4,840,2016,721190,      0.00,      0.00,      0.00,      0.00,0,1,0,0,1,1,U2 
H4,840,2016,721210,      0.00,      0.00,      0.00,      0.00,0,1,0,0,1,1,U2 
H4,840,2016,721220,      0.00,      0.00,      0.00,      0.00,0,1,0,0,1,1,U2 
H4,840,2016,721230,      0.00,      0.00,      0.00,      0.00,0,3,0,0,3,3,U2 
H4,840,2016,721240,      0.00,      0.00,      0.00,      0.00,0,2,0,0,2,2,U2 
H4,840,2016,721250,      0.00,      0.00,      0.00,      0.00,0,1,0,0,1,1,U2 
H4,840,2016,721260,      0.00,      0.00,      0.00,      0.00,0,1,0,0,1,1,U2 
H4,840,2016,721310,      0.00,      0.00,      0.00,      0.00,0,1,0,0,1,1,U2 
H4,840,2016,721320,      0.00,      0.00,      0.00,      0.00,0,1,0,0,1,1,U2 
H4,840,2016,721391,      0.00,      0.00,      0.00,      0.00,0,3,0,0,3,3,U2 
H4,840,2016,721399,      0.00,      0.00,      0.00,      0.00,0,1,0,0,1,1,U2 
H4,840,2016,721410,      0.00,      0.00,      0.00,      0.00,0,1,0,0,1,1,U2 
H4,840,2016,721420,      0.00,      0.00,      0.00,      0.00,0,1,0,0,1,1,U2 
H4,840,2016,721430,      0.00,      0.00,      0.00,      0.00,0,1,0,0,1,1,U2 
H4,840,2016,721491,      0.00,      0.00,      0.00,      0.00,0,1,0,0,1,1,U2 
H4,840,2016,721499,      0.00,      0.00,      0.00,      0.00,0,1,0,0,1,1,U2 
H4,840,2016,721510,      0.00,      0.00,      0.00,      0.00,0,1,0,0,1,1,U2 
H4,840,2016,721550,      0.00,      0.00,      0.00,      0.00,0,1,0,0,1,1,U2 
H4,840,2016,721590,      0.00,      0.00,      0.00,      0.00,0,3,0,0,3,3,U2 
H4,840,2016,721610,      0.00,      0.00,      0.00,      0.00,0,1,0,0,1,1,U2 
H4,840,2016,721621,      0.00,      0.00,      0.00,      0.00,0,1,0,0,1,1,U2 
H4,840,2016,721622,      0.00,      0.00,      0.00,      0.00,0,1,0,0,1,1,U2 
H4,840,2016,721631,      0.00,      0.00,      0.00,      0.00,0,1,0,0,1,1,U2 
H4,840,2016,721632,      0.00,      0.00,      0.00,      0.00,0,1,0,0,1,1,U2 
H4,840,2016,721633,      0.00,      0.00,      0.00,      0.00,0,1,0,0,1,1,U2 
H4,840,2016,721640,      0.00,      0.00,      0.00,      0.00,0,1,0,0,1,1,U2 
H4,840,2016,721650,      0.00,      0.00,      0.00,      0.00,0,1,0,0,1,1,U2 
H4,840,2016,721661,      0.00,      0.00,      0.00,      0.00,0,1,0,0,1,1,U2 
H4,840,2016,721669,      0.00,      0.00,      0.00,      0.00,0,1,0,0,1,1,U2 
H4,840,2016,721691,      0.00,      0.00,      0.00,      0.00,0,1,0,0,1,1,U2 
H4,840,2016,721699,      0.00,      0.00,      0.00,      0.00,0,1,0,0,1,1,U2 
H4,840,2016,721710,      0.00,      0.00,      0.00,      0.00,0,9,0,0,9,9,U2 
H4,840,2016,721720,      0.00,      0.00,      0.00,      0.00,0,5,0,0,5,5,U2 
H4,840,2016,721730,      0.00,      0.00,      0.00,      0.00,0,5,0,0,5,5,U2 
H4,840,2016,721790,      0.00,      0.00,      0.00,      0.00,0,2,0,0,2,2,U2 
H4,840,2016,721810,      0.00,      0.00,      0.00,      0.00,0,1,0,0,1,1,U2 
H4,840,2016,721891,      0.00,      0.00,      0.00,      0.00,0,1,0,0,1,1,U2 
H4,840,2016,721899,      0.00,      0.00,      0.00,      0.00,0,1,0,0,1,1,U2 
H4,840,2016,721911,      0.00,      0.00,      0.00,      0.00,0,1,0,0,1,1,U2 
H4,840,2016,721912,      0.00,      0.00,      0.00,      0.00,0,1,0,0,1,1,U2 
H4,840,2016,721913,      0.00,      0.00,      0.00,      0.00,0,1,0,0,1,1,U2 
H4,840,2016,721914,      0.00,      0.00,      0.00,      0.00,0,1,0,0,1,1,U2 
H4,840,2016,721921,      0.00,      0.00,      0.00,      0.00,0,1,0,0,1,1,U2 
H4,840,2016,721922,      0.00,      0.00,      0.00,      0.00,0,1,0,0,1,1,U2 
H4,840,2016,721923,      0.00,      0.00,      0.00,      0.00,0,1,0,0,1,1,U2 
H4,840,2016,721924,      0.00,      0.00,      0.00,      0.00,0,1,0,0,1,1,U2 
H4,840,2016,721931,      0.00,      0.00,      0.00,      0.00,0,1,0,0,1,1,U2 
H4,840,2016,721932,      0.00,      0.00,      0.00,      0.00,0,1,0,0,1,1,U2 
H4,840,2016,721933,      0.00,      0.00,      0.00,      0.00,0,1,0,0,1,1,U2 
H4,840,2016,721934,      0.00,      0.00,      0.00,      0.00,0,1,0,0,1,1,U2 
H4,840,2016,721935,      0.00,      0.00,      0.00,      0.00,0,1,0,0,1,1,U2 
H4,840,2016,721990,      0.00,      0.00,      0.00,      0.00,0,1,0,0,1,1,U2 
H4,840,2016,722011,      0.00,      0.00,      0.00,      0.00,0,1,0,0,1,1,U2 
H4,840,2016,722012,      0.00,      0.00,      0.00,      0.00,0,2,0,0,2,2,U2 
H4,840,2016,722020,      0.00,      0.00,      0.00,      0.00,0,5,0,0,5,5,U2 
H4,840,2016,722090,      0.00,      0.00,      0.00,      0.00,0,1,0,0,1,1,U2 
H4,840,2016,722100,      0.00,      0.00,      0.00,      0.00,0,1,0,0,1,1,U2 
H4,840,2016,722211,      0.00,      0.00,      0.00,      0.00,0,1,0,0,1,1,U2 
H4,840,2016,722219,      0.00,      0.00,      0.00,      0.00,0,1,0,0,1,1,U2 
H4,840,2016,722220,      0.00,      0.00,      0.00,      0.00,0,1,0,0,1,1,U2 
H4,840,2016,722230,      0.00,      0.00,      0.00,      0.00,0,1,0,0,1,1,U2 
H4,840,2016,722240,      0.00,      0.00,      0.00,      0.00,0,2,0,0,2,2,U2 
H4,840,2016,722300,      0.00,      0.00,      0.00,      0.00,0,3,0,0,3,3,U2 
H4,840,2016,722410,      0.00,      0.00,      0.00,      0.00,0,1,0,0,1,1,U2 
H4,840,2016,722490,      0.00,      0.00,      0.00,      0.00,0,1,0,0,1,1,U2 
H4,840,2016,722511,      0.00,      0.00,      0.00,      0.00,0,1,0,0,1,1,U2 
H4,840,2016,722519,      0.00,      0.00,      0.00,      0.00,0,1,0,0,1,1,U2 
H4,840,2016,722530,      0.00,      0.00,      0.00,      0.00,0,4,0,0,4,4,U2 
H4,840,2016,722540,      0.00,      0.00,      0.00,      0.00,0,4,0,0,4,4,U2 
H4,840,2016,722550,      0.00,      0.00,      0.00,      0.00,0,4,0,0,4,4,U2 
H4,840,2016,722591,      0.00,      0.00,      0.00,      0.00,0,1,0,0,1,1,U2 
H4,840,2016,722592,      0.00,      0.00,      0.00,      0.00,0,1,0,0,1,1,U2 
H4,840,2016,722599,      0.00,      0.00,      0.00,      0.00,0,1,0,0,1,1,U2 
H4,840,2016,722611,      0.00,      0.00,      0.00,      0.00,0,2,0,0,2,2,U2 
H4,840,2016,722619,      0.00,      0.00,      0.00,      0.00,0,2,0,0,2,2,U2 
H4,840,2016,722620,      0.00,      0.00,      0.00,      0.00,0,1,0,0,1,1,U2 
H4,840,2016,722691,      0.00,      0.00,      0.00,      0.00,0,6,0,0,6,6,U2 
H4,840,2016,722692,      0.00,      0.00,      0.00,      0.00,0,5,0,0,5,5,U2 
H4,840,2016,722699,      0.00,      0.00,      0.00,      0.00,0,1,0,0,1,1,U2 
H4,840,2016,722710,      0.00,      0.00,      0.00,      0.00,0,1,0,0,1,1,U2 
H4,840,2016,722720,      0.00,      0.00,      0.00,      0.00,0,1,0,0,1,1,U2 
H4,840,2016,722790,      0.00,      0.00,      0.00,      0.00,0,3,0,0,3,3,U2 
H4,840,2016,722810,      0.00,      0.00,      0.00,      0.00,0,1,0,0,1,1,U2 
H4,840,2016,722820,      0.00,      0.00,      0.00,      0.00,0,2,0,0,2,2,U2 
H4,840,2016,722830,      0.00,      0.00,      0.00,      0.00,0,4,0,0,4,4,U2 
H4,840,2016,722840,      0.00,      0.00,      0.00,      0.00,0,1,0,0,1,1,U2 
H4,840,2016,722850,      0.00,      0.00,      0.00,      0.00,0,2,0,0,2,2,U2 
H4,840,2016,722860,      0.00,      0.00,      0.00,      0.00,0,3,0,0,3,3,U2 
H4,840,2016,722870,      0.00,      0.00,      0.00,      0.00,0,2,0,0,2,2,U2 
H4,840,2016,722880,      0.00,      0.00,      0.00,      0.00,0,1,0,0,1,1,U2 
H4,840,2016,722920,      0.00,      0.00,      0.00,      0.00,0,1,0,0,1,1,U2 
H4,840,2016,722990,      0.00,      0.00,      0.00,      0.00,0,4,0,0,4,4,U2 
H4,840,2016,730110,      0.00,      0.00,      0.00,      0.00,0,1,0,0,1,1,U2 
H4,840,2016,730120,      0.00,      0.00,      0.00,      0.00,0,2,0,0,2,2,U2 
H4,840,2016,730210,      0.00,      0.00,      0.00,      0.00,0,2,0,0,2,2,U2 
H4,840,2016,730230,      0.00,      0.00,      0.00,      0.00,0,1,0,0,1,1,U2 
H4,840,2016,730240,      0.00,      0.00,      0.00,      0.00,0,1,0,0,1,1,U2 
H4,840,2016,730290,      0.00,      0.00,      0.00,      0.00,0,2,0,0,2,2,U2 
H4,840,2016,730300,      0.00,      0.00,      0.00,      0.00,0,1,0,0,1,1,U2 
H4,840,2016,730411,      0.00,      0.00,      0.00,      0.00,0,1,0,0,1,1,U2 
H4,840,2016,730419,      0.00,      0.00,      0.00,      0.00,0,2,0,0,2,2,U2 
H4,840,2016,730422,      0.00,      0.00,      0.00,      0.00,0,1,0,0,1,1,U2 
H4,840,2016,730423,      0.00,      0.00,      0.00,      0.00,0,2,0,0,2,2,U2 
H4,840,2016,730424,      0.00,      0.00,      0.00,      0.00,0,3,0,0,3,3,U2 
H4,840,2016,730429,      0.00,      0.00,      0.00,      0.00,0,6,0,0,6,6,U2 
H4,840,2016,730431,      0.00,      0.00,      0.00,      0.00,0,2,0,0,2,2,U2 
H4,840,2016,730439,      0.00,      0.00,      0.00,      0.00,0,1,0,0,1,1,U2 
H4,840,2016,730441,      0.00,      0.00,      0.00,      0.00,0,2,0,0,2,2,U2 
H4,840,2016,730449,      0.00,      0.00,      0.00,      0.00,0,1,0,0,1,1,U2 
H4,840,2016,730451,      0.00,      0.00,      0.00,      0.00,0,2,0,0,2,2,U2 
H4,840,2016,730459,      0.00,      0.00,      0.00,      0.00,0,4,0,0,4,4,U2 
H4,840,2016,730490,      0.00,      0.00,      0.00,      0.00,0,4,0,0,4,4,U2 
H4,840,2016,730511,      0.00,      0.00,      0.00,      0.00,0,2,0,0,2,2,U2 
H4,840,2016,730512,      0.00,      0.00,      0.00,      0.00,0,2,0,0,2,2,U2 
H4,840,2016,730519,      0.00,      0.00,      0.00,      0.00,0,2,0,0,2,2,U2 
H4,840,2016,730520,      0.00,      0.00,      0.00,      0.00,0,4,0,0,4,4,U2 
H4,840,2016,730531,      0.00,      0.00,      0.00,      0.00,0,3,0,0,3,3,U2 
H4,840,2016,730539,      0.00,      0.00,      0.00,      0.00,0,2,0,0,2,2,U2 
H4,840,2016,730590,      0.00,      0.00,      0.00,      0.00,0,2,0,0,2,2,U2 
H4,840,2016,730611,      0.00,      0.00,      0.00,      0.00,0,1,0,0,1,1,U2 
H4,840,2016,730619,      0.00,      0.00,      0.00,      0.00,0,2,0,0,2,2,U2 
H4,840,2016,730621,      0.00,      0.00,      0.00,      0.00,0,3,0,0,3,3,U2 
H4,840,2016,730629,      0.00,      0.00,      0.00,      0.00,0,6,0,0,6,6,U2 
H4,840,2016,730630,      0.00,      0.00,      0.00,      0.00,0,3,0,0,3,3,U2 
H4,840,2016,730640,      0.00,      0.00,      0.00,      0.00,0,2,0,0,2,2,U2 
H4,840,2016,730650,      0.00,      0.00,      0.00,      0.00,0,3,0,0,3,3,U2 
H4,840,2016,730661,      0.00,      0.00,      0.00,      0.00,0,4,0,0,4,4,U2 
H4,840,2016,730669,      0.00,      0.00,      0.00,      0.00,0,4,0,0,4,4,U2 
H4,840,2016,730690,      0.00,      0.00,      0.00,      0.00,0,2,0,0,2,2,U2 
H4,840,2016,730711,      4.80,      4.80,      4.80,      4.80,0,0,0,1,1,1,U2 
H4,840,2016,730719,     11.80,      5.60,      6.20,      5.90,0,0,0,2,2,2,U2 
H4,840,2016,730721,      8.90,      3.30,      5.60,      4.45,0,0,0,2,2,2,U2 
H4,840,2016,730722,      6.20,      0.00,      6.20,      3.10,0,1,0,1,2,2,U2 
H4,840,2016,730723,      5.00,      5.00,      5.00,      5.00,0,0,0,1,1,1,U2 
H4,840,2016,730729,      5.00,      5.00,      5.00,      5.00,0,0,0,1,1,1,U2 
H4,840,2016,730791,     12.00,      3.20,      5.50,      4.00,0,0,0,3,3,3,U2 
H4,840,2016,730792,      6.20,      0.00,      6.20,      3.10,0,1,0,1,2,2,U2 
H4,840,2016,730793,     16.00,      4.30,      6.20,      5.33,0,0,0,3,3,3,U2 
H4,840,2016,730799,     11.20,      3.20,      4.30,      3.73,0,0,0,3,3,3,U2 
H4,840,2016,730810,      0.00,      0.00,      0.00,      0.00,0,1,0,0,1,1,U2 
H4,840,2016,730820,      0.00,      0.00,      0.00,      0.00,0,1,0,0,1,1,U2 
H4,840,2016,730830,      0.00,      0.00,      0.00,      0.00,0,2,0,0,2,2,U2 
H4,840,2016,730840,      0.00,      0.00,      0.00,      0.00,0,1,0,0,1,1,U2 
H4,840,2016,730890,      0.00,      0.00,      0.00,      0.00,0,4,0,0,4,4,U2 
H4,840,2016,730900,      0.00,      0.00,      0.00,      0.00,0,1,0,0,1,1,U2 
H4,840,2016,731010,      0.00,      0.00,      0.00,      0.00,0,1,0,0,1,1,U2 
H4,840,2016,731021,      0.00,      0.00,      0.00,      0.00,0,1,0,0,1,1,U2 
H4,840,2016,731029,      0.00,      0.00,      0.00,      0.00,0,1,0,0,1,1,U2 
H4,840,2016,731100,      0.00,      0.00,      0.00,      0.00,0,1,0,0,1,1,U2 
H4,840,2016,731210,      0.00,      0.00,      0.00,      0.00,0,9,0,0,9,9,U2 
H4,840,2016,731290,      0.00,      0.00,      0.00,      0.00,0,1,0,0,1,1,U2 
H4,840,2016,731300,      0.00,      0.00,      0.00,      0.00,0,1,0,0,1,1,U2 
H4,840,2016,731412,      0.00,      0.00,      0.00,      0.00,0,5,0,0,5,5,U2 
H4,840,2016,731414,      0.00,      0.00,      0.00,      0.00,0,5,0,0,5,5,U2 
H4,840,2016,731419,      0.00,      0.00,      0.00,      0.00,0,1,0,0,1,1,U2 
H4,840,2016,731420,      0.00,      0.00,      0.00,      0.00,0,1,0,0,1,1,U2 
H4,840,2016,731431,      0.00,      0.00,      0.00,      0.00,0,2,0,0,2,2,U2 
H4,840,2016,731439,      0.00,      0.00,      0.00,      0.00,0,1,0,0,1,1,U2 
H4,840,2016,731441,      0.00,      0.00,      0.00,      0.00,0,1,0,0,1,1,U2 
H4,840,2016,731442,      0.00,      0.00,      0.00,      0.00,0,1,0,0,1,1,U2 
H4,840,2016,731449,      0.00,      0.00,      0.00,      0.00,0,2,0,0,2,2,U2 
H4,840,2016,731450,      0.00,      0.00,      0.00,      0.00,0,1,0,0,1,1,U2 
H4,840,2016,731511,      0.00,      0.00,      0.00,      0.00,0,1,0,0,1,1,U2 
H4,840,2016,731512,      0.00,      0.00,      0.00,      0.00,0,1,0,0,1,1,U2 
H4,840,2016,731519,      0.00,      0.00,      0.00,      0.00,0,1,0,0,1,1,U2 
H4,840,2016,731520,      0.00,      0.00,      0.00,      0.00,0,2,0,0,2,2,U2 
H4,840,2016,731581,      0.00,      0.00,      0.00,      0.00,0,1,0,0,1,1,U2 
H4,840,2016,731582,      0.00,      0.00,      0.00,      0.00,0,4,0,0,4,4,U2 
H4,840,2016,731589,      5.40,      0.00,      3.90,      1.80,0,1,0,2,3,3,U2 
H4,840,2016,731590,      2.90,      2.90,      2.90,      2.90,0,0,0,1,1,1,U2 
H4,840,2016,731600,      0.00,      0.00,      0.00,      0.00,0,1,0,0,1,1,U2 
H4,840,2016,731700,      0.00,      0.00,      0.00,      0.00,0,6,0,0,6,6,U2 
H4,840,2016,731811,     12.50,     12.50,     12.50,     12.50,0,0,0,1,1,1,U2 
H4,840,2016,731812,     12.50,     12.50,     12.50,     12.50,0,0,0,1,1,1,U2 
H4,840,2016,731813,      5.70,      5.70,      5.70,      5.70,0,0,0,1,1,1,U2 
H4,840,2016,731814,     14.80,      6.20,      8.60,      7.40,0,0,0,2,2,2,U2 
H4,840,2016,731815,     14.70,      0.00,      8.50,      2.94,0,3,0,2,5,5,U2 
H4,840,2016,731816,      0.00,      0.00,      0.00,      0.00,0,1,0,0,1,1,U2 
H4,840,2016,731819,      5.70,      5.70,      5.70,      5.70,0,0,0,1,1,1,U2 
H4,840,2016,731821,      5.80,      5.80,      5.80,      5.80,0,0,0,1,1,1,U2 
H4,840,2016,731822,      0.00,      0.00,      0.00,      0.00,0,1,0,0,1,1,U2 
H4,840,2016,731823,      0.00,      0.00,      0.00,      0.00,0,1,0,0,1,1,U2 
H4,840,2016,731824,      3.80,      3.80,      3.80,      3.80,0,0,0,1,1,1,U2 
H4,840,2016,731829,      2.80,      2.80,      2.80,      2.80,0,0,0,1,1,1,U2 
H4,840,2016,731940,      8.60,      0.00,      4.50,      2.87,0,1,0,2,3,3,U2 
H4,840,2016,731990,      2.90,      0.00,      2.90,      1.45,0,1,0,1,2,2,U2 
H4,840,2016,732010,      9.60,      3.20,      3.20,      3.20,0,0,0,3,3,3,U2 
H4,840,2016,732020,      7.10,      3.20,      3.90,      3.55,0,0,0,2,2,2,U2 
H4,840,2016,732090,      2.90,      0.00,      2.90,      1.45,0,1,0,1,2,2,U2 
H4,840,2016,732111,      5.70,      0.00,      5.70,      1.90,0,2,0,1,3,3,U2 
H4,840,2016,732112,      0.00,      0.00,      0.00,      0.00,0,1,0,0,1,1,U2 
H4,840,2016,732119,      0.00,      0.00,      0.00,      0.00,0,1,0,0,1,1,U2 
H4,840,2016,732181,      2.90,      0.00,      2.90,      1.45,0,1,0,1,2,2,U2 
H4,840,2016,732182,      2.90,      0.00,      2.90,      1.45,0,1,0,1,2,2,U2 
H4,840,2016,732189,      0.00,      0.00,      0.00,      0.00,0,1,0,0,1,1,U2 
H4,840,2016,732190,      0.00,      0.00,      0.00,      0.00,0,5,0,0,5,5,U2 
H4,840,2016,732211,      0.00,      0.00,      0.00,      0.00,0,1,0,0,1,1,U2 
H4,840,2016,732219,      0.00,      0.00,      0.00,      0.00,0,1,0,0,1,1,U2 
H4,840,2016,732290,      0.00,      0.00,      0.00,      0.00,0,1,0,0,1,1,U2 
H4,840,2016,732310,      0.00,      0.00,      0.00,      0.00,0,1,0,0,1,1,U2 
H4,840,2016,732391,      5.30,      0.00,      5.30,      2.65,0,1,0,1,2,2,U2 
H4,840,2016,732392,      0.00,      0.00,      0.00,      0.00,0,1,0,0,1,1,U2 
H4,840,2016,732393,      2.00,      2.00,      2.00,      2.00,0,0,0,1,1,1,U2 
H4,840,2016,732394,      2.70,      2.70,      2.70,      2.70,0,0,0,1,1,1,U2 
H4,840,2016,732399,     16.90,      0.00,      8.20,      3.38,0,2,0,3,5,5,U2 
H4,840,2016,732410,      3.40,      3.40,      3.40,      3.40,0,0,0,1,1,1,U2 
H4,840,2016,732421,      0.00,      0.00,      0.00,      0.00,0,2,0,0,2,2,U2 
H4,840,2016,732429,      0.00,      0.00,      0.00,      0.00,0,1,0,0,1,1,U2 
H4,840,2016,732490,      0.00,      0.00,      0.00,      0.00,0,1,0,0,1,1,U2 
H4,840,2016,732510,      0.00,      0.00,      0.00,      0.00,0,1,0,0,1,1,U2 
H4,840,2016,732591,      2.90,      2.90,      2.90,      2.90,0,0,0,1,1,1,U2 
H4,840,2016,732599,      2.90,      0.00,      2.90,      1.45,0,1,0,1,2,2,U2 
H4,840,2016,732611,      0.00,      0.00,      0.00,      0.00,0,1,0,0,1,1,U2 
H4,840,2016,732619,      2.90,      2.90,      2.90,      2.90,0,0,0,1,1,1,U2 
H4,840,2016,732620,      3.90,      3.90,      3.90,      3.90,0,0,0,1,1,1,U2 
H4,840,2016,732690,     19.30,      0.00,      8.60,      3.22,0,3,0,3,6,6,U2 
H4,840,2016,740100,      0.00,      0.00,      0.00,      0.00,0,1,0,0,1,1,U2 
H4,840,2016,740200,      0.00,      0.00,      0.00,      0.00,0,1,0,0,1,1,U2 
H4,840,2016,740311,      1.00,      1.00,      1.00,      1.00,0,0,0,1,1,1,U2 
H4,840,2016,740312,      1.00,      1.00,      1.00,      1.00,0,0,0,1,1,1,U2 
H4,840,2016,740313,      1.00,      1.00,      1.00,      1.00,0,0,0,1,1,1,U2 
H4,840,2016,740319,      1.00,      1.00,      1.00,      1.00,0,0,0,1,1,1,U2 
H4,840,2016,740321,      1.00,      1.00,      1.00,      1.00,0,0,0,1,1,1,U2 
H4,840,2016,740322,      1.00,      1.00,      1.00,      1.00,0,0,0,1,1,1,U2 
H4,840,2016,740329,      1.00,      1.00,      1.00,      1.00,0,0,0,1,1,1,U2 
H4,840,2016,740400,      0.00,      0.00,      0.00,      0.00,0,2,0,0,2,2,U2 
H4,840,2016,740500,      0.00,      0.00,      0.00,      0.00,0,2,0,0,2,2,U2 
H4,840,2016,740610,      0.00,      0.00,      0.00,      0.00,0,1,0,0,1,1,U2 
H4,840,2016,740620,      0.00,      0.00,      0.00,      0.00,0,1,0,0,1,1,U2 
H4,840,2016,740710,      7.00,      1.00,      3.00,      2.33,0,0,0,3,3,3,U2 
H4,840,2016,740721,     10.70,      1.90,      2.20,      2.14,0,0,0,5,5,5,U2 
H4,840,2016,740729,     13.60,      1.60,      3.00,      2.72,0,0,0,5,5,5,U2 
H4,840,2016,740811,      4.00,      1.00,      3.00,      2.00,0,0,0,2,2,2,U2 
H4,840,2016,740819,      3.00,      3.00,      3.00,      3.00,0,0,0,1,1,1,U2 
H4,840,2016,740821,      3.00,      3.00,      3.00,      3.00,0,0,0,1,1,1,U2 
H4,840,2016,740822,      6.00,      3.00,      3.00,      3.00,0,0,0,2,2,2,U2 
H4,840,2016,740829,      6.00,      3.00,      3.00,      3.00,0,0,0,2,2,2,U2 
H4,840,2016,740911,      4.00,      1.00,      3.00,      2.00,0,0,0,2,2,2,U2 
H4,840,2016,740919,      7.00,      1.00,      3.00,      2.33,0,0,0,3,3,3,U2 
H4,840,2016,740921,      1.90,      1.90,      1.90,      1.90,0,0,0,1,1,1,U2 
H4,840,2016,740929,      1.90,      1.90,      1.90,      1.90,0,0,0,1,1,1,U2 
H4,840,2016,740931,      7.70,      1.70,      3.00,      2.57,0,0,0,3,3,3,U2 
H4,840,2016,740939,      7.70,      1.70,      3.00,      2.57,0,0,0,3,3,3,U2 
H4,840,2016,740940,      3.00,      3.00,      3.00,      3.00,0,0,0,1,1,1,U2 
H4,840,2016,740990,      7.70,      1.70,      3.00,      2.57,0,0,0,3,3,3,U2 
H4,840,2016,741011,      1.00,      1.00,      1.00,      1.00,0,0,0,1,1,1,U2 
H4,840,2016,741012,      1.00,      1.00,      1.00,      1.00,0,0,0,1,1,1,U2 
H4,840,2016,741021,      4.50,      1.50,      3.00,      2.25,0,0,0,2,2,2,U2 
H4,840,2016,741022,      1.50,      1.50,      1.50,      1.50,0,0,0,1,1,1,U2 
H4,840,2016,741110,      4.50,      1.50,      3.00,      2.25,0,0,0,2,2,2,U2 
H4,840,2016,741121,      4.40,      1.40,      3.00,      2.20,0,0,0,2,2,2,U2 
H4,840,2016,741122,      3.00,      3.00,      3.00,      3.00,0,0,0,1,1,1,U2 
H4,840,2016,741129,      4.40,      1.40,      3.00,      2.20,0,0,0,2,2,2,U2 
H4,840,2016,741210,      3.00,      3.00,      3.00,      3.00,0,0,0,1,1,1,U2 
H4,840,2016,741220,      3.00,      3.00,      3.00,      3.00,0,0,0,1,1,1,U2 
H4,840,2016,741300,      8.00,      2.00,      3.00,      2.67,0,0,0,3,3,3,U2 
H4,840,2016,741510,      2.50,      2.50,      2.50,      2.50,0,0,0,1,1,1,U2 
H4,840,2016,741521,      3.00,      3.00,      3.00,      3.00,0,0,0,1,1,1,U2 
H4,840,2016,741529,      3.00,      3.00,      3.00,      3.00,0,0,0,1,1,1,U2 
H4,840,2016,741533,      7.40,      1.40,      3.00,      2.47,0,0,0,3,3,3,U2 
H4,840,2016,741539,      3.00,      3.00,      3.00,      3.00,0,0,0,1,1,1,U2 
H4,840,2016,741810,      3.00,      3.00,      3.00,      3.00,0,0,0,1,1,1,U2 
H4,840,2016,741820,      6.00,      3.00,      3.00,      3.00,0,0,0,2,2,2,U2 
H4,840,2016,741910,      3.00,      3.00,      3.00,      3.00,0,0,0,1,1,1,U2 
H4,840,2016,741991,      0.00,      0.00,      0.00,      0.00,0,1,0,0,1,1,U2 
H4,840,2016,741999,     15.00,      0.00,      3.00,      2.14,0,2,0,5,7,7,U2 
H4,840,2016,750110,      0.00,      0.00,      0.00,      0.00,0,1,0,0,1,1,U2 
H4,840,2016,750120,      0.00,      0.00,      0.00,      0.00,0,1,0,0,1,1,U2 
H4,840,2016,750210,      0.00,      0.00,      0.00,      0.00,0,1,0,0,1,1,U2 
H4,840,2016,750220,      0.00,      0.00,      0.00,      0.00,0,1,0,0,1,1,U2 
H4,840,2016,750300,      0.00,      0.00,      0.00,      0.00,0,1,0,0,1,1,U2 
H4,840,2016,750400,      0.00,      0.00,      0.00,      0.00,0,1,0,0,1,1,U2 
H4,840,2016,750511,      8.60,      2.60,      3.00,      2.87,0,0,0,3,3,3,U2 
H4,840,2016,750512,      8.50,      2.50,      3.00,      2.83,0,0,0,3,3,3,U2 
H4,840,2016,750521,      5.60,      2.60,      3.00,      2.80,0,0,0,2,2,2,U2 
H4,840,2016,750522,      5.60,      2.60,      3.00,      2.80,0,0,0,2,2,2,U2 
H4,840,2016,750610,      8.00,      2.50,      3.00,      2.67,0,0,0,3,3,3,U2 
H4,840,2016,750620,      8.50,      2.50,      3.00,      2.83,0,0,0,3,3,3,U2 
H4,840,2016,750711,      2.00,      2.00,      2.00,      2.00,0,0,0,1,1,1,U2 
H4,840,2016,750712,      2.00,      2.00,      2.00,      2.00,0,0,0,1,1,1,U2 
H4,840,2016,750720,      3.00,      3.00,      3.00,      3.00,0,0,0,1,1,1,U2 
H4,840,2016,750810,      3.00,      3.00,      3.00,      3.00,0,0,0,1,1,1,U2 
H4,840,2016,750890,      6.00,      3.00,      3.00,      3.00,0,0,0,2,2,2,U2 
H4,840,2016,760110,      2.60,      0.00,      2.60,      1.30,0,1,0,1,2,2,U2 
H4,840,2016,760120,      4.70,      0.00,      2.60,      1.57,0,1,0,2,3,3,U2 
H4,840,2016,760200,      0.00,      0.00,      0.00,      0.00,0,1,0,0,1,1,U2 
H4,840,2016,760310,      5.00,      5.00,      5.00,      5.00,0,0,0,1,1,1,U2 
H4,840,2016,760320,      3.90,      3.90,      3.90,      3.90,0,0,0,1,1,1,U2 
H4,840,2016,760410,     10.60,      2.60,      5.00,      3.53,0,0,0,3,3,3,U2 
H4,840,2016,760421,      1.50,      1.50,      1.50,      1.50,0,0,0,1,1,1,U2 
H4,840,2016,760429,     10.60,      2.60,      5.00,      3.53,0,0,0,3,3,3,U2 
H4,840,2016,760511,      2.60,      2.60,      2.60,      2.60,0,0,0,1,1,1,U2 
H4,840,2016,760519,      4.20,      4.20,      4.20,      4.20,0,0,0,1,1,1,U2 
H4,840,2016,760521,      2.60,      2.60,      2.60,      2.60,0,0,0,1,1,1,U2 
H4,840,2016,760529,      4.20,      4.20,      4.20,      4.20,0,0,0,1,1,1,U2 
H4,840,2016,760611,      5.70,      2.70,      3.00,      2.85,0,0,0,2,2,2,U2 
H4,840,2016,760612,      9.50,      3.00,      6.50,      4.75,0,0,0,2,2,2,U2 
H4,840,2016,760691,      5.70,      2.70,      3.00,      2.85,0,0,0,2,2,2,U2 
H4,840,2016,760692,      9.50,      3.00,      6.50,      4.75,0,0,0,2,2,2,U2 
H4,840,2016,760711,     14.10,      3.00,      5.80,      4.70,0,0,0,3,3,3,U2 
H4,840,2016,760719,     14.00,      3.00,      5.70,      4.67,0,0,0,3,3,3,U2 
H4,840,2016,760720,      3.70,      0.00,      3.70,      1.85,0,1,0,1,2,2,U2 
H4,840,2016,760810,      5.70,      5.70,      5.70,      5.70,0,0,0,1,1,1,U2 
H4,840,2016,760820,      5.70,      5.70,      5.70,      5.70,0,0,0,1,1,1,U2 
H4,840,2016,760900,      5.70,      5.70,      5.70,      5.70,0,0,0,1,1,1,U2 
H4,840,2016,761010,      5.70,      5.70,      5.70,      5.70,0,0,0,1,1,1,U2 
H4,840,2016,761090,      5.70,      5.70,      5.70,      5.70,0,0,0,1,1,1,U2 
H4,840,2016,761100,      2.60,      2.60,      2.60,      2.60,0,0,0,1,1,1,U2 
H4,840,2016,761210,      2.40,      2.40,      2.40,      2.40,0,0,0,1,1,1,U2 
H4,840,2016,761290,      5.70,      0.00,      5.70,      2.85,0,1,0,1,2,2,U2 
H4,840,2016,761300,      5.00,      5.00,      5.00,      5.00,0,0,0,1,1,1,U2 
H4,840,2016,761410,      9.80,      4.90,      4.90,      4.90,0,0,0,2,2,2,U2 
H4,840,2016,761490,     15.50,      4.90,      5.70,      5.17,0,0,0,3,3,3,U2 
H4,840,2016,761510,     18.60,      3.10,      3.10,      3.10,0,0,0,6,6,6,U2 
H4,840,2016,761520,      3.80,      3.80,      3.80,      3.80,0,0,0,1,1,1,U2 
H4,840,2016,761610,     27.60,      4.70,      6.00,      5.52,0,0,0,5,5,5,U2 
H4,840,2016,761691,      2.50,      2.50,      2.50,      2.50,0,0,0,1,1,1,U2 
H4,840,2016,761699,      2.50,      0.00,      2.50,      1.25,0,1,0,1,2,2,U2 
H4,840,2016,780110,,,,,1,0,0,0,0,1,U2 
H4,840,2016,780191,,,,,1,0,0,0,0,1,U2 
H4,840,2016,780199,,,,,2,0,0,0,0,2,U2 
H4,840,2016,780200,      0.00,      0.00,      0.00,      0.00,0,1,0,0,1,1,U2 
H4,840,2016,780411,      2.20,      2.20,      2.20,      2.20,0,0,0,1,1,1,U2 
H4,840,2016,780419,      3.00,      3.00,      3.00,      3.00,0,0,0,1,1,1,U2 
H4,840,2016,780420,      0.00,      0.00,      0.00,      0.00,0,1,0,0,1,1,U2 
H4,840,2016,780600,      6.20,      1.20,      3.00,      2.07,0,0,0,3,3,3,U2 
H4,840,2016,790111,      1.50,      1.50,      1.50,      1.50,0,0,0,1,1,1,U2 
H4,840,2016,790112,      4.50,      1.50,      3.00,      2.25,0,0,0,2,2,2,U2 
H4,840,2016,790120,      3.00,      3.00,      3.00,      3.00,0,0,0,1,1,1,U2 
H4,840,2016,790200,      0.00,      0.00,      0.00,      0.00,0,1,0,0,1,1,U2 
H4,840,2016,790310,      0.26,      0.26,      0.26,      0.26,0,0,1,0,1,1,U2 
H4,840,2016,790390,      3.15,      0.15,      3.00,      1.58,0,0,1,1,2,2,U2 
H4,840,2016,790400,      4.20,      4.20,      4.20,      4.20,0,0,0,1,1,1,U2 
H4,840,2016,790500,      2.80,      2.80,      2.80,      2.80,0,0,0,1,1,1,U2 
H4,840,2016,790700,      9.00,      3.00,      3.00,      3.00,0,0,0,3,3,3,U2 
H4,840,2016,800110,      0.00,      0.00,      0.00,      0.00,0,1,0,0,1,1,U2 
H4,840,2016,800120,      0.00,      0.00,      0.00,      0.00,0,1,0,0,1,1,U2 
H4,840,2016,800200,      0.00,      0.00,      0.00,      0.00,0,1,0,0,1,1,U2 
H4,840,2016,800300,      3.00,      3.00,      3.00,      3.00,0,0,0,1,1,1,U2 
H4,840,2016,800700,     15.50,      2.10,      3.00,      2.58,0,0,0,6,6,6,U2 
H4,840,2016,810110,      7.00,      7.00,      7.00,      7.00,0,0,0,1,1,1,U2 
H4,840,2016,810194,      6.60,      6.60,      6.60,      6.60,0,0,0,1,1,1,U2 
H4,840,2016,810196,      4.40,      4.40,      4.40,      4.40,0,0,0,1,1,1,U2 
H4,840,2016,810197,      2.80,      2.80,      2.80,      2.80,0,0,0,1,1,1,U2 
H4,840,2016,810199,     10.20,      3.70,      6.50,      5.10,0,0,0,2,2,2,U2 
H4,840,2016,810210,      1.50,      1.50,      1.50,      1.50,0,0,1,0,1,1,U2 
H4,840,2016,810294,      2.48,      2.48,      2.48,      2.48,0,0,1,0,1,1,U2 
H4,840,2016,810295,     13.20,      6.60,      6.60,      6.60,0,0,0,2,2,2,U2 
H4,840,2016,810296,      4.40,      4.40,      4.40,      4.40,0,0,0,1,1,1,U2 
H4,840,2016,810297,      0.00,      0.00,      0.00,      0.00,0,1,0,0,1,1,U2 
H4,840,2016,810299,      3.70,      3.70,      3.70,      3.70,0,0,0,1,1,1,U2 
H4,840,2016,810320,      2.50,      2.50,      2.50,      2.50,0,0,0,1,1,1,U2 
H4,840,2016,810330,      0.00,      0.00,      0.00,      0.00,0,1,0,0,1,1,U2 
H4,840,2016,810390,      4.40,      4.40,      4.40,      4.40,0,0,0,1,1,1,U2 
H4,840,2016,810411,      8.00,      8.00,      8.00,      8.00,0,0,0,1,1,1,U2 
H4,840,2016,810419,      6.50,      6.50,      6.50,      6.50,0,0,0,1,1,1,U2 
H4,840,2016,810420,      0.00,      0.00,      0.00,      0.00,0,1,0,0,1,1,U2 
H4,840,2016,810430,      4.40,      4.40,      4.40,      4.40,0,0,0,1,1,1,U2 
H4,840,2016,810490,      5.54,      5.54,      5.54,      5.54,0,0,1,0,1,1,U2 
H4,840,2016,810520,      4.40,      0.00,      4.40,      1.47,0,2,0,1,3,3,U2 
H4,840,2016,810530,      0.00,      0.00,      0.00,      0.00,0,1,0,0,1,1,U2 
H4,840,2016,810590,      3.70,      3.70,      3.70,      3.70,0,0,0,1,1,1,U2 
H4,840,2016,810600,      0.00,      0.00,      0.00,      0.00,0,1,0,0,1,1,U2 
H4,840,2016,810720,      0.00,      0.00,      0.00,      0.00,0,1,0,0,1,1,U2 
H4,840,2016,810730,      0.00,      0.00,      0.00,      0.00,0,1,0,0,1,1,U2 
H4,840,2016,810790,      4.40,      4.40,      4.40,      4.40,0,0,0,1,1,1,U2 
H4,840,2016,810820,     15.00,     15.00,     15.00,     15.00,0,0,0,1,1,1,U2 
H4,840,2016,810830,      0.00,      0.00,      0.00,      0.00,0,1,0,0,1,1,U2 
H4,840,2016,810890,     20.50,      5.50,     15.00,     10.25,0,0,0,2,2,2,U2 
H4,840,2016,810920,      4.20,      4.20,      4.20,      4.20,0,0,0,1,1,1,U2 
H4,840,2016,810930,      0.00,      0.00,      0.00,      0.00,0,1,0,0,1,1,U2 
H4,840,2016,810990,      3.70,      3.70,      3.70,      3.70,0,0,0,1,1,1,U2 
H4,840,2016,811010,      0.00,      0.00,      0.00,      0.00,0,1,0,0,1,1,U2 
H4,840,2016,811020,      0.00,      0.00,      0.00,      0.00,0,1,0,0,1,1,U2 
H4,840,2016,811090,      0.00,      0.00,      0.00,      0.00,0,1,0,0,1,1,U2 
H4,840,2016,811100,     31.70,      0.00,     14.00,      7.93,0,1,0,3,4,4,U2 
H4,840,2016,811212,      8.50,      8.50,      8.50,      8.50,0,0,0,1,1,1,U2 
H4,840,2016,811213,      0.00,      0.00,      0.00,      0.00,0,1,0,0,1,1,U2 
H4,840,2016,811219,      5.50,      5.50,      5.50,      5.50,0,0,0,1,1,1,U2 
H4,840,2016,811221,      3.00,      3.00,      3.00,      3.00,0,0,0,1,1,1,U2 
H4,840,2016,811222,      0.00,      0.00,      0.00,      0.00,0,1,0,0,1,1,U2 
H4,840,2016,811229,      3.00,      3.00,      3.00,      3.00,0,0,0,1,1,1,U2 
H4,840,2016,811251,      4.00,      4.00,      4.00,      4.00,0,0,0,1,1,1,U2 
H4,840,2016,811252,      0.00,      0.00,      0.00,      0.00,0,1,0,0,1,1,U2 
H4,840,2016,811259,      4.00,      4.00,      4.00,      4.00,0,0,0,1,1,1,U2 
H4,840,2016,811292,     19.90,      0.00,      4.90,      2.21,0,3,0,6,9,9,U2 
H4,840,2016,811299,     10.40,      2.00,      4.40,      3.47,0,0,0,3,3,3,U2 
H4,840,2016,811300,      3.70,      3.70,      3.70,      3.70,0,0,0,1,1,1,U2 
H4,840,2016,820110,      0.00,      0.00,      0.00,      0.00,0,1,0,0,1,1,U2 
H4,840,2016,820130,      0.00,      0.00,      0.00,      0.00,0,1,0,0,1,1,U2 
H4,840,2016,820140,      6.20,      0.00,      6.20,      3.10,0,1,0,1,2,2,U2 
H4,840,2016,820150,,,,,1,0,0,0,0,1,U2 
H4,840,2016,820160,,,,,1,0,0,0,0,1,U2 
H4,840,2016,820190,      0.00,      0.00,      0.00,      0.00,1,2,0,0,2,3,U2 
H4,840,2016,820210,      0.00,      0.00,      0.00,      0.00,0,1,0,0,1,1,U2 
H4,840,2016,820220,      0.00,      0.00,      0.00,      0.00,0,1,0,0,1,1,U2 
H4,840,2016,820231,      0.00,      0.00,      0.00,      0.00,0,1,0,0,1,1,U2 
H4,840,2016,820239,      0.00,      0.00,      0.00,      0.00,0,1,0,0,1,1,U2 
H4,840,2016,820240,      7.20,      0.00,      7.20,      3.60,0,1,0,1,2,2,U2 
H4,840,2016,820291,      0.00,      0.00,      0.00,      0.00,0,2,0,0,2,2,U2 
H4,840,2016,820299,      0.00,      0.00,      0.00,      0.00,0,1,0,0,1,1,U2 
H4,840,2016,820310,      0.00,      0.00,      0.00,      0.00,0,3,0,0,3,3,U2 
H4,840,2016,820320,     20.50,      4.00,     12.00,      6.83,1,0,0,3,3,4,U2 
H4,840,2016,820330,      0.00,      0.00,      0.00,      0.00,0,1,0,0,1,1,U2 
H4,840,2016,820340,      9.30,      3.30,      6.00,      4.65,0,0,0,2,2,2,U2 
H4,840,2016,820411,      9.00,      9.00,      9.00,      9.00,0,0,0,1,1,1,U2 
H4,840,2016,820412,      9.00,      9.00,      9.00,      9.00,0,0,0,1,1,1,U2 
H4,840,2016,820420,      9.00,      9.00,      9.00,      9.00,0,0,0,1,1,1,U2 
H4,840,2016,820510,      6.20,      6.20,      6.20,      6.20,0,0,0,1,1,1,U2 
H4,840,2016,820520,      6.20,      0.00,      6.20,      3.10,0,1,0,1,2,2,U2 
H4,840,2016,820530,     10.70,      5.00,      5.70,      5.35,0,0,0,2,2,2,U2 
H4,840,2016,820540,      6.20,      6.20,      6.20,      6.20,0,0,0,1,1,1,U2 
H4,840,2016,820551,     12.63,      0.00,      5.23,      2.53,0,2,1,2,5,5,U2 
H4,840,2016,820559,     25.14,      0.00,      7.20,      3.14,0,3,1,4,8,8,U2 
H4,840,2016,820560,      2.90,      2.90,      2.90,      2.90,0,0,0,1,1,1,U2 
H4,840,2016,820570,      5.00,      5.00,      5.00,      5.00,0,0,0,1,1,1,U2 
H4,840,2016,820590,      0.00,      0.00,      0.00,      0.00,1,1,0,0,1,2,U2 
H4,840,2016,820600,,,,,1,0,0,0,0,1,U2 
H4,840,2016,820713,      3.60,      3.60,      3.60,      3.60,0,0,0,1,1,1,U2 
H4,840,2016,820719,      7.90,      2.90,      5.00,      3.95,0,0,0,2,2,2,U2 
H4,840,2016,820720,      3.90,      3.90,      3.90,      3.90,0,0,0,1,1,1,U2 
H4,840,2016,820730,      8.60,      2.90,      5.70,      4.30,0,0,0,2,2,2,U2 
H4,840,2016,820740,     10.50,      4.80,      5.70,      5.25,0,0,0,2,2,2,U2 
H4,840,2016,820750,     21.50,      2.90,      8.40,      5.38,0,0,0,4,4,4,U2 
H4,840,2016,820760,      4.80,      4.80,      4.80,      4.80,0,0,0,1,1,1,U2 
H4,840,2016,820770,      7.90,      2.90,      5.00,      3.95,0,0,0,2,2,2,U2 
H4,840,2016,820780,      8.50,      3.70,      4.80,      4.25,0,0,0,2,2,2,U2 
H4,840,2016,820790,     19.40,      1.60,      5.00,      3.88,0,0,0,5,5,5,U2 
H4,840,2016,820810,      0.00,      0.00,      0.00,      0.00,0,1,0,0,1,1,U2 
H4,840,2016,820820,      0.00,      0.00,      0.00,      0.00,0,1,0,0,1,1,U2 
H4,840,2016,820830,      0.00,      0.00,      0.00,      0.00,0,1,0,0,1,1,U2 
H4,840,2016,820840,      0.00,      0.00,      0.00,      0.00,0,2,0,0,2,2,U2 
H4,840,2016,820890,      0.00,      0.00,      0.00,      0.00,0,2,0,0,2,2,U2 
H4,840,2016,820900,      4.60,      4.60,      4.60,      4.60,0,0,0,1,1,1,U2 
H4,840,2016,821000,      3.70,      3.70,      3.70,      3.70,0,0,0,1,1,1,U2 
H4,840,2016,821110,,,,,1,0,0,0,0,1,U2 
H4,840,2016,821191,     41.72,      0.00,     12.29,      5.96,0,1,6,0,7,7,U2 
H4,840,2016,821192,     20.38,      4.40,      6.22,      5.10,0,0,3,1,4,4,U2 
H4,840,2016,821193,      6.91,      6.91,      6.91,      6.91,0,0,1,0,1,1,U2 
H4,840,2016,821194,,,,,2,0,0,0,0,2,U2 
H4,840,2016,821195,,,,,3,0,0,0,0,3,U2 
H4,840,2016,821210,      0.00,      0.00,      0.00,      0.00,0,1,0,0,1,1,U2 
H4,840,2016,821220,      0.00,      0.00,      0.00,      0.00,0,1,0,0,1,1,U2 
H4,840,2016,821290,      0.00,      0.00,      0.00,      0.00,0,1,0,0,1,1,U2 
H4,840,2016,821300,,,,,3,0,0,0,0,3,U2 
H4,840,2016,821410,,,,,1,0,0,0,0,1,U2 
H4,840,2016,821420,      8.10,      0.00,      4.10,      2.70,0,1,0,2,3,3,U2 
H4,840,2016,821490,,,,,3,0,0,0,0,3,U2 
H4,840,2016,821510,,,,,1,0,0,0,0,1,U2 
H4,840,2016,821520,,,,,1,0,0,0,0,1,U2 
H4,840,2016,821591,      6.90,      0.00,      4.20,      2.30,0,1,0,2,3,3,U2 
H4,840,2016,821599,     31.10,      0.00,     14.00,      5.18,7,2,0,4,6,13,U2 
H4,840,2016,830110,     24.80,      2.30,      6.10,      4.13,0,0,0,6,6,6,U2 
H4,840,2016,830120,      5.70,      5.70,      5.70,      5.70,0,0,0,1,1,1,U2 
H4,840,2016,830130,      5.70,      5.70,      5.70,      5.70,0,0,0,1,1,1,U2 
H4,840,2016,830140,      8.80,      3.10,      5.70,      4.40,0,0,0,2,2,2,U2 
H4,840,2016,830150,      3.10,      3.10,      3.10,      3.10,0,0,0,1,1,1,U2 
H4,840,2016,830160,      2.80,      2.80,      2.80,      2.80,0,0,0,1,1,1,U2 
H4,840,2016,830170,      4.50,      4.50,      4.50,      4.50,0,0,0,1,1,1,U2 
H4,840,2016,830210,      8.90,      2.00,      3.50,      2.97,0,0,0,3,3,3,U2 
H4,840,2016,830220,      5.70,      5.70,      5.70,      5.70,0,0,0,1,1,1,U2 
H4,840,2016,830230,      5.50,      2.00,      3.50,      2.75,0,0,0,2,2,2,U2 
H4,840,2016,830241,     11.30,      3.50,      3.90,      3.77,0,0,0,3,3,3,U2 
H4,840,2016,830242,      7.30,      3.40,      3.90,      3.65,0,0,0,2,2,2,U2 
H4,840,2016,830249,     16.70,      0.00,      7.50,      4.18,0,1,0,3,4,4,U2 
H4,840,2016,830250,      0.00,      0.00,      0.00,      0.00,0,1,0,0,1,1,U2 
H4,840,2016,830260,      7.00,      3.10,      3.90,      3.50,0,0,0,2,2,2,U2 
H4,840,2016,830300,      3.80,      3.80,      3.80,      3.80,0,0,0,1,1,1,U2 
H4,840,2016,830400,      3.90,      3.90,      3.90,      3.90,0,0,0,1,1,1,U2 
H4,840,2016,830510,      2.90,      2.90,      2.90,      2.90,0,0,0,1,1,1,U2 
H4,840,2016,830520,      0.00,      0.00,      0.00,      0.00,0,1,0,0,1,1,U2 
H4,840,2016,830590,      5.70,      0.00,      5.70,      2.85,0,1,0,1,2,2,U2 
H4,840,2016,830610,      5.80,      5.80,      5.80,      5.80,0,0,0,1,1,1,U2 
H4,840,2016,830621,      4.50,      4.50,      4.50,      4.50,0,0,0,1,1,1,U2 
H4,840,2016,830629,      0.00,      0.00,      0.00,      0.00,0,1,0,0,1,1,U2 
H4,840,2016,830630,      2.70,      2.70,      2.70,      2.70,0,0,0,1,1,1,U2 
H4,840,2016,830710,      7.60,      3.80,      3.80,      3.80,0,0,0,2,2,2,U2 
H4,840,2016,830790,      7.60,      3.80,      3.80,      3.80,0,0,0,2,2,2,U2 
H4,840,2016,830810,      2.99,      2.99,      2.99,      2.99,0,0,1,0,1,1,U2 
H4,840,2016,830820,      0.00,      0.00,      0.00,      0.00,0,2,0,0,2,2,U2 
H4,840,2016,830890,      6.60,      0.00,      3.90,      2.20,0,1,0,2,3,3,U2 
H4,840,2016,830910,      0.00,      0.00,      0.00,      0.00,0,1,0,0,1,1,U2 
H4,840,2016,830990,      2.60,      2.60,      2.60,      2.60,0,0,0,1,1,1,U2 
H4,840,2016,831000,      0.00,      0.00,      0.00,      0.00,0,1,0,0,1,1,U2 
H4,840,2016,831110,      0.00,      0.00,      0.00,      0.00,0,1,0,0,1,1,U2 
H4,840,2016,831120,      0.00,      0.00,      0.00,      0.00,0,1,0,0,1,1,U2 
H4,840,2016,831130,      0.00,      0.00,      0.00,      0.00,0,2,0,0,2,2,U2 
H4,840,2016,831190,      0.00,      0.00,      0.00,      0.00,0,1,0,0,1,1,U2 
H4,840,2016,840110,      3.30,      3.30,      3.30,      3.30,0,0,0,1,1,1,U2 
H4,840,2016,840120,      2.60,      2.60,      2.60,      2.60,0,0,0,1,1,1,U2 
H4,840,2016,840130,      3.30,      3.30,      3.30,      3.30,0,0,0,1,1,1,U2 
H4,840,2016,840140,      3.30,      3.30,      3.30,      3.30,0,0,0,1,1,1,U2 
H4,840,2016,840211,      5.20,      5.20,      5.20,      5.20,0,0,0,1,1,1,U2 
H4,840,2016,840212,      4.30,      4.30,      4.30,      4.30,0,0,0,1,1,1,U2 
H4,840,2016,840219,      5.20,      5.20,      5.20,      5.20,0,0,0,1,1,1,U2 
H4,840,2016,840220,      3.30,      3.30,      3.30,      3.30,0,0,0,1,1,1,U2 
H4,840,2016,840290,      4.30,      4.30,      4.30,      4.30,0,0,0,1,1,1,U2 
H4,840,2016,840310,      0.00,      0.00,      0.00,      0.00,0,1,0,0,1,1,U2 
H4,840,2016,840390,      0.00,      0.00,      0.00,      0.00,0,1,0,0,1,1,U2 
H4,840,2016,840410,      3.50,      3.50,      3.50,      3.50,0,0,0,1,1,1,U2 
H4,840,2016,840420,      5.00,      5.00,      5.00,      5.00,0,0,0,1,1,1,U2 
H4,840,2016,840490,      3.50,      3.50,      3.50,      3.50,0,0,0,1,1,1,U2 
H4,840,2016,840510,      0.00,      0.00,      0.00,      0.00,0,1,0,0,1,1,U2 
H4,840,2016,840590,      0.00,      0.00,      0.00,      0.00,0,1,0,0,1,1,U2 
H4,840,2016,840610,      6.70,      0.00,      6.70,      3.35,0,1,0,1,2,2,U2 
H4,840,2016,840681,      6.70,      0.00,      6.70,      3.35,0,1,0,1,2,2,U2 
H4,840,2016,840682,      6.70,      0.00,      6.70,      3.35,0,1,0,1,2,2,U2 
H4,840,2016,840690,     20.00,      0.00,      5.00,      2.50,0,4,0,4,8,8,U2 
H4,840,2016,840710,      0.00,      0.00,      0.00,      0.00,0,1,0,0,1,1,U2 
H4,840,2016,840721,      0.00,      0.00,      0.00,      0.00,0,1,0,0,1,1,U2 
H4,840,2016,840729,      0.00,      0.00,      0.00,      0.00,0,1,0,0,1,1,U2 
H4,840,2016,840731,      0.00,      0.00,      0.00,      0.00,0,1,0,0,1,1,U2 
H4,840,2016,840732,      0.00,      0.00,      0.00,      0.00,0,3,0,0,3,3,U2 
H4,840,2016,840733,      2.50,      0.00,      2.50,      0.63,0,3,0,1,4,4,U2 
H4,840,2016,840734,     10.00,      0.00,      2.50,      1.25,0,4,0,4,8,8,U2 
H4,840,2016,840790,      0.00,      0.00,      0.00,      0.00,0,2,0,0,2,2,U2 
H4,840,2016,840810,      2.50,      2.50,      2.50,      2.50,0,0,0,1,1,1,U2 
H4,840,2016,840820,      5.00,      0.00,      2.50,      1.67,0,1,0,2,3,3,U2 
H4,840,2016,840890,      0.00,      0.00,      0.00,      0.00,0,2,0,0,2,2,U2 
H4,840,2016,840910,      0.00,      0.00,      0.00,      0.00,0,1,0,0,1,1,U2 
H4,840,2016,840991,     10.00,      0.00,      2.50,      2.00,0,1,0,4,5,5,U2 
H4,840,2016,840999,      5.00,      0.00,      2.50,      1.25,0,2,0,2,4,4,U2 
H4,840,2016,841011,      3.80,      3.80,      3.80,      3.80,0,0,0,1,1,1,U2 
H4,840,2016,841012,      3.80,      3.80,      3.80,      3.80,0,0,0,1,1,1,U2 
H4,840,2016,841013,      3.80,      3.80,      3.80,      3.80,0,0,0,1,1,1,U2 
H4,840,2016,841090,      3.80,      3.80,      3.80,      3.80,0,0,0,1,1,1,U2 
H4,840,2016,841111,      0.00,      0.00,      0.00,      0.00,0,2,0,0,2,2,U2 
H4,840,2016,841112,      0.00,      0.00,      0.00,      0.00,0,2,0,0,2,2,U2 
H4,840,2016,841121,      0.00,      0.00,      0.00,      0.00,0,2,0,0,2,2,U2 
H4,840,2016,841122,      0.00,      0.00,      0.00,      0.00,0,2,0,0,2,2,U2 
H4,840,2016,841181,      2.50,      0.00,      2.50,      1.25,0,1,0,1,2,2,U2 
H4,840,2016,841182,      2.50,      0.00,      2.50,      1.25,0,1,0,1,2,2,U2 
H4,840,2016,841191,      0.00,      0.00,      0.00,      0.00,0,2,0,0,2,2,U2 
H4,840,2016,841199,      2.40,      0.00,      2.40,      1.20,0,1,0,1,2,2,U2 
H4,840,2016,841210,      0.00,      0.00,      0.00,      0.00,0,1,0,0,1,1,U2 
H4,840,2016,841221,      0.00,      0.00,      0.00,      0.00,0,1,0,0,1,1,U2 
H4,840,2016,841229,      0.00,      0.00,      0.00,      0.00,0,2,0,0,2,2,U2 
H4,840,2016,841231,      0.00,      0.00,      0.00,      0.00,0,1,0,0,1,1,U2 
H4,840,2016,841239,      0.00,      0.00,      0.00,      0.00,0,1,0,0,1,1,U2 
H4,840,2016,841280,      0.00,      0.00,      0.00,      0.00,0,2,0,0,2,2,U2 
H4,840,2016,841290,      0.00,      0.00,      0.00,      0.00,0,2,0,0,2,2,U2 
H4,840,2016,841311,      0.00,      0.00,      0.00,      0.00,0,1,0,0,1,1,U2 
H4,840,2016,841319,      0.00,      0.00,      0.00,      0.00,0,1,0,0,1,1,U2 
H4,840,2016,841320,      0.00,      0.00,      0.00,      0.00,0,1,0,0,1,1,U2 
H4,840,2016,841330,      5.00,      2.50,      2.50,      2.50,0,0,0,2,2,2,U2 
H4,840,2016,841340,      0.00,      0.00,      0.00,      0.00,0,1,0,0,1,1,U2 
H4,840,2016,841350,      0.00,      0.00,      0.00,      0.00,0,1,0,0,1,1,U2 
H4,840,2016,841360,      0.00,      0.00,      0.00,      0.00,0,1,0,0,1,1,U2 
H4,840,2016,841370,      0.00,      0.00,      0.00,      0.00,0,2,0,0,2,2,U2 
H4,840,2016,841381,      0.00,      0.00,      0.00,      0.00,0,1,0,0,1,1,U2 
H4,840,2016,841382,      0.00,      0.00,      0.00,      0.00,0,1,0,0,1,1,U2 
H4,840,2016,841391,      2.50,      0.00,      2.50,      0.83,0,2,0,1,3,3,U2 
H4,840,2016,841392,      0.00,      0.00,      0.00,      0.00,0,1,0,0,1,1,U2 
H4,840,2016,841410,      2.50,      2.50,      2.50,      2.50,0,0,0,1,1,1,U2 
H4,840,2016,841420,      3.70,      3.70,      3.70,      3.70,0,0,0,1,1,1,U2 
H4,840,2016,841430,      0.00,      0.00,      0.00,      0.00,0,2,0,0,2,2,U2 
H4,840,2016,841440,      2.70,      2.70,      2.70,      2.70,0,0,0,1,1,1,U2 
H4,840,2016,841451,      9.40,      4.70,      4.70,      4.70,0,0,0,2,2,2,U2 
H4,840,2016,841459,      4.60,      0.00,      2.30,      1.53,0,1,0,2,3,3,U2 
H4,840,2016,841460,      0.00,      0.00,      0.00,      0.00,0,1,0,0,1,1,U2 
H4,840,2016,841480,      3.70,      0.00,      3.70,      0.93,0,3,0,1,4,4,U2 
H4,840,2016,841490,      4.70,      0.00,      4.70,      1.17,0,3,0,1,4,4,U2 
H4,840,2016,841510,      3.20,      0.00,      2.20,      1.07,0,1,0,2,3,3,U2 
H4,840,2016,841520,      1.40,      1.40,      1.40,      1.40,0,0,0,1,1,1,U2 
H4,840,2016,841581,      1.00,      1.00,      1.00,      1.00,0,0,0,1,1,1,U2 
H4,840,2016,841582,      2.20,      2.20,      2.20,      2.20,0,0,0,1,1,1,U2 
H4,840,2016,841583,      1.40,      1.40,      1.40,      1.40,0,0,0,1,1,1,U2 
H4,840,2016,841590,      2.80,      1.40,      1.40,      1.40,0,0,0,2,2,2,U2 
H4,840,2016,841610,      0.00,      0.00,      0.00,      0.00,0,1,0,0,1,1,U2 
H4,840,2016,841620,      0.00,      0.00,      0.00,      0.00,0,1,0,0,1,1,U2 
H4,840,2016,841630,      0.00,      0.00,      0.00,      0.00,0,1,0,0,1,1,U2 
H4,840,2016,841690,      0.00,      0.00,      0.00,      0.00,0,1,0,0,1,1,U2 
H4,840,2016,841710,      2.90,      2.90,      2.90,      2.90,0,0,0,1,1,1,U2 
H4,840,2016,841720,      3.50,      3.50,      3.50,      3.50,0,0,0,1,1,1,U2 
H4,840,2016,841780,      3.90,      3.90,      3.90,      3.90,0,0,0,1,1,1,U2 
H4,840,2016,841790,      3.90,      3.90,      3.90,      3.90,0,0,0,1,1,1,U2 
H4,840,2016,841810,      0.00,      0.00,      0.00,      0.00,0,1,0,0,1,1,U2 
H4,840,2016,841821,      0.00,      0.00,      0.00,      0.00,0,1,0,0,1,1,U2 
H4,840,2016,841829,      2.90,      1.00,      1.90,      1.45,0,0,0,2,2,2,U2 
H4,840,2016,841830,      0.00,      0.00,      0.00,      0.00,0,1,0,0,1,1,U2 
H4,840,2016,841840,      0.00,      0.00,      0.00,      0.00,0,1,0,0,1,1,U2 
H4,840,2016,841850,      0.00,      0.00,      0.00,      0.00,0,1,0,0,1,1,U2 
H4,840,2016,841861,      0.00,      0.00,      0.00,      0.00,0,1,0,0,1,1,U2 
H4,840,2016,841869,      0.00,      0.00,      0.00,      0.00,0,1,0,0,1,1,U2 
H4,840,2016,841891,      0.00,      0.00,      0.00,      0.00,0,1,0,0,1,1,U2 
H4,840,2016,841899,      0.00,      0.00,      0.00,      0.00,0,2,0,0,2,2,U2 
H4,840,2016,841911,      0.00,      0.00,      0.00,      0.00,0,1,0,0,1,1,U2 
H4,840,2016,841919,      0.00,      0.00,      0.00,      0.00,0,1,0,0,1,1,U2 
H4,840,2016,841920,      0.00,      0.00,      0.00,      0.00,0,1,0,0,1,1,U2 
H4,840,2016,841931,      0.00,      0.00,      0.00,      0.00,0,1,0,0,1,1,U2 
H4,840,2016,841932,      0.00,      0.00,      0.00,      0.00,0,2,0,0,2,2,U2 
H4,840,2016,841939,      0.00,      0.00,      0.00,      0.00,0,1,0,0,1,1,U2 
H4,840,2016,841940,      0.00,      0.00,      0.00,      0.00,0,1,0,0,1,1,U2 
H4,840,2016,841950,      4.20,      0.00,      4.20,      2.10,0,1,0,1,2,2,U2 
H4,840,2016,841960,      4.20,      0.00,      4.20,      2.10,0,1,0,1,2,2,U2 
H4,840,2016,841981,      0.00,      0.00,      0.00,      0.00,0,2,0,0,2,2,U2 
H4,840,2016,841989,      4.20,      0.00,      4.20,      1.40,0,2,0,1,3,3,U2 
H4,840,2016,841990,      4.00,      0.00,      4.00,      0.67,0,5,0,1,6,6,U2 
H4,840,2016,842010,      3.50,      0.00,      3.50,      1.17,0,2,0,1,3,3,U2 
H4,840,2016,842091,      2.60,      0.00,      2.60,      0.87,0,2,0,1,3,3,U2 
H4,840,2016,842099,      3.50,      0.00,      3.50,      1.17,0,2,0,1,3,3,U2 
H4,840,2016,842111,      0.00,      0.00,      0.00,      0.00,0,1,0,0,1,1,U2 
H4,840,2016,842112,      0.00,      0.00,      0.00,      0.00,0,1,0,0,1,1,U2 
H4,840,2016,842119,      1.30,      1.30,      1.30,      1.30,0,0,0,1,1,1,U2 
H4,840,2016,842121,      0.00,      0.00,      0.00,      0.00,0,1,0,0,1,1,U2 
H4,840,2016,842122,      0.00,      0.00,      0.00,      0.00,0,1,0,0,1,1,U2 
H4,840,2016,842123,      2.50,      2.50,      2.50,      2.50,0,0,0,1,1,1,U2 
H4,840,2016,842129,      0.00,      0.00,      0.00,      0.00,0,1,0,0,1,1,U2 
H4,840,2016,842131,      2.50,      2.50,      2.50,      2.50,0,0,0,1,1,1,U2 
H4,840,2016,842139,      0.00,      0.00,      0.00,      0.00,0,2,0,0,2,2,U2 
H4,840,2016,842191,      0.00,      0.00,      0.00,      0.00,0,3,0,0,3,3,U2 
H4,840,2016,842199,      0.00,      0.00,      0.00,      0.00,0,1,0,0,1,1,U2 
H4,840,2016,842211,      2.40,      2.40,      2.40,      2.40,0,0,0,1,1,1,U2 
H4,840,2016,842219,      0.00,      0.00,      0.00,      0.00,0,1,0,0,1,1,U2 
H4,840,2016,842220,      0.00,      0.00,      0.00,      0.00,0,1,0,0,1,1,U2 
H4,840,2016,842230,      0.00,      0.00,      0.00,      0.00,0,2,0,0,2,2,U2 
H4,840,2016,842240,      0.00,      0.00,      0.00,      0.00,0,2,0,0,2,2,U2 
H4,840,2016,842290,      0.00,      0.00,      0.00,      0.00,0,6,0,0,6,6,U2 
H4,840,2016,842310,      0.00,      0.00,      0.00,      0.00,0,1,0,0,1,1,U2 
H4,840,2016,842320,      2.90,      2.90,      2.90,      2.90,0,0,0,1,1,1,U2 
H4,840,2016,842330,      0.00,      0.00,      0.00,      0.00,0,1,0,0,1,1,U2 
H4,840,2016,842381,      0.00,      0.00,      0.00,      0.00,0,1,0,0,1,1,U2 
H4,840,2016,842382,      0.00,      0.00,      0.00,      0.00,0,1,0,0,1,1,U2 
H4,840,2016,842389,      2.90,      2.90,      2.90,      2.90,0,0,0,1,1,1,U2 
H4,840,2016,842390,      2.80,      2.80,      2.80,      2.80,0,0,0,1,1,1,U2 
H4,840,2016,842410,      0.00,      0.00,      0.00,      0.00,0,1,0,0,1,1,U2 
H4,840,2016,842420,      2.90,      0.00,      2.90,      1.45,0,1,0,1,2,2,U2 
H4,840,2016,842430,      0.00,      0.00,      0.00,      0.00,0,2,0,0,2,2,U2 
H4,840,2016,842481,      2.40,      0.00,      2.40,      1.20,0,1,0,1,2,2,U2 
H4,840,2016,842489,      1.80,      1.80,      1.80,      1.80,0,0,0,1,1,1,U2 
H4,840,2016,842490,      2.90,      0.00,      2.90,      0.73,0,3,0,1,4,4,U2 
H4,840,2016,842511,      0.00,      0.00,      0.00,      0.00,0,1,0,0,1,1,U2 
H4,840,2016,842519,      0.00,      0.00,      0.00,      0.00,0,1,0,0,1,1,U2 
H4,840,2016,842531,      0.00,      0.00,      0.00,      0.00,0,1,0,0,1,1,U2 
H4,840,2016,842539,      0.00,      0.00,      0.00,      0.00,0,1,0,0,1,1,U2 
H4,840,2016,842541,      0.00,      0.00,      0.00,      0.00,0,1,0,0,1,1,U2 
H4,840,2016,842542,      0.00,      0.00,      0.00,      0.00,0,1,0,0,1,1,U2 
H4,840,2016,842549,      0.00,      0.00,      0.00,      0.00,0,1,0,0,1,1,U2 
H4,840,2016,842611,      0.00,      0.00,      0.00,      0.00,0,1,0,0,1,1,U2 
H4,840,2016,842612,      0.00,      0.00,      0.00,      0.00,0,1,0,0,1,1,U2 
H4,840,2016,842619,      0.00,      0.00,      0.00,      0.00,0,1,0,0,1,1,U2 
H4,840,2016,842620,      0.00,      0.00,      0.00,      0.00,0,1,0,0,1,1,U2 
H4,840,2016,842630,      0.00,      0.00,      0.00,      0.00,0,1,0,0,1,1,U2 
H4,840,2016,842641,      0.00,      0.00,      0.00,      0.00,0,1,0,0,1,1,U2 
H4,840,2016,842649,      0.00,      0.00,      0.00,      0.00,0,1,0,0,1,1,U2 
H4,840,2016,842691,      0.00,      0.00,      0.00,      0.00,0,1,0,0,1,1,U2 
H4,840,2016,842699,      0.00,      0.00,      0.00,      0.00,0,1,0,0,1,1,U2 
H4,840,2016,842710,      0.00,      0.00,      0.00,      0.00,0,2,0,0,2,2,U2 
H4,840,2016,842720,      0.00,      0.00,      0.00,      0.00,0,2,0,0,2,2,U2 
H4,840,2016,842790,      0.00,      0.00,      0.00,      0.00,0,1,0,0,1,1,U2 
H4,840,2016,842810,      0.00,      0.00,      0.00,      0.00,0,1,0,0,1,1,U2 
H4,840,2016,842820,      0.00,      0.00,      0.00,      0.00,0,1,0,0,1,1,U2 
H4,840,2016,842831,      0.00,      0.00,      0.00,      0.00,0,1,0,0,1,1,U2 
H4,840,2016,842832,      0.00,      0.00,      0.00,      0.00,0,1,0,0,1,1,U2 
H4,840,2016,842833,      0.00,      0.00,      0.00,      0.00,0,1,0,0,1,1,U2 
H4,840,2016,842839,      0.00,      0.00,      0.00,      0.00,0,1,0,0,1,1,U2 
H4,840,2016,842840,      0.00,      0.00,      0.00,      0.00,0,1,0,0,1,1,U2 
H4,840,2016,842860,      0.00,      0.00,      0.00,      0.00,0,1,0,0,1,1,U2 
H4,840,2016,842890,      0.00,      0.00,      0.00,      0.00,0,1,0,0,1,1,U2 
H4,840,2016,842911,      0.00,      0.00,      0.00,      0.00,0,1,0,0,1,1,U2 
H4,840,2016,842919,      0.00,      0.00,      0.00,      0.00,0,1,0,0,1,1,U2 
H4,840,2016,842920,      0.00,      0.00,      0.00,      0.00,0,1,0,0,1,1,U2 
H4,840,2016,842930,      0.00,      0.00,      0.00,      0.00,0,1,0,0,1,1,U2 
H4,840,2016,842940,      0.00,      0.00,      0.00,      0.00,0,1,0,0,1,1,U2 
H4,840,2016,842951,      0.00,      0.00,      0.00,      0.00,0,2,0,0,2,2,U2 
H4,840,2016,842952,      0.00,      0.00,      0.00,      0.00,0,2,0,0,2,2,U2 
H4,840,2016,842959,      0.00,      0.00,      0.00,      0.00,0,2,0,0,2,2,U2 
H4,840,2016,843010,      0.00,      0.00,      0.00,      0.00,0,1,0,0,1,1,U2 
H4,840,2016,843020,      0.00,      0.00,      0.00,      0.00,0,1,0,0,1,1,U2 
H4,840,2016,843031,      0.00,      0.00,      0.00,      0.00,0,1,0,0,1,1,U2 
H4,840,2016,843039,      0.00,      0.00,      0.00,      0.00,0,1,0,0,1,1,U2 
H4,840,2016,843041,      0.00,      0.00,      0.00,      0.00,0,1,0,0,1,1,U2 
H4,840,2016,843049,      0.00,      0.00,      0.00,      0.00,0,2,0,0,2,2,U2 
H4,840,2016,843050,      0.00,      0.00,      0.00,      0.00,0,2,0,0,2,2,U2 
H4,840,2016,843061,      0.00,      0.00,      0.00,      0.00,0,1,0,0,1,1,U2 
H4,840,2016,843069,      0.00,      0.00,      0.00,      0.00,0,1,0,0,1,1,U2 
H4,840,2016,843110,      0.00,      0.00,      0.00,      0.00,0,1,0,0,1,1,U2 
H4,840,2016,843120,      0.00,      0.00,      0.00,      0.00,0,1,0,0,1,1,U2 
H4,840,2016,843131,      0.00,      0.00,      0.00,      0.00,0,1,0,0,1,1,U2 
H4,840,2016,843139,      0.00,      0.00,      0.00,      0.00,0,1,0,0,1,1,U2 
H4,840,2016,843141,      0.00,      0.00,      0.00,      0.00,0,1,0,0,1,1,U2 
H4,840,2016,843142,      0.00,      0.00,      0.00,      0.00,0,1,0,0,1,1,U2 
H4,840,2016,843143,      0.00,      0.00,      0.00,      0.00,0,2,0,0,2,2,U2 
H4,840,2016,843149,      0.00,      0.00,      0.00,      0.00,0,2,0,0,2,2,U2 
H4,840,2016,843210,      0.00,      0.00,      0.00,      0.00,0,1,0,0,1,1,U2 
H4,840,2016,843221,      0.00,      0.00,      0.00,      0.00,0,1,0,0,1,1,U2 
H4,840,2016,843229,      0.00,      0.00,      0.00,      0.00,0,1,0,0,1,1,U2 
H4,840,2016,843230,      0.00,      0.00,      0.00,      0.00,0,1,0,0,1,1,U2 
H4,840,2016,843240,      0.00,      0.00,      0.00,      0.00,0,1,0,0,1,1,U2 
H4,840,2016,843280,      0.00,      0.00,      0.00,      0.00,0,1,0,0,1,1,U2 
H4,840,2016,843290,      0.00,      0.00,      0.00,      0.00,0,1,0,0,1,1,U2 
H4,840,2016,843311,      0.00,      0.00,      0.00,      0.00,0,1,0,0,1,1,U2 
H4,840,2016,843319,      0.00,      0.00,      0.00,      0.00,0,1,0,0,1,1,U2 
H4,840,2016,843320,      0.00,      0.00,      0.00,      0.00,0,1,0,0,1,1,U2 
H4,840,2016,843330,      0.00,      0.00,      0.00,      0.00,0,1,0,0,1,1,U2 
H4,840,2016,843340,      0.00,      0.00,      0.00,      0.00,0,1,0,0,1,1,U2 
H4,840,2016,843351,      0.00,      0.00,      0.00,      0.00,0,1,0,0,1,1,U2 
H4,840,2016,843352,      0.00,      0.00,      0.00,      0.00,0,1,0,0,1,1,U2 
H4,840,2016,843353,      0.00,      0.00,      0.00,      0.00,0,1,0,0,1,1,U2 
H4,840,2016,843359,      0.00,      0.00,      0.00,      0.00,0,1,0,0,1,1,U2 
H4,840,2016,843360,      0.00,      0.00,      0.00,      0.00,0,1,0,0,1,1,U2 
H4,840,2016,843390,      0.00,      0.00,      0.00,      0.00,0,2,0,0,2,2,U2 
H4,840,2016,843410,      0.00,      0.00,      0.00,      0.00,0,1,0,0,1,1,U2 
H4,840,2016,843420,      0.00,      0.00,      0.00,      0.00,0,1,0,0,1,1,U2 
H4,840,2016,843490,      0.00,      0.00,      0.00,      0.00,0,1,0,0,1,1,U2 
H4,840,2016,843510,      0.00,      0.00,      0.00,      0.00,0,1,0,0,1,1,U2 
H4,840,2016,843590,      0.00,      0.00,      0.00,      0.00,0,1,0,0,1,1,U2 
H4,840,2016,843610,      0.00,      0.00,      0.00,      0.00,0,1,0,0,1,1,U2 
H4,840,2016,843621,      0.00,      0.00,      0.00,      0.00,0,1,0,0,1,1,U2 
H4,840,2016,843629,      0.00,      0.00,      0.00,      0.00,0,1,0,0,1,1,U2 
H4,840,2016,843680,      0.00,      0.00,      0.00,      0.00,0,1,0,0,1,1,U2 
H4,840,2016,843691,      0.00,      0.00,      0.00,      0.00,0,1,0,0,1,1,U2 
H4,840,2016,843699,      0.00,      0.00,      0.00,      0.00,0,1,0,0,1,1,U2 
H4,840,2016,843710,      0.00,      0.00,      0.00,      0.00,0,1,0,0,1,1,U2 
H4,840,2016,843780,      0.00,      0.00,      0.00,      0.00,0,1,0,0,1,1,U2 
H4,840,2016,843790,      0.00,      0.00,      0.00,      0.00,0,1,0,0,1,1,U2 
H4,840,2016,843810,      0.00,      0.00,      0.00,      0.00,0,1,0,0,1,1,U2 
H4,840,2016,843820,      0.00,      0.00,      0.00,      0.00,0,1,0,0,1,1,U2 
H4,840,2016,843830,      0.00,      0.00,      0.00,      0.00,0,1,0,0,1,1,U2 
H4,840,2016,843840,      2.30,      2.30,      2.30,      2.30,0,0,0,1,1,1,U2 
H4,840,2016,843850,      2.80,      2.80,      2.80,      2.80,0,0,0,1,1,1,U2 
H4,840,2016,843860,      0.00,      0.00,      0.00,      0.00,0,1,0,0,1,1,U2 
H4,840,2016,843880,      0.00,      0.00,      0.00,      0.00,0,1,0,0,1,1,U2 
H4,840,2016,843890,      2.80,      0.00,      2.80,      1.40,0,1,0,1,2,2,U2 
H4,840,2016,843910,      0.00,      0.00,      0.00,      0.00,0,1,0,0,1,1,U2 
H4,840,2016,843920,      0.00,      0.00,      0.00,      0.00,0,1,0,0,1,1,U2 
H4,840,2016,843930,      0.00,      0.00,      0.00,      0.00,0,1,0,0,1,1,U2 
H4,840,2016,843991,      0.00,      0.00,      0.00,      0.00,0,2,0,0,2,2,U2 
H4,840,2016,843999,      0.00,      0.00,      0.00,      0.00,0,2,0,0,2,2,U2 
H4,840,2016,844010,      0.00,      0.00,      0.00,      0.00,0,1,0,0,1,1,U2 
H4,840,2016,844090,      0.00,      0.00,      0.00,      0.00,0,1,0,0,1,1,U2 
H4,840,2016,844110,      0.00,      0.00,      0.00,      0.00,0,1,0,0,1,1,U2 
H4,840,2016,844120,      0.00,      0.00,      0.00,      0.00,0,1,0,0,1,1,U2 
H4,840,2016,844130,      0.00,      0.00,      0.00,      0.00,0,1,0,0,1,1,U2 
H4,840,2016,844140,      0.00,      0.00,      0.00,      0.00,0,1,0,0,1,1,U2 
H4,840,2016,844180,      0.00,      0.00,      0.00,      0.00,0,1,0,0,1,1,U2 
H4,840,2016,844190,      0.00,      0.00,      0.00,      0.00,0,1,0,0,1,1,U2 
H4,840,2016,844230,      0.00,      0.00,      0.00,      0.00,0,1,0,0,1,1,U2 
H4,840,2016,844240,      0.00,      0.00,      0.00,      0.00,0,1,0,0,1,1,U2 
H4,840,2016,844250,      4.00,      0.00,      4.00,      2.00,0,1,0,1,2,2,U2 
H4,840,2016,844311,      3.30,      0.00,      3.30,      1.65,0,1,0,1,2,2,U2 
H4,840,2016,844312,      0.00,      0.00,      0.00,      0.00,0,1,0,0,1,1,U2 
H4,840,2016,844313,      0.00,      0.00,      0.00,      0.00,0,1,0,0,1,1,U2 
H4,840,2016,844314,      2.20,      2.20,      2.20,      2.20,0,0,0,1,1,1,U2 
H4,840,2016,844315,      0.00,      0.00,      0.00,      0.00,0,1,0,0,1,1,U2 
H4,840,2016,844316,      2.20,      2.20,      2.20,      2.20,0,0,0,1,1,1,U2 
H4,840,2016,844317,      2.20,      2.20,      2.20,      2.20,0,0,0,1,1,1,U2 
H4,840,2016,844319,      2.60,      0.00,      2.60,      1.30,0,1,0,1,2,2,U2 
H4,840,2016,844331,      0.00,      0.00,      0.00,      0.00,0,1,0,0,1,1,U2 
H4,840,2016,844332,      0.00,      0.00,      0.00,      0.00,0,2,0,0,2,2,U2 
H4,840,2016,844339,      7.30,      0.00,      3.70,      1.04,0,4,0,3,7,7,U2 
H4,840,2016,844391,      2.60,      0.00,      2.60,      0.87,0,2,0,1,3,3,U2 
H4,840,2016,844399,      0.00,      0.00,      0.00,      0.00,0,8,0,0,8,8,U2 
H4,840,2016,844400,      0.00,      0.00,      0.00,      0.00,0,1,0,0,1,1,U2 
H4,840,2016,844511,      0.00,      0.00,      0.00,      0.00,0,1,0,0,1,1,U2 
H4,840,2016,844512,      0.00,      0.00,      0.00,      0.00,0,1,0,0,1,1,U2 
H4,840,2016,844513,      0.00,      0.00,      0.00,      0.00,0,1,0,0,1,1,U2 
H4,840,2016,844519,      3.30,      3.30,      3.30,      3.30,0,0,0,1,1,1,U2 
H4,840,2016,844520,      0.00,      0.00,      0.00,      0.00,0,1,0,0,1,1,U2 
H4,840,2016,844530,      0.00,      0.00,      0.00,      0.00,0,1,0,0,1,1,U2 
H4,840,2016,844540,      3.70,      3.70,      3.70,      3.70,0,0,0,1,1,1,U2 
H4,840,2016,844590,      3.70,      3.70,      3.70,      3.70,0,0,0,1,1,1,U2 
H4,840,2016,844610,      0.00,      0.00,      0.00,      0.00,0,1,0,0,1,1,U2 
H4,840,2016,844621,      3.70,      0.00,      3.70,      1.85,0,1,0,1,2,2,U2 
H4,840,2016,844629,      0.00,      0.00,      0.00,      0.00,0,1,0,0,1,1,U2 
H4,840,2016,844630,      3.70,      0.00,      3.70,      1.85,0,1,0,1,2,2,U2 
H4,840,2016,844711,      0.00,      0.00,      0.00,      0.00,0,2,0,0,2,2,U2 
H4,840,2016,844712,      0.00,      0.00,      0.00,      0.00,0,2,0,0,2,2,U2 
H4,840,2016,844720,      2.60,      0.00,      2.60,      0.65,0,3,0,1,4,4,U2 
H4,840,2016,844790,      0.00,      0.00,      0.00,      0.00,0,3,0,0,3,3,U2 
H4,840,2016,844811,      0.00,      0.00,      0.00,      0.00,0,1,0,0,1,1,U2 
H4,840,2016,844819,      0.00,      0.00,      0.00,      0.00,0,1,0,0,1,1,U2 
H4,840,2016,844820,      7.00,      3.30,      3.70,      3.50,0,0,0,2,2,2,U2 
H4,840,2016,844831,      3.30,      3.30,      3.30,      3.30,0,0,0,1,1,1,U2 
H4,840,2016,844832,      0.00,      0.00,      0.00,      0.00,0,1,0,0,1,1,U2 
H4,840,2016,844833,      3.30,      3.30,      3.30,      3.30,0,0,0,1,1,1,U2 
H4,840,2016,844839,      3.70,      0.00,      3.70,      1.23,0,2,0,1,3,3,U2 
H4,840,2016,844842,      3.70,      3.70,      3.70,      3.70,0,0,0,1,1,1,U2 
H4,840,2016,844849,      3.70,      0.00,      3.70,      1.85,0,1,0,1,2,2,U2 
H4,840,2016,844851,      0.00,      0.00,      0.00,      0.00,0,4,0,0,4,4,U2 
H4,840,2016,844859,      0.00,      0.00,      0.00,      0.00,0,2,0,0,2,2,U2 
H4,840,2016,844900,      2.60,      0.00,      2.60,      1.30,0,1,0,1,2,2,U2 
H4,840,2016,845011,      1.40,      1.40,      1.40,      1.40,0,0,0,1,1,1,U2 
H4,840,2016,845012,      2.60,      2.60,      2.60,      2.60,0,0,0,1,1,1,U2 
H4,840,2016,845019,      1.80,      1.80,      1.80,      1.80,0,0,0,1,1,1,U2 
H4,840,2016,845020,      1.00,      1.00,      1.00,      1.00,0,0,0,1,1,1,U2 
H4,840,2016,845090,      7.80,      2.60,      2.60,      2.60,0,0,0,3,3,3,U2 
H4,840,2016,845110,      0.00,      0.00,      0.00,      0.00,0,1,0,0,1,1,U2 
H4,840,2016,845121,      3.40,      3.40,      3.40,      3.40,0,0,0,1,1,1,U2 
H4,840,2016,845129,      2.60,      2.60,      2.60,      2.60,0,0,0,1,1,1,U2 
H4,840,2016,845130,      0.00,      0.00,      0.00,      0.00,0,1,0,0,1,1,U2 
H4,840,2016,845140,      3.50,      3.50,      3.50,      3.50,0,0,0,1,1,1,U2 
H4,840,2016,845150,      0.00,      0.00,      0.00,      0.00,0,1,0,0,1,1,U2 
H4,840,2016,845180,      3.50,      3.50,      3.50,      3.50,0,0,0,1,1,1,U2 
H4,840,2016,845190,     10.50,      3.50,      3.50,      3.50,0,0,0,3,3,3,U2 
H4,840,2016,845210,      0.00,      0.00,      0.00,      0.00,0,1,0,0,1,1,U2 
H4,840,2016,845221,      0.00,      0.00,      0.00,      0.00,0,2,0,0,2,2,U2 
H4,840,2016,845229,      0.00,      0.00,      0.00,      0.00,0,2,0,0,2,2,U2 
H4,840,2016,845230,      0.00,      0.00,      0.00,      0.00,0,1,0,0,1,1,U2 
H4,840,2016,845290,      2.50,      0.00,      2.50,      1.25,0,1,0,1,2,2,U2 
H4,840,2016,845310,      0.00,      0.00,      0.00,      0.00,0,1,0,0,1,1,U2 
H4,840,2016,845320,      0.00,      0.00,      0.00,      0.00,0,1,0,0,1,1,U2 
H4,840,2016,845380,      0.00,      0.00,      0.00,      0.00,0,1,0,0,1,1,U2 
H4,840,2016,845390,      0.00,      0.00,      0.00,      0.00,0,2,0,0,2,2,U2 
H4,840,2016,845410,      0.00,      0.00,      0.00,      0.00,0,1,0,0,1,1,U2 
H4,840,2016,845420,      0.00,      0.00,      0.00,      0.00,0,1,0,0,1,1,U2 
H4,840,2016,845430,      0.00,      0.00,      0.00,      0.00,0,1,0,0,1,1,U2 
H4,840,2016,845490,      0.00,      0.00,      0.00,      0.00,0,1,0,0,1,1,U2 
H4,840,2016,845510,      0.00,      0.00,      0.00,      0.00,0,1,0,0,1,1,U2 
H4,840,2016,845521,      0.00,      0.00,      0.00,      0.00,0,1,0,0,1,1,U2 
H4,840,2016,845522,      0.00,      0.00,      0.00,      0.00,0,1,0,0,1,1,U2 
H4,840,2016,845530,      0.00,      0.00,      0.00,      0.00,0,1,0,0,1,1,U2 
H4,840,2016,845590,      0.00,      0.00,      0.00,      0.00,0,2,0,0,2,2,U2 
H4,840,2016,845610,      5.90,      2.40,      3.50,      2.95,0,0,0,2,2,2,U2 
H4,840,2016,845620,      5.90,      2.40,      3.50,      2.95,0,0,0,2,2,2,U2 
H4,840,2016,845630,      5.90,      2.40,      3.50,      2.95,0,0,0,2,2,2,U2 
H4,840,2016,845690,      8.20,      2.20,      3.50,      2.73,0,0,0,3,3,3,U2 
H4,840,2016,845710,      4.20,      4.20,      4.20,      4.20,0,0,0,1,1,1,U2 
H4,840,2016,845720,      3.30,      3.30,      3.30,      3.30,0,0,0,1,1,1,U2 
H4,840,2016,845730,      3.30,      3.30,      3.30,      3.30,0,0,0,1,1,1,U2 
H4,840,2016,845811,      4.40,      4.40,      4.40,      4.40,0,0,0,1,1,1,U2 
H4,840,2016,845819,      4.40,      4.40,      4.40,      4.40,0,0,0,1,1,1,U2 
H4,840,2016,845891,      8.60,      4.20,      4.40,      4.30,0,0,0,2,2,2,U2 
H4,840,2016,845899,      8.60,      4.20,      4.40,      4.30,0,0,0,2,2,2,U2 
H4,840,2016,845910,      3.30,      3.30,      3.30,      3.30,0,0,0,1,1,1,U2 
H4,840,2016,845921,      4.20,      4.20,      4.20,      4.20,0,0,0,1,1,1,U2 
H4,840,2016,845929,      4.20,      4.20,      4.20,      4.20,0,0,0,1,1,1,U2 
H4,840,2016,845931,      4.20,      4.20,      4.20,      4.20,0,0,0,1,1,1,U2 
H4,840,2016,845939,      4.20,      4.20,      4.20,      4.20,0,0,0,1,1,1,U2 
H4,840,2016,845940,      4.20,      4.20,      4.20,      4.20,0,0,0,1,1,1,U2 
H4,840,2016,845951,      4.20,      4.20,      4.20,      4.20,0,0,0,1,1,1,U2 
H4,840,2016,845959,      4.20,      4.20,      4.20,      4.20,0,0,0,1,1,1,U2 
H4,840,2016,845961,      4.20,      4.20,      4.20,      4.20,0,0,0,1,1,1,U2 
H4,840,2016,845969,      4.20,      4.20,      4.20,      4.20,0,0,0,1,1,1,U2 
H4,840,2016,845970,      8.40,      4.20,      4.20,      4.20,0,0,0,2,2,2,U2 
H4,840,2016,846011,      4.40,      4.40,      4.40,      4.40,0,0,0,1,1,1,U2 
H4,840,2016,846019,      4.40,      4.40,      4.40,      4.40,0,0,0,1,1,1,U2 
H4,840,2016,846021,      4.40,      4.40,      4.40,      4.40,0,0,0,1,1,1,U2 
H4,840,2016,846029,      4.40,      4.40,      4.40,      4.40,0,0,0,1,1,1,U2 
H4,840,2016,846031,      4.40,      4.40,      4.40,      4.40,0,0,0,1,1,1,U2 
H4,840,2016,846039,      4.40,      4.40,      4.40,      4.40,0,0,0,1,1,1,U2 
H4,840,2016,846040,      8.80,      4.40,      4.40,      4.40,0,0,0,2,2,2,U2 
H4,840,2016,846090,      8.80,      4.40,      4.40,      4.40,0,0,0,2,2,2,U2 
H4,840,2016,846120,      8.80,      4.40,      4.40,      4.40,0,0,0,2,2,2,U2 
H4,840,2016,846130,      8.80,      4.40,      4.40,      4.40,0,0,0,2,2,2,U2 
H4,840,2016,846140,     10.20,      4.40,      5.80,      5.10,0,0,0,2,2,2,U2 
H4,840,2016,846150,      8.80,      4.40,      4.40,      4.40,0,0,0,2,2,2,U2 
H4,840,2016,846190,      8.80,      4.40,      4.40,      4.40,0,0,0,2,2,2,U2 
H4,840,2016,846210,      4.40,      4.40,      4.40,      4.40,0,0,0,1,1,1,U2 
H4,840,2016,846221,      4.40,      4.40,      4.40,      4.40,0,0,0,1,1,1,U2 
H4,840,2016,846229,      4.40,      4.40,      4.40,      4.40,0,0,0,1,1,1,U2 
H4,840,2016,846231,      4.40,      4.40,      4.40,      4.40,0,0,0,1,1,1,U2 
H4,840,2016,846239,      4.40,      4.40,      4.40,      4.40,0,0,0,1,1,1,U2 
H4,840,2016,846241,      4.40,      4.40,      4.40,      4.40,0,0,0,1,1,1,U2 
H4,840,2016,846249,      4.40,      4.40,      4.40,      4.40,0,0,0,1,1,1,U2 
H4,840,2016,846291,      8.80,      4.40,      4.40,      4.40,0,0,0,2,2,2,U2 
H4,840,2016,846299,      8.80,      4.40,      4.40,      4.40,0,0,0,2,2,2,U2 
H4,840,2016,846310,      4.40,      4.40,      4.40,      4.40,0,0,0,1,1,1,U2 
H4,840,2016,846320,      4.40,      4.40,      4.40,      4.40,0,0,0,1,1,1,U2 
H4,840,2016,846330,      4.40,      4.40,      4.40,      4.40,0,0,0,1,1,1,U2 
H4,840,2016,846390,      4.40,      4.40,      4.40,      4.40,0,0,0,1,1,1,U2 
H4,840,2016,846410,      0.00,      0.00,      0.00,      0.00,0,1,0,0,1,1,U2 
H4,840,2016,846420,      2.00,      2.00,      2.00,      2.00,0,0,0,1,1,1,U2 
H4,840,2016,846490,      2.00,      2.00,      2.00,      2.00,0,0,0,1,1,1,U2 
H4,840,2016,846510,      2.40,      2.40,      2.40,      2.40,0,0,0,1,1,1,U2 
H4,840,2016,846591,      3.00,      3.00,      3.00,      3.00,0,0,0,1,1,1,U2 
H4,840,2016,846592,      3.00,      3.00,      3.00,      3.00,0,0,0,1,1,1,U2 
H4,840,2016,846593,      3.00,      3.00,      3.00,      3.00,0,0,0,1,1,1,U2 
H4,840,2016,846594,      2.90,      2.90,      2.90,      2.90,0,0,0,1,1,1,U2 
H4,840,2016,846595,      3.00,      3.00,      3.00,      3.00,0,0,0,1,1,1,U2 
H4,840,2016,846596,      2.40,      2.40,      2.40,      2.40,0,0,0,1,1,1,U2 
H4,840,2016,846599,      2.40,      2.40,      2.40,      2.40,0,0,0,1,1,1,U2 
H4,840,2016,846610,      3.90,      3.90,      3.90,      3.90,0,0,0,1,1,1,U2 
H4,840,2016,846620,      8.30,      3.70,      4.60,      4.15,0,0,0,2,2,2,U2 
H4,840,2016,846630,     14.60,      2.90,      8.00,      4.87,0,0,0,3,3,3,U2 
H4,840,2016,846691,      0.00,      0.00,      0.00,      0.00,0,2,0,0,2,2,U2 
H4,840,2016,846692,      4.70,      0.00,      4.70,      2.35,0,1,0,1,2,2,U2 
H4,840,2016,846693,     21.00,      0.00,      5.80,      3.00,0,3,0,4,7,7,U2 
H4,840,2016,846694,      9.40,      0.00,      4.70,      2.35,0,2,0,2,4,4,U2 
H4,840,2016,846711,      4.50,      0.00,      4.50,      2.25,0,1,0,1,2,2,U2 
H4,840,2016,846719,      4.50,      0.00,      4.50,      2.25,0,1,0,1,2,2,U2 
H4,840,2016,846721,      1.70,      1.70,      1.70,      1.70,0,0,0,1,1,1,U2 
H4,840,2016,846722,      0.00,      0.00,      0.00,      0.00,0,1,0,0,1,1,U2 
H4,840,2016,846729,      0.00,      0.00,      0.00,      0.00,0,1,0,0,1,1,U2 
H4,840,2016,846781,      0.00,      0.00,      0.00,      0.00,0,1,0,0,1,1,U2 
H4,840,2016,846789,      0.00,      0.00,      0.00,      0.00,0,2,0,0,2,2,U2 
H4,840,2016,846791,      0.00,      0.00,      0.00,      0.00,0,1,0,0,1,1,U2 
H4,840,2016,846792,      0.00,      0.00,      0.00,      0.00,0,1,0,0,1,1,U2 
H4,840,2016,846799,      0.00,      0.00,      0.00,      0.00,0,1,0,0,1,1,U2 
H4,840,2016,846810,      2.90,      2.90,      2.90,      2.90,0,0,0,1,1,1,U2 
H4,840,2016,846820,      3.90,      0.00,      3.90,      1.95,0,1,0,1,2,2,U2 
H4,840,2016,846880,      2.90,      0.00,      2.90,      1.45,0,1,0,1,2,2,U2 
H4,840,2016,846890,      2.90,      0.00,      2.90,      1.45,0,1,0,1,2,2,U2 
H4,840,2016,846900,      0.00,      0.00,      0.00,      0.00,0,1,0,0,1,1,U2 
H4,840,2016,847010,      0.00,      0.00,      0.00,      0.00,0,1,0,0,1,1,U2 
H4,840,2016,847021,      0.00,      0.00,      0.00,      0.00,0,1,0,0,1,1,U2 
H4,840,2016,847029,      0.00,      0.00,      0.00,      0.00,0,1,0,0,1,1,U2 
H4,840,2016,847030,      0.00,      0.00,      0.00,      0.00,0,1,0,0,1,1,U2 
H4,840,2016,847050,      0.00,      0.00,      0.00,      0.00,0,1,0,0,1,1,U2 
H4,840,2016,847090,      0.00,      0.00,      0.00,      0.00,0,1,0,0,1,1,U2 
H4,840,2016,847130,      0.00,      0.00,      0.00,      0.00,0,1,0,0,1,1,U2 
H4,840,2016,847141,      0.00,      0.00,      0.00,      0.00,0,1,0,0,1,1,U2 
H4,840,2016,847149,      0.00,      0.00,      0.00,      0.00,0,1,0,0,1,1,U2 
H4,840,2016,847150,      0.00,      0.00,      0.00,      0.00,0,1,0,0,1,1,U2 
H4,840,2016,847160,      0.00,      0.00,      0.00,      0.00,0,5,0,0,5,5,U2 
H4,840,2016,847170,      0.00,      0.00,      0.00,      0.00,0,7,0,0,7,7,U2 
H4,840,2016,847180,      0.00,      0.00,      0.00,      0.00,0,3,0,0,3,3,U2 
H4,840,2016,847190,      0.00,      0.00,      0.00,      0.00,0,1,0,0,1,1,U2 
H4,840,2016,847210,      1.60,      1.60,      1.60,      1.60,0,0,0,1,1,1,U2 
H4,840,2016,847230,      1.80,      1.80,      1.80,      1.80,0,0,0,1,1,1,U2 
H4,840,2016,847290,      6.50,      0.00,      2.60,      1.30,0,2,0,3,5,5,U2 
H4,840,2016,847310,      6.00,      0.00,      2.00,      1.50,0,1,0,3,4,4,U2 
H4,840,2016,847321,      0.00,      0.00,      0.00,      0.00,0,1,0,0,1,1,U2 
H4,840,2016,847329,      0.00,      0.00,      0.00,      0.00,0,1,0,0,1,1,U2 
H4,840,2016,847330,      0.00,      0.00,      0.00,      0.00,0,4,0,0,4,4,U2 
H4,840,2016,847340,      1.90,      0.00,      1.90,      0.95,0,1,0,1,2,2,U2 
H4,840,2016,847350,      0.00,      0.00,      0.00,      0.00,0,3,0,0,3,3,U2 
H4,840,2016,847410,      0.00,      0.00,      0.00,      0.00,0,1,0,0,1,1,U2 
H4,840,2016,847420,      0.00,      0.00,      0.00,      0.00,0,1,0,0,1,1,U2 
H4,840,2016,847431,      0.00,      0.00,      0.00,      0.00,0,1,0,0,1,1,U2 
H4,840,2016,847432,      0.00,      0.00,      0.00,      0.00,0,1,0,0,1,1,U2 
H4,840,2016,847439,      0.00,      0.00,      0.00,      0.00,0,1,0,0,1,1,U2 
H4,840,2016,847480,      0.00,      0.00,      0.00,      0.00,0,1,0,0,1,1,U2 
H4,840,2016,847490,      0.00,      0.00,      0.00,      0.00,0,1,0,0,1,1,U2 
H4,840,2016,847510,      0.00,      0.00,      0.00,      0.00,0,1,0,0,1,1,U2 
H4,840,2016,847521,      0.00,      0.00,      0.00,      0.00,0,1,0,0,1,1,U2 
H4,840,2016,847529,      0.00,      0.00,      0.00,      0.00,0,1,0,0,1,1,U2 
H4,840,2016,847590,      0.00,      0.00,      0.00,      0.00,0,2,0,0,2,2,U2 
H4,840,2016,847621,      0.00,      0.00,      0.00,      0.00,0,1,0,0,1,1,U2 
H4,840,2016,847629,      0.00,      0.00,      0.00,      0.00,0,1,0,0,1,1,U2 
H4,840,2016,847681,      0.00,      0.00,      0.00,      0.00,0,1,0,0,1,1,U2 
H4,840,2016,847689,      0.00,      0.00,      0.00,      0.00,0,1,0,0,1,1,U2 
H4,840,2016,847690,      0.00,      0.00,      0.00,      0.00,0,1,0,0,1,1,U2 
H4,840,2016,847710,      3.10,      0.00,      3.10,      1.03,0,2,0,1,3,3,U2 
H4,840,2016,847720,      3.10,      3.10,      3.10,      3.10,0,0,0,1,1,1,U2 
H4,840,2016,847730,      3.10,      3.10,      3.10,      3.10,0,0,0,1,1,1,U2 
H4,840,2016,847740,      3.10,      3.10,      3.10,      3.10,0,0,0,1,1,1,U2 
H4,840,2016,847751,      3.10,      3.10,      3.10,      3.10,0,0,0,1,1,1,U2 
H4,840,2016,847759,      3.10,      3.10,      3.10,      3.10,0,0,0,1,1,1,U2 
H4,840,2016,847780,      3.10,      3.10,      3.10,      3.10,0,0,0,1,1,1,U2 
H4,840,2016,847790,     12.40,      3.10,      3.10,      3.10,0,0,0,4,4,4,U2 
H4,840,2016,847810,      0.00,      0.00,      0.00,      0.00,0,1,0,0,1,1,U2 
H4,840,2016,847890,      0.00,      0.00,      0.00,      0.00,0,1,0,0,1,1,U2 
H4,840,2016,847910,      0.00,      0.00,      0.00,      0.00,0,1,0,0,1,1,U2 
H4,840,2016,847920,      0.00,      0.00,      0.00,      0.00,0,1,0,0,1,1,U2 
H4,840,2016,847930,      0.00,      0.00,      0.00,      0.00,0,1,0,0,1,1,U2 
H4,840,2016,847940,      0.00,      0.00,      0.00,      0.00,0,1,0,0,1,1,U2 
H4,840,2016,847950,      2.50,      2.50,      2.50,      2.50,0,0,0,1,1,1,U2 
H4,840,2016,847960,      2.80,      2.80,      2.80,      2.80,0,0,0,1,1,1,U2 
H4,840,2016,847971,      0.00,      0.00,      0.00,      0.00,0,1,0,0,1,1,U2 
H4,840,2016,847979,      0.00,      0.00,      0.00,      0.00,0,1,0,0,1,1,U2 
H4,840,2016,847981,      0.00,      0.00,      0.00,      0.00,0,1,0,0,1,1,U2 
H4,840,2016,847982,      0.00,      0.00,      0.00,      0.00,0,1,0,0,1,1,U2 
H4,840,2016,847989,      8.10,      0.00,      2.80,      1.16,0,4,0,3,7,7,U2 
H4,840,2016,847990,      0.00,      0.00,      0.00,      0.00,0,7,0,0,7,7,U2 
H4,840,2016,848010,      3.80,      3.80,      3.80,      3.80,0,0,0,1,1,1,U2 
H4,840,2016,848020,      3.40,      3.40,      3.40,      3.40,0,0,0,1,1,1,U2 
H4,840,2016,848030,      2.80,      2.80,      2.80,      2.80,0,0,0,1,1,1,U2 
H4,840,2016,848041,      3.10,      3.10,      3.10,      3.10,0,0,0,1,1,1,U2 
H4,840,2016,848049,      3.10,      3.10,      3.10,      3.10,0,0,0,1,1,1,U2 
H4,840,2016,848050,      0.00,      0.00,      0.00,      0.00,0,1,0,0,1,1,U2 
H4,840,2016,848060,      0.00,      0.00,      0.00,      0.00,0,1,0,0,1,1,U2 
H4,840,2016,848071,      3.10,      0.00,      3.10,      1.03,0,2,0,1,3,3,U2 
H4,840,2016,848079,      3.10,      0.00,      3.10,      1.55,0,1,0,1,2,2,U2 
H4,840,2016,848110,      2.00,      2.00,      2.00,      2.00,0,0,0,1,1,1,U2 
H4,840,2016,848120,      2.00,      2.00,      2.00,      2.00,0,0,0,1,1,1,U2 
H4,840,2016,848130,     11.00,      3.00,      5.00,      3.67,0,0,0,3,3,3,U2 
H4,840,2016,848140,      2.00,      2.00,      2.00,      2.00,0,0,0,1,1,1,U2 
H4,840,2016,848180,     14.60,      2.00,      5.60,      3.65,0,0,0,4,4,4,U2 
H4,840,2016,848190,     11.00,      0.00,      5.00,      2.75,0,1,0,3,4,4,U2 
H4,840,2016,848210,     11.40,      2.40,      9.00,      5.70,0,0,0,2,2,2,U2 
H4,840,2016,848220,      5.80,      5.80,      5.80,      5.80,0,0,0,1,1,1,U2 
H4,840,2016,848230,      5.80,      5.80,      5.80,      5.80,0,0,0,1,1,1,U2 
H4,840,2016,848240,      5.80,      5.80,      5.80,      5.80,0,0,0,1,1,1,U2 
H4,840,2016,848250,      5.80,      5.80,      5.80,      5.80,0,0,0,1,1,1,U2 
H4,840,2016,848280,      5.80,      5.80,      5.80,      5.80,0,0,0,1,1,1,U2 
H4,840,2016,848291,      4.40,      4.40,      4.40,      4.40,0,0,0,1,1,1,U2 
H4,840,2016,848299,     43.00,      5.80,      9.90,      7.17,0,0,0,6,6,6,U2 
H4,840,2016,848310,      5.00,      0.00,      2.50,      1.67,0,1,0,2,3,3,U2 
H4,840,2016,848320,      9.00,      4.50,      4.50,      4.50,0,0,0,2,2,2,U2 
H4,840,2016,848330,      9.00,      4.50,      4.50,      4.50,0,0,0,2,2,2,U2 
H4,840,2016,848340,     15.09,      0.00,      6.29,      2.51,0,2,1,3,6,6,U2 
H4,840,2016,848350,     11.30,      2.80,      5.70,      3.77,0,0,0,3,3,3,U2 
H4,840,2016,848360,      5.60,      2.80,      2.80,      2.80,0,0,0,2,2,2,U2 
H4,840,2016,848390,     22.60,      2.50,      5.50,      3.77,0,0,0,6,6,6,U2 
H4,840,2016,848410,      2.50,      2.50,      2.50,      2.50,0,0,0,1,1,1,U2 
H4,840,2016,848420,      3.90,      3.90,      3.90,      3.90,0,0,0,1,1,1,U2 
H4,840,2016,848490,      2.50,      2.50,      2.50,      2.50,0,0,0,1,1,1,U2 
H4,840,2016,848610,      0.00,      0.00,      0.00,      0.00,0,1,0,0,1,1,U2 
H4,840,2016,848620,      0.00,      0.00,      0.00,      0.00,0,1,0,0,1,1,U2 
H4,840,2016,848630,      0.00,      0.00,      0.00,      0.00,0,1,0,0,1,1,U2 
H4,840,2016,848640,      0.00,      0.00,      0.00,      0.00,0,1,0,0,1,1,U2 
H4,840,2016,848690,      0.00,      0.00,      0.00,      0.00,0,1,0,0,1,1,U2 
H4,840,2016,848710,      0.00,      0.00,      0.00,      0.00,0,1,0,0,1,1,U2 
H4,840,2016,848790,      3.90,      3.90,      3.90,      3.90,0,0,0,1,1,1,U2 
H4,840,2016,850110,     13.90,      2.80,      6.70,      4.63,0,0,0,3,3,3,U2 
H4,840,2016,850120,     13.00,      2.40,      4.00,      3.25,0,0,0,4,4,4,U2 
H4,840,2016,850131,     15.00,      2.40,      4.00,      3.00,0,0,0,5,5,5,U2 
H4,840,2016,850132,      4.90,      0.00,      2.90,      1.23,0,2,0,2,4,4,U2 
H4,840,2016,850133,      8.10,      0.00,      2.80,      2.03,0,1,0,3,4,4,U2 
H4,840,2016,850134,      4.80,      2.00,      2.80,      2.40,0,0,0,2,2,2,U2 
H4,840,2016,850140,     14.30,      3.30,      4.00,      3.58,0,0,0,4,4,4,U2 
H4,840,2016,850151,     10.80,      2.50,      3.30,      2.70,0,0,0,4,4,4,U2 
H4,840,2016,850152,      3.70,      0.00,      3.70,      1.85,0,1,0,1,2,2,U2 
H4,840,2016,850153,      7.00,      0.00,      4.20,      2.33,0,1,0,2,3,3,U2 
H4,840,2016,850161,      2.50,      2.50,      2.50,      2.50,0,0,0,1,1,1,U2 
H4,840,2016,850162,      2.50,      2.50,      2.50,      2.50,0,0,0,1,1,1,U2 
H4,840,2016,850163,      2.50,      2.50,      2.50,      2.50,0,0,0,1,1,1,U2 
H4,840,2016,850164,      2.40,      2.40,      2.40,      2.40,0,0,0,1,1,1,U2 
H4,840,2016,850211,      2.50,      2.50,      2.50,      2.50,0,0,0,1,1,1,U2 
H4,840,2016,850212,      2.50,      2.50,      2.50,      2.50,0,0,0,1,1,1,U2 
H4,840,2016,850213,      2.00,      2.00,      2.00,      2.00,0,0,0,1,1,1,U2 
H4,840,2016,850220,      2.00,      2.00,      2.00,      2.00,0,0,0,1,1,1,U2 
H4,840,2016,850231,      2.50,      2.50,      2.50,      2.50,0,0,0,1,1,1,U2 
H4,840,2016,850239,      2.50,      2.50,      2.50,      2.50,0,0,0,1,1,1,U2 
H4,840,2016,850240,      3.00,      3.00,      3.00,      3.00,0,0,0,1,1,1,U2 
H4,840,2016,850300,     21.40,      0.00,      6.50,      3.06,0,2,0,5,7,7,U2 
H4,840,2016,850410,      3.00,      3.00,      3.00,      3.00,0,0,0,1,1,1,U2 
H4,840,2016,850421,      0.00,      0.00,      0.00,      0.00,0,1,0,0,1,1,U2 
H4,840,2016,850422,      0.00,      0.00,      0.00,      0.00,0,1,0,0,1,1,U2 
H4,840,2016,850423,      1.60,      1.60,      1.60,      1.60,0,0,0,1,1,1,U2 
H4,840,2016,850431,      8.20,      0.00,      6.60,      2.73,0,1,0,2,3,3,U2 
H4,840,2016,850432,      2.40,      2.40,      2.40,      2.40,0,0,0,1,1,1,U2 
H4,840,2016,850433,      1.60,      1.60,      1.60,      1.60,0,0,0,1,1,1,U2 
H4,840,2016,850434,      1.60,      1.60,      1.60,      1.60,0,0,0,1,1,1,U2 
H4,840,2016,850440,      3.00,      0.00,      1.50,      0.60,0,3,0,2,5,5,U2 
H4,840,2016,850450,      3.00,      0.00,      3.00,      1.50,0,1,0,1,2,2,U2 
H4,840,2016,850490,      4.80,      0.00,      2.40,      0.96,0,3,0,2,5,5,U2 
H4,840,2016,850511,      2.10,      2.10,      2.10,      2.10,0,0,0,1,1,1,U2 
H4,840,2016,850519,     14.70,      4.90,      4.90,      4.90,0,0,0,3,3,3,U2 
H4,840,2016,850520,      3.10,      3.10,      3.10,      3.10,0,0,0,1,1,1,U2 
H4,840,2016,850590,      1.30,      0.00,      1.30,      0.43,0,2,0,1,3,3,U2 
H4,840,2016,850610,      2.70,      2.70,      2.70,      2.70,0,0,0,1,1,1,U2 
H4,840,2016,850630,      5.40,      2.70,      2.70,      2.70,0,0,0,2,2,2,U2 
H4,840,2016,850640,      5.40,      2.70,      2.70,      2.70,0,0,0,2,2,2,U2 
H4,840,2016,850650,      2.70,      2.70,      2.70,      2.70,0,0,0,1,1,1,U2 
H4,840,2016,850660,      2.70,      2.70,      2.70,      2.70,0,0,0,1,1,1,U2 
H4,840,2016,850680,      2.70,      2.70,      2.70,      2.70,0,0,0,1,1,1,U2 
H4,840,2016,850690,      2.70,      2.70,      2.70,      2.70,0,0,0,1,1,1,U2 
H4,840,2016,850710,      3.50,      3.50,      3.50,      3.50,0,0,0,1,1,1,U2 
H4,840,2016,850720,      7.00,      3.50,      3.50,      3.50,0,0,0,2,2,2,U2 
H4,840,2016,850730,      5.00,      2.50,      2.50,      2.50,0,0,0,2,2,2,U2 
H4,840,2016,850740,      6.80,      3.40,      3.40,      3.40,0,0,0,2,2,2,U2 
H4,840,2016,850750,      3.40,      3.40,      3.40,      3.40,0,0,0,1,1,1,U2 
H4,840,2016,850760,      3.40,      3.40,      3.40,      3.40,0,0,0,1,1,1,U2 
H4,840,2016,850780,      6.80,      3.40,      3.40,      3.40,0,0,0,2,2,2,U2 
H4,840,2016,850790,      6.90,      3.40,      3.50,      3.45,0,0,0,2,2,2,U2 
H4,840,2016,850811,      0.00,      0.00,      0.00,      0.00,0,1,0,0,1,1,U2 
H4,840,2016,850819,      0.00,      0.00,      0.00,      0.00,0,1,0,0,1,1,U2 
H4,840,2016,850860,      0.00,      0.00,      0.00,      0.00,0,1,0,0,1,1,U2 
H4,840,2016,850870,      0.00,      0.00,      0.00,      0.00,0,1,0,0,1,1,U2 
H4,840,2016,850940,      4.20,      4.20,      4.20,      4.20,0,0,0,1,1,1,U2 
H4,840,2016,850980,      4.20,      0.00,      4.20,      1.40,0,2,0,1,3,3,U2 
H4,840,2016,850990,     15.20,      3.40,      4.20,      3.80,0,0,0,4,4,4,U2 
H4,840,2016,851010,      0.00,      0.00,      0.00,      0.00,0,1,0,0,1,1,U2 
H4,840,2016,851020,      8.00,      4.00,      4.00,      4.00,0,0,0,2,2,2,U2 
H4,840,2016,851030,      4.20,      4.20,      4.20,      4.20,0,0,0,1,1,1,U2 
H4,840,2016,851090,     12.20,      0.00,      4.20,      2.44,0,2,0,3,5,5,U2 
H4,840,2016,851110,      2.50,      2.50,      2.50,      2.50,0,0,0,1,1,1,U2 
H4,840,2016,851120,      2.50,      2.50,      2.50,      2.50,0,0,0,1,1,1,U2 
H4,840,2016,851130,      2.50,      2.50,      2.50,      2.50,0,0,0,1,1,1,U2 
H4,840,2016,851140,      2.50,      2.50,      2.50,      2.50,0,0,0,1,1,1,U2 
H4,840,2016,851150,      2.50,      2.50,      2.50,      2.50,0,0,0,1,1,1,U2 
H4,840,2016,851180,      5.00,      0.00,      2.50,      1.67,0,1,0,2,3,3,U2 
H4,840,2016,851190,      5.60,      0.00,      3.10,      1.87,0,1,0,2,3,3,U2 
H4,840,2016,851210,      2.70,      0.00,      2.70,      1.35,0,1,0,1,2,2,U2 
H4,840,2016,851220,      2.50,      0.00,      2.50,      1.25,0,1,0,1,2,2,U2 
H4,840,2016,851230,      2.50,      2.50,      2.50,      2.50,0,0,0,1,1,1,U2 
H4,840,2016,851240,      5.00,      2.50,      2.50,      2.50,0,0,0,2,2,2,U2 
H4,840,2016,851290,      7.50,      0.00,      2.50,      1.50,0,2,0,3,5,5,U2 
H4,840,2016,851310,     16.00,      3.50,     12.50,      8.00,0,0,0,2,2,2,U2 
H4,840,2016,851390,     16.00,      3.50,     12.50,      8.00,0,0,0,2,2,2,U2 
H4,840,2016,851410,      0.00,      0.00,      0.00,      0.00,0,1,0,0,1,1,U2 
H4,840,2016,851420,      8.20,      0.00,      4.20,      2.73,0,1,0,2,3,3,U2 
H4,840,2016,851430,      1.30,      1.30,      1.30,      1.30,0,0,0,1,1,1,U2 
H4,840,2016,851440,      0.00,      0.00,      0.00,      0.00,0,1,0,0,1,1,U2 
H4,840,2016,851490,      4.00,      0.00,      4.00,      2.00,0,1,0,1,2,2,U2 
H4,840,2016,851511,      2.50,      2.50,      2.50,      2.50,0,0,0,1,1,1,U2 
H4,840,2016,851519,      0.00,      0.00,      0.00,      0.00,0,1,0,0,1,1,U2 
H4,840,2016,851521,      0.00,      0.00,      0.00,      0.00,0,1,0,0,1,1,U2 
H4,840,2016,851529,      0.00,      0.00,      0.00,      0.00,0,1,0,0,1,1,U2 
H4,840,2016,851531,      1.60,      1.60,      1.60,      1.60,0,0,0,1,1,1,U2 
H4,840,2016,851539,      1.60,      1.60,      1.60,      1.60,0,0,0,1,1,1,U2 
H4,840,2016,851580,      0.00,      0.00,      0.00,      0.00,0,1,0,0,1,1,U2 
H4,840,2016,851590,      1.60,      0.00,      1.60,      0.80,0,1,0,1,2,2,U2 
H4,840,2016,851610,      0.00,      0.00,      0.00,      0.00,0,1,0,0,1,1,U2 
H4,840,2016,851621,      0.00,      0.00,      0.00,      0.00,0,1,0,0,1,1,U2 
H4,840,2016,851629,      3.70,      3.70,      3.70,      3.70,0,0,0,1,1,1,U2 
H4,840,2016,851631,      3.90,      3.90,      3.90,      3.90,0,0,0,1,1,1,U2 
H4,840,2016,851632,      3.90,      3.90,      3.90,      3.90,0,0,0,1,1,1,U2 
H4,840,2016,851633,      0.00,      0.00,      0.00,      0.00,0,1,0,0,1,1,U2 
H4,840,2016,851640,      2.80,      0.00,      2.80,      1.40,0,1,0,1,2,2,U2 
H4,840,2016,851650,      2.00,      2.00,      2.00,      2.00,0,0,0,1,1,1,U2 
H4,840,2016,851660,      2.70,      0.00,      2.70,      1.35,0,1,0,1,2,2,U2 
H4,840,2016,851671,      3.70,      3.70,      3.70,      3.70,0,0,0,1,1,1,U2 
H4,840,2016,851672,      5.30,      5.30,      5.30,      5.30,0,0,0,1,1,1,U2 
H4,840,2016,851679,      2.70,      2.70,      2.70,      2.70,0,0,0,1,1,1,U2 
H4,840,2016,851680,      0.00,      0.00,      0.00,      0.00,0,2,0,0,2,2,U2 
H4,840,2016,851690,     19.30,      0.00,      3.90,      1.61,0,7,0,5,12,12,U2 
H4,840,2016,851711,      0.00,      0.00,      0.00,      0.00,0,1,0,0,1,1,U2 
H4,840,2016,851712,      0.00,      0.00,      0.00,      0.00,0,1,0,0,1,1,U2 
H4,840,2016,851718,      0.00,      0.00,      0.00,      0.00,0,1,0,0,1,1,U2 
H4,840,2016,851761,      0.00,      0.00,      0.00,      0.00,0,1,0,0,1,1,U2 
H4,840,2016,851762,      0.00,      0.00,      0.00,      0.00,0,1,0,0,1,1,U2 
H4,840,2016,851769,      0.00,      0.00,      0.00,      0.00,0,1,0,0,1,1,U2 
H4,840,2016,851770,      0.00,      0.00,      0.00,      0.00,0,1,0,0,1,1,U2 
H4,840,2016,851810,      4.90,      0.00,      4.90,      2.45,0,1,0,1,2,2,U2 
H4,840,2016,851821,      4.90,      4.90,      4.90,      4.90,0,0,0,1,1,1,U2 
H4,840,2016,851822,      4.90,      4.90,      4.90,      4.90,0,0,0,1,1,1,U2 
H4,840,2016,851829,      4.90,      0.00,      4.90,      2.45,0,1,0,1,2,2,U2 
H4,840,2016,851830,      4.90,      0.00,      4.90,      2.45,0,1,0,1,2,2,U2 
H4,840,2016,851840,      4.90,      0.00,      4.90,      2.45,0,1,0,1,2,2,U2 
H4,840,2016,851850,      4.90,      4.90,      4.90,      4.90,0,0,0,1,1,1,U2 
H4,840,2016,851890,     13.40,      0.00,      8.50,      3.35,0,2,0,2,4,4,U2 
H4,840,2016,851920,      0.00,      0.00,      0.00,      0.00,0,1,0,0,1,1,U2 
H4,840,2016,851930,      3.90,      0.00,      3.90,      1.95,0,1,0,1,2,2,U2 
H4,840,2016,851950,      0.00,      0.00,      0.00,      0.00,0,1,0,0,1,1,U2 
H4,840,2016,851981,      7.60,      0.00,      3.90,      1.52,0,3,0,2,5,5,U2 
H4,840,2016,851989,      3.90,      0.00,      3.90,      1.30,0,2,0,1,3,3,U2 
H4,840,2016,852110,      0.00,      0.00,      0.00,      0.00,0,3,0,0,3,3,U2 
H4,840,2016,852190,      0.00,      0.00,      0.00,      0.00,0,1,0,0,1,1,U2 
H4,840,2016,852210,      3.90,      3.90,      3.90,      3.90,0,0,0,1,1,1,U2 
H4,840,2016,852290,     10.00,      0.00,      2.00,      1.67,0,1,0,5,6,6,U2 
H4,840,2016,852321,      0.00,      0.00,      0.00,      0.00,0,1,0,0,1,1,U2 
H4,840,2016,852329,      0.00,      0.00,      0.00,      0.00,4,5,0,0,5,9,U2 
H4,840,2016,852341,      0.00,      0.00,      0.00,      0.00,0,1,0,0,1,1,U2 
H4,840,2016,852349,      2.70,      0.00,      2.70,      0.68,0,3,0,1,4,4,U2 
H4,840,2016,852351,      0.00,      0.00,      0.00,      0.00,0,1,0,0,1,1,U2 
H4,840,2016,852352,      0.00,      0.00,      0.00,      0.00,0,1,0,0,1,1,U2 
H4,840,2016,852359,      0.00,      0.00,      0.00,      0.00,0,1,0,0,1,1,U2 
H4,840,2016,852380,      1.80,      0.00,      1.80,      0.90,0,1,0,1,2,2,U2 
H4,840,2016,852550,      4.80,      0.00,      3.00,      1.60,0,1,0,2,3,3,U2 
H4,840,2016,852560,      0.00,      0.00,      0.00,      0.00,0,2,0,0,2,2,U2 
H4,840,2016,852580,      8.40,      0.00,      2.10,      1.68,0,1,0,4,5,5,U2 
H4,840,2016,852610,      0.00,      0.00,      0.00,      0.00,0,1,0,0,1,1,U2 
H4,840,2016,852691,      0.00,      0.00,      0.00,      0.00,0,1,0,0,1,1,U2 
H4,840,2016,852692,      4.90,      0.00,      4.90,      2.45,0,1,0,1,2,2,U2 
H4,840,2016,852712,      0.00,      0.00,      0.00,      0.00,0,1,0,0,1,1,U2 
H4,840,2016,852713,      0.00,      0.00,      0.00,      0.00,0,4,0,0,4,4,U2 
H4,840,2016,852719,      3.00,      0.00,      3.00,      1.50,0,1,0,1,2,2,U2 
H4,840,2016,852721,      2.00,      0.00,      2.00,      1.00,0,1,0,1,2,2,U2 
H4,840,2016,852729,      8.80,      4.40,      4.40,      4.40,0,0,0,2,2,2,U2 
H4,840,2016,852791,      8.40,      0.00,      4.90,      2.10,0,1,0,3,4,4,U2 
H4,840,2016,852792,      3.00,      0.00,      3.00,      1.50,0,1,0,1,2,2,U2 
H4,840,2016,852799,      9.00,      0.00,      6.00,      3.00,0,1,0,2,3,3,U2 
H4,840,2016,852841,      0.00,      0.00,      0.00,      0.00,0,1,0,0,1,1,U2 
H4,840,2016,852849,     49.50,      0.00,      5.00,      3.30,0,4,0,11,15,15,U2 
H4,840,2016,852851,      0.00,      0.00,      0.00,      0.00,0,1,0,0,1,1,U2 
H4,840,2016,852859,     22.80,      0.00,      5.00,      1.75,0,8,0,5,13,13,U2 
H4,840,2016,852861,      0.00,      0.00,      0.00,      0.00,0,1,0,0,1,1,U2 
H4,840,2016,852869,     40.60,      0.00,      5.00,      3.12,0,4,0,9,13,13,U2 
H4,840,2016,852871,     13.90,      0.00,      5.00,      2.78,0,2,0,3,5,5,U2 
H4,840,2016,852872,     62.30,      0.00,      5.00,      2.83,0,8,0,14,22,22,U2 
H4,840,2016,852873,      5.00,      5.00,      5.00,      5.00,0,0,0,1,1,1,U2 
H4,840,2016,852910,      4.80,      0.00,      3.00,      1.60,0,1,0,2,3,3,U2 
H4,840,2016,852990,     71.40,      0.00,      4.00,      2.30,0,9,0,22,31,31,U2 
H4,840,2016,853010,      0.00,      0.00,      0.00,      0.00,0,1,0,0,1,1,U2 
H4,840,2016,853080,      0.00,      0.00,      0.00,      0.00,0,1,0,0,1,1,U2 
H4,840,2016,853090,      0.00,      0.00,      0.00,      0.00,0,1,0,0,1,1,U2 
H4,840,2016,853110,      1.30,      1.30,      1.30,      1.30,0,0,0,1,1,1,U2 
H4,840,2016,853120,      0.00,      0.00,      0.00,      0.00,0,1,0,0,1,1,U2 
H4,840,2016,853180,      1.30,      1.30,      1.30,      1.30,0,0,0,1,1,1,U2 
H4,840,2016,853190,      2.60,      0.00,      1.30,      0.65,0,2,0,2,4,4,U2 
H4,840,2016,853210,      0.00,      0.00,      0.00,      0.00,0,1,0,0,1,1,U2 
H4,840,2016,853221,      0.00,      0.00,      0.00,      0.00,0,1,0,0,1,1,U2 
H4,840,2016,853222,      0.00,      0.00,      0.00,      0.00,0,1,0,0,1,1,U2 
H4,840,2016,853223,      0.00,      0.00,      0.00,      0.00,0,1,0,0,1,1,U2 
H4,840,2016,853224,      0.00,      0.00,      0.00,      0.00,0,1,0,0,1,1,U2 
H4,840,2016,853225,      0.00,      0.00,      0.00,      0.00,0,1,0,0,1,1,U2 
H4,840,2016,853229,      0.00,      0.00,      0.00,      0.00,0,1,0,0,1,1,U2 
H4,840,2016,853230,      0.00,      0.00,      0.00,      0.00,0,1,0,0,1,1,U2 
H4,840,2016,853290,      0.00,      0.00,      0.00,      0.00,0,1,0,0,1,1,U2 
H4,840,2016,853310,      0.00,      0.00,      0.00,      0.00,0,1,0,0,1,1,U2 
H4,840,2016,853321,      0.00,      0.00,      0.00,      0.00,0,1,0,0,1,1,U2 
H4,840,2016,853329,      0.00,      0.00,      0.00,      0.00,0,1,0,0,1,1,U2 
H4,840,2016,853331,      0.00,      0.00,      0.00,      0.00,0,1,0,0,1,1,U2 
H4,840,2016,853339,      0.00,      0.00,      0.00,      0.00,0,1,0,0,1,1,U2 
H4,840,2016,853340,      0.00,      0.00,      0.00,      0.00,0,2,0,0,2,2,U2 
H4,840,2016,853390,      0.00,      0.00,      0.00,      0.00,0,2,0,0,2,2,U2 
H4,840,2016,853400,      0.00,      0.00,      0.00,      0.00,0,1,0,0,1,1,U2 
H4,840,2016,853510,      2.70,      2.70,      2.70,      2.70,0,0,0,1,1,1,U2 
H4,840,2016,853521,      2.70,      2.70,      2.70,      2.70,0,0,0,1,1,1,U2 
H4,840,2016,853529,      2.00,      2.00,      2.00,      2.00,0,0,0,1,1,1,U2 
H4,840,2016,853530,      2.70,      2.70,      2.70,      2.70,0,0,0,1,1,1,U2 
H4,840,2016,853540,      2.70,      2.70,      2.70,      2.70,0,0,0,1,1,1,U2 
H4,840,2016,853590,      5.40,      2.70,      2.70,      2.70,0,0,0,2,2,2,U2 
H4,840,2016,853610,      2.70,      2.70,      2.70,      2.70,0,0,0,1,1,1,U2 
H4,840,2016,853620,      2.70,      2.70,      2.70,      2.70,0,0,0,1,1,1,U2 
H4,840,2016,853630,      5.40,      2.70,      2.70,      2.70,0,0,0,2,2,2,U2 
H4,840,2016,853641,      2.70,      2.70,      2.70,      2.70,0,0,0,1,1,1,U2 
H4,840,2016,853649,      2.70,      2.70,      2.70,      2.70,0,0,0,1,1,1,U2 
H4,840,2016,853650,      5.40,      0.00,      2.70,      1.80,0,1,0,2,3,3,U2 
H4,840,2016,853661,      2.70,      2.70,      2.70,      2.70,0,0,0,1,1,1,U2 
H4,840,2016,853669,      2.70,      0.00,      2.70,      1.35,0,1,0,1,2,2,U2 
H4,840,2016,853670,      0.00,      0.00,      0.00,      0.00,0,1,0,0,1,1,U2 
H4,840,2016,853690,      2.70,      0.00,      2.70,      1.35,0,1,0,1,2,2,U2 
H4,840,2016,853710,      8.10,      2.70,      2.70,      2.70,0,0,0,3,3,3,U2 
H4,840,2016,853720,      2.70,      2.70,      2.70,      2.70,0,0,0,1,1,1,U2 
H4,840,2016,853810,      3.70,      3.70,      3.70,      3.70,0,0,0,1,1,1,U2 
H4,840,2016,853890,     14.00,      0.00,      3.50,      2.80,0,1,0,4,5,5,U2 
H4,840,2016,853910,      2.00,      2.00,      2.00,      2.00,0,0,0,1,1,1,U2 
H4,840,2016,853921,      2.60,      0.00,      2.60,      1.30,0,1,0,1,2,2,U2 
H4,840,2016,853922,      8.40,      2.60,      5.80,      4.20,0,0,0,2,2,2,U2 
H4,840,2016,853929,     13.60,      0.00,      5.80,      3.40,0,1,0,3,4,4,U2 
H4,840,2016,853931,      2.40,      2.40,      2.40,      2.40,0,0,0,1,1,1,U2 
H4,840,2016,853932,      2.40,      2.40,      2.40,      2.40,0,0,0,1,1,1,U2 
H4,840,2016,853939,      2.40,      2.40,      2.40,      2.40,0,0,0,1,1,1,U2 
H4,840,2016,853941,      2.60,      2.60,      2.60,      2.60,0,0,0,1,1,1,U2 
H4,840,2016,853949,      2.40,      2.40,      2.40,      2.40,0,0,0,1,1,1,U2 
H4,840,2016,853990,      2.60,      2.60,      2.60,      2.60,0,0,0,1,1,1,U2 
H4,840,2016,854011,     90.00,      7.50,     15.00,     12.86,0,0,0,7,7,7,U2 
H4,840,2016,854012,     13.80,      3.30,      3.60,      3.45,0,0,0,4,4,4,U2 
H4,840,2016,854020,      9.30,      3.30,      6.00,      4.65,0,0,0,2,2,2,U2 
H4,840,2016,854040,      3.00,      3.00,      3.00,      3.00,0,0,0,1,1,1,U2 
H4,840,2016,854060,      3.00,      3.00,      3.00,      3.00,0,0,0,1,1,1,U2 
H4,840,2016,854071,      3.70,      0.00,      3.70,      1.85,0,1,0,1,2,2,U2 
H4,840,2016,854079,      7.00,      3.30,      3.70,      3.50,0,0,0,2,2,2,U2 
H4,840,2016,854081,      4.20,      4.20,      4.20,      4.20,0,0,0,1,1,1,U2 
H4,840,2016,854089,      3.70,      3.70,      3.70,      3.70,0,0,0,1,1,1,U2 
H4,840,2016,854091,     10.80,      0.00,      5.40,      3.60,0,1,0,2,3,3,U2 
H4,840,2016,854099,      0.00,      0.00,      0.00,      0.00,0,2,0,0,2,2,U2 
H4,840,2016,854110,      0.00,      0.00,      0.00,      0.00,0,1,0,0,1,1,U2 
H4,840,2016,854121,      0.00,      0.00,      0.00,      0.00,0,1,0,0,1,1,U2 
H4,840,2016,854129,      0.00,      0.00,      0.00,      0.00,0,1,0,0,1,1,U2 
H4,840,2016,854130,      0.00,      0.00,      0.00,      0.00,0,1,0,0,1,1,U2 
H4,840,2016,854140,      0.00,      0.00,      0.00,      0.00,0,5,0,0,5,5,U2 
H4,840,2016,854150,      0.00,      0.00,      0.00,      0.00,0,1,0,0,1,1,U2 
H4,840,2016,854160,      0.00,      0.00,      0.00,      0.00,0,1,0,0,1,1,U2 
H4,840,2016,854190,      0.00,      0.00,      0.00,      0.00,0,1,0,0,1,1,U2 
H4,840,2016,854231,      0.00,      0.00,      0.00,      0.00,0,1,0,0,1,1,U2 
H4,840,2016,854232,      0.00,      0.00,      0.00,      0.00,0,1,0,0,1,1,U2 
H4,840,2016,854233,      0.00,      0.00,      0.00,      0.00,0,1,0,0,1,1,U2 
H4,840,2016,854239,      0.00,      0.00,      0.00,      0.00,0,1,0,0,1,1,U2 
H4,840,2016,854290,      0.00,      0.00,      0.00,      0.00,0,1,0,0,1,1,U2 
H4,840,2016,854310,      1.90,      1.90,      1.90,      1.90,0,0,0,1,1,1,U2 
H4,840,2016,854320,      2.60,      2.60,      2.60,      2.60,0,0,0,1,1,1,U2 
H4,840,2016,854330,      2.60,      2.60,      2.60,      2.60,0,0,0,1,1,1,U2 
H4,840,2016,854370,     14.90,      0.00,      2.60,      1.86,0,2,0,6,8,8,U2 
H4,840,2016,854390,     10.40,      0.00,      2.60,      1.49,0,3,0,4,7,7,U2 
H4,840,2016,854411,      3.50,      3.50,      3.50,      3.50,0,0,0,1,1,1,U2 
H4,840,2016,854419,      3.90,      3.90,      3.90,      3.90,0,0,0,1,1,1,U2 
H4,840,2016,854420,      5.30,      5.30,      5.30,      5.30,0,0,0,1,1,1,U2 
H4,840,2016,854430,      5.00,      5.00,      5.00,      5.00,0,0,0,1,1,1,U2 
H4,840,2016,854442,      2.60,      0.00,      2.60,      0.87,0,2,0,1,3,3,U2 
H4,840,2016,854449,     12.70,      0.00,      5.30,      3.17,0,1,0,3,4,4,U2 
H4,840,2016,854460,     10.40,      3.20,      3.70,      3.47,0,0,0,3,3,3,U2 
H4,840,2016,854470,      0.00,      0.00,      0.00,      0.00,0,1,0,0,1,1,U2 
H4,840,2016,854511,      0.00,      0.00,      0.00,      0.00,0,1,0,0,1,1,U2 
H4,840,2016,854519,      0.00,      0.00,      0.00,      0.00,0,2,0,0,2,2,U2 
H4,840,2016,854520,      0.00,      0.00,      0.00,      0.00,0,1,0,0,1,1,U2 
H4,840,2016,854590,      0.00,      0.00,      0.00,      0.00,0,2,0,0,2,2,U2 
H4,840,2016,854610,      2.90,      2.90,      2.90,      2.90,0,0,0,1,1,1,U2 
H4,840,2016,854620,      3.00,      3.00,      3.00,      3.00,0,0,0,1,1,1,U2 
H4,840,2016,854690,      0.00,      0.00,      0.00,      0.00,0,1,0,0,1,1,U2 
H4,840,2016,854710,      6.00,      3.00,      3.00,      3.00,0,0,0,2,2,2,U2 
H4,840,2016,854720,      0.00,      0.00,      0.00,      0.00,0,1,0,0,1,1,U2 
H4,840,2016,854790,      4.60,      4.60,      4.60,      4.60,0,0,0,1,1,1,U2 
H4,840,2016,854810,      0.00,      0.00,      0.00,      0.00,0,4,0,0,4,4,U2 
H4,840,2016,854890,      0.00,      0.00,      0.00,      0.00,0,1,0,0,1,1,U2 
H4,840,2016,860110,      0.00,      0.00,      0.00,      0.00,0,1,0,0,1,1,U2 
H4,840,2016,860120,      0.00,      0.00,      0.00,      0.00,0,1,0,0,1,1,U2 
H4,840,2016,860210,      0.00,      0.00,      0.00,      0.00,0,1,0,0,1,1,U2 
H4,840,2016,860290,      0.00,      0.00,      0.00,      0.00,0,1,0,0,1,1,U2 
H4,840,2016,860310,      5.00,      5.00,      5.00,      5.00,0,0,0,1,1,1,U2 
H4,840,2016,860390,      5.00,      5.00,      5.00,      5.00,0,0,0,1,1,1,U2 
H4,840,2016,860400,      2.90,      2.90,      2.90,      2.90,0,0,0,1,1,1,U2 
H4,840,2016,860500,     14.00,     14.00,     14.00,     14.00,0,0,0,1,1,1,U2 
H4,840,2016,860610,     14.00,     14.00,     14.00,     14.00,0,0,0,1,1,1,U2 
H4,840,2016,860630,     14.00,     14.00,     14.00,     14.00,0,0,0,1,1,1,U2 
H4,840,2016,860691,     14.00,     14.00,     14.00,     14.00,0,0,0,1,1,1,U2 
H4,840,2016,860692,     14.00,     14.00,     14.00,     14.00,0,0,0,1,1,1,U2 
H4,840,2016,860699,     14.00,     14.00,     14.00,     14.00,0,0,0,1,1,1,U2 
H4,840,2016,860711,      0.00,      0.00,      0.00,      0.00,0,1,0,0,1,1,U2 
H4,840,2016,860712,      3.60,      3.60,      3.60,      3.60,0,0,0,1,1,1,U2 
H4,840,2016,860719,      7.00,      0.00,      3.60,      1.17,0,2,0,4,6,6,U2 
H4,840,2016,860721,      7.50,      3.60,      3.90,      3.75,0,0,0,2,2,2,U2 
H4,840,2016,860729,      6.20,      2.60,      3.60,      3.10,0,0,0,2,2,2,U2 
H4,840,2016,860730,      6.20,      2.60,      3.60,      3.10,0,0,0,2,2,2,U2 
H4,840,2016,860791,      0.00,      0.00,      0.00,      0.00,0,1,0,0,1,1,U2 
H4,840,2016,860799,      5.90,      2.80,      3.10,      2.95,0,0,0,2,2,2,U2 
H4,840,2016,860800,      3.80,      3.80,      3.80,      3.80,0,0,0,1,1,1,U2 
H4,840,2016,860900,      0.00,      0.00,      0.00,      0.00,0,1,0,0,1,1,U2 
H4,840,2016,870110,      0.00,      0.00,      0.00,      0.00,0,1,0,0,1,1,U2 
H4,840,2016,870120,      4.00,      4.00,      4.00,      4.00,0,0,0,1,1,1,U2 
H4,840,2016,870130,      0.00,      0.00,      0.00,      0.00,0,2,0,0,2,2,U2 
H4,840,2016,870190,      0.00,      0.00,      0.00,      0.00,0,2,0,0,2,2,U2 
H4,840,2016,870210,      4.00,      2.00,      2.00,      2.00,0,0,0,2,2,2,U2 
H4,840,2016,870290,      4.00,      2.00,      2.00,      2.00,0,0,0,2,2,2,U2 
H4,840,2016,870310,      5.00,      2.50,      2.50,      2.50,0,0,0,2,2,2,U2 
H4,840,2016,870321,      2.50,      2.50,      2.50,      2.50,0,0,0,1,1,1,U2 
H4,840,2016,870322,      2.50,      2.50,      2.50,      2.50,0,0,0,1,1,1,U2 
H4,840,2016,870323,      2.50,      2.50,      2.50,      2.50,0,0,0,1,1,1,U2 
H4,840,2016,870324,      2.50,      2.50,      2.50,      2.50,0,0,0,1,1,1,U2 
H4,840,2016,870331,      2.50,      2.50,      2.50,      2.50,0,0,0,1,1,1,U2 
H4,840,2016,870332,      2.50,      2.50,      2.50,      2.50,0,0,0,1,1,1,U2 
H4,840,2016,870333,      2.50,      2.50,      2.50,      2.50,0,0,0,1,1,1,U2 
H4,840,2016,870390,      2.50,      2.50,      2.50,      2.50,0,0,0,1,1,1,U2 
H4,840,2016,870410,      0.00,      0.00,      0.00,      0.00,0,2,0,0,2,2,U2 
H4,840,2016,870421,     25.00,     25.00,     25.00,     25.00,0,0,0,1,1,1,U2 
H4,840,2016,870422,     29.00,      4.00,     25.00,     14.50,0,0,0,2,2,2,U2 
H4,840,2016,870423,     25.00,     25.00,     25.00,     25.00,0,0,0,1,1,1,U2 
H4,840,2016,870431,     25.00,     25.00,     25.00,     25.00,0,0,0,1,1,1,U2 
H4,840,2016,870432,     25.00,     25.00,     25.00,     25.00,0,0,0,1,1,1,U2 
H4,840,2016,870490,     25.00,     25.00,     25.00,     25.00,0,0,0,1,1,1,U2 
H4,840,2016,870510,      0.00,      0.00,      0.00,      0.00,0,1,0,0,1,1,U2 
H4,840,2016,870520,      0.00,      0.00,      0.00,      0.00,0,1,0,0,1,1,U2 
H4,840,2016,870530,      0.00,      0.00,      0.00,      0.00,0,1,0,0,1,1,U2 
H4,840,2016,870540,      0.00,      0.00,      0.00,      0.00,0,1,0,0,1,1,U2 
H4,840,2016,870590,      0.00,      0.00,      0.00,      0.00,0,1,0,0,1,1,U2 
H4,840,2016,870600,     13.50,      0.00,      4.00,      2.25,0,1,0,5,6,6,U2 
H4,840,2016,870710,      2.50,      2.50,      2.50,      2.50,0,0,0,1,1,1,U2 
H4,840,2016,870790,      4.00,      0.00,      4.00,      2.00,0,1,0,1,2,2,U2 
H4,840,2016,870810,      5.00,      2.50,      2.50,      2.50,0,0,0,2,2,2,U2 
H4,840,2016,870821,      2.50,      2.50,      2.50,      2.50,0,0,0,1,1,1,U2 
H4,840,2016,870829,      7.50,      0.00,      2.50,      1.88,0,1,0,3,4,4,U2 
H4,840,2016,870830,      2.50,      0.00,      2.50,      1.25,0,1,0,1,2,2,U2 
H4,840,2016,870840,      7.50,      0.00,      2.50,      1.07,0,4,0,3,7,7,U2 
H4,840,2016,870850,     22.50,      0.00,      2.50,      1.50,0,6,0,9,15,15,U2 
H4,840,2016,870870,      5.00,      0.00,      2.50,      0.83,0,4,0,2,6,6,U2 
H4,840,2016,870880,      7.50,      0.00,      2.50,      0.94,0,5,0,3,8,8,U2 
H4,840,2016,870891,      5.00,      0.00,      2.50,      0.83,0,4,0,2,6,6,U2 
H4,840,2016,870892,      5.00,      0.00,      2.50,      0.83,0,4,0,2,6,6,U2 
H4,840,2016,870893,      5.00,      0.00,      2.50,      1.25,0,2,0,2,4,4,U2 
H4,840,2016,870894,      5.00,      0.00,      2.50,      0.83,0,4,0,2,6,6,U2 
H4,840,2016,870895,      5.00,      0.00,      2.50,      1.25,0,2,0,2,4,4,U2 
H4,840,2016,870899,     10.00,      0.00,      2.50,      0.77,0,9,0,4,13,13,U2 
H4,840,2016,870911,      0.00,      0.00,      0.00,      0.00,0,1,0,0,1,1,U2 
H4,840,2016,870919,      0.00,      0.00,      0.00,      0.00,0,1,0,0,1,1,U2 
H4,840,2016,870990,      0.00,      0.00,      0.00,      0.00,0,1,0,0,1,1,U2 
H4,840,2016,871000,      0.00,      0.00,      0.00,      0.00,0,1,0,0,1,1,U2 
H4,840,2016,871110,      0.00,      0.00,      0.00,      0.00,0,1,0,0,1,1,U2 
H4,840,2016,871120,      0.00,      0.00,      0.00,      0.00,0,1,0,0,1,1,U2 
H4,840,2016,871130,      0.00,      0.00,      0.00,      0.00,0,1,0,0,1,1,U2 
H4,840,2016,871140,      2.40,      0.00,      2.40,      1.20,0,1,0,1,2,2,U2 
H4,840,2016,871150,      2.40,      2.40,      2.40,      2.40,0,0,0,1,1,1,U2 
H4,840,2016,871190,      0.00,      0.00,      0.00,      0.00,0,1,0,0,1,1,U2 
H4,840,2016,871200,     47.70,      3.70,     11.00,      7.95,0,0,0,6,6,6,U2 
H4,840,2016,871310,      0.00,      0.00,      0.00,      0.00,0,1,0,0,1,1,U2 
H4,840,2016,871390,      0.00,      0.00,      0.00,      0.00,0,1,0,0,1,1,U2 
H4,840,2016,871410,      0.00,      0.00,      0.00,      0.00,0,1,0,0,1,1,U2 
H4,840,2016,871420,      0.00,      0.00,      0.00,      0.00,0,1,0,0,1,1,U2 
H4,840,2016,871491,     13.80,      0.00,      6.00,      3.45,0,1,0,3,4,4,U2 
H4,840,2016,871492,     15.00,      5.00,     10.00,      7.50,0,0,0,2,2,2,U2 
H4,840,2016,871493,     13.00,      0.00,     10.00,      2.17,0,4,0,2,6,6,U2 
H4,840,2016,871494,     10.00,      0.00,     10.00,      5.00,0,1,0,1,2,2,U2 
H4,840,2016,871495,      8.00,      8.00,      8.00,      8.00,0,0,0,1,1,1,U2 
H4,840,2016,871496,     18.00,      0.00,     10.00,      6.00,0,1,0,2,3,3,U2 
H4,840,2016,871499,     10.00,      0.00,     10.00,      2.50,0,3,0,1,4,4,U2 
H4,840,2016,871500,      4.40,      4.40,      4.40,      4.40,0,0,0,1,1,1,U2 
H4,840,2016,871610,      0.00,      0.00,      0.00,      0.00,0,1,0,0,1,1,U2 
H4,840,2016,871620,      0.00,      0.00,      0.00,      0.00,0,1,0,0,1,1,U2 
H4,840,2016,871631,      0.00,      0.00,      0.00,      0.00,0,1,0,0,1,1,U2 
H4,840,2016,871639,      0.00,      0.00,      0.00,      0.00,0,1,0,0,1,1,U2 
H4,840,2016,871640,      0.00,      0.00,      0.00,      0.00,0,1,0,0,1,1,U2 
H4,840,2016,871680,      3.20,      0.00,      3.20,      1.60,0,1,0,1,2,2,U2 
H4,840,2016,871690,      8.80,      0.00,      5.70,      2.93,0,1,0,2,3,3,U2 
H4,840,2016,880100,      0.00,      0.00,      0.00,      0.00,0,1,0,0,1,1,U2 
H4,840,2016,880211,      0.00,      0.00,      0.00,      0.00,0,1,0,0,1,1,U2 
H4,840,2016,880212,      0.00,      0.00,      0.00,      0.00,0,1,0,0,1,1,U2 
H4,840,2016,880220,      0.00,      0.00,      0.00,      0.00,0,1,0,0,1,1,U2 
H4,840,2016,880230,      0.00,      0.00,      0.00,      0.00,0,1,0,0,1,1,U2 
H4,840,2016,880240,      0.00,      0.00,      0.00,      0.00,0,1,0,0,1,1,U2 
H4,840,2016,880260,      0.00,      0.00,      0.00,      0.00,0,2,0,0,2,2,U2 
H4,840,2016,880310,      0.00,      0.00,      0.00,      0.00,0,1,0,0,1,1,U2 
H4,840,2016,880320,      0.00,      0.00,      0.00,      0.00,0,1,0,0,1,1,U2 
H4,840,2016,880330,      0.00,      0.00,      0.00,      0.00,0,1,0,0,1,1,U2 
H4,840,2016,880390,      0.00,      0.00,      0.00,      0.00,0,2,0,0,2,2,U2 
H4,840,2016,880400,      3.00,      3.00,      3.00,      3.00,0,0,0,1,1,1,U2 
H4,840,2016,880510,      0.00,      0.00,      0.00,      0.00,0,1,0,0,1,1,U2 
H4,840,2016,880521,      0.00,      0.00,      0.00,      0.00,0,1,0,0,1,1,U2 
H4,840,2016,880529,      0.00,      0.00,      0.00,      0.00,0,1,0,0,1,1,U2 
H4,840,2016,890110,      0.00,      0.00,      0.00,      0.00,0,1,0,0,1,1,U2 
H4,840,2016,890120,      0.00,      0.00,      0.00,      0.00,0,1,0,0,1,1,U2 
H4,840,2016,890130,      0.00,      0.00,      0.00,      0.00,0,1,0,0,1,1,U2 
H4,840,2016,890190,      0.00,      0.00,      0.00,      0.00,0,1,0,0,1,1,U2 
H4,840,2016,890200,      0.00,      0.00,      0.00,      0.00,0,1,0,0,1,1,U2 
H4,840,2016,890310,      2.40,      2.40,      2.40,      2.40,0,0,0,1,1,1,U2 
H4,840,2016,890391,      1.50,      1.50,      1.50,      1.50,0,0,0,1,1,1,U2 
H4,840,2016,890392,      1.50,      1.50,      1.50,      1.50,0,0,0,1,1,1,U2 
H4,840,2016,890399,      4.70,      0.00,      2.70,      1.17,0,1,0,3,4,4,U2 
H4,840,2016,890400,      0.00,      0.00,      0.00,      0.00,0,1,0,0,1,1,U2 
H4,840,2016,890510,      0.00,      0.00,      0.00,      0.00,0,1,0,0,1,1,U2 
H4,840,2016,890520,      0.00,      0.00,      0.00,      0.00,0,1,0,0,1,1,U2 
H4,840,2016,890590,      0.00,      0.00,      0.00,      0.00,0,2,0,0,2,2,U2 
H4,840,2016,890610,      0.00,      0.00,      0.00,      0.00,0,1,0,0,1,1,U2 
H4,840,2016,890690,      0.00,      0.00,      0.00,      0.00,0,1,0,0,1,1,U2 
H4,840,2016,890710,      0.00,      0.00,      0.00,      0.00,0,1,0,0,1,1,U2 
H4,840,2016,890790,      0.00,      0.00,      0.00,      0.00,0,1,0,0,1,1,U2 
H4,840,2016,890800,      0.00,      0.00,      0.00,      0.00,0,1,0,0,1,1,U2 
H4,840,2016,900110,      6.70,      6.70,      6.70,      6.70,0,0,0,1,1,1,U2 
H4,840,2016,900120,      3.50,      3.50,      3.50,      3.50,0,0,0,1,1,1,U2 
H4,840,2016,900130,      2.00,      2.00,      2.00,      2.00,0,0,0,1,1,1,U2 
H4,840,2016,900140,      2.00,      2.00,      2.00,      2.00,0,0,0,1,1,1,U2 
H4,840,2016,900150,      2.00,      2.00,      2.00,      2.00,0,0,0,1,1,1,U2 
H4,840,2016,900190,     11.60,      1.10,      2.90,      2.32,0,0,0,5,5,5,U2 
H4,840,2016,900211,      4.75,      0.00,      2.45,      1.58,0,1,0,2,3,3,U2 
H4,840,2016,900219,      2.30,      2.30,      2.30,      2.30,0,0,0,1,1,1,U2 
H4,840,2016,900220,      4.90,      2.00,      2.90,      2.45,0,0,0,2,2,2,U2 
H4,840,2016,900290,      9.70,      0.00,      3.00,      1.94,0,1,0,4,5,5,U2 
H4,840,2016,900311,      2.50,      2.50,      2.50,      2.50,0,0,0,1,1,1,U2 
H4,840,2016,900319,      0.00,      0.00,      0.00,      0.00,0,1,0,0,1,1,U2 
H4,840,2016,900390,      2.50,      2.50,      2.50,      2.50,0,0,0,1,1,1,U2 
H4,840,2016,900410,      2.00,      2.00,      2.00,      2.00,0,0,0,1,1,1,U2 
H4,840,2016,900490,      2.50,      2.50,      2.50,      2.50,0,0,0,1,1,1,U2 
H4,840,2016,900510,      0.00,      0.00,      0.00,      0.00,0,1,0,0,1,1,U2 
H4,840,2016,900580,     14.00,      6.00,      8.00,      7.00,0,0,0,2,2,2,U2 
H4,840,2016,900590,,,,,2,0,0,0,0,2,U2 
H4,840,2016,900610,      0.00,      0.00,      0.00,      0.00,0,1,0,0,1,1,U2 
H4,840,2016,900630,      0.00,      0.00,      0.00,      0.00,0,1,0,0,1,1,U2 
H4,840,2016,900640,      6.80,      0.00,      6.80,      2.27,0,2,0,1,3,3,U2 
H4,840,2016,900651,      0.00,      0.00,      0.00,      0.00,0,1,0,0,1,1,U2 
H4,840,2016,900652,     10.80,      0.00,      6.80,      2.16,0,3,0,2,5,5,U2 
H4,840,2016,900653,      0.00,      0.00,      0.00,      0.00,0,1,0,0,1,1,U2 
H4,840,2016,900659,     10.80,      0.00,      6.80,      3.60,0,1,0,2,3,3,U2 
H4,840,2016,900661,      0.00,      0.00,      0.00,      0.00,0,1,0,0,1,1,U2 
H4,840,2016,900669,      0.00,      0.00,      0.00,      0.00,0,1,0,0,1,1,U2 
H4,840,2016,900691,      5.80,      5.80,      5.80,      5.80,0,0,0,1,1,1,U2 
H4,840,2016,900699,      3.90,      3.90,      3.90,      3.90,0,0,0,1,1,1,U2 
H4,840,2016,900710,      0.00,      0.00,      0.00,      0.00,0,1,0,0,1,1,U2 
H4,840,2016,900720,      8.40,      0.00,      4.90,      2.10,0,2,0,2,4,4,U2 
H4,840,2016,900791,      3.90,      0.00,      3.90,      1.95,0,1,0,1,2,2,U2 
H4,840,2016,900792,      3.50,      3.50,      3.50,      3.50,0,0,0,1,1,1,U2 
H4,840,2016,900850,     15.10,      0.00,      7.00,      3.02,0,2,0,3,5,5,U2 
H4,840,2016,900890,      2.90,      0.00,      2.90,      1.45,0,1,0,1,2,2,U2 
H4,840,2016,901010,      2.40,      2.40,      2.40,      2.40,0,0,0,1,1,1,U2 
H4,840,2016,901050,      8.40,      0.00,      4.50,      1.40,0,4,0,2,6,6,U2 
H4,840,2016,901060,      2.60,      2.60,      2.60,      2.60,0,0,0,1,1,1,U2 
H4,840,2016,901090,      6.30,      2.90,      3.40,      3.15,0,0,0,2,2,2,U2 
H4,840,2016,901110,     11.10,      3.90,      7.20,      5.55,0,0,0,2,2,2,U2 
H4,840,2016,901120,     11.10,      3.90,      7.20,      5.55,0,0,0,2,2,2,U2 
H4,840,2016,901180,      6.40,      6.40,      6.40,      6.40,0,0,0,1,1,1,U2 
H4,840,2016,901190,      5.70,      5.70,      5.70,      5.70,0,0,0,1,1,1,U2 
H4,840,2016,901210,      3.50,      3.50,      3.50,      3.50,0,0,0,1,1,1,U2 
H4,840,2016,901290,      4.90,      4.90,      4.90,      4.90,0,0,0,1,1,1,U2 
H4,840,2016,901310,     21.60,      1.40,     14.90,      7.20,0,0,0,3,3,3,U2 
H4,840,2016,901320,      3.10,      3.10,      3.10,      3.10,0,0,0,1,1,1,U2 
H4,840,2016,901380,     16.90,      0.00,      6.60,      4.22,0,1,0,3,4,4,U2 
H4,840,2016,901390,     20.50,      0.00,     16.00,      6.83,0,1,0,2,3,3,U2 
H4,840,2016,901410,      6.90,      0.00,      4.00,      1.73,0,2,0,2,4,4,U2 
H4,840,2016,901420,      6.10,      0.00,      3.30,      1.52,0,2,0,2,4,4,U2 
H4,840,2016,901480,      6.00,      0.00,      3.20,      1.50,0,2,0,2,4,4,U2 
H4,840,2016,901490,      0.00,      0.00,      0.00,      0.00,0,4,0,0,4,4,U2 
H4,840,2016,901510,      2.80,      0.00,      2.80,      1.40,0,1,0,1,2,2,U2 
H4,840,2016,901520,      2.80,      0.00,      2.80,      1.40,0,1,0,1,2,2,U2 
H4,840,2016,901530,      2.80,      0.00,      2.80,      1.40,0,1,0,1,2,2,U2 
H4,840,2016,901540,      3.00,      0.00,      3.00,      1.50,0,1,0,1,2,2,U2 
H4,840,2016,901580,      2.80,      0.00,      2.80,      0.93,0,2,0,1,3,3,U2 
H4,840,2016,901590,,,,,1,0,0,0,0,1,U2 
H4,840,2016,901600,     10.10,      2.90,      3.90,      3.37,0,0,0,3,3,3,U2 
H4,840,2016,901710,      3.90,      0.00,      3.90,      1.95,0,1,0,1,2,2,U2 
H4,840,2016,901720,      8.50,      0.00,      4.60,      2.83,0,1,0,2,3,3,U2 
H4,840,2016,901730,      9.70,      3.90,      5.80,      4.85,0,0,0,2,2,2,U2 
H4,840,2016,901780,      5.30,      5.30,      5.30,      5.30,0,0,0,1,1,1,U2 
H4,840,2016,901790,,,,,1,0,0,0,0,1,U2 
H4,840,2016,901811,      0.00,      0.00,      0.00,      0.00,0,3,0,0,3,3,U2 
H4,840,2016,901812,      0.00,      0.00,      0.00,      0.00,0,1,0,0,1,1,U2 
H4,840,2016,901813,      0.00,      0.00,      0.00,      0.00,0,1,0,0,1,1,U2 
H4,840,2016,901814,      0.00,      0.00,      0.00,      0.00,0,1,0,0,1,1,U2 
H4,840,2016,901819,      0.00,      0.00,      0.00,      0.00,0,4,0,0,4,4,U2 
H4,840,2016,901820,      0.00,      0.00,      0.00,      0.00,0,1,0,0,1,1,U2 
H4,840,2016,901831,      0.00,      0.00,      0.00,      0.00,0,1,0,0,1,1,U2 
H4,840,2016,901832,      0.00,      0.00,      0.00,      0.00,0,1,0,0,1,1,U2 
H4,840,2016,901839,      0.00,      0.00,      0.00,      0.00,0,1,0,0,1,1,U2 
H4,840,2016,901841,      0.00,      0.00,      0.00,      0.00,0,1,0,0,1,1,U2 
H4,840,2016,901849,      0.00,      0.00,      0.00,      0.00,0,2,0,0,2,2,U2 
H4,840,2016,901850,      0.00,      0.00,      0.00,      0.00,0,1,0,0,1,1,U2 
H4,840,2016,901890,      0.00,      0.00,      0.00,      0.00,0,10,0,0,10,10,U2 
H4,840,2016,901910,      0.00,      0.00,      0.00,      0.00,0,3,0,0,3,3,U2 
H4,840,2016,901920,      0.00,      0.00,      0.00,      0.00,0,1,0,0,1,1,U2 
H4,840,2016,902000,      5.00,      0.00,      2.50,      1.67,0,1,0,2,3,3,U2 
H4,840,2016,902110,      0.00,      0.00,      0.00,      0.00,0,1,0,0,1,1,U2 
H4,840,2016,902121,      0.00,      0.00,      0.00,      0.00,0,2,0,0,2,2,U2 
H4,840,2016,902129,      0.00,      0.00,      0.00,      0.00,0,2,0,0,2,2,U2 
H4,840,2016,902131,      0.00,      0.00,      0.00,      0.00,0,1,0,0,1,1,U2 
H4,840,2016,902139,      0.00,      0.00,      0.00,      0.00,0,1,0,0,1,1,U2 
H4,840,2016,902140,      0.00,      0.00,      0.00,      0.00,0,1,0,0,1,1,U2 
H4,840,2016,902150,      0.00,      0.00,      0.00,      0.00,0,1,0,0,1,1,U2 
H4,840,2016,902190,      0.00,      0.00,      0.00,      0.00,0,2,0,0,2,2,U2 
H4,840,2016,902212,      0.00,      0.00,      0.00,      0.00,0,1,0,0,1,1,U2 
H4,840,2016,902213,      0.00,      0.00,      0.00,      0.00,0,1,0,0,1,1,U2 
H4,840,2016,902214,      0.00,      0.00,      0.00,      0.00,0,1,0,0,1,1,U2 
H4,840,2016,902219,      0.00,      0.00,      0.00,      0.00,0,1,0,0,1,1,U2 
H4,840,2016,902221,      0.00,      0.00,      0.00,      0.00,0,1,0,0,1,1,U2 
H4,840,2016,902229,      2.40,      1.00,      1.40,      1.20,0,0,0,2,2,2,U2 
H4,840,2016,902230,      0.90,      0.90,      0.90,      0.90,0,0,0,1,1,1,U2 
H4,840,2016,902290,      7.10,      0.80,      1.40,      1.01,0,0,0,7,7,7,U2 
H4,840,2016,902300,      0.00,      0.00,      0.00,      0.00,0,1,0,0,1,1,U2 
H4,840,2016,902410,      1.70,      1.70,      1.70,      1.70,0,0,0,1,1,1,U2 
H4,840,2016,902480,      1.70,      1.70,      1.70,      1.70,0,0,0,1,1,1,U2 
H4,840,2016,902490,      1.70,      1.70,      1.70,      1.70,0,0,0,1,1,1,U2 
H4,840,2016,902511,      0.00,      0.00,      0.00,      0.00,0,2,0,0,2,2,U2 
H4,840,2016,902519,      3.20,      1.40,      1.80,      1.60,0,0,0,2,2,2,U2 
H4,840,2016,902580,      9.60,      1.00,      2.90,      1.60,0,0,0,6,6,6,U2 
H4,840,2016,902590,,,,,1,0,0,0,0,1,U2 
H4,840,2016,902610,      0.00,      0.00,      0.00,      0.00,0,3,0,0,3,3,U2 
H4,840,2016,902620,      0.00,      0.00,      0.00,      0.00,0,2,0,0,2,2,U2 
H4,840,2016,902680,      0.00,      0.00,      0.00,      0.00,0,3,0,0,3,3,U2 
H4,840,2016,902690,      0.00,      0.00,      0.00,      0.00,0,3,0,0,3,3,U2 
H4,840,2016,902710,      7.40,      1.70,      3.50,      2.47,0,0,0,3,3,3,U2 
H4,840,2016,902720,      0.00,      0.00,      0.00,      0.00,0,2,0,0,2,2,U2 
H4,840,2016,902730,      0.00,      0.00,      0.00,      0.00,0,2,0,0,2,2,U2 
H4,840,2016,902750,      1.20,      0.00,      1.20,      0.40,0,2,0,1,3,3,U2 
H4,840,2016,902780,      0.00,      0.00,      0.00,      0.00,0,3,0,0,3,3,U2 
H4,840,2016,902790,      9.60,      0.00,      3.50,      1.20,0,4,0,4,8,8,U2 
H4,840,2016,902810,      2.73,      2.73,      2.73,      2.73,0,0,1,0,1,1,U2 
H4,840,2016,902820,      3.00,      3.00,      3.00,      3.00,0,0,1,0,1,1,U2 
H4,840,2016,902830,      1.76,      1.76,      1.76,      1.76,0,0,1,0,1,1,U2 
H4,840,2016,902890,      3.20,      3.20,      3.20,      3.20,0,0,0,1,1,1,U2 
H4,840,2016,902910,      5.30,      0.00,      5.30,      2.65,0,1,0,1,2,2,U2 
H4,840,2016,902920,      8.91,      0.00,      6.00,      2.97,0,1,1,1,3,3,U2 
H4,840,2016,902990,     14.50,      0.00,      6.00,      3.63,0,1,0,3,4,4,U2 
H4,840,2016,903010,      1.60,      1.60,      1.60,      1.60,0,0,0,1,1,1,U2 
H4,840,2016,903020,      1.70,      0.00,      1.70,      0.85,0,1,0,1,2,2,U2 
H4,840,2016,903031,      1.70,      1.70,      1.70,      1.70,0,0,0,1,1,1,U2 
H4,840,2016,903032,      1.70,      1.70,      1.70,      1.70,0,0,0,1,1,1,U2 
H4,840,2016,903033,      1.70,      1.70,      1.70,      1.70,0,0,0,1,1,1,U2 
H4,840,2016,903039,      1.70,      1.70,      1.70,      1.70,0,0,0,1,1,1,U2 
H4,840,2016,903040,      0.00,      0.00,      0.00,      0.00,0,1,0,0,1,1,U2 
H4,840,2016,903082,      0.00,      0.00,      0.00,      0.00,0,1,0,0,1,1,U2 
H4,840,2016,903084,      1.70,      1.70,      1.70,      1.70,0,0,0,1,1,1,U2 
H4,840,2016,903089,      1.70,      1.70,      1.70,      1.70,0,0,0,1,1,1,U2 
H4,840,2016,903090,      6.60,      0.00,      1.70,      1.10,0,2,0,4,6,6,U2 
H4,840,2016,903110,      1.70,      1.70,      1.70,      1.70,0,0,0,1,1,1,U2 
H4,840,2016,903120,      1.70,      1.70,      1.70,      1.70,0,0,0,1,1,1,U2 
H4,840,2016,903141,      0.00,      0.00,      0.00,      0.00,0,1,0,0,1,1,U2 
H4,840,2016,903149,      9.50,      0.00,      3.50,      2.38,0,1,0,3,4,4,U2 
H4,840,2016,903180,      1.70,      0.00,      1.70,      0.85,0,1,0,1,2,2,U2 
H4,840,2016,903190,     11.20,      0.00,      3.50,      1.87,0,2,0,4,6,6,U2 
H4,840,2016,903210,      1.70,      1.70,      1.70,      1.70,0,0,0,1,1,1,U2 
H4,840,2016,903220,      1.70,      1.70,      1.70,      1.70,0,0,0,1,1,1,U2 
H4,840,2016,903281,      1.60,      1.60,      1.60,      1.60,0,0,0,1,1,1,U2 
H4,840,2016,903289,      4.50,      1.10,      1.70,      1.50,0,0,0,3,3,3,U2 
H4,840,2016,903290,      4.50,      1.10,      1.70,      1.50,0,0,0,3,3,3,U2 
H4,840,2016,903300,      4.40,      4.40,      4.40,      4.40,0,0,0,1,1,1,U2 
H4,840,2016,910111,,,,,2,0,0,0,0,2,U2 
H4,840,2016,910119,      0.00,      0.00,      0.00,      0.00,2,1,0,0,1,3,U2 
H4,840,2016,910121,     10.62,      0.00,      4.42,      2.66,0,1,1,2,4,4,U2 
H4,840,2016,910129,     30.16,      0.00,      5.06,      3.77,0,1,5,2,8,8,U2 
H4,840,2016,910191,      0.00,      0.00,      0.00,      0.00,0,3,0,0,3,3,U2 
H4,840,2016,910199,      4.22,      0.00,      4.22,      1.05,0,3,1,0,4,4,U2 
H4,840,2016,910211,,,,,8,0,0,0,0,8,U2 
H4,840,2016,910212,      0.00,      0.00,      0.00,      0.00,0,3,0,0,3,3,U2 
H4,840,2016,910219,,,,,4,0,0,0,0,4,U2 
H4,840,2016,910221,,,,,6,0,0,0,0,6,U2 
H4,840,2016,910229,     20.69,      6.69,     14.00,     10.35,11,0,1,1,2,13,U2 
H4,840,2016,910291,,,,,3,0,0,0,0,3,U2 
H4,840,2016,910299,     63.46,      5.03,     28.27,     15.87,0,0,4,0,4,4,U2 
H4,840,2016,910310,,,,,3,0,0,0,0,3,U2 
H4,840,2016,910390,      7.35,      7.35,      7.35,      7.35,0,0,1,0,1,1,U2 
H4,840,2016,910400,     18.31,      5.25,      7.58,      6.10,6,0,3,0,3,9,U2 
H4,840,2016,910511,,,,,2,0,0,0,0,2,U2 
H4,840,2016,910519,     51.65,      8.28,     20.14,     12.91,1,0,4,0,4,5,U2 
H4,840,2016,910521,,,,,2,0,0,0,0,2,U2 
H4,840,2016,910529,     39.61,      8.35,     12.11,      9.90,1,0,4,0,4,5,U2 
H4,840,2016,910591,,,,,2,0,0,0,0,2,U2 
H4,840,2016,910599,      9.36,      0.00,      5.43,      1.56,0,3,3,0,6,6,U2 
H4,840,2016,910610,,,,,1,0,0,0,0,1,U2 
H4,840,2016,910690,      3.90,      0.00,      3.90,      0.78,1,0,4,1,5,6,U2 
H4,840,2016,910700,      0.00,      0.00,      0.00,      0.00,0,0,2,0,2,2,U2 
H4,840,2016,910811,     77.84,     27.71,     50.13,     38.92,0,0,2,0,2,2,U2 
H4,840,2016,910812,,,,,1,0,0,0,0,1,U2 
H4,840,2016,910819,    151.27,     53.69,     97.58,     75.63,0,0,2,0,2,2,U2 
H4,840,2016,910820,      0.00,      0.00,      0.00,      0.00,0,2,0,0,2,2,U2 
H4,840,2016,910890,    659.79,      0.00,    130.99,     59.98,0,1,10,0,11,11,U2 
H4,840,2016,910910,     73.49,     29.38,     44.11,     36.75,6,0,2,0,2,8,U2 
H4,840,2016,910990,    304.41,     74.18,    139.86,    101.47,0,0,3,0,3,3,U2 
H4,840,2016,911011,,,,,1,0,0,0,0,1,U2 
H4,840,2016,911012,      9.00,      9.00,      9.00,      9.00,0,0,0,1,1,1,U2 
H4,840,2016,911019,      9.00,      9.00,      9.00,      9.00,0,0,0,1,1,1,U2 
H4,840,2016,911090,      4.20,      4.20,      4.20,      4.20,2,0,0,1,1,3,U2 
H4,840,2016,911110,      4.90,      4.90,      4.90,      4.90,0,0,1,0,1,1,U2 
H4,840,2016,911120,     14.73,      6.54,      8.19,      7.37,0,0,2,0,2,2,U2 
H4,840,2016,911180,     10.98,     10.98,     10.98,     10.98,0,0,1,0,1,1,U2 
H4,840,2016,911190,     12.80,      6.40,      6.40,      6.40,1,0,0,2,2,3,U2 
H4,840,2016,911220,      9.00,      3.50,      5.50,      4.50,0,0,0,2,2,2,U2 
H4,840,2016,911290,      5.50,      5.50,      5.50,      5.50,0,0,0,1,1,1,U2 
H4,840,2016,911310,      4.50,      4.50,      4.50,      4.50,0,0,0,1,1,1,U2 
H4,840,2016,911320,     40.00,      8.80,     11.20,     10.00,0,0,0,4,4,4,U2 
H4,840,2016,911390,      9.00,      1.80,      7.20,      4.50,0,0,0,2,2,2,U2 
H4,840,2016,911410,     11.50,      4.20,      7.30,      5.75,0,0,0,2,2,2,U2 
H4,840,2016,911430,      4.40,      4.40,      4.40,      4.40,1,0,0,1,1,2,U2 
H4,840,2016,911440,     11.50,      4.20,      7.30,      5.75,2,0,0,2,2,4,U2 
H4,840,2016,911490,     20.20,      0.00,      8.80,      5.05,1,1,0,3,4,5,U2 
H4,840,2016,920110,      4.70,      4.70,      4.70,      4.70,0,0,0,1,1,1,U2 
H4,840,2016,920120,      4.70,      4.70,      4.70,      4.70,0,0,0,1,1,1,U2 
H4,840,2016,920190,      3.50,      3.50,      3.50,      3.50,0,0,0,1,1,1,U2 
H4,840,2016,920210,      3.20,      3.20,      3.20,      3.20,0,0,0,1,1,1,U2 
H4,840,2016,920290,     17.80,      4.50,      8.70,      5.93,0,0,0,3,3,3,U2 
H4,840,2016,920510,      2.90,      2.90,      2.90,      2.90,0,0,0,1,1,1,U2 
H4,840,2016,920590,     10.20,      0.00,      4.90,      1.27,0,5,0,3,8,8,U2 
H4,840,2016,920600,     10.10,      0.00,      5.30,      2.53,0,2,0,2,4,4,U2 
H4,840,2016,920710,      5.40,      5.40,      5.40,      5.40,0,0,0,1,1,1,U2 
H4,840,2016,920790,      5.00,      5.00,      5.00,      5.00,0,0,0,1,1,1,U2 
H4,840,2016,920810,      3.20,      3.20,      3.20,      3.20,0,0,0,1,1,1,U2 
H4,840,2016,920890,      5.30,      5.30,      5.30,      5.30,0,0,0,1,1,1,U2 
H4,840,2016,920930,      0.00,      0.00,      0.00,      0.00,0,1,0,0,1,1,U2 
H4,840,2016,920991,      4.20,      0.00,      4.20,      2.10,0,1,0,1,2,2,U2 
H4,840,2016,920992,      8.50,      0.00,      4.60,      2.83,1,1,0,2,3,4,U2 
H4,840,2016,920994,      8.40,      2.70,      5.70,      4.20,0,0,0,2,2,2,U2 
H4,840,2016,920999,     13.70,      0.00,      5.70,      1.71,0,5,0,3,8,8,U2 
H4,840,2016,930110,      0.00,      0.00,      0.00,      0.00,0,1,0,0,1,1,U2 
H4,840,2016,930120,      0.00,      0.00,      0.00,      0.00,0,1,0,0,1,1,U2 
H4,840,2016,930190,      2.60,      0.00,      2.60,      1.30,1,1,0,1,2,3,U2 
H4,840,2016,930200,      3.05,      3.05,      3.05,      3.05,0,0,1,0,1,1,U2 
H4,840,2016,930310,      0.00,      0.00,      0.00,      0.00,0,1,0,0,1,1,U2 
H4,840,2016,930320,      2.60,      2.60,      2.60,      2.60,0,0,0,1,1,1,U2 
H4,840,2016,930330,,,,,2,0,0,0,0,2,U2 
H4,840,2016,930390,      4.20,      0.00,      4.20,      2.10,0,1,0,1,2,2,U2 
H4,840,2016,930400,      9.60,      0.00,      5.70,      3.20,0,1,0,2,3,3,U2 
H4,840,2016,930510,      8.40,      0.00,      4.20,      2.10,0,2,0,2,4,4,U2 
H4,840,2016,930520,      3.50,      0.00,      3.50,      1.75,0,1,0,1,2,2,U2 
H4,840,2016,930591,      0.00,      0.00,      0.00,      0.00,0,3,0,0,3,3,U2 
H4,840,2016,930599,      6.80,      0.00,      3.90,      2.27,0,1,0,2,3,3,U2 
H4,840,2016,930621,      0.00,      0.00,      0.00,      0.00,0,1,0,0,1,1,U2 
H4,840,2016,930629,      0.00,      0.00,      0.00,      0.00,0,1,0,0,1,1,U2 
H4,840,2016,930630,      0.00,      0.00,      0.00,      0.00,0,2,0,0,2,2,U2 
H4,840,2016,930690,      0.00,      0.00,      0.00,      0.00,0,1,0,0,1,1,U2 
H4,840,2016,930700,      2.70,      2.70,      2.70,      2.70,0,0,0,1,1,1,U2 
H4,840,2016,940110,      0.00,      0.00,      0.00,      0.00,0,2,0,0,2,2,U2 
H4,840,2016,940120,      0.00,      0.00,      0.00,      0.00,0,1,0,0,1,1,U2 
H4,840,2016,940130,      0.00,      0.00,      0.00,      0.00,0,2,0,0,2,2,U2 
H4,840,2016,940140,      0.00,      0.00,      0.00,      0.00,0,1,0,0,1,1,U2 
H4,840,2016,940151,      0.00,      0.00,      0.00,      0.00,0,1,0,0,1,1,U2 
H4,840,2016,940159,      0.00,      0.00,      0.00,      0.00,0,1,0,0,1,1,U2 
H4,840,2016,940161,      0.00,      0.00,      0.00,      0.00,0,3,0,0,3,3,U2 
H4,840,2016,940169,      0.00,      0.00,      0.00,      0.00,0,4,0,0,4,4,U2 
H4,840,2016,940171,      0.00,      0.00,      0.00,      0.00,0,1,0,0,1,1,U2 
H4,840,2016,940179,      0.00,      0.00,      0.00,      0.00,0,1,0,0,1,1,U2 
H4,840,2016,940180,      0.00,      0.00,      0.00,      0.00,0,3,0,0,3,3,U2 
H4,840,2016,940190,      0.00,      0.00,      0.00,      0.00,0,6,0,0,6,6,U2 
H4,840,2016,940210,      0.00,      0.00,      0.00,      0.00,0,1,0,0,1,1,U2 
H4,840,2016,940290,      0.00,      0.00,      0.00,      0.00,0,1,0,0,1,1,U2 
H4,840,2016,940310,      0.00,      0.00,      0.00,      0.00,0,1,0,0,1,1,U2 
H4,840,2016,940320,      0.00,      0.00,      0.00,      0.00,0,1,0,0,1,1,U2 
H4,840,2016,940330,      0.00,      0.00,      0.00,      0.00,0,2,0,0,2,2,U2 
H4,840,2016,940340,      0.00,      0.00,      0.00,      0.00,0,3,0,0,3,3,U2 
H4,840,2016,940350,      0.00,      0.00,      0.00,      0.00,0,3,0,0,3,3,U2 
H4,840,2016,940360,      0.00,      0.00,      0.00,      0.00,0,2,0,0,2,2,U2 
H4,840,2016,940370,      0.00,      0.00,      0.00,      0.00,0,2,0,0,2,2,U2 
H4,840,2016,940381,      0.00,      0.00,      0.00,      0.00,0,1,0,0,1,1,U2 
H4,840,2016,940389,      0.00,      0.00,      0.00,      0.00,0,2,0,0,2,2,U2 
H4,840,2016,940390,      0.00,      0.00,      0.00,      0.00,0,7,0,0,7,7,U2 
H4,840,2016,940410,      0.00,      0.00,      0.00,      0.00,0,1,0,0,1,1,U2 
H4,840,2016,940421,      3.00,      3.00,      3.00,      3.00,0,0,0,1,1,1,U2 
H4,840,2016,940429,      9.00,      3.00,      6.00,      4.50,0,0,0,2,2,2,U2 
H4,840,2016,940430,     13.70,      4.70,      9.00,      6.85,0,0,0,2,2,2,U2 
H4,840,2016,940490,     35.80,      4.40,     12.80,      7.16,0,0,0,5,5,5,U2 
H4,840,2016,940510,     15.40,      3.90,      7.60,      5.13,0,0,0,3,3,3,U2 
H4,840,2016,940520,     13.60,      3.70,      6.00,      4.53,0,0,0,3,3,3,U2 
H4,840,2016,940530,      8.00,      8.00,      8.00,      8.00,0,0,0,1,1,1,U2 
H4,840,2016,940540,     14.60,      3.90,      6.00,      4.87,0,0,0,3,3,3,U2 
H4,840,2016,940550,     14.60,      2.90,      6.00,      4.87,0,0,0,3,3,3,U2 
H4,840,2016,940560,     17.00,      5.30,      6.00,      5.67,0,0,0,3,3,3,U2 
H4,840,2016,940591,     36.00,      4.50,     12.00,      9.00,0,0,0,4,4,4,U2 
H4,840,2016,940592,      3.70,      3.70,      3.70,      3.70,0,0,0,1,1,1,U2 
H4,840,2016,940599,      9.90,      3.90,      6.00,      4.95,0,0,0,2,2,2,U2 
H4,840,2016,940600,      5.50,      2.60,      2.90,      2.75,0,0,0,2,2,2,U2 
H4,840,2016,950300,      0.00,      0.00,      0.00,      0.00,0,1,0,0,1,1,U2 
H4,840,2016,950420,      0.00,      0.00,      0.00,      0.00,0,4,0,0,4,4,U2 
H4,840,2016,950430,      0.00,      0.00,      0.00,      0.00,0,1,0,0,1,1,U2 
H4,840,2016,950440,      0.00,      0.00,      0.00,      0.00,0,1,0,0,1,1,U2 
H4,840,2016,950450,      0.00,      0.00,      0.00,      0.00,0,1,0,0,1,1,U2 
H4,840,2016,950490,      0.00,      0.00,      0.00,      0.00,0,3,0,0,3,3,U2 
H4,840,2016,950510,      0.00,      0.00,      0.00,      0.00,0,6,0,0,6,6,U2 
H4,840,2016,950590,      0.00,      0.00,      0.00,      0.00,0,3,0,0,3,3,U2 
H4,840,2016,950611,      2.60,      0.00,      2.60,      0.87,0,2,0,1,3,3,U2 
H4,840,2016,950612,      2.80,      0.00,      2.80,      1.40,0,1,0,1,2,2,U2 
H4,840,2016,950619,      2.80,      0.00,      2.80,      1.40,0,1,0,1,2,2,U2 
H4,840,2016,950621,      0.00,      0.00,      0.00,      0.00,0,2,0,0,2,2,U2 
H4,840,2016,950629,      0.00,      0.00,      0.00,      0.00,0,1,0,0,1,1,U2 
H4,840,2016,950631,      4.40,      4.40,      4.40,      4.40,0,0,0,1,1,1,U2 
H4,840,2016,950632,      0.00,      0.00,      0.00,      0.00,0,1,0,0,1,1,U2 
H4,840,2016,950639,      4.90,      4.90,      4.90,      4.90,0,0,0,1,1,1,U2 
H4,840,2016,950640,      5.10,      5.10,      5.10,      5.10,0,0,0,1,1,1,U2 
H4,840,2016,950651,     12.30,      3.10,      5.30,      4.10,0,0,0,3,3,3,U2 
H4,840,2016,950659,      9.60,      4.00,      5.60,      4.80,0,0,0,2,2,2,U2 
H4,840,2016,950661,      0.00,      0.00,      0.00,      0.00,0,1,0,0,1,1,U2 
H4,840,2016,950662,      4.80,      0.00,      4.80,      2.40,0,1,0,1,2,2,U2 
H4,840,2016,950669,     10.30,      0.00,      5.40,      3.43,0,1,0,2,3,3,U2 
H4,840,2016,950670,      2.90,      0.00,      2.90,      0.97,0,2,0,1,3,3,U2 
H4,840,2016,950691,      4.60,      4.60,      4.60,      4.60,0,0,0,1,1,1,U2 
H4,840,2016,950699,     26.20,      0.00,      5.60,      1.87,0,7,0,7,14,14,U2 
H4,840,2016,950710,      6.00,      6.00,      6.00,      6.00,0,0,0,1,1,1,U2 
H4,840,2016,950720,      8.80,      4.00,      4.80,      4.40,0,0,0,2,2,2,U2 
H4,840,2016,950730,     20.79,      2.29,      9.20,      5.20,0,0,1,3,4,4,U2 
H4,840,2016,950790,     32.30,      3.70,      9.00,      6.46,0,0,0,5,5,5,U2 
H4,840,2016,950810,      0.00,      0.00,      0.00,      0.00,0,1,0,0,1,1,U2 
H4,840,2016,950890,      0.00,      0.00,      0.00,      0.00,0,1,0,0,1,1,U2 
H4,840,2016,960110,      0.00,      0.00,      0.00,      0.00,0,1,0,0,1,1,U2 
H4,840,2016,960190,      5.80,      0.00,      3.70,      1.45,0,2,0,2,4,4,U2 
H4,840,2016,960200,      7.50,      1.80,      3.00,      2.50,0,0,0,3,3,3,U2 
H4,840,2016,960310,    106.93,      4.72,     32.00,     15.28,0,0,2,5,7,7,U2 
H4,840,2016,960321,      0.00,      0.00,      0.00,      0.00,0,1,0,0,1,1,U2 
H4,840,2016,960329,     11.47,      4.12,      7.35,      5.73,0,0,2,0,2,2,U2 
H4,840,2016,960330,      2.60,      0.00,      2.60,      0.87,0,2,0,1,3,3,U2 
H4,840,2016,960340,     11.50,      4.00,      7.50,      5.75,0,0,0,2,2,2,U2 
H4,840,2016,960350,      0.00,      0.00,      0.00,      0.00,0,1,0,0,1,1,U2 
H4,840,2016,960390,      2.80,      0.00,      2.80,      1.40,0,1,0,1,2,2,U2 
H4,840,2016,960400,      4.90,      4.90,      4.90,      4.90,0,0,0,1,1,1,U2 
H4,840,2016,960500,      8.10,      8.10,      8.10,      8.10,0,0,0,1,1,1,U2 
H4,840,2016,960610,      6.20,      2.70,      3.50,      3.10,0,0,0,2,2,2,U2 
H4,840,2016,960621,      4.70,      0.00,      4.70,      2.35,1,1,0,1,2,3,U2 
H4,840,2016,960622,      0.00,      0.00,      0.00,      0.00,0,1,0,0,1,1,U2 
H4,840,2016,960629,      2.90,      2.90,      2.90,      2.90,2,0,0,1,1,3,U2 
H4,840,2016,960630,      6.00,      0.00,      6.00,      3.00,0,1,0,1,2,2,U2 
H4,840,2016,960711,     10.00,     10.00,     10.00,     10.00,0,0,0,1,1,1,U2 
H4,840,2016,960719,     13.00,     13.00,     13.00,     13.00,0,0,0,1,1,1,U2 
H4,840,2016,960720,     11.50,     11.50,     11.50,     11.50,0,0,0,1,1,1,U2 
H4,840,2016,960810,      9.12,      9.12,      9.12,      9.12,0,0,1,0,1,1,U2 
H4,840,2016,960820,      4.00,      4.00,      4.00,      4.00,0,0,0,1,1,1,U2 
H4,840,2016,960830,      2.91,      2.91,      2.91,      2.91,0,0,1,0,1,1,U2 
H4,840,2016,960840,      6.60,      0.00,      6.60,      3.30,0,1,0,1,2,2,U2 
H4,840,2016,960850,,,,,1,0,0,0,0,1,U2 
H4,840,2016,960860,      9.18,      9.18,      9.18,      9.18,0,0,1,0,1,1,U2 
H4,840,2016,960891,      0.00,      0.00,      0.00,      0.00,0,1,0,0,1,1,U2 
H4,840,2016,960899,      0.00,      0.00,      0.00,      0.00,2,2,0,0,2,4,U2 
H4,840,2016,960910,,,,,1,0,0,0,0,1,U2 
H4,840,2016,960920,      0.00,      0.00,      0.00,      0.00,0,2,0,0,2,2,U2 
H4,840,2016,960990,      0.00,      0.00,      0.00,      0.00,0,2,0,0,2,2,U2 
H4,840,2016,961000,      3.50,      3.50,      3.50,      3.50,0,0,0,1,1,1,U2 
H4,840,2016,961100,      2.70,      2.70,      2.70,      2.70,0,0,0,1,1,1,U2 
H4,840,2016,961210,      7.90,      0.00,      7.90,      3.95,0,1,0,1,2,2,U2 
H4,840,2016,961220,      3.50,      3.50,      3.50,      3.50,0,0,0,1,1,1,U2 
H4,840,2016,961310,      8.00,      8.00,      8.00,      8.00,0,0,0,1,1,1,U2 
H4,840,2016,961320,      9.00,      9.00,      9.00,      9.00,0,0,0,1,1,1,U2 
H4,840,2016,961380,     29.30,      3.60,      9.00,      5.86,0,0,0,5,5,5,U2 
H4,840,2016,961390,     11.90,      3.90,      8.00,      5.95,0,0,0,2,2,2,U2 
H4,840,2016,961400,     10.20,      0.00,      7.20,      3.40,3,1,0,2,3,6,U2 
H4,840,2016,961511,     10.50,      0.00,      5.30,      3.50,2,1,0,2,3,5,U2 
H4,840,2016,961519,     11.00,     11.00,     11.00,     11.00,2,0,0,1,1,3,U2 
H4,840,2016,961590,     29.50,      5.10,     11.00,      7.38,0,0,0,4,4,4,U2 
H4,840,2016,961610,      0.00,      0.00,      0.00,      0.00,0,1,0,0,1,1,U2 
H4,840,2016,961620,      4.30,      4.30,      4.30,      4.30,0,0,0,1,1,1,U2 
H4,840,2016,961700,     28.20,      6.90,      7.20,      7.05,0,0,0,4,4,4,U2 
H4,840,2016,961800,      4.40,      4.40,      4.40,      4.40,0,0,0,1,1,1,U2 
H4,840,2016,961900,    144.10,      0.00,     16.00,      7.58,0,2,0,17,19,19,U2 
H4,840,2016,970110,      0.00,      0.00,      0.00,      0.00,0,1,0,0,1,1,U2 
H4,840,2016,970190,      0.00,      0.00,      0.00,      0.00,0,1,0,0,1,1,U2 
H4,840,2016,970200,      0.00,      0.00,      0.00,      0.00,0,1,0,0,1,1,U2 
H4,840,2016,970300,      0.00,      0.00,      0.00,      0.00,0,1,0,0,1,1,U2 
H4,840,2016,970400,      0.00,      0.00,      0.00,      0.00,0,1,0,0,1,1,U2 
H4,840,2016,970500,      0.00,      0.00,      0.00,      0.00,0,1,0,0,1,1,U2 
H4,840,2016,970600,      0.00,      0.00,      0.00,      0.00,0,1,0,0,1,1,U2 
