NomenCode,Reporter_ISO_N,Year,ProductCode,Sum_Of_Rates,Min_Rate,Max_Rate,SimpleAverage,Nbr_NA_Lines,Nbr_Free_Lines,Nbr_AVE_Lines,Nbr_Dutiable_Lines,TotalNoOfValidLines,TotalNoOfLines,EstCode
H5,840,2019,010121,      0.00,      0.00,      0.00,      0.00,0,1,0,0,1,1,U2 
H5,840,2019,010129,      0.00,      0.00,      0.00,      0.00,0,1,0,0,1,1,U2 
H5,840,2019,010130,      6.80,      6.80,      6.80,      6.80,0,0,0,1,1,1,U2 
H5,840,2019,010190,      4.50,      0.00,      4.50,      2.25,0,1,0,1,2,2,U2 
H5,840,2019,010221,      0.00,      0.00,      0.00,      0.00,0,1,0,0,1,1,U2 
H5,840,2019,010229,      0.33,      0.00,      0.33,      0.17,0,1,1,0,2,2,U2 
H5,840,2019,010231,      0.00,      0.00,      0.00,      0.00,0,1,0,0,1,1,U2 
H5,840,2019,010239,      0.18,      0.18,      0.18,      0.18,0,0,1,0,1,1,U2 
H5,840,2019,010290,      0.30,      0.30,      0.30,      0.30,0,0,1,0,1,1,U2 
H5,840,2019,010310,      0.00,      0.00,      0.00,      0.00,0,1,0,0,1,1,U2 
H5,840,2019,010391,      0.00,      0.00,      0.00,      0.00,0,1,0,0,1,1,U2 
H5,840,2019,010392,      0.00,      0.00,      0.00,      0.00,0,1,0,0,1,1,U2 
H5,840,2019,010410,      0.00,      0.00,      0.00,      0.00,0,1,0,0,1,1,U2 
H5,840,2019,010420,      0.61,      0.61,      0.61,      0.61,0,0,1,0,1,1,U2 
H5,840,2019,010511,      0.91,      0.91,      0.91,      0.91,0,0,1,0,1,1,U2 
H5,840,2019,010512,      0.34,      0.34,      0.34,      0.34,0,0,1,0,1,1,U2 
H5,840,2019,010513,      0.58,      0.58,      0.58,      0.58,0,0,1,0,1,1,U2 
H5,840,2019,010514,      0.19,      0.19,      0.19,      0.19,0,0,1,0,1,1,U2 
H5,840,2019,010515,      4.31,      4.31,      4.31,      4.31,0,0,1,0,1,1,U2 
H5,840,2019,010594,      2.29,      2.29,      2.29,      2.29,0,0,1,0,1,1,U2 
H5,840,2019,010599,      1.38,      1.38,      1.38,      1.38,0,0,1,0,1,1,U2 
H5,840,2019,010611,      0.00,      0.00,      0.00,      0.00,0,1,0,0,1,1,U2 
H5,840,2019,010612,      0.00,      0.00,      0.00,      0.00,0,1,0,0,1,1,U2 
H5,840,2019,010613,      0.00,      0.00,      0.00,      0.00,0,1,0,0,1,1,U2 
H5,840,2019,010614,      0.00,      0.00,      0.00,      0.00,0,1,0,0,1,1,U2 
H5,840,2019,010619,      4.80,      0.00,      4.80,      2.40,0,1,0,1,2,2,U2 
H5,840,2019,010620,      0.00,      0.00,      0.00,      0.00,0,1,0,0,1,1,U2 
H5,840,2019,010631,      1.80,      1.80,      1.80,      1.80,0,0,0,1,1,1,U2 
H5,840,2019,010632,      1.80,      1.80,      1.80,      1.80,0,0,0,1,1,1,U2 
H5,840,2019,010633,      1.80,      1.80,      1.80,      1.80,0,0,0,1,1,1,U2 
H5,840,2019,010639,      1.80,      1.80,      1.80,      1.80,0,0,0,1,1,1,U2 
H5,840,2019,010641,      0.00,      0.00,      0.00,      0.00,0,1,0,0,1,1,U2 
H5,840,2019,010649,      0.00,      0.00,      0.00,      0.00,0,1,0,0,1,1,U2 
H5,840,2019,010690,      0.00,      0.00,      0.00,      0.00,0,1,0,0,1,1,U2 
H5,840,2019,020110,     28.59,      1.10,     26.40,      9.53,0,0,2,1,3,3,U2 
H5,840,2019,020120,     56.19,      0.90,     26.40,      8.03,0,0,2,5,7,7,U2 
H5,840,2019,020130,     55.61,      0.61,     26.40,      7.94,0,0,2,5,7,7,U2 
H5,840,2019,020210,     28.35,      0.98,     26.40,      9.45,0,0,2,1,3,3,U2 
H5,840,2019,020220,     56.64,      1.12,     26.40,      8.09,0,0,2,5,7,7,U2 
H5,840,2019,020230,     56.20,      0.90,     26.40,      8.03,0,0,2,5,7,7,U2 
H5,840,2019,020311,      0.00,      0.00,      0.00,      0.00,0,1,0,0,1,1,U2 
H5,840,2019,020312,      0.65,      0.00,      0.65,      0.32,0,1,1,0,2,2,U2 
H5,840,2019,020319,      0.42,      0.00,      0.42,      0.21,0,1,1,0,2,2,U2 
H5,840,2019,020321,      0.00,      0.00,      0.00,      0.00,0,1,0,0,1,1,U2 
H5,840,2019,020322,      0.75,      0.00,      0.75,      0.37,0,1,1,0,2,2,U2 
H5,840,2019,020329,      0.47,      0.00,      0.47,      0.24,0,1,1,0,2,2,U2 
H5,840,2019,020410,      0.11,      0.11,      0.11,      0.11,0,0,1,0,1,1,U2 
H5,840,2019,020421,      0.62,      0.62,      0.62,      0.62,0,0,1,0,1,1,U2 
H5,840,2019,020422,      0.34,      0.07,      0.27,      0.17,0,0,2,0,2,2,U2 
H5,840,2019,020423,      0.33,      0.07,      0.27,      0.17,0,0,2,0,2,2,U2 
H5,840,2019,020430,      0.12,      0.12,      0.12,      0.12,0,0,1,0,1,1,U2 
H5,840,2019,020441,      0.82,      0.82,      0.82,      0.82,0,0,1,0,1,1,U2 
H5,840,2019,020442,      0.66,      0.13,      0.53,      0.33,0,0,2,0,2,2,U2 
H5,840,2019,020443,      0.49,      0.10,      0.39,      0.25,0,0,2,0,2,2,U2 
H5,840,2019,020450,      0.00,      0.00,      0.00,      0.00,0,1,0,0,1,1,U2 
H5,840,2019,020500,      0.00,      0.00,      0.00,      0.00,0,1,0,0,1,1,U2 
H5,840,2019,020610,      0.00,      0.00,      0.00,      0.00,0,1,0,0,1,1,U2 
H5,840,2019,020621,      0.00,      0.00,      0.00,      0.00,0,1,0,0,1,1,U2 
H5,840,2019,020622,      0.00,      0.00,      0.00,      0.00,0,1,0,0,1,1,U2 
H5,840,2019,020629,      0.00,      0.00,      0.00,      0.00,0,1,0,0,1,1,U2 
H5,840,2019,020630,      0.00,      0.00,      0.00,      0.00,0,1,0,0,1,1,U2 
H5,840,2019,020641,      0.00,      0.00,      0.00,      0.00,0,1,0,0,1,1,U2 
H5,840,2019,020649,      0.00,      0.00,      0.00,      0.00,0,1,0,0,1,1,U2 
H5,840,2019,020680,      0.00,      0.00,      0.00,      0.00,0,1,0,0,1,1,U2 
H5,840,2019,020690,      0.00,      0.00,      0.00,      0.00,0,1,0,0,1,1,U2 
H5,840,2019,020711,      3.58,      3.58,      3.58,      3.58,0,0,1,0,1,1,U2 
H5,840,2019,020712,      4.21,      4.21,      4.21,      4.21,0,0,1,0,1,1,U2 
H5,840,2019,020713,      7.30,      7.30,      7.30,      7.30,0,0,1,0,1,1,U2 
H5,840,2019,020714,      7.57,      7.57,      7.57,      7.57,0,0,1,0,1,1,U2 
H5,840,2019,020724,      5.43,      5.43,      5.43,      5.43,0,0,1,0,1,1,U2 
H5,840,2019,020725,     12.48,      2.48,     10.00,      6.24,0,0,1,1,2,2,U2 
H5,840,2019,020726,      4.80,      4.80,      4.80,      4.80,0,0,1,0,1,1,U2 
H5,840,2019,020727,      5.83,      5.83,      5.83,      5.83,0,0,1,0,1,1,U2 
H5,840,2019,020741,      2.56,      2.56,      2.56,      2.56,0,0,1,0,1,1,U2 
H5,840,2019,020742,      3.25,      3.25,      3.25,      3.25,0,0,1,0,1,1,U2 
H5,840,2019,020743,      0.78,      0.78,      0.78,      0.78,0,0,1,0,1,1,U2 
H5,840,2019,020744,      2.48,      2.48,      2.48,      2.48,0,0,1,0,1,1,U2 
H5,840,2019,020745,      2.64,      2.64,      2.64,      2.64,0,0,1,0,1,1,U2 
H5,840,2019,020751,      1.75,      1.75,      1.75,      1.75,0,0,1,0,1,1,U2 
H5,840,2019,020752,      2.32,      2.32,      2.32,      2.32,0,0,1,0,1,1,U2 
H5,840,2019,020753,      0.52,      0.52,      0.52,      0.52,0,0,1,0,1,1,U2 
H5,840,2019,020754,      2.49,      2.49,      2.49,      2.49,0,0,1,0,1,1,U2 
H5,840,2019,020755,      2.52,      2.52,      2.52,      2.52,0,0,1,0,1,1,U2 
H5,840,2019,020760,     11.23,      1.40,      2.81,      2.25,0,0,5,0,5,5,U2 
H5,840,2019,020810,      6.40,      6.40,      6.40,      6.40,0,0,0,1,1,1,U2 
H5,840,2019,020830,      6.40,      6.40,      6.40,      6.40,0,0,0,1,1,1,U2 
H5,840,2019,020840,      6.40,      6.40,      6.40,      6.40,0,0,0,1,1,1,U2 
H5,840,2019,020850,      6.40,      6.40,      6.40,      6.40,0,0,0,1,1,1,U2 
H5,840,2019,020860,      6.40,      6.40,      6.40,      6.40,0,0,0,1,1,1,U2 
H5,840,2019,020890,      7.50,      0.00,      6.40,      1.88,0,2,1,1,4,4,U2 
H5,840,2019,020910,      3.20,      3.20,      3.20,      3.20,0,0,0,1,1,1,U2 
H5,840,2019,020990,      3.20,      3.20,      3.20,      3.20,0,0,0,1,1,1,U2 
H5,840,2019,021011,      0.25,      0.25,      0.25,      0.25,0,0,1,0,1,1,U2 
H5,840,2019,021012,      0.26,      0.26,      0.26,      0.26,0,0,1,0,1,1,U2 
H5,840,2019,021019,      0.25,      0.25,      0.25,      0.25,0,0,1,0,1,1,U2 
H5,840,2019,021020,      0.00,      0.00,      0.00,      0.00,0,1,0,0,1,1,U2 
H5,840,2019,021091,      2.30,      2.30,      2.30,      2.30,0,0,0,1,1,1,U2 
H5,840,2019,021092,      2.30,      2.30,      2.30,      2.30,0,0,0,1,1,1,U2 
H5,840,2019,021093,      2.30,      2.30,      2.30,      2.30,0,0,0,1,1,1,U2 
H5,840,2019,021099,      4.60,      2.30,      2.30,      2.30,0,0,0,2,2,2,U2 
H5,840,2019,030111,      0.00,      0.00,      0.00,      0.00,0,1,0,0,1,1,U2 
H5,840,2019,030119,      0.00,      0.00,      0.00,      0.00,0,1,0,0,1,1,U2 
H5,840,2019,030191,      0.00,      0.00,      0.00,      0.00,0,1,0,0,1,1,U2 
H5,840,2019,030192,      0.00,      0.00,      0.00,      0.00,0,1,0,0,1,1,U2 
H5,840,2019,030193,      0.00,      0.00,      0.00,      0.00,0,1,0,0,1,1,U2 
H5,840,2019,030194,      0.00,      0.00,      0.00,      0.00,0,1,0,0,1,1,U2 
H5,840,2019,030195,      0.00,      0.00,      0.00,      0.00,0,1,0,0,1,1,U2 
H5,840,2019,030199,      0.00,      0.00,      0.00,      0.00,0,1,0,0,1,1,U2 
H5,840,2019,030211,      0.00,      0.00,      0.00,      0.00,0,1,0,0,1,1,U2 
H5,840,2019,030213,      0.00,      0.00,      0.00,      0.00,0,1,0,0,1,1,U2 
H5,840,2019,030214,      0.00,      0.00,      0.00,      0.00,0,1,0,0,1,1,U2 
H5,840,2019,030219,      0.00,      0.00,      0.00,      0.00,0,1,0,0,1,1,U2 
H5,840,2019,030221,      0.00,      0.00,      0.00,      0.00,0,1,0,0,1,1,U2 
H5,840,2019,030222,      0.00,      0.00,      0.00,      0.00,0,1,0,0,1,1,U2 
H5,840,2019,030223,      0.08,      0.08,      0.08,      0.08,0,0,1,0,1,1,U2 
H5,840,2019,030224,      0.00,      0.00,      0.00,      0.00,0,1,0,0,1,1,U2 
H5,840,2019,030229,      0.00,      0.00,      0.00,      0.00,0,1,0,0,1,1,U2 
H5,840,2019,030231,      0.00,      0.00,      0.00,      0.00,0,1,0,0,1,1,U2 
H5,840,2019,030232,      0.00,      0.00,      0.00,      0.00,0,1,0,0,1,1,U2 
H5,840,2019,030233,      0.00,      0.00,      0.00,      0.00,0,1,0,0,1,1,U2 
H5,840,2019,030234,      0.00,      0.00,      0.00,      0.00,0,1,0,0,1,1,U2 
H5,840,2019,030235,      0.00,      0.00,      0.00,      0.00,0,1,0,0,1,1,U2 
H5,840,2019,030236,      0.00,      0.00,      0.00,      0.00,0,1,0,0,1,1,U2 
H5,840,2019,030239,      0.00,      0.00,      0.00,      0.00,0,1,0,0,1,1,U2 
H5,840,2019,030241,      0.00,      0.00,      0.00,      0.00,0,1,0,0,1,1,U2 
H5,840,2019,030242,      0.00,      0.00,      0.00,      0.00,0,1,0,0,1,1,U2 
H5,840,2019,030243,      0.00,      0.00,      0.00,      0.00,0,1,0,0,1,1,U2 
H5,840,2019,030244,      0.00,      0.00,      0.00,      0.00,0,1,0,0,1,1,U2 
H5,840,2019,030245,      3.00,      0.00,      3.00,      1.50,0,1,0,1,2,2,U2 
H5,840,2019,030246,      3.00,      0.00,      3.00,      1.50,0,1,0,1,2,2,U2 
H5,840,2019,030247,      0.00,      0.00,      0.00,      0.00,0,1,0,0,1,1,U2 
H5,840,2019,030249,      0.00,      0.00,      0.00,      0.00,0,1,0,0,1,1,U2 
H5,840,2019,030251,      0.00,      0.00,      0.00,      0.00,0,1,0,0,1,1,U2 
H5,840,2019,030252,      0.00,      0.00,      0.00,      0.00,0,1,0,0,1,1,U2 
H5,840,2019,030253,      0.00,      0.00,      0.00,      0.00,0,1,0,0,1,1,U2 
H5,840,2019,030254,      3.00,      0.00,      3.00,      1.50,0,1,0,1,2,2,U2 
H5,840,2019,030255,      3.00,      0.00,      3.00,      1.50,0,1,0,1,2,2,U2 
H5,840,2019,030256,      3.00,      0.00,      3.00,      1.50,0,1,0,1,2,2,U2 
H5,840,2019,030259,      3.00,      0.00,      3.00,      1.50,0,1,0,1,2,2,U2 
H5,840,2019,030271,      3.00,      0.00,      3.00,      1.50,0,1,0,1,2,2,U2 
H5,840,2019,030272,      3.00,      0.00,      3.00,      1.50,0,1,0,1,2,2,U2 
H5,840,2019,030273,      3.00,      0.00,      3.00,      1.50,0,1,0,1,2,2,U2 
H5,840,2019,030274,      0.00,      0.00,      0.00,      0.00,0,1,0,0,1,1,U2 
H5,840,2019,030279,      3.00,      0.00,      3.00,      1.50,0,1,0,1,2,2,U2 
H5,840,2019,030281,      0.00,      0.00,      0.00,      0.00,0,1,0,0,1,1,U2 
H5,840,2019,030282,      0.00,      0.00,      0.00,      0.00,0,1,0,0,1,1,U2 
H5,840,2019,030283,      0.00,      0.00,      0.00,      0.00,0,1,0,0,1,1,U2 
H5,840,2019,030284,      3.00,      0.00,      3.00,      1.50,0,1,0,1,2,2,U2 
H5,840,2019,030285,      3.00,      0.00,      3.00,      1.50,0,1,0,1,2,2,U2 
H5,840,2019,030289,      3.00,      0.00,      3.00,      1.50,0,1,0,1,2,2,U2 
H5,840,2019,030291,     15.00,      0.00,     15.00,      7.50,0,1,0,1,2,2,U2 
H5,840,2019,030292,      0.00,      0.00,      0.00,      0.00,0,1,0,0,1,1,U2 
H5,840,2019,030299,      0.00,      0.00,      0.00,      0.00,0,1,0,0,1,1,U2 
H5,840,2019,030311,      0.00,      0.00,      0.00,      0.00,0,1,0,0,1,1,U2 
H5,840,2019,030312,      0.00,      0.00,      0.00,      0.00,0,1,0,0,1,1,U2 
H5,840,2019,030313,      0.00,      0.00,      0.00,      0.00,0,1,0,0,1,1,U2 
H5,840,2019,030314,      0.00,      0.00,      0.00,      0.00,0,1,0,0,1,1,U2 
H5,840,2019,030319,      0.00,      0.00,      0.00,      0.00,0,1,0,0,1,1,U2 
H5,840,2019,030323,      0.00,      0.00,      0.00,      0.00,0,1,0,0,1,1,U2 
H5,840,2019,030324,      0.00,      0.00,      0.00,      0.00,0,1,0,0,1,1,U2 
H5,840,2019,030325,      0.00,      0.00,      0.00,      0.00,0,1,0,0,1,1,U2 
H5,840,2019,030326,      0.00,      0.00,      0.00,      0.00,0,1,0,0,1,1,U2 
H5,840,2019,030329,      0.00,      0.00,      0.00,      0.00,0,1,0,0,1,1,U2 
H5,840,2019,030331,      0.00,      0.00,      0.00,      0.00,0,1,0,0,1,1,U2 
H5,840,2019,030332,      0.00,      0.00,      0.00,      0.00,0,1,0,0,1,1,U2 
H5,840,2019,030333,      0.19,      0.19,      0.19,      0.19,0,0,1,0,1,1,U2 
H5,840,2019,030334,      0.14,      0.14,      0.14,      0.14,0,0,1,0,1,1,U2 
H5,840,2019,030339,      0.52,      0.52,      0.52,      0.52,0,0,1,0,1,1,U2 
H5,840,2019,030341,      0.00,      0.00,      0.00,      0.00,0,1,0,0,1,1,U2 
H5,840,2019,030342,      0.00,      0.00,      0.00,      0.00,0,1,0,0,1,1,U2 
H5,840,2019,030343,      0.00,      0.00,      0.00,      0.00,0,1,0,0,1,1,U2 
H5,840,2019,030344,      0.00,      0.00,      0.00,      0.00,0,1,0,0,1,1,U2 
H5,840,2019,030345,      0.00,      0.00,      0.00,      0.00,0,1,0,0,1,1,U2 
H5,840,2019,030346,      0.00,      0.00,      0.00,      0.00,0,1,0,0,1,1,U2 
H5,840,2019,030349,      0.00,      0.00,      0.00,      0.00,0,1,0,0,1,1,U2 
H5,840,2019,030351,      0.00,      0.00,      0.00,      0.00,0,1,0,0,1,1,U2 
H5,840,2019,030353,      1.29,      1.29,      1.29,      1.29,0,0,1,0,1,1,U2 
H5,840,2019,030354,      0.00,      0.00,      0.00,      0.00,0,1,0,0,1,1,U2 
H5,840,2019,030355,      0.00,      0.00,      0.00,      0.00,0,1,0,0,1,1,U2 
H5,840,2019,030356,      0.00,      0.00,      0.00,      0.00,0,1,0,0,1,1,U2 
H5,840,2019,030357,      0.00,      0.00,      0.00,      0.00,0,1,0,0,1,1,U2 
H5,840,2019,030359,      0.00,      0.00,      0.00,      0.00,0,1,0,0,1,1,U2 
H5,840,2019,030363,      0.00,      0.00,      0.00,      0.00,0,1,0,0,1,1,U2 
H5,840,2019,030364,      0.00,      0.00,      0.00,      0.00,0,1,0,0,1,1,U2 
H5,840,2019,030365,      0.00,      0.00,      0.00,      0.00,0,1,0,0,1,1,U2 
H5,840,2019,030366,      0.00,      0.00,      0.00,      0.00,0,1,0,0,1,1,U2 
H5,840,2019,030367,      0.00,      0.00,      0.00,      0.00,0,1,0,0,1,1,U2 
H5,840,2019,030368,      0.00,      0.00,      0.00,      0.00,0,1,0,0,1,1,U2 
H5,840,2019,030369,      0.00,      0.00,      0.00,      0.00,0,1,0,0,1,1,U2 
H5,840,2019,030381,      0.55,      0.55,      0.55,      0.55,0,0,1,0,1,1,U2 
H5,840,2019,030382,      0.00,      0.00,      0.00,      0.00,0,1,0,0,1,1,U2 
H5,840,2019,030383,      0.00,      0.00,      0.00,      0.00,0,1,0,0,1,1,U2 
H5,840,2019,030384,      0.00,      0.00,      0.00,      0.00,0,1,0,0,1,1,U2 
H5,840,2019,030389,      0.00,      0.00,      0.00,      0.00,0,1,0,0,1,1,U2 
H5,840,2019,030391,     15.00,      0.00,     15.00,      7.50,0,1,0,1,2,2,U2 
H5,840,2019,030392,      0.10,      0.10,      0.10,      0.10,0,0,1,0,1,1,U2 
H5,840,2019,030399,      0.00,      0.00,      0.00,      0.00,0,1,0,0,1,1,U2 
H5,840,2019,030431,      0.00,      0.00,      0.00,      0.00,0,1,0,0,1,1,U2 
H5,840,2019,030432,      0.00,      0.00,      0.00,      0.00,0,1,0,0,1,1,U2 
H5,840,2019,030433,      0.00,      0.00,      0.00,      0.00,0,1,0,0,1,1,U2 
H5,840,2019,030439,      0.00,      0.00,      0.00,      0.00,0,1,0,0,1,1,U2 
H5,840,2019,030441,      0.00,      0.00,      0.00,      0.00,0,1,0,0,1,1,U2 
H5,840,2019,030442,      0.00,      0.00,      0.00,      0.00,0,1,0,0,1,1,U2 
H5,840,2019,030443,      0.00,      0.00,      0.00,      0.00,0,1,0,0,1,1,U2 
H5,840,2019,030444,      0.00,      0.00,      0.00,      0.00,0,1,0,0,1,1,U2 
H5,840,2019,030445,      0.00,      0.00,      0.00,      0.00,0,1,0,0,1,1,U2 
H5,840,2019,030446,      0.00,      0.00,      0.00,      0.00,0,1,0,0,1,1,U2 
H5,840,2019,030447,      0.00,      0.00,      0.00,      0.00,0,1,0,0,1,1,U2 
H5,840,2019,030448,      0.00,      0.00,      0.00,      0.00,0,1,0,0,1,1,U2 
H5,840,2019,030449,      0.00,      0.00,      0.00,      0.00,0,1,0,0,1,1,U2 
H5,840,2019,030451,      0.00,      0.00,      0.00,      0.00,0,1,0,0,1,1,U2 
H5,840,2019,030452,      0.00,      0.00,      0.00,      0.00,0,1,0,0,1,1,U2 
H5,840,2019,030453,      0.00,      0.00,      0.00,      0.00,0,1,0,0,1,1,U2 
H5,840,2019,030454,      0.00,      0.00,      0.00,      0.00,0,1,0,0,1,1,U2 
H5,840,2019,030455,      0.00,      0.00,      0.00,      0.00,0,1,0,0,1,1,U2 
H5,840,2019,030456,      0.00,      0.00,      0.00,      0.00,0,1,0,0,1,1,U2 
H5,840,2019,030457,      0.00,      0.00,      0.00,      0.00,0,1,0,0,1,1,U2 
H5,840,2019,030459,      0.00,      0.00,      0.00,      0.00,0,1,0,0,1,1,U2 
H5,840,2019,030461,      0.00,      0.00,      0.00,      0.00,0,1,0,0,1,1,U2 
H5,840,2019,030462,      0.00,      0.00,      0.00,      0.00,0,1,0,0,1,1,U2 
H5,840,2019,030463,      0.00,      0.00,      0.00,      0.00,0,1,0,0,1,1,U2 
H5,840,2019,030469,      0.00,      0.00,      0.00,      0.00,0,1,0,0,1,1,U2 
H5,840,2019,030471,      0.00,      0.00,      0.00,      0.00,0,2,0,0,2,2,U2 
H5,840,2019,030472,      0.00,      0.00,      0.00,      0.00,0,2,0,0,2,2,U2 
H5,840,2019,030473,      0.00,      0.00,      0.00,      0.00,0,2,0,0,2,2,U2 
H5,840,2019,030474,      0.00,      0.00,      0.00,      0.00,0,2,0,0,2,2,U2 
H5,840,2019,030475,      0.00,      0.00,      0.00,      0.00,0,2,0,0,2,2,U2 
H5,840,2019,030479,      0.00,      0.00,      0.00,      0.00,0,2,0,0,2,2,U2 
H5,840,2019,030481,      0.00,      0.00,      0.00,      0.00,0,2,0,0,2,2,U2 
H5,840,2019,030482,      0.00,      0.00,      0.00,      0.00,0,2,0,0,2,2,U2 
H5,840,2019,030483,      0.00,      0.00,      0.00,      0.00,0,2,0,0,2,2,U2 
H5,840,2019,030484,      0.00,      0.00,      0.00,      0.00,0,1,0,0,1,1,U2 
H5,840,2019,030485,      0.00,      0.00,      0.00,      0.00,0,1,0,0,1,1,U2 
H5,840,2019,030486,      0.00,      0.00,      0.00,      0.00,0,1,0,0,1,1,U2 
H5,840,2019,030487,      0.00,      0.00,      0.00,      0.00,0,1,0,0,1,1,U2 
H5,840,2019,030488,      0.00,      0.00,      0.00,      0.00,0,1,0,0,1,1,U2 
H5,840,2019,030489,      0.00,      0.00,      0.00,      0.00,0,2,0,0,2,2,U2 
H5,840,2019,030491,      6.00,      0.00,      6.00,      3.00,0,1,0,1,2,2,U2 
H5,840,2019,030492,      6.00,      0.00,      6.00,      3.00,0,1,0,1,2,2,U2 
H5,840,2019,030493,      6.00,      0.00,      6.00,      3.00,0,1,0,1,2,2,U2 
H5,840,2019,030494,      6.00,      0.00,      6.00,      3.00,0,1,0,1,2,2,U2 
H5,840,2019,030495,      6.00,      0.00,      6.00,      3.00,0,1,0,1,2,2,U2 
H5,840,2019,030496,      6.00,      6.00,      6.00,      6.00,0,0,0,1,1,1,U2 
H5,840,2019,030497,      6.00,      6.00,      6.00,      6.00,0,0,0,1,1,1,U2 
H5,840,2019,030499,      6.00,      0.00,      6.00,      3.00,0,1,0,1,2,2,U2 
H5,840,2019,030510,      6.00,      0.00,      6.00,      3.00,0,1,0,1,2,2,U2 
H5,840,2019,030520,      7.50,      0.00,      7.50,      3.75,0,1,0,1,2,2,U2 
H5,840,2019,030531,      0.00,      0.00,      0.00,      0.00,0,1,0,0,1,1,U2 
H5,840,2019,030532,      0.00,      0.00,      0.00,      0.00,0,1,0,0,1,1,U2 
H5,840,2019,030539,      9.00,      0.00,      5.00,      3.00,0,1,0,2,3,3,U2 
H5,840,2019,030541,      5.00,      5.00,      5.00,      5.00,0,0,0,1,1,1,U2 
H5,840,2019,030542,      0.00,      0.00,      0.00,      0.00,0,1,0,0,1,1,U2 
H5,840,2019,030543,      0.00,      0.00,      0.00,      0.00,0,1,0,0,1,1,U2 
H5,840,2019,030544,      0.00,      0.00,      0.00,      0.00,0,1,0,0,1,1,U2 
H5,840,2019,030549,      0.00,      0.00,      0.00,      0.00,0,2,0,0,2,2,U2 
H5,840,2019,030551,      0.00,      0.00,      0.00,      0.00,0,1,0,0,1,1,U2 
H5,840,2019,030552,      0.00,      0.00,      0.00,      0.00,0,1,0,0,1,1,U2 
H5,840,2019,030553,      0.00,      0.00,      0.00,      0.00,0,1,0,0,1,1,U2 
H5,840,2019,030554,      0.00,      0.00,      0.00,      0.00,0,1,0,0,1,1,U2 
H5,840,2019,030559,      0.00,      0.00,      0.00,      0.00,0,1,0,0,1,1,U2 
H5,840,2019,030561,      4.00,      0.00,      4.00,      2.00,0,1,0,1,2,2,U2 
H5,840,2019,030562,      0.00,      0.00,      0.00,      0.00,0,1,0,0,1,1,U2 
H5,840,2019,030563,      5.00,      0.00,      5.00,      1.67,0,2,0,1,3,3,U2 
H5,840,2019,030564,      0.50,      0.00,      0.50,      0.25,0,1,0,1,2,2,U2 
H5,840,2019,030569,      8.50,      0.00,      5.00,      1.42,0,3,0,3,6,6,U2 
H5,840,2019,030571,      0.00,      0.00,      0.00,      0.00,0,1,0,0,1,1,U2 
H5,840,2019,030572,      0.00,      0.00,      0.00,      0.00,0,1,0,0,1,1,U2 
H5,840,2019,030579,      0.00,      0.00,      0.00,      0.00,0,1,0,0,1,1,U2 
H5,840,2019,030611,      0.00,      0.00,      0.00,      0.00,0,1,0,0,1,1,U2 
H5,840,2019,030612,      0.00,      0.00,      0.00,      0.00,0,1,0,0,1,1,U2 
H5,840,2019,030614,      7.50,      0.00,      7.50,      3.75,0,1,0,1,2,2,U2 
H5,840,2019,030615,      0.00,      0.00,      0.00,      0.00,0,1,0,0,1,1,U2 
H5,840,2019,030616,      0.00,      0.00,      0.00,      0.00,0,1,0,0,1,1,U2 
H5,840,2019,030617,      0.00,      0.00,      0.00,      0.00,0,1,0,0,1,1,U2 
H5,840,2019,030619,      0.00,      0.00,      0.00,      0.00,0,1,0,0,1,1,U2 
H5,840,2019,030631,      0.00,      0.00,      0.00,      0.00,0,1,0,0,1,1,U2 
H5,840,2019,030632,      0.00,      0.00,      0.00,      0.00,0,1,0,0,1,1,U2 
H5,840,2019,030633,      7.50,      0.00,      7.50,      3.75,0,1,0,1,2,2,U2 
H5,840,2019,030634,      0.00,      0.00,      0.00,      0.00,0,1,0,0,1,1,U2 
H5,840,2019,030635,      0.00,      0.00,      0.00,      0.00,0,1,0,0,1,1,U2 
H5,840,2019,030636,      0.00,      0.00,      0.00,      0.00,0,1,0,0,1,1,U2 
H5,840,2019,030639,      0.00,      0.00,      0.00,      0.00,0,1,0,0,1,1,U2 
H5,840,2019,030691,      0.00,      0.00,      0.00,      0.00,0,1,0,0,1,1,U2 
H5,840,2019,030692,      0.00,      0.00,      0.00,      0.00,0,1,0,0,1,1,U2 
H5,840,2019,030693,      7.50,      0.00,      7.50,      3.75,0,1,0,1,2,2,U2 
H5,840,2019,030694,      0.00,      0.00,      0.00,      0.00,0,1,0,0,1,1,U2 
H5,840,2019,030695,      0.00,      0.00,      0.00,      0.00,0,1,0,0,1,1,U2 
H5,840,2019,030699,      0.00,      0.00,      0.00,      0.00,0,1,0,0,1,1,U2 
H5,840,2019,030711,      0.00,      0.00,      0.00,      0.00,0,1,0,0,1,1,U2 
H5,840,2019,030712,      0.00,      0.00,      0.00,      0.00,0,1,0,0,1,1,U2 
H5,840,2019,030719,      0.00,      0.00,      0.00,      0.00,0,1,0,0,1,1,U2 
H5,840,2019,030721,      0.00,      0.00,      0.00,      0.00,0,1,0,0,1,1,U2 
H5,840,2019,030722,      0.00,      0.00,      0.00,      0.00,0,1,0,0,1,1,U2 
H5,840,2019,030729,      0.00,      0.00,      0.00,      0.00,0,1,0,0,1,1,U2 
H5,840,2019,030731,      0.00,      0.00,      0.00,      0.00,0,1,0,0,1,1,U2 
H5,840,2019,030732,      0.00,      0.00,      0.00,      0.00,0,1,0,0,1,1,U2 
H5,840,2019,030739,      0.00,      0.00,      0.00,      0.00,0,1,0,0,1,1,U2 
H5,840,2019,030742,      0.00,      0.00,      0.00,      0.00,0,1,0,0,1,1,U2 
H5,840,2019,030743,      0.00,      0.00,      0.00,      0.00,0,1,0,0,1,1,U2 
H5,840,2019,030749,      0.00,      0.00,      0.00,      0.00,0,1,0,0,1,1,U2 
H5,840,2019,030751,      0.00,      0.00,      0.00,      0.00,0,1,0,0,1,1,U2 
H5,840,2019,030752,      0.00,      0.00,      0.00,      0.00,0,1,0,0,1,1,U2 
H5,840,2019,030759,      0.00,      0.00,      0.00,      0.00,0,1,0,0,1,1,U2 
H5,840,2019,030760,      5.00,      5.00,      5.00,      5.00,0,0,0,1,1,1,U2 
H5,840,2019,030771,      0.00,      0.00,      0.00,      0.00,0,1,0,0,1,1,U2 
H5,840,2019,030772,      0.00,      0.00,      0.00,      0.00,0,1,0,0,1,1,U2 
H5,840,2019,030779,      0.00,      0.00,      0.00,      0.00,0,1,0,0,1,1,U2 
H5,840,2019,030781,      0.00,      0.00,      0.00,      0.00,0,1,0,0,1,1,U2 
H5,840,2019,030782,      0.00,      0.00,      0.00,      0.00,0,1,0,0,1,1,U2 
H5,840,2019,030783,      0.00,      0.00,      0.00,      0.00,0,1,0,0,1,1,U2 
H5,840,2019,030784,      0.00,      0.00,      0.00,      0.00,0,1,0,0,1,1,U2 
H5,840,2019,030787,      0.00,      0.00,      0.00,      0.00,0,1,0,0,1,1,U2 
H5,840,2019,030788,      0.00,      0.00,      0.00,      0.00,0,1,0,0,1,1,U2 
H5,840,2019,030791,      0.00,      0.00,      0.00,      0.00,0,1,0,0,1,1,U2 
H5,840,2019,030792,      0.00,      0.00,      0.00,      0.00,0,1,0,0,1,1,U2 
H5,840,2019,030799,      0.00,      0.00,      0.00,      0.00,0,1,0,0,1,1,U2 
H5,840,2019,030811,      0.00,      0.00,      0.00,      0.00,0,1,0,0,1,1,U2 
H5,840,2019,030812,      0.00,      0.00,      0.00,      0.00,0,1,0,0,1,1,U2 
H5,840,2019,030819,      0.00,      0.00,      0.00,      0.00,0,1,0,0,1,1,U2 
H5,840,2019,030821,      0.00,      0.00,      0.00,      0.00,0,1,0,0,1,1,U2 
H5,840,2019,030822,      0.00,      0.00,      0.00,      0.00,0,1,0,0,1,1,U2 
H5,840,2019,030829,      0.00,      0.00,      0.00,      0.00,0,1,0,0,1,1,U2 
H5,840,2019,030830,      0.00,      0.00,      0.00,      0.00,0,1,0,0,1,1,U2 
H5,840,2019,030890,      0.00,      0.00,      0.00,      0.00,0,1,0,0,1,1,U2 
H5,840,2019,040110,      0.70,      0.70,      0.70,      0.70,0,0,1,0,1,1,U2 
H5,840,2019,040120,      4.03,      0.90,      3.13,      2.01,0,0,2,0,2,2,U2 
H5,840,2019,040140,    115.74,      4.43,    106.88,     38.58,0,0,3,0,3,3,U2 
H5,840,2019,040150,    106.21,      1.25,     64.09,     17.70,0,0,6,0,6,6,U2 
H5,840,2019,040210,     43.45,      1.54,     40.37,     14.48,0,0,3,0,3,3,U2 
H5,840,2019,040221,    120.22,      0.99,     46.89,     13.36,0,0,9,0,9,9,U2 
H5,840,2019,040229,     82.72,     17.50,     47.72,     27.57,0,0,1,2,3,3,U2 
H5,840,2019,040291,     71.83,      2.15,     30.55,     11.97,0,0,6,0,6,6,U2 
H5,840,2019,040299,    124.23,      1.53,     36.42,     13.80,0,0,7,2,9,9,U2 
H5,840,2019,040310,    141.07,     17.00,     84.07,     35.27,0,0,1,3,4,4,U2 
H5,840,2019,040390,    618.28,      0.24,    115.37,     30.91,0,0,17,3,20,20,U2 
H5,840,2019,040410,    262.19,      0.38,    123.05,     32.77,0,0,5,3,8,8,U2 
H5,840,2019,040490,    116.68,      0.22,     78.96,     23.34,0,0,2,3,5,5,U2 
H5,840,2019,040510,     34.43,      2.37,     29.69,     11.48,0,0,3,0,3,3,U2 
H5,840,2019,040520,    106.72,      3.00,     45.67,     13.34,0,0,5,3,8,8,U2 
H5,840,2019,040590,     58.48,     10.00,     38.48,     19.49,0,0,1,2,3,3,U2 
H5,840,2019,040610,    517.99,      8.50,     64.60,     24.67,0,0,9,12,21,21,U2 
H5,840,2019,040620,    718.62,      8.00,     42.68,     18.91,0,0,13,25,38,38,U2 
H5,840,2019,040630,    727.55,      6.40,     49.17,     20.21,0,0,13,23,36,36,U2 
H5,840,2019,040640,    136.15,      2.70,     29.15,     15.13,0,0,1,8,9,9,U2 
H5,840,2019,040690,    888.65,      0.00,     43.91,     17.77,0,2,15,33,50,50,U2 
H5,840,2019,040711,,,,,1,0,0,0,0,1,U2 
H5,840,2019,040719,,,,,1,0,0,0,0,1,U2 
H5,840,2019,040721,,,,,1,0,0,0,0,1,U2 
H5,840,2019,040729,,,,,1,0,0,0,0,1,U2 
H5,840,2019,040790,,,,,1,0,0,0,0,1,U2 
H5,840,2019,040811,      9.53,      9.53,      9.53,      9.53,0,0,1,0,1,1,U2 
H5,840,2019,040819,      3.92,      3.92,      3.92,      3.92,0,0,1,0,1,1,U2 
H5,840,2019,040891,      9.78,      9.78,      9.78,      9.78,0,0,1,0,1,1,U2 
H5,840,2019,040899,      5.55,      5.55,      5.55,      5.55,0,0,1,0,1,1,U2 
H5,840,2019,040900,      0.60,      0.60,      0.60,      0.60,0,0,1,0,1,1,U2 
H5,840,2019,041000,      1.10,      1.10,      1.10,      1.10,0,0,0,1,1,1,U2 
H5,840,2019,050100,      1.40,      1.40,      1.40,      1.40,0,0,0,1,1,1,U2 
H5,840,2019,050210,      0.12,      0.12,      0.12,      0.12,0,0,1,0,1,1,U2 
H5,840,2019,050290,      0.00,      0.00,      0.00,      0.00,0,1,0,0,1,1,U2 
H5,840,2019,050400,      0.00,      0.00,      0.00,      0.00,0,1,0,0,1,1,U2 
H5,840,2019,050510,      0.00,      0.00,      0.00,      0.00,0,1,0,0,1,1,U2 
H5,840,2019,050590,      2.30,      0.00,      2.30,      1.15,0,1,0,1,2,2,U2 
H5,840,2019,050610,      0.00,      0.00,      0.00,      0.00,0,1,0,0,1,1,U2 
H5,840,2019,050690,      0.00,      0.00,      0.00,      0.00,0,1,0,0,1,1,U2 
H5,840,2019,050710,      0.00,      0.00,      0.00,      0.00,0,1,0,0,1,1,U2 
H5,840,2019,050790,      0.00,      0.00,      0.00,      0.00,0,1,0,0,1,1,U2 
H5,840,2019,050800,      0.00,      0.00,      0.00,      0.00,0,1,0,0,1,1,U2 
H5,840,2019,051000,      5.10,      0.00,      5.10,      2.55,0,1,0,1,2,2,U2 
H5,840,2019,051110,      0.00,      0.00,      0.00,      0.00,0,1,0,0,1,1,U2 
H5,840,2019,051191,      0.00,      0.00,      0.00,      0.00,0,1,0,0,1,1,U2 
H5,840,2019,051199,      4.10,      0.00,      3.00,      0.82,0,3,0,2,5,5,U2 
H5,840,2019,060110,      3.50,      3.50,      3.50,      3.50,6,0,0,1,1,7,U2 
H5,840,2019,060120,      1.40,      1.40,      1.40,      1.40,1,0,0,1,1,2,U2 
H5,840,2019,060210,      4.80,      4.80,      4.80,      4.80,0,0,0,1,1,1,U2 
H5,840,2019,060220,      0.00,      0.00,      0.00,      0.00,0,1,0,0,1,1,U2 
H5,840,2019,060230,      1.90,      1.90,      1.90,      1.90,0,0,0,1,1,1,U2 
H5,840,2019,060240,      0.00,      0.00,      0.00,      0.00,0,1,0,0,1,1,U2 
H5,840,2019,060290,     12.31,      0.00,      4.80,      2.05,0,1,1,4,6,6,U2 
H5,840,2019,060311,      6.80,      6.80,      6.80,      6.80,0,0,0,1,1,1,U2 
H5,840,2019,060312,      9.60,      3.20,      6.40,      4.80,0,0,0,2,2,2,U2 
H5,840,2019,060313,      6.40,      6.40,      6.40,      6.40,0,0,0,1,1,1,U2 
H5,840,2019,060314,      6.40,      6.40,      6.40,      6.40,0,0,0,1,1,1,U2 
H5,840,2019,060315,      6.40,      6.40,      6.40,      6.40,0,0,0,1,1,1,U2 
H5,840,2019,060319,      6.40,      6.40,      6.40,      6.40,0,0,0,1,1,1,U2 
H5,840,2019,060390,      4.00,      4.00,      4.00,      4.00,0,0,0,1,1,1,U2 
H5,840,2019,060420,      0.00,      0.00,      0.00,      0.00,0,1,0,0,1,1,U2 
H5,840,2019,060490,      7.00,      0.00,      7.00,      2.33,0,2,0,1,3,3,U2 
H5,840,2019,070110,      0.94,      0.94,      0.94,      0.94,0,0,1,0,1,1,U2 
H5,840,2019,070190,      3.42,      1.71,      1.71,      1.71,0,0,2,0,2,2,U2 
H5,840,2019,070200,      6.33,      1.87,      2.60,      2.11,0,0,3,0,3,3,U2 
H5,840,2019,070310,      7.99,      1.36,      5.07,      2.66,0,0,3,0,3,3,U2 
H5,840,2019,070320,      0.22,      0.22,      0.22,      0.22,0,0,1,0,1,1,U2 
H5,840,2019,070390,     20.00,     20.00,     20.00,     20.00,0,0,0,1,1,1,U2 
H5,840,2019,070410,     26.50,      2.50,     14.00,      8.83,0,0,0,3,3,3,U2 
H5,840,2019,070420,     12.50,     12.50,     12.50,     12.50,0,0,0,1,1,1,U2 
H5,840,2019,070490,     20.52,      0.52,     20.00,     10.26,0,0,1,1,2,2,U2 
H5,840,2019,070511,      3.95,      0.39,      3.56,      1.98,0,0,2,0,2,2,U2 
H5,840,2019,070519,      2.60,      0.25,      2.35,      1.30,0,0,2,0,2,2,U2 
H5,840,2019,070521,      0.09,      0.09,      0.09,      0.09,0,0,1,0,1,1,U2 
H5,840,2019,070529,      0.10,      0.10,      0.10,      0.10,0,0,1,0,1,1,U2 
H5,840,2019,070610,     18.81,      0.00,     14.90,      4.70,0,1,2,1,4,4,U2 
H5,840,2019,070690,     14.60,      1.90,     10.00,      4.87,0,0,0,3,3,3,U2 
H5,840,2019,070700,     16.35,      1.45,      5.42,      4.09,0,0,4,0,4,4,U2 
H5,840,2019,070810,      2.11,      0.32,      1.79,      1.05,0,0,2,0,2,2,U2 
H5,840,2019,070820,      4.10,      0.00,      2.79,      1.37,0,1,2,0,3,3,U2 
H5,840,2019,070890,      4.75,      0.00,      3.43,      0.95,0,1,4,0,5,5,U2 
H5,840,2019,070920,     26.30,      5.00,     21.30,     13.15,0,0,0,2,2,2,U2 
H5,840,2019,070930,      3.52,      1.49,      2.03,      1.76,0,0,2,0,2,2,U2 
H5,840,2019,070940,     17.53,      0.31,     14.90,      5.84,0,0,2,1,3,3,U2 
H5,840,2019,070951,     23.53,     23.53,     23.53,     23.53,0,0,1,0,1,1,U2 
H5,840,2019,070959,     21.92,      0.00,     21.92,     10.96,0,1,1,0,2,2,U2 
H5,840,2019,070960,      5.40,      2.61,      2.79,      2.70,0,0,2,0,2,2,U2 
H5,840,2019,070970,     20.00,     20.00,     20.00,     20.00,0,0,0,1,1,1,U2 
H5,840,2019,070991,     11.30,     11.30,     11.30,     11.30,0,0,0,1,1,1,U2 
H5,840,2019,070992,      7.83,      7.83,      7.83,      7.83,0,0,1,0,1,1,U2 
H5,840,2019,070993,     32.87,      1.57,     20.00,     10.96,0,0,1,2,3,3,U2 
H5,840,2019,070999,     86.20,      5.60,     21.30,     14.37,0,0,0,6,6,6,U2 
H5,840,2019,071010,     14.00,     14.00,     14.00,     14.00,0,0,0,1,1,1,U2 
H5,840,2019,071021,      2.68,      0.89,      1.79,      1.34,0,0,2,0,2,2,U2 
H5,840,2019,071022,     26.75,      0.00,     11.20,      4.46,0,1,4,1,6,6,U2 
H5,840,2019,071029,      2.89,      0.00,      1.88,      0.58,0,1,4,0,5,5,U2 
H5,840,2019,071030,     14.00,     14.00,     14.00,     14.00,0,0,0,1,1,1,U2 
H5,840,2019,071040,     14.00,     14.00,     14.00,     14.00,0,0,0,1,1,1,U2 
H5,840,2019,071080,     94.56,      0.00,     14.90,      8.60,0,1,4,6,11,11,U2 
H5,840,2019,071090,     21.90,      7.90,     14.00,     10.95,0,0,0,2,2,2,U2 
H5,840,2019,071120,     16.19,      2.49,      5.78,      4.05,0,0,4,0,4,4,U2 
H5,840,2019,071140,      7.70,      7.70,      7.70,      7.70,0,0,0,1,1,1,U2 
H5,840,2019,071151,     11.08,     11.08,     11.08,     11.08,0,0,1,0,1,1,U2 
H5,840,2019,071159,     17.87,      7.70,     10.17,      8.94,0,0,1,1,2,2,U2 
H5,840,2019,071190,     20.80,      0.00,      8.00,      5.20,0,1,0,3,4,4,U2 
H5,840,2019,071220,     51.10,     21.30,     29.80,     25.55,0,0,0,2,2,2,U2 
H5,840,2019,071231,      4.78,      1.95,      2.83,      2.39,0,0,2,0,2,2,U2 
H5,840,2019,071232,      8.30,      8.30,      8.30,      8.30,0,0,0,1,1,1,U2 
H5,840,2019,071233,      8.30,      8.30,      8.30,      8.30,0,0,0,1,1,1,U2 
H5,840,2019,071239,      4.62,      0.00,      2.73,      1.54,0,1,2,0,3,3,U2 
H5,840,2019,071290,     65.65,      0.00,     29.80,      5.97,0,1,3,7,11,11,U2 
H5,840,2019,071310,      5.91,      0.00,      4.66,      1.97,0,1,2,0,3,3,U2 
H5,840,2019,071320,      3.29,      1.59,      1.70,      1.64,0,0,2,0,2,2,U2 
H5,840,2019,071331,      1.26,      0.00,      0.92,      0.42,0,1,2,0,3,3,U2 
H5,840,2019,071332,      2.40,      1.07,      1.33,      1.20,0,0,2,0,2,2,U2 
H5,840,2019,071333,      4.02,      1.00,      1.51,      1.34,0,0,3,0,3,3,U2 
H5,840,2019,071334,      2.23,      0.57,      1.08,      0.74,0,0,3,0,3,3,U2 
H5,840,2019,071335,      0.00,      0.00,      0.00,      0.00,0,1,0,0,1,1,U2 
H5,840,2019,071339,      3.17,      0.82,      1.53,      1.06,0,0,3,0,3,3,U2 
H5,840,2019,071340,      2.75,      0.25,      2.50,      1.37,0,0,2,0,2,2,U2 
H5,840,2019,071350,      6.83,      3.04,      3.79,      3.42,0,0,2,0,2,2,U2 
H5,840,2019,071360,      6.67,      1.40,      2.63,      2.22,0,0,3,0,3,3,U2 
H5,840,2019,071390,      3.47,      0.00,      1.37,      0.87,0,1,3,0,4,4,U2 
H5,840,2019,071410,     19.20,      7.90,     11.30,      9.60,0,0,0,2,2,2,U2 
H5,840,2019,071420,     10.50,      4.50,      6.00,      5.25,0,0,0,2,2,2,U2 
H5,840,2019,071430,     20.70,      0.00,      8.30,      5.18,0,1,0,3,4,4,U2 
H5,840,2019,071440,     16.60,      0.00,      8.30,      4.15,0,1,0,3,4,4,U2 
H5,840,2019,071450,     30.30,      0.00,     16.00,      7.57,0,1,0,3,4,4,U2 
H5,840,2019,071490,     80.50,      0.00,     20.00,      8.94,0,2,0,7,9,9,U2 
H5,840,2019,080111,      0.00,      0.00,      0.00,      0.00,0,1,0,0,1,1,U2 
H5,840,2019,080112,      0.00,      0.00,      0.00,      0.00,0,1,0,0,1,1,U2 
H5,840,2019,080119,      0.00,      0.00,      0.00,      0.00,0,1,0,0,1,1,U2 
H5,840,2019,080121,      0.00,      0.00,      0.00,      0.00,0,1,0,0,1,1,U2 
H5,840,2019,080122,      0.00,      0.00,      0.00,      0.00,0,1,0,0,1,1,U2 
H5,840,2019,080131,      0.00,      0.00,      0.00,      0.00,0,1,0,0,1,1,U2 
H5,840,2019,080132,      0.00,      0.00,      0.00,      0.00,0,1,0,0,1,1,U2 
H5,840,2019,080211,      1.56,      1.56,      1.56,      1.56,0,0,1,0,1,1,U2 
H5,840,2019,080212,      3.69,      3.69,      3.69,      3.69,0,0,1,0,1,1,U2 
H5,840,2019,080221,      1.91,      1.91,      1.91,      1.91,0,0,1,0,1,1,U2 
H5,840,2019,080222,      2.05,      2.05,      2.05,      2.05,0,0,1,0,1,1,U2 
H5,840,2019,080231,      2.31,      2.31,      2.31,      2.31,0,0,1,0,1,1,U2 
H5,840,2019,080232,      3.69,      3.69,      3.69,      3.69,0,0,1,0,1,1,U2 
H5,840,2019,080241,      0.00,      0.00,      0.00,      0.00,0,1,0,0,1,1,U2 
H5,840,2019,080242,      0.00,      0.00,      0.00,      0.00,0,1,0,0,1,1,U2 
H5,840,2019,080251,      0.11,      0.11,      0.11,      0.11,0,0,1,0,1,1,U2 
H5,840,2019,080252,      0.14,      0.14,      0.14,      0.14,0,0,1,0,1,1,U2 
H5,840,2019,080261,      0.27,      0.27,      0.27,      0.27,0,0,1,0,1,1,U2 
H5,840,2019,080262,      0.30,      0.30,      0.30,      0.30,0,0,1,0,1,1,U2 
H5,840,2019,080270,      1.00,      0.21,      0.80,      0.50,0,0,2,0,2,2,U2 
H5,840,2019,080280,      1.84,      0.38,      1.46,      0.92,0,0,2,0,2,2,U2 
H5,840,2019,080290,      4.16,      0.08,      2.13,      0.69,0,0,6,0,6,6,U2 
H5,840,2019,080310,      1.40,      0.00,      1.40,      0.70,0,1,0,1,2,2,U2 
H5,840,2019,080390,      0.00,      0.00,      0.00,      0.00,0,1,0,0,1,1,U2 
H5,840,2019,080410,     42.18,      0.73,     29.80,     10.54,0,0,3,1,4,4,U2 
H5,840,2019,080420,      5.01,      1.36,      1.93,      1.67,0,0,3,0,3,3,U2 
H5,840,2019,080430,      2.68,      0.57,      1.44,      0.89,0,0,3,0,3,3,U2 
H5,840,2019,080440,      4.04,      4.04,      4.04,      4.04,0,0,1,0,1,1,U2 
H5,840,2019,080450,      8.34,      0.85,      3.75,      2.78,0,0,3,0,3,3,U2 
H5,840,2019,080510,      2.10,      2.10,      2.10,      2.10,0,0,1,0,1,1,U2 
H5,840,2019,080521,      1.37,      1.37,      1.37,      1.37,0,0,1,0,1,1,U2 
H5,840,2019,080522,      1.53,      1.53,      1.53,      1.53,0,0,1,0,1,1,U2 
H5,840,2019,080529,      1.51,      1.51,      1.51,      1.51,0,0,1,0,1,1,U2 
H5,840,2019,080540,      5.54,      1.41,      2.35,      1.85,0,0,3,0,3,3,U2 
H5,840,2019,080550,      4.08,      0.80,      1.80,      1.36,0,0,2,1,3,3,U2 
H5,840,2019,080590,      0.80,      0.80,      0.80,      0.80,0,0,0,1,1,1,U2 
H5,840,2019,080610,      0.00,      0.00,      0.00,      0.00,2,1,0,0,1,3,U2 
H5,840,2019,080620,      3.73,      0.83,      1.61,      1.24,0,0,3,0,3,3,U2 
H5,840,2019,080711,     26.00,      9.00,     17.00,     13.00,0,0,0,2,2,2,U2 
H5,840,2019,080719,     83.90,      1.60,     29.80,     13.98,0,0,0,6,6,6,U2 
H5,840,2019,080720,      5.40,      5.40,      5.40,      5.40,0,0,0,1,1,1,U2 
H5,840,2019,080810,      0.00,      0.00,      0.00,      0.00,0,1,0,0,1,1,U2 
H5,840,2019,080830,      0.26,      0.00,      0.26,      0.13,0,1,1,0,2,2,U2 
H5,840,2019,080840,      0.26,      0.00,      0.26,      0.13,0,1,1,0,2,2,U2 
H5,840,2019,080910,      0.12,      0.12,      0.12,      0.12,0,0,1,0,1,1,U2 
H5,840,2019,080921,      0.00,      0.00,      0.00,      0.00,0,1,0,0,1,1,U2 
H5,840,2019,080929,      0.00,      0.00,      0.00,      0.00,0,1,0,0,1,1,U2 
H5,840,2019,080930,      0.15,      0.00,      0.15,      0.07,0,1,1,0,2,2,U2 
H5,840,2019,080940,      0.29,      0.00,      0.29,      0.15,0,1,1,0,2,2,U2 
H5,840,2019,081010,      0.38,      0.06,      0.33,      0.19,0,0,2,0,2,2,U2 
H5,840,2019,081020,      0.03,      0.00,      0.03,      0.01,0,1,1,0,2,2,U2 
H5,840,2019,081030,      0.00,      0.00,      0.00,      0.00,0,1,0,0,1,1,U2 
H5,840,2019,081040,      0.00,      0.00,      0.00,      0.00,0,1,0,0,1,1,U2 
H5,840,2019,081050,      0.00,      0.00,      0.00,      0.00,0,1,0,0,1,1,U2 
H5,840,2019,081060,      2.20,      2.20,      2.20,      2.20,0,0,0,1,1,1,U2 
H5,840,2019,081070,      2.20,      2.20,      2.20,      2.20,0,0,0,1,1,1,U2 
H5,840,2019,081090,      2.20,      0.00,      2.20,      1.10,0,1,0,1,2,2,U2 
H5,840,2019,081110,     11.20,     11.20,     11.20,     11.20,0,0,0,1,1,1,U2 
H5,840,2019,081120,     13.50,      4.50,      9.00,      6.75,0,0,0,2,2,2,U2 
H5,840,2019,081190,     65.72,      0.00,     14.50,      5.97,0,3,1,7,11,11,U2 
H5,840,2019,081210,      8.22,      8.22,      8.22,      8.22,0,0,1,0,1,1,U2 
H5,840,2019,081290,     14.29,      0.06,     11.20,      2.38,0,0,5,1,6,6,U2 
H5,840,2019,081310,      0.54,      0.54,      0.54,      0.54,0,0,1,0,1,1,U2 
H5,840,2019,081320,     14.65,      0.65,     14.00,      7.32,0,0,1,1,2,2,U2 
H5,840,2019,081330,      0.27,      0.27,      0.27,      0.27,0,0,1,0,1,1,U2 
H5,840,2019,081340,     16.20,      0.42,      6.80,      2.31,0,0,4,3,7,7,U2 
H5,840,2019,081350,     14.00,     14.00,     14.00,     14.00,0,0,0,1,1,1,U2 
H5,840,2019,081400,      1.77,      0.00,      0.88,      0.59,0,1,2,0,3,3,U2 
H5,840,2019,090111,      0.00,      0.00,      0.00,      0.00,0,1,0,0,1,1,U2 
H5,840,2019,090112,      0.00,      0.00,      0.00,      0.00,0,1,0,0,1,1,U2 
H5,840,2019,090121,      0.00,      0.00,      0.00,      0.00,0,1,0,0,1,1,U2 
H5,840,2019,090122,      0.00,      0.00,      0.00,      0.00,0,1,0,0,1,1,U2 
H5,840,2019,090190,      0.30,      0.00,      0.30,      0.15,0,1,1,0,2,2,U2 
H5,840,2019,090210,      6.40,      0.00,      6.40,      3.20,0,1,0,1,2,2,U2 
H5,840,2019,090220,      6.40,      0.00,      6.40,      3.20,0,1,0,1,2,2,U2 
H5,840,2019,090230,      0.00,      0.00,      0.00,      0.00,0,1,0,0,1,1,U2 
H5,840,2019,090240,      0.00,      0.00,      0.00,      0.00,0,1,0,0,1,1,U2 
H5,840,2019,090300,      0.00,      0.00,      0.00,      0.00,0,1,0,0,1,1,U2 
H5,840,2019,090411,      0.00,      0.00,      0.00,      0.00,0,1,0,0,1,1,U2 
H5,840,2019,090412,      0.00,      0.00,      0.00,      0.00,0,1,0,0,1,1,U2 
H5,840,2019,090421,      4.40,      0.00,      2.09,      1.10,0,1,3,0,4,4,U2 
H5,840,2019,090422,      5.29,      0.00,      2.04,      1.06,0,2,3,0,5,5,U2 
H5,840,2019,090510,      0.00,      0.00,      0.00,      0.00,0,1,0,0,1,1,U2 
H5,840,2019,090520,      0.00,      0.00,      0.00,      0.00,0,1,0,0,1,1,U2 
H5,840,2019,090611,      0.00,      0.00,      0.00,      0.00,0,1,0,0,1,1,U2 
H5,840,2019,090619,      0.00,      0.00,      0.00,      0.00,0,1,0,0,1,1,U2 
H5,840,2019,090620,      0.00,      0.00,      0.00,      0.00,0,1,0,0,1,1,U2 
H5,840,2019,090710,      0.00,      0.00,      0.00,      0.00,0,1,0,0,1,1,U2 
H5,840,2019,090720,      0.00,      0.00,      0.00,      0.00,0,1,0,0,1,1,U2 
H5,840,2019,090811,      0.00,      0.00,      0.00,      0.00,0,1,0,0,1,1,U2 
H5,840,2019,090812,      0.00,      0.00,      0.00,      0.00,0,1,0,0,1,1,U2 
H5,840,2019,090821,      0.00,      0.00,      0.00,      0.00,0,1,0,0,1,1,U2 
H5,840,2019,090822,      0.66,      0.00,      0.66,      0.33,0,1,1,0,2,2,U2 
H5,840,2019,090831,      0.00,      0.00,      0.00,      0.00,0,1,0,0,1,1,U2 
H5,840,2019,090832,      0.00,      0.00,      0.00,      0.00,0,1,0,0,1,1,U2 
H5,840,2019,090921,      0.00,      0.00,      0.00,      0.00,0,1,0,0,1,1,U2 
H5,840,2019,090922,      0.00,      0.00,      0.00,      0.00,0,1,0,0,1,1,U2 
H5,840,2019,090931,      0.00,      0.00,      0.00,      0.00,0,1,0,0,1,1,U2 
H5,840,2019,090932,      0.00,      0.00,      0.00,      0.00,0,1,0,0,1,1,U2 
H5,840,2019,090961,      0.00,      0.00,      0.00,      0.00,0,1,0,0,1,1,U2 
H5,840,2019,090962,      0.00,      0.00,      0.00,      0.00,0,1,0,0,1,1,U2 
H5,840,2019,091011,      0.00,      0.00,      0.00,      0.00,0,1,0,0,1,1,U2 
H5,840,2019,091012,      0.33,      0.33,      0.33,      0.33,0,0,1,0,1,1,U2 
H5,840,2019,091020,      0.00,      0.00,      0.00,      0.00,0,1,0,0,1,1,U2 
H5,840,2019,091030,      0.00,      0.00,      0.00,      0.00,0,1,0,0,1,1,U2 
H5,840,2019,091091,      1.90,      1.90,      1.90,      1.90,0,0,0,1,1,1,U2 
H5,840,2019,091099,     13.30,      0.00,      4.80,      1.66,0,4,0,4,8,8,U2 
H5,840,2019,100111,      2.41,      2.41,      2.41,      2.41,0,0,1,0,1,1,U2 
H5,840,2019,100119,      2.30,      2.30,      2.30,      2.30,0,0,1,0,1,1,U2 
H5,840,2019,100191,      2.80,      2.80,      2.80,      2.80,0,0,0,1,1,1,U2 
H5,840,2019,100199,      1.52,      1.52,      1.52,      1.52,0,0,1,0,1,1,U2 
H5,840,2019,100210,      0.00,      0.00,      0.00,      0.00,0,1,0,0,1,1,U2 
H5,840,2019,100290,      0.00,      0.00,      0.00,      0.00,0,1,0,0,1,1,U2 
H5,840,2019,100310,      0.38,      0.38,      0.38,      0.38,0,0,1,0,1,1,U2 
H5,840,2019,100390,      1.10,      0.44,      0.66,      0.55,0,0,2,0,2,2,U2 
H5,840,2019,100410,      0.00,      0.00,      0.00,      0.00,0,1,0,0,1,1,U2 
H5,840,2019,100490,      0.00,      0.00,      0.00,      0.00,0,1,0,0,1,1,U2 
H5,840,2019,100510,      0.00,      0.00,      0.00,      0.00,0,1,0,0,1,1,U2 
H5,840,2019,100590,      1.49,      0.25,      1.24,      0.75,0,0,2,0,2,2,U2 
H5,840,2019,100610,      4.32,      4.32,      4.32,      4.32,0,0,1,0,1,1,U2 
H5,840,2019,100620,      4.21,      1.19,      3.01,      2.10,0,0,2,0,2,2,U2 
H5,840,2019,100630,     13.09,      1.89,     11.20,      6.55,0,0,1,1,2,2,U2 
H5,840,2019,100640,      1.10,      1.10,      1.10,      1.10,0,0,1,0,1,1,U2 
H5,840,2019,100710,      0.38,      0.38,      0.38,      0.38,0,0,1,0,1,1,U2 
H5,840,2019,100790,      1.03,      1.03,      1.03,      1.03,0,0,1,0,1,1,U2 
H5,840,2019,100810,      0.00,      0.00,      0.00,      0.00,0,1,0,0,1,1,U2 
H5,840,2019,100821,      0.65,      0.65,      0.65,      0.65,0,0,1,0,1,1,U2 
H5,840,2019,100829,      0.69,      0.69,      0.69,      0.69,0,0,1,0,1,1,U2 
H5,840,2019,100830,      0.22,      0.22,      0.22,      0.22,0,0,1,0,1,1,U2 
H5,840,2019,100840,      1.10,      1.10,      1.10,      1.10,0,0,0,1,1,1,U2 
H5,840,2019,100850,      1.10,      1.10,      1.10,      1.10,0,0,0,1,1,1,U2 
H5,840,2019,100860,      1.10,      1.10,      1.10,      1.10,0,0,0,1,1,1,U2 
H5,840,2019,100890,      1.10,      1.10,      1.10,      1.10,0,0,0,1,1,1,U2 
H5,840,2019,110100,      1.59,      1.59,      1.59,      1.59,0,0,1,0,1,1,U2 
H5,840,2019,110220,      0.54,      0.54,      0.54,      0.54,0,0,1,0,1,1,U2 
H5,840,2019,110290,     22.23,      0.00,     12.80,      4.45,0,1,2,2,5,5,U2 
H5,840,2019,110311,      1.13,      1.13,      1.13,      1.13,0,0,1,0,1,1,U2 
H5,840,2019,110313,      0.80,      0.80,      0.80,      0.80,0,0,1,0,1,1,U2 
H5,840,2019,110319,     10.77,      0.18,      9.00,      3.59,0,0,2,1,3,3,U2 
H5,840,2019,110320,      0.00,      0.00,      0.00,      0.00,0,1,0,0,1,1,U2 
H5,840,2019,110412,      1.41,      1.41,      1.41,      1.41,0,0,1,0,1,1,U2 
H5,840,2019,110419,      6.18,      1.13,      5.04,      3.09,0,0,2,0,2,2,U2 
H5,840,2019,110422,      0.50,      0.50,      0.50,      0.50,0,0,0,1,1,1,U2 
H5,840,2019,110423,      1.16,      1.16,      1.16,      1.16,0,0,1,0,1,1,U2 
H5,840,2019,110429,      3.90,      1.20,      2.70,      1.95,0,0,0,2,2,2,U2 
H5,840,2019,110430,      4.50,      4.50,      4.50,      4.50,0,0,0,1,1,1,U2 
H5,840,2019,110510,      1.60,      1.60,      1.60,      1.60,0,0,1,0,1,1,U2 
H5,840,2019,110520,      1.00,      1.00,      1.00,      1.00,0,0,1,0,1,1,U2 
H5,840,2019,110610,      8.30,      8.30,      8.30,      8.30,0,0,0,1,1,1,U2 
H5,840,2019,110620,      8.30,      0.00,      8.30,      4.15,0,1,0,1,2,2,U2 
H5,840,2019,110630,     12.40,      2.80,      9.60,      6.20,0,0,0,2,2,2,U2 
H5,840,2019,110710,      0.60,      0.60,      0.60,      0.60,0,0,1,0,1,1,U2 
H5,840,2019,110720,      0.54,      0.54,      0.54,      0.54,0,0,1,0,1,1,U2 
H5,840,2019,110811,      1.19,      1.19,      1.19,      1.19,0,0,1,0,1,1,U2 
H5,840,2019,110812,      0.99,      0.99,      0.99,      0.99,0,0,1,0,1,1,U2 
H5,840,2019,110813,      0.71,      0.71,      0.71,      0.71,0,0,1,0,1,1,U2 
H5,840,2019,110814,      0.00,      0.00,      0.00,      0.00,0,1,0,0,1,1,U2 
H5,840,2019,110819,      0.00,      0.00,      0.00,      0.00,0,1,0,0,1,1,U2 
H5,840,2019,110820,      2.60,      2.60,      2.60,      2.60,0,0,0,1,1,1,U2 
H5,840,2019,110900,      8.60,      1.80,      6.80,      4.30,0,0,0,2,2,2,U2 
H5,840,2019,120110,      0.00,      0.00,      0.00,      0.00,0,1,0,0,1,1,U2 
H5,840,2019,120190,      0.00,      0.00,      0.00,      0.00,0,1,0,0,1,1,U2 
H5,840,2019,120230,    140.20,      4.20,    131.80,     46.73,0,0,2,1,3,3,U2 
H5,840,2019,120241,    180.02,      8.11,    163.80,     60.01,0,0,2,1,3,3,U2 
H5,840,2019,120242,    141.91,      5.05,    131.80,     47.30,0,0,2,1,3,3,U2 
H5,840,2019,120300,      0.00,      0.00,      0.00,      0.00,0,1,0,0,1,1,U2 
H5,840,2019,120400,      0.76,      0.76,      0.76,      0.76,0,0,1,0,1,1,U2 
H5,840,2019,120510,      1.28,      1.28,      1.28,      1.28,0,0,1,0,1,1,U2 
H5,840,2019,120590,      1.38,      1.38,      1.38,      1.38,0,0,1,0,1,1,U2 
H5,840,2019,120600,      0.00,      0.00,      0.00,      0.00,0,1,0,0,1,1,U2 
H5,840,2019,120710,      0.00,      0.00,      0.00,      0.00,0,1,0,0,1,1,U2 
H5,840,2019,120721,      0.39,      0.39,      0.39,      0.39,0,0,1,0,1,1,U2 
H5,840,2019,120729,      1.61,      1.61,      1.61,      1.61,0,0,1,0,1,1,U2 
H5,840,2019,120730,      0.00,      0.00,      0.00,      0.00,0,1,0,0,1,1,U2 
H5,840,2019,120740,      0.00,      0.00,      0.00,      0.00,0,1,0,0,1,1,U2 
H5,840,2019,120750,      0.00,      0.00,      0.00,      0.00,0,1,0,0,1,1,U2 
H5,840,2019,120760,      0.00,      0.00,      0.00,      0.00,0,1,0,0,1,1,U2 
H5,840,2019,120770,      0.19,      0.19,      0.19,      0.19,0,0,1,0,1,1,U2 
H5,840,2019,120791,      0.02,      0.02,      0.02,      0.02,0,0,1,0,1,1,U2 
H5,840,2019,120799,      0.00,      0.00,      0.00,      0.00,0,1,0,0,1,1,U2 
H5,840,2019,120810,      1.90,      1.90,      1.90,      1.90,0,0,0,1,1,1,U2 
H5,840,2019,120890,      1.40,      1.40,      1.40,      1.40,0,0,0,1,1,1,U2 
H5,840,2019,120910,      0.00,      0.00,      0.00,      0.00,0,1,0,0,1,1,U2 
H5,840,2019,120921,      0.48,      0.48,      0.48,      0.48,0,0,1,0,1,1,U2 
H5,840,2019,120922,      0.63,      0.00,      0.63,      0.31,0,1,1,0,2,2,U2 
H5,840,2019,120923,      0.00,      0.00,      0.00,      0.00,0,1,0,0,1,1,U2 
H5,840,2019,120924,      0.29,      0.29,      0.29,      0.29,0,0,1,0,1,1,U2 
H5,840,2019,120925,      0.82,      0.82,      0.82,      0.82,0,0,1,0,1,1,U2 
H5,840,2019,120929,      0.00,      0.00,      0.00,      0.00,0,2,0,0,2,2,U2 
H5,840,2019,120930,      0.02,      0.02,      0.02,      0.02,0,0,1,0,1,1,U2 
H5,840,2019,120991,      0.26,      0.00,      0.19,      0.04,0,3,3,0,6,6,U2 
H5,840,2019,120999,      0.11,      0.00,      0.11,      0.05,0,1,1,0,2,2,U2 
H5,840,2019,121010,      1.30,      1.30,      1.30,      1.30,0,0,1,0,1,1,U2 
H5,840,2019,121020,      1.03,      1.03,      1.03,      1.03,0,0,1,0,1,1,U2 
H5,840,2019,121120,      6.00,      0.00,      6.00,      3.00,0,1,0,1,2,2,U2 
H5,840,2019,121130,      0.00,      0.00,      0.00,      0.00,0,1,0,0,1,1,U2 
H5,840,2019,121140,      0.00,      0.00,      0.00,      0.00,0,1,0,0,1,1,U2 
H5,840,2019,121150,      0.00,      0.00,      0.00,      0.00,0,1,0,0,1,1,U2 
H5,840,2019,121190,     12.35,      0.00,      6.00,      2.47,0,2,1,2,5,5,U2 
H5,840,2019,121221,      0.00,      0.00,      0.00,      0.00,0,1,0,0,1,1,U2 
H5,840,2019,121229,      0.00,      0.00,      0.00,      0.00,0,1,0,0,1,1,U2 
H5,840,2019,121291,      0.39,      0.39,      0.39,      0.39,0,0,1,0,1,1,U2 
H5,840,2019,121292,      0.00,      0.00,      0.00,      0.00,0,1,0,0,1,1,U2 
H5,840,2019,121293,      1.90,      1.90,      1.90,      1.90,0,0,1,0,1,1,U2 
H5,840,2019,121294,      0.00,      0.00,      0.00,      0.00,0,1,0,0,1,1,U2 
H5,840,2019,121299,      0.45,      0.00,      0.45,      0.15,0,2,1,0,3,3,U2 
H5,840,2019,121300,      0.00,      0.00,      0.00,      0.00,0,1,0,0,1,1,U2 
H5,840,2019,121410,      1.40,      1.40,      1.40,      1.40,0,0,0,1,1,1,U2 
H5,840,2019,121490,      0.00,      0.00,      0.00,      0.00,0,1,0,0,1,1,U2 
H5,840,2019,130120,      0.00,      0.00,      0.00,      0.00,0,1,0,0,1,1,U2 
H5,840,2019,130190,      1.30,      0.00,      1.30,      0.65,0,1,0,1,2,2,U2 
H5,840,2019,130211,      0.00,      0.00,      0.00,      0.00,0,1,0,0,1,1,U2 
H5,840,2019,130212,      3.80,      3.80,      3.80,      3.80,0,0,0,1,1,1,U2 
H5,840,2019,130213,      4.23,      4.23,      4.23,      4.23,0,0,1,0,1,1,U2 
H5,840,2019,130214,      1.00,      1.00,      1.00,      1.00,0,0,0,1,1,1,U2 
H5,840,2019,130219,      1.00,      0.00,      1.00,      0.33,0,2,0,1,3,3,U2 
H5,840,2019,130220,      0.00,      0.00,      0.00,      0.00,0,1,0,0,1,1,U2 
H5,840,2019,130231,      0.00,      0.00,      0.00,      0.00,0,1,0,0,1,1,U2 
H5,840,2019,130232,      0.00,      0.00,      0.00,      0.00,0,1,0,0,1,1,U2 
H5,840,2019,130239,      3.20,      3.20,      3.20,      3.20,0,0,0,1,1,1,U2 
H5,840,2019,140110,      0.00,      0.00,      0.00,      0.00,0,1,0,0,1,1,U2 
H5,840,2019,140120,      2.00,      0.00,      2.00,      1.00,0,1,0,1,2,2,U2 
H5,840,2019,140190,      7.60,      3.20,      4.40,      3.80,0,0,0,2,2,2,U2 
H5,840,2019,140420,      0.00,      0.00,      0.00,      0.00,0,1,0,0,1,1,U2 
H5,840,2019,140490,      5.59,      0.00,      2.30,      1.12,0,2,2,1,5,5,U2 
H5,840,2019,150110,      3.74,      3.74,      3.74,      3.74,0,0,1,0,1,1,U2 
H5,840,2019,150120,      4.28,      4.28,      4.28,      4.28,0,0,1,0,1,1,U2 
H5,840,2019,150190,      3.81,      3.81,      3.81,      3.81,0,0,1,0,1,1,U2 
H5,840,2019,150210,      0.61,      0.61,      0.61,      0.61,0,0,1,0,1,1,U2 
H5,840,2019,150290,      0.63,      0.63,      0.63,      0.63,0,0,1,0,1,1,U2 
H5,840,2019,150300,      2.67,      2.67,      2.67,      2.67,0,0,1,0,1,1,U2 
H5,840,2019,150410,      2.50,      0.00,      2.50,      1.25,0,1,0,1,2,2,U2 
H5,840,2019,150420,      6.20,      0.00,      5.72,      2.07,0,1,2,0,3,3,U2 
H5,840,2019,150430,      5.30,      5.30,      5.30,      5.30,0,0,1,0,1,1,U2 
H5,840,2019,150500,      2.64,      0.24,      2.40,      1.32,0,0,1,1,2,2,U2 
H5,840,2019,150600,      2.30,      2.30,      2.30,      2.30,0,0,0,1,1,1,U2 
H5,840,2019,150710,     19.10,     19.10,     19.10,     19.10,0,0,0,1,1,1,U2 
H5,840,2019,150790,     19.10,      0.00,     19.10,      9.55,0,1,0,1,2,2,U2 
H5,840,2019,150810,      5.94,      5.94,      5.94,      5.94,0,0,1,0,1,1,U2 
H5,840,2019,150890,      4.18,      4.18,      4.18,      4.18,0,0,1,0,1,1,U2 
H5,840,2019,150910,      2.02,      0.82,      1.20,      1.01,0,0,2,0,2,2,U2 
H5,840,2019,150990,      2.20,      0.89,      1.31,      1.10,0,0,2,0,2,2,U2 
H5,840,2019,151000,      4.39,      0.00,      2.62,      1.46,0,1,2,0,3,3,U2 
H5,840,2019,151110,      0.00,      0.00,      0.00,      0.00,0,1,0,0,1,1,U2 
H5,840,2019,151190,      0.00,      0.00,      0.00,      0.00,0,1,0,0,1,1,U2 
H5,840,2019,151211,      5.49,      5.49,      5.49,      5.49,0,0,1,0,1,1,U2 
H5,840,2019,151219,      5.00,      5.00,      5.00,      5.00,0,0,1,0,1,1,U2 
H5,840,2019,151221,      6.06,      6.06,      6.06,      6.06,0,0,1,0,1,1,U2 
H5,840,2019,151229,      5.46,      5.46,      5.46,      5.46,0,0,1,0,1,1,U2 
H5,840,2019,151311,      0.00,      0.00,      0.00,      0.00,0,1,0,0,1,1,U2 
H5,840,2019,151319,      0.00,      0.00,      0.00,      0.00,0,1,0,0,1,1,U2 
H5,840,2019,151321,      0.00,      0.00,      0.00,      0.00,0,1,0,0,1,1,U2 
H5,840,2019,151329,      0.00,      0.00,      0.00,      0.00,0,1,0,0,1,1,U2 
H5,840,2019,151411,      6.40,      6.40,      6.40,      6.40,0,0,0,1,1,1,U2 
H5,840,2019,151419,      6.40,      6.40,      6.40,      6.40,0,0,0,1,1,1,U2 
H5,840,2019,151491,      6.40,      0.00,      6.40,      3.20,0,1,0,1,2,2,U2 
H5,840,2019,151499,      7.60,      0.00,      6.40,      2.53,0,1,1,1,3,3,U2 
H5,840,2019,151511,      7.05,      7.05,      7.05,      7.05,0,0,1,0,1,1,U2 
H5,840,2019,151519,      5.64,      5.64,      5.64,      5.64,0,0,1,0,1,1,U2 
H5,840,2019,151521,      3.40,      3.40,      3.40,      3.40,0,0,0,1,1,1,U2 
H5,840,2019,151529,      3.40,      3.40,      3.40,      3.40,0,0,0,1,1,1,U2 
H5,840,2019,151530,      0.00,      0.00,      0.00,      0.00,0,1,0,0,1,1,U2 
H5,840,2019,151550,      0.15,      0.15,      0.15,      0.15,0,0,1,0,1,1,U2 
H5,840,2019,151590,      5.50,      0.00,      3.20,      1.83,0,1,0,2,3,3,U2 
H5,840,2019,151610,      2.21,      2.21,      2.21,      2.21,0,0,1,0,1,1,U2 
H5,840,2019,151620,     13.23,      5.53,      7.70,      6.61,0,0,1,1,2,2,U2 
H5,840,2019,151710,      8.50,      8.50,      8.50,      8.50,0,0,1,0,1,1,U2 
H5,840,2019,151790,     70.77,      6.06,     23.56,     11.80,0,0,4,2,6,6,U2 
H5,840,2019,151800,     16.51,      8.00,      8.51,      8.25,0,0,1,1,2,2,U2 
H5,840,2019,152000,      0.00,      0.00,      0.00,      0.00,0,1,0,0,1,1,U2 
H5,840,2019,152110,      0.00,      0.00,      0.00,      0.00,0,1,0,0,1,1,U2 
H5,840,2019,152190,      4.80,      0.00,      4.80,      2.40,0,1,0,1,2,2,U2 
H5,840,2019,152200,      3.80,      3.80,      3.80,      3.80,0,0,0,1,1,1,U2 
H5,840,2019,160100,      6.76,      0.16,      3.40,      2.25,0,0,1,2,3,3,U2 
H5,840,2019,160210,      8.30,      1.90,      6.40,      4.15,0,0,0,2,2,2,U2 
H5,840,2019,160220,      4.14,      0.94,      3.20,      2.07,0,0,1,1,2,2,U2 
H5,840,2019,160231,      6.40,      6.40,      6.40,      6.40,0,0,0,1,1,1,U2 
H5,840,2019,160232,      6.40,      6.40,      6.40,      6.40,0,0,0,1,1,1,U2 
H5,840,2019,160239,      6.40,      6.40,      6.40,      6.40,0,0,0,1,1,1,U2 
H5,840,2019,160241,      7.59,      0.25,      6.40,      2.53,0,0,2,1,3,3,U2 
H5,840,2019,160242,      1.83,      0.46,      1.37,      0.91,0,0,2,0,2,2,U2 
H5,840,2019,160249,     13.88,      0.27,      6.40,      2.78,0,0,2,3,5,5,U2 
H5,840,2019,160250,     12.50,      0.00,      4.50,      2.08,0,1,0,5,6,6,U2 
H5,840,2019,160290,      9.10,      2.70,      6.40,      4.55,0,0,0,2,2,2,U2 
H5,840,2019,160300,      8.50,      0.00,      8.50,      4.25,0,1,0,1,2,2,U2 
H5,840,2019,160411,      6.00,      0.00,      6.00,      3.00,0,1,0,1,2,2,U2 
H5,840,2019,160412,      4.00,      0.00,      4.00,      1.33,0,2,0,1,3,3,U2 
H5,840,2019,160413,     38.10,      0.00,     20.00,      7.62,0,2,0,3,5,5,U2 
H5,840,2019,160414,     70.61,      0.21,     35.00,     10.09,0,0,1,6,7,7,U2 
H5,840,2019,160415,      3.00,      3.00,      3.00,      3.00,0,0,0,1,1,1,U2 
H5,840,2019,160416,      5.00,      0.00,      5.00,      1.67,0,2,0,1,3,3,U2 
H5,840,2019,160417,     27.50,      0.00,     10.00,      5.50,0,1,0,4,5,5,U2 
H5,840,2019,160418,     10.00,      4.00,      6.00,      5.00,0,0,0,2,2,2,U2 
H5,840,2019,160419,     40.50,      0.00,     10.00,      5.06,0,1,0,7,8,8,U2 
H5,840,2019,160420,     27.50,      0.00,     10.00,      3.06,0,6,0,3,9,9,U2 
H5,840,2019,160431,     15.00,     15.00,     15.00,     15.00,0,0,0,1,1,1,U2 
H5,840,2019,160432,      0.00,      0.00,      0.00,      0.00,0,2,0,0,2,2,U2 
H5,840,2019,160510,     15.00,      0.00,     10.00,      3.75,0,2,0,2,4,4,U2 
H5,840,2019,160521,      5.00,      0.00,      5.00,      2.50,0,1,0,1,2,2,U2 
H5,840,2019,160529,      5.00,      0.00,      5.00,      2.50,0,1,0,1,2,2,U2 
H5,840,2019,160530,     10.00,      0.00,     10.00,      5.00,0,1,0,1,2,2,U2 
H5,840,2019,160540,      0.00,      0.00,      0.00,      0.00,0,2,0,0,2,2,U2 
H5,840,2019,160551,      4.70,      0.00,      4.70,      1.57,0,2,0,1,3,3,U2 
H5,840,2019,160552,      0.00,      0.00,      0.00,      0.00,0,2,0,0,2,2,U2 
H5,840,2019,160553,      0.00,      0.00,      0.00,      0.00,0,2,0,0,2,2,U2 
H5,840,2019,160554,      0.00,      0.00,      0.00,      0.00,0,2,0,0,2,2,U2 
H5,840,2019,160555,      0.00,      0.00,      0.00,      0.00,0,2,0,0,2,2,U2 
H5,840,2019,160556,     10.00,      0.00,     10.00,      1.67,0,5,0,1,6,6,U2 
H5,840,2019,160557,      0.00,      0.00,      0.00,      0.00,0,2,0,0,2,2,U2 
H5,840,2019,160558,      5.00,      0.00,      5.00,      2.50,0,1,0,1,2,2,U2 
H5,840,2019,160559,      0.00,      0.00,      0.00,      0.00,0,2,0,0,2,2,U2 
H5,840,2019,160561,      0.00,      0.00,      0.00,      0.00,0,1,0,0,1,1,U2 
H5,840,2019,160562,      0.00,      0.00,      0.00,      0.00,0,1,0,0,1,1,U2 
H5,840,2019,160563,      0.00,      0.00,      0.00,      0.00,0,1,0,0,1,1,U2 
H5,840,2019,160569,      0.00,      0.00,      0.00,      0.00,0,1,0,0,1,1,U2 
H5,840,2019,170112,     68.03,     68.03,     68.03,     68.03,2,0,1,0,1,3,U2 
H5,840,2019,170113,     35.06,     35.06,     35.06,     35.06,3,0,1,0,1,4,U2 
H5,840,2019,170114,     83.44,     83.44,     83.44,     83.44,3,0,1,0,1,4,U2 
H5,840,2019,170191,     98.08,      5.10,     24.35,     12.26,2,0,3,5,8,10,U2 
H5,840,2019,170199,     69.46,     69.46,     69.46,     69.46,2,0,1,0,1,3,U2 
H5,840,2019,170211,      6.40,      6.40,      6.40,      6.40,0,0,0,1,1,1,U2 
H5,840,2019,170219,      6.40,      6.40,      6.40,      6.40,0,0,0,1,1,1,U2 
H5,840,2019,170220,     19.75,      0.00,      7.75,      4.94,0,1,1,2,4,4,U2 
H5,840,2019,170230,     56.14,      4.50,     39.64,     14.03,0,0,2,2,4,4,U2 
H5,840,2019,170240,    111.61,      5.10,     94.51,     27.90,0,0,1,3,4,4,U2 
H5,840,2019,170250,      9.60,      9.60,      9.60,      9.60,0,0,0,1,1,1,U2 
H5,840,2019,170260,     60.09,      5.10,     42.99,     15.02,0,0,1,3,4,4,U2 
H5,840,2019,170290,    145.10,      0.35,     39.07,     13.19,0,0,7,4,11,11,U2 
H5,840,2019,170310,      2.03,      0.06,      1.98,      1.02,0,0,2,0,2,2,U2 
H5,840,2019,170390,      2.53,      0.07,      2.46,      1.27,0,0,2,0,2,2,U2 
H5,840,2019,170410,      4.00,      4.00,      4.00,      4.00,0,0,0,1,1,1,U2 
H5,840,2019,170490,    136.53,      0.00,     22.41,     12.41,0,1,3,7,11,11,U2 
H5,840,2019,180100,      0.00,      0.00,      0.00,      0.00,0,1,0,0,1,1,U2 
H5,840,2019,180200,      0.00,      0.00,      0.00,      0.00,0,1,0,0,1,1,U2 
H5,840,2019,180310,      0.00,      0.00,      0.00,      0.00,0,1,0,0,1,1,U2 
H5,840,2019,180320,      0.12,      0.12,      0.12,      0.12,0,0,1,0,1,1,U2 
H5,840,2019,180400,      0.00,      0.00,      0.00,      0.00,0,1,0,0,1,1,U2 
H5,840,2019,180500,      0.21,      0.21,      0.21,      0.21,0,0,1,0,1,1,U2 
H5,840,2019,180610,    146.09,      0.00,     18.53,     11.24,0,2,5,6,13,13,U2 
H5,840,2019,180620,    358.27,      0.00,     25.00,     12.80,0,1,12,15,28,28,U2 
H5,840,2019,180631,      5.60,      5.60,      5.60,      5.60,0,0,0,1,1,1,U2 
H5,840,2019,180632,    113.70,      4.30,     14.84,      8.75,0,0,6,7,13,13,U2 
H5,840,2019,180690,    150.91,      3.50,     15.19,      8.88,0,0,9,8,17,17,U2 
H5,840,2019,190110,    390.60,      6.40,     26.15,     17.75,0,0,7,15,22,22,U2 
H5,840,2019,190120,    274.90,      8.50,     29.65,     17.18,0,0,6,10,16,16,U2 
H5,840,2019,190190,    348.57,      0.00,     56.30,     16.60,0,1,7,13,21,21,U2 
H5,840,2019,190211,      6.40,      0.00,      6.40,      3.20,0,1,0,1,2,2,U2 
H5,840,2019,190219,      6.40,      0.00,      6.40,      3.20,0,1,0,1,2,2,U2 
H5,840,2019,190220,      6.40,      6.40,      6.40,      6.40,0,0,0,1,1,1,U2 
H5,840,2019,190230,      6.40,      6.40,      6.40,      6.40,0,0,0,1,1,1,U2 
H5,840,2019,190240,      6.40,      6.40,      6.40,      6.40,0,0,0,1,1,1,U2 
H5,840,2019,190300,      0.52,      0.00,      0.52,      0.26,0,1,1,0,2,2,U2 
H5,840,2019,190410,      1.10,      1.10,      1.10,      1.10,0,0,0,1,1,1,U2 
H5,840,2019,190420,     20.50,      5.60,     14.90,     10.25,0,0,0,2,2,2,U2 
H5,840,2019,190430,     14.00,     14.00,     14.00,     14.00,0,0,0,1,1,1,U2 
H5,840,2019,190490,     14.00,     14.00,     14.00,     14.00,0,0,0,1,1,1,U2 
H5,840,2019,190510,      0.00,      0.00,      0.00,      0.00,0,1,0,0,1,1,U2 
H5,840,2019,190520,      0.00,      0.00,      0.00,      0.00,0,1,0,0,1,1,U2 
H5,840,2019,190531,      0.00,      0.00,      0.00,      0.00,0,1,0,0,1,1,U2 
H5,840,2019,190532,      0.00,      0.00,      0.00,      0.00,0,1,0,0,1,1,U2 
H5,840,2019,190540,      0.00,      0.00,      0.00,      0.00,0,1,0,0,1,1,U2 
H5,840,2019,190590,      4.50,      0.00,      4.50,      2.25,0,1,0,1,2,2,U2 
H5,840,2019,200110,      9.60,      9.60,      9.60,      9.60,0,0,0,1,1,1,U2 
H5,840,2019,200190,     92.50,      0.88,     14.00,      7.12,0,0,3,10,13,13,U2 
H5,840,2019,200210,     12.50,     12.50,     12.50,     12.50,0,0,0,1,1,1,U2 
H5,840,2019,200290,     23.20,     11.60,     11.60,     11.60,0,0,0,2,2,2,U2 
H5,840,2019,200310,     11.93,     11.93,     11.93,     11.93,0,0,1,0,1,1,U2 
H5,840,2019,200390,     10.44,      0.00,     10.44,      5.22,0,1,1,0,2,2,U2 
H5,840,2019,200410,     14.40,      6.40,      8.00,      7.20,0,0,0,2,2,2,U2 
H5,840,2019,200490,     15.36,      0.96,     11.20,      5.12,0,0,1,2,3,3,U2 
H5,840,2019,200510,     11.20,     11.20,     11.20,     11.20,0,0,0,1,1,1,U2 
H5,840,2019,200520,      6.40,      6.40,      6.40,      6.40,0,0,0,1,1,1,U2 
H5,840,2019,200540,      0.00,      0.00,      0.00,      0.00,0,1,0,0,1,1,U2 
H5,840,2019,200551,      3.51,      1.46,      2.04,      1.75,0,0,2,0,2,2,U2 
H5,840,2019,200559,      1.24,      1.24,      1.24,      1.24,0,0,1,0,1,1,U2 
H5,840,2019,200560,     14.90,     14.90,     14.90,     14.90,0,0,0,1,1,1,U2 
H5,840,2019,200570,     50.82,      1.80,      4.90,      3.18,0,0,16,0,16,16,U2 
H5,840,2019,200580,      5.60,      5.60,      5.60,      5.60,0,0,0,1,1,1,U2 
H5,840,2019,200591,     11.20,      0.00,     11.20,      5.60,0,1,0,1,2,2,U2 
H5,840,2019,200599,     65.27,      0.00,     14.90,      7.25,0,1,1,7,9,9,U2 
H5,840,2019,200600,     55.65,      1.79,     16.00,      7.95,0,0,2,5,7,7,U2 
H5,840,2019,200710,     12.00,     12.00,     12.00,     12.00,0,0,0,1,1,1,U2 
H5,840,2019,200791,     19.20,      3.50,     11.20,      6.40,0,0,0,3,3,3,U2 
H5,840,2019,200799,     83.90,      0.00,     14.00,      5.24,0,1,0,15,16,16,U2 
H5,840,2019,200811,    405.52,      0.00,    131.80,     45.06,0,2,4,3,9,9,U2 
H5,840,2019,200819,     57.18,      0.00,     22.40,      6.35,0,1,4,4,9,9,U2 
H5,840,2019,200820,      0.29,      0.29,      0.29,      0.29,0,0,1,0,1,1,U2 
H5,840,2019,200830,     75.99,      0.00,     14.00,      4.75,0,1,10,5,16,16,U2 
H5,840,2019,200840,     15.30,     15.30,     15.30,     15.30,0,0,0,1,1,1,U2 
H5,840,2019,200850,     39.80,     10.00,     29.80,     19.90,0,0,0,2,2,2,U2 
H5,840,2019,200860,      7.63,      7.63,      7.63,      7.63,0,0,1,0,1,1,U2 
H5,840,2019,200870,     33.00,     16.00,     17.00,     16.50,0,0,0,2,2,2,U2 
H5,840,2019,200880,     11.90,     11.90,     11.90,     11.90,0,0,0,1,1,1,U2 
H5,840,2019,200891,      0.90,      0.90,      0.90,      0.90,0,0,0,1,1,1,U2 
H5,840,2019,200893,      4.50,      4.50,      4.50,      4.50,0,0,0,1,1,1,U2 
H5,840,2019,200897,     20.50,      5.60,     14.90,     10.25,0,0,0,2,2,2,U2 
H5,840,2019,200899,    134.07,      0.00,     22.40,      5.83,0,2,3,18,23,23,U2 
H5,840,2019,200911,      7.85,      7.85,      7.85,      7.85,0,0,1,0,1,1,U2 
H5,840,2019,200912,     16.30,      5.94,     10.36,      8.15,0,0,2,0,2,2,U2 
H5,840,2019,200919,      6.72,      6.72,      6.72,      6.72,0,0,1,0,1,1,U2 
H5,840,2019,200921,     11.69,      4.24,      7.45,      5.84,0,0,2,0,2,2,U2 
H5,840,2019,200929,      3.75,      3.75,      3.75,      3.75,0,0,1,0,1,1,U2 
H5,840,2019,200931,     12.75,      1.46,      6.80,      3.19,0,0,4,0,4,4,U2 
H5,840,2019,200939,      7.10,      1.06,      4.92,      2.37,0,0,3,0,3,3,U2 
H5,840,2019,200941,      7.17,      1.38,      5.79,      3.59,0,0,2,0,2,2,U2 
H5,840,2019,200949,      5.73,      1.10,      4.63,      2.86,0,0,2,0,2,2,U2 
H5,840,2019,200950,      0.17,      0.17,      0.17,      0.17,0,0,1,0,1,1,U2 
H5,840,2019,200961,      6.88,      6.88,      6.88,      6.88,0,0,1,0,1,1,U2 
H5,840,2019,200969,      3.58,      3.58,      3.58,      3.58,0,0,1,0,1,1,U2 
H5,840,2019,200971,      0.00,      0.00,      0.00,      0.00,0,1,0,0,1,1,U2 
H5,840,2019,200979,      0.00,      0.00,      0.00,      0.00,0,1,0,0,1,1,U2 
H5,840,2019,200981,      0.21,      0.21,      0.21,      0.21,0,0,1,0,1,1,U2 
H5,840,2019,200989,      1.00,      0.00,      0.35,      0.20,0,1,4,0,5,5,U2 
H5,840,2019,200990,      6.23,      0.16,      6.06,      3.11,0,0,2,0,2,2,U2 
H5,840,2019,210111,      0.00,      0.00,      0.00,      0.00,0,2,0,0,2,2,U2 
H5,840,2019,210112,     93.00,      8.50,     14.83,     11.62,0,0,3,5,8,8,U2 
H5,840,2019,210120,     93.09,      0.00,     14.86,     10.34,0,1,3,5,9,9,U2 
H5,840,2019,210130,      0.64,      0.64,      0.64,      0.64,0,0,1,0,1,1,U2 
H5,840,2019,210210,      6.40,      6.40,      6.40,      6.40,0,0,0,1,1,1,U2 
H5,840,2019,210220,      9.60,      0.00,      6.40,      3.20,0,1,0,2,3,3,U2 
H5,840,2019,210230,      0.00,      0.00,      0.00,      0.00,0,1,0,0,1,1,U2 
H5,840,2019,210310,      3.00,      3.00,      3.00,      3.00,0,0,0,1,1,1,U2 
H5,840,2019,210320,     17.60,      6.00,     11.60,      8.80,0,0,0,2,2,2,U2 
H5,840,2019,210330,      1.54,      0.00,      1.54,      0.77,0,1,1,0,2,2,U2 
H5,840,2019,210390,     49.56,      0.00,     18.56,      7.08,0,1,1,5,7,7,U2 
H5,840,2019,210410,      3.20,      3.20,      3.20,      3.20,0,0,0,1,1,1,U2 
H5,840,2019,210420,      8.90,      2.50,      6.40,      4.45,0,0,0,2,2,2,U2 
H5,840,2019,210500,    164.97,     17.00,     33.99,     23.57,0,0,2,5,7,7,U2 
H5,840,2019,210610,      6.40,      6.40,      6.40,      6.40,0,0,0,1,1,1,U2 
H5,840,2019,210690,    390.07,      0.00,     37.56,      9.75,2,1,26,13,40,42,U2 
H5,840,2019,220110,      0.75,      0.75,      0.75,      0.75,0,0,1,0,1,1,U2 
H5,840,2019,220190,      0.00,      0.00,      0.00,      0.00,0,1,0,0,1,1,U2 
H5,840,2019,220210,      0.19,      0.19,      0.19,      0.19,0,0,1,0,1,1,U2 
H5,840,2019,220291,      0.20,      0.20,      0.20,      0.20,0,0,1,0,1,1,U2 
H5,840,2019,220299,     95.64,      0.16,     33.63,     13.66,2,0,4,3,7,9,U2 
H5,840,2019,220300,      0.00,      0.00,      0.00,      0.00,0,1,0,0,1,1,U2 
H5,840,2019,220410,      2.36,      2.36,      2.36,      2.36,0,0,1,0,1,1,U2 
H5,840,2019,220421,     11.40,      1.11,      4.13,      2.28,0,0,5,0,5,5,U2 
H5,840,2019,220422,     32.71,      4.09,     10.90,      8.18,0,0,4,0,4,4,U2 
H5,840,2019,220429,     42.83,     16.47,     26.36,     21.42,0,0,2,0,2,2,U2 
H5,840,2019,220430,     12.40,     12.40,     12.40,     12.40,0,0,1,0,1,1,U2 
H5,840,2019,220510,      2.79,      1.27,      1.52,      1.40,0,0,2,0,2,2,U2 
H5,840,2019,220590,      8.76,      2.66,      3.20,      2.92,0,0,3,0,3,3,U2 
H5,840,2019,220600,     23.48,      0.28,      9.76,      4.70,0,0,5,0,5,5,U2 
H5,840,2019,220710,     14.62,      2.50,     12.12,      7.31,0,0,1,1,2,2,U2 
H5,840,2019,220720,      1.90,      1.90,      1.90,      1.90,0,0,0,1,1,1,U2 
H5,840,2019,220820,      0.00,      0.00,      0.00,      0.00,0,6,0,0,6,6,U2 
H5,840,2019,220830,      0.00,      0.00,      0.00,      0.00,0,2,0,0,2,2,U2 
H5,840,2019,220840,      2.81,      0.00,      1.41,      0.70,0,2,2,0,4,4,U2 
H5,840,2019,220850,      0.00,      0.00,      0.00,      0.00,0,1,0,0,1,1,U2 
H5,840,2019,220860,      0.00,      0.00,      0.00,      0.00,0,3,0,0,3,3,U2 
H5,840,2019,220870,      0.00,      0.00,      0.00,      0.00,0,1,0,0,1,1,U2 
H5,840,2019,220890,      1.18,      0.00,      1.18,      0.07,0,17,1,0,18,18,U2 
H5,840,2019,220900,      0.15,      0.15,      0.15,      0.15,0,0,1,0,1,1,U2 
H5,840,2019,230110,      0.00,      0.00,      0.00,      0.00,0,1,0,0,1,1,U2 
H5,840,2019,230120,      0.00,      0.00,      0.00,      0.00,0,1,0,0,1,1,U2 
H5,840,2019,230210,      0.00,      0.00,      0.00,      0.00,0,1,0,0,1,1,U2 
H5,840,2019,230230,      0.00,      0.00,      0.00,      0.00,0,1,0,0,1,1,U2 
H5,840,2019,230240,      0.00,      0.00,      0.00,      0.00,0,1,0,0,1,1,U2 
H5,840,2019,230250,      1.40,      1.40,      1.40,      1.40,0,0,0,1,1,1,U2 
H5,840,2019,230310,      1.40,      1.40,      1.40,      1.40,0,0,0,1,1,1,U2 
H5,840,2019,230320,      0.00,      0.00,      0.00,      0.00,0,1,0,0,1,1,U2 
H5,840,2019,230330,      0.00,      0.00,      0.00,      0.00,0,1,0,0,1,1,U2 
H5,840,2019,230400,      1.12,      1.12,      1.12,      1.12,0,0,1,0,1,1,U2 
H5,840,2019,230500,      0.79,      0.79,      0.79,      0.79,0,0,1,0,1,1,U2 
H5,840,2019,230610,      2.01,      2.01,      2.01,      2.01,0,0,1,0,1,1,U2 
H5,840,2019,230620,      0.33,      0.33,      0.33,      0.33,0,0,1,0,1,1,U2 
H5,840,2019,230630,      1.96,      1.96,      1.96,      1.96,0,0,1,0,1,1,U2 
H5,840,2019,230641,      0.63,      0.63,      0.63,      0.63,0,0,1,0,1,1,U2 
H5,840,2019,230649,      0.66,      0.66,      0.66,      0.66,0,0,1,0,1,1,U2 
H5,840,2019,230650,      2.12,      2.12,      2.12,      2.12,0,0,1,0,1,1,U2 
H5,840,2019,230660,      2.42,      2.42,      2.42,      2.42,0,0,1,0,1,1,U2 
H5,840,2019,230690,      1.93,      1.93,      1.93,      1.93,0,0,1,0,1,1,U2 
H5,840,2019,230700,      0.00,      0.00,      0.00,      0.00,0,1,0,0,1,1,U2 
H5,840,2019,230800,      4.70,      0.00,      1.90,      1.17,0,1,0,3,4,4,U2 
H5,840,2019,230910,      0.00,      0.00,      0.00,      0.00,0,1,0,0,1,1,U2 
H5,840,2019,230990,    241.80,      0.00,    103.55,     24.18,0,1,2,7,10,10,U2 
H5,840,2019,240110,    364.41,      0.00,    350.00,     40.49,0,5,3,1,9,9,U2 
H5,840,2019,240120,    814.43,      0.00,    350.00,     54.30,0,7,6,2,15,15,U2 
H5,840,2019,240130,    670.55,      0.00,    350.00,     51.58,0,8,4,1,13,13,U2 
H5,840,2019,240210,     13.61,      2.55,      8.51,      4.54,0,0,3,0,3,3,U2 
H5,840,2019,240220,     17.68,      2.48,      8.90,      5.89,0,0,3,0,3,3,U2 
H5,840,2019,240290,      5.40,      5.40,      5.40,      5.40,0,0,1,0,1,1,U2 
H5,840,2019,240311,      3.19,      3.19,      3.19,      3.19,0,0,1,0,1,1,U2 
H5,840,2019,240319,    354.58,      1.53,    350.00,     88.65,0,0,3,1,4,4,U2 
H5,840,2019,240391,    370.21,      3.95,    350.00,     92.55,0,0,3,1,4,4,U2 
H5,840,2019,240399,    351.79,      0.60,    350.00,     87.95,0,0,3,1,4,4,U2 
H5,840,2019,250100,      0.00,      0.00,      0.00,      0.00,0,1,0,0,1,1,U2 
H5,840,2019,250200,      0.00,      0.00,      0.00,      0.00,0,1,0,0,1,1,U2 
H5,840,2019,250300,      0.00,      0.00,      0.00,      0.00,0,1,0,0,1,1,U2 
H5,840,2019,250410,      0.00,      0.00,      0.00,      0.00,0,2,0,0,2,2,U2 
H5,840,2019,250490,      0.00,      0.00,      0.00,      0.00,0,1,0,0,1,1,U2 
H5,840,2019,250510,      0.00,      0.00,      0.00,      0.00,0,2,0,0,2,2,U2 
H5,840,2019,250590,      0.00,      0.00,      0.00,      0.00,0,1,0,0,1,1,U2 
H5,840,2019,250610,      0.00,      0.00,      0.00,      0.00,0,1,0,0,1,1,U2 
H5,840,2019,250620,      0.00,      0.00,      0.00,      0.00,0,1,0,0,1,1,U2 
H5,840,2019,250700,      0.00,      0.00,      0.00,      0.00,0,1,0,0,1,1,U2 
H5,840,2019,250810,      0.00,      0.00,      0.00,      0.00,0,1,0,0,1,1,U2 
H5,840,2019,250830,      0.00,      0.00,      0.00,      0.00,0,1,0,0,1,1,U2 
H5,840,2019,250840,      0.00,      0.00,      0.00,      0.00,0,1,0,0,1,1,U2 
H5,840,2019,250850,      0.00,      0.00,      0.00,      0.00,0,1,0,0,1,1,U2 
H5,840,2019,250860,      0.00,      0.00,      0.00,      0.00,0,1,0,0,1,1,U2 
H5,840,2019,250870,      0.00,      0.00,      0.00,      0.00,0,1,0,0,1,1,U2 
H5,840,2019,250900,      0.00,      0.00,      0.00,      0.00,0,2,0,0,2,2,U2 
H5,840,2019,251010,      0.00,      0.00,      0.00,      0.00,0,1,0,0,1,1,U2 
H5,840,2019,251020,      0.00,      0.00,      0.00,      0.00,0,1,0,0,1,1,U2 
H5,840,2019,251110,      0.93,      0.00,      0.93,      0.46,0,1,1,0,2,2,U2 
H5,840,2019,251120,      0.00,      0.00,      0.00,      0.00,0,1,0,0,1,1,U2 
H5,840,2019,251200,      0.00,      0.00,      0.00,      0.00,0,1,0,0,1,1,U2 
H5,840,2019,251310,      0.00,      0.00,      0.00,      0.00,0,1,0,0,1,1,U2 
H5,840,2019,251320,      0.00,      0.00,      0.00,      0.00,0,2,0,0,2,2,U2 
H5,840,2019,251400,      0.00,      0.00,      0.00,      0.00,0,1,0,0,1,1,U2 
H5,840,2019,251511,      0.00,      0.00,      0.00,      0.00,0,1,0,0,1,1,U2 
H5,840,2019,251512,      3.00,      0.00,      3.00,      1.50,0,1,0,1,2,2,U2 
H5,840,2019,251520,      3.00,      3.00,      3.00,      3.00,0,0,0,1,1,1,U2 
H5,840,2019,251611,      0.00,      0.00,      0.00,      0.00,0,1,0,0,1,1,U2 
H5,840,2019,251612,      2.80,      2.80,      2.80,      2.80,0,0,0,1,1,1,U2 
H5,840,2019,251620,      3.00,      0.00,      3.00,      1.50,0,1,0,1,2,2,U2 
H5,840,2019,251690,      3.00,      3.00,      3.00,      3.00,0,0,0,1,1,1,U2 
H5,840,2019,251710,      0.00,      0.00,      0.00,      0.00,0,1,0,0,1,1,U2 
H5,840,2019,251720,      0.00,      0.00,      0.00,      0.00,0,1,0,0,1,1,U2 
H5,840,2019,251730,      0.00,      0.00,      0.00,      0.00,0,1,0,0,1,1,U2 
H5,840,2019,251741,      0.00,      0.00,      0.00,      0.00,0,1,0,0,1,1,U2 
H5,840,2019,251749,      0.00,      0.00,      0.00,      0.00,0,1,0,0,1,1,U2 
H5,840,2019,251810,      0.00,      0.00,      0.00,      0.00,0,1,0,0,1,1,U2 
H5,840,2019,251820,      3.00,      3.00,      3.00,      3.00,0,0,0,1,1,1,U2 
H5,840,2019,251830,      0.00,      0.00,      0.00,      0.00,0,1,0,0,1,1,U2 
H5,840,2019,251910,      0.00,      0.00,      0.00,      0.00,0,1,0,0,1,1,U2 
H5,840,2019,251990,      0.00,      0.00,      0.00,      0.00,0,3,0,0,3,3,U2 
H5,840,2019,252010,      0.00,      0.00,      0.00,      0.00,0,1,0,0,1,1,U2 
H5,840,2019,252020,      0.00,      0.00,      0.00,      0.00,0,1,0,0,1,1,U2 
H5,840,2019,252100,      0.00,      0.00,      0.00,      0.00,0,1,0,0,1,1,U2 
H5,840,2019,252210,      0.00,      0.00,      0.00,      0.00,0,1,0,0,1,1,U2 
H5,840,2019,252220,      0.00,      0.00,      0.00,      0.00,0,1,0,0,1,1,U2 
H5,840,2019,252230,      0.00,      0.00,      0.00,      0.00,0,1,0,0,1,1,U2 
H5,840,2019,252310,      0.00,      0.00,      0.00,      0.00,0,1,0,0,1,1,U2 
H5,840,2019,252321,      0.00,      0.00,      0.00,      0.00,0,1,0,0,1,1,U2 
H5,840,2019,252329,      0.00,      0.00,      0.00,      0.00,0,1,0,0,1,1,U2 
H5,840,2019,252330,      0.00,      0.00,      0.00,      0.00,0,1,0,0,1,1,U2 
H5,840,2019,252390,      0.00,      0.00,      0.00,      0.00,0,1,0,0,1,1,U2 
H5,840,2019,252410,      0.00,      0.00,      0.00,      0.00,0,1,0,0,1,1,U2 
H5,840,2019,252490,      0.00,      0.00,      0.00,      0.00,0,1,0,0,1,1,U2 
H5,840,2019,252510,      0.00,      0.00,      0.00,      0.00,0,1,0,0,1,1,U2 
H5,840,2019,252520,      0.00,      0.00,      0.00,      0.00,0,1,0,0,1,1,U2 
H5,840,2019,252530,      0.00,      0.00,      0.00,      0.00,0,1,0,0,1,1,U2 
H5,840,2019,252610,      0.00,      0.00,      0.00,      0.00,0,1,0,0,1,1,U2 
H5,840,2019,252620,      0.00,      0.00,      0.00,      0.00,0,1,0,0,1,1,U2 
H5,840,2019,252800,      0.00,      0.00,      0.00,      0.00,0,1,0,0,1,1,U2 
H5,840,2019,252910,      0.00,      0.00,      0.00,      0.00,0,1,0,0,1,1,U2 
H5,840,2019,252921,      0.00,      0.00,      0.00,      0.00,0,1,0,0,1,1,U2 
H5,840,2019,252922,      0.00,      0.00,      0.00,      0.00,0,1,0,0,1,1,U2 
H5,840,2019,252930,      0.00,      0.00,      0.00,      0.00,0,1,0,0,1,1,U2 
H5,840,2019,253010,      0.00,      0.00,      0.00,      0.00,0,1,0,0,1,1,U2 
H5,840,2019,253020,      0.00,      0.00,      0.00,      0.00,0,2,0,0,2,2,U2 
H5,840,2019,253090,      2.90,      0.00,      2.90,      0.97,0,2,0,1,3,3,U2 
H5,840,2019,260111,      0.00,      0.00,      0.00,      0.00,0,1,0,0,1,1,U2 
H5,840,2019,260112,      0.00,      0.00,      0.00,      0.00,0,1,0,0,1,1,U2 
H5,840,2019,260120,      0.00,      0.00,      0.00,      0.00,0,1,0,0,1,1,U2 
H5,840,2019,260200,      0.00,      0.00,      0.00,      0.00,0,1,0,0,1,1,U2 
H5,840,2019,260300,      1.01,      1.01,      1.01,      1.01,0,0,1,0,1,1,U2 
H5,840,2019,260400,      0.00,      0.00,      0.00,      0.00,0,1,0,0,1,1,U2 
H5,840,2019,260500,      0.00,      0.00,      0.00,      0.00,0,1,0,0,1,1,U2 
H5,840,2019,260600,      0.00,      0.00,      0.00,      0.00,0,1,0,0,1,1,U2 
H5,840,2019,260700,      0.59,      0.59,      0.59,      0.59,0,0,1,0,1,1,U2 
H5,840,2019,260800,      0.00,      0.00,      0.00,      0.00,0,1,0,0,1,1,U2 
H5,840,2019,260900,      0.00,      0.00,      0.00,      0.00,0,1,0,0,1,1,U2 
H5,840,2019,261000,      0.00,      0.00,      0.00,      0.00,0,1,0,0,1,1,U2 
H5,840,2019,261100,      2.93,      0.00,      2.93,      1.47,0,1,1,0,2,2,U2 
H5,840,2019,261210,      0.00,      0.00,      0.00,      0.00,0,1,0,0,1,1,U2 
H5,840,2019,261220,      0.00,      0.00,      0.00,      0.00,0,1,0,0,1,1,U2 
H5,840,2019,261310,      2.72,      2.72,      2.72,      2.72,0,0,1,0,1,1,U2 
H5,840,2019,261390,      1.35,      1.35,      1.35,      1.35,0,0,1,0,1,1,U2 
H5,840,2019,261400,      0.00,      0.00,      0.00,      0.00,0,2,0,0,2,2,U2 
H5,840,2019,261510,      0.00,      0.00,      0.00,      0.00,0,1,0,0,1,1,U2 
H5,840,2019,261590,      0.00,      0.00,      0.00,      0.00,0,2,0,0,2,2,U2 
H5,840,2019,261610,      0.25,      0.25,      0.25,      0.25,0,0,1,0,1,1,U2 
H5,840,2019,261690,      0.47,      0.47,      0.47,      0.47,0,0,1,0,1,1,U2 
H5,840,2019,261710,      0.00,      0.00,      0.00,      0.00,0,1,0,0,1,1,U2 
H5,840,2019,261790,      0.00,      0.00,      0.00,      0.00,0,1,0,0,1,1,U2 
H5,840,2019,261800,      0.00,      0.00,      0.00,      0.00,0,1,0,0,1,1,U2 
H5,840,2019,261900,      0.00,      0.00,      0.00,      0.00,0,2,0,0,2,2,U2 
H5,840,2019,262011,      0.00,      0.00,      0.00,      0.00,0,1,0,0,1,1,U2 
H5,840,2019,262019,      0.00,      0.00,      0.00,      0.00,1,1,0,0,1,2,U2 
H5,840,2019,262021,      0.00,      0.00,      0.00,      0.00,0,1,0,0,1,1,U2 
H5,840,2019,262029,      0.00,      0.00,      0.00,      0.00,0,1,0,0,1,1,U2 
H5,840,2019,262030,      0.00,      0.00,      0.00,      0.00,0,1,0,0,1,1,U2 
H5,840,2019,262040,      0.00,      0.00,      0.00,      0.00,0,1,0,0,1,1,U2 
H5,840,2019,262060,      5.00,      0.00,      5.00,      2.50,0,1,0,1,2,2,U2 
H5,840,2019,262091,      0.00,      0.00,      0.00,      0.00,0,1,0,0,1,1,U2 
H5,840,2019,262099,     33.84,      0.00,     33.84,      5.64,0,5,1,0,6,6,U2 
H5,840,2019,262110,      0.00,      0.00,      0.00,      0.00,0,1,0,0,1,1,U2 
H5,840,2019,262190,      0.00,      0.00,      0.00,      0.00,0,1,0,0,1,1,U2 
H5,840,2019,270111,      0.00,      0.00,      0.00,      0.00,0,1,0,0,1,1,U2 
H5,840,2019,270112,      0.00,      0.00,      0.00,      0.00,0,1,0,0,1,1,U2 
H5,840,2019,270119,      0.00,      0.00,      0.00,      0.00,0,1,0,0,1,1,U2 
H5,840,2019,270120,      0.00,      0.00,      0.00,      0.00,0,1,0,0,1,1,U2 
H5,840,2019,270210,      0.00,      0.00,      0.00,      0.00,0,1,0,0,1,1,U2 
H5,840,2019,270220,      0.00,      0.00,      0.00,      0.00,0,1,0,0,1,1,U2 
H5,840,2019,270300,      0.00,      0.00,      0.00,      0.00,0,1,0,0,1,1,U2 
H5,840,2019,270400,      0.00,      0.00,      0.00,      0.00,0,1,0,0,1,1,U2 
H5,840,2019,270500,      0.00,      0.00,      0.00,      0.00,0,1,0,0,1,1,U2 
H5,840,2019,270600,      0.00,      0.00,      0.00,      0.00,0,1,0,0,1,1,U2 
H5,840,2019,270710,      0.00,      0.00,      0.00,      0.00,0,1,0,0,1,1,U2 
H5,840,2019,270720,      0.00,      0.00,      0.00,      0.00,0,1,0,0,1,1,U2 
H5,840,2019,270730,      0.00,      0.00,      0.00,      0.00,0,1,0,0,1,1,U2 
H5,840,2019,270740,      0.00,      0.00,      0.00,      0.00,0,1,0,0,1,1,U2 
H5,840,2019,270750,      0.00,      0.00,      0.00,      0.00,0,1,0,0,1,1,U2 
H5,840,2019,270791,      0.00,      0.00,      0.00,      0.00,0,1,0,0,1,1,U2 
H5,840,2019,270799,     28.27,      0.00,     18.53,      4.04,0,4,3,0,7,7,U2 
H5,840,2019,270810,      0.00,      0.00,      0.00,      0.00,0,1,0,0,1,1,U2 
H5,840,2019,270820,      0.00,      0.00,      0.00,      0.00,0,1,0,0,1,1,U2 
H5,840,2019,270900,      4.80,      1.60,      3.20,      2.40,0,0,2,0,2,2,U2 
H5,840,2019,271000,,,,,,,,,,,U2 
H5,840,2019,271012,     38.12,      2.59,     12.97,      7.62,0,0,4,1,5,5,U2 
H5,840,2019,271019,     81.39,      1.15,     18.39,      7.40,0,0,9,2,11,11,U2 
H5,840,2019,271020,     18.05,      1.20,     12.03,      4.51,0,0,4,0,4,4,U2 
H5,840,2019,271091,      2.14,      2.14,      2.14,      2.14,0,0,1,0,1,1,U2 
H5,840,2019,271099,    154.03,      3.90,     62.43,     17.11,0,0,7,2,9,9,U2 
H5,840,2019,271111,      0.00,      0.00,      0.00,      0.00,0,1,0,0,1,1,U2 
H5,840,2019,271112,      0.00,      0.00,      0.00,      0.00,0,1,0,0,1,1,U2 
H5,840,2019,271113,      0.00,      0.00,      0.00,      0.00,0,1,0,0,1,1,U2 
H5,840,2019,271114,      0.00,      0.00,      0.00,      0.00,0,1,0,0,1,1,U2 
H5,840,2019,271119,      0.00,      0.00,      0.00,      0.00,0,1,0,0,1,1,U2 
H5,840,2019,271121,      0.00,      0.00,      0.00,      0.00,0,1,0,0,1,1,U2 
H5,840,2019,271129,      0.00,      0.00,      0.00,      0.00,0,1,0,0,1,1,U2 
H5,840,2019,271210,      0.00,      0.00,      0.00,      0.00,0,1,0,0,1,1,U2 
H5,840,2019,271220,      0.00,      0.00,      0.00,      0.00,0,1,0,0,1,1,U2 
H5,840,2019,271290,      0.00,      0.00,      0.00,      0.00,0,2,0,0,2,2,U2 
H5,840,2019,271311,      0.00,      0.00,      0.00,      0.00,0,1,0,0,1,1,U2 
H5,840,2019,271312,      0.00,      0.00,      0.00,      0.00,0,1,0,0,1,1,U2 
H5,840,2019,271320,      0.00,      0.00,      0.00,      0.00,0,1,0,0,1,1,U2 
H5,840,2019,271390,      0.00,      0.00,      0.00,      0.00,0,1,0,0,1,1,U2 
H5,840,2019,271410,      0.00,      0.00,      0.00,      0.00,0,1,0,0,1,1,U2 
H5,840,2019,271490,      0.00,      0.00,      0.00,      0.00,0,1,0,0,1,1,U2 
H5,840,2019,271500,      0.00,      0.00,      0.00,      0.00,0,1,0,0,1,1,U2 
H5,840,2019,271600,      0.00,      0.00,      0.00,      0.00,0,1,0,0,1,1,U2 
H5,840,2019,280110,      0.00,      0.00,      0.00,      0.00,0,1,0,0,1,1,U2 
H5,840,2019,280120,      0.00,      0.00,      0.00,      0.00,0,1,0,0,1,1,U2 
H5,840,2019,280130,      9.20,      3.70,      5.50,      4.60,0,0,0,2,2,2,U2 
H5,840,2019,280200,      0.00,      0.00,      0.00,      0.00,0,1,0,0,1,1,U2 
H5,840,2019,280300,      0.00,      0.00,      0.00,      0.00,0,1,0,0,1,1,U2 
H5,840,2019,280410,      3.70,      3.70,      3.70,      3.70,0,0,0,1,1,1,U2 
H5,840,2019,280421,      3.70,      3.70,      3.70,      3.70,0,0,0,1,1,1,U2 
H5,840,2019,280429,      3.70,      3.70,      3.70,      3.70,0,0,0,1,1,1,U2 
H5,840,2019,280430,      3.70,      3.70,      3.70,      3.70,0,0,0,1,1,1,U2 
H5,840,2019,280440,      3.70,      3.70,      3.70,      3.70,0,0,0,1,1,1,U2 
H5,840,2019,280450,      0.00,      0.00,      0.00,      0.00,0,1,0,0,1,1,U2 
H5,840,2019,280461,      0.00,      0.00,      0.00,      0.00,0,1,0,0,1,1,U2 
H5,840,2019,280469,     10.80,      5.30,      5.50,      5.40,0,0,0,2,2,2,U2 
H5,840,2019,280470,      0.00,      0.00,      0.00,      0.00,0,1,0,0,1,1,U2 
H5,840,2019,280480,      0.00,      0.00,      0.00,      0.00,0,1,0,0,1,1,U2 
H5,840,2019,280490,      0.00,      0.00,      0.00,      0.00,0,1,0,0,1,1,U2 
H5,840,2019,280511,      5.30,      5.30,      5.30,      5.30,0,0,0,1,1,1,U2 
H5,840,2019,280512,      3.00,      3.00,      3.00,      3.00,0,0,0,1,1,1,U2 
H5,840,2019,280519,      9.20,      0.00,      5.50,      3.07,0,1,0,2,3,3,U2 
H5,840,2019,280530,      5.00,      5.00,      5.00,      5.00,0,0,0,1,1,1,U2 
H5,840,2019,280540,      1.70,      1.70,      1.70,      1.70,0,0,0,1,1,1,U2 
H5,840,2019,280610,      0.00,      0.00,      0.00,      0.00,0,1,0,0,1,1,U2 
H5,840,2019,280620,      4.20,      4.20,      4.20,      4.20,0,0,0,1,1,1,U2 
H5,840,2019,280700,      0.00,      0.00,      0.00,      0.00,0,1,0,0,1,1,U2 
H5,840,2019,280800,      0.00,      0.00,      0.00,      0.00,0,1,0,0,1,1,U2 
H5,840,2019,280910,      0.00,      0.00,      0.00,      0.00,0,1,0,0,1,1,U2 
H5,840,2019,280920,      0.00,      0.00,      0.00,      0.00,0,1,0,0,1,1,U2 
H5,840,2019,281000,      1.50,      1.50,      1.50,      1.50,0,0,0,1,1,1,U2 
H5,840,2019,281111,      0.00,      0.00,      0.00,      0.00,0,1,0,0,1,1,U2 
H5,840,2019,281112,      4.20,      4.20,      4.20,      4.20,0,0,0,1,1,1,U2 
H5,840,2019,281119,      6.50,      0.00,      4.20,      2.17,0,1,0,2,3,3,U2 
H5,840,2019,281121,      3.70,      3.70,      3.70,      3.70,0,0,0,1,1,1,U2 
H5,840,2019,281122,      3.70,      0.00,      3.70,      1.85,0,1,0,1,2,2,U2 
H5,840,2019,281129,      7.90,      0.00,      4.20,      1.98,0,2,0,2,4,4,U2 
H5,840,2019,281211,      3.70,      3.70,      3.70,      3.70,0,0,0,1,1,1,U2 
H5,840,2019,281212,      3.70,      3.70,      3.70,      3.70,0,0,0,1,1,1,U2 
H5,840,2019,281213,      3.70,      3.70,      3.70,      3.70,0,0,0,1,1,1,U2 
H5,840,2019,281214,      0.00,      0.00,      0.00,      0.00,0,1,0,0,1,1,U2 
H5,840,2019,281215,      3.70,      3.70,      3.70,      3.70,0,0,0,1,1,1,U2 
H5,840,2019,281216,      3.70,      3.70,      3.70,      3.70,0,0,0,1,1,1,U2 
H5,840,2019,281217,      3.70,      3.70,      3.70,      3.70,0,0,0,1,1,1,U2 
H5,840,2019,281219,      3.70,      3.70,      3.70,      3.70,0,0,0,1,1,1,U2 
H5,840,2019,281290,      3.70,      3.70,      3.70,      3.70,0,0,0,1,1,1,U2 
H5,840,2019,281310,      3.70,      3.70,      3.70,      3.70,0,0,0,1,1,1,U2 
H5,840,2019,281390,      3.70,      0.00,      3.70,      1.23,0,2,0,1,3,3,U2 
H5,840,2019,281410,      0.00,      0.00,      0.00,      0.00,0,1,0,0,1,1,U2 
H5,840,2019,281420,      0.00,      0.00,      0.00,      0.00,0,1,0,0,1,1,U2 
H5,840,2019,281511,      0.00,      0.00,      0.00,      0.00,0,1,0,0,1,1,U2 
H5,840,2019,281512,      0.00,      0.00,      0.00,      0.00,0,1,0,0,1,1,U2 
H5,840,2019,281520,      0.00,      0.00,      0.00,      0.00,0,1,0,0,1,1,U2 
H5,840,2019,281530,      3.70,      3.70,      3.70,      3.70,0,0,0,1,1,1,U2 
H5,840,2019,281610,      3.10,      3.10,      3.10,      3.10,0,0,0,1,1,1,U2 
H5,840,2019,281640,      6.20,      2.00,      4.20,      3.10,0,0,0,2,2,2,U2 
H5,840,2019,281700,      0.00,      0.00,      0.00,      0.00,0,1,0,0,1,1,U2 
H5,840,2019,281810,      1.30,      0.00,      1.30,      0.65,0,1,0,1,2,2,U2 
H5,840,2019,281820,      0.00,      0.00,      0.00,      0.00,0,1,0,0,1,1,U2 
H5,840,2019,281830,      0.00,      0.00,      0.00,      0.00,0,1,0,0,1,1,U2 
H5,840,2019,281910,      3.70,      3.70,      3.70,      3.70,0,0,0,1,1,1,U2 
H5,840,2019,281990,      3.70,      3.70,      3.70,      3.70,0,0,0,1,1,1,U2 
H5,840,2019,282010,      4.70,      4.70,      4.70,      4.70,0,0,0,1,1,1,U2 
H5,840,2019,282090,      4.70,      4.70,      4.70,      4.70,0,0,0,1,1,1,U2 
H5,840,2019,282110,      3.70,      3.70,      3.70,      3.70,0,0,0,1,1,1,U2 
H5,840,2019,282120,      5.50,      5.50,      5.50,      5.50,0,0,0,1,1,1,U2 
H5,840,2019,282200,      0.10,      0.10,      0.10,      0.10,0,0,0,1,1,1,U2 
H5,840,2019,282300,      5.50,      5.50,      5.50,      5.50,0,0,0,1,1,1,U2 
H5,840,2019,282410,      3.00,      3.00,      3.00,      3.00,0,0,0,1,1,1,U2 
H5,840,2019,282490,     13.70,      3.40,      5.50,      4.57,0,0,0,3,3,3,U2 
H5,840,2019,282510,      3.70,      3.70,      3.70,      3.70,0,0,0,1,1,1,U2 
H5,840,2019,282520,      3.70,      3.70,      3.70,      3.70,0,0,0,1,1,1,U2 
H5,840,2019,282530,      5.50,      5.50,      5.50,      5.50,0,0,0,1,1,1,U2 
H5,840,2019,282540,      0.00,      0.00,      0.00,      0.00,0,1,0,0,1,1,U2 
H5,840,2019,282550,     13.20,      3.90,      5.00,      4.40,0,0,0,3,3,3,U2 
H5,840,2019,282560,      3.70,      3.70,      3.70,      3.70,0,0,0,1,1,1,U2 
H5,840,2019,282570,      3.20,      3.20,      3.20,      3.20,0,0,0,1,1,1,U2 
H5,840,2019,282580,      0.00,      0.00,      0.00,      0.00,0,1,0,0,1,1,U2 
H5,840,2019,282590,     20.80,      0.00,      5.50,      3.47,0,1,0,5,6,6,U2 
H5,840,2019,282612,      0.00,      0.00,      0.00,      0.00,0,1,0,0,1,1,U2 
H5,840,2019,282619,     10.70,      3.10,      3.90,      3.57,0,0,0,3,3,3,U2 
H5,840,2019,282630,      0.00,      0.00,      0.00,      0.00,0,1,0,0,1,1,U2 
H5,840,2019,282690,      7.20,      3.10,      4.10,      3.60,0,0,0,2,2,2,U2 
H5,840,2019,282710,      2.90,      2.90,      2.90,      2.90,0,0,0,1,1,1,U2 
H5,840,2019,282720,      0.00,      0.00,      0.00,      0.00,0,1,0,0,1,1,U2 
H5,840,2019,282731,      1.50,      1.50,      1.50,      1.50,0,0,0,1,1,1,U2 
H5,840,2019,282732,      0.00,      0.00,      0.00,      0.00,0,1,0,0,1,1,U2 
H5,840,2019,282735,      3.70,      3.70,      3.70,      3.70,0,0,0,1,1,1,U2 
H5,840,2019,282739,     37.50,      1.60,      5.50,      4.17,0,0,0,9,9,9,U2 
H5,840,2019,282741,      3.90,      3.90,      3.90,      3.90,0,0,0,1,1,1,U2 
H5,840,2019,282749,     11.00,      5.50,      5.50,      5.50,0,0,0,2,2,2,U2 
H5,840,2019,282751,      0.00,      0.00,      0.00,      0.00,0,1,0,0,1,1,U2 
H5,840,2019,282759,      3.60,      0.00,      3.60,      1.80,0,1,0,1,2,2,U2 
H5,840,2019,282760,      7.00,      0.00,      4.20,      2.33,0,1,0,2,3,3,U2 
H5,840,2019,282810,      2.40,      2.40,      2.40,      2.40,0,0,0,1,1,1,U2 
H5,840,2019,282890,      3.70,      3.70,      3.70,      3.70,0,0,0,1,1,1,U2 
H5,840,2019,282911,      0.00,      0.00,      0.00,      0.00,0,1,0,0,1,1,U2 
H5,840,2019,282919,      3.30,      3.30,      3.30,      3.30,0,0,0,1,1,1,U2 
H5,840,2019,282990,      6.80,      0.00,      3.70,      1.70,0,2,0,2,4,4,U2 
H5,840,2019,283010,      3.70,      3.70,      3.70,      3.70,0,0,0,1,1,1,U2 
H5,840,2019,283090,      8.90,      0.00,      3.10,      2.22,0,1,0,3,4,4,U2 
H5,840,2019,283110,      5.50,      0.00,      5.50,      2.75,0,1,0,1,2,2,U2 
H5,840,2019,283190,      5.50,      5.50,      5.50,      5.50,0,0,0,1,1,1,U2 
H5,840,2019,283210,      1.50,      1.50,      1.50,      1.50,0,0,0,1,1,1,U2 
H5,840,2019,283220,      3.10,      3.10,      3.10,      3.10,0,0,0,1,1,1,U2 
H5,840,2019,283230,      4.60,      1.50,      3.10,      2.30,0,0,0,2,2,2,U2 
H5,840,2019,283311,      0.40,      0.00,      0.40,      0.20,0,1,0,1,2,2,U2 
H5,840,2019,283319,      0.00,      0.00,      0.00,      0.00,0,1,0,0,1,1,U2 
H5,840,2019,283321,      3.70,      3.70,      3.70,      3.70,0,0,0,1,1,1,U2 
H5,840,2019,283322,      0.00,      0.00,      0.00,      0.00,0,1,0,0,1,1,U2 
H5,840,2019,283324,      3.20,      3.20,      3.20,      3.20,0,0,0,1,1,1,U2 
H5,840,2019,283325,      1.40,      1.40,      1.40,      1.40,0,0,0,1,1,1,U2 
H5,840,2019,283327,      0.60,      0.60,      0.60,      0.60,0,0,0,1,1,1,U2 
H5,840,2019,283329,     15.90,      0.00,      5.50,      2.65,0,1,0,5,6,6,U2 
H5,840,2019,283330,      1.60,      1.60,      1.60,      1.60,0,0,0,1,1,1,U2 
H5,840,2019,283340,      6.80,      3.10,      3.70,      3.40,0,0,0,2,2,2,U2 
H5,840,2019,283410,      8.60,      3.10,      5.50,      4.30,0,0,0,2,2,2,U2 
H5,840,2019,283421,      0.00,      0.00,      0.00,      0.00,0,1,0,0,1,1,U2 
H5,840,2019,283429,     13.20,      0.00,      5.50,      3.30,0,1,0,3,4,4,U2 
H5,840,2019,283510,      3.10,      3.10,      3.10,      3.10,0,0,0,1,1,1,U2 
H5,840,2019,283522,      1.40,      1.40,      1.40,      1.40,0,0,0,1,1,1,U2 
H5,840,2019,283524,      3.10,      3.10,      3.10,      3.10,0,0,0,1,1,1,U2 
H5,840,2019,283525,      0.00,      0.00,      0.00,      0.00,0,1,0,0,1,1,U2 
H5,840,2019,283526,      0.00,      0.00,      0.00,      0.00,0,1,0,0,1,1,U2 
H5,840,2019,283529,      7.80,      0.00,      4.10,      1.95,0,1,0,3,4,4,U2 
H5,840,2019,283531,      1.40,      1.40,      1.40,      1.40,0,0,0,1,1,1,U2 
H5,840,2019,283539,      6.80,      3.10,      3.70,      3.40,0,0,0,2,2,2,U2 
H5,840,2019,283620,      1.20,      1.20,      1.20,      1.20,0,0,0,1,1,1,U2 
H5,840,2019,283630,      0.00,      0.00,      0.00,      0.00,0,1,0,0,1,1,U2 
H5,840,2019,283640,      3.20,      1.30,      1.90,      1.60,0,0,0,2,2,2,U2 
H5,840,2019,283650,      0.00,      0.00,      0.00,      0.00,0,1,0,0,1,1,U2 
H5,840,2019,283660,      2.30,      2.30,      2.30,      2.30,0,0,0,1,1,1,U2 
H5,840,2019,283691,      3.70,      3.70,      3.70,      3.70,0,0,0,1,1,1,U2 
H5,840,2019,283692,      4.20,      4.20,      4.20,      4.20,0,0,0,1,1,1,U2 
H5,840,2019,283699,     15.60,      0.50,      5.50,      3.12,0,0,0,5,5,5,U2 
H5,840,2019,283711,      0.00,      0.00,      0.00,      0.00,0,1,0,0,1,1,U2 
H5,840,2019,283719,      0.00,      0.00,      0.00,      0.00,0,1,0,0,1,1,U2 
H5,840,2019,283720,      2.80,      1.10,      1.70,      1.40,0,0,0,2,2,2,U2 
H5,840,2019,283911,      1.10,      1.10,      1.10,      1.10,0,0,0,1,1,1,U2 
H5,840,2019,283919,      1.10,      1.10,      1.10,      1.10,0,0,0,1,1,1,U2 
H5,840,2019,283990,      6.20,      3.10,      3.10,      3.10,0,0,0,2,2,2,U2 
H5,840,2019,284011,      0.30,      0.30,      0.30,      0.30,0,0,0,1,1,1,U2 
H5,840,2019,284019,      0.10,      0.10,      0.10,      0.10,0,0,0,1,1,1,U2 
H5,840,2019,284020,      3.70,      3.70,      3.70,      3.70,0,0,0,1,1,1,U2 
H5,840,2019,284030,      3.70,      3.70,      3.70,      3.70,0,0,0,1,1,1,U2 
H5,840,2019,284130,      2.40,      2.40,      2.40,      2.40,0,0,0,1,1,1,U2 
H5,840,2019,284150,      4.60,      1.50,      3.10,      2.30,0,0,0,2,2,2,U2 
H5,840,2019,284161,      5.00,      5.00,      5.00,      5.00,0,0,0,1,1,1,U2 
H5,840,2019,284169,      5.00,      5.00,      5.00,      5.00,0,0,0,1,1,1,U2 
H5,840,2019,284170,      8.00,      3.70,      4.30,      4.00,0,0,0,2,2,2,U2 
H5,840,2019,284180,      5.50,      5.50,      5.50,      5.50,0,0,0,1,1,1,U2 
H5,840,2019,284190,     22.20,      3.10,      5.50,      3.70,0,0,0,6,6,6,U2 
H5,840,2019,284210,      3.70,      3.70,      3.70,      3.70,0,0,0,1,1,1,U2 
H5,840,2019,284290,      6.40,      3.10,      3.30,      3.20,0,0,0,2,2,2,U2 
H5,840,2019,284310,      5.50,      5.50,      5.50,      5.50,0,0,0,1,1,1,U2 
H5,840,2019,284321,      3.70,      3.70,      3.70,      3.70,0,0,0,1,1,1,U2 
H5,840,2019,284329,      3.70,      3.70,      3.70,      3.70,0,0,0,1,1,1,U2 
H5,840,2019,284330,      5.00,      5.00,      5.00,      5.00,0,0,0,1,1,1,U2 
H5,840,2019,284390,      3.70,      3.70,      3.70,      3.70,0,0,0,1,1,1,U2 
H5,840,2019,284410,     10.00,      0.00,      5.00,      3.33,0,1,0,2,3,3,U2 
H5,840,2019,284420,      0.00,      0.00,      0.00,      0.00,0,1,0,0,1,1,U2 
H5,840,2019,284430,     10.50,      0.00,      5.50,      3.50,0,1,0,2,3,3,U2 
H5,840,2019,284440,      0.00,      0.00,      0.00,      0.00,0,1,0,0,1,1,U2 
H5,840,2019,284450,      0.00,      0.00,      0.00,      0.00,0,1,0,0,1,1,U2 
H5,840,2019,284510,      0.00,      0.00,      0.00,      0.00,0,1,0,0,1,1,U2 
H5,840,2019,284590,      0.00,      0.00,      0.00,      0.00,0,1,0,0,1,1,U2 
H5,840,2019,284610,      5.50,      5.50,      5.50,      5.50,0,0,0,1,1,1,U2 
H5,840,2019,284690,      3.70,      0.00,      3.70,      1.23,0,2,0,1,3,3,U2 
H5,840,2019,284700,      3.70,      3.70,      3.70,      3.70,0,0,0,1,1,1,U2 
H5,840,2019,284910,      1.80,      1.80,      1.80,      1.80,0,0,0,1,1,1,U2 
H5,840,2019,284920,      0.50,      0.00,      0.50,      0.25,0,1,0,1,2,2,U2 
H5,840,2019,284990,     17.10,      3.70,      5.50,      4.28,0,0,0,4,4,4,U2 
H5,840,2019,285000,     19.60,      0.00,      5.50,      3.92,0,1,0,4,5,5,U2 
H5,840,2019,285210,      3.00,      0.00,      3.00,      1.50,0,1,0,1,2,2,U2 
H5,840,2019,285290,      3.00,      0.00,      3.00,      1.50,0,1,0,1,2,2,U2 
H5,840,2019,285310,      2.80,      2.80,      2.80,      2.80,0,0,0,1,1,1,U2 
H5,840,2019,285390,      5.40,      0.00,      2.80,      1.80,0,1,0,2,3,3,U2 
H5,840,2019,290110,      0.00,      0.00,      0.00,      0.00,0,4,0,0,4,4,U2 
H5,840,2019,290121,      0.00,      0.00,      0.00,      0.00,0,1,0,0,1,1,U2 
H5,840,2019,290122,      0.00,      0.00,      0.00,      0.00,0,1,0,0,1,1,U2 
H5,840,2019,290123,      0.00,      0.00,      0.00,      0.00,0,1,0,0,1,1,U2 
H5,840,2019,290124,      0.00,      0.00,      0.00,      0.00,0,3,0,0,3,3,U2 
H5,840,2019,290129,      0.00,      0.00,      0.00,      0.00,0,2,0,0,2,2,U2 
H5,840,2019,290211,      0.00,      0.00,      0.00,      0.00,0,1,0,0,1,1,U2 
H5,840,2019,290219,      0.00,      0.00,      0.00,      0.00,0,1,0,0,1,1,U2 
H5,840,2019,290220,      0.00,      0.00,      0.00,      0.00,0,1,0,0,1,1,U2 
H5,840,2019,290230,      0.00,      0.00,      0.00,      0.00,0,1,0,0,1,1,U2 
H5,840,2019,290241,      0.00,      0.00,      0.00,      0.00,0,1,0,0,1,1,U2 
H5,840,2019,290242,      0.00,      0.00,      0.00,      0.00,0,1,0,0,1,1,U2 
H5,840,2019,290243,      0.00,      0.00,      0.00,      0.00,0,1,0,0,1,1,U2 
H5,840,2019,290244,      0.00,      0.00,      0.00,      0.00,0,1,0,0,1,1,U2 
H5,840,2019,290250,      0.00,      0.00,      0.00,      0.00,0,1,0,0,1,1,U2 
H5,840,2019,290260,      0.00,      0.00,      0.00,      0.00,0,1,0,0,1,1,U2 
H5,840,2019,290270,      0.00,      0.00,      0.00,      0.00,0,1,0,0,1,1,U2 
H5,840,2019,290290,      0.00,      0.00,      0.00,      0.00,0,6,0,0,6,6,U2 
H5,840,2019,290311,      5.50,      5.50,      5.50,      5.50,0,0,0,1,1,1,U2 
H5,840,2019,290312,      3.70,      3.70,      3.70,      3.70,0,0,0,1,1,1,U2 
H5,840,2019,290313,      5.50,      5.50,      5.50,      5.50,0,0,0,1,1,1,U2 
H5,840,2019,290314,      2.30,      2.30,      2.30,      2.30,0,0,0,1,1,1,U2 
H5,840,2019,290315,      5.50,      5.50,      5.50,      5.50,0,0,0,1,1,1,U2 
H5,840,2019,290319,     14.30,      0.00,      5.50,      3.58,0,1,0,3,4,4,U2 
H5,840,2019,290321,      5.50,      5.50,      5.50,      5.50,0,0,0,1,1,1,U2 
H5,840,2019,290322,      4.20,      4.20,      4.20,      4.20,0,0,0,1,1,1,U2 
H5,840,2019,290323,      3.40,      3.40,      3.40,      3.40,0,0,0,1,1,1,U2 
H5,840,2019,290329,      5.50,      5.50,      5.50,      5.50,0,0,0,1,1,1,U2 
H5,840,2019,290331,      5.40,      5.40,      5.40,      5.40,0,0,0,1,1,1,U2 
H5,840,2019,290339,      3.70,      0.00,      3.70,      1.85,0,1,0,1,2,2,U2 
H5,840,2019,290371,      3.70,      3.70,      3.70,      3.70,0,0,0,1,1,1,U2 
H5,840,2019,290372,      3.70,      3.70,      3.70,      3.70,0,0,0,1,1,1,U2 
H5,840,2019,290373,      3.70,      3.70,      3.70,      3.70,0,0,0,1,1,1,U2 
H5,840,2019,290374,      3.70,      3.70,      3.70,      3.70,0,0,0,1,1,1,U2 
H5,840,2019,290375,      3.70,      3.70,      3.70,      3.70,0,0,0,1,1,1,U2 
H5,840,2019,290376,      3.70,      3.70,      3.70,      3.70,0,0,0,1,1,1,U2 
H5,840,2019,290377,      3.70,      3.70,      3.70,      3.70,0,0,0,1,1,1,U2 
H5,840,2019,290378,      3.70,      3.70,      3.70,      3.70,0,0,0,1,1,1,U2 
H5,840,2019,290379,      3.70,      0.00,      3.70,      1.85,0,1,0,1,2,2,U2 
H5,840,2019,290381,      5.50,      5.50,      5.50,      5.50,0,0,0,1,1,1,U2 
H5,840,2019,290382,      5.50,      5.50,      5.50,      5.50,0,0,0,1,1,1,U2 
H5,840,2019,290383,      5.50,      5.50,      5.50,      5.50,0,0,0,1,1,1,U2 
H5,840,2019,290389,     29.40,      0.00,      5.50,      3.67,0,2,0,6,8,8,U2 
H5,840,2019,290391,     16.50,      5.50,      5.50,      5.50,0,0,0,3,3,3,U2 
H5,840,2019,290392,      5.50,      5.50,      5.50,      5.50,0,0,0,1,1,1,U2 
H5,840,2019,290393,      5.50,      5.50,      5.50,      5.50,0,0,0,1,1,1,U2 
H5,840,2019,290394,      5.50,      5.50,      5.50,      5.50,0,0,0,1,1,1,U2 
H5,840,2019,290399,     38.50,      0.00,      5.50,      4.28,0,2,0,7,9,9,U2 
H5,840,2019,290410,     37.20,      4.20,      5.50,      5.31,0,0,0,7,7,7,U2 
H5,840,2019,290420,     38.50,      0.00,      5.50,      4.81,0,1,0,7,8,8,U2 
H5,840,2019,290431,      3.70,      3.70,      3.70,      3.70,0,0,0,1,1,1,U2 
H5,840,2019,290432,      3.70,      3.70,      3.70,      3.70,0,0,0,1,1,1,U2 
H5,840,2019,290433,      3.70,      3.70,      3.70,      3.70,0,0,0,1,1,1,U2 
H5,840,2019,290434,      3.70,      3.70,      3.70,      3.70,0,0,0,1,1,1,U2 
H5,840,2019,290435,      3.70,      3.70,      3.70,      3.70,0,0,0,1,1,1,U2 
H5,840,2019,290436,      3.70,      3.70,      3.70,      3.70,0,0,0,1,1,1,U2 
H5,840,2019,290491,      3.70,      3.70,      3.70,      3.70,0,0,0,1,1,1,U2 
H5,840,2019,290499,     47.70,      3.70,      5.50,      5.30,0,0,0,9,9,9,U2 
H5,840,2019,290511,      5.50,      0.00,      5.50,      2.75,0,1,0,1,2,2,U2 
H5,840,2019,290512,      5.50,      5.50,      5.50,      5.50,0,0,0,1,1,1,U2 
H5,840,2019,290513,      5.50,      5.50,      5.50,      5.50,0,0,0,1,1,1,U2 
H5,840,2019,290514,      5.50,      0.00,      5.50,      2.75,0,1,0,1,2,2,U2 
H5,840,2019,290516,      3.70,      3.70,      3.70,      3.70,0,0,0,1,1,1,U2 
H5,840,2019,290517,      5.00,      5.00,      5.00,      5.00,0,0,0,1,1,1,U2 
H5,840,2019,290519,      9.20,      3.70,      5.50,      4.60,0,0,0,2,2,2,U2 
H5,840,2019,290522,     11.50,      3.00,      4.80,      3.83,0,0,0,3,3,3,U2 
H5,840,2019,290529,      9.20,      3.70,      5.50,      4.60,0,0,0,2,2,2,U2 
H5,840,2019,290531,      5.50,      5.50,      5.50,      5.50,0,0,0,1,1,1,U2 
H5,840,2019,290532,      5.50,      5.50,      5.50,      5.50,0,0,0,1,1,1,U2 
H5,840,2019,290539,     16.50,      0.00,      5.50,      4.13,0,1,0,3,4,4,U2 
H5,840,2019,290541,      3.70,      3.70,      3.70,      3.70,0,0,0,1,1,1,U2 
H5,840,2019,290542,      3.70,      3.70,      3.70,      3.70,0,0,0,1,1,1,U2 
H5,840,2019,290543,      4.60,      4.60,      4.60,      4.60,0,0,0,1,1,1,U2 
H5,840,2019,290544,      4.90,      4.90,      4.90,      4.90,0,0,0,1,1,1,U2 
H5,840,2019,290545,      0.64,      0.64,      0.64,      0.64,0,0,1,0,1,1,U2 
H5,840,2019,290549,     20.20,      0.00,      5.50,      4.04,0,1,0,4,5,5,U2 
H5,840,2019,290551,      0.00,      0.00,      0.00,      0.00,0,1,0,0,1,1,U2 
H5,840,2019,290559,     11.00,      0.00,      5.50,      3.67,0,1,0,2,3,3,U2 
H5,840,2019,290611,      2.10,      2.10,      2.10,      2.10,0,0,0,1,1,1,U2 
H5,840,2019,290612,      5.50,      5.50,      5.50,      5.50,0,0,0,1,1,1,U2 
H5,840,2019,290613,      3.70,      0.00,      3.70,      1.85,0,1,0,1,2,2,U2 
H5,840,2019,290619,     11.00,      0.00,      5.50,      3.67,0,1,0,2,3,3,U2 
H5,840,2019,290621,      5.50,      5.50,      5.50,      5.50,0,0,0,1,1,1,U2 
H5,840,2019,290629,     16.50,      0.00,      5.50,      4.13,0,1,0,3,4,4,U2 
H5,840,2019,290711,      5.50,      5.50,      5.50,      5.50,0,0,0,1,1,1,U2 
H5,840,2019,290712,      4.20,      4.20,      4.20,      4.20,0,0,0,1,1,1,U2 
H5,840,2019,290713,      5.50,      5.50,      5.50,      5.50,0,0,0,1,1,1,U2 
H5,840,2019,290715,     11.00,      0.00,      5.50,      3.67,0,1,0,2,3,3,U2 
H5,840,2019,290719,     20.70,      0.00,      5.50,      4.14,0,1,0,4,5,5,U2 
H5,840,2019,290721,      5.50,      5.50,      5.50,      5.50,0,0,0,1,1,1,U2 
H5,840,2019,290722,     11.00,      5.50,      5.50,      5.50,0,0,0,2,2,2,U2 
H5,840,2019,290723,      5.50,      5.50,      5.50,      5.50,0,0,0,1,1,1,U2 
H5,840,2019,290729,     17.80,      0.00,      5.50,      3.56,0,1,0,4,5,5,U2 
H5,840,2019,290811,      5.50,      5.50,      5.50,      5.50,0,0,0,1,1,1,U2 
H5,840,2019,290819,     33.00,      0.00,      5.50,      4.71,0,1,0,6,7,7,U2 
H5,840,2019,290891,      5.50,      5.50,      5.50,      5.50,0,0,0,1,1,1,U2 
H5,840,2019,290892,      5.50,      5.50,      5.50,      5.50,0,0,0,1,1,1,U2 
H5,840,2019,290899,     55.00,      0.00,      5.50,      5.00,0,1,0,10,11,11,U2 
H5,840,2019,290911,      1.00,      1.00,      1.00,      1.00,0,0,0,1,1,1,U2 
H5,840,2019,290919,     16.50,      0.00,      5.50,      4.13,0,1,0,3,4,4,U2 
H5,840,2019,290920,      3.70,      3.70,      3.70,      3.70,0,0,0,1,1,1,U2 
H5,840,2019,290930,     38.50,      0.00,      5.50,      4.81,0,1,0,7,8,8,U2 
H5,840,2019,290941,      5.50,      5.50,      5.50,      5.50,0,0,0,1,1,1,U2 
H5,840,2019,290943,      5.50,      5.50,      5.50,      5.50,0,0,0,1,1,1,U2 
H5,840,2019,290944,      5.50,      5.50,      5.50,      5.50,0,0,0,1,1,1,U2 
H5,840,2019,290949,     20.20,      0.00,      5.50,      3.37,0,2,0,4,6,6,U2 
H5,840,2019,290950,     26.80,      4.80,      5.50,      5.36,0,0,0,5,5,5,U2 
H5,840,2019,290960,     14.70,      3.70,      5.50,      4.90,0,0,0,3,3,3,U2 
H5,840,2019,291010,      5.50,      5.50,      5.50,      5.50,0,0,0,1,1,1,U2 
H5,840,2019,291020,      5.50,      5.50,      5.50,      5.50,0,0,0,1,1,1,U2 
H5,840,2019,291030,      3.70,      3.70,      3.70,      3.70,0,0,0,1,1,1,U2 
H5,840,2019,291040,      4.80,      4.80,      4.80,      4.80,0,0,0,1,1,1,U2 
H5,840,2019,291050,      4.80,      4.80,      4.80,      4.80,0,0,0,1,1,1,U2 
H5,840,2019,291090,     14.90,      4.60,      5.50,      4.97,0,0,0,3,3,3,U2 
H5,840,2019,291100,      5.30,      0.00,      5.30,      2.65,0,1,0,1,2,2,U2 
H5,840,2019,291211,      2.80,      2.80,      2.80,      2.80,0,0,0,1,1,1,U2 
H5,840,2019,291212,      5.50,      5.50,      5.50,      5.50,0,0,0,1,1,1,U2 
H5,840,2019,291219,     30.50,      3.70,      5.50,      5.08,0,0,0,6,6,6,U2 
H5,840,2019,291221,      5.50,      5.50,      5.50,      5.50,0,0,0,1,1,1,U2 
H5,840,2019,291229,     11.00,      0.00,      5.50,      3.67,0,1,0,2,3,3,U2 
H5,840,2019,291241,      5.50,      5.50,      5.50,      5.50,0,0,0,1,1,1,U2 
H5,840,2019,291242,      5.50,      5.50,      5.50,      5.50,0,0,0,1,1,1,U2 
H5,840,2019,291249,     25.70,      0.00,      5.50,      4.28,0,1,0,5,6,6,U2 
H5,840,2019,291250,      5.50,      0.00,      5.50,      2.75,0,1,0,1,2,2,U2 
H5,840,2019,291260,      5.10,      5.10,      5.10,      5.10,0,0,0,1,1,1,U2 
H5,840,2019,291300,     11.00,      0.00,      5.50,      3.67,0,1,0,2,3,3,U2 
H5,840,2019,291411,      5.50,      0.00,      5.50,      2.75,0,1,0,1,2,2,U2 
H5,840,2019,291412,      3.10,      3.10,      3.10,      3.10,0,0,0,1,1,1,U2 
H5,840,2019,291413,      4.00,      4.00,      4.00,      4.00,0,0,0,1,1,1,U2 
H5,840,2019,291419,      4.00,      4.00,      4.00,      4.00,0,0,0,1,1,1,U2 
H5,840,2019,291422,     11.00,      5.50,      5.50,      5.50,0,0,0,2,2,2,U2 
H5,840,2019,291423,      5.50,      5.50,      5.50,      5.50,0,0,0,1,1,1,U2 
H5,840,2019,291429,     11.40,      0.00,      4.80,      2.85,0,1,0,3,4,4,U2 
H5,840,2019,291431,      5.50,      5.50,      5.50,      5.50,0,0,0,1,1,1,U2 
H5,840,2019,291439,      5.50,      0.00,      5.50,      2.75,0,1,0,1,2,2,U2 
H5,840,2019,291440,     19.80,      0.00,      5.50,      3.96,0,1,0,4,5,5,U2 
H5,840,2019,291450,      9.50,      0.00,      5.50,      3.17,0,1,0,2,3,3,U2 
H5,840,2019,291461,      0.00,      0.00,      0.00,      0.00,0,1,0,0,1,1,U2 
H5,840,2019,291462,      5.50,      5.50,      5.50,      5.50,0,0,0,1,1,1,U2 
H5,840,2019,291469,     16.50,      0.00,      5.50,      4.13,0,1,0,3,4,4,U2 
H5,840,2019,291471,      4.00,      4.00,      4.00,      4.00,0,0,0,1,1,1,U2 
H5,840,2019,291479,     15.00,      0.00,      5.50,      3.00,0,2,0,3,5,5,U2 
H5,840,2019,291511,      5.50,      5.50,      5.50,      5.50,0,0,0,1,1,1,U2 
H5,840,2019,291512,      5.50,      5.50,      5.50,      5.50,0,0,0,1,1,1,U2 
H5,840,2019,291513,      9.20,      3.70,      5.50,      4.60,0,0,0,2,2,2,U2 
H5,840,2019,291521,      1.80,      1.80,      1.80,      1.80,0,0,0,1,1,1,U2 
H5,840,2019,291524,      3.50,      3.50,      3.50,      3.50,0,0,0,1,1,1,U2 
H5,840,2019,291529,     10.70,      0.00,      4.20,      2.67,0,1,0,3,4,4,U2 
H5,840,2019,291531,      3.70,      3.70,      3.70,      3.70,0,0,0,1,1,1,U2 
H5,840,2019,291532,      3.80,      3.80,      3.80,      3.80,0,0,0,1,1,1,U2 
H5,840,2019,291533,      5.50,      5.50,      5.50,      5.50,0,0,0,1,1,1,U2 
H5,840,2019,291536,      5.50,      5.50,      5.50,      5.50,0,0,0,1,1,1,U2 
H5,840,2019,291539,     52.50,      0.00,      5.50,      4.77,0,1,0,10,11,11,U2 
H5,840,2019,291540,     16.50,      1.80,      5.50,      4.13,0,0,0,4,4,4,U2 
H5,840,2019,291550,     13.40,      3.70,      5.50,      4.47,0,0,0,3,3,3,U2 
H5,840,2019,291560,      7.60,      2.10,      5.50,      3.80,0,0,0,2,2,2,U2 
H5,840,2019,291570,      5.00,      5.00,      5.00,      5.00,0,0,0,1,1,1,U2 
H5,840,2019,291590,     22.70,      3.80,      5.50,      4.54,0,0,0,5,5,5,U2 
H5,840,2019,291611,      4.20,      4.20,      4.20,      4.20,0,0,0,1,1,1,U2 
H5,840,2019,291612,     10.20,      3.70,      6.50,      5.10,0,0,0,2,2,2,U2 
H5,840,2019,291613,      4.20,      4.20,      4.20,      4.20,0,0,0,1,1,1,U2 
H5,840,2019,291614,      3.70,      0.00,      3.70,      1.85,0,1,0,1,2,2,U2 
H5,840,2019,291615,     10.90,      4.40,      6.50,      5.45,0,0,0,2,2,2,U2 
H5,840,2019,291616,      3.70,      3.70,      3.70,      3.70,0,0,0,1,1,1,U2 
H5,840,2019,291619,     17.10,      3.10,      6.10,      4.28,0,0,0,4,4,4,U2 
H5,840,2019,291620,      3.70,      0.00,      3.70,      1.85,0,1,0,1,2,2,U2 
H5,840,2019,291631,     26.00,      6.50,      6.50,      6.50,0,0,0,4,4,4,U2 
H5,840,2019,291632,     13.00,      6.50,      6.50,      6.50,0,0,0,2,2,2,U2 
H5,840,2019,291634,     19.50,      0.00,      6.50,      4.88,0,1,0,3,4,4,U2 
H5,840,2019,291639,     58.50,      0.00,      6.50,      4.88,0,3,0,9,12,12,U2 
H5,840,2019,291711,      3.10,      3.10,      3.10,      3.10,0,0,0,1,1,1,U2 
H5,840,2019,291712,     19.50,      6.50,      6.50,      6.50,0,0,0,3,3,3,U2 
H5,840,2019,291713,      4.80,      4.80,      4.80,      4.80,0,0,0,1,1,1,U2 
H5,840,2019,291714,     10.70,      4.20,      6.50,      5.35,0,0,0,2,2,2,U2 
H5,840,2019,291719,     52.00,      0.00,      6.50,      5.20,0,1,0,9,10,10,U2 
H5,840,2019,291720,      4.20,      4.20,      4.20,      4.20,0,0,0,1,1,1,U2 
H5,840,2019,291732,      6.50,      6.50,      6.50,      6.50,0,0,0,1,1,1,U2 
H5,840,2019,291733,      6.50,      6.50,      6.50,      6.50,0,0,0,1,1,1,U2 
H5,840,2019,291734,      6.50,      6.50,      6.50,      6.50,0,0,0,1,1,1,U2 
H5,840,2019,291735,      6.50,      6.50,      6.50,      6.50,0,0,0,1,1,1,U2 
H5,840,2019,291736,      6.50,      6.50,      6.50,      6.50,0,0,0,1,1,1,U2 
H5,840,2019,291737,      6.50,      6.50,      6.50,      6.50,0,0,0,1,1,1,U2 
H5,840,2019,291739,     39.00,      0.00,      6.50,      4.88,0,2,0,6,8,8,U2 
H5,840,2019,291811,      8.50,      3.40,      5.10,      4.25,0,0,0,2,2,2,U2 
H5,840,2019,291812,      0.00,      0.00,      0.00,      0.00,0,1,0,0,1,1,U2 
H5,840,2019,291813,      4.40,      0.00,      4.40,      1.10,0,3,0,1,4,4,U2 
H5,840,2019,291814,      6.00,      6.00,      6.00,      6.00,0,0,0,1,1,1,U2 
H5,840,2019,291815,     10.20,      3.70,      6.50,      5.10,0,0,0,2,2,2,U2 
H5,840,2019,291816,      9.70,      3.70,      6.00,      4.85,0,0,0,2,2,2,U2 
H5,840,2019,291817,      5.80,      5.80,      5.80,      5.80,0,0,0,1,1,1,U2 
H5,840,2019,291818,      6.50,      6.50,      6.50,      6.50,0,0,0,1,1,1,U2 
H5,840,2019,291819,     33.30,      0.00,      6.50,      4.76,0,1,0,6,7,7,U2 
H5,840,2019,291821,     13.00,      6.50,      6.50,      6.50,0,0,0,2,2,2,U2 
H5,840,2019,291822,     13.00,      6.50,      6.50,      6.50,0,0,0,2,2,2,U2 
H5,840,2019,291823,     26.00,      6.50,      6.50,      6.50,0,0,0,4,4,4,U2 
H5,840,2019,291829,     45.10,      0.00,      6.50,      4.51,0,2,0,8,10,10,U2 
H5,840,2019,291830,     22.50,      0.00,      6.50,      3.75,0,2,0,4,6,6,U2 
H5,840,2019,291891,      6.50,      6.50,      6.50,      6.50,0,0,0,1,1,1,U2 
H5,840,2019,291899,     48.80,      0.00,      6.50,      4.88,0,2,0,8,10,10,U2 
H5,840,2019,291910,      3.70,      3.70,      3.70,      3.70,0,0,0,1,1,1,U2 
H5,840,2019,291990,     16.70,      0.00,      6.50,      4.18,0,1,0,3,4,4,U2 
H5,840,2019,292011,      0.00,      0.00,      0.00,      0.00,0,1,0,0,1,1,U2 
H5,840,2019,292019,     16.70,      3.70,      6.50,      5.57,0,0,0,3,3,3,U2 
H5,840,2019,292021,      3.70,      3.70,      3.70,      3.70,0,0,0,1,1,1,U2 
H5,840,2019,292022,      3.70,      3.70,      3.70,      3.70,0,0,0,1,1,1,U2 
H5,840,2019,292023,      3.70,      3.70,      3.70,      3.70,0,0,0,1,1,1,U2 
H5,840,2019,292024,      3.70,      3.70,      3.70,      3.70,0,0,0,1,1,1,U2 
H5,840,2019,292029,      3.70,      3.70,      3.70,      3.70,0,0,0,1,1,1,U2 
H5,840,2019,292030,      3.70,      3.70,      3.70,      3.70,0,0,0,1,1,1,U2 
H5,840,2019,292090,     16.70,      3.70,      6.50,      5.57,0,0,0,3,3,3,U2 
H5,840,2019,292111,      3.70,      3.70,      3.70,      3.70,0,0,0,1,1,1,U2 
H5,840,2019,292112,      0.00,      0.00,      0.00,      0.00,0,1,0,0,1,1,U2 
H5,840,2019,292113,      0.00,      0.00,      0.00,      0.00,0,1,0,0,1,1,U2 
H5,840,2019,292114,      6.50,      6.50,      6.50,      6.50,0,0,0,1,1,1,U2 
H5,840,2019,292119,     10.20,      0.00,      6.50,      3.40,0,1,0,2,3,3,U2 
H5,840,2019,292121,      5.80,      5.80,      5.80,      5.80,0,0,0,1,1,1,U2 
H5,840,2019,292122,     19.50,      6.50,      6.50,      6.50,0,0,0,3,3,3,U2 
H5,840,2019,292129,      6.50,      6.50,      6.50,      6.50,0,0,0,1,1,1,U2 
H5,840,2019,292130,     16.70,      0.00,      6.50,      4.18,0,1,0,3,4,4,U2 
H5,840,2019,292141,     13.00,      6.50,      6.50,      6.50,0,0,0,2,2,2,U2 
H5,840,2019,292142,     57.80,      0.00,      6.50,      5.25,0,2,0,9,11,11,U2 
H5,840,2019,292143,     38.30,      0.00,      6.50,      4.79,0,2,0,6,8,8,U2 
H5,840,2019,292144,     19.50,      0.00,      6.50,      4.88,0,1,0,3,4,4,U2 
H5,840,2019,292145,     25.30,      0.00,      6.50,      5.06,0,1,0,4,5,5,U2 
H5,840,2019,292146,      0.00,      0.00,      0.00,      0.00,0,1,0,0,1,1,U2 
H5,840,2019,292149,     38.30,      0.00,      6.50,      5.47,0,1,0,6,7,7,U2 
H5,840,2019,292151,     26.00,      6.50,      6.50,      6.50,0,0,0,4,4,4,U2 
H5,840,2019,292159,     31.80,      0.00,      6.50,      4.54,0,2,0,5,7,7,U2 
H5,840,2019,292211,      6.50,      6.50,      6.50,      6.50,0,0,0,1,1,1,U2 
H5,840,2019,292212,      6.50,      6.50,      6.50,      6.50,0,0,0,1,1,1,U2 
H5,840,2019,292214,      0.00,      0.00,      0.00,      0.00,0,1,0,0,1,1,U2 
H5,840,2019,292215,      6.50,      6.50,      6.50,      6.50,0,0,0,1,1,1,U2 
H5,840,2019,292216,      6.50,      6.50,      6.50,      6.50,0,0,0,1,1,1,U2 
H5,840,2019,292217,      6.50,      6.50,      6.50,      6.50,0,0,0,1,1,1,U2 
H5,840,2019,292218,      6.50,      6.50,      6.50,      6.50,0,0,0,1,1,1,U2 
H5,840,2019,292219,     38.30,      0.00,      6.50,      5.47,0,1,0,6,7,7,U2 
H5,840,2019,292221,     18.80,      0.00,      6.50,      4.70,0,1,0,3,4,4,U2 
H5,840,2019,292229,     51.30,      0.00,      6.50,      4.28,0,4,0,8,12,12,U2 
H5,840,2019,292231,      0.00,      0.00,      0.00,      0.00,0,1,0,0,1,1,U2 
H5,840,2019,292239,     31.80,      0.00,      6.50,      4.54,0,2,0,5,7,7,U2 
H5,840,2019,292241,      3.70,      3.70,      3.70,      3.70,0,0,0,1,1,1,U2 
H5,840,2019,292242,     10.20,      3.70,      6.50,      5.10,0,0,0,2,2,2,U2 
H5,840,2019,292243,     13.00,      6.50,      6.50,      6.50,0,0,0,2,2,2,U2 
H5,840,2019,292244,      0.00,      0.00,      0.00,      0.00,0,1,0,0,1,1,U2 
H5,840,2019,292249,     37.40,      0.00,      6.50,      4.16,0,2,0,7,9,9,U2 
H5,840,2019,292250,     57.80,      0.00,      6.50,      5.25,0,2,0,9,11,11,U2 
H5,840,2019,292310,      3.70,      3.70,      3.70,      3.70,0,0,0,1,1,1,U2 
H5,840,2019,292320,      5.00,      0.00,      5.00,      2.50,0,1,0,1,2,2,U2 
H5,840,2019,292330,      6.20,      6.20,      6.20,      6.20,0,0,0,1,1,1,U2 
H5,840,2019,292340,      6.20,      6.20,      6.20,      6.20,0,0,0,1,1,1,U2 
H5,840,2019,292390,      6.20,      6.20,      6.20,      6.20,0,0,0,1,1,1,U2 
H5,840,2019,292411,      0.00,      0.00,      0.00,      0.00,0,1,0,0,1,1,U2 
H5,840,2019,292412,      3.70,      3.70,      3.70,      3.70,0,0,0,1,1,1,U2 
H5,840,2019,292419,     10.20,      3.70,      6.50,      5.10,0,0,0,2,2,2,U2 
H5,840,2019,292421,     39.00,      0.00,      6.50,      4.88,0,2,0,6,8,8,U2 
H5,840,2019,292423,     19.50,      6.50,      6.50,      6.50,0,0,0,3,3,3,U2 
H5,840,2019,292424,      0.00,      0.00,      0.00,      0.00,0,1,0,0,1,1,U2 
H5,840,2019,292425,      6.50,      6.50,      6.50,      6.50,0,0,0,1,1,1,U2 
H5,840,2019,292429,     82.60,      0.00,      6.50,      3.93,0,8,0,13,21,21,U2 
H5,840,2019,292511,      6.50,      6.50,      6.50,      6.50,0,0,0,1,1,1,U2 
H5,840,2019,292512,      0.00,      0.00,      0.00,      0.00,0,1,0,0,1,1,U2 
H5,840,2019,292519,     16.70,      0.00,      6.50,      3.34,0,2,0,3,5,5,U2 
H5,840,2019,292521,      6.50,      6.50,      6.50,      6.50,0,0,0,1,1,1,U2 
H5,840,2019,292529,     23.20,      0.00,      6.50,      3.87,0,2,0,4,6,6,U2 
H5,840,2019,292610,      6.50,      6.50,      6.50,      6.50,0,0,0,1,1,1,U2 
H5,840,2019,292620,      0.00,      0.00,      0.00,      0.00,0,1,0,0,1,1,U2 
H5,840,2019,292630,      6.50,      0.00,      6.50,      3.25,0,1,0,1,2,2,U2 
H5,840,2019,292640,      6.50,      6.50,      6.50,      6.50,0,0,0,1,1,1,U2 
H5,840,2019,292690,     71.50,      0.00,      6.50,      4.47,0,5,0,11,16,16,U2 
H5,840,2019,292700,     35.50,      0.00,      6.50,      4.44,0,2,0,6,8,8,U2 
H5,840,2019,292800,     20.40,      0.00,      6.50,      4.08,0,1,0,4,5,5,U2 
H5,840,2019,292910,     44.80,      0.00,      6.50,      5.60,0,1,0,7,8,8,U2 
H5,840,2019,292990,     19.50,      0.00,      6.50,      4.88,0,1,0,3,4,4,U2 
H5,840,2019,293020,     16.70,      0.00,      6.50,      4.18,0,1,0,3,4,4,U2 
H5,840,2019,293030,      3.70,      0.00,      3.70,      1.85,0,1,0,1,2,2,U2 
H5,840,2019,293040,      0.00,      0.00,      0.00,      0.00,0,1,0,0,1,1,U2 
H5,840,2019,293060,      3.70,      3.70,      3.70,      3.70,0,0,0,1,1,1,U2 
H5,840,2019,293070,      3.70,      3.70,      3.70,      3.70,0,0,0,1,1,1,U2 
H5,840,2019,293080,      6.50,      6.50,      6.50,      6.50,0,0,0,1,1,1,U2 
H5,840,2019,293090,     37.60,      0.00,      6.50,      3.42,0,4,0,7,11,11,U2 
H5,840,2019,293110,      3.70,      3.70,      3.70,      3.70,0,0,0,1,1,1,U2 
H5,840,2019,293120,      3.70,      3.70,      3.70,      3.70,0,0,0,1,1,1,U2 
H5,840,2019,293131,      3.70,      3.70,      3.70,      3.70,0,0,0,1,1,1,U2 
H5,840,2019,293132,      3.70,      3.70,      3.70,      3.70,0,0,0,1,1,1,U2 
H5,840,2019,293133,      3.70,      3.70,      3.70,      3.70,0,0,0,1,1,1,U2 
H5,840,2019,293134,      3.70,      3.70,      3.70,      3.70,0,0,0,1,1,1,U2 
H5,840,2019,293135,      3.70,      3.70,      3.70,      3.70,0,0,0,1,1,1,U2 
H5,840,2019,293136,      3.70,      3.70,      3.70,      3.70,0,0,0,1,1,1,U2 
H5,840,2019,293137,      3.70,      3.70,      3.70,      3.70,0,0,0,1,1,1,U2 
H5,840,2019,293138,      3.70,      3.70,      3.70,      3.70,0,0,0,1,1,1,U2 
H5,840,2019,293139,      3.70,      3.70,      3.70,      3.70,0,0,0,1,1,1,U2 
H5,840,2019,293190,     42.00,      0.00,      6.50,      4.67,0,2,0,7,9,9,U2 
H5,840,2019,293211,      3.70,      3.70,      3.70,      3.70,0,0,0,1,1,1,U2 
H5,840,2019,293212,      0.00,      0.00,      0.00,      0.00,0,1,0,0,1,1,U2 
H5,840,2019,293213,      3.70,      3.70,      3.70,      3.70,0,0,0,1,1,1,U2 
H5,840,2019,293214,      3.70,      3.70,      3.70,      3.70,0,0,0,1,1,1,U2 
H5,840,2019,293219,     10.20,      3.70,      6.50,      5.10,0,0,0,2,2,2,U2 
H5,840,2019,293220,     42.70,      3.70,      6.50,      6.10,0,0,0,7,7,7,U2 
H5,840,2019,293291,      6.50,      6.50,      6.50,      6.50,0,0,0,1,1,1,U2 
H5,840,2019,293292,      6.50,      6.50,      6.50,      6.50,0,0,0,1,1,1,U2 
H5,840,2019,293293,      4.80,      4.80,      4.80,      4.80,0,0,0,1,1,1,U2 
H5,840,2019,293294,      6.50,      6.50,      6.50,      6.50,0,0,0,1,1,1,U2 
H5,840,2019,293295,      0.00,      0.00,      0.00,      0.00,0,1,0,0,1,1,U2 
H5,840,2019,293299,     42.00,      0.00,      6.50,      4.20,0,3,0,7,10,10,U2 
H5,840,2019,293311,      6.50,      6.50,      6.50,      6.50,0,0,0,1,1,1,U2 
H5,840,2019,293319,     48.50,      0.00,      6.50,      4.04,0,4,0,8,12,12,U2 
H5,840,2019,293321,      6.50,      6.50,      6.50,      6.50,0,0,0,1,1,1,U2 
H5,840,2019,293329,     35.00,      0.00,      6.50,      4.38,0,2,0,6,8,8,U2 
H5,840,2019,293331,      0.00,      0.00,      0.00,      0.00,0,1,0,0,1,1,U2 
H5,840,2019,293332,     13.00,      6.50,      6.50,      6.50,0,0,0,2,2,2,U2 
H5,840,2019,293333,      0.00,      0.00,      0.00,      0.00,0,1,0,0,1,1,U2 
H5,840,2019,293339,     63.60,      0.00,      6.50,      5.30,0,2,0,10,12,12,U2 
H5,840,2019,293341,      0.00,      0.00,      0.00,      0.00,0,1,0,0,1,1,U2 
H5,840,2019,293349,     51.30,      0.00,      6.50,      5.70,0,1,0,8,9,9,U2 
H5,840,2019,293352,      0.00,      0.00,      0.00,      0.00,0,2,0,0,2,2,U2 
H5,840,2019,293353,      0.00,      0.00,      0.00,      0.00,0,1,0,0,1,1,U2 
H5,840,2019,293354,      3.70,      3.70,      3.70,      3.70,0,0,0,1,1,1,U2 
H5,840,2019,293355,      0.00,      0.00,      0.00,      0.00,0,1,0,0,1,1,U2 
H5,840,2019,293359,     75.20,      0.00,      6.50,      5.78,0,1,0,12,13,13,U2 
H5,840,2019,293361,      3.50,      3.50,      3.50,      3.50,0,0,0,1,1,1,U2 
H5,840,2019,293369,      9.80,      0.00,      6.30,      3.27,0,1,0,2,3,3,U2 
H5,840,2019,293371,      6.50,      6.50,      6.50,      6.50,0,0,0,1,1,1,U2 
H5,840,2019,293372,      0.00,      0.00,      0.00,      0.00,0,1,0,0,1,1,U2 
H5,840,2019,293379,     29.20,      0.00,      6.50,      4.17,0,2,0,5,7,7,U2 
H5,840,2019,293391,      0.00,      0.00,      0.00,      0.00,0,1,0,0,1,1,U2 
H5,840,2019,293392,      0.00,      0.00,      0.00,      0.00,0,1,0,0,1,1,U2 
H5,840,2019,293399,    117.20,      0.00,      6.50,      4.04,0,10,0,19,29,29,U2 
H5,840,2019,293410,     19.50,      0.00,      6.50,      4.88,0,1,0,3,4,4,U2 
H5,840,2019,293420,     51.30,      0.00,      6.50,      5.70,0,1,0,8,9,9,U2 
H5,840,2019,293430,     32.50,      0.00,      6.50,      5.42,0,1,0,5,6,6,U2 
H5,840,2019,293491,      0.00,      0.00,      0.00,      0.00,0,1,0,0,1,1,U2 
H5,840,2019,293499,     87.50,      0.00,      6.50,      4.61,0,5,0,14,19,19,U2 
H5,840,2019,293510,      6.50,      6.50,      6.50,      6.50,0,0,0,1,1,1,U2 
H5,840,2019,293520,      6.50,      6.50,      6.50,      6.50,0,0,0,1,1,1,U2 
H5,840,2019,293530,      6.50,      6.50,      6.50,      6.50,0,0,0,1,1,1,U2 
H5,840,2019,293540,      6.50,      6.50,      6.50,      6.50,0,0,0,1,1,1,U2 
H5,840,2019,293550,      6.50,      6.50,      6.50,      6.50,0,0,0,1,1,1,U2 
H5,840,2019,293590,     58.50,      0.00,      6.50,      4.18,0,5,0,9,14,14,U2 
H5,840,2019,293621,      0.00,      0.00,      0.00,      0.00,0,1,0,0,1,1,U2 
H5,840,2019,293622,      0.00,      0.00,      0.00,      0.00,0,1,0,0,1,1,U2 
H5,840,2019,293623,      0.00,      0.00,      0.00,      0.00,0,1,0,0,1,1,U2 
H5,840,2019,293624,      0.00,      0.00,      0.00,      0.00,0,1,0,0,1,1,U2 
H5,840,2019,293625,      0.00,      0.00,      0.00,      0.00,0,1,0,0,1,1,U2 
H5,840,2019,293626,      0.00,      0.00,      0.00,      0.00,0,1,0,0,1,1,U2 
H5,840,2019,293627,      0.00,      0.00,      0.00,      0.00,0,1,0,0,1,1,U2 
H5,840,2019,293628,      0.00,      0.00,      0.00,      0.00,0,1,0,0,1,1,U2 
H5,840,2019,293629,      0.00,      0.00,      0.00,      0.00,0,4,0,0,4,4,U2 
H5,840,2019,293690,      0.00,      0.00,      0.00,      0.00,0,1,0,0,1,1,U2 
H5,840,2019,293711,      0.00,      0.00,      0.00,      0.00,0,1,0,0,1,1,U2 
H5,840,2019,293712,      0.00,      0.00,      0.00,      0.00,0,1,0,0,1,1,U2 
H5,840,2019,293719,      0.00,      0.00,      0.00,      0.00,0,1,0,0,1,1,U2 
H5,840,2019,293721,      0.00,      0.00,      0.00,      0.00,0,1,0,0,1,1,U2 
H5,840,2019,293722,      0.00,      0.00,      0.00,      0.00,0,1,0,0,1,1,U2 
H5,840,2019,293723,      0.00,      0.00,      0.00,      0.00,0,3,0,0,3,3,U2 
H5,840,2019,293729,      0.00,      0.00,      0.00,      0.00,0,2,0,0,2,2,U2 
H5,840,2019,293750,      0.00,      0.00,      0.00,      0.00,0,1,0,0,1,1,U2 
H5,840,2019,293790,      0.00,      0.00,      0.00,      0.00,0,6,0,0,6,6,U2 
H5,840,2019,293810,      1.50,      1.50,      1.50,      1.50,0,0,0,1,1,1,U2 
H5,840,2019,293890,      3.70,      3.70,      3.70,      3.70,0,0,0,1,1,1,U2 
H5,840,2019,293911,      0.00,      0.00,      0.00,      0.00,0,1,0,0,1,1,U2 
H5,840,2019,293919,      0.00,      0.00,      0.00,      0.00,0,3,0,0,3,3,U2 
H5,840,2019,293920,      0.00,      0.00,      0.00,      0.00,0,1,0,0,1,1,U2 
H5,840,2019,293930,      0.00,      0.00,      0.00,      0.00,0,1,0,0,1,1,U2 
H5,840,2019,293941,      0.00,      0.00,      0.00,      0.00,0,1,0,0,1,1,U2 
H5,840,2019,293942,      0.00,      0.00,      0.00,      0.00,0,1,0,0,1,1,U2 
H5,840,2019,293943,      0.00,      0.00,      0.00,      0.00,0,1,0,0,1,1,U2 
H5,840,2019,293944,      0.00,      0.00,      0.00,      0.00,0,1,0,0,1,1,U2 
H5,840,2019,293949,      0.00,      0.00,      0.00,      0.00,0,1,0,0,1,1,U2 
H5,840,2019,293951,      0.00,      0.00,      0.00,      0.00,0,1,0,0,1,1,U2 
H5,840,2019,293959,      0.00,      0.00,      0.00,      0.00,0,1,0,0,1,1,U2 
H5,840,2019,293961,      0.00,      0.00,      0.00,      0.00,0,1,0,0,1,1,U2 
H5,840,2019,293962,      0.00,      0.00,      0.00,      0.00,0,1,0,0,1,1,U2 
H5,840,2019,293963,      0.00,      0.00,      0.00,      0.00,0,1,0,0,1,1,U2 
H5,840,2019,293969,      0.00,      0.00,      0.00,      0.00,0,1,0,0,1,1,U2 
H5,840,2019,293971,      0.00,      0.00,      0.00,      0.00,0,1,0,0,1,1,U2 
H5,840,2019,293979,      0.00,      0.00,      0.00,      0.00,0,1,0,0,1,1,U2 
H5,840,2019,293980,      6.50,      6.50,      6.50,      6.50,0,0,0,1,1,1,U2 
H5,840,2019,294000,      5.80,      0.00,      5.80,      2.90,0,1,0,1,2,2,U2 
H5,840,2019,294110,      0.00,      0.00,      0.00,      0.00,0,4,0,0,4,4,U2 
H5,840,2019,294120,      3.50,      0.00,      3.50,      1.75,0,1,0,1,2,2,U2 
H5,840,2019,294130,      0.00,      0.00,      0.00,      0.00,0,1,0,0,1,1,U2 
H5,840,2019,294140,      0.00,      0.00,      0.00,      0.00,0,1,0,0,1,1,U2 
H5,840,2019,294150,      0.00,      0.00,      0.00,      0.00,0,1,0,0,1,1,U2 
H5,840,2019,294190,      0.00,      0.00,      0.00,      0.00,0,3,0,0,3,3,U2 
H5,840,2019,294200,     23.20,      0.00,      6.50,      4.64,0,1,0,4,5,5,U2 
H5,840,2019,300120,      0.00,      0.00,      0.00,      0.00,0,1,0,0,1,1,U2 
H5,840,2019,300190,      0.00,      0.00,      0.00,      0.00,0,1,0,0,1,1,U2 
H5,840,2019,300211,      0.00,      0.00,      0.00,      0.00,0,1,0,0,1,1,U2 
H5,840,2019,300212,      0.00,      0.00,      0.00,      0.00,0,1,0,0,1,1,U2 
H5,840,2019,300213,      0.00,      0.00,      0.00,      0.00,0,1,0,0,1,1,U2 
H5,840,2019,300214,      0.00,      0.00,      0.00,      0.00,0,1,0,0,1,1,U2 
H5,840,2019,300215,      0.00,      0.00,      0.00,      0.00,0,1,0,0,1,1,U2 
H5,840,2019,300219,      0.00,      0.00,      0.00,      0.00,0,1,0,0,1,1,U2 
H5,840,2019,300220,      0.00,      0.00,      0.00,      0.00,0,1,0,0,1,1,U2 
H5,840,2019,300230,      0.00,      0.00,      0.00,      0.00,0,1,0,0,1,1,U2 
H5,840,2019,300290,      0.00,      0.00,      0.00,      0.00,0,2,0,0,2,2,U2 
H5,840,2019,300310,      0.00,      0.00,      0.00,      0.00,0,1,0,0,1,1,U2 
H5,840,2019,300320,      0.00,      0.00,      0.00,      0.00,0,1,0,0,1,1,U2 
H5,840,2019,300331,      0.00,      0.00,      0.00,      0.00,0,1,0,0,1,1,U2 
H5,840,2019,300339,      0.00,      0.00,      0.00,      0.00,0,2,0,0,2,2,U2 
H5,840,2019,300341,      0.00,      0.00,      0.00,      0.00,0,1,0,0,1,1,U2 
H5,840,2019,300342,      0.00,      0.00,      0.00,      0.00,0,1,0,0,1,1,U2 
H5,840,2019,300343,      0.00,      0.00,      0.00,      0.00,0,1,0,0,1,1,U2 
H5,840,2019,300349,      0.00,      0.00,      0.00,      0.00,0,1,0,0,1,1,U2 
H5,840,2019,300360,      0.00,      0.00,      0.00,      0.00,0,1,0,0,1,1,U2 
H5,840,2019,300390,      0.00,      0.00,      0.00,      0.00,0,1,0,0,1,1,U2 
H5,840,2019,300410,      0.00,      0.00,      0.00,      0.00,0,2,0,0,2,2,U2 
H5,840,2019,300420,      0.00,      0.00,      0.00,      0.00,0,1,0,0,1,1,U2 
H5,840,2019,300431,      0.00,      0.00,      0.00,      0.00,0,1,0,0,1,1,U2 
H5,840,2019,300432,      0.00,      0.00,      0.00,      0.00,0,1,0,0,1,1,U2 
H5,840,2019,300439,      0.00,      0.00,      0.00,      0.00,0,1,0,0,1,1,U2 
H5,840,2019,300441,      0.00,      0.00,      0.00,      0.00,0,1,0,0,1,1,U2 
H5,840,2019,300442,      0.00,      0.00,      0.00,      0.00,0,1,0,0,1,1,U2 
H5,840,2019,300443,      0.00,      0.00,      0.00,      0.00,0,1,0,0,1,1,U2 
H5,840,2019,300449,      0.00,      0.00,      0.00,      0.00,0,1,0,0,1,1,U2 
H5,840,2019,300450,      0.00,      0.00,      0.00,      0.00,0,5,0,0,5,5,U2 
H5,840,2019,300460,      0.00,      0.00,      0.00,      0.00,0,1,0,0,1,1,U2 
H5,840,2019,300490,      0.00,      0.00,      0.00,      0.00,0,2,0,0,2,2,U2 
H5,840,2019,300510,      0.00,      0.00,      0.00,      0.00,0,2,0,0,2,2,U2 
H5,840,2019,300590,      0.00,      0.00,      0.00,      0.00,0,2,0,0,2,2,U2 
H5,840,2019,300610,      0.00,      0.00,      0.00,      0.00,0,1,0,0,1,1,U2 
H5,840,2019,300620,      0.00,      0.00,      0.00,      0.00,0,1,0,0,1,1,U2 
H5,840,2019,300630,      0.00,      0.00,      0.00,      0.00,0,2,0,0,2,2,U2 
H5,840,2019,300640,      0.00,      0.00,      0.00,      0.00,0,1,0,0,1,1,U2 
H5,840,2019,300650,      0.00,      0.00,      0.00,      0.00,0,1,0,0,1,1,U2 
H5,840,2019,300660,      0.00,      0.00,      0.00,      0.00,0,1,0,0,1,1,U2 
H5,840,2019,300670,      5.00,      5.00,      5.00,      5.00,0,0,0,1,1,1,U2 
H5,840,2019,300691,      4.20,      4.20,      4.20,      4.20,0,0,0,1,1,1,U2 
H5,840,2019,300692,      0.00,      0.00,      0.00,      0.00,0,1,0,0,1,1,U2 
H5,840,2019,310100,      0.00,      0.00,      0.00,      0.00,0,1,0,0,1,1,U2 
H5,840,2019,310210,      0.00,      0.00,      0.00,      0.00,0,1,0,0,1,1,U2 
H5,840,2019,310221,      0.00,      0.00,      0.00,      0.00,0,1,0,0,1,1,U2 
H5,840,2019,310229,      0.00,      0.00,      0.00,      0.00,0,1,0,0,1,1,U2 
H5,840,2019,310230,      0.00,      0.00,      0.00,      0.00,0,1,0,0,1,1,U2 
H5,840,2019,310240,      0.00,      0.00,      0.00,      0.00,0,1,0,0,1,1,U2 
H5,840,2019,310250,      0.00,      0.00,      0.00,      0.00,0,1,0,0,1,1,U2 
H5,840,2019,310260,      0.00,      0.00,      0.00,      0.00,0,1,0,0,1,1,U2 
H5,840,2019,310280,      0.00,      0.00,      0.00,      0.00,0,1,0,0,1,1,U2 
H5,840,2019,310290,      0.00,      0.00,      0.00,      0.00,0,1,0,0,1,1,U2 
H5,840,2019,310311,      0.00,      0.00,      0.00,      0.00,0,1,0,0,1,1,U2 
H5,840,2019,310319,      0.00,      0.00,      0.00,      0.00,0,1,0,0,1,1,U2 
H5,840,2019,310390,      0.00,      0.00,      0.00,      0.00,0,1,0,0,1,1,U2 
H5,840,2019,310420,      0.00,      0.00,      0.00,      0.00,0,1,0,0,1,1,U2 
H5,840,2019,310430,      0.00,      0.00,      0.00,      0.00,0,1,0,0,1,1,U2 
H5,840,2019,310490,      0.00,      0.00,      0.00,      0.00,0,1,0,0,1,1,U2 
H5,840,2019,310510,      0.00,      0.00,      0.00,      0.00,0,1,0,0,1,1,U2 
H5,840,2019,310520,      0.00,      0.00,      0.00,      0.00,0,1,0,0,1,1,U2 
H5,840,2019,310530,      0.00,      0.00,      0.00,      0.00,0,1,0,0,1,1,U2 
H5,840,2019,310540,      0.00,      0.00,      0.00,      0.00,0,1,0,0,1,1,U2 
H5,840,2019,310551,      0.00,      0.00,      0.00,      0.00,0,1,0,0,1,1,U2 
H5,840,2019,310559,      0.00,      0.00,      0.00,      0.00,0,1,0,0,1,1,U2 
H5,840,2019,310560,      0.00,      0.00,      0.00,      0.00,0,1,0,0,1,1,U2 
H5,840,2019,310590,      0.00,      0.00,      0.00,      0.00,0,1,0,0,1,1,U2 
H5,840,2019,320110,      0.00,      0.00,      0.00,      0.00,0,1,0,0,1,1,U2 
H5,840,2019,320120,      0.00,      0.00,      0.00,      0.00,0,1,0,0,1,1,U2 
H5,840,2019,320190,      4.60,      0.00,      3.10,      1.53,0,1,0,2,3,3,U2 
H5,840,2019,320210,     13.00,      6.50,      6.50,      6.50,0,0,0,2,2,2,U2 
H5,840,2019,320290,      5.00,      0.00,      5.00,      2.50,0,1,0,1,2,2,U2 
H5,840,2019,320300,      3.10,      0.00,      3.10,      1.03,0,2,0,1,3,3,U2 
H5,840,2019,320411,     26.00,      0.00,      6.50,      5.20,0,1,0,4,5,5,U2 
H5,840,2019,320412,     32.50,      0.00,      6.50,      4.64,0,2,0,5,7,7,U2 
H5,840,2019,320413,     32.50,      0.00,      6.50,      5.42,0,1,0,5,6,6,U2 
H5,840,2019,320414,     32.50,      6.50,      6.50,      6.50,0,0,0,5,5,5,U2 
H5,840,2019,320415,     39.00,      0.00,      6.50,      5.57,0,1,0,6,7,7,U2 
H5,840,2019,320416,     26.00,      6.50,      6.50,      6.50,0,0,0,4,4,4,U2 
H5,840,2019,320417,     26.00,      0.00,      6.50,      4.33,0,2,0,4,6,6,U2 
H5,840,2019,320419,     42.10,      0.00,      6.50,      5.26,0,1,0,7,8,8,U2 
H5,840,2019,320420,     13.00,      0.00,      6.50,      4.33,0,1,0,2,3,3,U2 
H5,840,2019,320490,      5.90,      5.90,      5.90,      5.90,0,0,0,1,1,1,U2 
H5,840,2019,320500,     19.50,      0.00,      6.50,      4.88,0,1,0,3,4,4,U2 
H5,840,2019,320611,      6.00,      6.00,      6.00,      6.00,0,0,0,1,1,1,U2 
H5,840,2019,320619,      6.00,      6.00,      6.00,      6.00,0,0,0,1,1,1,U2 
H5,840,2019,320620,      3.70,      3.70,      3.70,      3.70,0,0,0,1,1,1,U2 
H5,840,2019,320641,      1.50,      1.50,      1.50,      1.50,0,0,0,1,1,1,U2 
H5,840,2019,320642,      2.20,      2.20,      2.20,      2.20,0,0,0,1,1,1,U2 
H5,840,2019,320649,     20.50,      0.00,      6.50,      3.42,0,1,0,5,6,6,U2 
H5,840,2019,320650,      6.50,      6.50,      6.50,      6.50,0,0,0,1,1,1,U2 
H5,840,2019,320710,      3.10,      3.10,      3.10,      3.10,0,0,0,1,1,1,U2 
H5,840,2019,320720,      4.90,      4.90,      4.90,      4.90,0,0,0,1,1,1,U2 
H5,840,2019,320730,      3.10,      3.10,      3.10,      3.10,0,0,0,1,1,1,U2 
H5,840,2019,320740,     12.50,      6.00,      6.50,      6.25,0,0,0,2,2,2,U2 
H5,840,2019,320810,      3.70,      3.70,      3.70,      3.70,0,0,0,1,1,1,U2 
H5,840,2019,320820,      3.60,      3.60,      3.60,      3.60,0,0,0,1,1,1,U2 
H5,840,2019,320890,      3.20,      3.20,      3.20,      3.20,0,0,0,1,1,1,U2 
H5,840,2019,320910,      5.10,      5.10,      5.10,      5.10,0,0,0,1,1,1,U2 
H5,840,2019,320990,      5.90,      5.90,      5.90,      5.90,0,0,0,1,1,1,U2 
H5,840,2019,321000,      1.80,      1.80,      1.80,      1.80,0,0,0,1,1,1,U2 
H5,840,2019,321100,      3.70,      3.70,      3.70,      3.70,0,0,0,1,1,1,U2 
H5,840,2019,321210,      4.70,      4.70,      4.70,      4.70,0,0,0,1,1,1,U2 
H5,840,2019,321290,      3.10,      3.10,      3.10,      3.10,0,0,0,1,1,1,U2 
H5,840,2019,321310,      6.50,      6.50,      6.50,      6.50,0,0,0,1,1,1,U2 
H5,840,2019,321390,      3.40,      3.40,      3.40,      3.40,0,0,0,1,1,1,U2 
H5,840,2019,321410,      3.70,      3.70,      3.70,      3.70,0,0,0,1,1,1,U2 
H5,840,2019,321490,      6.50,      0.00,      6.50,      3.25,0,1,0,1,2,2,U2 
H5,840,2019,321511,      4.00,      0.40,      1.80,      1.33,0,0,0,3,3,3,U2 
H5,840,2019,321519,      4.00,      0.40,      1.80,      1.33,0,0,0,3,3,3,U2 
H5,840,2019,321590,      4.90,      1.80,      3.10,      2.45,0,0,0,2,2,2,U2 
H5,840,2019,330112,      2.70,      2.70,      2.70,      2.70,0,0,0,1,1,1,U2 
H5,840,2019,330113,      3.80,      3.80,      3.80,      3.80,0,0,0,1,1,1,U2 
H5,840,2019,330119,      2.70,      0.00,      2.70,      1.35,0,1,0,1,2,2,U2 
H5,840,2019,330124,      4.20,      4.20,      4.20,      4.20,0,0,0,1,1,1,U2 
H5,840,2019,330125,      0.00,      0.00,      0.00,      0.00,0,1,0,0,1,1,U2 
H5,840,2019,330129,      2.90,      0.00,      1.80,      0.97,0,1,0,2,3,3,U2 
H5,840,2019,330130,      0.00,      0.00,      0.00,      0.00,0,1,0,0,1,1,U2 
H5,840,2019,330190,      3.80,      0.00,      3.80,      1.90,0,1,0,1,2,2,U2 
H5,840,2019,330210,      5.43,      0.00,      2.99,      1.09,0,3,2,0,5,5,U2 
H5,840,2019,330290,      0.00,      0.00,      0.00,      0.00,0,2,0,0,2,2,U2 
H5,840,2019,330300,      0.00,      0.00,      0.00,      0.00,0,3,0,0,3,3,U2 
H5,840,2019,330410,      0.00,      0.00,      0.00,      0.00,0,1,0,0,1,1,U2 
H5,840,2019,330420,      0.00,      0.00,      0.00,      0.00,0,1,0,0,1,1,U2 
H5,840,2019,330430,      0.00,      0.00,      0.00,      0.00,0,1,0,0,1,1,U2 
H5,840,2019,330491,      0.00,      0.00,      0.00,      0.00,0,1,0,0,1,1,U2 
H5,840,2019,330499,      0.00,      0.00,      0.00,      0.00,0,2,0,0,2,2,U2 
H5,840,2019,330510,      0.00,      0.00,      0.00,      0.00,0,1,0,0,1,1,U2 
H5,840,2019,330520,      0.00,      0.00,      0.00,      0.00,0,1,0,0,1,1,U2 
H5,840,2019,330530,      0.00,      0.00,      0.00,      0.00,0,1,0,0,1,1,U2 
H5,840,2019,330590,      0.00,      0.00,      0.00,      0.00,0,1,0,0,1,1,U2 
H5,840,2019,330610,      0.00,      0.00,      0.00,      0.00,0,1,0,0,1,1,U2 
H5,840,2019,330620,      0.00,      0.00,      0.00,      0.00,0,1,0,0,1,1,U2 
H5,840,2019,330690,      0.00,      0.00,      0.00,      0.00,0,1,0,0,1,1,U2 
H5,840,2019,330710,      9.80,      4.90,      4.90,      4.90,0,0,0,2,2,2,U2 
H5,840,2019,330720,      4.90,      4.90,      4.90,      4.90,0,0,0,1,1,1,U2 
H5,840,2019,330730,     10.70,      4.90,      5.80,      5.35,0,0,0,2,2,2,U2 
H5,840,2019,330741,      2.40,      2.40,      2.40,      2.40,0,0,0,1,1,1,U2 
H5,840,2019,330749,      6.00,      6.00,      6.00,      6.00,0,0,0,1,1,1,U2 
H5,840,2019,330790,      5.40,      5.40,      5.40,      5.40,0,0,0,1,1,1,U2 
H5,840,2019,340111,      0.00,      0.00,      0.00,      0.00,0,2,0,0,2,2,U2 
H5,840,2019,340119,      0.00,      0.00,      0.00,      0.00,0,1,0,0,1,1,U2 
H5,840,2019,340120,      0.00,      0.00,      0.00,      0.00,0,1,0,0,1,1,U2 
H5,840,2019,340130,      4.00,      0.00,      4.00,      2.00,0,1,0,1,2,2,U2 
H5,840,2019,340211,     14.20,      3.70,      6.50,      4.73,0,0,0,3,3,3,U2 
H5,840,2019,340212,      8.00,      4.00,      4.00,      4.00,0,0,0,2,2,2,U2 
H5,840,2019,340213,     11.70,      3.70,      4.00,      3.90,0,0,0,3,3,3,U2 
H5,840,2019,340219,      7.70,      3.70,      4.00,      3.85,0,0,0,2,2,2,U2 
H5,840,2019,340220,      4.00,      0.00,      4.00,      2.00,0,1,0,1,2,2,U2 
H5,840,2019,340290,     11.50,      3.70,      4.00,      3.83,0,0,0,3,3,3,U2 
H5,840,2019,340311,      7.70,      0.20,      6.10,      2.57,0,0,0,3,3,3,U2 
H5,840,2019,340319,      6.00,      0.20,      5.80,      3.00,0,0,0,2,2,2,U2 
H5,840,2019,340391,     12.50,      6.00,      6.50,      6.25,0,0,0,2,2,2,U2 
H5,840,2019,340399,      6.50,      6.50,      6.50,      6.50,0,0,0,1,1,1,U2 
H5,840,2019,340420,      0.00,      0.00,      0.00,      0.00,0,1,0,0,1,1,U2 
H5,840,2019,340490,      0.00,      0.00,      0.00,      0.00,0,2,0,0,2,2,U2 
H5,840,2019,340510,      0.00,      0.00,      0.00,      0.00,0,1,0,0,1,1,U2 
H5,840,2019,340520,      0.00,      0.00,      0.00,      0.00,0,1,0,0,1,1,U2 
H5,840,2019,340530,      0.00,      0.00,      0.00,      0.00,0,1,0,0,1,1,U2 
H5,840,2019,340540,      0.00,      0.00,      0.00,      0.00,0,1,0,0,1,1,U2 
H5,840,2019,340590,      0.00,      0.00,      0.00,      0.00,0,1,0,0,1,1,U2 
H5,840,2019,340600,      0.00,      0.00,      0.00,      0.00,0,1,0,0,1,1,U2 
H5,840,2019,340700,      0.00,      0.00,      0.00,      0.00,0,2,0,0,2,2,U2 
H5,840,2019,350110,      0.06,      0.00,      0.06,      0.03,0,1,1,0,2,2,U2 
H5,840,2019,350190,      6.05,      0.05,      6.00,      3.03,0,0,1,1,2,2,U2 
H5,840,2019,350211,      7.01,      7.01,      7.01,      7.01,0,0,1,0,1,1,U2 
H5,840,2019,350219,      9.01,      9.01,      9.01,      9.01,0,0,1,0,1,1,U2 
H5,840,2019,350220,      0.00,      0.00,      0.00,      0.00,0,1,0,0,1,1,U2 
H5,840,2019,350290,      0.00,      0.00,      0.00,      0.00,0,1,0,0,1,1,U2 
H5,840,2019,350300,     13.67,      1.70,      4.28,      3.42,0,0,4,0,4,4,U2 
H5,840,2019,350400,      9.00,      4.00,      5.00,      4.50,0,0,0,2,2,2,U2 
H5,840,2019,350510,      0.75,      0.75,      0.75,      0.75,0,0,1,0,1,1,U2 
H5,840,2019,350520,      5.20,      5.20,      5.20,      5.20,0,0,1,0,1,1,U2 
H5,840,2019,350610,      8.60,      2.10,      6.50,      4.30,0,0,0,2,2,2,U2 
H5,840,2019,350691,      2.60,      0.50,      2.10,      1.30,0,0,0,2,2,2,U2 
H5,840,2019,350699,      2.10,      2.10,      2.10,      2.10,0,0,0,1,1,1,U2 
H5,840,2019,350710,      0.00,      0.00,      0.00,      0.00,0,1,0,0,1,1,U2 
H5,840,2019,350790,      0.00,      0.00,      0.00,      0.00,0,2,0,0,2,2,U2 
H5,840,2019,360100,      6.50,      6.50,      6.50,      6.50,0,0,0,1,1,1,U2 
H5,840,2019,360200,      0.00,      0.00,      0.00,      0.00,0,1,0,0,1,1,U2 
H5,840,2019,360300,      7.40,      0.20,      4.20,      2.47,0,0,0,3,3,3,U2 
H5,840,2019,360410,      7.70,      2.40,      5.30,      3.85,0,0,0,2,2,2,U2 
H5,840,2019,360490,      6.50,      6.50,      6.50,      6.50,0,0,0,1,1,1,U2 
H5,840,2019,360500,      0.00,      0.00,      0.00,      0.00,0,1,0,0,1,1,U2 
H5,840,2019,360610,      0.00,      0.00,      0.00,      0.00,0,1,0,0,1,1,U2 
H5,840,2019,360690,     10.90,      0.00,      5.90,      3.63,0,1,0,2,3,3,U2 
H5,840,2019,370110,      3.70,      3.70,      3.70,      3.70,0,0,0,1,1,1,U2 
H5,840,2019,370120,      3.70,      3.70,      3.70,      3.70,0,0,0,1,1,1,U2 
H5,840,2019,370130,      0.00,      0.00,      0.00,      0.00,0,1,0,0,1,1,U2 
H5,840,2019,370191,      3.70,      3.70,      3.70,      3.70,0,0,0,1,1,1,U2 
H5,840,2019,370199,      2.10,      0.90,      1.20,      1.05,0,0,0,2,2,2,U2 
H5,840,2019,370210,      3.70,      3.70,      3.70,      3.70,0,0,0,1,1,1,U2 
H5,840,2019,370231,      3.70,      3.70,      3.70,      3.70,0,0,0,1,1,1,U2 
H5,840,2019,370232,      3.70,      3.70,      3.70,      3.70,0,0,0,1,1,1,U2 
H5,840,2019,370239,      3.70,      3.70,      3.70,      3.70,0,0,0,1,1,1,U2 
H5,840,2019,370241,      3.70,      3.70,      3.70,      3.70,0,0,0,1,1,1,U2 
H5,840,2019,370242,      3.70,      3.70,      3.70,      3.70,0,0,0,1,1,1,U2 
H5,840,2019,370243,      3.70,      3.70,      3.70,      3.70,0,0,0,1,1,1,U2 
H5,840,2019,370244,      3.70,      3.70,      3.70,      3.70,0,0,0,1,1,1,U2 
H5,840,2019,370252,      3.70,      3.70,      3.70,      3.70,0,0,0,1,1,1,U2 
H5,840,2019,370253,      3.70,      3.70,      3.70,      3.70,0,0,0,1,1,1,U2 
H5,840,2019,370254,      3.70,      3.70,      3.70,      3.70,0,0,0,1,1,1,U2 
H5,840,2019,370255,      0.00,      0.00,      0.00,      0.00,0,1,0,0,1,1,U2 
H5,840,2019,370256,      0.00,      0.00,      0.00,      0.00,0,1,0,0,1,1,U2 
H5,840,2019,370296,      3.70,      3.70,      3.70,      3.70,0,0,0,1,1,1,U2 
H5,840,2019,370297,      0.00,      0.00,      0.00,      0.00,0,1,0,0,1,1,U2 
H5,840,2019,370298,      3.70,      3.70,      3.70,      3.70,0,0,0,1,1,1,U2 
H5,840,2019,370310,      6.80,      3.10,      3.70,      3.40,0,0,0,2,2,2,U2 
H5,840,2019,370320,      6.80,      3.10,      3.70,      3.40,0,0,0,2,2,2,U2 
H5,840,2019,370390,      6.50,      2.80,      3.70,      3.25,0,0,0,2,2,2,U2 
H5,840,2019,370400,      0.00,      0.00,      0.00,      0.00,0,1,0,0,1,1,U2 
H5,840,2019,370500,      0.00,      0.00,      0.00,      0.00,0,1,0,0,1,1,U2 
H5,840,2019,370610,      1.40,      0.00,      1.40,      0.70,0,1,0,1,2,2,U2 
H5,840,2019,370690,      0.00,      0.00,      0.00,      0.00,0,1,0,0,1,1,U2 
H5,840,2019,370710,      3.00,      3.00,      3.00,      3.00,0,0,0,1,1,1,U2 
H5,840,2019,370790,      1.90,      0.00,      1.60,      0.63,0,1,0,2,3,3,U2 
H5,840,2019,380110,      3.70,      0.00,      3.70,      1.85,0,1,0,1,2,2,U2 
H5,840,2019,380120,      0.00,      0.00,      0.00,      0.00,0,1,0,0,1,1,U2 
H5,840,2019,380130,      4.90,      4.90,      4.90,      4.90,0,0,0,1,1,1,U2 
H5,840,2019,380190,      4.90,      4.90,      4.90,      4.90,0,0,0,1,1,1,U2 
H5,840,2019,380210,      4.80,      4.80,      4.80,      4.80,0,0,0,1,1,1,U2 
H5,840,2019,380290,     13.10,      2.50,      5.80,      4.37,0,0,0,3,3,3,U2 
H5,840,2019,380300,      0.00,      0.00,      0.00,      0.00,0,1,0,0,1,1,U2 
H5,840,2019,380400,      3.70,      0.00,      3.70,      1.85,0,1,0,1,2,2,U2 
H5,840,2019,380510,      5.00,      5.00,      5.00,      5.00,0,0,0,1,1,1,U2 
H5,840,2019,380590,      3.70,      0.00,      3.70,      1.85,0,1,0,1,2,2,U2 
H5,840,2019,380610,      5.00,      5.00,      5.00,      5.00,0,0,0,1,1,1,U2 
H5,840,2019,380620,      3.70,      3.70,      3.70,      3.70,0,0,0,1,1,1,U2 
H5,840,2019,380630,      6.50,      6.50,      6.50,      6.50,0,0,0,1,1,1,U2 
H5,840,2019,380690,      4.20,      4.20,      4.20,      4.20,0,0,0,1,1,1,U2 
H5,840,2019,380700,      0.10,      0.10,      0.10,      0.10,0,0,0,1,1,1,U2 
H5,840,2019,380852,      6.50,      6.50,      6.50,      6.50,0,0,0,1,1,1,U2 
H5,840,2019,380859,     16.50,      5.00,      6.50,      5.50,0,0,0,3,3,3,U2 
H5,840,2019,380861,     11.50,      5.00,      6.50,      5.75,0,0,0,2,2,2,U2 
H5,840,2019,380862,     11.50,      5.00,      6.50,      5.75,0,0,0,2,2,2,U2 
H5,840,2019,380869,     11.50,      5.00,      6.50,      5.75,0,0,0,2,2,2,U2 
H5,840,2019,380891,     19.30,      0.00,      6.50,      3.86,0,1,0,4,5,5,U2 
H5,840,2019,380892,     20.20,      0.00,      6.50,      3.37,0,2,0,4,6,6,U2 
H5,840,2019,380893,     16.50,      0.00,      6.50,      4.13,0,1,0,3,4,4,U2 
H5,840,2019,380894,     11.50,      5.00,      6.50,      5.75,0,0,0,2,2,2,U2 
H5,840,2019,380899,     16.50,      0.00,      6.50,      3.30,0,2,0,3,5,5,U2 
H5,840,2019,380910,      5.27,      5.27,      5.27,      5.27,0,0,1,0,1,1,U2 
H5,840,2019,380991,      6.00,      6.00,      6.00,      6.00,0,0,0,1,1,1,U2 
H5,840,2019,380992,     12.50,      6.00,      6.50,      6.25,0,0,0,2,2,2,U2 
H5,840,2019,380993,     12.50,      6.00,      6.50,      6.25,0,0,0,2,2,2,U2 
H5,840,2019,381010,      5.00,      5.00,      5.00,      5.00,0,0,0,1,1,1,U2 
H5,840,2019,381090,     11.50,      0.00,      6.50,      3.83,0,1,0,2,3,3,U2 
H5,840,2019,381111,      0.00,      0.00,      0.00,      0.00,0,2,0,0,2,2,U2 
H5,840,2019,381119,      6.50,      6.50,      6.50,      6.50,0,0,0,1,1,1,U2 
H5,840,2019,381121,      6.50,      6.50,      6.50,      6.50,0,0,0,1,1,1,U2 
H5,840,2019,381129,      6.50,      6.50,      6.50,      6.50,0,0,0,1,1,1,U2 
H5,840,2019,381190,      6.50,      6.50,      6.50,      6.50,0,0,0,1,1,1,U2 
H5,840,2019,381210,     11.50,      5.00,      6.50,      5.75,0,0,0,2,2,2,U2 
H5,840,2019,381220,     11.50,      5.00,      6.50,      5.75,0,0,0,2,2,2,U2 
H5,840,2019,381231,      6.50,      6.50,      6.50,      6.50,0,0,0,1,1,1,U2 
H5,840,2019,381239,     18.00,      0.00,      6.50,      3.60,0,2,0,3,5,5,U2 
H5,840,2019,381300,      3.70,      0.00,      3.70,      1.85,0,1,0,1,2,2,U2 
H5,840,2019,381400,     19.00,      6.00,      6.50,      6.33,0,0,0,3,3,3,U2 
H5,840,2019,381511,      0.00,      0.00,      0.00,      0.00,0,1,0,0,1,1,U2 
H5,840,2019,381512,      0.00,      0.00,      0.00,      0.00,0,1,0,0,1,1,U2 
H5,840,2019,381519,      0.00,      0.00,      0.00,      0.00,0,1,0,0,1,1,U2 
H5,840,2019,381590,     14.30,      0.00,      6.50,      3.58,0,1,0,3,4,4,U2 
H5,840,2019,381600,      3.00,      3.00,      3.00,      3.00,0,0,0,1,1,1,U2 
H5,840,2019,381700,     19.50,      6.50,      6.50,      6.50,0,0,0,3,3,3,U2 
H5,840,2019,381800,      0.00,      0.00,      0.00,      0.00,0,1,0,0,1,1,U2 
H5,840,2019,381900,      6.50,      6.50,      6.50,      6.50,0,0,0,1,1,1,U2 
H5,840,2019,382000,      6.50,      6.50,      6.50,      6.50,0,0,0,1,1,1,U2 
H5,840,2019,382100,      5.00,      5.00,      5.00,      5.00,0,0,0,1,1,1,U2 
H5,840,2019,382200,      0.00,      0.00,      0.00,      0.00,0,3,0,0,3,3,U2 
H5,840,2019,382311,      6.39,      6.39,      6.39,      6.39,0,0,1,0,1,1,U2 
H5,840,2019,382312,      5.13,      5.13,      5.13,      5.13,0,0,1,0,1,1,U2 
H5,840,2019,382313,      3.20,      3.20,      3.20,      3.20,0,0,0,1,1,1,U2 
H5,840,2019,382319,      5.50,      2.30,      3.20,      2.75,0,0,0,2,2,2,U2 
H5,840,2019,382370,      9.50,      2.00,      5.10,      3.17,0,0,0,3,3,3,U2 
H5,840,2019,382410,      6.00,      6.00,      6.00,      6.00,0,0,0,1,1,1,U2 
H5,840,2019,382430,      3.60,      3.60,      3.60,      3.60,0,0,0,1,1,1,U2 
H5,840,2019,382440,     11.50,      0.00,      6.50,      3.83,0,1,0,2,3,3,U2 
H5,840,2019,382450,      0.00,      0.00,      0.00,      0.00,0,1,0,0,1,1,U2 
H5,840,2019,382460,      4.90,      4.90,      4.90,      4.90,0,0,0,1,1,1,U2 
H5,840,2019,382471,      3.70,      3.70,      3.70,      3.70,0,0,0,1,1,1,U2 
H5,840,2019,382472,      3.70,      3.70,      3.70,      3.70,0,0,0,1,1,1,U2 
H5,840,2019,382473,      3.70,      3.70,      3.70,      3.70,0,0,0,1,1,1,U2 
H5,840,2019,382474,      3.70,      3.70,      3.70,      3.70,0,0,0,1,1,1,U2 
H5,840,2019,382475,      6.50,      6.50,      6.50,      6.50,0,0,0,1,1,1,U2 
H5,840,2019,382476,      6.50,      6.50,      6.50,      6.50,0,0,0,1,1,1,U2 
H5,840,2019,382477,      3.70,      3.70,      3.70,      3.70,0,0,0,1,1,1,U2 
H5,840,2019,382478,      3.70,      3.70,      3.70,      3.70,0,0,0,1,1,1,U2 
H5,840,2019,382479,     10.20,      3.70,      6.50,      5.10,0,0,0,2,2,2,U2 
H5,840,2019,382481,      5.00,      5.00,      5.00,      5.00,0,0,0,1,1,1,U2 
H5,840,2019,382482,     10.20,      3.70,      6.50,      5.10,0,0,0,2,2,2,U2 
H5,840,2019,382483,      5.00,      5.00,      5.00,      5.00,0,0,0,1,1,1,U2 
H5,840,2019,382484,      6.50,      6.50,      6.50,      6.50,0,0,0,1,1,1,U2 
H5,840,2019,382485,      6.50,      6.50,      6.50,      6.50,0,0,0,1,1,1,U2 
H5,840,2019,382486,      6.50,      6.50,      6.50,      6.50,0,0,0,1,1,1,U2 
H5,840,2019,382487,      3.70,      3.70,      3.70,      3.70,0,0,0,1,1,1,U2 
H5,840,2019,382488,      6.50,      6.50,      6.50,      6.50,0,0,0,1,1,1,U2 
H5,840,2019,382491,      5.00,      5.00,      5.00,      5.00,0,0,0,1,1,1,U2 
H5,840,2019,382499,     82.50,      0.00,      6.50,      4.12,0,5,0,15,20,20,U2 
H5,840,2019,382510,      0.00,      0.00,      0.00,      0.00,0,1,0,0,1,1,U2 
H5,840,2019,382520,      0.00,      0.00,      0.00,      0.00,0,1,0,0,1,1,U2 
H5,840,2019,382530,      0.00,      0.00,      0.00,      0.00,0,1,0,0,1,1,U2 
H5,840,2019,382541,      0.00,      0.00,      0.00,      0.00,0,1,0,0,1,1,U2 
H5,840,2019,382549,      0.00,      0.00,      0.00,      0.00,0,1,0,0,1,1,U2 
H5,840,2019,382550,      0.00,      0.00,      0.00,      0.00,0,1,0,0,1,1,U2 
H5,840,2019,382561,      0.00,      0.00,      0.00,      0.00,0,1,0,0,1,1,U2 
H5,840,2019,382569,      0.00,      0.00,      0.00,      0.00,0,1,0,0,1,1,U2 
H5,840,2019,382590,      0.00,      0.00,      0.00,      0.00,0,1,0,0,1,1,U2 
H5,840,2019,382600,     11.10,      4.60,      6.50,      5.55,0,0,0,2,2,2,U2 
H5,840,2019,390110,     13.00,      6.50,      6.50,      6.50,0,0,0,2,2,2,U2 
H5,840,2019,390120,     13.00,      6.50,      6.50,      6.50,0,0,0,2,2,2,U2 
H5,840,2019,390130,      5.30,      0.00,      5.30,      2.65,0,1,0,1,2,2,U2 
H5,840,2019,390140,      6.50,      6.50,      6.50,      6.50,0,0,0,1,1,1,U2 
H5,840,2019,390190,     13.00,      0.00,      6.50,      4.33,0,1,0,2,3,3,U2 
H5,840,2019,390210,      6.50,      6.50,      6.50,      6.50,0,0,0,1,1,1,U2 
H5,840,2019,390220,      6.50,      0.00,      6.50,      3.25,0,1,0,1,2,2,U2 
H5,840,2019,390230,      6.50,      6.50,      6.50,      6.50,0,0,0,1,1,1,U2 
H5,840,2019,390290,      6.50,      6.50,      6.50,      6.50,0,0,0,1,1,1,U2 
H5,840,2019,390311,      6.50,      6.50,      6.50,      6.50,0,0,0,1,1,1,U2 
H5,840,2019,390319,      6.50,      6.50,      6.50,      6.50,0,0,0,1,1,1,U2 
H5,840,2019,390320,      6.50,      6.50,      6.50,      6.50,0,0,0,1,1,1,U2 
H5,840,2019,390330,      6.50,      6.50,      6.50,      6.50,0,0,0,1,1,1,U2 
H5,840,2019,390390,     13.00,      6.50,      6.50,      6.50,0,0,0,2,2,2,U2 
H5,840,2019,390410,      6.50,      6.50,      6.50,      6.50,0,0,0,1,1,1,U2 
H5,840,2019,390421,      6.50,      6.50,      6.50,      6.50,0,0,0,1,1,1,U2 
H5,840,2019,390422,      6.50,      6.50,      6.50,      6.50,0,0,0,1,1,1,U2 
H5,840,2019,390430,      5.30,      0.00,      5.30,      2.65,0,1,0,1,2,2,U2 
H5,840,2019,390440,      5.30,      5.30,      5.30,      5.30,0,0,0,1,1,1,U2 
H5,840,2019,390450,      6.50,      6.50,      6.50,      6.50,0,0,0,1,1,1,U2 
H5,840,2019,390461,      5.80,      5.80,      5.80,      5.80,0,0,0,1,1,1,U2 
H5,840,2019,390469,      6.50,      0.00,      6.50,      3.25,0,1,0,1,2,2,U2 
H5,840,2019,390490,      6.50,      0.00,      6.50,      3.25,0,1,0,1,2,2,U2 
H5,840,2019,390512,      4.00,      4.00,      4.00,      4.00,0,0,0,1,1,1,U2 
H5,840,2019,390519,      4.00,      4.00,      4.00,      4.00,0,0,0,1,1,1,U2 
H5,840,2019,390521,      4.00,      4.00,      4.00,      4.00,0,0,0,1,1,1,U2 
H5,840,2019,390529,      4.00,      4.00,      4.00,      4.00,0,0,0,1,1,1,U2 
H5,840,2019,390530,      3.20,      3.20,      3.20,      3.20,0,0,0,1,1,1,U2 
H5,840,2019,390591,      9.30,      4.00,      5.30,      4.65,0,0,0,2,2,2,U2 
H5,840,2019,390599,      5.30,      0.00,      5.30,      2.65,0,1,0,1,2,2,U2 
H5,840,2019,390610,      6.30,      6.30,      6.30,      6.30,0,0,0,1,1,1,U2 
H5,840,2019,390690,     10.50,      0.00,      6.30,      3.50,0,1,0,2,3,3,U2 
H5,840,2019,390710,      6.50,      6.50,      6.50,      6.50,0,0,0,1,1,1,U2 
H5,840,2019,390720,      6.50,      6.50,      6.50,      6.50,0,0,0,1,1,1,U2 
H5,840,2019,390730,      6.10,      6.10,      6.10,      6.10,0,0,0,1,1,1,U2 
H5,840,2019,390740,      5.80,      5.80,      5.80,      5.80,0,0,0,1,1,1,U2 
H5,840,2019,390750,      6.50,      6.50,      6.50,      6.50,0,0,0,1,1,1,U2 
H5,840,2019,390761,      6.50,      6.50,      6.50,      6.50,0,0,0,1,1,1,U2 
H5,840,2019,390769,      6.50,      6.50,      6.50,      6.50,0,0,0,1,1,1,U2 
H5,840,2019,390770,      6.50,      6.50,      6.50,      6.50,0,0,0,1,1,1,U2 
H5,840,2019,390791,     12.30,      0.00,      6.50,      4.10,0,1,0,2,3,3,U2 
H5,840,2019,390799,      8.10,      1.60,      6.50,      4.05,0,0,0,2,2,2,U2 
H5,840,2019,390810,      6.30,      6.30,      6.30,      6.30,0,0,0,1,1,1,U2 
H5,840,2019,390890,      6.50,      0.00,      6.50,      3.25,0,1,0,1,2,2,U2 
H5,840,2019,390910,      6.50,      6.50,      6.50,      6.50,0,0,0,1,1,1,U2 
H5,840,2019,390920,      6.50,      6.50,      6.50,      6.50,0,0,0,1,1,1,U2 
H5,840,2019,390931,      6.50,      6.50,      6.50,      6.50,0,0,0,1,1,1,U2 
H5,840,2019,390939,      6.50,      6.50,      6.50,      6.50,0,0,0,1,1,1,U2 
H5,840,2019,390940,      6.50,      6.50,      6.50,      6.50,0,0,0,1,1,1,U2 
H5,840,2019,390950,      8.40,      0.00,      6.30,      2.80,0,1,0,2,3,3,U2 
H5,840,2019,391000,      3.00,      3.00,      3.00,      3.00,0,0,0,1,1,1,U2 
H5,840,2019,391110,      6.10,      6.10,      6.10,      6.10,0,0,0,1,1,1,U2 
H5,840,2019,391190,     18.40,      0.00,      6.50,      2.63,0,4,0,3,7,7,U2 
H5,840,2019,391211,      5.60,      5.60,      5.60,      5.60,0,0,0,1,1,1,U2 
H5,840,2019,391212,      5.60,      5.60,      5.60,      5.60,0,0,0,1,1,1,U2 
H5,840,2019,391220,      5.20,      5.20,      5.20,      5.20,0,0,0,1,1,1,U2 
H5,840,2019,391231,      6.40,      6.40,      6.40,      6.40,0,0,0,1,1,1,U2 
H5,840,2019,391239,      4.20,      4.20,      4.20,      4.20,0,0,0,1,1,1,U2 
H5,840,2019,391290,      5.20,      5.20,      5.20,      5.20,0,0,0,1,1,1,U2 
H5,840,2019,391310,      4.20,      4.20,      4.20,      4.20,0,0,0,1,1,1,U2 
H5,840,2019,391390,     12.30,      0.00,      6.50,      4.10,0,1,0,2,3,3,U2 
H5,840,2019,391400,      3.90,      0.00,      3.90,      1.95,0,1,0,1,2,2,U2 
H5,840,2019,391510,      0.00,      0.00,      0.00,      0.00,0,1,0,0,1,1,U2 
H5,840,2019,391520,      0.00,      0.00,      0.00,      0.00,0,1,0,0,1,1,U2 
H5,840,2019,391530,      0.00,      0.00,      0.00,      0.00,0,1,0,0,1,1,U2 
H5,840,2019,391590,      0.00,      0.00,      0.00,      0.00,0,1,0,0,1,1,U2 
H5,840,2019,391610,      5.80,      5.80,      5.80,      5.80,0,0,0,1,1,1,U2 
H5,840,2019,391620,      5.80,      5.80,      5.80,      5.80,0,0,0,1,1,1,U2 
H5,840,2019,391690,     21.90,      3.10,      6.50,      5.47,0,0,0,4,4,4,U2 
H5,840,2019,391710,     10.70,      0.00,      6.50,      3.57,0,1,0,2,3,3,U2 
H5,840,2019,391721,      3.10,      3.10,      3.10,      3.10,0,0,0,1,1,1,U2 
H5,840,2019,391722,      3.10,      3.10,      3.10,      3.10,0,0,0,1,1,1,U2 
H5,840,2019,391723,      3.10,      3.10,      3.10,      3.10,0,0,0,1,1,1,U2 
H5,840,2019,391729,      3.10,      3.10,      3.10,      3.10,0,0,0,1,1,1,U2 
H5,840,2019,391731,      3.10,      3.10,      3.10,      3.10,0,0,0,1,1,1,U2 
H5,840,2019,391732,      3.10,      3.10,      3.10,      3.10,0,0,0,1,1,1,U2 
H5,840,2019,391733,      3.10,      3.10,      3.10,      3.10,0,0,0,1,1,1,U2 
H5,840,2019,391739,      3.10,      3.10,      3.10,      3.10,0,0,0,1,1,1,U2 
H5,840,2019,391740,      5.30,      5.30,      5.30,      5.30,0,0,0,1,1,1,U2 
H5,840,2019,391810,     30.80,      4.20,      6.50,      5.13,0,0,0,6,6,6,U2 
H5,840,2019,391890,     21.30,      4.20,      6.50,      5.32,0,0,0,4,4,4,U2 
H5,840,2019,391910,     12.30,      5.80,      6.50,      6.15,0,0,0,2,2,2,U2 
H5,840,2019,391990,     12.30,      5.80,      6.50,      6.15,0,0,0,2,2,2,U2 
H5,840,2019,392010,      4.20,      4.20,      4.20,      4.20,0,0,0,1,1,1,U2 
H5,840,2019,392020,      4.20,      4.20,      4.20,      4.20,0,0,0,1,1,1,U2 
H5,840,2019,392030,      5.80,      5.80,      5.80,      5.80,0,0,0,1,1,1,U2 
H5,840,2019,392043,      7.30,      3.10,      4.20,      3.65,0,0,0,2,2,2,U2 
H5,840,2019,392049,      5.80,      5.80,      5.80,      5.80,0,0,0,1,1,1,U2 
H5,840,2019,392051,     12.50,      6.00,      6.50,      6.25,0,0,0,2,2,2,U2 
H5,840,2019,392059,     12.50,      0.00,      6.50,      4.17,0,1,0,2,3,3,U2 
H5,840,2019,392061,      5.80,      5.80,      5.80,      5.80,0,0,0,1,1,1,U2 
H5,840,2019,392062,      4.20,      4.20,      4.20,      4.20,0,0,0,1,1,1,U2 
H5,840,2019,392063,     10.00,      4.20,      5.80,      5.00,0,0,0,2,2,2,U2 
H5,840,2019,392069,      4.20,      4.20,      4.20,      4.20,0,0,0,1,1,1,U2 
H5,840,2019,392071,      6.20,      6.20,      6.20,      6.20,0,0,0,1,1,1,U2 
H5,840,2019,392073,      2.90,      2.90,      2.90,      2.90,0,0,0,1,1,1,U2 
H5,840,2019,392079,     13.00,      3.10,      6.20,      4.33,0,0,0,3,3,3,U2 
H5,840,2019,392091,      4.20,      4.20,      4.20,      4.20,0,0,0,1,1,1,U2 
H5,840,2019,392092,      4.20,      4.20,      4.20,      4.20,0,0,0,1,1,1,U2 
H5,840,2019,392093,      5.80,      5.80,      5.80,      5.80,0,0,0,1,1,1,U2 
H5,840,2019,392094,      5.80,      5.80,      5.80,      5.80,0,0,0,1,1,1,U2 
H5,840,2019,392099,     16.00,      4.20,      6.00,      5.33,0,0,0,3,3,3,U2 
H5,840,2019,392111,      5.30,      5.30,      5.30,      5.30,0,0,0,1,1,1,U2 
H5,840,2019,392112,     22.50,      4.20,      6.50,      5.63,0,0,0,4,4,4,U2 
H5,840,2019,392113,     20.20,      4.20,      6.50,      5.05,0,0,0,4,4,4,U2 
H5,840,2019,392114,      6.50,      6.50,      6.50,      6.50,0,0,0,1,1,1,U2 
H5,840,2019,392119,      6.50,      6.50,      6.50,      6.50,0,0,0,1,1,1,U2 
H5,840,2019,392190,     42.40,      4.20,      6.50,      5.30,0,0,0,8,8,8,U2 
H5,840,2019,392210,      6.30,      6.30,      6.30,      6.30,0,0,0,1,1,1,U2 
H5,840,2019,392220,      6.30,      6.30,      6.30,      6.30,0,0,0,1,1,1,U2 
H5,840,2019,392290,      6.30,      6.30,      6.30,      6.30,0,0,0,1,1,1,U2 
H5,840,2019,392310,      3.70,      0.70,      3.00,      1.85,0,0,0,2,2,2,U2 
H5,840,2019,392321,      3.00,      3.00,      3.00,      3.00,0,0,0,1,1,1,U2 
H5,840,2019,392329,      3.00,      3.00,      3.00,      3.00,0,0,0,1,1,1,U2 
H5,840,2019,392330,      3.00,      3.00,      3.00,      3.00,0,0,0,1,1,1,U2 
H5,840,2019,392340,      5.30,      5.30,      5.30,      5.30,0,0,0,1,1,1,U2 
H5,840,2019,392350,      5.30,      5.30,      5.30,      5.30,0,0,0,1,1,1,U2 
H5,840,2019,392390,      3.00,      3.00,      3.00,      3.00,0,0,0,1,1,1,U2 
H5,840,2019,392410,     18.60,      3.40,      6.50,      4.65,0,0,0,4,4,4,U2 
H5,840,2019,392490,     13.20,      3.10,      3.40,      3.30,0,0,0,4,4,4,U2 
H5,840,2019,392510,      6.30,      6.30,      6.30,      6.30,0,0,0,1,1,1,U2 
H5,840,2019,392520,      5.30,      5.30,      5.30,      5.30,0,0,0,1,1,1,U2 
H5,840,2019,392530,      8.60,      3.30,      5.30,      4.30,0,0,0,2,2,2,U2 
H5,840,2019,392590,      5.30,      5.30,      5.30,      5.30,0,0,0,1,1,1,U2 
H5,840,2019,392610,      5.30,      5.30,      5.30,      5.30,0,0,0,1,1,1,U2 
H5,840,2019,392620,     14.50,      0.00,      6.50,      2.42,0,3,0,3,6,6,U2 
H5,840,2019,392630,     11.80,      5.30,      6.50,      5.90,0,0,0,2,2,2,U2 
H5,840,2019,392640,      5.30,      5.30,      5.30,      5.30,0,0,0,1,1,1,U2 
H5,840,2019,392690,    109.70,      0.00,      6.50,      4.22,0,2,0,24,26,26,U2 
H5,840,2019,400110,      0.00,      0.00,      0.00,      0.00,0,1,0,0,1,1,U2 
H5,840,2019,400121,      0.00,      0.00,      0.00,      0.00,0,1,0,0,1,1,U2 
H5,840,2019,400122,      0.00,      0.00,      0.00,      0.00,0,1,0,0,1,1,U2 
H5,840,2019,400129,      0.00,      0.00,      0.00,      0.00,0,1,0,0,1,1,U2 
H5,840,2019,400130,      0.00,      0.00,      0.00,      0.00,0,1,0,0,1,1,U2 
H5,840,2019,400211,      0.00,      0.00,      0.00,      0.00,0,1,0,0,1,1,U2 
H5,840,2019,400219,      0.00,      0.00,      0.00,      0.00,0,1,0,0,1,1,U2 
H5,840,2019,400220,      0.00,      0.00,      0.00,      0.00,0,1,0,0,1,1,U2 
H5,840,2019,400231,      0.00,      0.00,      0.00,      0.00,0,1,0,0,1,1,U2 
H5,840,2019,400239,      0.00,      0.00,      0.00,      0.00,0,1,0,0,1,1,U2 
H5,840,2019,400241,      0.00,      0.00,      0.00,      0.00,0,1,0,0,1,1,U2 
H5,840,2019,400249,      0.00,      0.00,      0.00,      0.00,0,1,0,0,1,1,U2 
H5,840,2019,400251,      0.00,      0.00,      0.00,      0.00,0,1,0,0,1,1,U2 
H5,840,2019,400259,      0.00,      0.00,      0.00,      0.00,0,1,0,0,1,1,U2 
H5,840,2019,400260,      0.00,      0.00,      0.00,      0.00,0,1,0,0,1,1,U2 
H5,840,2019,400270,      0.00,      0.00,      0.00,      0.00,0,1,0,0,1,1,U2 
H5,840,2019,400280,      0.00,      0.00,      0.00,      0.00,0,1,0,0,1,1,U2 
H5,840,2019,400291,      0.00,      0.00,      0.00,      0.00,0,1,0,0,1,1,U2 
H5,840,2019,400299,      0.00,      0.00,      0.00,      0.00,0,1,0,0,1,1,U2 
H5,840,2019,400300,      0.00,      0.00,      0.00,      0.00,0,1,0,0,1,1,U2 
H5,840,2019,400400,      0.00,      0.00,      0.00,      0.00,0,1,0,0,1,1,U2 
H5,840,2019,400510,      0.00,      0.00,      0.00,      0.00,0,1,0,0,1,1,U2 
H5,840,2019,400520,      0.00,      0.00,      0.00,      0.00,0,1,0,0,1,1,U2 
H5,840,2019,400591,      0.00,      0.00,      0.00,      0.00,0,1,0,0,1,1,U2 
H5,840,2019,400599,      0.00,      0.00,      0.00,      0.00,0,1,0,0,1,1,U2 
H5,840,2019,400610,      2.90,      2.90,      2.90,      2.90,0,0,0,1,1,1,U2 
H5,840,2019,400690,      2.70,      0.00,      2.70,      1.35,0,1,0,1,2,2,U2 
H5,840,2019,400700,      0.00,      0.00,      0.00,      0.00,0,1,0,0,1,1,U2 
H5,840,2019,400811,      3.30,      0.00,      3.30,      1.65,0,1,0,1,2,2,U2 
H5,840,2019,400819,      6.60,      0.00,      3.30,      1.65,0,2,0,2,4,4,U2 
H5,840,2019,400821,      0.00,      0.00,      0.00,      0.00,0,1,0,0,1,1,U2 
H5,840,2019,400829,      5.80,      2.90,      2.90,      2.90,0,0,0,2,2,2,U2 
H5,840,2019,400911,      2.50,      2.50,      2.50,      2.50,0,0,0,1,1,1,U2 
H5,840,2019,400912,      2.50,      2.50,      2.50,      2.50,0,0,0,1,1,1,U2 
H5,840,2019,400921,      2.50,      2.50,      2.50,      2.50,0,0,0,1,1,1,U2 
H5,840,2019,400922,      2.50,      2.50,      2.50,      2.50,0,0,0,1,1,1,U2 
H5,840,2019,400931,      2.50,      2.50,      2.50,      2.50,0,0,0,1,1,1,U2 
H5,840,2019,400932,      2.50,      2.50,      2.50,      2.50,0,0,0,1,1,1,U2 
H5,840,2019,400941,      2.50,      2.50,      2.50,      2.50,0,0,0,1,1,1,U2 
H5,840,2019,400942,      2.50,      2.50,      2.50,      2.50,0,0,0,1,1,1,U2 
H5,840,2019,401011,      3.30,      3.30,      3.30,      3.30,0,0,0,1,1,1,U2 
H5,840,2019,401012,     20.40,      1.90,      8.00,      5.10,0,0,0,4,4,4,U2 
H5,840,2019,401019,     23.70,      1.90,      8.00,      4.74,0,0,0,5,5,5,U2 
H5,840,2019,401031,      6.20,      2.80,      3.40,      3.10,0,0,0,2,2,2,U2 
H5,840,2019,401032,      6.20,      2.80,      3.40,      3.10,0,0,0,2,2,2,U2 
H5,840,2019,401033,      6.20,      2.80,      3.40,      3.10,0,0,0,2,2,2,U2 
H5,840,2019,401034,      6.20,      2.80,      3.40,      3.10,0,0,0,2,2,2,U2 
H5,840,2019,401035,     23.70,      1.90,      8.00,      4.74,0,0,0,5,5,5,U2 
H5,840,2019,401036,     23.70,      1.90,      8.00,      4.74,0,0,0,5,5,5,U2 
H5,840,2019,401039,     29.90,      1.90,      8.00,      4.27,0,0,0,7,7,7,U2 
H5,840,2019,401110,      7.40,      3.40,      4.00,      3.70,0,0,0,2,2,2,U2 
H5,840,2019,401120,      7.40,      3.40,      4.00,      3.70,0,0,0,2,2,2,U2 
H5,840,2019,401130,      0.00,      0.00,      0.00,      0.00,0,1,0,0,1,1,U2 
H5,840,2019,401140,      0.00,      0.00,      0.00,      0.00,0,1,0,0,1,1,U2 
H5,840,2019,401150,      0.00,      0.00,      0.00,      0.00,0,1,0,0,1,1,U2 
H5,840,2019,401170,      0.00,      0.00,      0.00,      0.00,0,1,0,0,1,1,U2 
H5,840,2019,401180,      7.40,      0.00,      4.00,      2.47,0,1,0,2,3,3,U2 
H5,840,2019,401190,      7.40,      0.00,      4.00,      2.47,0,1,0,2,3,3,U2 
H5,840,2019,401211,      7.40,      3.40,      4.00,      3.70,0,0,0,2,2,2,U2 
H5,840,2019,401212,      7.40,      3.40,      4.00,      3.70,0,0,0,2,2,2,U2 
H5,840,2019,401213,      0.00,      0.00,      0.00,      0.00,0,1,0,0,1,1,U2 
H5,840,2019,401219,      7.40,      0.00,      4.00,      2.47,0,1,0,2,3,3,U2 
H5,840,2019,401220,      0.00,      0.00,      0.00,      0.00,0,5,0,0,5,5,U2 
H5,840,2019,401290,      6.90,      0.00,      4.20,      1.38,0,3,0,2,5,5,U2 
H5,840,2019,401310,      3.70,      3.70,      3.70,      3.70,0,0,0,1,1,1,U2 
H5,840,2019,401320,      0.00,      0.00,      0.00,      0.00,0,1,0,0,1,1,U2 
H5,840,2019,401390,      3.70,      0.00,      3.70,      1.85,0,1,0,1,2,2,U2 
H5,840,2019,401410,      0.00,      0.00,      0.00,      0.00,0,1,0,0,1,1,U2 
H5,840,2019,401490,      4.20,      0.00,      4.20,      2.10,0,1,0,1,2,2,U2 
H5,840,2019,401511,      0.00,      0.00,      0.00,      0.00,0,1,0,0,1,1,U2 
H5,840,2019,401519,     17.00,      0.00,     14.00,      5.67,0,1,0,2,3,3,U2 
H5,840,2019,401590,      4.00,      4.00,      4.00,      4.00,0,0,0,1,1,1,U2 
H5,840,2019,401610,      0.00,      0.00,      0.00,      0.00,0,1,0,0,1,1,U2 
H5,840,2019,401691,      2.70,      2.70,      2.70,      2.70,0,0,0,1,1,1,U2 
H5,840,2019,401692,      4.20,      4.20,      4.20,      4.20,0,0,0,1,1,1,U2 
H5,840,2019,401693,      5.00,      2.50,      2.50,      2.50,0,0,0,2,2,2,U2 
H5,840,2019,401694,      4.20,      4.20,      4.20,      4.20,0,0,0,1,1,1,U2 
H5,840,2019,401695,      4.20,      4.20,      4.20,      4.20,0,0,0,1,1,1,U2 
H5,840,2019,401699,     21.70,      0.00,      4.30,      2.41,0,2,0,7,9,9,U2 
H5,840,2019,401700,      2.70,      2.70,      2.70,      2.70,0,0,0,1,1,1,U2 
H5,840,2019,410120,     16.40,      0.00,      5.00,      2.34,0,2,0,5,7,7,U2 
H5,840,2019,410150,     16.40,      0.00,      5.00,      2.34,0,2,0,5,7,7,U2 
H5,840,2019,410190,     14.00,      0.00,      5.00,      2.80,0,1,0,4,5,5,U2 
H5,840,2019,410210,      2.00,      0.00,      2.00,      0.67,0,2,0,1,3,3,U2 
H5,840,2019,410221,      0.00,      0.00,      0.00,      0.00,0,1,0,0,1,1,U2 
H5,840,2019,410229,      2.00,      0.00,      2.00,      0.67,0,2,0,1,3,3,U2 
H5,840,2019,410320,      5.00,      0.00,      5.00,      1.67,0,2,0,1,3,3,U2 
H5,840,2019,410330,      4.20,      0.00,      4.20,      2.10,0,1,0,1,2,2,U2 
H5,840,2019,410390,      7.00,      0.00,      3.70,      1.75,0,2,0,2,4,4,U2 
H5,840,2019,410411,     13.10,      0.00,      5.00,      2.62,0,1,0,4,5,5,U2 
H5,840,2019,410419,     13.10,      0.00,      5.00,      2.62,0,1,0,4,5,5,U2 
H5,840,2019,410441,     13.10,      0.00,      5.00,      2.62,0,1,0,4,5,5,U2 
H5,840,2019,410449,     13.10,      0.00,      5.00,      2.62,0,1,0,4,5,5,U2 
H5,840,2019,410510,      4.00,      2.00,      2.00,      2.00,0,0,0,2,2,2,U2 
H5,840,2019,410530,      2.00,      2.00,      2.00,      2.00,0,0,0,1,1,1,U2 
H5,840,2019,410621,      4.80,      2.40,      2.40,      2.40,0,0,0,2,2,2,U2 
H5,840,2019,410622,      2.40,      2.40,      2.40,      2.40,0,0,0,1,1,1,U2 
H5,840,2019,410631,      8.40,      4.20,      4.20,      4.20,0,0,0,2,2,2,U2 
H5,840,2019,410632,      4.20,      4.20,      4.20,      4.20,0,0,0,1,1,1,U2 
H5,840,2019,410640,      0.00,      0.00,      0.00,      0.00,0,1,0,0,1,1,U2 
H5,840,2019,410691,      3.30,      3.30,      3.30,      3.30,0,0,0,1,1,1,U2 
H5,840,2019,410692,      3.30,      3.30,      3.30,      3.30,0,0,0,1,1,1,U2 
H5,840,2019,410711,     22.00,      0.00,      5.00,      2.75,0,1,0,7,8,8,U2 
H5,840,2019,410712,     22.00,      0.00,      5.00,      2.75,0,1,0,7,8,8,U2 
H5,840,2019,410719,     23.70,      0.00,      5.00,      2.96,0,1,0,7,8,8,U2 
H5,840,2019,410791,     16.00,      2.40,      5.00,      3.20,0,0,0,5,5,5,U2 
H5,840,2019,410792,     16.00,      2.40,      5.00,      3.20,0,0,0,5,5,5,U2 
H5,840,2019,410799,     17.70,      2.40,      5.00,      3.54,0,0,0,5,5,5,U2 
H5,840,2019,411200,      4.00,      2.00,      2.00,      2.00,0,0,0,2,2,2,U2 
H5,840,2019,411310,      5.20,      2.40,      2.80,      2.60,0,0,0,2,2,2,U2 
H5,840,2019,411320,      4.20,      4.20,      4.20,      4.20,0,0,0,1,1,1,U2 
H5,840,2019,411330,      0.00,      0.00,      0.00,      0.00,0,2,0,0,2,2,U2 
H5,840,2019,411390,      4.90,      1.60,      3.30,      2.45,0,0,0,2,2,2,U2 
H5,840,2019,411410,      3.20,      3.20,      3.20,      3.20,0,0,0,1,1,1,U2 
H5,840,2019,411420,      7.50,      1.60,      3.60,      2.50,0,0,0,3,3,3,U2 
H5,840,2019,411510,      0.00,      0.00,      0.00,      0.00,0,1,0,0,1,1,U2 
H5,840,2019,411520,      0.00,      0.00,      0.00,      0.00,0,1,0,0,1,1,U2 
H5,840,2019,420100,      5.20,      2.40,      2.80,      2.60,0,0,0,2,2,2,U2 
H5,840,2019,420211,      8.00,      8.00,      8.00,      8.00,0,0,0,1,1,1,U2 
H5,840,2019,420212,     87.20,      5.70,     20.00,     14.53,0,0,0,6,6,6,U2 
H5,840,2019,420219,     20.00,     20.00,     20.00,     20.00,0,0,0,1,1,1,U2 
H5,840,2019,420221,     24.30,      5.30,     10.00,      8.10,0,0,0,3,3,3,U2 
H5,840,2019,420222,     86.00,      5.70,     17.60,     10.75,0,0,0,8,8,8,U2 
H5,840,2019,420229,     36.40,      3.30,     20.00,      9.10,0,0,0,4,4,4,U2 
H5,840,2019,420231,     11.70,      3.70,      8.00,      5.85,0,0,0,2,2,2,U2 
H5,840,2019,420232,     89.93,      0.00,     20.00,     11.24,0,1,1,6,8,8,U2 
H5,840,2019,420239,     36.40,      3.30,     20.00,      9.10,0,0,0,4,4,4,U2 
H5,840,2019,420291,      9.00,      4.50,      4.50,      4.50,0,0,0,2,2,2,U2 
H5,840,2019,420292,    183.10,      3.40,     20.00,     12.21,0,0,0,15,15,15,U2 
H5,840,2019,420299,     35.50,      0.00,     20.00,      7.10,0,1,0,4,5,5,U2 
H5,840,2019,420310,     10.70,      4.70,      6.00,      5.35,0,0,0,2,2,2,U2 
H5,840,2019,420321,     16.90,      0.00,      5.50,      2.82,0,2,0,4,6,6,U2 
H5,840,2019,420329,    106.40,     12.60,     14.00,     13.30,0,0,0,8,8,8,U2 
H5,840,2019,420330,      2.70,      2.70,      2.70,      2.70,0,0,0,1,1,1,U2 
H5,840,2019,420340,      4.90,      0.00,      4.90,      2.45,0,1,0,1,2,2,U2 
H5,840,2019,420500,      9.60,      0.00,      4.90,      1.60,0,3,0,3,6,6,U2 
H5,840,2019,420600,      7.40,      0.00,      3.90,      2.47,0,1,0,2,3,3,U2 
H5,840,2019,430110,      0.00,      0.00,      0.00,      0.00,0,1,0,0,1,1,U2 
H5,840,2019,430130,      0.00,      0.00,      0.00,      0.00,0,1,0,0,1,1,U2 
H5,840,2019,430160,      5.10,      0.00,      5.10,      2.55,0,1,0,1,2,2,U2 
H5,840,2019,430180,      0.00,      0.00,      0.00,      0.00,0,1,0,0,1,1,U2 
H5,840,2019,430190,      0.00,      0.00,      0.00,      0.00,0,1,0,0,1,1,U2 
H5,840,2019,430211,      2.10,      2.10,      2.10,      2.10,0,0,0,1,1,1,U2 
H5,840,2019,430219,     19.40,      1.50,      5.60,      2.77,0,0,0,7,7,7,U2 
H5,840,2019,430220,      7.30,      1.70,      3.50,      2.43,0,0,0,3,3,3,U2 
H5,840,2019,430230,      5.30,      5.30,      5.30,      5.30,0,0,0,1,1,1,U2 
H5,840,2019,430310,      4.00,      4.00,      4.00,      4.00,0,0,0,1,1,1,U2 
H5,840,2019,430390,      0.00,      0.00,      0.00,      0.00,0,1,0,0,1,1,U2 
H5,840,2019,430400,      6.50,      6.50,      6.50,      6.50,0,0,0,1,1,1,U2 
H5,840,2019,440111,      0.00,      0.00,      0.00,      0.00,0,1,0,0,1,1,U2 
H5,840,2019,440112,      0.00,      0.00,      0.00,      0.00,0,1,0,0,1,1,U2 
H5,840,2019,440121,      0.00,      0.00,      0.00,      0.00,0,1,0,0,1,1,U2 
H5,840,2019,440122,      0.00,      0.00,      0.00,      0.00,0,1,0,0,1,1,U2 
H5,840,2019,440131,      0.00,      0.00,      0.00,      0.00,0,1,0,0,1,1,U2 
H5,840,2019,440139,      0.00,      0.00,      0.00,      0.00,0,2,0,0,2,2,U2 
H5,840,2019,440140,      0.00,      0.00,      0.00,      0.00,0,1,0,0,1,1,U2 
H5,840,2019,440210,      0.00,      0.00,      0.00,      0.00,0,1,0,0,1,1,U2 
H5,840,2019,440290,      0.00,      0.00,      0.00,      0.00,0,1,0,0,1,1,U2 
H5,840,2019,440311,      0.00,      0.00,      0.00,      0.00,0,1,0,0,1,1,U2 
H5,840,2019,440312,      0.00,      0.00,      0.00,      0.00,0,1,0,0,1,1,U2 
H5,840,2019,440321,      0.00,      0.00,      0.00,      0.00,0,1,0,0,1,1,U2 
H5,840,2019,440322,      0.00,      0.00,      0.00,      0.00,0,1,0,0,1,1,U2 
H5,840,2019,440323,      0.00,      0.00,      0.00,      0.00,0,1,0,0,1,1,U2 
H5,840,2019,440324,      0.00,      0.00,      0.00,      0.00,0,1,0,0,1,1,U2 
H5,840,2019,440325,      0.00,      0.00,      0.00,      0.00,0,1,0,0,1,1,U2 
H5,840,2019,440326,      0.00,      0.00,      0.00,      0.00,0,1,0,0,1,1,U2 
H5,840,2019,440341,      0.00,      0.00,      0.00,      0.00,0,1,0,0,1,1,U2 
H5,840,2019,440349,      0.00,      0.00,      0.00,      0.00,0,1,0,0,1,1,U2 
H5,840,2019,440391,      0.00,      0.00,      0.00,      0.00,0,1,0,0,1,1,U2 
H5,840,2019,440393,      0.00,      0.00,      0.00,      0.00,0,1,0,0,1,1,U2 
H5,840,2019,440394,      0.00,      0.00,      0.00,      0.00,0,1,0,0,1,1,U2 
H5,840,2019,440395,      0.00,      0.00,      0.00,      0.00,0,1,0,0,1,1,U2 
H5,840,2019,440396,      0.00,      0.00,      0.00,      0.00,0,1,0,0,1,1,U2 
H5,840,2019,440397,      0.00,      0.00,      0.00,      0.00,0,1,0,0,1,1,U2 
H5,840,2019,440398,      0.00,      0.00,      0.00,      0.00,0,1,0,0,1,1,U2 
H5,840,2019,440399,      0.00,      0.00,      0.00,      0.00,0,1,0,0,1,1,U2 
H5,840,2019,440410,      0.00,      0.00,      0.00,      0.00,0,1,0,0,1,1,U2 
H5,840,2019,440420,      0.00,      0.00,      0.00,      0.00,0,1,0,0,1,1,U2 
H5,840,2019,440500,      3.20,      3.20,      3.20,      3.20,0,0,0,1,1,1,U2 
H5,840,2019,440611,      0.00,      0.00,      0.00,      0.00,0,1,0,0,1,1,U2 
H5,840,2019,440612,      0.00,      0.00,      0.00,      0.00,0,1,0,0,1,1,U2 
H5,840,2019,440691,      0.00,      0.00,      0.00,      0.00,0,1,0,0,1,1,U2 
H5,840,2019,440692,      0.00,      0.00,      0.00,      0.00,0,1,0,0,1,1,U2 
H5,840,2019,440711,      0.00,      0.00,      0.00,      0.00,0,1,0,0,1,1,U2 
H5,840,2019,440712,      0.00,      0.00,      0.00,      0.00,0,1,0,0,1,1,U2 
H5,840,2019,440719,      0.00,      0.00,      0.00,      0.00,0,3,0,0,3,3,U2 
H5,840,2019,440721,      0.00,      0.00,      0.00,      0.00,0,1,0,0,1,1,U2 
H5,840,2019,440722,      0.00,      0.00,      0.00,      0.00,0,1,0,0,1,1,U2 
H5,840,2019,440725,      0.00,      0.00,      0.00,      0.00,0,1,0,0,1,1,U2 
H5,840,2019,440726,      0.00,      0.00,      0.00,      0.00,0,1,0,0,1,1,U2 
H5,840,2019,440727,      0.00,      0.00,      0.00,      0.00,0,1,0,0,1,1,U2 
H5,840,2019,440728,      0.00,      0.00,      0.00,      0.00,0,1,0,0,1,1,U2 
H5,840,2019,440729,      0.00,      0.00,      0.00,      0.00,0,1,0,0,1,1,U2 
H5,840,2019,440791,      0.00,      0.00,      0.00,      0.00,0,1,0,0,1,1,U2 
H5,840,2019,440792,      0.00,      0.00,      0.00,      0.00,0,1,0,0,1,1,U2 
H5,840,2019,440793,      0.00,      0.00,      0.00,      0.00,0,1,0,0,1,1,U2 
H5,840,2019,440794,      0.00,      0.00,      0.00,      0.00,0,1,0,0,1,1,U2 
H5,840,2019,440795,      0.00,      0.00,      0.00,      0.00,0,1,0,0,1,1,U2 
H5,840,2019,440796,      0.00,      0.00,      0.00,      0.00,0,1,0,0,1,1,U2 
H5,840,2019,440797,      0.00,      0.00,      0.00,      0.00,0,1,0,0,1,1,U2 
H5,840,2019,440799,      0.00,      0.00,      0.00,      0.00,0,1,0,0,1,1,U2 
H5,840,2019,440810,      0.00,      0.00,      0.00,      0.00,0,1,0,0,1,1,U2 
H5,840,2019,440831,      0.00,      0.00,      0.00,      0.00,0,1,0,0,1,1,U2 
H5,840,2019,440839,      0.00,      0.00,      0.00,      0.00,0,1,0,0,1,1,U2 
H5,840,2019,440890,      0.00,      0.00,      0.00,      0.00,0,1,0,0,1,1,U2 
H5,840,2019,440910,      8.10,      0.00,      4.90,      0.90,0,7,0,2,9,9,U2 
H5,840,2019,440921,      3.20,      0.00,      3.20,      1.60,0,1,0,1,2,2,U2 
H5,840,2019,440922,      8.10,      0.00,      4.90,      1.01,0,6,0,2,8,8,U2 
H5,840,2019,440929,      8.10,      0.00,      4.90,      1.01,0,6,0,2,8,8,U2 
H5,840,2019,441011,      0.00,      0.00,      0.00,      0.00,0,1,0,0,1,1,U2 
H5,840,2019,441012,      0.00,      0.00,      0.00,      0.00,0,1,0,0,1,1,U2 
H5,840,2019,441019,      0.00,      0.00,      0.00,      0.00,0,1,0,0,1,1,U2 
H5,840,2019,441090,      0.00,      0.00,      0.00,      0.00,0,1,0,0,1,1,U2 
H5,840,2019,441112,      9.07,      0.00,      5.17,      1.81,0,3,1,1,5,5,U2 
H5,840,2019,441113,      8.67,      0.00,      4.77,      1.73,0,3,1,1,5,5,U2 
H5,840,2019,441114,      8.47,      0.00,      4.57,      1.69,0,3,1,1,5,5,U2 
H5,840,2019,441192,      6.00,      0.00,      6.00,      1.50,0,3,0,1,4,4,U2 
H5,840,2019,441193,     11.66,      0.00,      7.76,      2.33,0,3,1,1,5,5,U2 
H5,840,2019,441194,      0.00,      0.00,      0.00,      0.00,0,1,0,0,1,1,U2 
H5,840,2019,441210,      8.00,      0.00,      8.00,      4.00,0,1,0,1,2,2,U2 
H5,840,2019,441231,     40.00,      0.00,      8.00,      6.67,0,1,0,5,6,6,U2 
H5,840,2019,441233,     21.10,      0.00,      8.00,      5.28,0,1,0,3,4,4,U2 
H5,840,2019,441234,     21.10,      5.10,      8.00,      7.03,0,0,0,3,3,3,U2 
H5,840,2019,441239,     16.50,      0.00,      8.00,      4.13,0,1,0,3,4,4,U2 
H5,840,2019,441294,     32.50,      0.00,      8.00,      3.61,0,4,0,5,9,9,U2 
H5,840,2019,441299,     32.50,      0.00,      8.00,      2.95,0,6,0,5,11,11,U2 
H5,840,2019,441300,      3.70,      3.70,      3.70,      3.70,0,0,0,1,1,1,U2 
H5,840,2019,441400,      3.90,      3.90,      3.90,      3.90,0,0,0,1,1,1,U2 
H5,840,2019,441510,     10.70,      0.00,     10.70,      3.57,0,2,0,1,3,3,U2 
H5,840,2019,441520,     10.70,      0.00,     10.70,      5.35,0,1,0,1,2,2,U2 
H5,840,2019,441600,      3.20,      0.00,      3.20,      1.07,0,2,0,1,3,3,U2 
H5,840,2019,441700,      5.10,      0.00,      5.10,      1.27,0,3,0,1,4,4,U2 
H5,840,2019,441810,      3.20,      3.20,      3.20,      3.20,0,0,0,1,1,1,U2 
H5,840,2019,441820,      9.60,      4.80,      4.80,      4.80,0,0,0,2,2,2,U2 
H5,840,2019,441840,      3.20,      3.20,      3.20,      3.20,0,0,0,1,1,1,U2 
H5,840,2019,441850,      0.00,      0.00,      0.00,      0.00,0,1,0,0,1,1,U2 
H5,840,2019,441860,      3.20,      3.20,      3.20,      3.20,0,0,0,1,1,1,U2 
H5,840,2019,441873,     19.40,      0.00,      8.00,      2.77,0,3,0,4,7,7,U2 
H5,840,2019,441874,      8.00,      0.00,      8.00,      2.67,0,2,0,1,3,3,U2 
H5,840,2019,441875,      8.20,      3.20,      5.00,      4.10,0,0,0,2,2,2,U2 
H5,840,2019,441879,      3.20,      3.20,      3.20,      3.20,0,0,0,1,1,1,U2 
H5,840,2019,441891,      3.20,      0.00,      3.20,      1.60,0,1,0,1,2,2,U2 
H5,840,2019,441899,      3.20,      0.00,      3.20,      1.60,0,1,0,1,2,2,U2 
H5,840,2019,441911,      3.20,      3.20,      3.20,      3.20,0,0,0,1,1,1,U2 
H5,840,2019,441912,      3.20,      3.20,      3.20,      3.20,0,0,0,1,1,1,U2 
H5,840,2019,441919,      8.50,      3.20,      5.30,      4.25,0,0,0,2,2,2,U2 
H5,840,2019,441990,      8.50,      3.20,      5.30,      4.25,0,0,0,2,2,2,U2 
H5,840,2019,442010,      3.20,      3.20,      3.20,      3.20,0,0,0,1,1,1,U2 
H5,840,2019,442090,      7.50,      0.00,      4.30,      1.88,0,2,0,2,4,4,U2 
H5,840,2019,442110,      3.20,      3.20,      3.20,      3.20,0,0,0,1,1,1,U2 
H5,840,2019,442191,     36.66,      0.00,     10.70,      2.82,0,6,1,6,13,13,U2 
H5,840,2019,442199,     38.18,      0.00,     10.70,      2.73,0,7,1,6,14,14,U2 
H5,840,2019,450110,      0.00,      0.00,      0.00,      0.00,0,1,0,0,1,1,U2 
H5,840,2019,450190,      0.00,      0.00,      0.00,      0.00,0,2,0,0,2,2,U2 
H5,840,2019,450200,      0.00,      0.00,      0.00,      0.00,0,1,0,0,1,1,U2 
H5,840,2019,450310,      0.00,      0.00,      0.00,      0.00,0,4,0,0,4,4,U2 
H5,840,2019,450390,     14.00,      0.00,     14.00,      4.67,0,2,0,1,3,3,U2 
H5,840,2019,450410,      0.00,      0.00,      0.00,      0.00,0,7,0,0,7,7,U2 
H5,840,2019,450490,      0.00,      0.00,      0.00,      0.00,0,1,0,0,1,1,U2 
H5,840,2019,460121,     11.30,      0.00,      8.00,      3.77,0,1,0,2,3,3,U2 
H5,840,2019,460122,     11.30,      0.00,      8.00,      3.77,0,1,0,2,3,3,U2 
H5,840,2019,460129,     16.10,      0.00,      8.00,      4.03,0,1,0,3,4,4,U2 
H5,840,2019,460192,      9.30,      2.70,      6.60,      4.65,0,0,0,2,2,2,U2 
H5,840,2019,460193,      9.30,      0.00,      6.60,      3.10,0,1,0,2,3,3,U2 
H5,840,2019,460194,      9.30,      0.00,      6.60,      3.10,0,1,0,2,3,3,U2 
H5,840,2019,460199,      6.00,      2.70,      3.30,      3.00,0,0,0,2,2,2,U2 
H5,840,2019,460211,     27.80,      0.00,     10.00,      4.63,0,2,0,4,6,6,U2 
H5,840,2019,460212,     43.60,      0.00,     18.00,      6.23,0,2,0,5,7,7,U2 
H5,840,2019,460219,     67.30,      0.00,     18.00,      4.81,0,4,0,10,14,14,U2 
H5,840,2019,460290,      3.50,      3.50,      3.50,      3.50,0,0,0,1,1,1,U2 
H5,840,2019,470100,      0.00,      0.00,      0.00,      0.00,0,1,0,0,1,1,U2 
H5,840,2019,470200,      0.00,      0.00,      0.00,      0.00,0,1,0,0,1,1,U2 
H5,840,2019,470311,      0.00,      0.00,      0.00,      0.00,0,1,0,0,1,1,U2 
H5,840,2019,470319,      0.00,      0.00,      0.00,      0.00,0,1,0,0,1,1,U2 
H5,840,2019,470321,      0.00,      0.00,      0.00,      0.00,0,1,0,0,1,1,U2 
H5,840,2019,470329,      0.00,      0.00,      0.00,      0.00,0,1,0,0,1,1,U2 
H5,840,2019,470411,      0.00,      0.00,      0.00,      0.00,0,1,0,0,1,1,U2 
H5,840,2019,470419,      0.00,      0.00,      0.00,      0.00,0,1,0,0,1,1,U2 
H5,840,2019,470421,      0.00,      0.00,      0.00,      0.00,0,1,0,0,1,1,U2 
H5,840,2019,470429,      0.00,      0.00,      0.00,      0.00,0,1,0,0,1,1,U2 
H5,840,2019,470500,      0.00,      0.00,      0.00,      0.00,0,1,0,0,1,1,U2 
H5,840,2019,470610,      0.00,      0.00,      0.00,      0.00,0,1,0,0,1,1,U2 
H5,840,2019,470620,      0.00,      0.00,      0.00,      0.00,0,1,0,0,1,1,U2 
H5,840,2019,470630,      0.00,      0.00,      0.00,      0.00,0,1,0,0,1,1,U2 
H5,840,2019,470691,      0.00,      0.00,      0.00,      0.00,0,1,0,0,1,1,U2 
H5,840,2019,470692,      0.00,      0.00,      0.00,      0.00,0,1,0,0,1,1,U2 
H5,840,2019,470693,      0.00,      0.00,      0.00,      0.00,0,1,0,0,1,1,U2 
H5,840,2019,470710,      0.00,      0.00,      0.00,      0.00,0,1,0,0,1,1,U2 
H5,840,2019,470720,      0.00,      0.00,      0.00,      0.00,0,1,0,0,1,1,U2 
H5,840,2019,470730,      0.00,      0.00,      0.00,      0.00,0,1,0,0,1,1,U2 
H5,840,2019,470790,      0.00,      0.00,      0.00,      0.00,0,1,0,0,1,1,U2 
H5,840,2019,480100,      0.00,      0.00,      0.00,      0.00,0,1,0,0,1,1,U2 
H5,840,2019,480210,      0.00,      0.00,      0.00,      0.00,0,1,0,0,1,1,U2 
H5,840,2019,480220,      0.00,      0.00,      0.00,      0.00,0,3,0,0,3,3,U2 
H5,840,2019,480240,      0.00,      0.00,      0.00,      0.00,0,1,0,0,1,1,U2 
H5,840,2019,480254,      0.00,      0.00,      0.00,      0.00,0,5,0,0,5,5,U2 
H5,840,2019,480255,      0.00,      0.00,      0.00,      0.00,0,6,0,0,6,6,U2 
H5,840,2019,480256,      0.00,      0.00,      0.00,      0.00,0,6,0,0,6,6,U2 
H5,840,2019,480257,      0.00,      0.00,      0.00,      0.00,0,4,0,0,4,4,U2 
H5,840,2019,480258,      0.00,      0.00,      0.00,      0.00,0,4,0,0,4,4,U2 
H5,840,2019,480261,      0.00,      0.00,      0.00,      0.00,0,5,0,0,5,5,U2 
H5,840,2019,480262,      0.00,      0.00,      0.00,      0.00,0,5,0,0,5,5,U2 
H5,840,2019,480269,      0.00,      0.00,      0.00,      0.00,0,3,0,0,3,3,U2 
H5,840,2019,480300,      0.00,      0.00,      0.00,      0.00,0,2,0,0,2,2,U2 
H5,840,2019,480411,      0.00,      0.00,      0.00,      0.00,0,1,0,0,1,1,U2 
H5,840,2019,480419,      0.00,      0.00,      0.00,      0.00,0,1,0,0,1,1,U2 
H5,840,2019,480421,      0.00,      0.00,      0.00,      0.00,0,1,0,0,1,1,U2 
H5,840,2019,480429,      0.00,      0.00,      0.00,      0.00,0,1,0,0,1,1,U2 
H5,840,2019,480431,      0.00,      0.00,      0.00,      0.00,0,4,0,0,4,4,U2 
H5,840,2019,480439,      0.00,      0.00,      0.00,      0.00,0,3,0,0,3,3,U2 
H5,840,2019,480441,      0.00,      0.00,      0.00,      0.00,0,2,0,0,2,2,U2 
H5,840,2019,480442,      0.00,      0.00,      0.00,      0.00,0,1,0,0,1,1,U2 
H5,840,2019,480449,      0.00,      0.00,      0.00,      0.00,0,1,0,0,1,1,U2 
H5,840,2019,480451,      0.00,      0.00,      0.00,      0.00,0,1,0,0,1,1,U2 
H5,840,2019,480452,      0.00,      0.00,      0.00,      0.00,0,1,0,0,1,1,U2 
H5,840,2019,480459,      0.00,      0.00,      0.00,      0.00,0,1,0,0,1,1,U2 
H5,840,2019,480511,      0.00,      0.00,      0.00,      0.00,0,1,0,0,1,1,U2 
H5,840,2019,480512,      0.00,      0.00,      0.00,      0.00,0,2,0,0,2,2,U2 
H5,840,2019,480519,      0.00,      0.00,      0.00,      0.00,0,2,0,0,2,2,U2 
H5,840,2019,480524,      0.00,      0.00,      0.00,      0.00,0,3,0,0,3,3,U2 
H5,840,2019,480525,      0.00,      0.00,      0.00,      0.00,0,1,0,0,1,1,U2 
H5,840,2019,480530,      0.00,      0.00,      0.00,      0.00,0,1,0,0,1,1,U2 
H5,840,2019,480540,      0.00,      0.00,      0.00,      0.00,0,1,0,0,1,1,U2 
H5,840,2019,480550,      0.00,      0.00,      0.00,      0.00,0,1,0,0,1,1,U2 
H5,840,2019,480591,      0.00,      0.00,      0.00,      0.00,0,5,0,0,5,5,U2 
H5,840,2019,480592,      0.00,      0.00,      0.00,      0.00,0,2,0,0,2,2,U2 
H5,840,2019,480593,      0.00,      0.00,      0.00,      0.00,0,2,0,0,2,2,U2 
H5,840,2019,480610,      0.00,      0.00,      0.00,      0.00,0,1,0,0,1,1,U2 
H5,840,2019,480620,      0.00,      0.00,      0.00,      0.00,0,1,0,0,1,1,U2 
H5,840,2019,480630,      0.00,      0.00,      0.00,      0.00,0,1,0,0,1,1,U2 
H5,840,2019,480640,      0.00,      0.00,      0.00,      0.00,0,1,0,0,1,1,U2 
H5,840,2019,480700,      0.00,      0.00,      0.00,      0.00,0,4,0,0,4,4,U2 
H5,840,2019,480810,      0.00,      0.00,      0.00,      0.00,0,1,0,0,1,1,U2 
H5,840,2019,480840,      0.00,      0.00,      0.00,      0.00,0,1,0,0,1,1,U2 
H5,840,2019,480890,      0.00,      0.00,      0.00,      0.00,0,3,0,0,3,3,U2 
H5,840,2019,480920,      0.00,      0.00,      0.00,      0.00,0,2,0,0,2,2,U2 
H5,840,2019,480990,      0.00,      0.00,      0.00,      0.00,0,5,0,0,5,5,U2 
H5,840,2019,481013,      0.00,      0.00,      0.00,      0.00,0,7,0,0,7,7,U2 
H5,840,2019,481014,      0.00,      0.00,      0.00,      0.00,0,7,0,0,7,7,U2 
H5,840,2019,481019,      0.00,      0.00,      0.00,      0.00,0,4,0,0,4,4,U2 
H5,840,2019,481022,      0.00,      0.00,      0.00,      0.00,0,4,0,0,4,4,U2 
H5,840,2019,481029,      0.00,      0.00,      0.00,      0.00,0,4,0,0,4,4,U2 
H5,840,2019,481031,      0.00,      0.00,      0.00,      0.00,0,3,0,0,3,3,U2 
H5,840,2019,481032,      0.00,      0.00,      0.00,      0.00,0,3,0,0,3,3,U2 
H5,840,2019,481039,      0.00,      0.00,      0.00,      0.00,0,4,0,0,4,4,U2 
H5,840,2019,481092,      0.00,      0.00,      0.00,      0.00,0,4,0,0,4,4,U2 
H5,840,2019,481099,      0.00,      0.00,      0.00,      0.00,0,3,0,0,3,3,U2 
H5,840,2019,481110,      0.00,      0.00,      0.00,      0.00,0,2,0,0,2,2,U2 
H5,840,2019,481141,      0.00,      0.00,      0.00,      0.00,0,3,0,0,3,3,U2 
H5,840,2019,481149,      0.00,      0.00,      0.00,      0.00,0,3,0,0,3,3,U2 
H5,840,2019,481151,      0.00,      0.00,      0.00,      0.00,0,3,0,0,3,3,U2 
H5,840,2019,481159,      0.00,      0.00,      0.00,      0.00,0,3,0,0,3,3,U2 
H5,840,2019,481160,      0.00,      0.00,      0.00,      0.00,0,2,0,0,2,2,U2 
H5,840,2019,481190,      0.00,      0.00,      0.00,      0.00,0,7,0,0,7,7,U2 
H5,840,2019,481200,      0.00,      0.00,      0.00,      0.00,0,1,0,0,1,1,U2 
H5,840,2019,481310,      0.00,      0.00,      0.00,      0.00,0,1,0,0,1,1,U2 
H5,840,2019,481320,      0.00,      0.00,      0.00,      0.00,0,1,0,0,1,1,U2 
H5,840,2019,481390,      0.00,      0.00,      0.00,      0.00,0,1,0,0,1,1,U2 
H5,840,2019,481420,      0.00,      0.00,      0.00,      0.00,0,1,0,0,1,1,U2 
H5,840,2019,481490,      0.00,      0.00,      0.00,      0.00,0,1,0,0,1,1,U2 
H5,840,2019,481620,      0.00,      0.00,      0.00,      0.00,0,1,0,0,1,1,U2 
H5,840,2019,481690,      0.00,      0.00,      0.00,      0.00,0,1,0,0,1,1,U2 
H5,840,2019,481710,      0.00,      0.00,      0.00,      0.00,0,1,0,0,1,1,U2 
H5,840,2019,481720,      0.00,      0.00,      0.00,      0.00,0,2,0,0,2,2,U2 
H5,840,2019,481730,      0.00,      0.00,      0.00,      0.00,0,1,0,0,1,1,U2 
H5,840,2019,481810,      0.00,      0.00,      0.00,      0.00,0,1,0,0,1,1,U2 
H5,840,2019,481820,      0.00,      0.00,      0.00,      0.00,0,1,0,0,1,1,U2 
H5,840,2019,481830,      0.00,      0.00,      0.00,      0.00,0,1,0,0,1,1,U2 
H5,840,2019,481850,      0.00,      0.00,      0.00,      0.00,0,1,0,0,1,1,U2 
H5,840,2019,481890,      0.00,      0.00,      0.00,      0.00,0,1,0,0,1,1,U2 
H5,840,2019,481910,      0.00,      0.00,      0.00,      0.00,0,1,0,0,1,1,U2 
H5,840,2019,481920,      0.00,      0.00,      0.00,      0.00,0,1,0,0,1,1,U2 
H5,840,2019,481930,      0.00,      0.00,      0.00,      0.00,0,1,0,0,1,1,U2 
H5,840,2019,481940,      0.00,      0.00,      0.00,      0.00,0,1,0,0,1,1,U2 
H5,840,2019,481950,      0.00,      0.00,      0.00,      0.00,0,3,0,0,3,3,U2 
H5,840,2019,481960,      0.00,      0.00,      0.00,      0.00,0,1,0,0,1,1,U2 
H5,840,2019,482010,      0.00,      0.00,      0.00,      0.00,0,2,0,0,2,2,U2 
H5,840,2019,482020,      0.00,      0.00,      0.00,      0.00,0,1,0,0,1,1,U2 
H5,840,2019,482030,      0.00,      0.00,      0.00,      0.00,0,1,0,0,1,1,U2 
H5,840,2019,482040,      0.00,      0.00,      0.00,      0.00,0,1,0,0,1,1,U2 
H5,840,2019,482050,      0.00,      0.00,      0.00,      0.00,0,1,0,0,1,1,U2 
H5,840,2019,482090,      0.00,      0.00,      0.00,      0.00,0,1,0,0,1,1,U2 
H5,840,2019,482110,      0.00,      0.00,      0.00,      0.00,0,2,0,0,2,2,U2 
H5,840,2019,482190,      0.00,      0.00,      0.00,      0.00,0,2,0,0,2,2,U2 
H5,840,2019,482210,      0.00,      0.00,      0.00,      0.00,0,1,0,0,1,1,U2 
H5,840,2019,482290,      0.00,      0.00,      0.00,      0.00,0,1,0,0,1,1,U2 
H5,840,2019,482320,      0.00,      0.00,      0.00,      0.00,0,2,0,0,2,2,U2 
H5,840,2019,482340,      0.00,      0.00,      0.00,      0.00,0,1,0,0,1,1,U2 
H5,840,2019,482361,      0.00,      0.00,      0.00,      0.00,0,1,0,0,1,1,U2 
H5,840,2019,482369,      0.00,      0.00,      0.00,      0.00,0,1,0,0,1,1,U2 
H5,840,2019,482370,      0.00,      0.00,      0.00,      0.00,0,1,0,0,1,1,U2 
H5,840,2019,482390,      0.00,      0.00,      0.00,      0.00,0,10,0,0,10,10,U2 
H5,840,2019,490110,      0.00,      0.00,      0.00,      0.00,0,1,0,0,1,1,U2 
H5,840,2019,490191,      0.00,      0.00,      0.00,      0.00,0,1,0,0,1,1,U2 
H5,840,2019,490199,      0.00,      0.00,      0.00,      0.00,0,1,0,0,1,1,U2 
H5,840,2019,490210,      0.00,      0.00,      0.00,      0.00,0,1,0,0,1,1,U2 
H5,840,2019,490290,      0.00,      0.00,      0.00,      0.00,0,2,0,0,2,2,U2 
H5,840,2019,490300,      0.00,      0.00,      0.00,      0.00,0,1,0,0,1,1,U2 
H5,840,2019,490400,      0.00,      0.00,      0.00,      0.00,0,1,0,0,1,1,U2 
H5,840,2019,490510,      0.00,      0.00,      0.00,      0.00,0,1,0,0,1,1,U2 
H5,840,2019,490591,      0.00,      0.00,      0.00,      0.00,0,1,0,0,1,1,U2 
H5,840,2019,490599,      0.00,      0.00,      0.00,      0.00,0,1,0,0,1,1,U2 
H5,840,2019,490600,      0.00,      0.00,      0.00,      0.00,0,1,0,0,1,1,U2 
H5,840,2019,490700,      0.00,      0.00,      0.00,      0.00,0,1,0,0,1,1,U2 
H5,840,2019,490810,      0.00,      0.00,      0.00,      0.00,0,1,0,0,1,1,U2 
H5,840,2019,490890,      0.00,      0.00,      0.00,      0.00,0,1,0,0,1,1,U2 
H5,840,2019,490900,      0.00,      0.00,      0.00,      0.00,0,2,0,0,2,2,U2 
H5,840,2019,491000,      0.00,      0.00,      0.00,      0.00,0,3,0,0,3,3,U2 
H5,840,2019,491110,      0.00,      0.00,      0.00,      0.00,0,1,0,0,1,1,U2 
H5,840,2019,491191,      0.00,      0.00,      0.00,      0.00,0,5,0,0,5,5,U2 
H5,840,2019,491199,      0.00,      0.00,      0.00,      0.00,0,3,0,0,3,3,U2 
H5,840,2019,500100,      0.00,      0.00,      0.00,      0.00,0,1,0,0,1,1,U2 
H5,840,2019,500200,      0.00,      0.00,      0.00,      0.00,0,1,0,0,1,1,U2 
H5,840,2019,500300,      2.50,      0.00,      2.50,      1.25,0,1,0,1,2,2,U2 
H5,840,2019,500400,      0.00,      0.00,      0.00,      0.00,0,1,0,0,1,1,U2 
H5,840,2019,500500,      0.00,      0.00,      0.00,      0.00,0,1,0,0,1,1,U2 
H5,840,2019,500600,      0.00,      0.00,      0.00,      0.00,0,2,0,0,2,2,U2 
H5,840,2019,500710,      4.70,      0.80,      3.90,      2.35,0,0,0,2,2,2,U2 
H5,840,2019,500720,      0.00,      0.00,      0.00,      0.00,0,1,0,0,1,1,U2 
H5,840,2019,500790,      4.70,      0.80,      3.90,      2.35,0,0,0,2,2,2,U2 
H5,840,2019,510111,      2.07,      0.00,      2.07,      0.41,0,4,1,0,5,5,U2 
H5,840,2019,510119,      3.68,      0.00,      3.68,      0.74,0,4,1,0,5,5,U2 
H5,840,2019,510121,     15.02,      0.00,      7.63,      2.15,0,5,2,0,7,7,U2 
H5,840,2019,510129,     18.45,      0.00,     10.00,      2.64,0,5,2,0,7,7,U2 
H5,840,2019,510130,      8.30,      0.00,      5.93,      1.38,0,4,2,0,6,6,U2 
H5,840,2019,510211,      4.11,      0.05,      4.05,      2.05,0,0,2,0,2,2,U2 
H5,840,2019,510219,      4.97,      0.00,      4.28,      1.24,0,1,2,1,4,4,U2 
H5,840,2019,510220,      0.00,      0.00,      0.00,      0.00,0,1,0,0,1,1,U2 
H5,840,2019,510310,      0.49,      0.49,      0.49,      0.49,0,0,1,0,1,1,U2 
H5,840,2019,510320,      1.07,      1.07,      1.07,      1.07,0,0,1,0,1,1,U2 
H5,840,2019,510330,      7.00,      7.00,      7.00,      7.00,0,0,0,1,1,1,U2 
H5,840,2019,510400,      0.00,      0.00,      0.00,      0.00,0,1,0,0,1,1,U2 
H5,840,2019,510510,      6.15,      6.15,      6.15,      6.15,0,0,1,0,1,1,U2 
H5,840,2019,510521,      3.31,      3.31,      3.31,      3.31,0,0,1,0,1,1,U2 
H5,840,2019,510529,      3.41,      3.41,      3.41,      3.41,0,0,1,0,1,1,U2 
H5,840,2019,510531,      5.59,      5.59,      5.59,      5.59,0,0,1,0,1,1,U2 
H5,840,2019,510539,      5.84,      5.84,      5.84,      5.84,0,0,1,0,1,1,U2 
H5,840,2019,510540,      0.00,      0.00,      0.00,      0.00,0,1,0,0,1,1,U2 
H5,840,2019,510610,      6.00,      6.00,      6.00,      6.00,0,0,0,1,1,1,U2 
H5,840,2019,510620,      6.00,      6.00,      6.00,      6.00,0,0,0,1,1,1,U2 
H5,840,2019,510710,     12.00,      6.00,      6.00,      6.00,0,0,0,2,2,2,U2 
H5,840,2019,510720,     12.00,      6.00,      6.00,      6.00,0,0,0,2,2,2,U2 
H5,840,2019,510810,     12.00,      4.00,      4.00,      4.00,0,0,0,3,3,3,U2 
H5,840,2019,510820,     12.00,      4.00,      4.00,      4.00,0,0,0,3,3,3,U2 
H5,840,2019,510910,     16.00,      0.00,      6.00,      4.00,0,1,0,3,4,4,U2 
H5,840,2019,510990,     16.00,      0.00,      6.00,      4.00,0,1,0,3,4,4,U2 
H5,840,2019,511000,      0.00,      0.00,      0.00,      0.00,0,1,0,0,1,1,U2 
H5,840,2019,511111,     42.00,      7.00,     25.00,     14.00,0,0,0,3,3,3,U2 
H5,840,2019,511119,     42.00,      7.00,     25.00,     14.00,0,0,0,3,3,3,U2 
H5,840,2019,511120,     39.00,      7.00,     25.00,     13.00,0,0,0,3,3,3,U2 
H5,840,2019,511130,     39.00,      7.00,     25.00,     13.00,0,0,0,3,3,3,U2 
H5,840,2019,511190,     45.90,      6.90,     25.00,     11.48,0,0,0,4,4,4,U2 
H5,840,2019,511211,     57.00,      7.00,     25.00,     19.00,0,0,0,3,3,3,U2 
H5,840,2019,511219,     57.00,      7.00,     25.00,     19.00,0,0,0,3,3,3,U2 
H5,840,2019,511220,     39.00,      7.00,     25.00,     13.00,0,0,0,3,3,3,U2 
H5,840,2019,511230,     39.00,      7.00,     25.00,     13.00,0,0,0,3,3,3,U2 
H5,840,2019,511290,     45.90,      6.90,     25.00,     11.48,0,0,0,4,4,4,U2 
H5,840,2019,511300,      2.70,      2.70,      2.70,      2.70,0,0,0,1,1,1,U2 
H5,840,2019,520100,     73.84,      0.00,     16.35,      6.15,0,3,9,0,12,12,U2 
H5,840,2019,520210,      0.00,      0.00,      0.00,      0.00,0,1,0,0,1,1,U2 
H5,840,2019,520291,      4.30,      4.30,      4.30,      4.30,0,0,0,1,1,1,U2 
H5,840,2019,520299,      6.35,      0.00,      6.35,      1.59,0,3,1,0,4,4,U2 
H5,840,2019,520300,     29.61,      4.30,     15.31,      7.40,0,0,1,3,4,4,U2 
H5,840,2019,520411,      4.40,      4.40,      4.40,      4.40,0,0,0,1,1,1,U2 
H5,840,2019,520419,      4.40,      4.40,      4.40,      4.40,0,0,0,1,1,1,U2 
H5,840,2019,520420,      4.40,      4.40,      4.40,      4.40,0,0,0,1,1,1,U2 
H5,840,2019,520511,      8.70,      3.70,      5.00,      4.35,0,0,0,2,2,2,U2 
H5,840,2019,520512,     11.70,      5.20,      6.50,      5.85,0,0,0,2,2,2,U2 
H5,840,2019,520513,     13.80,      6.50,      7.30,      6.90,0,0,0,2,2,2,U2 
H5,840,2019,520514,     16.50,      7.80,      8.70,      8.25,0,0,0,2,2,2,U2 
H5,840,2019,520515,     21.90,      9.90,     12.00,     10.95,0,0,0,2,2,2,U2 
H5,840,2019,520521,      5.80,      5.80,      5.80,      5.80,0,0,0,1,1,1,U2 
H5,840,2019,520522,      7.30,      7.30,      7.30,      7.30,0,0,0,1,1,1,U2 
H5,840,2019,520523,      8.60,      8.60,      8.60,      8.60,0,0,0,1,1,1,U2 
H5,840,2019,520524,      9.90,      9.90,      9.90,      9.90,0,0,0,1,1,1,U2 
H5,840,2019,520526,     12.00,     12.00,     12.00,     12.00,0,0,0,1,1,1,U2 
H5,840,2019,520527,     12.00,     12.00,     12.00,     12.00,0,0,0,1,1,1,U2 
H5,840,2019,520528,     12.00,     12.00,     12.00,     12.00,0,0,0,1,1,1,U2 
H5,840,2019,520531,      5.80,      5.80,      5.80,      5.80,0,0,0,1,1,1,U2 
H5,840,2019,520532,      7.30,      7.30,      7.30,      7.30,0,0,0,1,1,1,U2 
H5,840,2019,520533,      8.60,      8.60,      8.60,      8.60,0,0,0,1,1,1,U2 
H5,840,2019,520534,      9.90,      9.90,      9.90,      9.90,0,0,0,1,1,1,U2 
H5,840,2019,520535,     12.00,     12.00,     12.00,     12.00,0,0,0,1,1,1,U2 
H5,840,2019,520541,      5.00,      5.00,      5.00,      5.00,0,0,0,1,1,1,U2 
H5,840,2019,520542,      6.50,      6.50,      6.50,      6.50,0,0,0,1,1,1,U2 
H5,840,2019,520543,      8.60,      8.60,      8.60,      8.60,0,0,0,1,1,1,U2 
H5,840,2019,520544,      9.90,      9.90,      9.90,      9.90,0,0,0,1,1,1,U2 
H5,840,2019,520546,     12.00,     12.00,     12.00,     12.00,0,0,0,1,1,1,U2 
H5,840,2019,520547,     12.00,     12.00,     12.00,     12.00,0,0,0,1,1,1,U2 
H5,840,2019,520548,     12.00,     12.00,     12.00,     12.00,0,0,0,1,1,1,U2 
H5,840,2019,520611,      9.20,      9.20,      9.20,      9.20,0,0,0,1,1,1,U2 
H5,840,2019,520612,      9.20,      9.20,      9.20,      9.20,0,0,0,1,1,1,U2 
H5,840,2019,520613,      9.20,      9.20,      9.20,      9.20,0,0,0,1,1,1,U2 
H5,840,2019,520614,      9.20,      9.20,      9.20,      9.20,0,0,0,1,1,1,U2 
H5,840,2019,520615,      9.20,      9.20,      9.20,      9.20,0,0,0,1,1,1,U2 
H5,840,2019,520621,      9.20,      9.20,      9.20,      9.20,0,0,0,1,1,1,U2 
H5,840,2019,520622,      9.20,      9.20,      9.20,      9.20,0,0,0,1,1,1,U2 
H5,840,2019,520623,      9.20,      9.20,      9.20,      9.20,0,0,0,1,1,1,U2 
H5,840,2019,520624,      9.20,      9.20,      9.20,      9.20,0,0,0,1,1,1,U2 
H5,840,2019,520625,      9.20,      9.20,      9.20,      9.20,0,0,0,1,1,1,U2 
H5,840,2019,520631,      9.20,      9.20,      9.20,      9.20,0,0,0,1,1,1,U2 
H5,840,2019,520632,      9.20,      9.20,      9.20,      9.20,0,0,0,1,1,1,U2 
H5,840,2019,520633,      9.20,      9.20,      9.20,      9.20,0,0,0,1,1,1,U2 
H5,840,2019,520634,      9.20,      9.20,      9.20,      9.20,0,0,0,1,1,1,U2 
H5,840,2019,520635,      9.20,      9.20,      9.20,      9.20,0,0,0,1,1,1,U2 
H5,840,2019,520641,      9.20,      9.20,      9.20,      9.20,0,0,0,1,1,1,U2 
H5,840,2019,520642,      9.20,      9.20,      9.20,      9.20,0,0,0,1,1,1,U2 
H5,840,2019,520643,      9.20,      9.20,      9.20,      9.20,0,0,0,1,1,1,U2 
H5,840,2019,520644,      9.20,      9.20,      9.20,      9.20,0,0,0,1,1,1,U2 
H5,840,2019,520645,      9.20,      9.20,      9.20,      9.20,0,0,0,1,1,1,U2 
H5,840,2019,520710,      0.00,      0.00,      0.00,      0.00,0,1,0,0,1,1,U2 
H5,840,2019,520790,      5.00,      5.00,      5.00,      5.00,0,0,0,1,1,1,U2 
H5,840,2019,520811,     26.50,      0.00,     10.50,      6.63,0,1,0,3,4,4,U2 
H5,840,2019,520812,     26.50,      7.00,     10.50,      8.83,0,0,0,3,3,3,U2 
H5,840,2019,520813,      7.90,      7.90,      7.90,      7.90,0,0,0,1,1,1,U2 
H5,840,2019,520819,     34.40,      7.00,     10.50,      8.60,0,0,0,4,4,4,U2 
H5,840,2019,520821,     30.10,      8.40,     11.50,     10.03,0,0,0,3,3,3,U2 
H5,840,2019,520822,     28.60,      8.40,     11.50,      9.53,0,0,0,3,3,3,U2 
H5,840,2019,520823,      9.10,      9.10,      9.10,      9.10,0,0,0,1,1,1,U2 
H5,840,2019,520829,     39.80,      7.70,     13.50,      9.95,0,0,0,4,4,4,U2 
H5,840,2019,520831,     33.30,      3.00,     12.50,      8.32,0,0,0,4,4,4,U2 
H5,840,2019,520832,     32.20,      3.00,     12.50,      8.05,0,0,0,4,4,4,U2 
H5,840,2019,520833,     10.30,     10.30,     10.30,     10.30,0,0,0,1,1,1,U2 
H5,840,2019,520839,     38.00,      7.00,     12.50,      9.50,0,0,0,4,4,4,U2 
H5,840,2019,520841,     37.20,      3.00,     14.70,      9.30,0,0,0,4,4,4,U2 
H5,840,2019,520842,     37.20,      3.00,     14.70,      9.30,0,0,0,4,4,4,U2 
H5,840,2019,520843,      0.00,      0.00,      0.00,      0.00,0,1,0,0,1,1,U2 
H5,840,2019,520849,     32.50,      0.00,     14.70,      8.13,0,1,0,3,4,4,U2 
H5,840,2019,520851,     35.00,      3.00,     12.50,      8.75,0,0,0,4,4,4,U2 
H5,840,2019,520852,     32.90,      3.00,     12.50,      8.23,0,0,0,4,4,4,U2 
H5,840,2019,520859,     46.20,      6.00,     11.40,      9.24,0,0,0,5,5,5,U2 
H5,840,2019,520911,      6.50,      6.50,      6.50,      6.50,0,0,0,1,1,1,U2 
H5,840,2019,520912,      6.50,      6.50,      6.50,      6.50,0,0,0,1,1,1,U2 
H5,840,2019,520919,      6.50,      6.50,      6.50,      6.50,0,0,0,1,1,1,U2 
H5,840,2019,520921,      7.70,      7.70,      7.70,      7.70,0,0,0,1,1,1,U2 
H5,840,2019,520922,      7.70,      7.70,      7.70,      7.70,0,0,0,1,1,1,U2 
H5,840,2019,520929,      7.70,      7.70,      7.70,      7.70,0,0,0,1,1,1,U2 
H5,840,2019,520931,     11.40,      3.00,      8.40,      5.70,0,0,0,2,2,2,U2 
H5,840,2019,520932,      8.40,      8.40,      8.40,      8.40,0,0,0,1,1,1,U2 
H5,840,2019,520939,      8.40,      8.40,      8.40,      8.40,0,0,0,1,1,1,U2 
H5,840,2019,520941,     10.50,      3.00,      7.50,      5.25,0,0,0,2,2,2,U2 
H5,840,2019,520942,      8.40,      8.40,      8.40,      8.40,0,0,0,1,1,1,U2 
H5,840,2019,520943,      8.40,      8.40,      8.40,      8.40,0,0,0,1,1,1,U2 
H5,840,2019,520949,      8.40,      8.40,      8.40,      8.40,0,0,0,1,1,1,U2 
H5,840,2019,520951,     11.40,      3.00,      8.40,      5.70,0,0,0,2,2,2,U2 
H5,840,2019,520952,      8.40,      8.40,      8.40,      8.40,0,0,0,1,1,1,U2 
H5,840,2019,520959,      8.40,      8.40,      8.40,      8.40,0,0,0,1,1,1,U2 
H5,840,2019,521011,     32.10,      8.40,     13.50,     10.70,0,0,0,3,3,3,U2 
H5,840,2019,521019,     45.50,      8.40,     10.20,      9.10,0,0,0,5,5,5,U2 
H5,840,2019,521021,     32.00,      8.10,     12.50,     10.67,0,0,0,3,3,3,U2 
H5,840,2019,521029,     54.80,      8.10,     14.70,     10.96,0,0,0,5,5,5,U2 
H5,840,2019,521031,     37.70,     10.00,     15.50,     12.57,0,0,0,3,3,3,U2 
H5,840,2019,521032,     10.00,     10.00,     10.00,     10.00,0,0,0,1,1,1,U2 
H5,840,2019,521039,     43.40,      8.80,     12.40,     10.85,0,0,0,4,4,4,U2 
H5,840,2019,521041,     37.70,     10.00,     15.50,     12.57,0,0,0,3,3,3,U2 
H5,840,2019,521049,     55.90,     10.00,     15.50,     11.18,0,0,0,5,5,5,U2 
H5,840,2019,521051,     37.70,     10.00,     15.50,     12.57,0,0,0,3,3,3,U2 
H5,840,2019,521059,     47.00,      7.80,     10.40,      9.40,0,0,0,5,5,5,U2 
H5,840,2019,521111,      7.70,      7.70,      7.70,      7.70,0,0,0,1,1,1,U2 
H5,840,2019,521112,      7.70,      7.70,      7.70,      7.70,0,0,0,1,1,1,U2 
H5,840,2019,521119,      7.70,      7.70,      7.70,      7.70,0,0,0,1,1,1,U2 
H5,840,2019,521120,     25.20,      8.40,      8.40,      8.40,0,0,0,3,3,3,U2 
H5,840,2019,521131,      8.10,      8.10,      8.10,      8.10,0,0,0,1,1,1,U2 
H5,840,2019,521132,      8.10,      8.10,      8.10,      8.10,0,0,0,1,1,1,U2 
H5,840,2019,521139,      8.10,      8.10,      8.10,      8.10,0,0,0,1,1,1,U2 
H5,840,2019,521141,      8.10,      8.10,      8.10,      8.10,0,0,0,1,1,1,U2 
H5,840,2019,521142,      8.10,      8.10,      8.10,      8.10,0,0,0,1,1,1,U2 
H5,840,2019,521143,      8.10,      8.10,      8.10,      8.10,0,0,0,1,1,1,U2 
H5,840,2019,521149,      8.10,      8.10,      8.10,      8.10,0,0,0,1,1,1,U2 
H5,840,2019,521151,      0.00,      0.00,      0.00,      0.00,0,1,0,0,1,1,U2 
H5,840,2019,521152,      8.10,      8.10,      8.10,      8.10,0,0,0,1,1,1,U2 
H5,840,2019,521159,      8.10,      8.10,      8.10,      8.10,0,0,0,1,1,1,U2 
H5,840,2019,521211,     24.30,      7.80,     16.50,     12.15,0,0,0,2,2,2,U2 
H5,840,2019,521212,     24.30,      7.80,     16.50,     12.15,0,0,0,2,2,2,U2 
H5,840,2019,521213,     24.30,      7.80,     16.50,     12.15,0,0,0,2,2,2,U2 
H5,840,2019,521214,     24.30,      7.80,     16.50,     12.15,0,0,0,2,2,2,U2 
H5,840,2019,521215,      7.80,      0.00,      7.80,      3.90,0,1,0,1,2,2,U2 
H5,840,2019,521221,     24.30,      7.80,     16.50,     12.15,0,0,0,2,2,2,U2 
H5,840,2019,521222,     24.30,      7.80,     16.50,     12.15,0,0,0,2,2,2,U2 
H5,840,2019,521223,     24.30,      7.80,     16.50,     12.15,0,0,0,2,2,2,U2 
H5,840,2019,521224,     24.30,      7.80,     16.50,     12.15,0,0,0,2,2,2,U2 
H5,840,2019,521225,      0.00,      0.00,      0.00,      0.00,0,2,0,0,2,2,U2 
H5,840,2019,530110,      0.00,      0.00,      0.00,      0.00,0,1,0,0,1,1,U2 
H5,840,2019,530121,      0.06,      0.06,      0.06,      0.06,0,0,1,0,1,1,U2 
H5,840,2019,530129,      3.80,      3.80,      3.80,      3.80,0,0,0,1,1,1,U2 
H5,840,2019,530130,      0.00,      0.00,      0.00,      0.00,0,1,0,0,1,1,U2 
H5,840,2019,530210,      0.00,      0.00,      0.00,      0.00,0,1,0,0,1,1,U2 
H5,840,2019,530290,      0.00,      0.00,      0.00,      0.00,0,1,0,0,1,1,U2 
H5,840,2019,530310,      0.00,      0.00,      0.00,      0.00,0,1,0,0,1,1,U2 
H5,840,2019,530390,      0.00,      0.00,      0.00,      0.00,0,1,0,0,1,1,U2 
H5,840,2019,530500,      0.00,      0.00,      0.00,      0.00,0,1,0,0,1,1,U2 
H5,840,2019,530610,      0.00,      0.00,      0.00,      0.00,0,1,0,0,1,1,U2 
H5,840,2019,530620,      0.00,      0.00,      0.00,      0.00,0,1,0,0,1,1,U2 
H5,840,2019,530710,      0.00,      0.00,      0.00,      0.00,0,1,0,0,1,1,U2 
H5,840,2019,530720,      0.00,      0.00,      0.00,      0.00,0,1,0,0,1,1,U2 
H5,840,2019,530810,      0.00,      0.00,      0.00,      0.00,0,1,0,0,1,1,U2 
H5,840,2019,530820,      0.00,      0.00,      0.00,      0.00,0,1,0,0,1,1,U2 
H5,840,2019,530890,      2.70,      0.00,      2.70,      1.35,0,1,0,1,2,2,U2 
H5,840,2019,530911,      0.00,      0.00,      0.00,      0.00,0,1,0,0,1,1,U2 
H5,840,2019,530919,      0.00,      0.00,      0.00,      0.00,0,1,0,0,1,1,U2 
H5,840,2019,530921,     21.40,      0.00,     14.50,      7.13,0,1,0,2,3,3,U2 
H5,840,2019,530929,     14.50,      0.00,     14.50,      4.83,0,2,0,1,3,3,U2 
H5,840,2019,531010,      0.00,      0.00,      0.00,      0.00,0,1,0,0,1,1,U2 
H5,840,2019,531090,      0.00,      0.00,      0.00,      0.00,0,1,0,0,1,1,U2 
H5,840,2019,531100,     17.20,      0.00,     14.50,      4.30,0,2,0,2,4,4,U2 
H5,840,2019,540110,     11.40,     11.40,     11.40,     11.40,0,0,0,1,1,1,U2 
H5,840,2019,540120,     11.40,     11.40,     11.40,     11.40,0,0,0,1,1,1,U2 
H5,840,2019,540211,     16.80,      8.00,      8.80,      8.40,0,0,0,2,2,2,U2 
H5,840,2019,540219,     16.80,      8.00,      8.80,      8.40,0,0,0,2,2,2,U2 
H5,840,2019,540220,     16.30,      7.50,      8.80,      8.15,0,0,0,2,2,2,U2 
H5,840,2019,540231,     16.80,      8.00,      8.80,      8.40,0,0,0,2,2,2,U2 
H5,840,2019,540232,     16.00,      8.00,      8.00,      8.00,0,0,0,2,2,2,U2 
H5,840,2019,540233,     16.80,      8.00,      8.80,      8.40,0,0,0,2,2,2,U2 
H5,840,2019,540234,     16.80,      8.00,      8.80,      8.40,0,0,0,2,2,2,U2 
H5,840,2019,540239,     16.80,      8.00,      8.80,      8.40,0,0,0,2,2,2,U2 
H5,840,2019,540244,      8.00,      8.00,      8.00,      8.00,0,0,0,1,1,1,U2 
H5,840,2019,540245,      8.00,      0.00,      8.00,      4.00,0,1,0,1,2,2,U2 
H5,840,2019,540246,      8.80,      8.80,      8.80,      8.80,0,0,0,1,1,1,U2 
H5,840,2019,540247,     16.00,      8.00,      8.00,      8.00,0,0,0,2,2,2,U2 
H5,840,2019,540248,      8.00,      8.00,      8.00,      8.00,0,0,0,1,1,1,U2 
H5,840,2019,540249,      8.00,      0.00,      8.00,      4.00,0,1,0,1,2,2,U2 
H5,840,2019,540251,      8.80,      8.80,      8.80,      8.80,0,0,0,1,1,1,U2 
H5,840,2019,540252,     17.60,      8.80,      8.80,      8.80,0,0,0,2,2,2,U2 
H5,840,2019,540253,      8.00,      8.00,      8.00,      8.00,0,0,0,1,1,1,U2 
H5,840,2019,540259,      8.00,      8.00,      8.00,      8.00,0,0,0,1,1,1,U2 
H5,840,2019,540261,      7.50,      7.50,      7.50,      7.50,0,0,0,1,1,1,U2 
H5,840,2019,540262,      7.50,      7.50,      7.50,      7.50,0,0,0,1,1,1,U2 
H5,840,2019,540263,      7.50,      7.50,      7.50,      7.50,0,0,0,1,1,1,U2 
H5,840,2019,540269,      7.50,      7.50,      7.50,      7.50,0,0,0,1,1,1,U2 
H5,840,2019,540310,     19.10,      9.10,     10.00,      9.55,0,0,0,2,2,2,U2 
H5,840,2019,540331,     10.00,     10.00,     10.00,     10.00,0,0,0,1,1,1,U2 
H5,840,2019,540332,     10.00,     10.00,     10.00,     10.00,0,0,0,1,1,1,U2 
H5,840,2019,540333,      8.80,      8.80,      8.80,      8.80,0,0,0,1,1,1,U2 
H5,840,2019,540339,     18.00,      8.00,     10.00,      9.00,0,0,0,2,2,2,U2 
H5,840,2019,540341,      9.10,      9.10,      9.10,      9.10,0,0,0,1,1,1,U2 
H5,840,2019,540342,      8.00,      8.00,      8.00,      8.00,0,0,0,1,1,1,U2 
H5,840,2019,540349,     16.60,      7.50,      9.10,      8.30,0,0,0,2,2,2,U2 
H5,840,2019,540411,      6.90,      6.90,      6.90,      6.90,0,0,0,1,1,1,U2 
H5,840,2019,540412,     13.80,      6.90,      6.90,      6.90,0,0,0,2,2,2,U2 
H5,840,2019,540419,      9.60,      2.70,      6.90,      4.80,0,0,0,2,2,2,U2 
H5,840,2019,540490,      0.00,      0.00,      0.00,      0.00,0,1,0,0,1,1,U2 
H5,840,2019,540500,     12.70,      5.80,      6.90,      6.35,0,0,0,2,2,2,U2 
H5,840,2019,540600,     15.00,      7.50,      7.50,      7.50,0,0,0,2,2,2,U2 
H5,840,2019,540710,     13.60,     13.60,     13.60,     13.60,0,0,0,1,1,1,U2 
H5,840,2019,540720,      0.00,      0.00,      0.00,      0.00,0,1,0,0,1,1,U2 
H5,840,2019,540730,      8.00,      0.00,      8.00,      4.00,0,1,0,1,2,2,U2 
H5,840,2019,540741,     13.60,     13.60,     13.60,     13.60,0,0,0,1,1,1,U2 
H5,840,2019,540742,     14.90,     14.90,     14.90,     14.90,0,0,0,1,1,1,U2 
H5,840,2019,540743,     20.80,      8.50,     12.30,     10.40,0,0,1,1,2,2,U2 
H5,840,2019,540744,     12.00,     12.00,     12.00,     12.00,0,0,0,1,1,1,U2 
H5,840,2019,540751,     14.90,     14.90,     14.90,     14.90,0,0,0,1,1,1,U2 
H5,840,2019,540752,     35.56,     14.90,     20.66,     17.78,0,0,1,1,2,2,U2 
H5,840,2019,540753,     31.70,     12.00,     19.70,     15.85,0,0,1,1,2,2,U2 
H5,840,2019,540754,     14.90,     14.90,     14.90,     14.90,0,0,0,1,1,1,U2 
H5,840,2019,540761,     95.74,     12.72,     20.25,     15.96,0,0,4,2,6,6,U2 
H5,840,2019,540769,     53.20,      0.00,     14.90,     10.64,0,1,0,4,5,5,U2 
H5,840,2019,540771,     14.90,     14.90,     14.90,     14.90,0,0,0,1,1,1,U2 
H5,840,2019,540772,     14.90,     14.90,     14.90,     14.90,0,0,0,1,1,1,U2 
H5,840,2019,540773,      8.50,      0.00,      8.50,      4.25,0,1,0,1,2,2,U2 
H5,840,2019,540774,     14.90,     14.90,     14.90,     14.90,0,0,0,1,1,1,U2 
H5,840,2019,540781,     14.90,     14.90,     14.90,     14.90,0,0,0,1,1,1,U2 
H5,840,2019,540782,     14.90,     14.90,     14.90,     14.90,0,0,0,1,1,1,U2 
H5,840,2019,540783,      8.50,      8.50,      8.50,      8.50,0,0,0,1,1,1,U2 
H5,840,2019,540784,     14.90,     14.90,     14.90,     14.90,0,0,0,1,1,1,U2 
H5,840,2019,540791,     51.90,     12.00,     25.00,     17.30,0,0,0,3,3,3,U2 
H5,840,2019,540792,     51.90,     12.00,     25.00,     17.30,0,0,0,3,3,3,U2 
H5,840,2019,540793,     49.00,      0.00,     25.00,     12.25,0,1,0,3,4,4,U2 
H5,840,2019,540794,     26.90,      0.00,     14.90,      8.97,0,1,0,2,3,3,U2 
H5,840,2019,540810,     14.90,     14.90,     14.90,     14.90,0,0,0,1,1,1,U2 
H5,840,2019,540821,     14.90,     14.90,     14.90,     14.90,0,0,0,1,1,1,U2 
H5,840,2019,540822,     29.80,     14.90,     14.90,     14.90,0,0,0,2,2,2,U2 
H5,840,2019,540823,     24.00,      0.00,     12.00,      6.00,0,2,0,2,4,4,U2 
H5,840,2019,540824,     24.00,     12.00,     12.00,     12.00,0,0,0,2,2,2,U2 
H5,840,2019,540831,     51.90,     12.00,     25.00,     17.30,0,0,0,3,3,3,U2 
H5,840,2019,540832,     53.60,      6.90,     19.70,     13.40,0,0,0,4,4,4,U2 
H5,840,2019,540833,     62.31,      6.90,     19.60,     12.46,0,0,1,4,5,5,U2 
H5,840,2019,540834,     24.00,      0.00,     12.00,      6.00,0,2,0,2,4,4,U2 
H5,840,2019,550110,      7.50,      7.50,      7.50,      7.50,0,0,0,1,1,1,U2 
H5,840,2019,550120,      7.50,      7.50,      7.50,      7.50,0,0,0,1,1,1,U2 
H5,840,2019,550130,      7.50,      7.50,      7.50,      7.50,0,0,0,1,1,1,U2 
H5,840,2019,550140,      7.50,      7.50,      7.50,      7.50,0,0,0,1,1,1,U2 
H5,840,2019,550190,      7.50,      7.50,      7.50,      7.50,0,0,0,1,1,1,U2 
H5,840,2019,550210,      7.50,      7.50,      7.50,      7.50,0,0,0,1,1,1,U2 
H5,840,2019,550290,      7.50,      7.50,      7.50,      7.50,0,0,0,1,1,1,U2 
H5,840,2019,550311,      4.30,      4.30,      4.30,      4.30,0,0,0,1,1,1,U2 
H5,840,2019,550319,      4.30,      0.00,      4.30,      2.15,0,1,0,1,2,2,U2 
H5,840,2019,550320,      4.30,      4.30,      4.30,      4.30,0,0,0,1,1,1,U2 
H5,840,2019,550330,      4.30,      4.30,      4.30,      4.30,0,0,0,1,1,1,U2 
H5,840,2019,550340,      4.30,      4.30,      4.30,      4.30,0,0,0,1,1,1,U2 
H5,840,2019,550390,      4.30,      0.00,      4.30,      2.15,0,1,0,1,2,2,U2 
H5,840,2019,550410,      4.30,      4.30,      4.30,      4.30,0,0,0,1,1,1,U2 
H5,840,2019,550490,      4.30,      4.30,      4.30,      4.30,0,0,0,1,1,1,U2 
H5,840,2019,550510,      0.00,      0.00,      0.00,      0.00,0,1,0,0,1,1,U2 
H5,840,2019,550520,      0.00,      0.00,      0.00,      0.00,0,1,0,0,1,1,U2 
H5,840,2019,550610,      5.00,      5.00,      5.00,      5.00,0,0,0,1,1,1,U2 
H5,840,2019,550620,      5.70,      5.70,      5.70,      5.70,0,0,0,1,1,1,U2 
H5,840,2019,550630,      5.00,      5.00,      5.00,      5.00,0,0,0,1,1,1,U2 
H5,840,2019,550640,      5.00,      5.00,      5.00,      5.00,0,0,0,1,1,1,U2 
H5,840,2019,550690,      5.00,      5.00,      5.00,      5.00,0,0,0,1,1,1,U2 
H5,840,2019,550700,      5.00,      5.00,      5.00,      5.00,0,0,0,1,1,1,U2 
H5,840,2019,550810,     11.40,     11.40,     11.40,     11.40,0,0,0,1,1,1,U2 
H5,840,2019,550820,     11.00,     11.00,     11.00,     11.00,0,0,0,1,1,1,U2 
H5,840,2019,550911,      9.40,      9.40,      9.40,      9.40,0,0,0,1,1,1,U2 
H5,840,2019,550912,     10.60,     10.60,     10.60,     10.60,0,0,0,1,1,1,U2 
H5,840,2019,550921,      9.70,      9.70,      9.70,      9.70,0,0,0,1,1,1,U2 
H5,840,2019,550922,     10.60,     10.60,     10.60,     10.60,0,0,0,1,1,1,U2 
H5,840,2019,550931,      9.00,      9.00,      9.00,      9.00,0,0,0,1,1,1,U2 
H5,840,2019,550932,     10.00,     10.00,     10.00,     10.00,0,0,0,1,1,1,U2 
H5,840,2019,550941,      9.00,      9.00,      9.00,      9.00,0,0,0,1,1,1,U2 
H5,840,2019,550942,      7.00,      7.00,      7.00,      7.00,0,0,0,1,1,1,U2 
H5,840,2019,550951,     20.30,      9.70,     10.60,     10.15,0,0,0,2,2,2,U2 
H5,840,2019,550952,     12.00,     12.00,     12.00,     12.00,0,0,0,1,1,1,U2 
H5,840,2019,550953,     13.20,     13.20,     13.20,     13.20,0,0,0,1,1,1,U2 
H5,840,2019,550959,     13.20,     13.20,     13.20,     13.20,0,0,0,1,1,1,U2 
H5,840,2019,550961,     13.20,     13.20,     13.20,     13.20,0,0,0,1,1,1,U2 
H5,840,2019,550962,     12.00,     12.00,     12.00,     12.00,0,0,0,1,1,1,U2 
H5,840,2019,550969,     32.20,      9.00,     13.20,     10.73,0,0,0,3,3,3,U2 
H5,840,2019,550991,     12.00,     12.00,     12.00,     12.00,0,0,0,1,1,1,U2 
H5,840,2019,550992,      7.50,      7.50,      7.50,      7.50,0,0,0,1,1,1,U2 
H5,840,2019,550999,     32.80,      9.00,     13.20,     10.93,0,0,0,3,3,3,U2 
H5,840,2019,551011,      9.00,      9.00,      9.00,      9.00,0,0,0,1,1,1,U2 
H5,840,2019,551012,     10.60,     10.60,     10.60,     10.60,0,0,0,1,1,1,U2 
H5,840,2019,551020,     10.20,     10.20,     10.20,     10.20,0,0,0,1,1,1,U2 
H5,840,2019,551030,      7.50,      7.50,      7.50,      7.50,0,0,0,1,1,1,U2 
H5,840,2019,551090,     32.80,      9.00,     13.20,     10.93,0,0,0,3,3,3,U2 
H5,840,2019,551110,      7.50,      7.50,      7.50,      7.50,0,0,0,1,1,1,U2 
H5,840,2019,551120,      7.50,      7.50,      7.50,      7.50,0,0,0,1,1,1,U2 
H5,840,2019,551130,      7.50,      7.50,      7.50,      7.50,0,0,0,1,1,1,U2 
H5,840,2019,551211,     12.00,     12.00,     12.00,     12.00,0,0,0,1,1,1,U2 
H5,840,2019,551219,     13.60,     13.60,     13.60,     13.60,0,0,0,1,1,1,U2 
H5,840,2019,551221,     12.00,     12.00,     12.00,     12.00,0,0,0,1,1,1,U2 
H5,840,2019,551229,     12.00,     12.00,     12.00,     12.00,0,0,0,1,1,1,U2 
H5,840,2019,551291,     14.90,     14.90,     14.90,     14.90,0,0,0,1,1,1,U2 
H5,840,2019,551299,     12.00,     12.00,     12.00,     12.00,0,0,0,1,1,1,U2 
H5,840,2019,551311,     14.90,     14.90,     14.90,     14.90,0,0,0,1,1,1,U2 
H5,840,2019,551312,     14.90,     14.90,     14.90,     14.90,0,0,0,1,1,1,U2 
H5,840,2019,551313,     14.90,     14.90,     14.90,     14.90,0,0,0,1,1,1,U2 
H5,840,2019,551319,     14.90,     14.90,     14.90,     14.90,0,0,0,1,1,1,U2 
H5,840,2019,551321,     14.90,     14.90,     14.90,     14.90,0,0,0,1,1,1,U2 
H5,840,2019,551323,     14.90,     14.90,     14.90,     14.90,0,0,0,1,1,1,U2 
H5,840,2019,551329,     14.90,     14.90,     14.90,     14.90,0,0,0,1,1,1,U2 
H5,840,2019,551331,     14.90,     14.90,     14.90,     14.90,0,0,0,1,1,1,U2 
H5,840,2019,551339,     14.90,     14.90,     14.90,     14.90,0,0,0,1,1,1,U2 
H5,840,2019,551341,     14.90,     14.90,     14.90,     14.90,0,0,0,1,1,1,U2 
H5,840,2019,551349,     37.00,      8.50,     14.90,     12.33,0,0,0,3,3,3,U2 
H5,840,2019,551411,     14.90,     14.90,     14.90,     14.90,0,0,0,1,1,1,U2 
H5,840,2019,551412,     14.90,     14.90,     14.90,     14.90,0,0,0,1,1,1,U2 
H5,840,2019,551419,     23.40,      8.50,     14.90,     11.70,0,0,0,2,2,2,U2 
H5,840,2019,551421,     14.90,     14.90,     14.90,     14.90,0,0,0,1,1,1,U2 
H5,840,2019,551422,     14.90,     14.90,     14.90,     14.90,0,0,0,1,1,1,U2 
H5,840,2019,551423,     14.90,     14.90,     14.90,     14.90,0,0,0,1,1,1,U2 
H5,840,2019,551429,     12.00,     12.00,     12.00,     12.00,0,0,0,1,1,1,U2 
H5,840,2019,551430,     41.80,      0.00,     14.90,     10.45,0,1,0,3,4,4,U2 
H5,840,2019,551441,     14.90,     14.90,     14.90,     14.90,0,0,0,1,1,1,U2 
H5,840,2019,551442,     14.90,     14.90,     14.90,     14.90,0,0,0,1,1,1,U2 
H5,840,2019,551443,      0.00,      0.00,      0.00,      0.00,0,1,0,0,1,1,U2 
H5,840,2019,551449,      8.50,      8.50,      8.50,      8.50,0,0,0,1,1,1,U2 
H5,840,2019,551511,     14.90,     14.90,     14.90,     14.90,0,0,0,1,1,1,U2 
H5,840,2019,551512,     12.00,     12.00,     12.00,     12.00,0,0,0,1,1,1,U2 
H5,840,2019,551513,     37.00,     12.00,     25.00,     18.50,0,0,0,2,2,2,U2 
H5,840,2019,551519,     12.00,     12.00,     12.00,     12.00,0,0,0,1,1,1,U2 
H5,840,2019,551521,      0.00,      0.00,      0.00,      0.00,0,1,0,0,1,1,U2 
H5,840,2019,551522,     32.10,     12.00,     20.10,     16.05,0,0,0,2,2,2,U2 
H5,840,2019,551529,      0.00,      0.00,      0.00,      0.00,0,1,0,0,1,1,U2 
H5,840,2019,551591,     12.00,     12.00,     12.00,     12.00,0,0,0,1,1,1,U2 
H5,840,2019,551599,     45.50,      8.50,     25.00,     15.17,0,0,0,3,3,3,U2 
H5,840,2019,551611,     14.90,     14.90,     14.90,     14.90,0,0,0,1,1,1,U2 
H5,840,2019,551612,     14.90,     14.90,     14.90,     14.90,0,0,0,1,1,1,U2 
H5,840,2019,551613,     14.90,     14.90,     14.90,     14.90,0,0,0,1,1,1,U2 
H5,840,2019,551614,     10.00,     10.00,     10.00,     10.00,0,0,0,1,1,1,U2 
H5,840,2019,551621,     14.90,     14.90,     14.90,     14.90,0,0,0,1,1,1,U2 
H5,840,2019,551622,     14.90,     14.90,     14.90,     14.90,0,0,0,1,1,1,U2 
H5,840,2019,551623,      8.50,      8.50,      8.50,      8.50,0,0,0,1,1,1,U2 
H5,840,2019,551624,     14.90,     14.90,     14.90,     14.90,0,0,0,1,1,1,U2 
H5,840,2019,551631,     31.80,     12.00,     19.80,     15.90,0,0,0,2,2,2,U2 
H5,840,2019,551632,     37.00,     12.00,     25.00,     18.50,0,0,0,2,2,2,U2 
H5,840,2019,551633,     37.00,     12.00,     25.00,     18.50,0,0,0,2,2,2,U2 
H5,840,2019,551634,     31.70,     12.00,     19.70,     15.85,0,0,0,2,2,2,U2 
H5,840,2019,551641,     14.90,     14.90,     14.90,     14.90,0,0,0,1,1,1,U2 
H5,840,2019,551642,     12.00,     12.00,     12.00,     12.00,0,0,0,1,1,1,U2 
H5,840,2019,551643,      0.00,      0.00,      0.00,      0.00,0,1,0,0,1,1,U2 
H5,840,2019,551644,      8.50,      8.50,      8.50,      8.50,0,0,0,1,1,1,U2 
H5,840,2019,551691,     12.00,     12.00,     12.00,     12.00,0,0,0,1,1,1,U2 
H5,840,2019,551692,     12.00,     12.00,     12.00,     12.00,0,0,0,1,1,1,U2 
H5,840,2019,551693,      8.50,      8.50,      8.50,      8.50,0,0,0,1,1,1,U2 
H5,840,2019,551694,     12.00,     12.00,     12.00,     12.00,0,0,0,1,1,1,U2 
H5,840,2019,560121,      3.60,      3.60,      3.60,      3.60,0,0,0,1,1,1,U2 
H5,840,2019,560122,      6.30,      6.30,      6.30,      6.30,0,0,0,1,1,1,U2 
H5,840,2019,560129,      4.00,      4.00,      4.00,      4.00,0,0,0,1,1,1,U2 
H5,840,2019,560130,      0.00,      0.00,      0.00,      0.00,0,1,0,0,1,1,U2 
H5,840,2019,560210,     22.60,     10.60,     12.00,     11.30,0,0,0,2,2,2,U2 
H5,840,2019,560221,     10.03,     10.03,     10.03,     10.03,0,0,1,0,1,1,U2 
H5,840,2019,560229,      6.30,      6.30,      6.30,      6.30,0,0,0,1,1,1,U2 
H5,840,2019,560290,     26.00,      0.00,     19.70,      8.67,0,1,1,1,3,3,U2 
H5,840,2019,560311,      0.00,      0.00,      0.00,      0.00,0,1,0,0,1,1,U2 
H5,840,2019,560312,      0.00,      0.00,      0.00,      0.00,0,1,0,0,1,1,U2 
H5,840,2019,560313,      0.00,      0.00,      0.00,      0.00,0,1,0,0,1,1,U2 
H5,840,2019,560314,      0.00,      0.00,      0.00,      0.00,0,2,0,0,2,2,U2 
H5,840,2019,560391,      0.00,      0.00,      0.00,      0.00,0,1,0,0,1,1,U2 
H5,840,2019,560392,      0.00,      0.00,      0.00,      0.00,0,1,0,0,1,1,U2 
H5,840,2019,560393,      0.00,      0.00,      0.00,      0.00,0,1,0,0,1,1,U2 
H5,840,2019,560394,      0.00,      0.00,      0.00,      0.00,0,3,0,0,3,3,U2 
H5,840,2019,560410,      6.30,      6.30,      6.30,      6.30,0,0,0,1,1,1,U2 
H5,840,2019,560490,     13.80,      5.00,      8.80,      6.90,0,0,0,2,2,2,U2 
H5,840,2019,560500,     20.70,      7.50,     13.20,     10.35,0,0,0,2,2,2,U2 
H5,840,2019,560600,      8.00,      8.00,      8.00,      8.00,0,0,0,1,1,1,U2 
H5,840,2019,560721,      0.00,      0.00,      0.00,      0.00,0,1,0,0,1,1,U2 
H5,840,2019,560729,      3.60,      3.60,      3.60,      3.60,0,0,0,1,1,1,U2 
H5,840,2019,560741,      6.70,      2.70,      4.00,      3.35,0,0,0,2,2,2,U2 
H5,840,2019,560749,     21.39,      2.70,      8.09,      5.35,0,0,1,3,4,4,U2 
H5,840,2019,560750,     23.93,      3.60,     13.33,      7.98,0,0,1,2,3,3,U2 
H5,840,2019,560790,      9.70,      0.00,      6.30,      1.94,0,3,0,2,5,5,U2 
H5,840,2019,560811,      8.00,      8.00,      8.00,      8.00,0,0,0,1,1,1,U2 
H5,840,2019,560819,     13.50,      5.00,      8.50,      6.75,0,0,0,2,2,2,U2 
H5,840,2019,560890,     41.20,      5.00,     14.10,     10.30,0,0,0,4,4,4,U2 
H5,840,2019,560900,     11.30,      0.00,      4.50,      2.83,0,1,0,3,4,4,U2 
H5,840,2019,570110,      4.50,      0.00,      4.50,      1.13,0,3,0,1,4,4,U2 
H5,840,2019,570190,      0.00,      0.00,      0.00,      0.00,0,2,0,0,2,2,U2 
H5,840,2019,570210,      0.00,      0.00,      0.00,      0.00,0,2,0,0,2,2,U2 
H5,840,2019,570220,      0.00,      0.00,      0.00,      0.00,0,2,0,0,2,2,U2 
H5,840,2019,570231,     12.00,      4.00,      8.00,      6.00,0,0,0,2,2,2,U2 
H5,840,2019,570232,     15.00,      7.00,      8.00,      7.50,0,0,0,2,2,2,U2 
H5,840,2019,570239,      3.60,      0.00,      3.60,      1.80,0,1,0,1,2,2,U2 
H5,840,2019,570241,      0.00,      0.00,      0.00,      0.00,0,2,0,0,2,2,U2 
H5,840,2019,570242,      0.00,      0.00,      0.00,      0.00,0,2,0,0,2,2,U2 
H5,840,2019,570249,      4.00,      0.00,      4.00,      1.33,0,2,0,1,3,3,U2 
H5,840,2019,570250,     24.80,      2.70,      6.80,      4.96,0,0,0,5,5,5,U2 
H5,840,2019,570291,      7.90,      0.00,      4.30,      2.63,0,1,0,2,3,3,U2 
H5,840,2019,570292,      5.40,      2.70,      2.70,      2.70,0,0,0,2,2,2,U2 
H5,840,2019,570299,     16.30,      2.70,      6.80,      5.43,0,0,0,3,3,3,U2 
H5,840,2019,570310,     12.00,      6.00,      6.00,      6.00,0,0,0,2,2,2,U2 
H5,840,2019,570320,     12.50,      5.80,      6.70,      6.25,0,0,0,2,2,2,U2 
H5,840,2019,570330,     12.00,      6.00,      6.00,      6.00,0,0,0,2,2,2,U2 
H5,840,2019,570390,      3.80,      3.80,      3.80,      3.80,0,0,0,1,1,1,U2 
H5,840,2019,570410,      4.70,      4.70,      4.70,      4.70,0,0,0,1,1,1,U2 
H5,840,2019,570420,      0.00,      0.00,      0.00,      0.00,0,1,0,0,1,1,U2 
H5,840,2019,570490,      0.00,      0.00,      0.00,      0.00,0,1,0,0,1,1,U2 
H5,840,2019,570500,      3.30,      0.00,      3.30,      1.65,0,1,0,1,2,2,U2 
H5,840,2019,580110,      0.00,      0.00,      0.00,      0.00,0,1,0,0,1,1,U2 
H5,840,2019,580121,     20.20,     20.20,     20.20,     20.20,0,0,0,1,1,1,U2 
H5,840,2019,580122,     30.20,     10.00,     20.20,     15.10,0,0,0,2,2,2,U2 
H5,840,2019,580123,     10.00,     10.00,     10.00,     10.00,0,0,0,1,1,1,U2 
H5,840,2019,580126,      0.00,      0.00,      0.00,      0.00,0,1,0,0,1,1,U2 
H5,840,2019,580127,     29.00,     10.50,     18.50,     14.50,0,0,0,2,2,2,U2 
H5,840,2019,580131,     17.20,     17.20,     17.20,     17.20,0,0,0,1,1,1,U2 
H5,840,2019,580132,     14.00,     14.00,     14.00,     14.00,0,0,0,1,1,1,U2 
H5,840,2019,580133,      9.80,      9.80,      9.80,      9.80,0,0,0,1,1,1,U2 
H5,840,2019,580136,      9.80,      9.80,      9.80,      9.80,0,0,0,1,1,1,U2 
H5,840,2019,580137,     31.20,     14.00,     17.20,     15.60,0,0,0,2,2,2,U2 
H5,840,2019,580190,      6.40,      2.70,      3.70,      3.20,0,0,0,2,2,2,U2 
H5,840,2019,580211,      9.80,      9.80,      9.80,      9.80,0,0,0,1,1,1,U2 
H5,840,2019,580219,      9.40,      9.40,      9.40,      9.40,0,0,0,1,1,1,U2 
H5,840,2019,580220,     14.00,     14.00,     14.00,     14.00,0,0,0,1,1,1,U2 
H5,840,2019,580230,      6.20,      6.20,      6.20,      6.20,0,0,0,1,1,1,U2 
H5,840,2019,580300,     23.50,      0.00,     16.50,      3.92,0,4,0,2,6,6,U2 
H5,840,2019,580410,      6.00,      0.00,      6.00,      3.00,0,1,0,1,2,2,U2 
H5,840,2019,580421,     12.00,     12.00,     12.00,     12.00,0,0,0,1,1,1,U2 
H5,840,2019,580429,     13.00,      5.00,      8.00,      6.50,0,0,0,2,2,2,U2 
H5,840,2019,580430,     13.20,     13.20,     13.20,     13.20,0,0,0,1,1,1,U2 
H5,840,2019,580500,      0.00,      0.00,      0.00,      0.00,0,5,0,0,5,5,U2 
H5,840,2019,580610,     27.00,      3.80,      8.40,      6.75,0,0,0,4,4,4,U2 
H5,840,2019,580620,      7.00,      7.00,      7.00,      7.00,0,0,0,1,1,1,U2 
H5,840,2019,580631,      8.80,      8.80,      8.80,      8.80,0,0,0,1,1,1,U2 
H5,840,2019,580632,     12.20,      6.00,      6.20,      6.10,0,0,0,2,2,2,U2 
H5,840,2019,580639,     11.50,      0.00,      6.60,      3.83,0,1,0,2,3,3,U2 
H5,840,2019,580640,      8.00,      8.00,      8.00,      8.00,0,0,0,1,1,1,U2 
H5,840,2019,580710,     15.70,      3.30,      7.90,      5.23,0,0,0,3,3,3,U2 
H5,840,2019,580790,     15.70,      3.30,      7.90,      5.23,0,0,0,3,3,3,U2 
H5,840,2019,580810,     14.80,      0.00,      7.40,      2.96,0,2,0,3,5,5,U2 
H5,840,2019,580890,      3.90,      3.90,      3.90,      3.90,0,0,0,1,1,1,U2 
H5,840,2019,580900,     14.90,     14.90,     14.90,     14.90,0,0,0,1,1,1,U2 
H5,840,2019,581010,     14.10,     14.10,     14.10,     14.10,0,0,0,1,1,1,U2 
H5,840,2019,581091,,,,,1,0,0,0,0,1,U2 
H5,840,2019,581092,     11.60,      4.20,      7.40,      5.80,0,0,0,2,2,2,U2 
H5,840,2019,581099,     11.60,      4.20,      7.40,      5.80,0,0,0,2,2,2,U2 
H5,840,2019,581100,     27.50,      0.00,     13.20,      6.88,0,1,0,3,4,4,U2 
H5,840,2019,590110,     11.10,      4.10,      7.00,      5.55,0,0,0,2,2,2,U2 
H5,840,2019,590190,     11.10,      4.10,      7.00,      5.55,0,0,0,2,2,2,U2 
H5,840,2019,590210,      5.80,      5.80,      5.80,      5.80,0,0,0,1,1,1,U2 
H5,840,2019,590220,      5.80,      5.80,      5.80,      5.80,0,0,0,1,1,1,U2 
H5,840,2019,590290,      0.00,      0.00,      0.00,      0.00,0,1,0,0,1,1,U2 
H5,840,2019,590310,     27.00,      0.00,     14.10,      4.50,0,2,0,4,6,6,U2 
H5,840,2019,590320,     20.90,      0.00,      8.00,      3.48,0,2,0,4,6,6,U2 
H5,840,2019,590390,     20.90,      0.00,      8.00,      3.48,0,2,0,4,6,6,U2 
H5,840,2019,590410,      0.00,      0.00,      0.00,      0.00,0,1,0,0,1,1,U2 
H5,840,2019,590490,      0.00,      0.00,      0.00,      0.00,0,2,0,0,2,2,U2 
H5,840,2019,590500,      0.00,      0.00,      0.00,      0.00,0,2,0,0,2,2,U2 
H5,840,2019,590610,      2.90,      2.90,      2.90,      2.90,0,0,0,1,1,1,U2 
H5,840,2019,590691,     12.90,      0.00,      7.50,      3.22,0,1,0,3,4,4,U2 
H5,840,2019,590699,      6.00,      0.00,      3.30,      1.50,0,2,0,2,4,4,U2 
H5,840,2019,590700,     16.00,      0.00,      8.00,      2.67,0,4,0,2,6,6,U2 
H5,840,2019,590800,      3.40,      3.40,      3.40,      3.40,0,0,0,1,1,1,U2 
H5,840,2019,590900,      3.30,      0.00,      3.30,      1.65,0,1,0,1,2,2,U2 
H5,840,2019,591000,      6.60,      2.60,      4.00,      3.30,0,0,0,2,2,2,U2 
H5,840,2019,591110,      6.70,      2.90,      3.80,      3.35,0,0,0,2,2,2,U2 
H5,840,2019,591120,      3.30,      0.00,      3.30,      1.10,0,2,0,1,3,3,U2 
H5,840,2019,591131,      3.80,      3.80,      3.80,      3.80,0,0,0,1,1,1,U2 
H5,840,2019,591132,      3.80,      3.80,      3.80,      3.80,0,0,0,1,1,1,U2 
H5,840,2019,591140,      8.00,      8.00,      8.00,      8.00,0,0,0,1,1,1,U2 
H5,840,2019,591190,      3.80,      3.80,      3.80,      3.80,0,0,0,1,1,1,U2 
H5,840,2019,600110,     26.20,      9.00,     17.20,     13.10,0,0,0,2,2,2,U2 
H5,840,2019,600121,      9.80,      9.80,      9.80,      9.80,0,0,0,1,1,1,U2 
H5,840,2019,600122,     17.20,     17.20,     17.20,     17.20,0,0,0,1,1,1,U2 
H5,840,2019,600129,      7.00,      7.00,      7.00,      7.00,0,0,0,1,1,1,U2 
H5,840,2019,600191,     18.50,     18.50,     18.50,     18.50,0,0,0,1,1,1,U2 
H5,840,2019,600192,     17.20,     17.20,     17.20,     17.20,0,0,0,1,1,1,U2 
H5,840,2019,600199,     11.00,      4.00,      7.00,      5.50,0,0,0,2,2,2,U2 
H5,840,2019,600240,     16.80,      8.00,      8.80,      8.40,0,0,0,2,2,2,U2 
H5,840,2019,600290,     16.80,      8.00,      8.80,      8.40,0,0,0,2,2,2,U2 
H5,840,2019,600310,     20.70,      6.60,     14.10,     10.35,0,0,0,2,2,2,U2 
H5,840,2019,600320,     22.10,      8.00,     14.10,     11.05,0,0,0,2,2,2,U2 
H5,840,2019,600330,     21.70,      7.60,     14.10,     10.85,0,0,0,2,2,2,U2 
H5,840,2019,600340,     21.70,      7.60,     14.10,     10.85,0,0,0,2,2,2,U2 
H5,840,2019,600390,     20.70,      6.60,     14.10,     10.35,0,0,0,2,2,2,U2 
H5,840,2019,600410,     12.30,     12.30,     12.30,     12.30,0,0,0,1,1,1,U2 
H5,840,2019,600490,     19.30,      7.00,     12.30,      9.65,0,0,0,2,2,2,U2 
H5,840,2019,600521,     10.00,     10.00,     10.00,     10.00,0,0,0,1,1,1,U2 
H5,840,2019,600522,     10.00,     10.00,     10.00,     10.00,0,0,0,1,1,1,U2 
H5,840,2019,600523,     10.00,     10.00,     10.00,     10.00,0,0,0,1,1,1,U2 
H5,840,2019,600524,     10.00,     10.00,     10.00,     10.00,0,0,0,1,1,1,U2 
H5,840,2019,600535,     10.00,     10.00,     10.00,     10.00,0,0,0,1,1,1,U2 
H5,840,2019,600536,     10.00,     10.00,     10.00,     10.00,0,0,0,1,1,1,U2 
H5,840,2019,600537,     10.00,     10.00,     10.00,     10.00,0,0,0,1,1,1,U2 
H5,840,2019,600538,     10.00,     10.00,     10.00,     10.00,0,0,0,1,1,1,U2 
H5,840,2019,600539,     10.00,     10.00,     10.00,     10.00,0,0,0,1,1,1,U2 
H5,840,2019,600541,     10.00,     10.00,     10.00,     10.00,0,0,0,1,1,1,U2 
H5,840,2019,600542,     10.00,     10.00,     10.00,     10.00,0,0,0,1,1,1,U2 
H5,840,2019,600543,     10.00,     10.00,     10.00,     10.00,0,0,0,1,1,1,U2 
H5,840,2019,600544,     10.00,     10.00,     10.00,     10.00,0,0,0,1,1,1,U2 
H5,840,2019,600590,     20.00,     10.00,     10.00,     10.00,0,0,0,2,2,2,U2 
H5,840,2019,600610,     10.00,     10.00,     10.00,     10.00,0,0,0,1,1,1,U2 
H5,840,2019,600621,     20.00,     10.00,     10.00,     10.00,0,0,0,2,2,2,U2 
H5,840,2019,600622,     20.00,     10.00,     10.00,     10.00,0,0,0,2,2,2,U2 
H5,840,2019,600623,     20.00,     10.00,     10.00,     10.00,0,0,0,2,2,2,U2 
H5,840,2019,600624,     20.00,     10.00,     10.00,     10.00,0,0,0,2,2,2,U2 
H5,840,2019,600631,     10.00,     10.00,     10.00,     10.00,0,0,0,1,1,1,U2 
H5,840,2019,600632,     10.00,     10.00,     10.00,     10.00,0,0,0,1,1,1,U2 
H5,840,2019,600633,     10.00,     10.00,     10.00,     10.00,0,0,0,1,1,1,U2 
H5,840,2019,600634,     10.00,     10.00,     10.00,     10.00,0,0,0,1,1,1,U2 
H5,840,2019,600641,     10.00,     10.00,     10.00,     10.00,0,0,0,1,1,1,U2 
H5,840,2019,600642,     10.00,     10.00,     10.00,     10.00,0,0,0,1,1,1,U2 
H5,840,2019,600643,     10.00,     10.00,     10.00,     10.00,0,0,0,1,1,1,U2 
H5,840,2019,600644,     10.00,     10.00,     10.00,     10.00,0,0,0,1,1,1,U2 
H5,840,2019,600690,      7.00,      0.00,      7.00,      3.50,0,1,0,1,2,2,U2 
H5,840,2019,610120,     15.90,     15.90,     15.90,     15.90,0,0,0,1,1,1,U2 
H5,840,2019,610130,     45.58,      5.60,     28.20,     15.19,0,0,1,2,3,3,U2 
H5,840,2019,610190,     24.19,      0.90,     17.59,      8.06,0,0,1,2,3,3,U2 
H5,840,2019,610210,     17.20,     17.20,     17.20,     17.20,0,0,1,0,1,1,U2 
H5,840,2019,610220,     15.90,     15.90,     15.90,     15.90,0,0,0,1,1,1,U2 
H5,840,2019,610230,     55.42,      5.30,     28.20,     18.47,0,0,1,2,3,3,U2 
H5,840,2019,610290,      6.60,      0.90,      5.70,      3.30,0,0,0,2,2,2,U2 
H5,840,2019,610310,     75.93,      0.00,     28.20,      9.49,0,2,2,4,8,8,U2 
H5,840,2019,610322,,,,,1,0,0,0,0,1,U2 
H5,840,2019,610323,,,,,1,0,0,0,0,1,U2 
H5,840,2019,610329,,,,,3,0,0,0,0,3,U2 
H5,840,2019,610331,     10.55,     10.55,     10.55,     10.55,0,0,1,0,1,1,U2 
H5,840,2019,610332,     13.50,     13.50,     13.50,     13.50,0,0,0,1,1,1,U2 
H5,840,2019,610333,     39.82,     11.62,     28.20,     19.91,0,0,1,1,2,2,U2 
H5,840,2019,610339,     21.40,      0.90,     14.90,      7.13,0,0,0,3,3,3,U2 
H5,840,2019,610341,     30.61,     13.60,     17.01,     15.30,0,0,1,1,2,2,U2 
H5,840,2019,610342,     26.40,     10.30,     16.10,     13.20,0,0,0,2,2,2,U2 
H5,840,2019,610343,     61.20,     14.90,     28.20,     20.40,0,0,1,2,3,3,U2 
H5,840,2019,610349,     48.30,      0.90,     28.20,     12.07,0,0,0,4,4,4,U2 
H5,840,2019,610413,     14.90,      0.00,     14.90,      7.45,0,1,0,1,2,2,U2 
H5,840,2019,610419,     38.00,      0.00,     13.60,      6.33,0,1,0,5,6,6,U2 
H5,840,2019,610422,,,,,1,0,0,0,0,1,U2 
H5,840,2019,610423,,,,,1,0,0,0,0,1,U2 
H5,840,2019,610429,,,,,3,0,0,0,0,3,U2 
H5,840,2019,610431,     16.79,     16.79,     16.79,     16.79,0,0,1,0,1,1,U2 
H5,840,2019,610432,     14.90,     14.90,     14.90,     14.90,0,0,0,1,1,1,U2 
H5,840,2019,610433,     47.02,     18.82,     28.20,     23.51,0,0,1,1,2,2,U2 
H5,840,2019,610439,     24.00,      0.00,     24.00,     12.00,0,1,0,1,2,2,U2 
H5,840,2019,610441,     13.60,     13.60,     13.60,     13.60,0,0,0,1,1,1,U2 
H5,840,2019,610442,     11.50,     11.50,     11.50,     11.50,0,0,0,1,1,1,U2 
H5,840,2019,610443,     30.90,     14.90,     16.00,     15.45,0,0,0,2,2,2,U2 
H5,840,2019,610444,     29.80,     14.90,     14.90,     14.90,0,0,0,2,2,2,U2 
H5,840,2019,610449,      6.50,      0.90,      5.60,      3.25,0,0,0,2,2,2,U2 
H5,840,2019,610451,     14.90,     14.90,     14.90,     14.90,0,0,0,1,1,1,U2 
H5,840,2019,610452,      8.30,      8.30,      8.30,      8.30,0,0,0,1,1,1,U2 
H5,840,2019,610453,     30.90,     14.90,     16.00,     15.45,0,0,0,2,2,2,U2 
H5,840,2019,610459,     14.50,      0.90,      8.00,      4.83,0,0,0,3,3,3,U2 
H5,840,2019,610461,     14.90,     14.90,     14.90,     14.90,0,0,0,1,1,1,U2 
H5,840,2019,610462,     25.20,     10.30,     14.90,     12.60,0,0,0,2,2,2,U2 
H5,840,2019,610463,     58.00,     14.90,     28.20,     19.33,0,0,0,3,3,3,U2 
H5,840,2019,610469,     48.30,      0.90,     28.20,     12.07,0,0,0,4,4,4,U2 
H5,840,2019,610510,     19.70,     19.70,     19.70,     19.70,0,0,0,1,1,1,U2 
H5,840,2019,610520,     45.60,     13.60,     32.00,     22.80,0,0,0,2,2,2,U2 
H5,840,2019,610590,     21.40,      0.90,     14.90,      7.13,0,0,0,3,3,3,U2 
H5,840,2019,610610,     19.70,     19.70,     19.70,     19.70,0,0,0,1,1,1,U2 
H5,840,2019,610620,     46.90,     14.90,     32.00,     23.45,0,0,0,2,2,2,U2 
H5,840,2019,610690,     24.80,      0.90,     13.60,      6.20,0,0,0,4,4,4,U2 
H5,840,2019,610711,      7.40,      7.40,      7.40,      7.40,0,0,0,1,1,1,U2 
H5,840,2019,610712,     14.90,     14.90,     14.90,     14.90,0,0,0,1,1,1,U2 
H5,840,2019,610719,      6.50,      0.90,      5.60,      3.25,0,0,0,2,2,2,U2 
H5,840,2019,610721,      8.90,      8.90,      8.90,      8.90,0,0,0,1,1,1,U2 
H5,840,2019,610722,     16.00,     16.00,     16.00,     16.00,0,0,0,1,1,1,U2 
H5,840,2019,610729,     15.00,      0.90,      8.50,      5.00,0,0,0,3,3,3,U2 
H5,840,2019,610791,      8.70,      8.70,      8.70,      8.70,0,0,0,1,1,1,U2 
H5,840,2019,610799,     34.10,      0.80,     14.90,      8.52,0,0,0,4,4,4,U2 
H5,840,2019,610811,     14.90,     14.90,     14.90,     14.90,0,0,0,1,1,1,U2 
H5,840,2019,610819,      7.70,      1.10,      6.60,      3.85,0,0,0,2,2,2,U2 
H5,840,2019,610821,      7.60,      7.60,      7.60,      7.60,0,0,0,1,1,1,U2 
H5,840,2019,610822,     23.90,      8.30,     15.60,     11.95,0,0,0,2,2,2,U2 
H5,840,2019,610829,     15.40,      2.10,     13.30,      7.70,0,0,0,2,2,2,U2 
H5,840,2019,610831,      8.50,      8.50,      8.50,      8.50,0,0,0,1,1,1,U2 
H5,840,2019,610832,     16.00,     16.00,     16.00,     16.00,0,0,0,1,1,1,U2 
H5,840,2019,610839,     12.90,      0.60,      8.50,      4.30,0,0,0,3,3,3,U2 
H5,840,2019,610891,      8.50,      8.50,      8.50,      8.50,0,0,0,1,1,1,U2 
H5,840,2019,610892,     16.00,     16.00,     16.00,     16.00,0,0,0,1,1,1,U2 
H5,840,2019,610899,     12.90,      0.60,      8.50,      4.30,0,0,0,3,3,3,U2 
H5,840,2019,610910,     16.50,     16.50,     16.50,     16.50,0,0,0,1,1,1,U2 
H5,840,2019,610990,     56.20,      2.60,     32.00,     14.05,0,0,0,4,4,4,U2 
H5,840,2019,611011,     16.00,     16.00,     16.00,     16.00,0,0,0,1,1,1,U2 
H5,840,2019,611012,     20.00,      4.00,     16.00,     10.00,0,0,0,2,2,2,U2 
H5,840,2019,611019,     16.00,     16.00,     16.00,     16.00,0,0,0,1,1,1,U2 
H5,840,2019,611020,     21.50,      5.00,     16.50,     10.75,0,0,0,2,2,2,U2 
H5,840,2019,611030,     61.30,      6.00,     32.00,     15.32,0,0,0,4,4,4,U2 
H5,840,2019,611090,      6.90,      0.90,      6.00,      3.45,0,0,0,2,2,2,U2 
H5,840,2019,611120,     84.00,      8.10,     19.70,     14.00,0,0,0,6,6,6,U2 
H5,840,2019,611130,    138.20,     16.00,     32.00,     27.64,0,0,0,5,5,5,U2 
H5,840,2019,611190,     93.20,      0.00,     26.00,     11.65,0,1,0,7,8,8,U2 
H5,840,2019,611211,     14.90,     14.90,     14.90,     14.90,0,0,0,1,1,1,U2 
H5,840,2019,611212,     28.20,     28.20,     28.20,     28.20,0,0,0,1,1,1,U2 
H5,840,2019,611219,     53.30,      3.50,     28.20,     17.77,0,0,0,3,3,3,U2 
H5,840,2019,611220,     36.50,      8.30,     28.20,     18.25,0,0,0,2,2,2,U2 
H5,840,2019,611231,     25.90,     25.90,     25.90,     25.90,0,0,0,1,1,1,U2 
H5,840,2019,611239,     13.20,     13.20,     13.20,     13.20,0,0,0,1,1,1,U2 
H5,840,2019,611241,     24.90,     24.90,     24.90,     24.90,0,0,0,1,1,1,U2 
H5,840,2019,611249,     13.20,     13.20,     13.20,     13.20,0,0,0,1,1,1,U2 
H5,840,2019,611300,     10.90,      3.80,      7.10,      5.45,0,0,0,2,2,2,U2 
H5,840,2019,611420,     10.80,     10.80,     10.80,     10.80,0,0,0,1,1,1,U2 
H5,840,2019,611430,     75.10,     14.90,     32.00,     25.03,0,0,0,3,3,3,U2 
H5,840,2019,611490,     18.50,      0.90,     12.00,      6.17,0,0,0,3,3,3,U2 
H5,840,2019,611510,     83.50,      0.00,     16.00,     11.93,0,1,0,6,7,7,U2 
H5,840,2019,611521,     16.00,     16.00,     16.00,     16.00,0,0,0,1,1,1,U2 
H5,840,2019,611522,     14.90,     14.90,     14.90,     14.90,0,0,0,1,1,1,U2 
H5,840,2019,611529,     18.60,      2.60,     16.00,      9.30,0,0,0,2,2,2,U2 
H5,840,2019,611530,     17.30,      2.70,     14.60,      8.65,0,0,0,2,2,2,U2 
H5,840,2019,611594,     11.30,     11.30,     11.30,     11.30,0,0,0,1,1,1,U2 
H5,840,2019,611595,     23.50,     10.00,     13.50,     11.75,0,0,0,2,2,2,U2 
H5,840,2019,611596,     33.40,     14.60,     18.80,     16.70,0,0,0,2,2,2,U2 
H5,840,2019,611599,     44.90,      1.60,     18.80,     11.23,0,0,0,4,4,4,U2 
H5,840,2019,611610,    107.70,      0.00,     23.50,     10.77,0,1,0,9,10,10,U2 
H5,840,2019,611691,      7.51,      7.51,      7.51,      7.51,0,0,1,0,1,1,U2 
H5,840,2019,611692,     68.60,      0.00,     23.50,     11.43,0,1,0,5,6,6,U2 
H5,840,2019,611693,     58.85,      0.00,     18.60,      9.81,0,1,2,3,6,6,U2 
H5,840,2019,611699,     44.20,      0.00,     18.80,      7.37,0,2,0,4,6,6,U2 
H5,840,2019,611710,     31.90,      1.50,     11.30,      7.97,0,0,0,4,4,4,U2 
H5,840,2019,611780,     37.70,      1.20,     14.60,      7.54,0,0,0,5,5,5,U2 
H5,840,2019,611790,     16.90,      2.30,     14.60,      8.45,0,0,0,2,2,2,U2 
H5,840,2019,620111,     17.04,     17.04,     17.04,     17.04,0,0,1,0,1,1,U2 
H5,840,2019,620112,     13.80,      4.40,      9.40,      6.90,0,0,0,2,2,2,U2 
H5,840,2019,620113,     53.33,      4.40,     27.70,     17.78,0,0,1,2,3,3,U2 
H5,840,2019,620119,      2.80,      0.00,      2.80,      1.40,0,1,0,1,2,2,U2 
H5,840,2019,620191,     58.17,      8.50,     20.58,     14.54,0,0,2,2,4,4,U2 
H5,840,2019,620192,     40.00,      4.40,      9.40,      6.67,0,0,0,6,6,6,U2 
H5,840,2019,620193,    150.55,      4.40,     27.70,     15.05,0,0,2,8,10,10,U2 
H5,840,2019,620199,      8.40,      0.00,      4.20,      2.10,0,2,0,2,4,4,U2 
H5,840,2019,620211,     16.95,     16.95,     16.95,     16.95,0,0,1,0,1,1,U2 
H5,840,2019,620212,     13.30,      4.40,      8.90,      6.65,0,0,0,2,2,2,U2 
H5,840,2019,620213,     53.24,      4.40,     27.70,     17.75,0,0,1,2,3,3,U2 
H5,840,2019,620219,      2.80,      0.00,      2.80,      1.40,0,1,0,1,2,2,U2 
H5,840,2019,620291,     61.60,     14.00,     16.80,     15.40,0,0,2,2,4,4,U2 
H5,840,2019,620292,     39.00,      4.40,      8.90,      6.50,0,0,0,6,6,6,U2 
H5,840,2019,620293,    150.45,      4.40,     27.70,     15.05,0,0,2,8,10,10,U2 
H5,840,2019,620299,      5.60,      0.00,      2.80,      1.40,0,2,0,2,4,4,U2 
H5,840,2019,620311,     50.00,      7.50,     17.50,     12.50,0,0,0,4,4,4,U2 
H5,840,2019,620312,     44.80,     17.50,     27.30,     22.40,0,0,0,2,2,2,U2 
H5,840,2019,620319,     61.47,      3.80,     22.47,     12.29,0,0,1,4,5,5,U2 
H5,840,2019,620322,      7.50,      7.50,      7.50,      7.50,1,0,0,1,1,2,U2 
H5,840,2019,620323,,,,,1,0,0,0,0,1,U2 
H5,840,2019,620329,,,,,4,0,0,0,0,4,U2 
H5,840,2019,620331,     35.00,     17.50,     17.50,     17.50,0,0,0,2,2,2,U2 
H5,840,2019,620332,     12.20,      2.80,      9.40,      6.10,0,0,0,2,2,2,U2 
H5,840,2019,620333,     49.30,     22.00,     27.30,     24.65,0,0,0,2,2,2,U2 
H5,840,2019,620339,     56.80,      1.00,     27.30,     14.20,0,0,0,4,4,4,U2 
H5,840,2019,620341,    100.32,      7.60,     17.03,     12.54,0,0,4,4,8,8,U2 
H5,840,2019,620342,     53.80,      0.00,     16.60,      8.97,0,2,0,4,6,6,U2 
H5,840,2019,620343,    169.56,      0.00,     27.90,     13.04,0,2,2,9,13,13,U2 
H5,840,2019,620349,     90.60,      0.00,     27.90,     10.07,0,2,0,7,9,9,U2 
H5,840,2019,620411,     14.00,     14.00,     14.00,     14.00,0,0,0,1,1,1,U2 
H5,840,2019,620412,     14.90,     14.90,     14.90,     14.90,0,0,0,1,1,1,U2 
H5,840,2019,620413,     44.26,     17.00,     27.26,     22.13,0,0,1,1,2,2,U2 
H5,840,2019,620419,     51.80,      1.00,     27.30,     12.95,0,0,1,3,4,4,U2 
H5,840,2019,620421,,,,,1,0,0,0,0,1,U2 
H5,840,2019,620422,      7.50,      7.50,      7.50,      7.50,1,0,0,1,1,2,U2 
H5,840,2019,620423,,,,,1,0,0,0,0,1,U2 
H5,840,2019,620429,,,,,2,0,0,0,0,2,U2 
H5,840,2019,620431,     25.00,      7.50,     17.50,     12.50,0,0,0,2,2,2,U2 
H5,840,2019,620432,     12.20,      2.80,      9.40,      6.10,0,0,0,2,2,2,U2 
H5,840,2019,620433,     59.63,      2.80,     27.30,     14.91,0,0,1,3,4,4,U2 
H5,840,2019,620439,     52.23,      1.00,     27.30,     13.06,0,0,1,3,4,4,U2 
H5,840,2019,620441,     20.80,      7.20,     13.60,     10.40,0,0,0,2,2,2,U2 
H5,840,2019,620442,     25.70,      5.50,     11.80,      8.57,0,0,0,3,3,3,U2 
H5,840,2019,620443,     49.30,      7.10,     16.00,     12.32,0,0,0,4,4,4,U2 
H5,840,2019,620444,     35.80,      8.50,     16.00,     11.93,0,0,0,3,3,3,U2 
H5,840,2019,620449,     13.80,      6.90,      6.90,      6.90,0,0,0,2,2,2,U2 
H5,840,2019,620451,     14.00,     14.00,     14.00,     14.00,0,0,0,1,1,1,U2 
H5,840,2019,620452,     16.20,      8.00,      8.20,      8.10,0,0,0,2,2,2,U2 
H5,840,2019,620453,     42.20,     11.30,     16.00,     14.07,0,0,0,3,3,3,U2 
H5,840,2019,620459,     48.80,      6.60,     16.00,     12.20,0,0,0,4,4,4,U2 
H5,840,2019,620461,     42.40,      7.60,     13.60,     10.60,0,0,0,4,4,4,U2 
H5,840,2019,620462,     58.10,      0.00,     16.60,      8.30,0,2,0,5,7,7,U2 
H5,840,2019,620463,    153.90,      0.00,     28.60,     11.84,0,2,0,11,13,13,U2 
H5,840,2019,620469,    133.60,      1.10,     28.60,     11.13,0,0,0,12,12,12,U2 
H5,840,2019,620520,     28.40,      8.70,     19.70,     14.20,0,0,0,2,2,2,U2 
H5,840,2019,620530,     61.15,     12.20,     27.14,     20.38,0,0,2,1,3,3,U2 
H5,840,2019,620590,     37.70,      1.10,     17.50,      7.54,0,0,0,5,5,5,U2 
H5,840,2019,620610,      6.90,      6.90,      6.90,      6.90,0,0,0,1,1,1,U2 
H5,840,2019,620620,     32.60,      7.10,     17.00,     10.87,0,0,0,3,3,3,U2 
H5,840,2019,620630,     27.90,      3.50,     15.40,      9.30,0,0,0,3,3,3,U2 
H5,840,2019,620640,     58.14,      4.00,     26.90,     14.53,0,0,1,3,4,4,U2 
H5,840,2019,620690,      6.70,      6.70,      6.70,      6.70,0,0,0,1,1,1,U2 
H5,840,2019,620711,      6.10,      6.10,      6.10,      6.10,0,0,0,1,1,1,U2 
H5,840,2019,620719,     12.20,      1.70,     10.50,      6.10,0,0,0,2,2,2,U2 
H5,840,2019,620721,      8.90,      8.90,      8.90,      8.90,0,0,0,1,1,1,U2 
H5,840,2019,620722,     16.00,     16.00,     16.00,     16.00,0,0,0,1,1,1,U2 
H5,840,2019,620729,      8.20,      1.10,      7.10,      4.10,0,0,0,2,2,2,U2 
H5,840,2019,620791,     14.50,      6.10,      8.40,      7.25,0,0,0,2,2,2,U2 
H5,840,2019,620799,     48.20,      1.10,     14.90,      8.03,0,0,0,6,6,6,U2 
H5,840,2019,620811,     14.90,     14.90,     14.90,     14.90,0,0,0,1,1,1,U2 
H5,840,2019,620819,     21.30,      1.40,     11.20,      7.10,0,0,0,3,3,3,U2 
H5,840,2019,620821,      8.90,      8.90,      8.90,      8.90,0,0,0,1,1,1,U2 
H5,840,2019,620822,     16.00,     16.00,     16.00,     16.00,0,0,0,1,1,1,U2 
H5,840,2019,620829,      8.20,      1.10,      7.10,      4.10,0,0,0,2,2,2,U2 
H5,840,2019,620891,     18.70,      7.50,     11.20,      9.35,0,0,0,2,2,2,U2 
H5,840,2019,620892,     16.00,     16.00,     16.00,     16.00,0,0,0,1,1,1,U2 
H5,840,2019,620899,     19.50,      1.10,      8.50,      4.88,0,0,0,4,4,4,U2 
H5,840,2019,620920,     50.90,      9.30,     14.90,     12.73,0,0,0,4,4,4,U2 
H5,840,2019,620930,     66.60,     16.00,     28.60,     22.20,0,0,0,3,3,3,U2 
H5,840,2019,620990,     69.81,      0.00,     22.00,     11.63,0,1,1,4,6,6,U2 
H5,840,2019,621010,     27.30,      0.00,     16.00,      6.82,0,1,0,3,4,4,U2 
H5,840,2019,621020,     20.40,      3.30,      7.10,      5.10,0,0,0,4,4,4,U2 
H5,840,2019,621030,     20.40,      3.30,      7.10,      5.10,0,0,0,4,4,4,U2 
H5,840,2019,621040,     40.80,      3.30,      7.10,      5.10,0,0,0,8,8,8,U2 
H5,840,2019,621050,     40.80,      3.30,      7.10,      5.10,0,0,0,8,8,8,U2 
H5,840,2019,621111,     39.30,      4.00,     27.80,     13.10,0,0,0,3,3,3,U2 
H5,840,2019,621112,     20.50,      1.20,     11.80,      6.83,0,0,0,3,3,3,U2 
H5,840,2019,621120,    252.40,      0.70,     28.60,     16.83,0,0,0,15,15,15,U2 
H5,840,2019,621132,     16.20,      8.10,      8.10,      8.10,0,0,0,2,2,2,U2 
H5,840,2019,621133,     32.00,     16.00,     16.00,     16.00,0,0,0,2,2,2,U2 
H5,840,2019,621139,     30.60,      0.50,     12.00,      5.10,0,0,0,6,6,6,U2 
H5,840,2019,621142,     16.20,      8.10,      8.10,      8.10,0,0,0,2,2,2,U2 
H5,840,2019,621143,     32.00,     16.00,     16.00,     16.00,0,0,0,2,2,2,U2 
H5,840,2019,621149,     41.00,      1.20,     12.00,      6.83,0,0,0,6,6,6,U2 
H5,840,2019,621210,     41.30,      2.70,     16.90,     10.32,0,0,0,4,4,4,U2 
H5,840,2019,621220,     20.00,     20.00,     20.00,     20.00,0,0,0,1,1,1,U2 
H5,840,2019,621230,     23.50,     23.50,     23.50,     23.50,0,0,0,1,1,1,U2 
H5,840,2019,621290,      6.60,      6.60,      6.60,      6.60,0,0,0,1,1,1,U2 
H5,840,2019,621320,     20.30,      7.10,     13.20,     10.15,0,0,0,2,2,2,U2 
H5,840,2019,621390,     21.00,      1.10,     10.80,      5.25,0,0,0,4,4,4,U2 
H5,840,2019,621410,      5.10,      1.20,      3.90,      2.55,0,0,0,2,2,2,U2 
H5,840,2019,621420,      6.70,      6.70,      6.70,      6.70,0,0,0,1,1,1,U2 
H5,840,2019,621430,      5.30,      5.30,      5.30,      5.30,0,0,0,1,1,1,U2 
H5,840,2019,621440,      5.30,      5.30,      5.30,      5.30,0,0,0,1,1,1,U2 
H5,840,2019,621490,     11.30,     11.30,     11.30,     11.30,0,0,0,1,1,1,U2 
H5,840,2019,621510,      7.20,      7.20,      7.20,      7.20,0,0,0,1,1,1,U2 
H5,840,2019,621520,     13.72,     13.72,     13.72,     13.72,0,0,1,0,1,1,U2 
H5,840,2019,621590,      5.00,      5.00,      5.00,      5.00,0,0,0,1,1,1,U2 
H5,840,2019,621600,    176.13,      0.00,     23.50,      8.81,0,3,4,13,20,20,U2 
H5,840,2019,621710,     31.50,      2.30,     14.60,     10.50,0,0,0,3,3,3,U2 
H5,840,2019,621790,     16.90,      2.30,     14.60,      8.45,0,0,0,2,2,2,U2 
H5,840,2019,630110,     11.40,     11.40,     11.40,     11.40,0,0,0,1,1,1,U2 
H5,840,2019,630120,      0.00,      0.00,      0.00,      0.00,0,1,0,0,1,1,U2 
H5,840,2019,630130,      8.40,      8.40,      8.40,      8.40,0,0,0,1,1,1,U2 
H5,840,2019,630140,      8.50,      8.50,      8.50,      8.50,0,0,0,1,1,1,U2 
H5,840,2019,630190,      7.20,      7.20,      7.20,      7.20,0,0,0,1,1,1,U2 
H5,840,2019,630210,      6.00,      6.00,      6.00,      6.00,0,0,0,1,1,1,U2 
H5,840,2019,630221,     42.00,      2.50,     20.90,     10.50,0,0,0,4,4,4,U2 
H5,840,2019,630222,     26.30,     11.40,     14.90,     13.15,0,0,0,2,2,2,U2 
H5,840,2019,630229,      4.50,      4.50,      4.50,      4.50,0,0,0,1,1,1,U2 
H5,840,2019,630231,     43.30,      3.80,     20.90,     10.82,0,0,0,4,4,4,U2 
H5,840,2019,630232,     26.30,     11.40,     14.90,     13.15,0,0,0,2,2,2,U2 
H5,840,2019,630239,      4.30,      4.30,      4.30,      4.30,0,0,0,1,1,1,U2 
H5,840,2019,630240,     13.20,      6.40,      6.80,      6.60,0,0,0,2,2,2,U2 
H5,840,2019,630251,     23.00,      4.80,      6.30,      5.75,0,0,0,4,4,4,U2 
H5,840,2019,630253,     11.30,     11.30,     11.30,     11.30,0,0,0,1,1,1,U2 
H5,840,2019,630259,     13.90,      0.00,      8.80,      4.63,0,1,0,2,3,3,U2 
H5,840,2019,630260,      9.10,      9.10,      9.10,      9.10,0,0,0,1,1,1,U2 
H5,840,2019,630291,      9.20,      9.20,      9.20,      9.20,0,0,0,1,1,1,U2 
H5,840,2019,630293,     16.10,      6.20,      9.90,      8.05,0,0,0,2,2,2,U2 
H5,840,2019,630299,     11.10,      0.00,      8.40,      3.70,0,1,0,2,3,3,U2 
H5,840,2019,630312,     11.30,     11.30,     11.30,     11.30,0,0,0,1,1,1,U2 
H5,840,2019,630319,     16.70,      6.40,     10.30,      8.35,0,0,0,2,2,2,U2 
H5,840,2019,630391,     10.30,     10.30,     10.30,     10.30,0,0,0,1,1,1,U2 
H5,840,2019,630392,     22.60,     11.30,     11.30,     11.30,0,0,0,2,2,2,U2 
H5,840,2019,630399,     11.30,     11.30,     11.30,     11.30,0,0,0,1,1,1,U2 
H5,840,2019,630411,     24.40,      5.90,     12.00,      8.13,0,0,0,3,3,3,U2 
H5,840,2019,630419,     44.10,      4.40,     14.90,      8.82,0,0,0,5,5,5,U2 
H5,840,2019,630420,      5.80,      5.80,      5.80,      5.80,0,0,0,1,1,1,U2 
H5,840,2019,630491,      5.80,      5.80,      5.80,      5.80,0,0,0,1,1,1,U2 
H5,840,2019,630492,      6.30,      6.30,      6.30,      6.30,0,0,0,1,1,1,U2 
H5,840,2019,630493,      9.30,      9.30,      9.30,      9.30,0,0,0,1,1,1,U2 
H5,840,2019,630499,     44.70,      3.20,     11.30,      7.45,0,0,0,6,6,6,U2 
H5,840,2019,630510,      0.00,      0.00,      0.00,      0.00,0,1,0,0,1,1,U2 
H5,840,2019,630520,      6.20,      6.20,      6.20,      6.20,0,0,0,1,1,1,U2 
H5,840,2019,630532,      8.40,      8.40,      8.40,      8.40,0,0,0,1,1,1,U2 
H5,840,2019,630533,      8.40,      8.40,      8.40,      8.40,0,0,0,1,1,1,U2 
H5,840,2019,630539,      8.40,      8.40,      8.40,      8.40,0,0,0,1,1,1,U2 
H5,840,2019,630590,      6.20,      6.20,      6.20,      6.20,0,0,0,1,1,1,U2 
H5,840,2019,630612,      8.80,      8.80,      8.80,      8.80,0,0,0,1,1,1,U2 
H5,840,2019,630619,     13.10,      5.10,      8.00,      6.55,0,0,0,2,2,2,U2 
H5,840,2019,630622,      8.80,      0.00,      8.80,      4.40,0,1,0,1,2,2,U2 
H5,840,2019,630629,     10.90,      2.90,      8.00,      5.45,0,0,0,2,2,2,U2 
H5,840,2019,630630,      0.00,      0.00,      0.00,      0.00,0,1,0,0,1,1,U2 
H5,840,2019,630640,      7.40,      3.70,      3.70,      3.70,0,0,0,2,2,2,U2 
H5,840,2019,630690,      8.00,      3.50,      4.50,      4.00,0,0,0,2,2,2,U2 
H5,840,2019,630710,      9.40,      4.10,      5.30,      4.70,0,0,0,2,2,2,U2 
H5,840,2019,630720,      4.50,      4.50,      4.50,      4.50,0,0,0,1,1,1,U2 
H5,840,2019,630790,     36.50,      0.00,      7.90,      3.65,0,4,0,6,10,10,U2 
H5,840,2019,630800,     11.40,     11.40,     11.40,     11.40,0,0,0,1,1,1,U2 
H5,840,2019,630900,      0.00,      0.00,      0.00,      0.00,0,1,0,0,1,1,U2 
H5,840,2019,631010,      0.00,      0.00,      0.00,      0.00,0,2,0,0,2,2,U2 
H5,840,2019,631090,     11.48,      0.00,     11.48,      5.74,0,1,1,0,2,2,U2 
H5,840,2019,640110,     37.50,     37.50,     37.50,     37.50,0,0,0,1,1,1,U2 
H5,840,2019,640192,     42.10,      0.00,     37.50,     14.03,0,1,0,2,3,3,U2 
H5,840,2019,640199,    137.50,      0.00,     37.50,     27.50,0,1,0,4,5,5,U2 
H5,840,2019,640212,      0.00,      0.00,      0.00,      0.00,0,1,0,0,1,1,U2 
H5,840,2019,640219,     76.52,      0.00,     35.71,     12.75,0,1,2,3,6,6,U2 
H5,840,2019,640220,      0.00,      0.00,      0.00,      0.00,0,1,0,0,1,1,U2 
H5,840,2019,640291,    363.74,      6.00,     48.00,     27.98,0,0,4,9,13,13,U2 
H5,840,2019,640299,    479.43,      3.00,     49.23,     23.97,0,0,4,16,20,20,U2 
H5,840,2019,640312,      0.00,      0.00,      0.00,      0.00,0,2,0,0,2,2,U2 
H5,840,2019,640319,     27.80,      0.00,     10.00,      4.63,0,2,0,4,6,6,U2 
H5,840,2019,640320,      0.00,      0.00,      0.00,      0.00,0,1,0,0,1,1,U2 
H5,840,2019,640340,     13.50,      5.00,      8.50,      6.75,0,0,0,2,2,2,U2 
H5,840,2019,640351,     23.50,      0.00,     10.00,      5.88,0,1,0,3,4,4,U2 
H5,840,2019,640359,     26.00,      0.00,     10.00,      5.20,0,1,0,4,5,5,U2 
H5,840,2019,640391,     23.50,      0.00,     10.00,      5.88,0,1,0,3,4,4,U2 
H5,840,2019,640399,     38.50,      0.00,     10.00,      6.42,0,1,0,5,6,6,U2 
H5,840,2019,640411,    282.77,      7.50,     48.00,     20.20,0,0,2,12,14,14,U2 
H5,840,2019,640419,    425.23,      7.50,     48.00,     19.33,0,0,2,20,22,22,U2 
H5,840,2019,640420,     62.50,     10.00,     37.50,     20.83,0,0,0,3,3,3,U2 
H5,840,2019,640510,     10.00,     10.00,     10.00,     10.00,0,0,0,1,1,1,U2 
H5,840,2019,640520,     22.50,      2.50,     12.50,      7.50,0,0,0,3,3,3,U2 
H5,840,2019,640590,     16.30,      3.80,     12.50,      8.15,0,0,0,2,2,2,U2 
H5,840,2019,640610,    133.70,      0.00,     33.60,      9.55,2,3,0,11,14,16,U2 
H5,840,2019,640620,      2.70,      2.70,      2.70,      2.70,0,0,0,1,1,1,U2 
H5,840,2019,640690,     22.80,      0.00,     14.90,      4.56,0,2,0,3,5,5,U2 
H5,840,2019,650100,     11.24,      0.00,     11.24,      5.62,1,1,1,0,2,3,U2 
H5,840,2019,650200,     10.80,      0.00,      6.80,      3.60,1,1,0,2,3,4,U2 
H5,840,2019,650400,     12.80,      6.00,      6.80,      6.40,1,0,0,2,2,3,U2 
H5,840,2019,650500,     84.22,      0.00,      9.08,      7.02,1,1,5,6,12,13,U2 
H5,840,2019,650610,      0.00,      0.00,      0.00,      0.00,0,2,0,0,2,2,U2 
H5,840,2019,650691,      0.00,      0.00,      0.00,      0.00,0,1,0,0,1,1,U2 
H5,840,2019,650699,     11.80,      3.30,      8.50,      5.90,0,0,0,2,2,2,U2 
H5,840,2019,650700,      0.00,      0.00,      0.00,      0.00,0,1,0,0,1,1,U2 
H5,840,2019,660110,      6.50,      6.50,      6.50,      6.50,0,0,0,1,1,1,U2 
H5,840,2019,660191,      0.00,      0.00,      0.00,      0.00,0,1,0,0,1,1,U2 
H5,840,2019,660199,      8.20,      8.20,      8.20,      8.20,0,0,0,1,1,1,U2 
H5,840,2019,660200,      4.00,      4.00,      4.00,      4.00,0,0,0,1,1,1,U2 
H5,840,2019,660320,     12.00,      0.00,     12.00,      6.00,0,1,0,1,2,2,U2 
H5,840,2019,660390,      5.20,      0.00,      5.20,      2.60,0,1,0,1,2,2,U2 
H5,840,2019,670100,      9.40,      4.70,      4.70,      4.70,0,0,0,2,2,2,U2 
H5,840,2019,670210,     11.80,      3.40,      8.40,      5.90,0,0,0,2,2,2,U2 
H5,840,2019,670290,     30.70,      4.70,     17.00,     10.23,0,0,0,3,3,3,U2 
H5,840,2019,670300,      0.00,      0.00,      0.00,      0.00,0,2,0,0,2,2,U2 
H5,840,2019,670411,      0.00,      0.00,      0.00,      0.00,0,1,0,0,1,1,U2 
H5,840,2019,670419,      0.00,      0.00,      0.00,      0.00,0,1,0,0,1,1,U2 
H5,840,2019,670420,      0.00,      0.00,      0.00,      0.00,0,1,0,0,1,1,U2 
H5,840,2019,670490,      0.00,      0.00,      0.00,      0.00,0,1,0,0,1,1,U2 
H5,840,2019,680100,      2.80,      2.80,      2.80,      2.80,0,0,0,1,1,1,U2 
H5,840,2019,680210,      4.80,      4.80,      4.80,      4.80,0,0,0,1,1,1,U2 
H5,840,2019,680221,      6.10,      1.90,      4.20,      3.05,0,0,0,2,2,2,U2 
H5,840,2019,680223,      3.70,      3.70,      3.70,      3.70,0,0,0,1,1,1,U2 
H5,840,2019,680229,     10.90,      4.90,      6.00,      5.45,0,0,0,2,2,2,U2 
H5,840,2019,680291,     20.00,      2.50,      4.90,      4.00,0,0,0,5,5,5,U2 
H5,840,2019,680292,      4.90,      4.90,      4.90,      4.90,0,0,0,1,1,1,U2 
H5,840,2019,680293,      3.70,      3.70,      3.70,      3.70,0,0,0,1,1,1,U2 
H5,840,2019,680299,      6.50,      6.50,      6.50,      6.50,0,0,0,1,1,1,U2 
H5,840,2019,680300,      3.30,      0.00,      3.30,      1.65,0,1,0,1,2,2,U2 
H5,840,2019,680410,      0.00,      0.00,      0.00,      0.00,0,1,0,0,1,1,U2 
H5,840,2019,680421,      0.00,      0.00,      0.00,      0.00,0,1,0,0,1,1,U2 
H5,840,2019,680422,      2.75,      0.00,      2.75,      0.92,0,2,1,0,3,3,U2 
H5,840,2019,680423,      0.00,      0.00,      0.00,      0.00,0,1,0,0,1,1,U2 
H5,840,2019,680430,      0.00,      0.00,      0.00,      0.00,0,1,0,0,1,1,U2 
H5,840,2019,680510,      0.00,      0.00,      0.00,      0.00,0,1,0,0,1,1,U2 
H5,840,2019,680520,      0.00,      0.00,      0.00,      0.00,0,1,0,0,1,1,U2 
H5,840,2019,680530,      0.00,      0.00,      0.00,      0.00,0,2,0,0,2,2,U2 
H5,840,2019,680610,      3.90,      3.90,      3.90,      3.90,0,0,0,1,1,1,U2 
H5,840,2019,680620,      0.00,      0.00,      0.00,      0.00,0,1,0,0,1,1,U2 
H5,840,2019,680690,      0.00,      0.00,      0.00,      0.00,0,1,0,0,1,1,U2 
H5,840,2019,680710,      0.00,      0.00,      0.00,      0.00,0,1,0,0,1,1,U2 
H5,840,2019,680790,      2.70,      2.70,      2.70,      2.70,0,0,0,1,1,1,U2 
H5,840,2019,680800,      0.00,      0.00,      0.00,      0.00,0,1,0,0,1,1,U2 
H5,840,2019,680911,      0.00,      0.00,      0.00,      0.00,0,1,0,0,1,1,U2 
H5,840,2019,680919,      3.00,      3.00,      3.00,      3.00,0,0,0,1,1,1,U2 
H5,840,2019,680990,      0.00,      0.00,      0.00,      0.00,0,1,0,0,1,1,U2 
H5,840,2019,681011,      3.20,      3.20,      3.20,      3.20,0,0,0,1,1,1,U2 
H5,840,2019,681019,     17.80,      3.90,      9.00,      5.93,0,0,0,3,3,3,U2 
H5,840,2019,681091,      0.00,      0.00,      0.00,      0.00,0,1,0,0,1,1,U2 
H5,840,2019,681099,      0.00,      0.00,      0.00,      0.00,0,1,0,0,1,1,U2 
H5,840,2019,681140,      0.00,      0.00,      0.00,      0.00,0,1,0,0,1,1,U2 
H5,840,2019,681181,      0.00,      0.00,      0.00,      0.00,0,1,0,0,1,1,U2 
H5,840,2019,681182,      0.00,      0.00,      0.00,      0.00,0,1,0,0,1,1,U2 
H5,840,2019,681189,      0.00,      0.00,      0.00,      0.00,0,2,0,0,2,2,U2 
H5,840,2019,681280,      8.30,      0.00,      8.30,      4.15,0,1,0,1,2,2,U2 
H5,840,2019,681291,      8.30,      0.00,      8.30,      4.15,0,1,0,1,2,2,U2 
H5,840,2019,681292,      0.00,      0.00,      0.00,      0.00,0,1,0,0,1,1,U2 
H5,840,2019,681293,      0.00,      0.00,      0.00,      0.00,0,1,0,0,1,1,U2 
H5,840,2019,681299,      0.00,      0.00,      0.00,      0.00,0,1,0,0,1,1,U2 
H5,840,2019,681320,      0.00,      0.00,      0.00,      0.00,0,1,0,0,1,1,U2 
H5,840,2019,681381,      0.00,      0.00,      0.00,      0.00,0,1,0,0,1,1,U2 
H5,840,2019,681389,      0.00,      0.00,      0.00,      0.00,0,1,0,0,1,1,U2 
H5,840,2019,681410,      2.70,      2.70,      2.70,      2.70,0,0,0,1,1,1,U2 
H5,840,2019,681490,      2.60,      2.60,      2.60,      2.60,0,0,0,1,1,1,U2 
H5,840,2019,681510,      0.00,      0.00,      0.00,      0.00,0,1,0,0,1,1,U2 
H5,840,2019,681520,      0.00,      0.00,      0.00,      0.00,0,1,0,0,1,1,U2 
H5,840,2019,681591,      0.00,      0.00,      0.00,      0.00,0,1,0,0,1,1,U2 
H5,840,2019,681599,      0.00,      0.00,      0.00,      0.00,0,2,0,0,2,2,U2 
H5,840,2019,690100,      0.00,      0.00,      0.00,      0.00,0,1,0,0,1,1,U2 
H5,840,2019,690210,      0.00,      0.00,      0.00,      0.00,0,2,0,0,2,2,U2 
H5,840,2019,690220,      0.00,      0.00,      0.00,      0.00,0,2,0,0,2,2,U2 
H5,840,2019,690290,      0.00,      0.00,      0.00,      0.00,0,2,0,0,2,2,U2 
H5,840,2019,690310,      0.00,      0.00,      0.00,      0.00,0,1,0,0,1,1,U2 
H5,840,2019,690320,      0.00,      0.00,      0.00,      0.00,0,1,0,0,1,1,U2 
H5,840,2019,690390,      0.00,      0.00,      0.00,      0.00,0,1,0,0,1,1,U2 
H5,840,2019,690410,      0.00,      0.00,      0.00,      0.00,0,1,0,0,1,1,U2 
H5,840,2019,690490,      0.00,      0.00,      0.00,      0.00,0,1,0,0,1,1,U2 
H5,840,2019,690510,     13.50,     13.50,     13.50,     13.50,0,0,0,1,1,1,U2 
H5,840,2019,690590,      3.20,      3.20,      3.20,      3.20,0,0,0,1,1,1,U2 
H5,840,2019,690600,      0.00,      0.00,      0.00,      0.00,0,1,0,0,1,1,U2 
H5,840,2019,690721,     47.00,      8.50,     10.00,      9.40,0,0,0,5,5,5,U2 
H5,840,2019,690722,     47.00,      8.50,     10.00,      9.40,0,0,0,5,5,5,U2 
H5,840,2019,690723,     47.00,      8.50,     10.00,      9.40,0,0,0,5,5,5,U2 
H5,840,2019,690730,     47.00,      8.50,     10.00,      9.40,0,0,0,5,5,5,U2 
H5,840,2019,690740,     47.00,      8.50,     10.00,      9.40,0,0,0,5,5,5,U2 
H5,840,2019,690911,      4.50,      0.00,      4.50,      2.25,0,1,0,1,2,2,U2 
H5,840,2019,690912,      4.00,      4.00,      4.00,      4.00,0,0,0,1,1,1,U2 
H5,840,2019,690919,      4.00,      0.00,      4.00,      2.00,0,1,0,1,2,2,U2 
H5,840,2019,690990,      4.00,      4.00,      4.00,      4.00,0,0,0,1,1,1,U2 
H5,840,2019,691010,      5.80,      5.80,      5.80,      5.80,0,0,0,1,1,1,U2 
H5,840,2019,691090,      5.70,      5.70,      5.70,      5.70,0,0,0,1,1,1,U2 
H5,840,2019,691110,    154.90,      6.00,     26.00,     12.91,0,0,0,12,12,12,U2 
H5,840,2019,691190,      5.40,      5.40,      5.40,      5.40,0,0,0,1,1,1,U2 
H5,840,2019,691200,     87.00,      0.70,     28.00,      8.70,0,0,0,10,10,10,U2 
H5,840,2019,691310,      3.30,      0.00,      3.30,      1.10,0,2,0,1,3,3,U2 
H5,840,2019,691390,      6.00,      0.00,      6.00,      1.50,0,3,0,1,4,4,U2 
H5,840,2019,691410,      9.00,      0.00,      9.00,      4.50,0,1,0,1,2,2,U2 
H5,840,2019,691490,      5.60,      0.00,      5.60,      2.80,0,1,0,1,2,2,U2 
H5,840,2019,700100,      3.00,      0.00,      3.00,      1.00,0,2,0,1,3,3,U2 
H5,840,2019,700210,      3.90,      0.00,      3.90,      1.95,0,1,0,1,2,2,U2 
H5,840,2019,700220,      6.00,      0.00,      6.00,      3.00,0,1,0,1,2,2,U2 
H5,840,2019,700231,      0.00,      0.00,      0.00,      0.00,0,1,0,0,1,1,U2 
H5,840,2019,700232,      6.00,      6.00,      6.00,      6.00,0,0,0,1,1,1,U2 
H5,840,2019,700239,      6.00,      6.00,      6.00,      6.00,0,0,0,1,1,1,U2 
H5,840,2019,700312,      1.40,      1.40,      1.40,      1.40,0,0,0,1,1,1,U2 
H5,840,2019,700319,      1.30,      1.30,      1.30,      1.30,0,0,0,1,1,1,U2 
H5,840,2019,700320,      1.10,      1.10,      1.10,      1.10,0,0,0,1,1,1,U2 
H5,840,2019,700330,      6.30,      6.30,      6.30,      6.30,0,0,0,1,1,1,U2 
H5,840,2019,700420,      9.54,      0.00,      7.20,      3.18,0,1,1,1,3,3,U2 
H5,840,2019,700490,      5.16,      0.00,      5.00,      0.65,0,6,1,1,8,8,U2 
H5,840,2019,700510,      4.40,      0.00,      4.40,      2.20,0,1,0,1,2,2,U2 
H5,840,2019,700521,      8.80,      3.20,      5.60,      4.40,0,0,1,1,2,2,U2 
H5,840,2019,700529,     11.26,      0.00,      4.90,      2.25,0,2,2,1,5,5,U2 
H5,840,2019,700530,      2.08,      2.08,      2.08,      2.08,0,0,1,0,1,1,U2 
H5,840,2019,700600,     20.10,      4.90,      8.80,      6.70,0,0,0,3,3,3,U2 
H5,840,2019,700711,      5.50,      5.50,      5.50,      5.50,0,0,0,1,1,1,U2 
H5,840,2019,700719,      5.00,      5.00,      5.00,      5.00,0,0,0,1,1,1,U2 
H5,840,2019,700721,      9.80,      4.90,      4.90,      4.90,0,0,0,2,2,2,U2 
H5,840,2019,700729,      4.90,      4.90,      4.90,      4.90,0,0,0,1,1,1,U2 
H5,840,2019,700800,      3.90,      3.90,      3.90,      3.90,0,0,0,1,1,1,U2 
H5,840,2019,700910,      3.90,      3.90,      3.90,      3.90,0,0,0,1,1,1,U2 
H5,840,2019,700991,     14.30,      6.50,      7.80,      7.15,0,0,0,2,2,2,U2 
H5,840,2019,700992,     14.30,      6.50,      7.80,      7.15,0,0,0,2,2,2,U2 
H5,840,2019,701010,      0.00,      0.00,      0.00,      0.00,0,1,0,0,1,1,U2 
H5,840,2019,701020,      7.70,      2.50,      5.20,      3.85,0,0,0,2,2,2,U2 
H5,840,2019,701090,      7.70,      0.00,      5.20,      1.92,0,2,0,2,4,4,U2 
H5,840,2019,701110,      4.60,      0.00,      4.60,      2.30,0,1,0,1,2,2,U2 
H5,840,2019,701120,     10.40,      0.00,      5.20,      3.47,0,1,0,2,3,3,U2 
H5,840,2019,701190,      6.60,      6.60,      6.60,      6.60,0,0,0,1,1,1,U2 
H5,840,2019,701310,     32.90,      6.90,     26.00,     16.45,0,0,0,2,2,2,U2 
H5,840,2019,701322,     39.30,      3.00,     15.00,      9.82,0,0,0,4,4,4,U2 
H5,840,2019,701328,     92.30,      5.00,     28.50,     13.19,0,0,0,7,7,7,U2 
H5,840,2019,701333,     39.30,      3.00,     15.00,      9.82,0,0,0,4,4,4,U2 
H5,840,2019,701337,     92.30,      5.00,     28.50,     13.19,0,0,0,7,7,7,U2 
H5,840,2019,701341,     45.50,      6.00,     15.00,     11.38,0,0,0,4,4,4,U2 
H5,840,2019,701342,     53.50,      7.20,     22.50,     13.38,0,0,0,4,4,4,U2 
H5,840,2019,701349,     75.70,      7.20,     22.50,     12.62,0,0,0,6,6,6,U2 
H5,840,2019,701391,     50.50,      6.00,     20.00,     12.63,0,0,0,4,4,4,U2 
H5,840,2019,701399,    151.80,      6.60,     38.00,     15.18,0,0,0,10,10,10,U2 
H5,840,2019,701400,     15.80,      3.30,      5.00,      3.95,0,0,0,4,4,4,U2 
H5,840,2019,701510,      0.00,      0.00,      0.00,      0.00,0,1,0,0,1,1,U2 
H5,840,2019,701590,      0.00,      0.00,      0.00,      0.00,0,3,0,0,3,3,U2 
H5,840,2019,701610,      2.70,      2.70,      2.70,      2.70,0,0,0,1,1,1,U2 
H5,840,2019,701690,     13.00,      5.00,      8.00,      6.50,0,0,0,2,2,2,U2 
H5,840,2019,701710,      4.60,      0.00,      4.60,      2.30,0,1,0,1,2,2,U2 
H5,840,2019,701720,      6.70,      6.70,      6.70,      6.70,0,0,0,1,1,1,U2 
H5,840,2019,701790,      6.70,      0.00,      6.70,      3.35,0,1,0,1,2,2,U2 
H5,840,2019,701810,      4.00,      0.00,      4.00,      1.33,0,2,0,1,3,3,U2 
H5,840,2019,701820,      5.00,      5.00,      5.00,      5.00,0,0,0,1,1,1,U2 
H5,840,2019,701890,      9.80,      3.20,      6.60,      4.90,0,0,0,2,2,2,U2 
H5,840,2019,701911,      4.90,      4.90,      4.90,      4.90,0,0,0,1,1,1,U2 
H5,840,2019,701912,      4.80,      4.80,      4.80,      4.80,0,0,0,1,1,1,U2 
H5,840,2019,701919,     22.60,      0.00,      7.00,      3.23,0,3,0,4,7,7,U2 
H5,840,2019,701931,      4.30,      4.30,      4.30,      4.30,0,0,0,1,1,1,U2 
H5,840,2019,701932,      4.30,      4.30,      4.30,      4.30,0,0,0,1,1,1,U2 
H5,840,2019,701939,      9.80,      4.90,      4.90,      4.90,0,0,0,2,2,2,U2 
H5,840,2019,701940,     20.30,      0.00,      7.30,      3.38,0,3,0,3,6,6,U2 
H5,840,2019,701951,      6.00,      0.00,      6.00,      3.00,0,1,0,1,2,2,U2 
H5,840,2019,701952,     14.30,      0.00,      7.30,      3.58,0,2,0,2,4,4,U2 
H5,840,2019,701959,     14.30,      0.00,      7.30,      3.58,0,2,0,2,4,4,U2 
H5,840,2019,701990,      9.10,      4.30,      4.80,      4.55,0,0,0,2,2,2,U2 
H5,840,2019,702000,     11.60,      0.00,      6.60,      3.87,0,1,0,2,3,3,U2 
H5,840,2019,710110,      0.00,      0.00,      0.00,      0.00,0,2,0,0,2,2,U2 
H5,840,2019,710121,      0.00,      0.00,      0.00,      0.00,0,1,0,0,1,1,U2 
H5,840,2019,710122,      0.00,      0.00,      0.00,      0.00,0,2,0,0,2,2,U2 
H5,840,2019,710210,      0.00,      0.00,      0.00,      0.00,0,1,0,0,1,1,U2 
H5,840,2019,710221,      0.00,      0.00,      0.00,      0.00,0,3,0,0,3,3,U2 
H5,840,2019,710229,      0.00,      0.00,      0.00,      0.00,0,1,0,0,1,1,U2 
H5,840,2019,710231,      0.00,      0.00,      0.00,      0.00,0,1,0,0,1,1,U2 
H5,840,2019,710239,      0.00,      0.00,      0.00,      0.00,0,1,0,0,1,1,U2 
H5,840,2019,710310,     10.50,      0.00,     10.50,      5.25,0,1,0,1,2,2,U2 
H5,840,2019,710391,      0.00,      0.00,      0.00,      0.00,0,1,0,0,1,1,U2 
H5,840,2019,710399,     10.50,      0.00,     10.50,      5.25,0,1,0,1,2,2,U2 
H5,840,2019,710410,      3.00,      3.00,      3.00,      3.00,0,0,0,1,1,1,U2 
H5,840,2019,710420,      3.00,      3.00,      3.00,      3.00,0,0,0,1,1,1,U2 
H5,840,2019,710490,      6.40,      0.00,      6.40,      3.20,0,1,0,1,2,2,U2 
H5,840,2019,710510,      0.00,      0.00,      0.00,      0.00,0,1,0,0,1,1,U2 
H5,840,2019,710590,      0.00,      0.00,      0.00,      0.00,0,1,0,0,1,1,U2 
H5,840,2019,710610,      0.00,      0.00,      0.00,      0.00,0,1,0,0,1,1,U2 
H5,840,2019,710691,      3.00,      0.00,      3.00,      1.50,0,1,0,1,2,2,U2 
H5,840,2019,710692,      3.00,      0.00,      3.00,      1.50,0,1,0,1,2,2,U2 
H5,840,2019,710700,      3.30,      3.30,      3.30,      3.30,0,0,0,1,1,1,U2 
H5,840,2019,710811,      0.00,      0.00,      0.00,      0.00,0,1,0,0,1,1,U2 
H5,840,2019,710812,      4.10,      0.00,      4.10,      2.05,0,1,0,1,2,2,U2 
H5,840,2019,710813,      4.10,      0.00,      4.10,      1.37,0,2,0,1,3,3,U2 
H5,840,2019,710820,      0.00,      0.00,      0.00,      0.00,0,1,0,0,1,1,U2 
H5,840,2019,710900,      6.00,      6.00,      6.00,      6.00,0,0,0,1,1,1,U2 
H5,840,2019,711011,      0.00,      0.00,      0.00,      0.00,0,1,0,0,1,1,U2 
H5,840,2019,711019,      0.00,      0.00,      0.00,      0.00,0,1,0,0,1,1,U2 
H5,840,2019,711021,      0.00,      0.00,      0.00,      0.00,0,1,0,0,1,1,U2 
H5,840,2019,711029,      0.00,      0.00,      0.00,      0.00,0,1,0,0,1,1,U2 
H5,840,2019,711031,      0.00,      0.00,      0.00,      0.00,0,1,0,0,1,1,U2 
H5,840,2019,711039,      0.00,      0.00,      0.00,      0.00,0,1,0,0,1,1,U2 
H5,840,2019,711041,      0.00,      0.00,      0.00,      0.00,0,1,0,0,1,1,U2 
H5,840,2019,711049,      0.00,      0.00,      0.00,      0.00,0,1,0,0,1,1,U2 
H5,840,2019,711100,     10.00,     10.00,     10.00,     10.00,0,0,0,1,1,1,U2 
H5,840,2019,711230,      0.00,      0.00,      0.00,      0.00,0,1,0,0,1,1,U2 
H5,840,2019,711291,      0.00,      0.00,      0.00,      0.00,0,1,0,0,1,1,U2 
H5,840,2019,711292,      0.00,      0.00,      0.00,      0.00,0,1,0,0,1,1,U2 
H5,840,2019,711299,      0.00,      0.00,      0.00,      0.00,0,1,0,0,1,1,U2 
H5,840,2019,711311,     24.80,      5.00,     13.50,      8.27,0,0,0,3,3,3,U2 
H5,840,2019,711319,     34.60,      5.00,      7.00,      5.77,0,0,0,6,6,6,U2 
H5,840,2019,711320,     34.80,      5.20,      7.00,      5.80,0,0,0,6,6,6,U2 
H5,840,2019,711411,     24.60,      2.70,      3.50,      3.08,0,0,0,8,8,8,U2 
H5,840,2019,711419,      7.90,      7.90,      7.90,      7.90,0,0,0,1,1,1,U2 
H5,840,2019,711420,      3.00,      3.00,      3.00,      3.00,0,0,0,1,1,1,U2 
H5,840,2019,711510,      4.00,      4.00,      4.00,      4.00,0,0,0,1,1,1,U2 
H5,840,2019,711590,     10.90,      0.00,      4.00,      2.72,0,1,0,3,4,4,U2 
H5,840,2019,711610,      8.80,      3.30,      5.50,      4.40,0,0,0,2,2,2,U2 
H5,840,2019,711620,     26.90,      0.00,     10.50,      4.48,0,1,0,5,6,6,U2 
H5,840,2019,711711,      8.00,      8.00,      8.00,      8.00,0,0,0,1,1,1,U2 
H5,840,2019,711719,     33.90,      0.00,     11.00,      5.65,0,2,0,4,6,6,U2 
H5,840,2019,711790,     25.40,      0.00,     11.00,      3.17,0,4,0,4,8,8,U2 
H5,840,2019,711810,      0.00,      0.00,      0.00,      0.00,0,1,0,0,1,1,U2 
H5,840,2019,711890,      0.00,      0.00,      0.00,      0.00,0,1,0,0,1,1,U2 
H5,840,2019,720110,      0.00,      0.00,      0.00,      0.00,0,1,0,0,1,1,U2 
H5,840,2019,720120,      0.00,      0.00,      0.00,      0.00,0,1,0,0,1,1,U2 
H5,840,2019,720150,      0.00,      0.00,      0.00,      0.00,0,2,0,0,2,2,U2 
H5,840,2019,720211,      2.90,      1.40,      1.50,      1.45,0,0,0,2,2,2,U2 
H5,840,2019,720219,      3.70,      1.40,      2.30,      1.85,0,0,0,2,2,2,U2 
H5,840,2019,720221,     10.30,      1.10,      5.80,      2.58,0,0,0,4,4,4,U2 
H5,840,2019,720229,      0.00,      0.00,      0.00,      0.00,0,1,0,0,1,1,U2 
H5,840,2019,720230,      3.90,      3.90,      3.90,      3.90,0,0,0,1,1,1,U2 
H5,840,2019,720241,      1.90,      1.90,      1.90,      1.90,0,0,0,1,1,1,U2 
H5,840,2019,720249,      5.00,      1.90,      3.10,      2.50,0,0,0,2,2,2,U2 
H5,840,2019,720250,     10.00,     10.00,     10.00,     10.00,0,0,0,1,1,1,U2 
H5,840,2019,720260,      0.00,      0.00,      0.00,      0.00,0,1,0,0,1,1,U2 
H5,840,2019,720270,      4.50,      4.50,      4.50,      4.50,0,0,0,1,1,1,U2 
H5,840,2019,720280,      5.60,      5.60,      5.60,      5.60,0,0,0,1,1,1,U2 
H5,840,2019,720291,      3.70,      3.70,      3.70,      3.70,0,0,0,1,1,1,U2 
H5,840,2019,720292,      4.20,      4.20,      4.20,      4.20,0,0,0,1,1,1,U2 
H5,840,2019,720293,     10.00,      5.00,      5.00,      5.00,0,0,0,2,2,2,U2 
H5,840,2019,720299,     14.20,      4.20,      5.00,      4.73,0,0,0,3,3,3,U2 
H5,840,2019,720310,      0.00,      0.00,      0.00,      0.00,0,1,0,0,1,1,U2 
H5,840,2019,720390,      0.00,      0.00,      0.00,      0.00,0,1,0,0,1,1,U2 
H5,840,2019,720410,      0.00,      0.00,      0.00,      0.00,0,1,0,0,1,1,U2 
H5,840,2019,720421,      0.00,      0.00,      0.00,      0.00,0,1,0,0,1,1,U2 
H5,840,2019,720429,      0.00,      0.00,      0.00,      0.00,0,1,0,0,1,1,U2 
H5,840,2019,720430,      0.00,      0.00,      0.00,      0.00,0,1,0,0,1,1,U2 
H5,840,2019,720441,      0.00,      0.00,      0.00,      0.00,0,1,0,0,1,1,U2 
H5,840,2019,720449,      0.00,      0.00,      0.00,      0.00,0,1,0,0,1,1,U2 
H5,840,2019,720450,      0.00,      0.00,      0.00,      0.00,0,1,0,0,1,1,U2 
H5,840,2019,720510,      0.00,      0.00,      0.00,      0.00,0,1,0,0,1,1,U2 
H5,840,2019,720521,      0.00,      0.00,      0.00,      0.00,0,1,0,0,1,1,U2 
H5,840,2019,720529,      0.00,      0.00,      0.00,      0.00,0,1,0,0,1,1,U2 
H5,840,2019,720610,      0.00,      0.00,      0.00,      0.00,0,1,0,0,1,1,U2 
H5,840,2019,720690,      0.00,      0.00,      0.00,      0.00,0,1,0,0,1,1,U2 
H5,840,2019,720711,      0.00,      0.00,      0.00,      0.00,0,1,0,0,1,1,U2 
H5,840,2019,720712,      0.00,      0.00,      0.00,      0.00,0,1,0,0,1,1,U2 
H5,840,2019,720719,      0.00,      0.00,      0.00,      0.00,0,1,0,0,1,1,U2 
H5,840,2019,720720,      0.00,      0.00,      0.00,      0.00,0,1,0,0,1,1,U2 
H5,840,2019,720810,      0.00,      0.00,      0.00,      0.00,0,3,0,0,3,3,U2 
H5,840,2019,720825,      0.00,      0.00,      0.00,      0.00,0,2,0,0,2,2,U2 
H5,840,2019,720826,      0.00,      0.00,      0.00,      0.00,0,1,0,0,1,1,U2 
H5,840,2019,720827,      0.00,      0.00,      0.00,      0.00,0,1,0,0,1,1,U2 
H5,840,2019,720836,      0.00,      0.00,      0.00,      0.00,0,1,0,0,1,1,U2 
H5,840,2019,720837,      0.00,      0.00,      0.00,      0.00,0,1,0,0,1,1,U2 
H5,840,2019,720838,      0.00,      0.00,      0.00,      0.00,0,1,0,0,1,1,U2 
H5,840,2019,720839,      0.00,      0.00,      0.00,      0.00,0,1,0,0,1,1,U2 
H5,840,2019,720840,      0.00,      0.00,      0.00,      0.00,0,2,0,0,2,2,U2 
H5,840,2019,720851,      0.00,      0.00,      0.00,      0.00,0,1,0,0,1,1,U2 
H5,840,2019,720852,      0.00,      0.00,      0.00,      0.00,0,1,0,0,1,1,U2 
H5,840,2019,720853,      0.00,      0.00,      0.00,      0.00,0,1,0,0,1,1,U2 
H5,840,2019,720854,      0.00,      0.00,      0.00,      0.00,0,1,0,0,1,1,U2 
H5,840,2019,720890,      0.00,      0.00,      0.00,      0.00,0,1,0,0,1,1,U2 
H5,840,2019,720915,      0.00,      0.00,      0.00,      0.00,0,1,0,0,1,1,U2 
H5,840,2019,720916,      0.00,      0.00,      0.00,      0.00,0,1,0,0,1,1,U2 
H5,840,2019,720917,      0.00,      0.00,      0.00,      0.00,0,1,0,0,1,1,U2 
H5,840,2019,720918,      0.00,      0.00,      0.00,      0.00,0,3,0,0,3,3,U2 
H5,840,2019,720925,      0.00,      0.00,      0.00,      0.00,0,1,0,0,1,1,U2 
H5,840,2019,720926,      0.00,      0.00,      0.00,      0.00,0,1,0,0,1,1,U2 
H5,840,2019,720927,      0.00,      0.00,      0.00,      0.00,0,1,0,0,1,1,U2 
H5,840,2019,720928,      0.00,      0.00,      0.00,      0.00,0,1,0,0,1,1,U2 
H5,840,2019,720990,      0.00,      0.00,      0.00,      0.00,0,1,0,0,1,1,U2 
H5,840,2019,721011,      0.00,      0.00,      0.00,      0.00,0,1,0,0,1,1,U2 
H5,840,2019,721012,      0.00,      0.00,      0.00,      0.00,0,1,0,0,1,1,U2 
H5,840,2019,721020,      0.00,      0.00,      0.00,      0.00,0,1,0,0,1,1,U2 
H5,840,2019,721030,      0.00,      0.00,      0.00,      0.00,0,1,0,0,1,1,U2 
H5,840,2019,721041,      0.00,      0.00,      0.00,      0.00,0,1,0,0,1,1,U2 
H5,840,2019,721049,      0.00,      0.00,      0.00,      0.00,0,1,0,0,1,1,U2 
H5,840,2019,721050,      0.00,      0.00,      0.00,      0.00,0,1,0,0,1,1,U2 
H5,840,2019,721061,      0.00,      0.00,      0.00,      0.00,0,1,0,0,1,1,U2 
H5,840,2019,721069,      0.00,      0.00,      0.00,      0.00,0,1,0,0,1,1,U2 
H5,840,2019,721070,      0.00,      0.00,      0.00,      0.00,0,2,0,0,2,2,U2 
H5,840,2019,721090,      0.00,      0.00,      0.00,      0.00,0,3,0,0,3,3,U2 
H5,840,2019,721113,      0.00,      0.00,      0.00,      0.00,0,1,0,0,1,1,U2 
H5,840,2019,721114,      0.00,      0.00,      0.00,      0.00,0,1,0,0,1,1,U2 
H5,840,2019,721119,      0.00,      0.00,      0.00,      0.00,0,6,0,0,6,6,U2 
H5,840,2019,721123,      0.00,      0.00,      0.00,      0.00,0,5,0,0,5,5,U2 
H5,840,2019,721129,      0.00,      0.00,      0.00,      0.00,0,3,0,0,3,3,U2 
H5,840,2019,721190,      0.00,      0.00,      0.00,      0.00,0,1,0,0,1,1,U2 
H5,840,2019,721210,      0.00,      0.00,      0.00,      0.00,0,1,0,0,1,1,U2 
H5,840,2019,721220,      0.00,      0.00,      0.00,      0.00,0,1,0,0,1,1,U2 
H5,840,2019,721230,      0.00,      0.00,      0.00,      0.00,0,3,0,0,3,3,U2 
H5,840,2019,721240,      0.00,      0.00,      0.00,      0.00,0,2,0,0,2,2,U2 
H5,840,2019,721250,      0.00,      0.00,      0.00,      0.00,0,1,0,0,1,1,U2 
H5,840,2019,721260,      0.00,      0.00,      0.00,      0.00,0,1,0,0,1,1,U2 
H5,840,2019,721310,      0.00,      0.00,      0.00,      0.00,0,1,0,0,1,1,U2 
H5,840,2019,721320,      0.00,      0.00,      0.00,      0.00,0,1,0,0,1,1,U2 
H5,840,2019,721391,      0.00,      0.00,      0.00,      0.00,0,3,0,0,3,3,U2 
H5,840,2019,721399,      0.00,      0.00,      0.00,      0.00,0,1,0,0,1,1,U2 
H5,840,2019,721410,      0.00,      0.00,      0.00,      0.00,0,1,0,0,1,1,U2 
H5,840,2019,721420,      0.00,      0.00,      0.00,      0.00,0,1,0,0,1,1,U2 
H5,840,2019,721430,      0.00,      0.00,      0.00,      0.00,0,1,0,0,1,1,U2 
H5,840,2019,721491,      0.00,      0.00,      0.00,      0.00,0,1,0,0,1,1,U2 
H5,840,2019,721499,      0.00,      0.00,      0.00,      0.00,0,1,0,0,1,1,U2 
H5,840,2019,721510,      0.00,      0.00,      0.00,      0.00,0,1,0,0,1,1,U2 
H5,840,2019,721550,      0.00,      0.00,      0.00,      0.00,0,1,0,0,1,1,U2 
H5,840,2019,721590,      0.00,      0.00,      0.00,      0.00,0,3,0,0,3,3,U2 
H5,840,2019,721610,      0.00,      0.00,      0.00,      0.00,0,1,0,0,1,1,U2 
H5,840,2019,721621,      0.00,      0.00,      0.00,      0.00,0,1,0,0,1,1,U2 
H5,840,2019,721622,      0.00,      0.00,      0.00,      0.00,0,1,0,0,1,1,U2 
H5,840,2019,721631,      0.00,      0.00,      0.00,      0.00,0,1,0,0,1,1,U2 
H5,840,2019,721632,      0.00,      0.00,      0.00,      0.00,0,1,0,0,1,1,U2 
H5,840,2019,721633,      0.00,      0.00,      0.00,      0.00,0,1,0,0,1,1,U2 
H5,840,2019,721640,      0.00,      0.00,      0.00,      0.00,0,1,0,0,1,1,U2 
H5,840,2019,721650,      0.00,      0.00,      0.00,      0.00,0,1,0,0,1,1,U2 
H5,840,2019,721661,      0.00,      0.00,      0.00,      0.00,0,1,0,0,1,1,U2 
H5,840,2019,721669,      0.00,      0.00,      0.00,      0.00,0,1,0,0,1,1,U2 
H5,840,2019,721691,      0.00,      0.00,      0.00,      0.00,0,1,0,0,1,1,U2 
H5,840,2019,721699,      0.00,      0.00,      0.00,      0.00,0,1,0,0,1,1,U2 
H5,840,2019,721710,      0.00,      0.00,      0.00,      0.00,0,9,0,0,9,9,U2 
H5,840,2019,721720,      0.00,      0.00,      0.00,      0.00,0,5,0,0,5,5,U2 
H5,840,2019,721730,      0.00,      0.00,      0.00,      0.00,0,5,0,0,5,5,U2 
H5,840,2019,721790,      0.00,      0.00,      0.00,      0.00,0,2,0,0,2,2,U2 
H5,840,2019,721810,      0.00,      0.00,      0.00,      0.00,0,1,0,0,1,1,U2 
H5,840,2019,721891,      0.00,      0.00,      0.00,      0.00,0,1,0,0,1,1,U2 
H5,840,2019,721899,      0.00,      0.00,      0.00,      0.00,0,1,0,0,1,1,U2 
H5,840,2019,721911,      0.00,      0.00,      0.00,      0.00,0,1,0,0,1,1,U2 
H5,840,2019,721912,      0.00,      0.00,      0.00,      0.00,0,1,0,0,1,1,U2 
H5,840,2019,721913,      0.00,      0.00,      0.00,      0.00,0,1,0,0,1,1,U2 
H5,840,2019,721914,      0.00,      0.00,      0.00,      0.00,0,1,0,0,1,1,U2 
H5,840,2019,721921,      0.00,      0.00,      0.00,      0.00,0,1,0,0,1,1,U2 
H5,840,2019,721922,      0.00,      0.00,      0.00,      0.00,0,1,0,0,1,1,U2 
H5,840,2019,721923,      0.00,      0.00,      0.00,      0.00,0,1,0,0,1,1,U2 
H5,840,2019,721924,      0.00,      0.00,      0.00,      0.00,0,1,0,0,1,1,U2 
H5,840,2019,721931,      0.00,      0.00,      0.00,      0.00,0,1,0,0,1,1,U2 
H5,840,2019,721932,      0.00,      0.00,      0.00,      0.00,0,1,0,0,1,1,U2 
H5,840,2019,721933,      0.00,      0.00,      0.00,      0.00,0,1,0,0,1,1,U2 
H5,840,2019,721934,      0.00,      0.00,      0.00,      0.00,0,1,0,0,1,1,U2 
H5,840,2019,721935,      0.00,      0.00,      0.00,      0.00,0,1,0,0,1,1,U2 
H5,840,2019,721990,      0.00,      0.00,      0.00,      0.00,0,1,0,0,1,1,U2 
H5,840,2019,722011,      0.00,      0.00,      0.00,      0.00,0,1,0,0,1,1,U2 
H5,840,2019,722012,      0.00,      0.00,      0.00,      0.00,0,2,0,0,2,2,U2 
H5,840,2019,722020,      0.00,      0.00,      0.00,      0.00,0,5,0,0,5,5,U2 
H5,840,2019,722090,      0.00,      0.00,      0.00,      0.00,0,1,0,0,1,1,U2 
H5,840,2019,722100,      0.00,      0.00,      0.00,      0.00,0,1,0,0,1,1,U2 
H5,840,2019,722211,      0.00,      0.00,      0.00,      0.00,0,1,0,0,1,1,U2 
H5,840,2019,722219,      0.00,      0.00,      0.00,      0.00,0,1,0,0,1,1,U2 
H5,840,2019,722220,      0.00,      0.00,      0.00,      0.00,0,1,0,0,1,1,U2 
H5,840,2019,722230,      0.00,      0.00,      0.00,      0.00,0,1,0,0,1,1,U2 
H5,840,2019,722240,      0.00,      0.00,      0.00,      0.00,0,2,0,0,2,2,U2 
H5,840,2019,722300,      0.00,      0.00,      0.00,      0.00,0,3,0,0,3,3,U2 
H5,840,2019,722410,      0.00,      0.00,      0.00,      0.00,0,1,0,0,1,1,U2 
H5,840,2019,722490,      0.00,      0.00,      0.00,      0.00,0,1,0,0,1,1,U2 
H5,840,2019,722511,      0.00,      0.00,      0.00,      0.00,0,1,0,0,1,1,U2 
H5,840,2019,722519,      0.00,      0.00,      0.00,      0.00,0,1,0,0,1,1,U2 
H5,840,2019,722530,      0.00,      0.00,      0.00,      0.00,0,4,0,0,4,4,U2 
H5,840,2019,722540,      0.00,      0.00,      0.00,      0.00,0,4,0,0,4,4,U2 
H5,840,2019,722550,      0.00,      0.00,      0.00,      0.00,0,4,0,0,4,4,U2 
H5,840,2019,722591,      0.00,      0.00,      0.00,      0.00,0,1,0,0,1,1,U2 
H5,840,2019,722592,      0.00,      0.00,      0.00,      0.00,0,1,0,0,1,1,U2 
H5,840,2019,722599,      0.00,      0.00,      0.00,      0.00,0,1,0,0,1,1,U2 
H5,840,2019,722611,      0.00,      0.00,      0.00,      0.00,0,2,0,0,2,2,U2 
H5,840,2019,722619,      0.00,      0.00,      0.00,      0.00,0,2,0,0,2,2,U2 
H5,840,2019,722620,      0.00,      0.00,      0.00,      0.00,0,1,0,0,1,1,U2 
H5,840,2019,722691,      0.00,      0.00,      0.00,      0.00,0,6,0,0,6,6,U2 
H5,840,2019,722692,      0.00,      0.00,      0.00,      0.00,0,5,0,0,5,5,U2 
H5,840,2019,722699,      0.00,      0.00,      0.00,      0.00,0,1,0,0,1,1,U2 
H5,840,2019,722710,      0.00,      0.00,      0.00,      0.00,0,1,0,0,1,1,U2 
H5,840,2019,722720,      0.00,      0.00,      0.00,      0.00,0,1,0,0,1,1,U2 
H5,840,2019,722790,      0.00,      0.00,      0.00,      0.00,0,3,0,0,3,3,U2 
H5,840,2019,722810,      0.00,      0.00,      0.00,      0.00,0,1,0,0,1,1,U2 
H5,840,2019,722820,      0.00,      0.00,      0.00,      0.00,0,2,0,0,2,2,U2 
H5,840,2019,722830,      0.00,      0.00,      0.00,      0.00,0,4,0,0,4,4,U2 
H5,840,2019,722840,      0.00,      0.00,      0.00,      0.00,0,1,0,0,1,1,U2 
H5,840,2019,722850,      0.00,      0.00,      0.00,      0.00,0,2,0,0,2,2,U2 
H5,840,2019,722860,      0.00,      0.00,      0.00,      0.00,0,3,0,0,3,3,U2 
H5,840,2019,722870,      0.00,      0.00,      0.00,      0.00,0,2,0,0,2,2,U2 
H5,840,2019,722880,      0.00,      0.00,      0.00,      0.00,0,1,0,0,1,1,U2 
H5,840,2019,722920,      0.00,      0.00,      0.00,      0.00,0,1,0,0,1,1,U2 
H5,840,2019,722990,      0.00,      0.00,      0.00,      0.00,0,4,0,0,4,4,U2 
H5,840,2019,730110,      0.00,      0.00,      0.00,      0.00,0,1,0,0,1,1,U2 
H5,840,2019,730120,      0.00,      0.00,      0.00,      0.00,0,2,0,0,2,2,U2 
H5,840,2019,730210,      0.00,      0.00,      0.00,      0.00,0,2,0,0,2,2,U2 
H5,840,2019,730230,      0.00,      0.00,      0.00,      0.00,0,1,0,0,1,1,U2 
H5,840,2019,730240,      0.00,      0.00,      0.00,      0.00,0,1,0,0,1,1,U2 
H5,840,2019,730290,      0.00,      0.00,      0.00,      0.00,0,2,0,0,2,2,U2 
H5,840,2019,730300,      0.00,      0.00,      0.00,      0.00,0,1,0,0,1,1,U2 
H5,840,2019,730411,      0.00,      0.00,      0.00,      0.00,0,1,0,0,1,1,U2 
H5,840,2019,730419,      0.00,      0.00,      0.00,      0.00,0,2,0,0,2,2,U2 
H5,840,2019,730422,      0.00,      0.00,      0.00,      0.00,0,1,0,0,1,1,U2 
H5,840,2019,730423,      0.00,      0.00,      0.00,      0.00,0,2,0,0,2,2,U2 
H5,840,2019,730424,      0.00,      0.00,      0.00,      0.00,0,3,0,0,3,3,U2 
H5,840,2019,730429,      0.00,      0.00,      0.00,      0.00,0,6,0,0,6,6,U2 
H5,840,2019,730431,      0.00,      0.00,      0.00,      0.00,0,2,0,0,2,2,U2 
H5,840,2019,730439,      0.00,      0.00,      0.00,      0.00,0,1,0,0,1,1,U2 
H5,840,2019,730441,      0.00,      0.00,      0.00,      0.00,0,2,0,0,2,2,U2 
H5,840,2019,730449,      0.00,      0.00,      0.00,      0.00,0,1,0,0,1,1,U2 
H5,840,2019,730451,      0.00,      0.00,      0.00,      0.00,0,2,0,0,2,2,U2 
H5,840,2019,730459,      0.00,      0.00,      0.00,      0.00,0,4,0,0,4,4,U2 
H5,840,2019,730490,      0.00,      0.00,      0.00,      0.00,0,4,0,0,4,4,U2 
H5,840,2019,730511,      0.00,      0.00,      0.00,      0.00,0,2,0,0,2,2,U2 
H5,840,2019,730512,      0.00,      0.00,      0.00,      0.00,0,2,0,0,2,2,U2 
H5,840,2019,730519,      0.00,      0.00,      0.00,      0.00,0,2,0,0,2,2,U2 
H5,840,2019,730520,      0.00,      0.00,      0.00,      0.00,0,4,0,0,4,4,U2 
H5,840,2019,730531,      0.00,      0.00,      0.00,      0.00,0,3,0,0,3,3,U2 
H5,840,2019,730539,      0.00,      0.00,      0.00,      0.00,0,2,0,0,2,2,U2 
H5,840,2019,730590,      0.00,      0.00,      0.00,      0.00,0,2,0,0,2,2,U2 
H5,840,2019,730611,      0.00,      0.00,      0.00,      0.00,0,1,0,0,1,1,U2 
H5,840,2019,730619,      0.00,      0.00,      0.00,      0.00,0,2,0,0,2,2,U2 
H5,840,2019,730621,      0.00,      0.00,      0.00,      0.00,0,3,0,0,3,3,U2 
H5,840,2019,730629,      0.00,      0.00,      0.00,      0.00,0,6,0,0,6,6,U2 
H5,840,2019,730630,      0.00,      0.00,      0.00,      0.00,0,3,0,0,3,3,U2 
H5,840,2019,730640,      0.00,      0.00,      0.00,      0.00,0,2,0,0,2,2,U2 
H5,840,2019,730650,      0.00,      0.00,      0.00,      0.00,0,3,0,0,3,3,U2 
H5,840,2019,730661,      0.00,      0.00,      0.00,      0.00,0,4,0,0,4,4,U2 
H5,840,2019,730669,      0.00,      0.00,      0.00,      0.00,0,4,0,0,4,4,U2 
H5,840,2019,730690,      0.00,      0.00,      0.00,      0.00,0,2,0,0,2,2,U2 
H5,840,2019,730711,      4.80,      4.80,      4.80,      4.80,0,0,0,1,1,1,U2 
H5,840,2019,730719,     11.80,      5.60,      6.20,      5.90,0,0,0,2,2,2,U2 
H5,840,2019,730721,      8.90,      3.30,      5.60,      4.45,0,0,0,2,2,2,U2 
H5,840,2019,730722,      6.20,      0.00,      6.20,      3.10,0,1,0,1,2,2,U2 
H5,840,2019,730723,      5.00,      5.00,      5.00,      5.00,0,0,0,1,1,1,U2 
H5,840,2019,730729,      5.00,      5.00,      5.00,      5.00,0,0,0,1,1,1,U2 
H5,840,2019,730791,     12.00,      3.20,      5.50,      4.00,0,0,0,3,3,3,U2 
H5,840,2019,730792,      6.20,      0.00,      6.20,      3.10,0,1,0,1,2,2,U2 
H5,840,2019,730793,     16.00,      4.30,      6.20,      5.33,0,0,0,3,3,3,U2 
H5,840,2019,730799,     11.20,      3.20,      4.30,      3.73,0,0,0,3,3,3,U2 
H5,840,2019,730810,      0.00,      0.00,      0.00,      0.00,0,1,0,0,1,1,U2 
H5,840,2019,730820,      0.00,      0.00,      0.00,      0.00,0,1,0,0,1,1,U2 
H5,840,2019,730830,      0.00,      0.00,      0.00,      0.00,0,2,0,0,2,2,U2 
H5,840,2019,730840,      0.00,      0.00,      0.00,      0.00,0,1,0,0,1,1,U2 
H5,840,2019,730890,      0.00,      0.00,      0.00,      0.00,0,4,0,0,4,4,U2 
H5,840,2019,730900,      0.00,      0.00,      0.00,      0.00,0,1,0,0,1,1,U2 
H5,840,2019,731010,      0.00,      0.00,      0.00,      0.00,0,1,0,0,1,1,U2 
H5,840,2019,731021,      0.00,      0.00,      0.00,      0.00,0,1,0,0,1,1,U2 
H5,840,2019,731029,      0.00,      0.00,      0.00,      0.00,0,1,0,0,1,1,U2 
H5,840,2019,731100,      0.00,      0.00,      0.00,      0.00,0,1,0,0,1,1,U2 
H5,840,2019,731210,      0.00,      0.00,      0.00,      0.00,0,9,0,0,9,9,U2 
H5,840,2019,731290,      0.00,      0.00,      0.00,      0.00,0,1,0,0,1,1,U2 
H5,840,2019,731300,      0.00,      0.00,      0.00,      0.00,0,1,0,0,1,1,U2 
H5,840,2019,731412,      0.00,      0.00,      0.00,      0.00,0,5,0,0,5,5,U2 
H5,840,2019,731414,      0.00,      0.00,      0.00,      0.00,0,5,0,0,5,5,U2 
H5,840,2019,731419,      0.00,      0.00,      0.00,      0.00,0,1,0,0,1,1,U2 
H5,840,2019,731420,      0.00,      0.00,      0.00,      0.00,0,1,0,0,1,1,U2 
H5,840,2019,731431,      0.00,      0.00,      0.00,      0.00,0,2,0,0,2,2,U2 
H5,840,2019,731439,      0.00,      0.00,      0.00,      0.00,0,1,0,0,1,1,U2 
H5,840,2019,731441,      0.00,      0.00,      0.00,      0.00,0,1,0,0,1,1,U2 
H5,840,2019,731442,      0.00,      0.00,      0.00,      0.00,0,1,0,0,1,1,U2 
H5,840,2019,731449,      0.00,      0.00,      0.00,      0.00,0,2,0,0,2,2,U2 
H5,840,2019,731450,      0.00,      0.00,      0.00,      0.00,0,1,0,0,1,1,U2 
H5,840,2019,731511,      0.00,      0.00,      0.00,      0.00,0,1,0,0,1,1,U2 
H5,840,2019,731512,      0.00,      0.00,      0.00,      0.00,0,1,0,0,1,1,U2 
H5,840,2019,731519,      0.00,      0.00,      0.00,      0.00,0,1,0,0,1,1,U2 
H5,840,2019,731520,      0.00,      0.00,      0.00,      0.00,0,2,0,0,2,2,U2 
H5,840,2019,731581,      0.00,      0.00,      0.00,      0.00,0,1,0,0,1,1,U2 
H5,840,2019,731582,      0.00,      0.00,      0.00,      0.00,0,4,0,0,4,4,U2 
H5,840,2019,731589,      5.40,      0.00,      3.90,      1.80,0,1,0,2,3,3,U2 
H5,840,2019,731590,      2.90,      2.90,      2.90,      2.90,0,0,0,1,1,1,U2 
H5,840,2019,731600,      0.00,      0.00,      0.00,      0.00,0,1,0,0,1,1,U2 
H5,840,2019,731700,      0.00,      0.00,      0.00,      0.00,0,6,0,0,6,6,U2 
H5,840,2019,731811,     12.50,     12.50,     12.50,     12.50,0,0,0,1,1,1,U2 
H5,840,2019,731812,     12.50,     12.50,     12.50,     12.50,0,0,0,1,1,1,U2 
H5,840,2019,731813,      5.70,      5.70,      5.70,      5.70,0,0,0,1,1,1,U2 
H5,840,2019,731814,     14.80,      6.20,      8.60,      7.40,0,0,0,2,2,2,U2 
H5,840,2019,731815,     14.70,      0.00,      8.50,      2.94,0,3,0,2,5,5,U2 
H5,840,2019,731816,      0.00,      0.00,      0.00,      0.00,0,1,0,0,1,1,U2 
H5,840,2019,731819,      5.70,      5.70,      5.70,      5.70,0,0,0,1,1,1,U2 
H5,840,2019,731821,      5.80,      5.80,      5.80,      5.80,0,0,0,1,1,1,U2 
H5,840,2019,731822,      0.00,      0.00,      0.00,      0.00,0,1,0,0,1,1,U2 
H5,840,2019,731823,      0.00,      0.00,      0.00,      0.00,0,1,0,0,1,1,U2 
H5,840,2019,731824,      3.80,      3.80,      3.80,      3.80,0,0,0,1,1,1,U2 
H5,840,2019,731829,      2.80,      2.80,      2.80,      2.80,0,0,0,1,1,1,U2 
H5,840,2019,731940,      8.60,      0.00,      4.50,      2.87,0,1,0,2,3,3,U2 
H5,840,2019,731990,      2.90,      0.00,      2.90,      1.45,0,1,0,1,2,2,U2 
H5,840,2019,732010,      9.60,      3.20,      3.20,      3.20,0,0,0,3,3,3,U2 
H5,840,2019,732020,      7.10,      3.20,      3.90,      3.55,0,0,0,2,2,2,U2 
H5,840,2019,732090,      2.90,      0.00,      2.90,      1.45,0,1,0,1,2,2,U2 
H5,840,2019,732111,      5.70,      0.00,      5.70,      1.90,0,2,0,1,3,3,U2 
H5,840,2019,732112,      0.00,      0.00,      0.00,      0.00,0,1,0,0,1,1,U2 
H5,840,2019,732119,      0.00,      0.00,      0.00,      0.00,0,1,0,0,1,1,U2 
H5,840,2019,732181,      2.90,      0.00,      2.90,      1.45,0,1,0,1,2,2,U2 
H5,840,2019,732182,      2.90,      0.00,      2.90,      1.45,0,1,0,1,2,2,U2 
H5,840,2019,732189,      0.00,      0.00,      0.00,      0.00,0,1,0,0,1,1,U2 
H5,840,2019,732190,      0.00,      0.00,      0.00,      0.00,0,5,0,0,5,5,U2 
H5,840,2019,732211,      0.00,      0.00,      0.00,      0.00,0,1,0,0,1,1,U2 
H5,840,2019,732219,      0.00,      0.00,      0.00,      0.00,0,1,0,0,1,1,U2 
H5,840,2019,732290,      0.00,      0.00,      0.00,      0.00,0,1,0,0,1,1,U2 
H5,840,2019,732310,      0.00,      0.00,      0.00,      0.00,0,1,0,0,1,1,U2 
H5,840,2019,732391,      5.30,      0.00,      5.30,      2.65,0,1,0,1,2,2,U2 
H5,840,2019,732392,      0.00,      0.00,      0.00,      0.00,0,1,0,0,1,1,U2 
H5,840,2019,732393,      2.00,      2.00,      2.00,      2.00,0,0,0,1,1,1,U2 
H5,840,2019,732394,      2.70,      2.70,      2.70,      2.70,0,0,0,1,1,1,U2 
H5,840,2019,732399,     16.90,      0.00,      8.20,      3.38,0,2,0,3,5,5,U2 
H5,840,2019,732410,      3.40,      3.40,      3.40,      3.40,0,0,0,1,1,1,U2 
H5,840,2019,732421,      0.00,      0.00,      0.00,      0.00,0,2,0,0,2,2,U2 
H5,840,2019,732429,      0.00,      0.00,      0.00,      0.00,0,1,0,0,1,1,U2 
H5,840,2019,732490,      0.00,      0.00,      0.00,      0.00,0,1,0,0,1,1,U2 
H5,840,2019,732510,      0.00,      0.00,      0.00,      0.00,0,1,0,0,1,1,U2 
H5,840,2019,732591,      2.90,      2.90,      2.90,      2.90,0,0,0,1,1,1,U2 
H5,840,2019,732599,      2.90,      0.00,      2.90,      1.45,0,1,0,1,2,2,U2 
H5,840,2019,732611,      0.00,      0.00,      0.00,      0.00,0,1,0,0,1,1,U2 
H5,840,2019,732619,      2.90,      2.90,      2.90,      2.90,0,0,0,1,1,1,U2 
H5,840,2019,732620,      3.90,      3.90,      3.90,      3.90,0,0,0,1,1,1,U2 
H5,840,2019,732690,     19.30,      0.00,      8.60,      3.22,0,3,0,3,6,6,U2 
H5,840,2019,740100,      0.00,      0.00,      0.00,      0.00,0,1,0,0,1,1,U2 
H5,840,2019,740200,      0.00,      0.00,      0.00,      0.00,0,1,0,0,1,1,U2 
H5,840,2019,740311,      1.00,      1.00,      1.00,      1.00,0,0,0,1,1,1,U2 
H5,840,2019,740312,      1.00,      1.00,      1.00,      1.00,0,0,0,1,1,1,U2 
H5,840,2019,740313,      1.00,      1.00,      1.00,      1.00,0,0,0,1,1,1,U2 
H5,840,2019,740319,      1.00,      1.00,      1.00,      1.00,0,0,0,1,1,1,U2 
H5,840,2019,740321,      1.00,      1.00,      1.00,      1.00,0,0,0,1,1,1,U2 
H5,840,2019,740322,      1.00,      1.00,      1.00,      1.00,0,0,0,1,1,1,U2 
H5,840,2019,740329,      1.00,      1.00,      1.00,      1.00,0,0,0,1,1,1,U2 
H5,840,2019,740400,      0.00,      0.00,      0.00,      0.00,0,2,0,0,2,2,U2 
H5,840,2019,740500,      0.00,      0.00,      0.00,      0.00,0,2,0,0,2,2,U2 
H5,840,2019,740610,      0.00,      0.00,      0.00,      0.00,0,1,0,0,1,1,U2 
H5,840,2019,740620,      0.00,      0.00,      0.00,      0.00,0,1,0,0,1,1,U2 
H5,840,2019,740710,      7.00,      1.00,      3.00,      2.33,0,0,0,3,3,3,U2 
H5,840,2019,740721,     10.70,      1.90,      2.20,      2.14,0,0,0,5,5,5,U2 
H5,840,2019,740729,     13.60,      1.60,      3.00,      2.72,0,0,0,5,5,5,U2 
H5,840,2019,740811,      4.00,      1.00,      3.00,      2.00,0,0,0,2,2,2,U2 
H5,840,2019,740819,      3.00,      3.00,      3.00,      3.00,0,0,0,1,1,1,U2 
H5,840,2019,740821,      3.00,      3.00,      3.00,      3.00,0,0,0,1,1,1,U2 
H5,840,2019,740822,      6.00,      3.00,      3.00,      3.00,0,0,0,2,2,2,U2 
H5,840,2019,740829,      6.00,      3.00,      3.00,      3.00,0,0,0,2,2,2,U2 
H5,840,2019,740911,      4.00,      1.00,      3.00,      2.00,0,0,0,2,2,2,U2 
H5,840,2019,740919,      7.00,      1.00,      3.00,      2.33,0,0,0,3,3,3,U2 
H5,840,2019,740921,      1.90,      1.90,      1.90,      1.90,0,0,0,1,1,1,U2 
H5,840,2019,740929,      1.90,      1.90,      1.90,      1.90,0,0,0,1,1,1,U2 
H5,840,2019,740931,      7.70,      1.70,      3.00,      2.57,0,0,0,3,3,3,U2 
H5,840,2019,740939,      7.70,      1.70,      3.00,      2.57,0,0,0,3,3,3,U2 
H5,840,2019,740940,      3.00,      3.00,      3.00,      3.00,0,0,0,1,1,1,U2 
H5,840,2019,740990,      7.70,      1.70,      3.00,      2.57,0,0,0,3,3,3,U2 
H5,840,2019,741011,      1.00,      1.00,      1.00,      1.00,0,0,0,1,1,1,U2 
H5,840,2019,741012,      1.00,      1.00,      1.00,      1.00,0,0,0,1,1,1,U2 
H5,840,2019,741021,      4.50,      1.50,      3.00,      2.25,0,0,0,2,2,2,U2 
H5,840,2019,741022,      1.50,      1.50,      1.50,      1.50,0,0,0,1,1,1,U2 
H5,840,2019,741110,      4.50,      1.50,      3.00,      2.25,0,0,0,2,2,2,U2 
H5,840,2019,741121,      4.40,      1.40,      3.00,      2.20,0,0,0,2,2,2,U2 
H5,840,2019,741122,      3.00,      3.00,      3.00,      3.00,0,0,0,1,1,1,U2 
H5,840,2019,741129,      4.40,      1.40,      3.00,      2.20,0,0,0,2,2,2,U2 
H5,840,2019,741210,      3.00,      3.00,      3.00,      3.00,0,0,0,1,1,1,U2 
H5,840,2019,741220,      3.00,      3.00,      3.00,      3.00,0,0,0,1,1,1,U2 
H5,840,2019,741300,      8.00,      2.00,      3.00,      2.67,0,0,0,3,3,3,U2 
H5,840,2019,741510,      2.50,      2.50,      2.50,      2.50,0,0,0,1,1,1,U2 
H5,840,2019,741521,      3.00,      3.00,      3.00,      3.00,0,0,0,1,1,1,U2 
H5,840,2019,741529,      3.00,      3.00,      3.00,      3.00,0,0,0,1,1,1,U2 
H5,840,2019,741533,      7.40,      1.40,      3.00,      2.47,0,0,0,3,3,3,U2 
H5,840,2019,741539,      3.00,      3.00,      3.00,      3.00,0,0,0,1,1,1,U2 
H5,840,2019,741810,      3.00,      3.00,      3.00,      3.00,0,0,0,1,1,1,U2 
H5,840,2019,741820,      6.00,      3.00,      3.00,      3.00,0,0,0,2,2,2,U2 
H5,840,2019,741910,      3.00,      3.00,      3.00,      3.00,0,0,0,1,1,1,U2 
H5,840,2019,741991,      0.00,      0.00,      0.00,      0.00,0,1,0,0,1,1,U2 
H5,840,2019,741999,     15.00,      0.00,      3.00,      2.14,0,2,0,5,7,7,U2 
H5,840,2019,750110,      0.00,      0.00,      0.00,      0.00,0,1,0,0,1,1,U2 
H5,840,2019,750120,      0.00,      0.00,      0.00,      0.00,0,1,0,0,1,1,U2 
H5,840,2019,750210,      0.00,      0.00,      0.00,      0.00,0,1,0,0,1,1,U2 
H5,840,2019,750220,      0.00,      0.00,      0.00,      0.00,0,1,0,0,1,1,U2 
H5,840,2019,750300,      0.00,      0.00,      0.00,      0.00,0,1,0,0,1,1,U2 
H5,840,2019,750400,      0.00,      0.00,      0.00,      0.00,0,1,0,0,1,1,U2 
H5,840,2019,750511,      8.60,      2.60,      3.00,      2.87,0,0,0,3,3,3,U2 
H5,840,2019,750512,      8.50,      2.50,      3.00,      2.83,0,0,0,3,3,3,U2 
H5,840,2019,750521,      5.60,      2.60,      3.00,      2.80,0,0,0,2,2,2,U2 
H5,840,2019,750522,      5.60,      2.60,      3.00,      2.80,0,0,0,2,2,2,U2 
H5,840,2019,750610,      8.00,      2.50,      3.00,      2.67,0,0,0,3,3,3,U2 
H5,840,2019,750620,      8.50,      2.50,      3.00,      2.83,0,0,0,3,3,3,U2 
H5,840,2019,750711,      2.00,      2.00,      2.00,      2.00,0,0,0,1,1,1,U2 
H5,840,2019,750712,      2.00,      2.00,      2.00,      2.00,0,0,0,1,1,1,U2 
H5,840,2019,750720,      3.00,      3.00,      3.00,      3.00,0,0,0,1,1,1,U2 
H5,840,2019,750810,      3.00,      3.00,      3.00,      3.00,0,0,0,1,1,1,U2 
H5,840,2019,750890,      6.00,      3.00,      3.00,      3.00,0,0,0,2,2,2,U2 
H5,840,2019,760110,      2.60,      0.00,      2.60,      1.30,0,1,0,1,2,2,U2 
H5,840,2019,760120,      4.70,      0.00,      2.60,      1.57,0,1,0,2,3,3,U2 
H5,840,2019,760200,      0.00,      0.00,      0.00,      0.00,0,1,0,0,1,1,U2 
H5,840,2019,760310,      5.00,      5.00,      5.00,      5.00,0,0,0,1,1,1,U2 
H5,840,2019,760320,      3.90,      3.90,      3.90,      3.90,0,0,0,1,1,1,U2 
H5,840,2019,760410,     10.60,      2.60,      5.00,      3.53,0,0,0,3,3,3,U2 
H5,840,2019,760421,      1.50,      1.50,      1.50,      1.50,0,0,0,1,1,1,U2 
H5,840,2019,760429,     10.60,      2.60,      5.00,      3.53,0,0,0,3,3,3,U2 
H5,840,2019,760511,      2.60,      2.60,      2.60,      2.60,0,0,0,1,1,1,U2 
H5,840,2019,760519,      4.20,      4.20,      4.20,      4.20,0,0,0,1,1,1,U2 
H5,840,2019,760521,      2.60,      2.60,      2.60,      2.60,0,0,0,1,1,1,U2 
H5,840,2019,760529,      4.20,      4.20,      4.20,      4.20,0,0,0,1,1,1,U2 
H5,840,2019,760611,      5.70,      2.70,      3.00,      2.85,0,0,0,2,2,2,U2 
H5,840,2019,760612,      9.50,      3.00,      6.50,      4.75,0,0,0,2,2,2,U2 
H5,840,2019,760691,      5.70,      2.70,      3.00,      2.85,0,0,0,2,2,2,U2 
H5,840,2019,760692,      9.50,      3.00,      6.50,      4.75,0,0,0,2,2,2,U2 
H5,840,2019,760711,     14.10,      3.00,      5.80,      4.70,0,0,0,3,3,3,U2 
H5,840,2019,760719,     14.00,      3.00,      5.70,      4.67,0,0,0,3,3,3,U2 
H5,840,2019,760720,      3.70,      0.00,      3.70,      1.85,0,1,0,1,2,2,U2 
H5,840,2019,760810,      5.70,      5.70,      5.70,      5.70,0,0,0,1,1,1,U2 
H5,840,2019,760820,      5.70,      5.70,      5.70,      5.70,0,0,0,1,1,1,U2 
H5,840,2019,760900,      5.70,      5.70,      5.70,      5.70,0,0,0,1,1,1,U2 
H5,840,2019,761010,      5.70,      5.70,      5.70,      5.70,0,0,0,1,1,1,U2 
H5,840,2019,761090,      5.70,      5.70,      5.70,      5.70,0,0,0,1,1,1,U2 
H5,840,2019,761100,      2.60,      2.60,      2.60,      2.60,0,0,0,1,1,1,U2 
H5,840,2019,761210,      2.40,      2.40,      2.40,      2.40,0,0,0,1,1,1,U2 
H5,840,2019,761290,      5.70,      0.00,      5.70,      2.85,0,1,0,1,2,2,U2 
H5,840,2019,761300,      5.00,      5.00,      5.00,      5.00,0,0,0,1,1,1,U2 
H5,840,2019,761410,      9.80,      4.90,      4.90,      4.90,0,0,0,2,2,2,U2 
H5,840,2019,761490,     15.50,      4.90,      5.70,      5.17,0,0,0,3,3,3,U2 
H5,840,2019,761510,     18.60,      3.10,      3.10,      3.10,0,0,0,6,6,6,U2 
H5,840,2019,761520,      3.80,      3.80,      3.80,      3.80,0,0,0,1,1,1,U2 
H5,840,2019,761610,     27.60,      4.70,      6.00,      5.52,0,0,0,5,5,5,U2 
H5,840,2019,761691,      2.50,      2.50,      2.50,      2.50,0,0,0,1,1,1,U2 
H5,840,2019,761699,      2.50,      0.00,      2.50,      1.25,0,1,0,1,2,2,U2 
H5,840,2019,780110,,,,,1,0,0,0,0,1,U2 
H5,840,2019,780191,,,,,1,0,0,0,0,1,U2 
H5,840,2019,780199,,,,,2,0,0,0,0,2,U2 
H5,840,2019,780200,      0.00,      0.00,      0.00,      0.00,0,1,0,0,1,1,U2 
H5,840,2019,780411,      2.20,      2.20,      2.20,      2.20,0,0,0,1,1,1,U2 
H5,840,2019,780419,      3.00,      3.00,      3.00,      3.00,0,0,0,1,1,1,U2 
H5,840,2019,780420,      0.00,      0.00,      0.00,      0.00,0,1,0,0,1,1,U2 
H5,840,2019,780600,      6.20,      1.20,      3.00,      2.07,0,0,0,3,3,3,U2 
H5,840,2019,790111,      1.50,      1.50,      1.50,      1.50,0,0,0,1,1,1,U2 
H5,840,2019,790112,      4.50,      1.50,      3.00,      2.25,0,0,0,2,2,2,U2 
H5,840,2019,790120,      3.00,      3.00,      3.00,      3.00,0,0,0,1,1,1,U2 
H5,840,2019,790200,      0.00,      0.00,      0.00,      0.00,0,1,0,0,1,1,U2 
H5,840,2019,790310,      0.20,      0.20,      0.20,      0.20,0,0,1,0,1,1,U2 
H5,840,2019,790390,      3.13,      0.13,      3.00,      1.57,0,0,1,1,2,2,U2 
H5,840,2019,790400,      4.20,      4.20,      4.20,      4.20,0,0,0,1,1,1,U2 
H5,840,2019,790500,      2.80,      2.80,      2.80,      2.80,0,0,0,1,1,1,U2 
H5,840,2019,790700,      9.00,      3.00,      3.00,      3.00,0,0,0,3,3,3,U2 
H5,840,2019,800110,      0.00,      0.00,      0.00,      0.00,0,1,0,0,1,1,U2 
H5,840,2019,800120,      0.00,      0.00,      0.00,      0.00,0,1,0,0,1,1,U2 
H5,840,2019,800200,      0.00,      0.00,      0.00,      0.00,0,1,0,0,1,1,U2 
H5,840,2019,800300,      3.00,      3.00,      3.00,      3.00,0,0,0,1,1,1,U2 
H5,840,2019,800700,     15.50,      2.10,      3.00,      2.58,0,0,0,6,6,6,U2 
H5,840,2019,810110,      7.00,      7.00,      7.00,      7.00,0,0,0,1,1,1,U2 
H5,840,2019,810194,      6.60,      6.60,      6.60,      6.60,0,0,0,1,1,1,U2 
H5,840,2019,810196,      4.40,      4.40,      4.40,      4.40,0,0,0,1,1,1,U2 
H5,840,2019,810197,      2.80,      2.80,      2.80,      2.80,0,0,0,1,1,1,U2 
H5,840,2019,810199,     10.20,      3.70,      6.50,      5.10,0,0,0,2,2,2,U2 
H5,840,2019,810210,      1.48,      1.48,      1.48,      1.48,0,0,1,0,1,1,U2 
H5,840,2019,810294,      2.37,      2.37,      2.37,      2.37,0,0,1,0,1,1,U2 
H5,840,2019,810295,     13.20,      6.60,      6.60,      6.60,0,0,0,2,2,2,U2 
H5,840,2019,810296,      4.40,      4.40,      4.40,      4.40,0,0,0,1,1,1,U2 
H5,840,2019,810297,      0.00,      0.00,      0.00,      0.00,0,1,0,0,1,1,U2 
H5,840,2019,810299,      3.70,      3.70,      3.70,      3.70,0,0,0,1,1,1,U2 
H5,840,2019,810320,      2.50,      2.50,      2.50,      2.50,0,0,0,1,1,1,U2 
H5,840,2019,810330,      0.00,      0.00,      0.00,      0.00,0,1,0,0,1,1,U2 
H5,840,2019,810390,      4.40,      4.40,      4.40,      4.40,0,0,0,1,1,1,U2 
H5,840,2019,810411,      8.00,      8.00,      8.00,      8.00,0,0,0,1,1,1,U2 
H5,840,2019,810419,      6.50,      6.50,      6.50,      6.50,0,0,0,1,1,1,U2 
H5,840,2019,810420,      0.00,      0.00,      0.00,      0.00,0,1,0,0,1,1,U2 
H5,840,2019,810430,      4.40,      4.40,      4.40,      4.40,0,0,0,1,1,1,U2 
H5,840,2019,810490,      5.32,      5.32,      5.32,      5.32,0,0,1,0,1,1,U2 
H5,840,2019,810520,      4.40,      0.00,      4.40,      1.47,0,2,0,1,3,3,U2 
H5,840,2019,810530,      0.00,      0.00,      0.00,      0.00,0,1,0,0,1,1,U2 
H5,840,2019,810590,      3.70,      3.70,      3.70,      3.70,0,0,0,1,1,1,U2 
H5,840,2019,810600,      0.00,      0.00,      0.00,      0.00,0,1,0,0,1,1,U2 
H5,840,2019,810720,      0.00,      0.00,      0.00,      0.00,0,1,0,0,1,1,U2 
H5,840,2019,810730,      0.00,      0.00,      0.00,      0.00,0,1,0,0,1,1,U2 
H5,840,2019,810790,      4.40,      4.40,      4.40,      4.40,0,0,0,1,1,1,U2 
H5,840,2019,810820,     15.00,     15.00,     15.00,     15.00,0,0,0,1,1,1,U2 
H5,840,2019,810830,      0.00,      0.00,      0.00,      0.00,0,1,0,0,1,1,U2 
H5,840,2019,810890,     20.50,      5.50,     15.00,     10.25,0,0,0,2,2,2,U2 
H5,840,2019,810920,      4.20,      4.20,      4.20,      4.20,0,0,0,1,1,1,U2 
H5,840,2019,810930,      0.00,      0.00,      0.00,      0.00,0,1,0,0,1,1,U2 
H5,840,2019,810990,      3.70,      3.70,      3.70,      3.70,0,0,0,1,1,1,U2 
H5,840,2019,811010,      0.00,      0.00,      0.00,      0.00,0,1,0,0,1,1,U2 
H5,840,2019,811020,      0.00,      0.00,      0.00,      0.00,0,1,0,0,1,1,U2 
H5,840,2019,811090,      0.00,      0.00,      0.00,      0.00,0,1,0,0,1,1,U2 
H5,840,2019,811100,     31.70,      0.00,     14.00,      7.93,0,1,0,3,4,4,U2 
H5,840,2019,811212,      8.50,      8.50,      8.50,      8.50,0,0,0,1,1,1,U2 
H5,840,2019,811213,      0.00,      0.00,      0.00,      0.00,0,1,0,0,1,1,U2 
H5,840,2019,811219,      5.50,      5.50,      5.50,      5.50,0,0,0,1,1,1,U2 
H5,840,2019,811221,      3.00,      3.00,      3.00,      3.00,0,0,0,1,1,1,U2 
H5,840,2019,811222,      0.00,      0.00,      0.00,      0.00,0,1,0,0,1,1,U2 
H5,840,2019,811229,      3.00,      3.00,      3.00,      3.00,0,0,0,1,1,1,U2 
H5,840,2019,811251,      4.00,      4.00,      4.00,      4.00,0,0,0,1,1,1,U2 
H5,840,2019,811252,      0.00,      0.00,      0.00,      0.00,0,1,0,0,1,1,U2 
H5,840,2019,811259,      4.00,      4.00,      4.00,      4.00,0,0,0,1,1,1,U2 
H5,840,2019,811292,     19.90,      0.00,      4.90,      2.21,0,3,0,6,9,9,U2 
H5,840,2019,811299,     10.40,      2.00,      4.40,      3.47,0,0,0,3,3,3,U2 
H5,840,2019,811300,      3.70,      3.70,      3.70,      3.70,0,0,0,1,1,1,U2 
H5,840,2019,820110,      0.00,      0.00,      0.00,      0.00,0,1,0,0,1,1,U2 
H5,840,2019,820130,      0.00,      0.00,      0.00,      0.00,0,1,0,0,1,1,U2 
H5,840,2019,820140,      6.20,      0.00,      6.20,      3.10,0,1,0,1,2,2,U2 
H5,840,2019,820150,,,,,1,0,0,0,0,1,U2 
H5,840,2019,820160,,,,,1,0,0,0,0,1,U2 
H5,840,2019,820190,      0.00,      0.00,      0.00,      0.00,1,2,0,0,2,3,U2 
H5,840,2019,820210,      0.00,      0.00,      0.00,      0.00,0,1,0,0,1,1,U2 
H5,840,2019,820220,      0.00,      0.00,      0.00,      0.00,0,1,0,0,1,1,U2 
H5,840,2019,820231,      0.00,      0.00,      0.00,      0.00,0,1,0,0,1,1,U2 
H5,840,2019,820239,      0.00,      0.00,      0.00,      0.00,0,1,0,0,1,1,U2 
H5,840,2019,820240,      7.20,      0.00,      7.20,      3.60,0,1,0,1,2,2,U2 
H5,840,2019,820291,      0.00,      0.00,      0.00,      0.00,0,2,0,0,2,2,U2 
H5,840,2019,820299,      0.00,      0.00,      0.00,      0.00,0,1,0,0,1,1,U2 
H5,840,2019,820310,      0.00,      0.00,      0.00,      0.00,0,3,0,0,3,3,U2 
H5,840,2019,820320,     20.50,      4.00,     12.00,      6.83,1,0,0,3,3,4,U2 
H5,840,2019,820330,      0.00,      0.00,      0.00,      0.00,0,1,0,0,1,1,U2 
H5,840,2019,820340,      9.30,      3.30,      6.00,      4.65,0,0,0,2,2,2,U2 
H5,840,2019,820411,      9.00,      9.00,      9.00,      9.00,0,0,0,1,1,1,U2 
H5,840,2019,820412,      9.00,      9.00,      9.00,      9.00,0,0,0,1,1,1,U2 
H5,840,2019,820420,      9.00,      9.00,      9.00,      9.00,0,0,0,1,1,1,U2 
H5,840,2019,820510,      6.20,      6.20,      6.20,      6.20,0,0,0,1,1,1,U2 
H5,840,2019,820520,      6.20,      0.00,      6.20,      3.10,0,1,0,1,2,2,U2 
H5,840,2019,820530,     10.70,      5.00,      5.70,      5.35,0,0,0,2,2,2,U2 
H5,840,2019,820540,      6.20,      6.20,      6.20,      6.20,0,0,0,1,1,1,U2 
H5,840,2019,820551,     12.61,      0.00,      5.21,      2.52,0,2,1,2,5,5,U2 
H5,840,2019,820559,     25.13,      0.00,      7.20,      3.14,0,3,1,4,8,8,U2 
H5,840,2019,820560,      2.90,      2.90,      2.90,      2.90,0,0,0,1,1,1,U2 
H5,840,2019,820570,      5.00,      5.00,      5.00,      5.00,0,0,0,1,1,1,U2 
H5,840,2019,820590,      0.00,      0.00,      0.00,      0.00,1,1,0,0,1,2,U2 
H5,840,2019,820600,,,,,1,0,0,0,0,1,U2 
H5,840,2019,820713,      3.60,      3.60,      3.60,      3.60,0,0,0,1,1,1,U2 
H5,840,2019,820719,      7.90,      2.90,      5.00,      3.95,0,0,0,2,2,2,U2 
H5,840,2019,820720,      3.90,      3.90,      3.90,      3.90,0,0,0,1,1,1,U2 
H5,840,2019,820730,      8.60,      2.90,      5.70,      4.30,0,0,0,2,2,2,U2 
H5,840,2019,820740,     10.50,      4.80,      5.70,      5.25,0,0,0,2,2,2,U2 
H5,840,2019,820750,     21.50,      2.90,      8.40,      5.38,0,0,0,4,4,4,U2 
H5,840,2019,820760,      4.80,      4.80,      4.80,      4.80,0,0,0,1,1,1,U2 
H5,840,2019,820770,      7.90,      2.90,      5.00,      3.95,0,0,0,2,2,2,U2 
H5,840,2019,820780,      8.50,      3.70,      4.80,      4.25,0,0,0,2,2,2,U2 
H5,840,2019,820790,     19.40,      1.60,      5.00,      3.88,0,0,0,5,5,5,U2 
H5,840,2019,820810,      0.00,      0.00,      0.00,      0.00,0,1,0,0,1,1,U2 
H5,840,2019,820820,      0.00,      0.00,      0.00,      0.00,0,1,0,0,1,1,U2 
H5,840,2019,820830,      0.00,      0.00,      0.00,      0.00,0,1,0,0,1,1,U2 
H5,840,2019,820840,      0.00,      0.00,      0.00,      0.00,0,2,0,0,2,2,U2 
H5,840,2019,820890,      0.00,      0.00,      0.00,      0.00,0,2,0,0,2,2,U2 
H5,840,2019,820900,      4.60,      4.60,      4.60,      4.60,0,0,0,1,1,1,U2 
H5,840,2019,821000,      3.70,      3.70,      3.70,      3.70,0,0,0,1,1,1,U2 
H5,840,2019,821110,,,,,1,0,0,0,0,1,U2 
H5,840,2019,821191,     41.74,      0.00,     12.29,      5.96,0,1,6,0,7,7,U2 
H5,840,2019,821192,     20.61,      4.40,      6.27,      5.15,0,0,3,1,4,4,U2 
H5,840,2019,821193,     12.83,     12.83,     12.83,     12.83,0,0,1,0,1,1,U2 
H5,840,2019,821194,,,,,2,0,0,0,0,2,U2 
H5,840,2019,821195,,,,,3,0,0,0,0,3,U2 
H5,840,2019,821210,      0.00,      0.00,      0.00,      0.00,0,1,0,0,1,1,U2 
H5,840,2019,821220,      0.00,      0.00,      0.00,      0.00,0,1,0,0,1,1,U2 
H5,840,2019,821290,      0.00,      0.00,      0.00,      0.00,0,1,0,0,1,1,U2 
H5,840,2019,821300,,,,,3,0,0,0,0,3,U2 
H5,840,2019,821410,,,,,1,0,0,0,0,1,U2 
H5,840,2019,821420,      8.10,      0.00,      4.10,      2.70,0,1,0,2,3,3,U2 
H5,840,2019,821490,,,,,3,0,0,0,0,3,U2 
H5,840,2019,821510,,,,,1,0,0,0,0,1,U2 
H5,840,2019,821520,,,,,1,0,0,0,0,1,U2 
H5,840,2019,821591,      6.90,      0.00,      4.20,      2.30,0,1,0,2,3,3,U2 
H5,840,2019,821599,     31.10,      0.00,     14.00,      5.18,7,2,0,4,6,13,U2 
H5,840,2019,830110,     24.80,      2.30,      6.10,      4.13,0,0,0,6,6,6,U2 
H5,840,2019,830120,      5.70,      5.70,      5.70,      5.70,0,0,0,1,1,1,U2 
H5,840,2019,830130,      5.70,      5.70,      5.70,      5.70,0,0,0,1,1,1,U2 
H5,840,2019,830140,      8.80,      3.10,      5.70,      4.40,0,0,0,2,2,2,U2 
H5,840,2019,830150,      3.10,      3.10,      3.10,      3.10,0,0,0,1,1,1,U2 
H5,840,2019,830160,      2.80,      2.80,      2.80,      2.80,0,0,0,1,1,1,U2 
H5,840,2019,830170,      4.50,      4.50,      4.50,      4.50,0,0,0,1,1,1,U2 
H5,840,2019,830210,      8.90,      2.00,      3.50,      2.97,0,0,0,3,3,3,U2 
H5,840,2019,830220,      5.70,      5.70,      5.70,      5.70,0,0,0,1,1,1,U2 
H5,840,2019,830230,      5.50,      2.00,      3.50,      2.75,0,0,0,2,2,2,U2 
H5,840,2019,830241,     11.30,      3.50,      3.90,      3.77,0,0,0,3,3,3,U2 
H5,840,2019,830242,      7.30,      3.40,      3.90,      3.65,0,0,0,2,2,2,U2 
H5,840,2019,830249,     16.70,      0.00,      7.50,      4.18,0,1,0,3,4,4,U2 
H5,840,2019,830250,      0.00,      0.00,      0.00,      0.00,0,1,0,0,1,1,U2 
H5,840,2019,830260,      7.00,      3.10,      3.90,      3.50,0,0,0,2,2,2,U2 
H5,840,2019,830300,      3.80,      3.80,      3.80,      3.80,0,0,0,1,1,1,U2 
H5,840,2019,830400,      3.90,      3.90,      3.90,      3.90,0,0,0,1,1,1,U2 
H5,840,2019,830510,      2.90,      2.90,      2.90,      2.90,0,0,0,1,1,1,U2 
H5,840,2019,830520,      0.00,      0.00,      0.00,      0.00,0,1,0,0,1,1,U2 
H5,840,2019,830590,      5.70,      0.00,      5.70,      2.85,0,1,0,1,2,2,U2 
H5,840,2019,830610,      5.80,      5.80,      5.80,      5.80,0,0,0,1,1,1,U2 
H5,840,2019,830621,      4.50,      4.50,      4.50,      4.50,0,0,0,1,1,1,U2 
H5,840,2019,830629,      0.00,      0.00,      0.00,      0.00,0,1,0,0,1,1,U2 
H5,840,2019,830630,      2.70,      2.70,      2.70,      2.70,0,0,0,1,1,1,U2 
H5,840,2019,830710,      7.60,      3.80,      3.80,      3.80,0,0,0,2,2,2,U2 
H5,840,2019,830790,      7.60,      3.80,      3.80,      3.80,0,0,0,2,2,2,U2 
H5,840,2019,830810,      3.00,      3.00,      3.00,      3.00,0,0,1,0,1,1,U2 
H5,840,2019,830820,      0.00,      0.00,      0.00,      0.00,0,2,0,0,2,2,U2 
H5,840,2019,830890,      6.60,      0.00,      3.90,      2.20,0,1,0,2,3,3,U2 
H5,840,2019,830910,      0.00,      0.00,      0.00,      0.00,0,1,0,0,1,1,U2 
H5,840,2019,830990,      2.60,      2.60,      2.60,      2.60,0,0,0,1,1,1,U2 
H5,840,2019,831000,      0.00,      0.00,      0.00,      0.00,0,1,0,0,1,1,U2 
H5,840,2019,831110,      0.00,      0.00,      0.00,      0.00,0,1,0,0,1,1,U2 
H5,840,2019,831120,      0.00,      0.00,      0.00,      0.00,0,1,0,0,1,1,U2 
H5,840,2019,831130,      0.00,      0.00,      0.00,      0.00,0,2,0,0,2,2,U2 
H5,840,2019,831190,      0.00,      0.00,      0.00,      0.00,0,1,0,0,1,1,U2 
H5,840,2019,840110,      3.30,      3.30,      3.30,      3.30,0,0,0,1,1,1,U2 
H5,840,2019,840120,      2.60,      2.60,      2.60,      2.60,0,0,0,1,1,1,U2 
H5,840,2019,840130,      3.30,      3.30,      3.30,      3.30,0,0,0,1,1,1,U2 
H5,840,2019,840140,      3.30,      3.30,      3.30,      3.30,0,0,0,1,1,1,U2 
H5,840,2019,840211,      5.20,      5.20,      5.20,      5.20,0,0,0,1,1,1,U2 
H5,840,2019,840212,      4.30,      4.30,      4.30,      4.30,0,0,0,1,1,1,U2 
H5,840,2019,840219,      5.20,      5.20,      5.20,      5.20,0,0,0,1,1,1,U2 
H5,840,2019,840220,      3.30,      3.30,      3.30,      3.30,0,0,0,1,1,1,U2 
H5,840,2019,840290,      4.30,      4.30,      4.30,      4.30,0,0,0,1,1,1,U2 
H5,840,2019,840310,      0.00,      0.00,      0.00,      0.00,0,1,0,0,1,1,U2 
H5,840,2019,840390,      0.00,      0.00,      0.00,      0.00,0,1,0,0,1,1,U2 
H5,840,2019,840410,      3.50,      3.50,      3.50,      3.50,0,0,0,1,1,1,U2 
H5,840,2019,840420,      5.00,      5.00,      5.00,      5.00,0,0,0,1,1,1,U2 
H5,840,2019,840490,      3.50,      3.50,      3.50,      3.50,0,0,0,1,1,1,U2 
H5,840,2019,840510,      0.00,      0.00,      0.00,      0.00,0,1,0,0,1,1,U2 
H5,840,2019,840590,      0.00,      0.00,      0.00,      0.00,0,1,0,0,1,1,U2 
H5,840,2019,840610,      6.70,      0.00,      6.70,      3.35,0,1,0,1,2,2,U2 
H5,840,2019,840681,      6.70,      0.00,      6.70,      3.35,0,1,0,1,2,2,U2 
H5,840,2019,840682,      6.70,      0.00,      6.70,      3.35,0,1,0,1,2,2,U2 
H5,840,2019,840690,     20.00,      0.00,      5.00,      2.50,0,4,0,4,8,8,U2 
H5,840,2019,840710,      0.00,      0.00,      0.00,      0.00,0,1,0,0,1,1,U2 
H5,840,2019,840721,      0.00,      0.00,      0.00,      0.00,0,1,0,0,1,1,U2 
H5,840,2019,840729,      0.00,      0.00,      0.00,      0.00,0,1,0,0,1,1,U2 
H5,840,2019,840731,      0.00,      0.00,      0.00,      0.00,0,1,0,0,1,1,U2 
H5,840,2019,840732,      0.00,      0.00,      0.00,      0.00,0,3,0,0,3,3,U2 
H5,840,2019,840733,      2.50,      0.00,      2.50,      0.63,0,3,0,1,4,4,U2 
H5,840,2019,840734,     10.00,      0.00,      2.50,      1.25,0,4,0,4,8,8,U2 
H5,840,2019,840790,      0.00,      0.00,      0.00,      0.00,0,2,0,0,2,2,U2 
H5,840,2019,840810,      2.50,      2.50,      2.50,      2.50,0,0,0,1,1,1,U2 
H5,840,2019,840820,      5.00,      0.00,      2.50,      1.67,0,1,0,2,3,3,U2 
H5,840,2019,840890,      0.00,      0.00,      0.00,      0.00,0,2,0,0,2,2,U2 
H5,840,2019,840910,      0.00,      0.00,      0.00,      0.00,0,1,0,0,1,1,U2 
H5,840,2019,840991,     10.00,      0.00,      2.50,      2.00,0,1,0,4,5,5,U2 
H5,840,2019,840999,      5.00,      0.00,      2.50,      1.25,0,2,0,2,4,4,U2 
H5,840,2019,841011,      3.80,      3.80,      3.80,      3.80,0,0,0,1,1,1,U2 
H5,840,2019,841012,      3.80,      3.80,      3.80,      3.80,0,0,0,1,1,1,U2 
H5,840,2019,841013,      3.80,      3.80,      3.80,      3.80,0,0,0,1,1,1,U2 
H5,840,2019,841090,      3.80,      3.80,      3.80,      3.80,0,0,0,1,1,1,U2 
H5,840,2019,841111,      0.00,      0.00,      0.00,      0.00,0,2,0,0,2,2,U2 
H5,840,2019,841112,      0.00,      0.00,      0.00,      0.00,0,2,0,0,2,2,U2 
H5,840,2019,841121,      0.00,      0.00,      0.00,      0.00,0,2,0,0,2,2,U2 
H5,840,2019,841122,      0.00,      0.00,      0.00,      0.00,0,2,0,0,2,2,U2 
H5,840,2019,841181,      2.50,      0.00,      2.50,      1.25,0,1,0,1,2,2,U2 
H5,840,2019,841182,      2.50,      0.00,      2.50,      1.25,0,1,0,1,2,2,U2 
H5,840,2019,841191,      0.00,      0.00,      0.00,      0.00,0,2,0,0,2,2,U2 
H5,840,2019,841199,      2.40,      0.00,      2.40,      1.20,0,1,0,1,2,2,U2 
H5,840,2019,841210,      0.00,      0.00,      0.00,      0.00,0,1,0,0,1,1,U2 
H5,840,2019,841221,      0.00,      0.00,      0.00,      0.00,0,1,0,0,1,1,U2 
H5,840,2019,841229,      0.00,      0.00,      0.00,      0.00,0,2,0,0,2,2,U2 
H5,840,2019,841231,      0.00,      0.00,      0.00,      0.00,0,1,0,0,1,1,U2 
H5,840,2019,841239,      0.00,      0.00,      0.00,      0.00,0,1,0,0,1,1,U2 
H5,840,2019,841280,      0.00,      0.00,      0.00,      0.00,0,2,0,0,2,2,U2 
H5,840,2019,841290,      0.00,      0.00,      0.00,      0.00,0,2,0,0,2,2,U2 
H5,840,2019,841311,      0.00,      0.00,      0.00,      0.00,0,1,0,0,1,1,U2 
H5,840,2019,841319,      0.00,      0.00,      0.00,      0.00,0,1,0,0,1,1,U2 
H5,840,2019,841320,      0.00,      0.00,      0.00,      0.00,0,1,0,0,1,1,U2 
H5,840,2019,841330,      5.00,      2.50,      2.50,      2.50,0,0,0,2,2,2,U2 
H5,840,2019,841340,      0.00,      0.00,      0.00,      0.00,0,1,0,0,1,1,U2 
H5,840,2019,841350,      0.00,      0.00,      0.00,      0.00,0,1,0,0,1,1,U2 
H5,840,2019,841360,      0.00,      0.00,      0.00,      0.00,0,1,0,0,1,1,U2 
H5,840,2019,841370,      0.00,      0.00,      0.00,      0.00,0,2,0,0,2,2,U2 
H5,840,2019,841381,      0.00,      0.00,      0.00,      0.00,0,1,0,0,1,1,U2 
H5,840,2019,841382,      0.00,      0.00,      0.00,      0.00,0,1,0,0,1,1,U2 
H5,840,2019,841391,      2.50,      0.00,      2.50,      0.83,0,2,0,1,3,3,U2 
H5,840,2019,841392,      0.00,      0.00,      0.00,      0.00,0,1,0,0,1,1,U2 
H5,840,2019,841410,      2.50,      2.50,      2.50,      2.50,0,0,0,1,1,1,U2 
H5,840,2019,841420,      3.70,      3.70,      3.70,      3.70,0,0,0,1,1,1,U2 
H5,840,2019,841430,      0.00,      0.00,      0.00,      0.00,0,2,0,0,2,2,U2 
H5,840,2019,841440,      2.70,      2.70,      2.70,      2.70,0,0,0,1,1,1,U2 
H5,840,2019,841451,      9.40,      4.70,      4.70,      4.70,0,0,0,2,2,2,U2 
H5,840,2019,841459,      4.60,      0.00,      2.30,      1.15,0,2,0,2,4,4,U2 
H5,840,2019,841460,      0.00,      0.00,      0.00,      0.00,0,1,0,0,1,1,U2 
H5,840,2019,841480,      3.70,      0.00,      3.70,      0.93,0,3,0,1,4,4,U2 
H5,840,2019,841490,      4.70,      0.00,      4.70,      1.17,0,3,0,1,4,4,U2 
H5,840,2019,841510,      3.20,      0.00,      2.20,      1.07,0,1,0,2,3,3,U2 
H5,840,2019,841520,      1.40,      1.40,      1.40,      1.40,0,0,0,1,1,1,U2 
H5,840,2019,841581,      1.00,      1.00,      1.00,      1.00,0,0,0,1,1,1,U2 
H5,840,2019,841582,      2.20,      2.20,      2.20,      2.20,0,0,0,1,1,1,U2 
H5,840,2019,841583,      1.40,      1.40,      1.40,      1.40,0,0,0,1,1,1,U2 
H5,840,2019,841590,      2.80,      1.40,      1.40,      1.40,0,0,0,2,2,2,U2 
H5,840,2019,841610,      0.00,      0.00,      0.00,      0.00,0,1,0,0,1,1,U2 
H5,840,2019,841620,      0.00,      0.00,      0.00,      0.00,0,1,0,0,1,1,U2 
H5,840,2019,841630,      0.00,      0.00,      0.00,      0.00,0,1,0,0,1,1,U2 
H5,840,2019,841690,      0.00,      0.00,      0.00,      0.00,0,1,0,0,1,1,U2 
H5,840,2019,841710,      2.90,      2.90,      2.90,      2.90,0,0,0,1,1,1,U2 
H5,840,2019,841720,      3.50,      3.50,      3.50,      3.50,0,0,0,1,1,1,U2 
H5,840,2019,841780,      3.90,      3.90,      3.90,      3.90,0,0,0,1,1,1,U2 
H5,840,2019,841790,      3.90,      3.90,      3.90,      3.90,0,0,0,1,1,1,U2 
H5,840,2019,841810,      0.00,      0.00,      0.00,      0.00,0,1,0,0,1,1,U2 
H5,840,2019,841821,      0.00,      0.00,      0.00,      0.00,0,1,0,0,1,1,U2 
H5,840,2019,841829,      2.90,      1.00,      1.90,      1.45,0,0,0,2,2,2,U2 
H5,840,2019,841830,      0.00,      0.00,      0.00,      0.00,0,1,0,0,1,1,U2 
H5,840,2019,841840,      0.00,      0.00,      0.00,      0.00,0,1,0,0,1,1,U2 
H5,840,2019,841850,      0.00,      0.00,      0.00,      0.00,0,1,0,0,1,1,U2 
H5,840,2019,841861,      0.00,      0.00,      0.00,      0.00,0,1,0,0,1,1,U2 
H5,840,2019,841869,      0.00,      0.00,      0.00,      0.00,0,1,0,0,1,1,U2 
H5,840,2019,841891,      0.00,      0.00,      0.00,      0.00,0,1,0,0,1,1,U2 
H5,840,2019,841899,      0.00,      0.00,      0.00,      0.00,0,2,0,0,2,2,U2 
H5,840,2019,841911,      0.00,      0.00,      0.00,      0.00,0,1,0,0,1,1,U2 
H5,840,2019,841919,      0.00,      0.00,      0.00,      0.00,0,1,0,0,1,1,U2 
H5,840,2019,841920,      0.00,      0.00,      0.00,      0.00,0,1,0,0,1,1,U2 
H5,840,2019,841931,      0.00,      0.00,      0.00,      0.00,0,1,0,0,1,1,U2 
H5,840,2019,841932,      0.00,      0.00,      0.00,      0.00,0,2,0,0,2,2,U2 
H5,840,2019,841939,      0.00,      0.00,      0.00,      0.00,0,1,0,0,1,1,U2 
H5,840,2019,841940,      0.00,      0.00,      0.00,      0.00,0,1,0,0,1,1,U2 
H5,840,2019,841950,      4.20,      0.00,      4.20,      2.10,0,1,0,1,2,2,U2 
H5,840,2019,841960,      4.20,      0.00,      4.20,      2.10,0,1,0,1,2,2,U2 
H5,840,2019,841981,      0.00,      0.00,      0.00,      0.00,0,2,0,0,2,2,U2 
H5,840,2019,841989,      4.20,      0.00,      4.20,      1.40,0,2,0,1,3,3,U2 
H5,840,2019,841990,      4.00,      0.00,      4.00,      0.67,0,5,0,1,6,6,U2 
H5,840,2019,842010,      3.50,      0.00,      3.50,      1.17,0,2,0,1,3,3,U2 
H5,840,2019,842091,      2.60,      0.00,      2.60,      0.87,0,2,0,1,3,3,U2 
H5,840,2019,842099,      3.50,      0.00,      3.50,      1.17,0,2,0,1,3,3,U2 
H5,840,2019,842111,      0.00,      0.00,      0.00,      0.00,0,1,0,0,1,1,U2 
H5,840,2019,842112,      0.00,      0.00,      0.00,      0.00,0,1,0,0,1,1,U2 
H5,840,2019,842119,      1.30,      1.30,      1.30,      1.30,0,0,0,1,1,1,U2 
H5,840,2019,842121,      0.00,      0.00,      0.00,      0.00,0,1,0,0,1,1,U2 
H5,840,2019,842122,      0.00,      0.00,      0.00,      0.00,0,1,0,0,1,1,U2 
H5,840,2019,842123,      2.50,      2.50,      2.50,      2.50,0,0,0,1,1,1,U2 
H5,840,2019,842129,      0.00,      0.00,      0.00,      0.00,0,1,0,0,1,1,U2 
H5,840,2019,842131,      2.50,      2.50,      2.50,      2.50,0,0,0,1,1,1,U2 
H5,840,2019,842139,      0.00,      0.00,      0.00,      0.00,0,2,0,0,2,2,U2 
H5,840,2019,842191,      0.00,      0.00,      0.00,      0.00,0,3,0,0,3,3,U2 
H5,840,2019,842199,      0.00,      0.00,      0.00,      0.00,0,1,0,0,1,1,U2 
H5,840,2019,842211,      2.40,      2.40,      2.40,      2.40,0,0,0,1,1,1,U2 
H5,840,2019,842219,      0.00,      0.00,      0.00,      0.00,0,1,0,0,1,1,U2 
H5,840,2019,842220,      0.00,      0.00,      0.00,      0.00,0,1,0,0,1,1,U2 
H5,840,2019,842230,      0.00,      0.00,      0.00,      0.00,0,2,0,0,2,2,U2 
H5,840,2019,842240,      0.00,      0.00,      0.00,      0.00,0,2,0,0,2,2,U2 
H5,840,2019,842290,      0.00,      0.00,      0.00,      0.00,0,6,0,0,6,6,U2 
H5,840,2019,842310,      0.00,      0.00,      0.00,      0.00,0,1,0,0,1,1,U2 
H5,840,2019,842320,      2.90,      0.00,      2.90,      1.45,0,1,0,1,2,2,U2 
H5,840,2019,842330,      0.00,      0.00,      0.00,      0.00,0,1,0,0,1,1,U2 
H5,840,2019,842381,      0.00,      0.00,      0.00,      0.00,0,1,0,0,1,1,U2 
H5,840,2019,842382,      0.00,      0.00,      0.00,      0.00,0,1,0,0,1,1,U2 
H5,840,2019,842389,      2.90,      0.00,      2.90,      1.45,0,1,0,1,2,2,U2 
H5,840,2019,842390,      2.80,      0.00,      2.80,      1.40,0,1,0,1,2,2,U2 
H5,840,2019,842410,      0.00,      0.00,      0.00,      0.00,0,1,0,0,1,1,U2 
H5,840,2019,842420,      2.90,      0.00,      2.90,      1.45,0,1,0,1,2,2,U2 
H5,840,2019,842430,      0.00,      0.00,      0.00,      0.00,0,2,0,0,2,2,U2 
H5,840,2019,842441,      2.40,      0.00,      2.40,      1.20,0,1,0,1,2,2,U2 
H5,840,2019,842449,      2.40,      2.40,      2.40,      2.40,0,0,0,1,1,1,U2 
H5,840,2019,842482,      2.40,      2.40,      2.40,      2.40,0,0,0,1,1,1,U2 
H5,840,2019,842489,      1.80,      0.00,      1.80,      0.90,0,1,0,1,2,2,U2 
H5,840,2019,842490,      2.90,      0.00,      2.90,      0.73,0,3,0,1,4,4,U2 
H5,840,2019,842511,      0.00,      0.00,      0.00,      0.00,0,1,0,0,1,1,U2 
H5,840,2019,842519,      0.00,      0.00,      0.00,      0.00,0,1,0,0,1,1,U2 
H5,840,2019,842531,      0.00,      0.00,      0.00,      0.00,0,1,0,0,1,1,U2 
H5,840,2019,842539,      0.00,      0.00,      0.00,      0.00,0,1,0,0,1,1,U2 
H5,840,2019,842541,      0.00,      0.00,      0.00,      0.00,0,1,0,0,1,1,U2 
H5,840,2019,842542,      0.00,      0.00,      0.00,      0.00,0,1,0,0,1,1,U2 
H5,840,2019,842549,      0.00,      0.00,      0.00,      0.00,0,1,0,0,1,1,U2 
H5,840,2019,842611,      0.00,      0.00,      0.00,      0.00,0,1,0,0,1,1,U2 
H5,840,2019,842612,      0.00,      0.00,      0.00,      0.00,0,1,0,0,1,1,U2 
H5,840,2019,842619,      0.00,      0.00,      0.00,      0.00,0,1,0,0,1,1,U2 
H5,840,2019,842620,      0.00,      0.00,      0.00,      0.00,0,1,0,0,1,1,U2 
H5,840,2019,842630,      0.00,      0.00,      0.00,      0.00,0,1,0,0,1,1,U2 
H5,840,2019,842641,      0.00,      0.00,      0.00,      0.00,0,1,0,0,1,1,U2 
H5,840,2019,842649,      0.00,      0.00,      0.00,      0.00,0,1,0,0,1,1,U2 
H5,840,2019,842691,      0.00,      0.00,      0.00,      0.00,0,1,0,0,1,1,U2 
H5,840,2019,842699,      0.00,      0.00,      0.00,      0.00,0,1,0,0,1,1,U2 
H5,840,2019,842710,      0.00,      0.00,      0.00,      0.00,0,2,0,0,2,2,U2 
H5,840,2019,842720,      0.00,      0.00,      0.00,      0.00,0,2,0,0,2,2,U2 
H5,840,2019,842790,      0.00,      0.00,      0.00,      0.00,0,1,0,0,1,1,U2 
H5,840,2019,842810,      0.00,      0.00,      0.00,      0.00,0,1,0,0,1,1,U2 
H5,840,2019,842820,      0.00,      0.00,      0.00,      0.00,0,1,0,0,1,1,U2 
H5,840,2019,842831,      0.00,      0.00,      0.00,      0.00,0,1,0,0,1,1,U2 
H5,840,2019,842832,      0.00,      0.00,      0.00,      0.00,0,1,0,0,1,1,U2 
H5,840,2019,842833,      0.00,      0.00,      0.00,      0.00,0,1,0,0,1,1,U2 
H5,840,2019,842839,      0.00,      0.00,      0.00,      0.00,0,1,0,0,1,1,U2 
H5,840,2019,842840,      0.00,      0.00,      0.00,      0.00,0,1,0,0,1,1,U2 
H5,840,2019,842860,      0.00,      0.00,      0.00,      0.00,0,1,0,0,1,1,U2 
H5,840,2019,842890,      0.00,      0.00,      0.00,      0.00,0,1,0,0,1,1,U2 
H5,840,2019,842911,      0.00,      0.00,      0.00,      0.00,0,1,0,0,1,1,U2 
H5,840,2019,842919,      0.00,      0.00,      0.00,      0.00,0,1,0,0,1,1,U2 
H5,840,2019,842920,      0.00,      0.00,      0.00,      0.00,0,1,0,0,1,1,U2 
H5,840,2019,842930,      0.00,      0.00,      0.00,      0.00,0,1,0,0,1,1,U2 
H5,840,2019,842940,      0.00,      0.00,      0.00,      0.00,0,1,0,0,1,1,U2 
H5,840,2019,842951,      0.00,      0.00,      0.00,      0.00,0,2,0,0,2,2,U2 
H5,840,2019,842952,      0.00,      0.00,      0.00,      0.00,0,2,0,0,2,2,U2 
H5,840,2019,842959,      0.00,      0.00,      0.00,      0.00,0,2,0,0,2,2,U2 
H5,840,2019,843010,      0.00,      0.00,      0.00,      0.00,0,1,0,0,1,1,U2 
H5,840,2019,843020,      0.00,      0.00,      0.00,      0.00,0,1,0,0,1,1,U2 
H5,840,2019,843031,      0.00,      0.00,      0.00,      0.00,0,1,0,0,1,1,U2 
H5,840,2019,843039,      0.00,      0.00,      0.00,      0.00,0,1,0,0,1,1,U2 
H5,840,2019,843041,      0.00,      0.00,      0.00,      0.00,0,1,0,0,1,1,U2 
H5,840,2019,843049,      0.00,      0.00,      0.00,      0.00,0,2,0,0,2,2,U2 
H5,840,2019,843050,      0.00,      0.00,      0.00,      0.00,0,2,0,0,2,2,U2 
H5,840,2019,843061,      0.00,      0.00,      0.00,      0.00,0,1,0,0,1,1,U2 
H5,840,2019,843069,      0.00,      0.00,      0.00,      0.00,0,1,0,0,1,1,U2 
H5,840,2019,843110,      0.00,      0.00,      0.00,      0.00,0,1,0,0,1,1,U2 
H5,840,2019,843120,      0.00,      0.00,      0.00,      0.00,0,1,0,0,1,1,U2 
H5,840,2019,843131,      0.00,      0.00,      0.00,      0.00,0,1,0,0,1,1,U2 
H5,840,2019,843139,      0.00,      0.00,      0.00,      0.00,0,1,0,0,1,1,U2 
H5,840,2019,843141,      0.00,      0.00,      0.00,      0.00,0,1,0,0,1,1,U2 
H5,840,2019,843142,      0.00,      0.00,      0.00,      0.00,0,1,0,0,1,1,U2 
H5,840,2019,843143,      0.00,      0.00,      0.00,      0.00,0,2,0,0,2,2,U2 
H5,840,2019,843149,      0.00,      0.00,      0.00,      0.00,0,2,0,0,2,2,U2 
H5,840,2019,843210,      0.00,      0.00,      0.00,      0.00,0,1,0,0,1,1,U2 
H5,840,2019,843221,      0.00,      0.00,      0.00,      0.00,0,1,0,0,1,1,U2 
H5,840,2019,843229,      0.00,      0.00,      0.00,      0.00,0,1,0,0,1,1,U2 
H5,840,2019,843231,      0.00,      0.00,      0.00,      0.00,0,1,0,0,1,1,U2 
H5,840,2019,843239,      0.00,      0.00,      0.00,      0.00,0,1,0,0,1,1,U2 
H5,840,2019,843241,      0.00,      0.00,      0.00,      0.00,0,1,0,0,1,1,U2 
H5,840,2019,843242,      0.00,      0.00,      0.00,      0.00,0,1,0,0,1,1,U2 
H5,840,2019,843280,      0.00,      0.00,      0.00,      0.00,0,1,0,0,1,1,U2 
H5,840,2019,843290,      0.00,      0.00,      0.00,      0.00,0,1,0,0,1,1,U2 
H5,840,2019,843311,      0.00,      0.00,      0.00,      0.00,0,1,0,0,1,1,U2 
H5,840,2019,843319,      0.00,      0.00,      0.00,      0.00,0,1,0,0,1,1,U2 
H5,840,2019,843320,      0.00,      0.00,      0.00,      0.00,0,1,0,0,1,1,U2 
H5,840,2019,843330,      0.00,      0.00,      0.00,      0.00,0,1,0,0,1,1,U2 
H5,840,2019,843340,      0.00,      0.00,      0.00,      0.00,0,1,0,0,1,1,U2 
H5,840,2019,843351,      0.00,      0.00,      0.00,      0.00,0,1,0,0,1,1,U2 
H5,840,2019,843352,      0.00,      0.00,      0.00,      0.00,0,1,0,0,1,1,U2 
H5,840,2019,843353,      0.00,      0.00,      0.00,      0.00,0,1,0,0,1,1,U2 
H5,840,2019,843359,      0.00,      0.00,      0.00,      0.00,0,1,0,0,1,1,U2 
H5,840,2019,843360,      0.00,      0.00,      0.00,      0.00,0,1,0,0,1,1,U2 
H5,840,2019,843390,      0.00,      0.00,      0.00,      0.00,0,2,0,0,2,2,U2 
H5,840,2019,843410,      0.00,      0.00,      0.00,      0.00,0,1,0,0,1,1,U2 
H5,840,2019,843420,      0.00,      0.00,      0.00,      0.00,0,1,0,0,1,1,U2 
H5,840,2019,843490,      0.00,      0.00,      0.00,      0.00,0,1,0,0,1,1,U2 
H5,840,2019,843510,      0.00,      0.00,      0.00,      0.00,0,1,0,0,1,1,U2 
H5,840,2019,843590,      0.00,      0.00,      0.00,      0.00,0,1,0,0,1,1,U2 
H5,840,2019,843610,      0.00,      0.00,      0.00,      0.00,0,1,0,0,1,1,U2 
H5,840,2019,843621,      0.00,      0.00,      0.00,      0.00,0,1,0,0,1,1,U2 
H5,840,2019,843629,      0.00,      0.00,      0.00,      0.00,0,1,0,0,1,1,U2 
H5,840,2019,843680,      0.00,      0.00,      0.00,      0.00,0,1,0,0,1,1,U2 
H5,840,2019,843691,      0.00,      0.00,      0.00,      0.00,0,1,0,0,1,1,U2 
H5,840,2019,843699,      0.00,      0.00,      0.00,      0.00,0,1,0,0,1,1,U2 
H5,840,2019,843710,      0.00,      0.00,      0.00,      0.00,0,1,0,0,1,1,U2 
H5,840,2019,843780,      0.00,      0.00,      0.00,      0.00,0,1,0,0,1,1,U2 
H5,840,2019,843790,      0.00,      0.00,      0.00,      0.00,0,1,0,0,1,1,U2 
H5,840,2019,843810,      0.00,      0.00,      0.00,      0.00,0,1,0,0,1,1,U2 
H5,840,2019,843820,      0.00,      0.00,      0.00,      0.00,0,1,0,0,1,1,U2 
H5,840,2019,843830,      0.00,      0.00,      0.00,      0.00,0,1,0,0,1,1,U2 
H5,840,2019,843840,      2.30,      2.30,      2.30,      2.30,0,0,0,1,1,1,U2 
H5,840,2019,843850,      2.80,      2.80,      2.80,      2.80,0,0,0,1,1,1,U2 
H5,840,2019,843860,      0.00,      0.00,      0.00,      0.00,0,1,0,0,1,1,U2 
H5,840,2019,843880,      0.00,      0.00,      0.00,      0.00,0,1,0,0,1,1,U2 
H5,840,2019,843890,      2.80,      0.00,      2.80,      1.40,0,1,0,1,2,2,U2 
H5,840,2019,843910,      0.00,      0.00,      0.00,      0.00,0,1,0,0,1,1,U2 
H5,840,2019,843920,      0.00,      0.00,      0.00,      0.00,0,1,0,0,1,1,U2 
H5,840,2019,843930,      0.00,      0.00,      0.00,      0.00,0,1,0,0,1,1,U2 
H5,840,2019,843991,      0.00,      0.00,      0.00,      0.00,0,2,0,0,2,2,U2 
H5,840,2019,843999,      0.00,      0.00,      0.00,      0.00,0,2,0,0,2,2,U2 
H5,840,2019,844010,      0.00,      0.00,      0.00,      0.00,0,1,0,0,1,1,U2 
H5,840,2019,844090,      0.00,      0.00,      0.00,      0.00,0,1,0,0,1,1,U2 
H5,840,2019,844110,      0.00,      0.00,      0.00,      0.00,0,1,0,0,1,1,U2 
H5,840,2019,844120,      0.00,      0.00,      0.00,      0.00,0,1,0,0,1,1,U2 
H5,840,2019,844130,      0.00,      0.00,      0.00,      0.00,0,1,0,0,1,1,U2 
H5,840,2019,844140,      0.00,      0.00,      0.00,      0.00,0,1,0,0,1,1,U2 
H5,840,2019,844180,      0.00,      0.00,      0.00,      0.00,0,1,0,0,1,1,U2 
H5,840,2019,844190,      0.00,      0.00,      0.00,      0.00,0,1,0,0,1,1,U2 
H5,840,2019,844230,      0.00,      0.00,      0.00,      0.00,0,1,0,0,1,1,U2 
H5,840,2019,844240,      0.00,      0.00,      0.00,      0.00,0,1,0,0,1,1,U2 
H5,840,2019,844250,      0.00,      0.00,      0.00,      0.00,0,2,0,0,2,2,U2 
H5,840,2019,844311,      3.30,      0.00,      3.30,      1.65,0,1,0,1,2,2,U2 
H5,840,2019,844312,      0.00,      0.00,      0.00,      0.00,0,1,0,0,1,1,U2 
H5,840,2019,844313,      0.00,      0.00,      0.00,      0.00,0,1,0,0,1,1,U2 
H5,840,2019,844314,      2.20,      2.20,      2.20,      2.20,0,0,0,1,1,1,U2 
H5,840,2019,844315,      0.00,      0.00,      0.00,      0.00,0,1,0,0,1,1,U2 
H5,840,2019,844316,      2.20,      2.20,      2.20,      2.20,0,0,0,1,1,1,U2 
H5,840,2019,844317,      2.20,      2.20,      2.20,      2.20,0,0,0,1,1,1,U2 
H5,840,2019,844319,      2.60,      0.00,      2.60,      1.30,0,1,0,1,2,2,U2 
H5,840,2019,844331,      0.00,      0.00,      0.00,      0.00,0,1,0,0,1,1,U2 
H5,840,2019,844332,      0.00,      0.00,      0.00,      0.00,0,2,0,0,2,2,U2 
H5,840,2019,844339,      0.00,      0.00,      0.00,      0.00,0,7,0,0,7,7,U2 
H5,840,2019,844391,      0.00,      0.00,      0.00,      0.00,0,3,0,0,3,3,U2 
H5,840,2019,844399,      0.00,      0.00,      0.00,      0.00,0,8,0,0,8,8,U2 
H5,840,2019,844400,      0.00,      0.00,      0.00,      0.00,0,1,0,0,1,1,U2 
H5,840,2019,844511,      0.00,      0.00,      0.00,      0.00,0,1,0,0,1,1,U2 
H5,840,2019,844512,      0.00,      0.00,      0.00,      0.00,0,1,0,0,1,1,U2 
H5,840,2019,844513,      0.00,      0.00,      0.00,      0.00,0,1,0,0,1,1,U2 
H5,840,2019,844519,      3.30,      3.30,      3.30,      3.30,0,0,0,1,1,1,U2 
H5,840,2019,844520,      0.00,      0.00,      0.00,      0.00,0,1,0,0,1,1,U2 
H5,840,2019,844530,      0.00,      0.00,      0.00,      0.00,0,1,0,0,1,1,U2 
H5,840,2019,844540,      3.70,      3.70,      3.70,      3.70,0,0,0,1,1,1,U2 
H5,840,2019,844590,      3.70,      3.70,      3.70,      3.70,0,0,0,1,1,1,U2 
H5,840,2019,844610,      0.00,      0.00,      0.00,      0.00,0,1,0,0,1,1,U2 
H5,840,2019,844621,      3.70,      0.00,      3.70,      1.85,0,1,0,1,2,2,U2 
H5,840,2019,844629,      0.00,      0.00,      0.00,      0.00,0,1,0,0,1,1,U2 
H5,840,2019,844630,      3.70,      0.00,      3.70,      1.85,0,1,0,1,2,2,U2 
H5,840,2019,844711,      0.00,      0.00,      0.00,      0.00,0,2,0,0,2,2,U2 
H5,840,2019,844712,      0.00,      0.00,      0.00,      0.00,0,2,0,0,2,2,U2 
H5,840,2019,844720,      2.60,      0.00,      2.60,      0.65,0,3,0,1,4,4,U2 
H5,840,2019,844790,      0.00,      0.00,      0.00,      0.00,0,3,0,0,3,3,U2 
H5,840,2019,844811,      0.00,      0.00,      0.00,      0.00,0,1,0,0,1,1,U2 
H5,840,2019,844819,      0.00,      0.00,      0.00,      0.00,0,1,0,0,1,1,U2 
H5,840,2019,844820,      7.00,      3.30,      3.70,      3.50,0,0,0,2,2,2,U2 
H5,840,2019,844831,      3.30,      3.30,      3.30,      3.30,0,0,0,1,1,1,U2 
H5,840,2019,844832,      0.00,      0.00,      0.00,      0.00,0,1,0,0,1,1,U2 
H5,840,2019,844833,      3.30,      3.30,      3.30,      3.30,0,0,0,1,1,1,U2 
H5,840,2019,844839,      3.70,      0.00,      3.70,      1.23,0,2,0,1,3,3,U2 
H5,840,2019,844842,      3.70,      3.70,      3.70,      3.70,0,0,0,1,1,1,U2 
H5,840,2019,844849,      3.70,      0.00,      3.70,      1.85,0,1,0,1,2,2,U2 
H5,840,2019,844851,      0.00,      0.00,      0.00,      0.00,0,4,0,0,4,4,U2 
H5,840,2019,844859,      0.00,      0.00,      0.00,      0.00,0,2,0,0,2,2,U2 
H5,840,2019,844900,      2.60,      0.00,      2.60,      1.30,0,1,0,1,2,2,U2 
H5,840,2019,845011,      1.40,      1.40,      1.40,      1.40,0,0,0,1,1,1,U2 
H5,840,2019,845012,      2.60,      2.60,      2.60,      2.60,0,0,0,1,1,1,U2 
H5,840,2019,845019,      1.80,      1.80,      1.80,      1.80,0,0,0,1,1,1,U2 
H5,840,2019,845020,      1.00,      1.00,      1.00,      1.00,0,0,0,1,1,1,U2 
H5,840,2019,845090,      7.80,      2.60,      2.60,      2.60,0,0,0,3,3,3,U2 
H5,840,2019,845110,      0.00,      0.00,      0.00,      0.00,0,1,0,0,1,1,U2 
H5,840,2019,845121,      3.40,      3.40,      3.40,      3.40,0,0,0,1,1,1,U2 
H5,840,2019,845129,      2.60,      2.60,      2.60,      2.60,0,0,0,1,1,1,U2 
H5,840,2019,845130,      0.00,      0.00,      0.00,      0.00,0,1,0,0,1,1,U2 
H5,840,2019,845140,      3.50,      3.50,      3.50,      3.50,0,0,0,1,1,1,U2 
H5,840,2019,845150,      0.00,      0.00,      0.00,      0.00,0,1,0,0,1,1,U2 
H5,840,2019,845180,      3.50,      3.50,      3.50,      3.50,0,0,0,1,1,1,U2 
H5,840,2019,845190,     10.50,      3.50,      3.50,      3.50,0,0,0,3,3,3,U2 
H5,840,2019,845210,      0.00,      0.00,      0.00,      0.00,0,1,0,0,1,1,U2 
H5,840,2019,845221,      0.00,      0.00,      0.00,      0.00,0,2,0,0,2,2,U2 
H5,840,2019,845229,      0.00,      0.00,      0.00,      0.00,0,2,0,0,2,2,U2 
H5,840,2019,845230,      0.00,      0.00,      0.00,      0.00,0,1,0,0,1,1,U2 
H5,840,2019,845290,      2.50,      0.00,      2.50,      1.25,0,1,0,1,2,2,U2 
H5,840,2019,845310,      0.00,      0.00,      0.00,      0.00,0,1,0,0,1,1,U2 
H5,840,2019,845320,      0.00,      0.00,      0.00,      0.00,0,1,0,0,1,1,U2 
H5,840,2019,845380,      0.00,      0.00,      0.00,      0.00,0,1,0,0,1,1,U2 
H5,840,2019,845390,      0.00,      0.00,      0.00,      0.00,0,2,0,0,2,2,U2 
H5,840,2019,845410,      0.00,      0.00,      0.00,      0.00,0,1,0,0,1,1,U2 
H5,840,2019,845420,      0.00,      0.00,      0.00,      0.00,0,1,0,0,1,1,U2 
H5,840,2019,845430,      0.00,      0.00,      0.00,      0.00,0,1,0,0,1,1,U2 
H5,840,2019,845490,      0.00,      0.00,      0.00,      0.00,0,1,0,0,1,1,U2 
H5,840,2019,845510,      0.00,      0.00,      0.00,      0.00,0,1,0,0,1,1,U2 
H5,840,2019,845521,      0.00,      0.00,      0.00,      0.00,0,1,0,0,1,1,U2 
H5,840,2019,845522,      0.00,      0.00,      0.00,      0.00,0,1,0,0,1,1,U2 
H5,840,2019,845530,      0.00,      0.00,      0.00,      0.00,0,1,0,0,1,1,U2 
H5,840,2019,845590,      0.00,      0.00,      0.00,      0.00,0,2,0,0,2,2,U2 
H5,840,2019,845611,      5.90,      0.00,      3.50,      1.97,0,1,0,2,3,3,U2 
H5,840,2019,845612,      5.90,      0.00,      3.50,      1.97,0,1,0,2,3,3,U2 
H5,840,2019,845620,      5.90,      2.40,      3.50,      2.95,0,0,0,2,2,2,U2 
H5,840,2019,845630,      5.90,      2.40,      3.50,      2.95,0,0,0,2,2,2,U2 
H5,840,2019,845640,      5.70,      2.20,      3.50,      2.85,0,0,0,2,2,2,U2 
H5,840,2019,845650,      2.50,      2.50,      2.50,      2.50,0,0,0,1,1,1,U2 
H5,840,2019,845690,      5.70,      2.20,      3.50,      2.85,0,0,0,2,2,2,U2 
H5,840,2019,845710,      4.20,      4.20,      4.20,      4.20,0,0,0,1,1,1,U2 
H5,840,2019,845720,      3.30,      3.30,      3.30,      3.30,0,0,0,1,1,1,U2 
H5,840,2019,845730,      3.30,      3.30,      3.30,      3.30,0,0,0,1,1,1,U2 
H5,840,2019,845811,      4.40,      4.40,      4.40,      4.40,0,0,0,1,1,1,U2 
H5,840,2019,845819,      4.40,      4.40,      4.40,      4.40,0,0,0,1,1,1,U2 
H5,840,2019,845891,      8.60,      4.20,      4.40,      4.30,0,0,0,2,2,2,U2 
H5,840,2019,845899,      8.60,      4.20,      4.40,      4.30,0,0,0,2,2,2,U2 
H5,840,2019,845910,      3.30,      3.30,      3.30,      3.30,0,0,0,1,1,1,U2 
H5,840,2019,845921,      4.20,      4.20,      4.20,      4.20,0,0,0,1,1,1,U2 
H5,840,2019,845929,      4.20,      4.20,      4.20,      4.20,0,0,0,1,1,1,U2 
H5,840,2019,845931,      4.20,      4.20,      4.20,      4.20,0,0,0,1,1,1,U2 
H5,840,2019,845939,      4.20,      4.20,      4.20,      4.20,0,0,0,1,1,1,U2 
H5,840,2019,845941,      4.20,      4.20,      4.20,      4.20,0,0,0,1,1,1,U2 
H5,840,2019,845949,      4.20,      4.20,      4.20,      4.20,0,0,0,1,1,1,U2 
H5,840,2019,845951,      4.20,      4.20,      4.20,      4.20,0,0,0,1,1,1,U2 
H5,840,2019,845959,      4.20,      4.20,      4.20,      4.20,0,0,0,1,1,1,U2 
H5,840,2019,845961,      4.20,      4.20,      4.20,      4.20,0,0,0,1,1,1,U2 
H5,840,2019,845969,      4.20,      4.20,      4.20,      4.20,0,0,0,1,1,1,U2 
H5,840,2019,845970,      8.40,      4.20,      4.20,      4.20,0,0,0,2,2,2,U2 
H5,840,2019,846012,      4.40,      4.40,      4.40,      4.40,0,0,0,1,1,1,U2 
H5,840,2019,846019,      4.40,      4.40,      4.40,      4.40,0,0,0,1,1,1,U2 
H5,840,2019,846022,      4.40,      4.40,      4.40,      4.40,0,0,0,1,1,1,U2 
H5,840,2019,846023,      4.40,      4.40,      4.40,      4.40,0,0,0,1,1,1,U2 
H5,840,2019,846024,      4.40,      4.40,      4.40,      4.40,0,0,0,1,1,1,U2 
H5,840,2019,846029,      4.40,      4.40,      4.40,      4.40,0,0,0,1,1,1,U2 
H5,840,2019,846031,      4.40,      4.40,      4.40,      4.40,0,0,0,1,1,1,U2 
H5,840,2019,846039,      4.40,      4.40,      4.40,      4.40,0,0,0,1,1,1,U2 
H5,840,2019,846040,      8.80,      4.40,      4.40,      4.40,0,0,0,2,2,2,U2 
H5,840,2019,846090,      8.80,      4.40,      4.40,      4.40,0,0,0,2,2,2,U2 
H5,840,2019,846120,      8.80,      4.40,      4.40,      4.40,0,0,0,2,2,2,U2 
H5,840,2019,846130,      8.80,      4.40,      4.40,      4.40,0,0,0,2,2,2,U2 
H5,840,2019,846140,     10.20,      4.40,      5.80,      5.10,0,0,0,2,2,2,U2 
H5,840,2019,846150,      8.80,      4.40,      4.40,      4.40,0,0,0,2,2,2,U2 
H5,840,2019,846190,      8.80,      4.40,      4.40,      4.40,0,0,0,2,2,2,U2 
H5,840,2019,846210,      4.40,      4.40,      4.40,      4.40,0,0,0,1,1,1,U2 
H5,840,2019,846221,      4.40,      4.40,      4.40,      4.40,0,0,0,1,1,1,U2 
H5,840,2019,846229,      4.40,      4.40,      4.40,      4.40,0,0,0,1,1,1,U2 
H5,840,2019,846231,      4.40,      4.40,      4.40,      4.40,0,0,0,1,1,1,U2 
H5,840,2019,846239,      4.40,      4.40,      4.40,      4.40,0,0,0,1,1,1,U2 
H5,840,2019,846241,      4.40,      4.40,      4.40,      4.40,0,0,0,1,1,1,U2 
H5,840,2019,846249,      4.40,      4.40,      4.40,      4.40,0,0,0,1,1,1,U2 
H5,840,2019,846291,      8.80,      4.40,      4.40,      4.40,0,0,0,2,2,2,U2 
H5,840,2019,846299,      8.80,      4.40,      4.40,      4.40,0,0,0,2,2,2,U2 
H5,840,2019,846310,      4.40,      4.40,      4.40,      4.40,0,0,0,1,1,1,U2 
H5,840,2019,846320,      4.40,      4.40,      4.40,      4.40,0,0,0,1,1,1,U2 
H5,840,2019,846330,      4.40,      4.40,      4.40,      4.40,0,0,0,1,1,1,U2 
H5,840,2019,846390,      4.40,      4.40,      4.40,      4.40,0,0,0,1,1,1,U2 
H5,840,2019,846410,      0.00,      0.00,      0.00,      0.00,0,1,0,0,1,1,U2 
H5,840,2019,846420,      2.00,      2.00,      2.00,      2.00,0,0,0,1,1,1,U2 
H5,840,2019,846490,      2.00,      2.00,      2.00,      2.00,0,0,0,1,1,1,U2 
H5,840,2019,846510,      2.40,      2.40,      2.40,      2.40,0,0,0,1,1,1,U2 
H5,840,2019,846520,      8.30,      2.40,      3.00,      2.77,0,0,0,3,3,3,U2 
H5,840,2019,846591,      3.00,      3.00,      3.00,      3.00,0,0,0,1,1,1,U2 
H5,840,2019,846592,      3.00,      3.00,      3.00,      3.00,0,0,0,1,1,1,U2 
H5,840,2019,846593,      3.00,      3.00,      3.00,      3.00,0,0,0,1,1,1,U2 
H5,840,2019,846594,      2.90,      2.90,      2.90,      2.90,0,0,0,1,1,1,U2 
H5,840,2019,846595,      3.00,      3.00,      3.00,      3.00,0,0,0,1,1,1,U2 
H5,840,2019,846596,      2.40,      2.40,      2.40,      2.40,0,0,0,1,1,1,U2 
H5,840,2019,846599,      2.40,      2.40,      2.40,      2.40,0,0,0,1,1,1,U2 
H5,840,2019,846610,      3.90,      3.90,      3.90,      3.90,0,0,0,1,1,1,U2 
H5,840,2019,846620,      8.30,      3.70,      4.60,      4.15,0,0,0,2,2,2,U2 
H5,840,2019,846630,     14.60,      2.90,      8.00,      4.87,0,0,0,3,3,3,U2 
H5,840,2019,846691,      0.00,      0.00,      0.00,      0.00,0,2,0,0,2,2,U2 
H5,840,2019,846692,      4.70,      0.00,      4.70,      2.35,0,1,0,1,2,2,U2 
H5,840,2019,846693,     21.00,      0.00,      5.80,      2.63,0,4,0,4,8,8,U2 
H5,840,2019,846694,      9.40,      0.00,      4.70,      2.35,0,2,0,2,4,4,U2 
H5,840,2019,846711,      4.50,      0.00,      4.50,      2.25,0,1,0,1,2,2,U2 
H5,840,2019,846719,      4.50,      0.00,      4.50,      2.25,0,1,0,1,2,2,U2 
H5,840,2019,846721,      1.70,      1.70,      1.70,      1.70,0,0,0,1,1,1,U2 
H5,840,2019,846722,      0.00,      0.00,      0.00,      0.00,0,1,0,0,1,1,U2 
H5,840,2019,846729,      0.00,      0.00,      0.00,      0.00,0,1,0,0,1,1,U2 
H5,840,2019,846781,      0.00,      0.00,      0.00,      0.00,0,1,0,0,1,1,U2 
H5,840,2019,846789,      0.00,      0.00,      0.00,      0.00,0,2,0,0,2,2,U2 
H5,840,2019,846791,      0.00,      0.00,      0.00,      0.00,0,1,0,0,1,1,U2 
H5,840,2019,846792,      0.00,      0.00,      0.00,      0.00,0,1,0,0,1,1,U2 
H5,840,2019,846799,      0.00,      0.00,      0.00,      0.00,0,1,0,0,1,1,U2 
H5,840,2019,846810,      2.90,      2.90,      2.90,      2.90,0,0,0,1,1,1,U2 
H5,840,2019,846820,      3.90,      0.00,      3.90,      1.95,0,1,0,1,2,2,U2 
H5,840,2019,846880,      2.90,      0.00,      2.90,      1.45,0,1,0,1,2,2,U2 
H5,840,2019,846890,      2.90,      0.00,      2.90,      1.45,0,1,0,1,2,2,U2 
H5,840,2019,847010,      0.00,      0.00,      0.00,      0.00,0,1,0,0,1,1,U2 
H5,840,2019,847021,      0.00,      0.00,      0.00,      0.00,0,1,0,0,1,1,U2 
H5,840,2019,847029,      0.00,      0.00,      0.00,      0.00,0,1,0,0,1,1,U2 
H5,840,2019,847030,      0.00,      0.00,      0.00,      0.00,0,1,0,0,1,1,U2 
H5,840,2019,847050,      0.00,      0.00,      0.00,      0.00,0,1,0,0,1,1,U2 
H5,840,2019,847090,      0.00,      0.00,      0.00,      0.00,0,1,0,0,1,1,U2 
H5,840,2019,847130,      0.00,      0.00,      0.00,      0.00,0,1,0,0,1,1,U2 
H5,840,2019,847141,      0.00,      0.00,      0.00,      0.00,0,1,0,0,1,1,U2 
H5,840,2019,847149,      0.00,      0.00,      0.00,      0.00,0,1,0,0,1,1,U2 
H5,840,2019,847150,      0.00,      0.00,      0.00,      0.00,0,1,0,0,1,1,U2 
H5,840,2019,847160,      0.00,      0.00,      0.00,      0.00,0,5,0,0,5,5,U2 
H5,840,2019,847170,      0.00,      0.00,      0.00,      0.00,0,7,0,0,7,7,U2 
H5,840,2019,847180,      0.00,      0.00,      0.00,      0.00,0,3,0,0,3,3,U2 
H5,840,2019,847190,      0.00,      0.00,      0.00,      0.00,0,1,0,0,1,1,U2 
H5,840,2019,847210,      0.00,      0.00,      0.00,      0.00,0,1,0,0,1,1,U2 
H5,840,2019,847230,      1.80,      1.80,      1.80,      1.80,0,0,0,1,1,1,U2 
H5,840,2019,847290,      0.00,      0.00,      0.00,      0.00,0,6,0,0,6,6,U2 
H5,840,2019,847321,      0.00,      0.00,      0.00,      0.00,0,1,0,0,1,1,U2 
H5,840,2019,847329,      0.00,      0.00,      0.00,      0.00,0,1,0,0,1,1,U2 
H5,840,2019,847330,      0.00,      0.00,      0.00,      0.00,0,4,0,0,4,4,U2 
H5,840,2019,847340,      2.00,      0.00,      2.00,      0.50,0,3,0,1,4,4,U2 
H5,840,2019,847350,      0.00,      0.00,      0.00,      0.00,0,3,0,0,3,3,U2 
H5,840,2019,847410,      0.00,      0.00,      0.00,      0.00,0,1,0,0,1,1,U2 
H5,840,2019,847420,      0.00,      0.00,      0.00,      0.00,0,1,0,0,1,1,U2 
H5,840,2019,847431,      0.00,      0.00,      0.00,      0.00,0,1,0,0,1,1,U2 
H5,840,2019,847432,      0.00,      0.00,      0.00,      0.00,0,1,0,0,1,1,U2 
H5,840,2019,847439,      0.00,      0.00,      0.00,      0.00,0,1,0,0,1,1,U2 
H5,840,2019,847480,      0.00,      0.00,      0.00,      0.00,0,1,0,0,1,1,U2 
H5,840,2019,847490,      0.00,      0.00,      0.00,      0.00,0,1,0,0,1,1,U2 
H5,840,2019,847510,      0.00,      0.00,      0.00,      0.00,0,1,0,0,1,1,U2 
H5,840,2019,847521,      0.00,      0.00,      0.00,      0.00,0,1,0,0,1,1,U2 
H5,840,2019,847529,      0.00,      0.00,      0.00,      0.00,0,1,0,0,1,1,U2 
H5,840,2019,847590,      0.00,      0.00,      0.00,      0.00,0,2,0,0,2,2,U2 
H5,840,2019,847621,      0.00,      0.00,      0.00,      0.00,0,1,0,0,1,1,U2 
H5,840,2019,847629,      0.00,      0.00,      0.00,      0.00,0,1,0,0,1,1,U2 
H5,840,2019,847681,      0.00,      0.00,      0.00,      0.00,0,1,0,0,1,1,U2 
H5,840,2019,847689,      0.00,      0.00,      0.00,      0.00,0,1,0,0,1,1,U2 
H5,840,2019,847690,      0.00,      0.00,      0.00,      0.00,0,1,0,0,1,1,U2 
H5,840,2019,847710,      3.10,      0.00,      3.10,      1.03,0,2,0,1,3,3,U2 
H5,840,2019,847720,      3.10,      3.10,      3.10,      3.10,0,0,0,1,1,1,U2 
H5,840,2019,847730,      3.10,      3.10,      3.10,      3.10,0,0,0,1,1,1,U2 
H5,840,2019,847740,      3.10,      3.10,      3.10,      3.10,0,0,0,1,1,1,U2 
H5,840,2019,847751,      3.10,      3.10,      3.10,      3.10,0,0,0,1,1,1,U2 
H5,840,2019,847759,      3.10,      3.10,      3.10,      3.10,0,0,0,1,1,1,U2 
H5,840,2019,847780,      3.10,      3.10,      3.10,      3.10,0,0,0,1,1,1,U2 
H5,840,2019,847790,     12.40,      3.10,      3.10,      3.10,0,0,0,4,4,4,U2 
H5,840,2019,847810,      0.00,      0.00,      0.00,      0.00,0,1,0,0,1,1,U2 
H5,840,2019,847890,      0.00,      0.00,      0.00,      0.00,0,1,0,0,1,1,U2 
H5,840,2019,847910,      0.00,      0.00,      0.00,      0.00,0,1,0,0,1,1,U2 
H5,840,2019,847920,      0.00,      0.00,      0.00,      0.00,0,1,0,0,1,1,U2 
H5,840,2019,847930,      0.00,      0.00,      0.00,      0.00,0,1,0,0,1,1,U2 
H5,840,2019,847940,      0.00,      0.00,      0.00,      0.00,0,1,0,0,1,1,U2 
H5,840,2019,847950,      2.50,      2.50,      2.50,      2.50,0,0,0,1,1,1,U2 
H5,840,2019,847960,      2.80,      2.80,      2.80,      2.80,0,0,0,1,1,1,U2 
H5,840,2019,847971,      0.00,      0.00,      0.00,      0.00,0,1,0,0,1,1,U2 
H5,840,2019,847979,      0.00,      0.00,      0.00,      0.00,0,1,0,0,1,1,U2 
H5,840,2019,847981,      0.00,      0.00,      0.00,      0.00,0,1,0,0,1,1,U2 
H5,840,2019,847982,      0.00,      0.00,      0.00,      0.00,0,1,0,0,1,1,U2 
H5,840,2019,847989,      8.10,      0.00,      2.80,      1.01,0,5,0,3,8,8,U2 
H5,840,2019,847990,      0.00,      0.00,      0.00,      0.00,0,7,0,0,7,7,U2 
H5,840,2019,848010,      3.80,      3.80,      3.80,      3.80,0,0,0,1,1,1,U2 
H5,840,2019,848020,      3.40,      3.40,      3.40,      3.40,0,0,0,1,1,1,U2 
H5,840,2019,848030,      2.80,      2.80,      2.80,      2.80,0,0,0,1,1,1,U2 
H5,840,2019,848041,      3.10,      3.10,      3.10,      3.10,0,0,0,1,1,1,U2 
H5,840,2019,848049,      3.10,      3.10,      3.10,      3.10,0,0,0,1,1,1,U2 
H5,840,2019,848050,      0.00,      0.00,      0.00,      0.00,0,1,0,0,1,1,U2 
H5,840,2019,848060,      0.00,      0.00,      0.00,      0.00,0,1,0,0,1,1,U2 
H5,840,2019,848071,      3.10,      0.00,      3.10,      1.03,0,2,0,1,3,3,U2 
H5,840,2019,848079,      3.10,      0.00,      3.10,      1.55,0,1,0,1,2,2,U2 
H5,840,2019,848110,      2.00,      2.00,      2.00,      2.00,0,0,0,1,1,1,U2 
H5,840,2019,848120,      2.00,      2.00,      2.00,      2.00,0,0,0,1,1,1,U2 
H5,840,2019,848130,     11.00,      3.00,      5.00,      3.67,0,0,0,3,3,3,U2 
H5,840,2019,848140,      2.00,      2.00,      2.00,      2.00,0,0,0,1,1,1,U2 
H5,840,2019,848180,     14.60,      2.00,      5.60,      3.65,0,0,0,4,4,4,U2 
H5,840,2019,848190,     11.00,      0.00,      5.00,      2.75,0,1,0,3,4,4,U2 
H5,840,2019,848210,     11.40,      2.40,      9.00,      5.70,0,0,0,2,2,2,U2 
H5,840,2019,848220,      5.80,      5.80,      5.80,      5.80,0,0,0,1,1,1,U2 
H5,840,2019,848230,      5.80,      5.80,      5.80,      5.80,0,0,0,1,1,1,U2 
H5,840,2019,848240,      5.80,      5.80,      5.80,      5.80,0,0,0,1,1,1,U2 
H5,840,2019,848250,      5.80,      5.80,      5.80,      5.80,0,0,0,1,1,1,U2 
H5,840,2019,848280,      5.80,      5.80,      5.80,      5.80,0,0,0,1,1,1,U2 
H5,840,2019,848291,      4.40,      4.40,      4.40,      4.40,0,0,0,1,1,1,U2 
H5,840,2019,848299,     43.00,      5.80,      9.90,      7.17,0,0,0,6,6,6,U2 
H5,840,2019,848310,      5.00,      0.00,      2.50,      1.67,0,1,0,2,3,3,U2 
H5,840,2019,848320,      9.00,      4.50,      4.50,      4.50,0,0,0,2,2,2,U2 
H5,840,2019,848330,      9.00,      4.50,      4.50,      4.50,0,0,0,2,2,2,U2 
H5,840,2019,848340,     13.96,      0.00,      5.16,      2.33,0,2,1,3,6,6,U2 
H5,840,2019,848350,     11.30,      2.80,      5.70,      3.77,0,0,0,3,3,3,U2 
H5,840,2019,848360,      5.60,      2.80,      2.80,      2.80,0,0,0,2,2,2,U2 
H5,840,2019,848390,     22.60,      2.50,      5.50,      3.77,0,0,0,6,6,6,U2 
H5,840,2019,848410,      2.50,      2.50,      2.50,      2.50,0,0,0,1,1,1,U2 
H5,840,2019,848420,      3.90,      3.90,      3.90,      3.90,0,0,0,1,1,1,U2 
H5,840,2019,848490,      2.50,      2.50,      2.50,      2.50,0,0,0,1,1,1,U2 
H5,840,2019,848610,      0.00,      0.00,      0.00,      0.00,0,1,0,0,1,1,U2 
H5,840,2019,848620,      0.00,      0.00,      0.00,      0.00,0,1,0,0,1,1,U2 
H5,840,2019,848630,      0.00,      0.00,      0.00,      0.00,0,1,0,0,1,1,U2 
H5,840,2019,848640,      0.00,      0.00,      0.00,      0.00,0,1,0,0,1,1,U2 
H5,840,2019,848690,      0.00,      0.00,      0.00,      0.00,0,1,0,0,1,1,U2 
H5,840,2019,848710,      0.00,      0.00,      0.00,      0.00,0,1,0,0,1,1,U2 
H5,840,2019,848790,      3.90,      3.90,      3.90,      3.90,0,0,0,1,1,1,U2 
H5,840,2019,850110,     13.90,      2.80,      6.70,      4.63,0,0,0,3,3,3,U2 
H5,840,2019,850120,     13.00,      2.40,      4.00,      3.25,0,0,0,4,4,4,U2 
H5,840,2019,850131,     15.00,      2.40,      4.00,      3.00,0,0,0,5,5,5,U2 
H5,840,2019,850132,      4.90,      0.00,      2.90,      1.23,0,2,0,2,4,4,U2 
H5,840,2019,850133,      8.10,      0.00,      2.80,      2.03,0,1,0,3,4,4,U2 
H5,840,2019,850134,      4.80,      2.00,      2.80,      2.40,0,0,0,2,2,2,U2 
H5,840,2019,850140,     14.30,      3.30,      4.00,      3.58,0,0,0,4,4,4,U2 
H5,840,2019,850151,     10.80,      2.50,      3.30,      2.70,0,0,0,4,4,4,U2 
H5,840,2019,850152,      3.70,      0.00,      3.70,      1.85,0,1,0,1,2,2,U2 
H5,840,2019,850153,      7.00,      0.00,      4.20,      2.33,0,1,0,2,3,3,U2 
H5,840,2019,850161,      2.50,      2.50,      2.50,      2.50,0,0,0,1,1,1,U2 
H5,840,2019,850162,      2.50,      2.50,      2.50,      2.50,0,0,0,1,1,1,U2 
H5,840,2019,850163,      2.50,      2.50,      2.50,      2.50,0,0,0,1,1,1,U2 
H5,840,2019,850164,      2.40,      2.40,      2.40,      2.40,0,0,0,1,1,1,U2 
H5,840,2019,850211,      2.50,      2.50,      2.50,      2.50,0,0,0,1,1,1,U2 
H5,840,2019,850212,      2.50,      2.50,      2.50,      2.50,0,0,0,1,1,1,U2 
H5,840,2019,850213,      2.00,      2.00,      2.00,      2.00,0,0,0,1,1,1,U2 
H5,840,2019,850220,      2.00,      2.00,      2.00,      2.00,0,0,0,1,1,1,U2 
H5,840,2019,850231,      2.50,      2.50,      2.50,      2.50,0,0,0,1,1,1,U2 
H5,840,2019,850239,      2.50,      2.50,      2.50,      2.50,0,0,0,1,1,1,U2 
H5,840,2019,850240,      3.00,      3.00,      3.00,      3.00,0,0,0,1,1,1,U2 
H5,840,2019,850300,     21.40,      0.00,      6.50,      3.06,0,2,0,5,7,7,U2 
H5,840,2019,850410,      3.00,      3.00,      3.00,      3.00,0,0,0,1,1,1,U2 
H5,840,2019,850421,      0.00,      0.00,      0.00,      0.00,0,1,0,0,1,1,U2 
H5,840,2019,850422,      0.00,      0.00,      0.00,      0.00,0,1,0,0,1,1,U2 
H5,840,2019,850423,      1.60,      1.60,      1.60,      1.60,0,0,0,1,1,1,U2 
H5,840,2019,850431,      8.20,      0.00,      6.60,      2.73,0,1,0,2,3,3,U2 
H5,840,2019,850432,      2.40,      2.40,      2.40,      2.40,0,0,0,1,1,1,U2 
H5,840,2019,850433,      1.60,      1.60,      1.60,      1.60,0,0,0,1,1,1,U2 
H5,840,2019,850434,      1.60,      1.60,      1.60,      1.60,0,0,0,1,1,1,U2 
H5,840,2019,850440,      0.60,      0.00,      0.30,      0.12,0,3,0,2,5,5,U2 
H5,840,2019,850450,      0.70,      0.00,      0.70,      0.35,0,1,0,1,2,2,U2 
H5,840,2019,850490,      1.20,      0.00,      0.60,      0.24,0,3,0,2,5,5,U2 
H5,840,2019,850511,      2.10,      2.10,      2.10,      2.10,0,0,0,1,1,1,U2 
H5,840,2019,850519,     14.70,      4.90,      4.90,      4.90,0,0,0,3,3,3,U2 
H5,840,2019,850520,      3.10,      3.10,      3.10,      3.10,0,0,0,1,1,1,U2 
H5,840,2019,850590,      1.30,      0.00,      1.30,      0.32,0,3,0,1,4,4,U2 
H5,840,2019,850610,      2.70,      2.70,      2.70,      2.70,0,0,0,1,1,1,U2 
H5,840,2019,850630,      5.40,      2.70,      2.70,      2.70,0,0,0,2,2,2,U2 
H5,840,2019,850640,      5.40,      2.70,      2.70,      2.70,0,0,0,2,2,2,U2 
H5,840,2019,850650,      2.70,      2.70,      2.70,      2.70,0,0,0,1,1,1,U2 
H5,840,2019,850660,      2.70,      2.70,      2.70,      2.70,0,0,0,1,1,1,U2 
H5,840,2019,850680,      2.70,      2.70,      2.70,      2.70,0,0,0,1,1,1,U2 
H5,840,2019,850690,      2.70,      2.70,      2.70,      2.70,0,0,0,1,1,1,U2 
H5,840,2019,850710,      3.50,      3.50,      3.50,      3.50,0,0,0,1,1,1,U2 
H5,840,2019,850720,      7.00,      3.50,      3.50,      3.50,0,0,0,2,2,2,U2 
H5,840,2019,850730,      5.00,      2.50,      2.50,      2.50,0,0,0,2,2,2,U2 
H5,840,2019,850740,      6.80,      3.40,      3.40,      3.40,0,0,0,2,2,2,U2 
H5,840,2019,850750,      3.40,      3.40,      3.40,      3.40,0,0,0,1,1,1,U2 
H5,840,2019,850760,      3.40,      3.40,      3.40,      3.40,0,0,0,1,1,1,U2 
H5,840,2019,850780,      6.80,      3.40,      3.40,      3.40,0,0,0,2,2,2,U2 
H5,840,2019,850790,      6.90,      3.40,      3.50,      3.45,0,0,0,2,2,2,U2 
H5,840,2019,850811,      0.00,      0.00,      0.00,      0.00,0,1,0,0,1,1,U2 
H5,840,2019,850819,      0.00,      0.00,      0.00,      0.00,0,1,0,0,1,1,U2 
H5,840,2019,850860,      0.00,      0.00,      0.00,      0.00,0,1,0,0,1,1,U2 
H5,840,2019,850870,      0.00,      0.00,      0.00,      0.00,0,1,0,0,1,1,U2 
H5,840,2019,850940,      4.20,      4.20,      4.20,      4.20,0,0,0,1,1,1,U2 
H5,840,2019,850980,      4.20,      0.00,      4.20,      1.40,0,2,0,1,3,3,U2 
H5,840,2019,850990,     15.20,      3.40,      4.20,      3.80,0,0,0,4,4,4,U2 
H5,840,2019,851010,      0.00,      0.00,      0.00,      0.00,0,1,0,0,1,1,U2 
H5,840,2019,851020,      8.00,      4.00,      4.00,      4.00,0,0,0,2,2,2,U2 
H5,840,2019,851030,      4.20,      4.20,      4.20,      4.20,0,0,0,1,1,1,U2 
H5,840,2019,851090,     12.20,      0.00,      4.20,      2.44,0,2,0,3,5,5,U2 
H5,840,2019,851110,      2.50,      2.50,      2.50,      2.50,0,0,0,1,1,1,U2 
H5,840,2019,851120,      2.50,      2.50,      2.50,      2.50,0,0,0,1,1,1,U2 
H5,840,2019,851130,      2.50,      2.50,      2.50,      2.50,0,0,0,1,1,1,U2 
H5,840,2019,851140,      2.50,      2.50,      2.50,      2.50,0,0,0,1,1,1,U2 
H5,840,2019,851150,      2.50,      2.50,      2.50,      2.50,0,0,0,1,1,1,U2 
H5,840,2019,851180,      5.00,      0.00,      2.50,      1.67,0,1,0,2,3,3,U2 
H5,840,2019,851190,      5.60,      0.00,      3.10,      1.87,0,1,0,2,3,3,U2 
H5,840,2019,851210,      2.70,      0.00,      2.70,      1.35,0,1,0,1,2,2,U2 
H5,840,2019,851220,      2.50,      0.00,      2.50,      1.25,0,1,0,1,2,2,U2 
H5,840,2019,851230,      2.50,      2.50,      2.50,      2.50,0,0,0,1,1,1,U2 
H5,840,2019,851240,      5.00,      2.50,      2.50,      2.50,0,0,0,2,2,2,U2 
H5,840,2019,851290,      7.50,      0.00,      2.50,      1.50,0,2,0,3,5,5,U2 
H5,840,2019,851310,     16.00,      3.50,     12.50,      8.00,0,0,0,2,2,2,U2 
H5,840,2019,851390,     16.00,      3.50,     12.50,      8.00,0,0,0,2,2,2,U2 
H5,840,2019,851410,      0.00,      0.00,      0.00,      0.00,0,1,0,0,1,1,U2 
H5,840,2019,851420,      8.20,      0.00,      4.20,      2.73,0,1,0,2,3,3,U2 
H5,840,2019,851430,      1.30,      0.00,      1.30,      0.65,0,1,0,1,2,2,U2 
H5,840,2019,851440,      0.00,      0.00,      0.00,      0.00,0,1,0,0,1,1,U2 
H5,840,2019,851490,      4.00,      0.00,      4.00,      2.00,0,1,0,1,2,2,U2 
H5,840,2019,851511,      2.50,      2.50,      2.50,      2.50,0,0,0,1,1,1,U2 
H5,840,2019,851519,      0.00,      0.00,      0.00,      0.00,0,1,0,0,1,1,U2 
H5,840,2019,851521,      0.00,      0.00,      0.00,      0.00,0,1,0,0,1,1,U2 
H5,840,2019,851529,      0.00,      0.00,      0.00,      0.00,0,1,0,0,1,1,U2 
H5,840,2019,851531,      1.60,      1.60,      1.60,      1.60,0,0,0,1,1,1,U2 
H5,840,2019,851539,      1.60,      1.60,      1.60,      1.60,0,0,0,1,1,1,U2 
H5,840,2019,851580,      0.00,      0.00,      0.00,      0.00,0,1,0,0,1,1,U2 
H5,840,2019,851590,      1.60,      0.00,      1.60,      0.80,0,1,0,1,2,2,U2 
H5,840,2019,851610,      0.00,      0.00,      0.00,      0.00,0,1,0,0,1,1,U2 
H5,840,2019,851621,      0.00,      0.00,      0.00,      0.00,0,1,0,0,1,1,U2 
H5,840,2019,851629,      3.70,      3.70,      3.70,      3.70,0,0,0,1,1,1,U2 
H5,840,2019,851631,      3.90,      3.90,      3.90,      3.90,0,0,0,1,1,1,U2 
H5,840,2019,851632,      3.90,      3.90,      3.90,      3.90,0,0,0,1,1,1,U2 
H5,840,2019,851633,      0.00,      0.00,      0.00,      0.00,0,1,0,0,1,1,U2 
H5,840,2019,851640,      2.80,      0.00,      2.80,      1.40,0,1,0,1,2,2,U2 
H5,840,2019,851650,      2.00,      2.00,      2.00,      2.00,0,0,0,1,1,1,U2 
H5,840,2019,851660,      2.70,      0.00,      2.70,      1.35,0,1,0,1,2,2,U2 
H5,840,2019,851671,      3.70,      3.70,      3.70,      3.70,0,0,0,1,1,1,U2 
H5,840,2019,851672,      5.30,      5.30,      5.30,      5.30,0,0,0,1,1,1,U2 
H5,840,2019,851679,      2.70,      2.70,      2.70,      2.70,0,0,0,1,1,1,U2 
H5,840,2019,851680,      0.00,      0.00,      0.00,      0.00,0,2,0,0,2,2,U2 
H5,840,2019,851690,     19.30,      0.00,      3.90,      1.61,0,7,0,5,12,12,U2 
H5,840,2019,851711,      0.00,      0.00,      0.00,      0.00,0,1,0,0,1,1,U2 
H5,840,2019,851712,      0.00,      0.00,      0.00,      0.00,0,1,0,0,1,1,U2 
H5,840,2019,851718,      0.00,      0.00,      0.00,      0.00,0,1,0,0,1,1,U2 
H5,840,2019,851761,      0.00,      0.00,      0.00,      0.00,0,1,0,0,1,1,U2 
H5,840,2019,851762,      0.00,      0.00,      0.00,      0.00,0,1,0,0,1,1,U2 
H5,840,2019,851769,      0.00,      0.00,      0.00,      0.00,0,1,0,0,1,1,U2 
H5,840,2019,851770,      0.00,      0.00,      0.00,      0.00,0,1,0,0,1,1,U2 
H5,840,2019,851810,      1.20,      0.00,      1.20,      0.60,0,1,0,1,2,2,U2 
H5,840,2019,851821,      1.20,      1.20,      1.20,      1.20,0,0,0,1,1,1,U2 
H5,840,2019,851822,      1.20,      1.20,      1.20,      1.20,0,0,0,1,1,1,U2 
H5,840,2019,851829,      1.20,      0.00,      1.20,      0.60,0,1,0,1,2,2,U2 
H5,840,2019,851830,      1.20,      0.00,      1.20,      0.60,0,1,0,1,2,2,U2 
H5,840,2019,851840,      1.20,      0.00,      1.20,      0.60,0,1,0,1,2,2,U2 
H5,840,2019,851850,      1.20,      1.20,      1.20,      1.20,0,0,0,1,1,1,U2 
H5,840,2019,851890,      3.30,      0.00,      2.10,      0.82,0,2,0,2,4,4,U2 
H5,840,2019,851920,      0.00,      0.00,      0.00,      0.00,0,1,0,0,1,1,U2 
H5,840,2019,851930,      3.90,      0.00,      3.90,      1.95,0,1,0,1,2,2,U2 
H5,840,2019,851950,      0.00,      0.00,      0.00,      0.00,0,1,0,0,1,1,U2 
H5,840,2019,851981,      0.00,      0.00,      0.00,      0.00,0,5,0,0,5,5,U2 
H5,840,2019,851989,      0.00,      0.00,      0.00,      0.00,0,3,0,0,3,3,U2 
H5,840,2019,852110,      0.00,      0.00,      0.00,      0.00,0,3,0,0,3,3,U2 
H5,840,2019,852190,      0.00,      0.00,      0.00,      0.00,0,1,0,0,1,1,U2 
H5,840,2019,852210,      3.90,      3.90,      3.90,      3.90,0,0,0,1,1,1,U2 
H5,840,2019,852290,      0.50,      0.00,      0.50,      0.08,0,5,0,1,6,6,U2 
H5,840,2019,852321,      0.00,      0.00,      0.00,      0.00,0,1,0,0,1,1,U2 
H5,840,2019,852329,      0.00,      0.00,      0.00,      0.00,0,9,0,0,9,9,U2 
H5,840,2019,852341,      0.00,      0.00,      0.00,      0.00,0,1,0,0,1,1,U2 
H5,840,2019,852349,      0.00,      0.00,      0.00,      0.00,0,4,0,0,4,4,U2 
H5,840,2019,852351,      0.00,      0.00,      0.00,      0.00,0,1,0,0,1,1,U2 
H5,840,2019,852352,      0.00,      0.00,      0.00,      0.00,0,1,0,0,1,1,U2 
H5,840,2019,852359,      0.00,      0.00,      0.00,      0.00,0,1,0,0,1,1,U2 
H5,840,2019,852380,      0.00,      0.00,      0.00,      0.00,0,2,0,0,2,2,U2 
H5,840,2019,852550,      1.10,      0.00,      0.70,      0.37,0,1,0,2,3,3,U2 
H5,840,2019,852560,      0.00,      0.00,      0.00,      0.00,0,2,0,0,2,2,U2 
H5,840,2019,852580,      1.00,      0.00,      0.50,      0.20,0,3,0,2,5,5,U2 
H5,840,2019,852610,      0.00,      0.00,      0.00,      0.00,0,1,0,0,1,1,U2 
H5,840,2019,852691,      0.00,      0.00,      0.00,      0.00,0,1,0,0,1,1,U2 
H5,840,2019,852692,      1.20,      0.00,      1.20,      0.60,0,1,0,1,2,2,U2 
H5,840,2019,852712,      0.00,      0.00,      0.00,      0.00,0,1,0,0,1,1,U2 
H5,840,2019,852713,      0.00,      0.00,      0.00,      0.00,0,4,0,0,4,4,U2 
H5,840,2019,852719,      0.00,      0.00,      0.00,      0.00,0,2,0,0,2,2,U2 
H5,840,2019,852721,      2.00,      0.00,      2.00,      0.67,0,2,0,1,3,3,U2 
H5,840,2019,852729,      2.20,      1.10,      1.10,      1.10,0,0,0,2,2,2,U2 
H5,840,2019,852791,      0.00,      0.00,      0.00,      0.00,0,4,0,0,4,4,U2 
H5,840,2019,852792,      0.00,      0.00,      0.00,      0.00,0,2,0,0,2,2,U2 
H5,840,2019,852799,      0.00,      0.00,      0.00,      0.00,0,3,0,0,3,3,U2 
H5,840,2019,852842,      0.00,      0.00,      0.00,      0.00,0,1,0,0,1,1,U2 
H5,840,2019,852849,      0.00,      0.00,      0.00,      0.00,0,15,0,0,15,15,U2 
H5,840,2019,852852,      0.00,      0.00,      0.00,      0.00,0,1,0,0,1,1,U2 
H5,840,2019,852859,     22.80,      0.00,      5.00,      2.07,0,6,0,5,11,11,U2 
H5,840,2019,852862,      0.00,      0.00,      0.00,      0.00,0,1,0,0,1,1,U2 
H5,840,2019,852869,     40.60,      0.00,      5.00,      3.12,0,4,0,9,13,13,U2 
H5,840,2019,852871,      0.00,      0.00,      0.00,      0.00,0,5,0,0,5,5,U2 
H5,840,2019,852872,     62.30,      0.00,      5.00,      2.83,0,8,0,14,22,22,U2 
H5,840,2019,852873,      5.00,      5.00,      5.00,      5.00,0,0,0,1,1,1,U2 
H5,840,2019,852910,      0.70,      0.00,      0.70,      0.23,0,2,0,1,3,3,U2 
H5,840,2019,852990,     10.60,      0.00,      1.00,      0.34,0,17,0,14,31,31,U2 
H5,840,2019,853010,      0.00,      0.00,      0.00,      0.00,0,1,0,0,1,1,U2 
H5,840,2019,853080,      0.00,      0.00,      0.00,      0.00,0,1,0,0,1,1,U2 
H5,840,2019,853090,      0.00,      0.00,      0.00,      0.00,0,1,0,0,1,1,U2 
H5,840,2019,853110,      1.30,      1.30,      1.30,      1.30,0,0,0,1,1,1,U2 
H5,840,2019,853120,      0.00,      0.00,      0.00,      0.00,0,1,0,0,1,1,U2 
H5,840,2019,853180,      1.60,      0.30,      1.30,      0.80,0,0,0,2,2,2,U2 
H5,840,2019,853190,      0.60,      0.00,      0.30,      0.15,0,2,0,2,4,4,U2 
H5,840,2019,853210,      0.00,      0.00,      0.00,      0.00,0,1,0,0,1,1,U2 
H5,840,2019,853221,      0.00,      0.00,      0.00,      0.00,0,1,0,0,1,1,U2 
H5,840,2019,853222,      0.00,      0.00,      0.00,      0.00,0,1,0,0,1,1,U2 
H5,840,2019,853223,      0.00,      0.00,      0.00,      0.00,0,1,0,0,1,1,U2 
H5,840,2019,853224,      0.00,      0.00,      0.00,      0.00,0,1,0,0,1,1,U2 
H5,840,2019,853225,      0.00,      0.00,      0.00,      0.00,0,1,0,0,1,1,U2 
H5,840,2019,853229,      0.00,      0.00,      0.00,      0.00,0,1,0,0,1,1,U2 
H5,840,2019,853230,      0.00,      0.00,      0.00,      0.00,0,1,0,0,1,1,U2 
H5,840,2019,853290,      0.00,      0.00,      0.00,      0.00,0,1,0,0,1,1,U2 
H5,840,2019,853310,      0.00,      0.00,      0.00,      0.00,0,1,0,0,1,1,U2 
H5,840,2019,853321,      0.00,      0.00,      0.00,      0.00,0,1,0,0,1,1,U2 
H5,840,2019,853329,      0.00,      0.00,      0.00,      0.00,0,1,0,0,1,1,U2 
H5,840,2019,853331,      0.00,      0.00,      0.00,      0.00,0,1,0,0,1,1,U2 
H5,840,2019,853339,      0.00,      0.00,      0.00,      0.00,0,1,0,0,1,1,U2 
H5,840,2019,853340,      0.00,      0.00,      0.00,      0.00,0,2,0,0,2,2,U2 
H5,840,2019,853390,      0.00,      0.00,      0.00,      0.00,0,2,0,0,2,2,U2 
H5,840,2019,853400,      0.00,      0.00,      0.00,      0.00,0,1,0,0,1,1,U2 
H5,840,2019,853510,      2.70,      2.70,      2.70,      2.70,0,0,0,1,1,1,U2 
H5,840,2019,853521,      2.70,      2.70,      2.70,      2.70,0,0,0,1,1,1,U2 
H5,840,2019,853529,      2.00,      2.00,      2.00,      2.00,0,0,0,1,1,1,U2 
H5,840,2019,853530,      2.70,      2.70,      2.70,      2.70,0,0,0,1,1,1,U2 
H5,840,2019,853540,      2.70,      2.70,      2.70,      2.70,0,0,0,1,1,1,U2 
H5,840,2019,853590,      5.40,      2.70,      2.70,      2.70,0,0,0,2,2,2,U2 
H5,840,2019,853610,      2.70,      2.70,      2.70,      2.70,0,0,0,1,1,1,U2 
H5,840,2019,853620,      2.70,      2.70,      2.70,      2.70,0,0,0,1,1,1,U2 
H5,840,2019,853630,      1.20,      0.60,      0.60,      0.60,0,0,0,2,2,2,U2 
H5,840,2019,853641,      2.70,      2.70,      2.70,      2.70,0,0,0,1,1,1,U2 
H5,840,2019,853649,      2.70,      2.70,      2.70,      2.70,0,0,0,1,1,1,U2 
H5,840,2019,853650,      1.20,      0.00,      0.60,      0.40,0,1,0,2,3,3,U2 
H5,840,2019,853661,      2.70,      2.70,      2.70,      2.70,0,0,0,1,1,1,U2 
H5,840,2019,853669,      2.70,      0.00,      2.70,      1.35,0,1,0,1,2,2,U2 
H5,840,2019,853670,      0.00,      0.00,      0.00,      0.00,0,1,0,0,1,1,U2 
H5,840,2019,853690,      3.30,      0.00,      2.70,      1.10,0,1,0,2,3,3,U2 
H5,840,2019,853710,      8.70,      0.60,      2.70,      2.17,0,0,0,4,4,4,U2 
H5,840,2019,853720,      2.70,      2.70,      2.70,      2.70,0,0,0,1,1,1,U2 
H5,840,2019,853810,      0.90,      0.90,      0.90,      0.90,0,0,0,1,1,1,U2 
H5,840,2019,853890,     14.00,      0.00,      3.50,      2.80,0,1,0,4,5,5,U2 
H5,840,2019,853910,      2.00,      2.00,      2.00,      2.00,0,0,0,1,1,1,U2 
H5,840,2019,853921,      2.60,      0.00,      2.60,      1.30,0,1,0,1,2,2,U2 
H5,840,2019,853922,      8.40,      2.60,      5.80,      4.20,0,0,0,2,2,2,U2 
H5,840,2019,853929,     13.60,      0.00,      5.80,      3.40,0,1,0,3,4,4,U2 
H5,840,2019,853931,      2.40,      2.40,      2.40,      2.40,0,0,0,1,1,1,U2 
H5,840,2019,853932,      2.40,      2.40,      2.40,      2.40,0,0,0,1,1,1,U2 
H5,840,2019,853939,      2.40,      0.00,      2.40,      1.20,0,1,0,1,2,2,U2 
H5,840,2019,853941,      2.60,      2.60,      2.60,      2.60,0,0,0,1,1,1,U2 
H5,840,2019,853949,      2.40,      2.40,      2.40,      2.40,0,0,0,1,1,1,U2 
H5,840,2019,853950,      2.00,      2.00,      2.00,      2.00,0,0,0,1,1,1,U2 
H5,840,2019,853990,      2.60,      2.60,      2.60,      2.60,0,0,0,1,1,1,U2 
H5,840,2019,854011,     90.00,      7.50,     15.00,     12.86,0,0,0,7,7,7,U2 
H5,840,2019,854012,     13.80,      3.30,      3.60,      3.45,0,0,0,4,4,4,U2 
H5,840,2019,854020,      9.30,      3.30,      6.00,      4.65,0,0,0,2,2,2,U2 
H5,840,2019,854040,      3.00,      3.00,      3.00,      3.00,0,0,0,1,1,1,U2 
H5,840,2019,854060,      3.00,      3.00,      3.00,      3.00,0,0,0,1,1,1,U2 
H5,840,2019,854071,      3.70,      0.00,      3.70,      1.85,0,1,0,1,2,2,U2 
H5,840,2019,854079,      7.00,      3.30,      3.70,      3.50,0,0,0,2,2,2,U2 
H5,840,2019,854081,      4.20,      4.20,      4.20,      4.20,0,0,0,1,1,1,U2 
H5,840,2019,854089,      3.70,      3.70,      3.70,      3.70,0,0,0,1,1,1,U2 
H5,840,2019,854091,     10.80,      0.00,      5.40,      3.60,0,1,0,2,3,3,U2 
H5,840,2019,854099,      0.00,      0.00,      0.00,      0.00,0,2,0,0,2,2,U2 
H5,840,2019,854110,      0.00,      0.00,      0.00,      0.00,0,1,0,0,1,1,U2 
H5,840,2019,854121,      0.00,      0.00,      0.00,      0.00,0,1,0,0,1,1,U2 
H5,840,2019,854129,      0.00,      0.00,      0.00,      0.00,0,1,0,0,1,1,U2 
H5,840,2019,854130,      0.00,      0.00,      0.00,      0.00,0,1,0,0,1,1,U2 
H5,840,2019,854140,      0.00,      0.00,      0.00,      0.00,0,5,0,0,5,5,U2 
H5,840,2019,854150,      0.00,      0.00,      0.00,      0.00,0,1,0,0,1,1,U2 
H5,840,2019,854160,      0.00,      0.00,      0.00,      0.00,0,1,0,0,1,1,U2 
H5,840,2019,854190,      0.00,      0.00,      0.00,      0.00,0,1,0,0,1,1,U2 
H5,840,2019,854231,      0.00,      0.00,      0.00,      0.00,0,1,0,0,1,1,U2 
H5,840,2019,854232,      0.00,      0.00,      0.00,      0.00,0,1,0,0,1,1,U2 
H5,840,2019,854233,      0.00,      0.00,      0.00,      0.00,0,1,0,0,1,1,U2 
H5,840,2019,854239,      0.00,      0.00,      0.00,      0.00,0,1,0,0,1,1,U2 
H5,840,2019,854290,      0.00,      0.00,      0.00,      0.00,0,1,0,0,1,1,U2 
H5,840,2019,854310,      1.90,      1.90,      1.90,      1.90,0,0,0,1,1,1,U2 
H5,840,2019,854320,      0.60,      0.60,      0.60,      0.60,0,0,0,1,1,1,U2 
H5,840,2019,854330,      3.20,      0.60,      2.60,      1.60,0,0,0,2,2,2,U2 
H5,840,2019,854370,     12.70,      0.00,      2.60,      0.91,0,5,0,9,14,14,U2 
H5,840,2019,854390,      1.20,      0.00,      0.60,      0.17,0,5,0,2,7,7,U2 
H5,840,2019,854411,      3.50,      3.50,      3.50,      3.50,0,0,0,1,1,1,U2 
H5,840,2019,854419,      3.90,      3.90,      3.90,      3.90,0,0,0,1,1,1,U2 
H5,840,2019,854420,      5.30,      5.30,      5.30,      5.30,0,0,0,1,1,1,U2 
H5,840,2019,854430,      5.00,      5.00,      5.00,      5.00,0,0,0,1,1,1,U2 
H5,840,2019,854442,      2.60,      0.00,      2.60,      0.87,0,2,0,1,3,3,U2 
H5,840,2019,854449,     12.70,      0.00,      5.30,      3.17,0,1,0,3,4,4,U2 
H5,840,2019,854460,     10.40,      3.20,      3.70,      3.47,0,0,0,3,3,3,U2 
H5,840,2019,854470,      0.00,      0.00,      0.00,      0.00,0,1,0,0,1,1,U2 
H5,840,2019,854511,      0.00,      0.00,      0.00,      0.00,0,1,0,0,1,1,U2 
H5,840,2019,854519,      0.00,      0.00,      0.00,      0.00,0,2,0,0,2,2,U2 
H5,840,2019,854520,      0.00,      0.00,      0.00,      0.00,0,1,0,0,1,1,U2 
H5,840,2019,854590,      0.00,      0.00,      0.00,      0.00,0,2,0,0,2,2,U2 
H5,840,2019,854610,      2.90,      2.90,      2.90,      2.90,0,0,0,1,1,1,U2 
H5,840,2019,854620,      3.00,      3.00,      3.00,      3.00,0,0,0,1,1,1,U2 
H5,840,2019,854690,      0.00,      0.00,      0.00,      0.00,0,1,0,0,1,1,U2 
H5,840,2019,854710,      6.00,      3.00,      3.00,      3.00,0,0,0,2,2,2,U2 
H5,840,2019,854720,      0.00,      0.00,      0.00,      0.00,0,1,0,0,1,1,U2 
H5,840,2019,854790,      4.60,      4.60,      4.60,      4.60,0,0,0,1,1,1,U2 
H5,840,2019,854810,      0.00,      0.00,      0.00,      0.00,0,4,0,0,4,4,U2 
H5,840,2019,854890,      0.00,      0.00,      0.00,      0.00,0,1,0,0,1,1,U2 
H5,840,2019,860110,      0.00,      0.00,      0.00,      0.00,0,1,0,0,1,1,U2 
H5,840,2019,860120,      0.00,      0.00,      0.00,      0.00,0,1,0,0,1,1,U2 
H5,840,2019,860210,      0.00,      0.00,      0.00,      0.00,0,1,0,0,1,1,U2 
H5,840,2019,860290,      0.00,      0.00,      0.00,      0.00,0,1,0,0,1,1,U2 
H5,840,2019,860310,      5.00,      5.00,      5.00,      5.00,0,0,0,1,1,1,U2 
H5,840,2019,860390,      5.00,      5.00,      5.00,      5.00,0,0,0,1,1,1,U2 
H5,840,2019,860400,      2.90,      2.90,      2.90,      2.90,0,0,0,1,1,1,U2 
H5,840,2019,860500,     14.00,     14.00,     14.00,     14.00,0,0,0,1,1,1,U2 
H5,840,2019,860610,     14.00,     14.00,     14.00,     14.00,0,0,0,1,1,1,U2 
H5,840,2019,860630,     14.00,     14.00,     14.00,     14.00,0,0,0,1,1,1,U2 
H5,840,2019,860691,     14.00,     14.00,     14.00,     14.00,0,0,0,1,1,1,U2 
H5,840,2019,860692,     14.00,     14.00,     14.00,     14.00,0,0,0,1,1,1,U2 
H5,840,2019,860699,     14.00,     14.00,     14.00,     14.00,0,0,0,1,1,1,U2 
H5,840,2019,860711,      0.00,      0.00,      0.00,      0.00,0,1,0,0,1,1,U2 
H5,840,2019,860712,      3.60,      3.60,      3.60,      3.60,0,0,0,1,1,1,U2 
H5,840,2019,860719,      7.00,      0.00,      3.60,      1.17,0,2,0,4,6,6,U2 
H5,840,2019,860721,      7.50,      3.60,      3.90,      3.75,0,0,0,2,2,2,U2 
H5,840,2019,860729,      6.20,      2.60,      3.60,      3.10,0,0,0,2,2,2,U2 
H5,840,2019,860730,      6.20,      2.60,      3.60,      3.10,0,0,0,2,2,2,U2 
H5,840,2019,860791,      0.00,      0.00,      0.00,      0.00,0,1,0,0,1,1,U2 
H5,840,2019,860799,      5.90,      2.80,      3.10,      2.95,0,0,0,2,2,2,U2 
H5,840,2019,860800,      3.80,      3.80,      3.80,      3.80,0,0,0,1,1,1,U2 
H5,840,2019,860900,      0.00,      0.00,      0.00,      0.00,0,1,0,0,1,1,U2 
H5,840,2019,870110,      0.00,      0.00,      0.00,      0.00,0,1,0,0,1,1,U2 
H5,840,2019,870120,      4.00,      4.00,      4.00,      4.00,0,0,0,1,1,1,U2 
H5,840,2019,870130,      0.00,      0.00,      0.00,      0.00,0,2,0,0,2,2,U2 
H5,840,2019,870191,      0.00,      0.00,      0.00,      0.00,0,2,0,0,2,2,U2 
H5,840,2019,870192,      0.00,      0.00,      0.00,      0.00,0,2,0,0,2,2,U2 
H5,840,2019,870193,      0.00,      0.00,      0.00,      0.00,0,2,0,0,2,2,U2 
H5,840,2019,870194,      0.00,      0.00,      0.00,      0.00,0,2,0,0,2,2,U2 
H5,840,2019,870195,      0.00,      0.00,      0.00,      0.00,0,2,0,0,2,2,U2 
H5,840,2019,870210,      4.00,      2.00,      2.00,      2.00,0,0,0,2,2,2,U2 
H5,840,2019,870220,      4.00,      2.00,      2.00,      2.00,0,0,0,2,2,2,U2 
H5,840,2019,870230,      4.00,      2.00,      2.00,      2.00,0,0,0,2,2,2,U2 
H5,840,2019,870240,      4.00,      2.00,      2.00,      2.00,0,0,0,2,2,2,U2 
H5,840,2019,870290,      4.00,      2.00,      2.00,      2.00,0,0,0,2,2,2,U2 
H5,840,2019,870310,      5.00,      2.50,      2.50,      2.50,0,0,0,2,2,2,U2 
H5,840,2019,870321,      2.50,      2.50,      2.50,      2.50,0,0,0,1,1,1,U2 
H5,840,2019,870322,      2.50,      2.50,      2.50,      2.50,0,0,0,1,1,1,U2 
H5,840,2019,870323,      2.50,      2.50,      2.50,      2.50,0,0,0,1,1,1,U2 
H5,840,2019,870324,      2.50,      2.50,      2.50,      2.50,0,0,0,1,1,1,U2 
H5,840,2019,870331,      2.50,      2.50,      2.50,      2.50,0,0,0,1,1,1,U2 
H5,840,2019,870332,      2.50,      2.50,      2.50,      2.50,0,0,0,1,1,1,U2 
H5,840,2019,870333,      2.50,      2.50,      2.50,      2.50,0,0,0,1,1,1,U2 
H5,840,2019,870340,      2.50,      2.50,      2.50,      2.50,0,0,0,1,1,1,U2 
H5,840,2019,870350,      2.50,      2.50,      2.50,      2.50,0,0,0,1,1,1,U2 
H5,840,2019,870360,      2.50,      2.50,      2.50,      2.50,0,0,0,1,1,1,U2 
H5,840,2019,870370,      2.50,      2.50,      2.50,      2.50,0,0,0,1,1,1,U2 
H5,840,2019,870380,      2.50,      2.50,      2.50,      2.50,0,0,0,1,1,1,U2 
H5,840,2019,870390,      2.50,      2.50,      2.50,      2.50,0,0,0,1,1,1,U2 
H5,840,2019,870410,      0.00,      0.00,      0.00,      0.00,0,2,0,0,2,2,U2 
H5,840,2019,870421,     25.00,     25.00,     25.00,     25.00,0,0,0,1,1,1,U2 
H5,840,2019,870422,     29.00,      4.00,     25.00,     14.50,0,0,0,2,2,2,U2 
H5,840,2019,870423,     25.00,     25.00,     25.00,     25.00,0,0,0,1,1,1,U2 
H5,840,2019,870431,     25.00,     25.00,     25.00,     25.00,0,0,0,1,1,1,U2 
H5,840,2019,870432,     25.00,     25.00,     25.00,     25.00,0,0,0,1,1,1,U2 
H5,840,2019,870490,     25.00,     25.00,     25.00,     25.00,0,0,0,1,1,1,U2 
H5,840,2019,870510,      0.00,      0.00,      0.00,      0.00,0,1,0,0,1,1,U2 
H5,840,2019,870520,      0.00,      0.00,      0.00,      0.00,0,1,0,0,1,1,U2 
H5,840,2019,870530,      0.00,      0.00,      0.00,      0.00,0,1,0,0,1,1,U2 
H5,840,2019,870540,      0.00,      0.00,      0.00,      0.00,0,1,0,0,1,1,U2 
H5,840,2019,870590,      0.00,      0.00,      0.00,      0.00,0,1,0,0,1,1,U2 
H5,840,2019,870600,     13.50,      0.00,      4.00,      2.25,0,1,0,5,6,6,U2 
H5,840,2019,870710,      2.50,      2.50,      2.50,      2.50,0,0,0,1,1,1,U2 
H5,840,2019,870790,      4.00,      0.00,      4.00,      2.00,0,1,0,1,2,2,U2 
H5,840,2019,870810,      5.00,      2.50,      2.50,      2.50,0,0,0,2,2,2,U2 
H5,840,2019,870821,      2.50,      2.50,      2.50,      2.50,0,0,0,1,1,1,U2 
H5,840,2019,870829,      7.50,      0.00,      2.50,      1.88,0,1,0,3,4,4,U2 
H5,840,2019,870830,      2.50,      0.00,      2.50,      1.25,0,1,0,1,2,2,U2 
H5,840,2019,870840,      7.50,      0.00,      2.50,      1.07,0,4,0,3,7,7,U2 
H5,840,2019,870850,     22.50,      0.00,      2.50,      1.50,0,6,0,9,15,15,U2 
H5,840,2019,870870,      5.00,      0.00,      2.50,      0.83,0,4,0,2,6,6,U2 
H5,840,2019,870880,      7.50,      0.00,      2.50,      0.94,0,5,0,3,8,8,U2 
H5,840,2019,870891,      5.00,      0.00,      2.50,      0.83,0,4,0,2,6,6,U2 
H5,840,2019,870892,      5.00,      0.00,      2.50,      0.83,0,4,0,2,6,6,U2 
H5,840,2019,870893,      5.00,      0.00,      2.50,      1.25,0,2,0,2,4,4,U2 
H5,840,2019,870894,      5.00,      0.00,      2.50,      0.83,0,4,0,2,6,6,U2 
H5,840,2019,870895,      5.00,      0.00,      2.50,      1.25,0,2,0,2,4,4,U2 
H5,840,2019,870899,     10.00,      0.00,      2.50,      0.77,0,9,0,4,13,13,U2 
H5,840,2019,870911,      0.00,      0.00,      0.00,      0.00,0,1,0,0,1,1,U2 
H5,840,2019,870919,      0.00,      0.00,      0.00,      0.00,0,1,0,0,1,1,U2 
H5,840,2019,870990,      0.00,      0.00,      0.00,      0.00,0,1,0,0,1,1,U2 
H5,840,2019,871000,      0.00,      0.00,      0.00,      0.00,0,1,0,0,1,1,U2 
H5,840,2019,871110,      0.00,      0.00,      0.00,      0.00,0,1,0,0,1,1,U2 
H5,840,2019,871120,      0.00,      0.00,      0.00,      0.00,0,1,0,0,1,1,U2 
H5,840,2019,871130,      0.00,      0.00,      0.00,      0.00,0,1,0,0,1,1,U2 
H5,840,2019,871140,      2.40,      0.00,      2.40,      1.20,0,1,0,1,2,2,U2 
H5,840,2019,871150,      2.40,      2.40,      2.40,      2.40,0,0,0,1,1,1,U2 
H5,840,2019,871160,      0.00,      0.00,      0.00,      0.00,0,1,0,0,1,1,U2 
H5,840,2019,871190,      0.00,      0.00,      0.00,      0.00,0,1,0,0,1,1,U2 
H5,840,2019,871200,     47.70,      3.70,     11.00,      7.95,0,0,0,6,6,6,U2 
H5,840,2019,871310,      0.00,      0.00,      0.00,      0.00,0,1,0,0,1,1,U2 
H5,840,2019,871390,      0.00,      0.00,      0.00,      0.00,0,1,0,0,1,1,U2 
H5,840,2019,871410,      0.00,      0.00,      0.00,      0.00,0,1,0,0,1,1,U2 
H5,840,2019,871420,      0.00,      0.00,      0.00,      0.00,0,1,0,0,1,1,U2 
H5,840,2019,871491,     13.80,      0.00,      6.00,      3.45,0,1,0,3,4,4,U2 
H5,840,2019,871492,     15.00,      5.00,     10.00,      7.50,0,0,0,2,2,2,U2 
H5,840,2019,871493,     13.00,      0.00,     10.00,      2.17,0,4,0,2,6,6,U2 
H5,840,2019,871494,     10.00,      0.00,     10.00,      5.00,0,1,0,1,2,2,U2 
H5,840,2019,871495,      8.00,      8.00,      8.00,      8.00,0,0,0,1,1,1,U2 
H5,840,2019,871496,     18.00,      0.00,     10.00,      6.00,0,1,0,2,3,3,U2 
H5,840,2019,871499,     10.00,      0.00,     10.00,      2.50,0,3,0,1,4,4,U2 
H5,840,2019,871500,      4.40,      4.40,      4.40,      4.40,0,0,0,1,1,1,U2 
H5,840,2019,871610,      0.00,      0.00,      0.00,      0.00,0,1,0,0,1,1,U2 
H5,840,2019,871620,      0.00,      0.00,      0.00,      0.00,0,1,0,0,1,1,U2 
H5,840,2019,871631,      0.00,      0.00,      0.00,      0.00,0,1,0,0,1,1,U2 
H5,840,2019,871639,      0.00,      0.00,      0.00,      0.00,0,1,0,0,1,1,U2 
H5,840,2019,871640,      0.00,      0.00,      0.00,      0.00,0,1,0,0,1,1,U2 
H5,840,2019,871680,      3.20,      0.00,      3.20,      1.60,0,1,0,1,2,2,U2 
H5,840,2019,871690,      8.80,      0.00,      5.70,      2.93,0,1,0,2,3,3,U2 
H5,840,2019,880100,      0.00,      0.00,      0.00,      0.00,0,1,0,0,1,1,U2 
H5,840,2019,880211,      0.00,      0.00,      0.00,      0.00,0,1,0,0,1,1,U2 
H5,840,2019,880212,      0.00,      0.00,      0.00,      0.00,0,1,0,0,1,1,U2 
H5,840,2019,880220,      0.00,      0.00,      0.00,      0.00,0,1,0,0,1,1,U2 
H5,840,2019,880230,      0.00,      0.00,      0.00,      0.00,0,1,0,0,1,1,U2 
H5,840,2019,880240,      0.00,      0.00,      0.00,      0.00,0,1,0,0,1,1,U2 
H5,840,2019,880260,      0.00,      0.00,      0.00,      0.00,0,2,0,0,2,2,U2 
H5,840,2019,880310,      0.00,      0.00,      0.00,      0.00,0,1,0,0,1,1,U2 
H5,840,2019,880320,      0.00,      0.00,      0.00,      0.00,0,1,0,0,1,1,U2 
H5,840,2019,880330,      0.00,      0.00,      0.00,      0.00,0,1,0,0,1,1,U2 
H5,840,2019,880390,      0.00,      0.00,      0.00,      0.00,0,2,0,0,2,2,U2 
H5,840,2019,880400,      3.00,      3.00,      3.00,      3.00,0,0,0,1,1,1,U2 
H5,840,2019,880510,      0.00,      0.00,      0.00,      0.00,0,1,0,0,1,1,U2 
H5,840,2019,880521,      0.00,      0.00,      0.00,      0.00,0,1,0,0,1,1,U2 
H5,840,2019,880529,      0.00,      0.00,      0.00,      0.00,0,1,0,0,1,1,U2 
H5,840,2019,890110,      0.00,      0.00,      0.00,      0.00,0,1,0,0,1,1,U2 
H5,840,2019,890120,      0.00,      0.00,      0.00,      0.00,0,1,0,0,1,1,U2 
H5,840,2019,890130,      0.00,      0.00,      0.00,      0.00,0,1,0,0,1,1,U2 
H5,840,2019,890190,      0.00,      0.00,      0.00,      0.00,0,1,0,0,1,1,U2 
H5,840,2019,890200,      0.00,      0.00,      0.00,      0.00,0,1,0,0,1,1,U2 
H5,840,2019,890310,      2.40,      2.40,      2.40,      2.40,0,0,0,1,1,1,U2 
H5,840,2019,890391,      1.50,      1.50,      1.50,      1.50,0,0,0,1,1,1,U2 
H5,840,2019,890392,      1.50,      1.50,      1.50,      1.50,0,0,0,1,1,1,U2 
H5,840,2019,890399,      4.70,      0.00,      2.70,      1.17,0,1,0,3,4,4,U2 
H5,840,2019,890400,      0.00,      0.00,      0.00,      0.00,0,1,0,0,1,1,U2 
H5,840,2019,890510,      0.00,      0.00,      0.00,      0.00,0,1,0,0,1,1,U2 
H5,840,2019,890520,      0.00,      0.00,      0.00,      0.00,0,1,0,0,1,1,U2 
H5,840,2019,890590,      0.00,      0.00,      0.00,      0.00,0,2,0,0,2,2,U2 
H5,840,2019,890610,      0.00,      0.00,      0.00,      0.00,0,1,0,0,1,1,U2 
H5,840,2019,890690,      0.00,      0.00,      0.00,      0.00,0,1,0,0,1,1,U2 
H5,840,2019,890710,      0.00,      0.00,      0.00,      0.00,0,1,0,0,1,1,U2 
H5,840,2019,890790,      0.00,      0.00,      0.00,      0.00,0,1,0,0,1,1,U2 
H5,840,2019,890800,      0.00,      0.00,      0.00,      0.00,0,1,0,0,1,1,U2 
H5,840,2019,900110,      6.70,      6.70,      6.70,      6.70,0,0,0,1,1,1,U2 
H5,840,2019,900120,      0.00,      0.00,      0.00,      0.00,0,1,0,0,1,1,U2 
H5,840,2019,900130,      2.00,      2.00,      2.00,      2.00,0,0,0,1,1,1,U2 
H5,840,2019,900140,      2.00,      2.00,      2.00,      2.00,0,0,0,1,1,1,U2 
H5,840,2019,900150,      2.00,      2.00,      2.00,      2.00,0,0,0,1,1,1,U2 
H5,840,2019,900190,      0.00,      0.00,      0.00,      0.00,0,5,0,0,5,5,U2 
H5,840,2019,900211,      4.75,      0.00,      2.45,      1.58,0,1,0,2,3,3,U2 
H5,840,2019,900219,      0.00,      0.00,      0.00,      0.00,0,1,0,0,1,1,U2 
H5,840,2019,900220,      1.20,      0.50,      0.70,      0.60,0,0,0,2,2,2,U2 
H5,840,2019,900290,      0.20,      0.00,      0.20,      0.04,0,4,0,1,5,5,U2 
H5,840,2019,900311,      2.50,      2.50,      2.50,      2.50,0,0,0,1,1,1,U2 
H5,840,2019,900319,      0.00,      0.00,      0.00,      0.00,0,1,0,0,1,1,U2 
H5,840,2019,900390,      2.50,      2.50,      2.50,      2.50,0,0,0,1,1,1,U2 
H5,840,2019,900410,      2.00,      2.00,      2.00,      2.00,0,0,0,1,1,1,U2 
H5,840,2019,900490,      2.50,      2.50,      2.50,      2.50,0,0,0,1,1,1,U2 
H5,840,2019,900510,      0.00,      0.00,      0.00,      0.00,0,1,0,0,1,1,U2 
H5,840,2019,900580,     14.00,      6.00,      8.00,      7.00,0,0,0,2,2,2,U2 
H5,840,2019,900590,,,,,2,0,0,0,0,2,U2 
H5,840,2019,900630,      0.00,      0.00,      0.00,      0.00,0,1,0,0,1,1,U2 
H5,840,2019,900640,      6.80,      0.00,      6.80,      2.27,0,2,0,1,3,3,U2 
H5,840,2019,900651,      0.00,      0.00,      0.00,      0.00,0,1,0,0,1,1,U2 
H5,840,2019,900652,     10.80,      0.00,      6.80,      2.16,0,3,0,2,5,5,U2 
H5,840,2019,900653,      0.00,      0.00,      0.00,      0.00,0,1,0,0,1,1,U2 
H5,840,2019,900659,     10.80,      0.00,      6.80,      2.70,0,2,0,2,4,4,U2 
H5,840,2019,900661,      0.00,      0.00,      0.00,      0.00,0,1,0,0,1,1,U2 
H5,840,2019,900669,      0.00,      0.00,      0.00,      0.00,0,1,0,0,1,1,U2 
H5,840,2019,900691,      5.80,      5.80,      5.80,      5.80,0,0,0,1,1,1,U2 
H5,840,2019,900699,      3.90,      3.90,      3.90,      3.90,0,0,0,1,1,1,U2 
H5,840,2019,900710,      0.00,      0.00,      0.00,      0.00,0,1,0,0,1,1,U2 
H5,840,2019,900720,      8.40,      0.00,      4.90,      2.10,0,2,0,2,4,4,U2 
H5,840,2019,900791,      3.90,      0.00,      3.90,      1.95,0,1,0,1,2,2,U2 
H5,840,2019,900792,      3.50,      3.50,      3.50,      3.50,0,0,0,1,1,1,U2 
H5,840,2019,900850,     15.10,      0.00,      7.00,      3.02,0,2,0,3,5,5,U2 
H5,840,2019,900890,      2.90,      0.00,      2.90,      1.45,0,1,0,1,2,2,U2 
H5,840,2019,901010,      2.40,      2.40,      2.40,      2.40,0,0,0,1,1,1,U2 
H5,840,2019,901050,      0.00,      0.00,      0.00,      0.00,0,6,0,0,6,6,U2 
H5,840,2019,901060,      0.60,      0.60,      0.60,      0.60,0,0,0,1,1,1,U2 
H5,840,2019,901090,      2.90,      0.00,      2.90,      1.45,0,1,0,1,2,2,U2 
H5,840,2019,901110,      0.00,      0.00,      0.00,      0.00,0,2,0,0,2,2,U2 
H5,840,2019,901120,     11.10,      3.90,      7.20,      5.55,0,0,0,2,2,2,U2 
H5,840,2019,901180,      1.60,      1.60,      1.60,      1.60,0,0,0,1,1,1,U2 
H5,840,2019,901190,      1.40,      1.40,      1.40,      1.40,0,0,0,1,1,1,U2 
H5,840,2019,901210,      0.00,      0.00,      0.00,      0.00,0,1,0,0,1,1,U2 
H5,840,2019,901290,      0.00,      0.00,      0.00,      0.00,0,1,0,0,1,1,U2 
H5,840,2019,901310,     21.60,      0.00,     14.90,      5.40,0,1,0,3,4,4,U2 
H5,840,2019,901320,      0.00,      0.00,      0.00,      0.00,0,1,0,0,1,1,U2 
H5,840,2019,901380,     16.90,      0.00,      6.60,      4.22,0,1,0,3,4,4,U2 
H5,840,2019,901390,     21.60,      0.00,     16.00,      5.40,0,1,0,3,4,4,U2 
H5,840,2019,901410,      0.00,      0.00,      0.00,      0.00,0,4,0,0,4,4,U2 
H5,840,2019,901420,      0.00,      0.00,      0.00,      0.00,0,4,0,0,4,4,U2 
H5,840,2019,901480,      0.00,      0.00,      0.00,      0.00,0,4,0,0,4,4,U2 
H5,840,2019,901490,      0.00,      0.00,      0.00,      0.00,0,4,0,0,4,4,U2 
H5,840,2019,901510,      0.00,      0.00,      0.00,      0.00,0,2,0,0,2,2,U2 
H5,840,2019,901520,      0.00,      0.00,      0.00,      0.00,0,2,0,0,2,2,U2 
H5,840,2019,901530,      2.80,      0.00,      2.80,      1.40,0,1,0,1,2,2,U2 
H5,840,2019,901540,      0.00,      0.00,      0.00,      0.00,0,2,0,0,2,2,U2 
H5,840,2019,901580,      0.00,      0.00,      0.00,      0.00,0,3,0,0,3,3,U2 
H5,840,2019,901590,      0.00,      0.00,      0.00,      0.00,0,1,0,0,1,1,U2 
H5,840,2019,901600,     10.10,      2.90,      3.90,      3.37,0,0,0,3,3,3,U2 
H5,840,2019,901710,      3.90,      0.00,      3.90,      1.95,0,1,0,1,2,2,U2 
H5,840,2019,901720,      8.50,      0.00,      4.60,      2.83,0,1,0,2,3,3,U2 
H5,840,2019,901730,      9.70,      3.90,      5.80,      4.85,0,0,0,2,2,2,U2 
H5,840,2019,901780,      5.30,      5.30,      5.30,      5.30,0,0,0,1,1,1,U2 
H5,840,2019,901790,,,,,1,0,0,0,0,1,U2 
H5,840,2019,901811,      0.00,      0.00,      0.00,      0.00,0,3,0,0,3,3,U2 
H5,840,2019,901812,      0.00,      0.00,      0.00,      0.00,0,1,0,0,1,1,U2 
H5,840,2019,901813,      0.00,      0.00,      0.00,      0.00,0,1,0,0,1,1,U2 
H5,840,2019,901814,      0.00,      0.00,      0.00,      0.00,0,1,0,0,1,1,U2 
H5,840,2019,901819,      0.00,      0.00,      0.00,      0.00,0,4,0,0,4,4,U2 
H5,840,2019,901820,      0.00,      0.00,      0.00,      0.00,0,1,0,0,1,1,U2 
H5,840,2019,901831,      0.00,      0.00,      0.00,      0.00,0,1,0,0,1,1,U2 
H5,840,2019,901832,      0.00,      0.00,      0.00,      0.00,0,1,0,0,1,1,U2 
H5,840,2019,901839,      0.00,      0.00,      0.00,      0.00,0,1,0,0,1,1,U2 
H5,840,2019,901841,      0.00,      0.00,      0.00,      0.00,0,1,0,0,1,1,U2 
H5,840,2019,901849,      0.00,      0.00,      0.00,      0.00,0,2,0,0,2,2,U2 
H5,840,2019,901850,      0.00,      0.00,      0.00,      0.00,0,1,0,0,1,1,U2 
H5,840,2019,901890,      0.00,      0.00,      0.00,      0.00,0,10,0,0,10,10,U2 
H5,840,2019,901910,      0.00,      0.00,      0.00,      0.00,0,3,0,0,3,3,U2 
H5,840,2019,901920,      0.00,      0.00,      0.00,      0.00,0,1,0,0,1,1,U2 
H5,840,2019,902000,      5.00,      0.00,      2.50,      1.67,0,1,0,2,3,3,U2 
H5,840,2019,902110,      0.00,      0.00,      0.00,      0.00,0,1,0,0,1,1,U2 
H5,840,2019,902121,      0.00,      0.00,      0.00,      0.00,0,2,0,0,2,2,U2 
H5,840,2019,902129,      0.00,      0.00,      0.00,      0.00,0,2,0,0,2,2,U2 
H5,840,2019,902131,      0.00,      0.00,      0.00,      0.00,0,1,0,0,1,1,U2 
H5,840,2019,902139,      0.00,      0.00,      0.00,      0.00,0,1,0,0,1,1,U2 
H5,840,2019,902140,      0.00,      0.00,      0.00,      0.00,0,1,0,0,1,1,U2 
H5,840,2019,902150,      0.00,      0.00,      0.00,      0.00,0,1,0,0,1,1,U2 
H5,840,2019,902190,      0.00,      0.00,      0.00,      0.00,0,2,0,0,2,2,U2 
H5,840,2019,902212,      0.00,      0.00,      0.00,      0.00,0,1,0,0,1,1,U2 
H5,840,2019,902213,      0.00,      0.00,      0.00,      0.00,0,1,0,0,1,1,U2 
H5,840,2019,902214,      0.00,      0.00,      0.00,      0.00,0,1,0,0,1,1,U2 
H5,840,2019,902219,      0.00,      0.00,      0.00,      0.00,0,1,0,0,1,1,U2 
H5,840,2019,902221,      0.00,      0.00,      0.00,      0.00,0,1,0,0,1,1,U2 
H5,840,2019,902229,      0.20,      0.00,      0.20,      0.10,0,1,0,1,2,2,U2 
H5,840,2019,902230,      0.00,      0.00,      0.00,      0.00,0,1,0,0,1,1,U2 
H5,840,2019,902290,      6.30,      0.00,      1.40,      0.90,0,1,0,6,7,7,U2 
H5,840,2019,902300,      0.00,      0.00,      0.00,      0.00,0,1,0,0,1,1,U2 
H5,840,2019,902410,      0.00,      0.00,      0.00,      0.00,0,1,0,0,1,1,U2 
H5,840,2019,902480,      0.00,      0.00,      0.00,      0.00,0,1,0,0,1,1,U2 
H5,840,2019,902490,      0.00,      0.00,      0.00,      0.00,0,1,0,0,1,1,U2 
H5,840,2019,902511,      0.00,      0.00,      0.00,      0.00,0,2,0,0,2,2,U2 
H5,840,2019,902519,      0.40,      0.00,      0.40,      0.20,0,1,0,1,2,2,U2 
H5,840,2019,902580,      9.60,      1.00,      2.90,      1.60,0,0,0,6,6,6,U2 
H5,840,2019,902590,      0.00,      0.00,      0.00,      0.00,0,1,0,0,1,1,U2 
H5,840,2019,902610,      0.00,      0.00,      0.00,      0.00,0,3,0,0,3,3,U2 
H5,840,2019,902620,      0.00,      0.00,      0.00,      0.00,0,2,0,0,2,2,U2 
H5,840,2019,902680,      0.00,      0.00,      0.00,      0.00,0,3,0,0,3,3,U2 
H5,840,2019,902690,      0.00,      0.00,      0.00,      0.00,0,3,0,0,3,3,U2 
H5,840,2019,902710,      0.40,      0.00,      0.40,      0.13,0,2,0,1,3,3,U2 
H5,840,2019,902720,      0.00,      0.00,      0.00,      0.00,0,2,0,0,2,2,U2 
H5,840,2019,902730,      0.00,      0.00,      0.00,      0.00,0,2,0,0,2,2,U2 
H5,840,2019,902750,      1.20,      0.00,      1.20,      0.40,0,2,0,1,3,3,U2 
H5,840,2019,902780,      0.00,      0.00,      0.00,      0.00,0,3,0,0,3,3,U2 
H5,840,2019,902790,      1.70,      0.00,      0.80,      0.19,0,6,0,3,9,9,U2 
H5,840,2019,902810,      2.73,      2.73,      2.73,      2.73,0,0,1,0,1,1,U2 
H5,840,2019,902820,      2.97,      2.97,      2.97,      2.97,0,0,1,0,1,1,U2 
H5,840,2019,902830,      0.37,      0.37,      0.37,      0.37,0,0,1,0,1,1,U2 
H5,840,2019,902890,      0.80,      0.80,      0.80,      0.80,0,0,0,1,1,1,U2 
H5,840,2019,902910,      5.30,      0.00,      5.30,      2.65,0,1,0,1,2,2,U2 
H5,840,2019,902920,      8.73,      0.00,      6.00,      2.91,0,1,1,1,3,3,U2 
H5,840,2019,902990,     14.50,      0.00,      6.00,      3.63,0,1,0,3,4,4,U2 
H5,840,2019,903010,      0.00,      0.00,      0.00,      0.00,0,1,0,0,1,1,U2 
H5,840,2019,903020,      0.40,      0.00,      0.40,      0.20,0,1,0,1,2,2,U2 
H5,840,2019,903031,      0.40,      0.40,      0.40,      0.40,0,0,0,1,1,1,U2 
H5,840,2019,903032,      0.40,      0.40,      0.40,      0.40,0,0,0,1,1,1,U2 
H5,840,2019,903033,      2.10,      0.40,      1.70,      1.05,0,0,0,2,2,2,U2 
H5,840,2019,903039,      0.40,      0.40,      0.40,      0.40,0,0,0,1,1,1,U2 
H5,840,2019,903040,      0.00,      0.00,      0.00,      0.00,0,1,0,0,1,1,U2 
H5,840,2019,903082,      0.00,      0.00,      0.00,      0.00,0,1,0,0,1,1,U2 
H5,840,2019,903084,      0.40,      0.40,      0.40,      0.40,0,0,0,1,1,1,U2 
H5,840,2019,903089,      0.40,      0.40,      0.40,      0.40,0,0,0,1,1,1,U2 
H5,840,2019,903090,      0.40,      0.00,      0.40,      0.07,0,5,0,1,6,6,U2 
H5,840,2019,903110,      0.00,      0.00,      0.00,      0.00,0,1,0,0,1,1,U2 
H5,840,2019,903120,      1.70,      1.70,      1.70,      1.70,0,0,0,1,1,1,U2 
H5,840,2019,903141,      0.00,      0.00,      0.00,      0.00,0,1,0,0,1,1,U2 
H5,840,2019,903149,      0.00,      0.00,      0.00,      0.00,0,4,0,0,4,4,U2 
H5,840,2019,903180,      0.40,      0.00,      0.40,      0.20,0,1,0,1,2,2,U2 
H5,840,2019,903190,      0.00,      0.00,      0.00,      0.00,0,6,0,0,6,6,U2 
H5,840,2019,903210,      1.70,      1.70,      1.70,      1.70,0,0,0,1,1,1,U2 
H5,840,2019,903220,      0.00,      0.00,      0.00,      0.00,0,1,0,0,1,1,U2 
H5,840,2019,903281,      0.00,      0.00,      0.00,      0.00,0,1,0,0,1,1,U2 
H5,840,2019,903289,      4.50,      1.10,      1.70,      1.50,0,0,0,3,3,3,U2 
H5,840,2019,903290,      4.50,      1.10,      1.70,      1.50,0,0,0,3,3,3,U2 
H5,840,2019,903300,      6.60,      1.10,      4.40,      2.20,0,0,0,3,3,3,U2 
H5,840,2019,910111,     24.28,     11.99,     12.29,     12.14,0,0,2,0,2,2,U2 
H5,840,2019,910119,     18.33,      0.00,      9.61,      6.11,0,1,2,0,3,3,U2 
H5,840,2019,910121,     10.63,      0.00,      4.43,      2.66,0,1,1,2,4,4,U2 
H5,840,2019,910129,     30.16,      0.00,      5.06,      3.77,0,1,5,2,8,8,U2 
H5,840,2019,910191,      0.00,      0.00,      0.00,      0.00,0,3,0,0,3,3,U2 
H5,840,2019,910199,      4.19,      0.00,      4.19,      1.05,0,3,1,0,4,4,U2 
H5,840,2019,910211,,,,,8,0,0,0,0,8,U2 
H5,840,2019,910212,      0.00,      0.00,      0.00,      0.00,0,3,0,0,3,3,U2 
H5,840,2019,910219,,,,,4,0,0,0,0,4,U2 
H5,840,2019,910221,     73.37,      6.46,     20.13,     12.23,0,0,6,0,6,6,U2 
H5,840,2019,910229,    155.85,      6.47,     18.55,     11.99,0,0,12,1,13,13,U2 
H5,840,2019,910291,     38.79,     16.88,     21.91,     19.40,1,0,2,0,2,3,U2 
H5,840,2019,910299,     32.85,      3.66,     13.27,      8.21,0,0,4,0,4,4,U2 
H5,840,2019,910310,     28.21,     12.04,     16.17,     14.10,1,0,2,0,2,3,U2 
H5,840,2019,910390,      8.54,      8.54,      8.54,      8.54,0,0,1,0,1,1,U2 
H5,840,2019,910400,     42.39,      4.94,      8.57,      7.06,3,0,6,0,6,9,U2 
H5,840,2019,910511,     19.16,     19.16,     19.16,     19.16,1,0,1,0,1,2,U2 
H5,840,2019,910519,     59.07,      9.61,     23.62,     14.77,1,0,4,0,4,5,U2 
H5,840,2019,910521,     19.16,     19.16,     19.16,     19.16,1,0,1,0,1,2,U2 
H5,840,2019,910529,     34.71,      7.42,     10.24,      8.68,1,0,4,0,4,5,U2 
H5,840,2019,910591,     17.87,     17.87,     17.87,     17.87,1,0,1,0,1,2,U2 
H5,840,2019,910599,      9.06,      0.00,      5.21,      1.81,1,3,2,0,5,6,U2 
H5,840,2019,910610,,,,,1,0,0,0,0,1,U2 
H5,840,2019,910690,      3.90,      3.90,      3.90,      3.90,5,0,0,1,1,6,U2 
H5,840,2019,910700,,,,,2,0,0,0,0,2,U2 
H5,840,2019,910811,     40.50,     15.27,     25.23,     20.25,0,0,2,0,2,2,U2 
H5,840,2019,910812,,,,,1,0,0,0,0,1,U2 
H5,840,2019,910819,     19.56,      8.16,     11.40,      9.78,0,0,2,0,2,2,U2 
H5,840,2019,910820,      0.00,      0.00,      0.00,      0.00,0,2,0,0,2,2,U2 
H5,840,2019,910890,   2006.27,      0.00,    398.30,    182.39,0,1,10,0,11,11,U2 
H5,840,2019,910910,    281.73,     20.88,     68.10,     46.96,2,0,6,0,6,8,U2 
H5,840,2019,910990,     69.34,     18.04,     31.37,     23.11,0,0,3,0,3,3,U2 
H5,840,2019,911011,,,,,1,0,0,0,0,1,U2 
H5,840,2019,911012,      9.00,      9.00,      9.00,      9.00,0,0,0,1,1,1,U2 
H5,840,2019,911019,      9.00,      9.00,      9.00,      9.00,0,0,0,1,1,1,U2 
H5,840,2019,911090,      4.20,      4.20,      4.20,      4.20,2,0,0,1,1,3,U2 
H5,840,2019,911110,      5.10,      5.10,      5.10,      5.10,0,0,1,0,1,1,U2 
H5,840,2019,911120,     16.36,      7.62,      8.74,      8.18,0,0,2,0,2,2,U2 
H5,840,2019,911180,      8.40,      8.40,      8.40,      8.40,0,0,1,0,1,1,U2 
H5,840,2019,911190,     12.80,      6.40,      6.40,      6.40,1,0,0,2,2,3,U2 
H5,840,2019,911220,      9.00,      3.50,      5.50,      4.50,0,0,0,2,2,2,U2 
H5,840,2019,911290,      5.50,      5.50,      5.50,      5.50,0,0,0,1,1,1,U2 
H5,840,2019,911310,      4.50,      4.50,      4.50,      4.50,0,0,0,1,1,1,U2 
H5,840,2019,911320,     40.00,      8.80,     11.20,     10.00,0,0,0,4,4,4,U2 
H5,840,2019,911390,      9.00,      1.80,      7.20,      4.50,0,0,0,2,2,2,U2 
H5,840,2019,911410,     11.50,      4.20,      7.30,      5.75,0,0,0,2,2,2,U2 
H5,840,2019,911430,      4.40,      4.40,      4.40,      4.40,1,0,0,1,1,2,U2 
H5,840,2019,911440,     11.50,      4.20,      7.30,      5.75,2,0,0,2,2,4,U2 
H5,840,2019,911490,     20.20,      0.00,      8.80,      5.05,1,1,0,3,4,5,U2 
H5,840,2019,920110,      4.70,      4.70,      4.70,      4.70,0,0,0,1,1,1,U2 
H5,840,2019,920120,      4.70,      4.70,      4.70,      4.70,0,0,0,1,1,1,U2 
H5,840,2019,920190,      3.50,      3.50,      3.50,      3.50,0,0,0,1,1,1,U2 
H5,840,2019,920210,      3.20,      3.20,      3.20,      3.20,0,0,0,1,1,1,U2 
H5,840,2019,920290,     17.80,      4.50,      8.70,      5.93,0,0,0,3,3,3,U2 
H5,840,2019,920510,      2.90,      2.90,      2.90,      2.90,0,0,0,1,1,1,U2 
H5,840,2019,920590,     10.20,      0.00,      4.90,      1.27,0,5,0,3,8,8,U2 
H5,840,2019,920600,     10.10,      0.00,      5.30,      2.53,0,2,0,2,4,4,U2 
H5,840,2019,920710,      5.40,      5.40,      5.40,      5.40,0,0,0,1,1,1,U2 
H5,840,2019,920790,      5.00,      5.00,      5.00,      5.00,0,0,0,1,1,1,U2 
H5,840,2019,920810,      3.20,      3.20,      3.20,      3.20,0,0,0,1,1,1,U2 
H5,840,2019,920890,      5.30,      5.30,      5.30,      5.30,0,0,0,1,1,1,U2 
H5,840,2019,920930,      0.00,      0.00,      0.00,      0.00,0,1,0,0,1,1,U2 
H5,840,2019,920991,      4.20,      0.00,      4.20,      2.10,0,1,0,1,2,2,U2 
H5,840,2019,920992,      8.50,      0.00,      4.60,      2.83,1,1,0,2,3,4,U2 
H5,840,2019,920994,      8.40,      2.70,      5.70,      4.20,0,0,0,2,2,2,U2 
H5,840,2019,920999,     13.70,      0.00,      5.70,      1.71,0,5,0,3,8,8,U2 
H5,840,2019,930110,      0.00,      0.00,      0.00,      0.00,0,1,0,0,1,1,U2 
H5,840,2019,930120,      0.00,      0.00,      0.00,      0.00,0,1,0,0,1,1,U2 
H5,840,2019,930190,      2.60,      0.00,      2.60,      1.30,1,1,0,1,2,3,U2 
H5,840,2019,930200,      3.06,      3.06,      3.06,      3.06,0,0,1,0,1,1,U2 
H5,840,2019,930310,      0.00,      0.00,      0.00,      0.00,0,1,0,0,1,1,U2 
H5,840,2019,930320,      2.60,      2.60,      2.60,      2.60,0,0,0,1,1,1,U2 
H5,840,2019,930330,,,,,2,0,0,0,0,2,U2 
H5,840,2019,930390,      4.20,      0.00,      4.20,      2.10,0,1,0,1,2,2,U2 
H5,840,2019,930400,      9.60,      0.00,      5.70,      3.20,0,1,0,2,3,3,U2 
H5,840,2019,930510,      8.40,      0.00,      4.20,      2.10,0,2,0,2,4,4,U2 
H5,840,2019,930520,      3.50,      0.00,      3.50,      1.75,0,1,0,1,2,2,U2 
H5,840,2019,930591,      0.00,      0.00,      0.00,      0.00,0,3,0,0,3,3,U2 
H5,840,2019,930599,      6.80,      0.00,      3.90,      2.27,0,1,0,2,3,3,U2 
H5,840,2019,930621,      0.00,      0.00,      0.00,      0.00,0,1,0,0,1,1,U2 
H5,840,2019,930629,      0.00,      0.00,      0.00,      0.00,0,1,0,0,1,1,U2 
H5,840,2019,930630,      0.00,      0.00,      0.00,      0.00,0,2,0,0,2,2,U2 
H5,840,2019,930690,      0.00,      0.00,      0.00,      0.00,0,1,0,0,1,1,U2 
H5,840,2019,930700,      2.70,      2.70,      2.70,      2.70,0,0,0,1,1,1,U2 
H5,840,2019,940110,      0.00,      0.00,      0.00,      0.00,0,2,0,0,2,2,U2 
H5,840,2019,940120,      0.00,      0.00,      0.00,      0.00,0,1,0,0,1,1,U2 
H5,840,2019,940130,      0.00,      0.00,      0.00,      0.00,0,2,0,0,2,2,U2 
H5,840,2019,940140,      0.00,      0.00,      0.00,      0.00,0,1,0,0,1,1,U2 
H5,840,2019,940152,      0.00,      0.00,      0.00,      0.00,0,1,0,0,1,1,U2 
H5,840,2019,940153,      0.00,      0.00,      0.00,      0.00,0,1,0,0,1,1,U2 
H5,840,2019,940159,      0.00,      0.00,      0.00,      0.00,0,1,0,0,1,1,U2 
H5,840,2019,940161,      0.00,      0.00,      0.00,      0.00,0,3,0,0,3,3,U2 
H5,840,2019,940169,      0.00,      0.00,      0.00,      0.00,0,4,0,0,4,4,U2 
H5,840,2019,940171,      0.00,      0.00,      0.00,      0.00,0,1,0,0,1,1,U2 
H5,840,2019,940179,      0.00,      0.00,      0.00,      0.00,0,1,0,0,1,1,U2 
H5,840,2019,940180,      0.00,      0.00,      0.00,      0.00,0,3,0,0,3,3,U2 
H5,840,2019,940190,      0.00,      0.00,      0.00,      0.00,0,6,0,0,6,6,U2 
H5,840,2019,940210,      0.00,      0.00,      0.00,      0.00,0,1,0,0,1,1,U2 
H5,840,2019,940290,      0.00,      0.00,      0.00,      0.00,0,1,0,0,1,1,U2 
H5,840,2019,940310,      0.00,      0.00,      0.00,      0.00,0,1,0,0,1,1,U2 
H5,840,2019,940320,      0.00,      0.00,      0.00,      0.00,0,1,0,0,1,1,U2 
H5,840,2019,940330,      0.00,      0.00,      0.00,      0.00,0,2,0,0,2,2,U2 
H5,840,2019,940340,      0.00,      0.00,      0.00,      0.00,0,3,0,0,3,3,U2 
H5,840,2019,940350,      0.00,      0.00,      0.00,      0.00,0,3,0,0,3,3,U2 
H5,840,2019,940360,      0.00,      0.00,      0.00,      0.00,0,2,0,0,2,2,U2 
H5,840,2019,940370,      0.00,      0.00,      0.00,      0.00,0,2,0,0,2,2,U2 
H5,840,2019,940382,      0.00,      0.00,      0.00,      0.00,0,1,0,0,1,1,U2 
H5,840,2019,940383,      0.00,      0.00,      0.00,      0.00,0,1,0,0,1,1,U2 
H5,840,2019,940389,      0.00,      0.00,      0.00,      0.00,0,2,0,0,2,2,U2 
H5,840,2019,940390,      0.00,      0.00,      0.00,      0.00,0,7,0,0,7,7,U2 
H5,840,2019,940410,      0.00,      0.00,      0.00,      0.00,0,1,0,0,1,1,U2 
H5,840,2019,940421,      3.00,      3.00,      3.00,      3.00,0,0,0,1,1,1,U2 
H5,840,2019,940429,      9.00,      3.00,      6.00,      4.50,0,0,0,2,2,2,U2 
H5,840,2019,940430,     13.70,      4.70,      9.00,      6.85,0,0,0,2,2,2,U2 
H5,840,2019,940490,     35.80,      4.40,     12.80,      7.16,0,0,0,5,5,5,U2 
H5,840,2019,940510,     15.40,      3.90,      7.60,      5.13,0,0,0,3,3,3,U2 
H5,840,2019,940520,     13.60,      3.70,      6.00,      4.53,0,0,0,3,3,3,U2 
H5,840,2019,940530,      8.00,      8.00,      8.00,      8.00,0,0,0,1,1,1,U2 
H5,840,2019,940540,     15.50,      0.90,      6.00,      3.88,0,0,0,4,4,4,U2 
H5,840,2019,940550,     14.60,      2.90,      6.00,      4.87,0,0,0,3,3,3,U2 
H5,840,2019,940560,     17.00,      5.30,      6.00,      5.67,0,0,0,3,3,3,U2 
H5,840,2019,940591,     36.00,      4.50,     12.00,      9.00,0,0,0,4,4,4,U2 
H5,840,2019,940592,      3.70,      3.70,      3.70,      3.70,0,0,0,1,1,1,U2 
H5,840,2019,940599,      9.90,      3.90,      6.00,      4.95,0,0,0,2,2,2,U2 
H5,840,2019,940610,      2.60,      2.60,      2.60,      2.60,0,0,0,1,1,1,U2 
H5,840,2019,940690,      2.90,      2.90,      2.90,      2.90,0,0,0,1,1,1,U2 
H5,840,2019,950300,      0.00,      0.00,      0.00,      0.00,0,1,0,0,1,1,U2 
H5,840,2019,950420,      0.00,      0.00,      0.00,      0.00,0,4,0,0,4,4,U2 
H5,840,2019,950430,      0.00,      0.00,      0.00,      0.00,0,1,0,0,1,1,U2 
H5,840,2019,950440,      0.00,      0.00,      0.00,      0.00,0,1,0,0,1,1,U2 
H5,840,2019,950450,      0.00,      0.00,      0.00,      0.00,0,1,0,0,1,1,U2 
H5,840,2019,950490,      0.00,      0.00,      0.00,      0.00,0,3,0,0,3,3,U2 
H5,840,2019,950510,      0.00,      0.00,      0.00,      0.00,0,6,0,0,6,6,U2 
H5,840,2019,950590,      0.00,      0.00,      0.00,      0.00,0,3,0,0,3,3,U2 
H5,840,2019,950611,      2.60,      0.00,      2.60,      0.87,0,2,0,1,3,3,U2 
H5,840,2019,950612,      2.80,      0.00,      2.80,      1.40,0,1,0,1,2,2,U2 
H5,840,2019,950619,      2.80,      0.00,      2.80,      1.40,0,1,0,1,2,2,U2 
H5,840,2019,950621,      0.00,      0.00,      0.00,      0.00,0,2,0,0,2,2,U2 
H5,840,2019,950629,      0.00,      0.00,      0.00,      0.00,0,1,0,0,1,1,U2 
H5,840,2019,950631,      4.40,      4.40,      4.40,      4.40,0,0,0,1,1,1,U2 
H5,840,2019,950632,      0.00,      0.00,      0.00,      0.00,0,1,0,0,1,1,U2 
H5,840,2019,950639,      4.90,      4.90,      4.90,      4.90,0,0,0,1,1,1,U2 
H5,840,2019,950640,      5.10,      5.10,      5.10,      5.10,0,0,0,1,1,1,U2 
H5,840,2019,950651,     12.30,      3.10,      5.30,      4.10,0,0,0,3,3,3,U2 
H5,840,2019,950659,      9.60,      4.00,      5.60,      4.80,0,0,0,2,2,2,U2 
H5,840,2019,950661,      0.00,      0.00,      0.00,      0.00,0,1,0,0,1,1,U2 
H5,840,2019,950662,      4.80,      0.00,      4.80,      2.40,0,1,0,1,2,2,U2 
H5,840,2019,950669,     10.30,      0.00,      5.40,      3.43,0,1,0,2,3,3,U2 
H5,840,2019,950670,      2.90,      0.00,      2.90,      0.97,0,2,0,1,3,3,U2 
H5,840,2019,950691,      4.60,      4.60,      4.60,      4.60,0,0,0,1,1,1,U2 
H5,840,2019,950699,     26.20,      0.00,      5.60,      1.87,0,7,0,7,14,14,U2 
H5,840,2019,950710,      6.00,      6.00,      6.00,      6.00,0,0,0,1,1,1,U2 
H5,840,2019,950720,      8.80,      4.00,      4.80,      4.40,0,0,0,2,2,2,U2 
H5,840,2019,950730,     20.49,      1.99,      9.20,      5.12,0,0,1,3,4,4,U2 
H5,840,2019,950790,     32.30,      3.70,      9.00,      6.46,0,0,0,5,5,5,U2 
H5,840,2019,950810,      0.00,      0.00,      0.00,      0.00,0,1,0,0,1,1,U2 
H5,840,2019,950890,      0.00,      0.00,      0.00,      0.00,0,1,0,0,1,1,U2 
H5,840,2019,960110,      0.00,      0.00,      0.00,      0.00,0,1,0,0,1,1,U2 
H5,840,2019,960190,      5.80,      0.00,      3.70,      1.45,0,2,0,2,4,4,U2 
H5,840,2019,960200,      7.50,      1.80,      3.00,      2.50,0,0,0,3,3,3,U2 
H5,840,2019,960310,    108.28,      4.90,     32.00,     15.47,0,0,2,5,7,7,U2 
H5,840,2019,960321,      0.00,      0.00,      0.00,      0.00,0,1,0,0,1,1,U2 
H5,840,2019,960329,     11.28,      4.01,      7.27,      5.64,0,0,2,0,2,2,U2 
H5,840,2019,960330,      2.60,      0.00,      2.60,      0.87,0,2,0,1,3,3,U2 
H5,840,2019,960340,     11.50,      4.00,      7.50,      5.75,0,0,0,2,2,2,U2 
H5,840,2019,960350,      0.00,      0.00,      0.00,      0.00,0,1,0,0,1,1,U2 
H5,840,2019,960390,      2.80,      0.00,      2.80,      1.40,0,1,0,1,2,2,U2 
H5,840,2019,960400,      4.90,      4.90,      4.90,      4.90,0,0,0,1,1,1,U2 
H5,840,2019,960500,      8.10,      8.10,      8.10,      8.10,0,0,0,1,1,1,U2 
H5,840,2019,960610,      6.20,      2.70,      3.50,      3.10,0,0,0,2,2,2,U2 
H5,840,2019,960621,      4.70,      0.00,      4.70,      2.35,1,1,0,1,2,3,U2 
H5,840,2019,960622,      0.00,      0.00,      0.00,      0.00,0,1,0,0,1,1,U2 
H5,840,2019,960629,      2.90,      2.90,      2.90,      2.90,2,0,0,1,1,3,U2 
H5,840,2019,960630,      6.00,      0.00,      6.00,      3.00,0,1,0,1,2,2,U2 
H5,840,2019,960711,     10.00,     10.00,     10.00,     10.00,0,0,0,1,1,1,U2 
H5,840,2019,960719,     13.00,     13.00,     13.00,     13.00,0,0,0,1,1,1,U2 
H5,840,2019,960720,     11.50,     11.50,     11.50,     11.50,0,0,0,1,1,1,U2 
H5,840,2019,960810,     39.09,     39.09,     39.09,     39.09,0,0,1,0,1,1,U2 
H5,840,2019,960820,      4.00,      4.00,      4.00,      4.00,0,0,0,1,1,1,U2 
H5,840,2019,960830,      2.88,      2.88,      2.88,      2.88,0,0,1,0,1,1,U2 
H5,840,2019,960840,      6.60,      0.00,      6.60,      3.30,0,1,0,1,2,2,U2 
H5,840,2019,960850,,,,,1,0,0,0,0,1,U2 
H5,840,2019,960860,      8.31,      8.31,      8.31,      8.31,0,0,1,0,1,1,U2 
H5,840,2019,960891,      0.00,      0.00,      0.00,      0.00,0,1,0,0,1,1,U2 
H5,840,2019,960899,      0.00,      0.00,      0.00,      0.00,2,2,0,0,2,4,U2 
H5,840,2019,960910,      5.86,      5.86,      5.86,      5.86,0,0,1,0,1,1,U2 
H5,840,2019,960920,      0.00,      0.00,      0.00,      0.00,0,2,0,0,2,2,U2 
H5,840,2019,960990,      0.00,      0.00,      0.00,      0.00,0,2,0,0,2,2,U2 
H5,840,2019,961000,      3.50,      3.50,      3.50,      3.50,0,0,0,1,1,1,U2 
H5,840,2019,961100,      2.70,      2.70,      2.70,      2.70,0,0,0,1,1,1,U2 
H5,840,2019,961210,      7.90,      0.00,      7.90,      3.95,0,1,0,1,2,2,U2 
H5,840,2019,961220,      3.50,      3.50,      3.50,      3.50,0,0,0,1,1,1,U2 
H5,840,2019,961310,      8.00,      8.00,      8.00,      8.00,0,0,0,1,1,1,U2 
H5,840,2019,961320,      9.00,      9.00,      9.00,      9.00,0,0,0,1,1,1,U2 
H5,840,2019,961380,     29.30,      3.60,      9.00,      5.86,0,0,0,5,5,5,U2 
H5,840,2019,961390,     11.90,      3.90,      8.00,      5.95,0,0,0,2,2,2,U2 
H5,840,2019,961400,     10.20,      0.00,      7.20,      3.40,3,1,0,2,3,6,U2 
H5,840,2019,961511,     19.93,      0.00,      6.49,      3.99,0,1,2,2,5,5,U2 
H5,840,2019,961519,     20.30,      2.16,     11.00,      6.77,0,0,2,1,3,3,U2 
H5,840,2019,961590,     29.50,      5.10,     11.00,      7.38,0,0,0,4,4,4,U2 
H5,840,2019,961610,      0.00,      0.00,      0.00,      0.00,0,1,0,0,1,1,U2 
H5,840,2019,961620,      4.30,      4.30,      4.30,      4.30,0,0,0,1,1,1,U2 
H5,840,2019,961700,     28.20,      6.90,      7.20,      7.05,0,0,0,4,4,4,U2 
H5,840,2019,961800,      4.40,      4.40,      4.40,      4.40,0,0,0,1,1,1,U2 
H5,840,2019,961900,    144.10,      0.00,     16.00,      7.58,0,2,0,17,19,19,U2 
H5,840,2019,962000,     25.70,      0.00,      5.80,      3.21,2,1,0,7,8,10,U2 
H5,840,2019,970110,      0.00,      0.00,      0.00,      0.00,0,1,0,0,1,1,U2 
H5,840,2019,970190,      0.00,      0.00,      0.00,      0.00,0,1,0,0,1,1,U2 
H5,840,2019,970200,      0.00,      0.00,      0.00,      0.00,0,1,0,0,1,1,U2 
H5,840,2019,970300,      0.00,      0.00,      0.00,      0.00,0,1,0,0,1,1,U2 
H5,840,2019,970400,      0.00,      0.00,      0.00,      0.00,0,1,0,0,1,1,U2 
H5,840,2019,970500,      0.00,      0.00,      0.00,      0.00,0,1,0,0,1,1,U2 
H5,840,2019,970600,      0.00,      0.00,      0.00,      0.00,0,1,0,0,1,1,U2 
