NomenCode,Reporter_ISO_N,Year,ProductCode,Sum_Of_Rates,Min_Rate,Max_Rate,SimpleAverage,Nbr_NA_Lines,Nbr_Free_Lines,Nbr_AVE_Lines,Nbr_Dutiable_Lines,TotalNoOfValidLines,TotalNoOfLines,EstCode
H4,840,2015,010121,      0.00,      0.00,      0.00,      0.00,0,1,0,0,1,1,U2 
H4,840,2015,010129,      0.00,      0.00,      0.00,      0.00,0,1,0,0,1,1,U2 
H4,840,2015,010130,      6.80,      6.80,      6.80,      6.80,0,0,0,1,1,1,U2 
H4,840,2015,010190,      4.50,      0.00,      4.50,      2.25,0,1,0,1,2,2,U2 
H4,840,2015,010221,      0.00,      0.00,      0.00,      0.00,0,1,0,0,1,1,U2 
H4,840,2015,010229,      0.31,      0.00,      0.31,      0.15,0,1,1,0,2,2,U2 
H4,840,2015,010231,      0.00,      0.00,      0.00,      0.00,0,1,0,0,1,1,U2 
H4,840,2015,010239,      0.23,      0.23,      0.23,      0.23,0,0,1,0,1,1,U2 
H4,840,2015,010290,      0.29,      0.29,      0.29,      0.29,0,0,1,0,1,1,U2 
H4,840,2015,010310,      0.00,      0.00,      0.00,      0.00,0,1,0,0,1,1,U2 
H4,840,2015,010391,      0.00,      0.00,      0.00,      0.00,0,1,0,0,1,1,U2 
H4,840,2015,010392,      0.00,      0.00,      0.00,      0.00,0,1,0,0,1,1,U2 
H4,840,2015,010410,      0.00,      0.00,      0.00,      0.00,0,1,0,0,1,1,U2 
H4,840,2015,010420,      0.77,      0.77,      0.77,      0.77,0,0,1,0,1,1,U2 
H4,840,2015,010511,      0.61,      0.61,      0.61,      0.61,0,0,1,0,1,1,U2 
H4,840,2015,010512,      0.38,      0.38,      0.38,      0.38,0,0,1,0,1,1,U2 
H4,840,2015,010513,      0.45,      0.45,      0.45,      0.45,0,0,1,0,1,1,U2 
H4,840,2015,010514,      0.25,      0.25,      0.25,      0.25,0,0,1,0,1,1,U2 
H4,840,2015,010515,      0.65,      0.65,      0.65,      0.65,0,0,1,0,1,1,U2 
H4,840,2015,010594,      1.69,      1.69,      1.69,      1.69,0,0,1,0,1,1,U2 
H4,840,2015,010599,      1.16,      1.16,      1.16,      1.16,0,0,1,0,1,1,U2 
H4,840,2015,010611,      0.00,      0.00,      0.00,      0.00,0,1,0,0,1,1,U2 
H4,840,2015,010612,      0.00,      0.00,      0.00,      0.00,0,1,0,0,1,1,U2 
H4,840,2015,010613,      0.00,      0.00,      0.00,      0.00,0,1,0,0,1,1,U2 
H4,840,2015,010614,      0.00,      0.00,      0.00,      0.00,0,1,0,0,1,1,U2 
H4,840,2015,010619,      4.80,      0.00,      4.80,      2.40,0,1,0,1,2,2,U2 
H4,840,2015,010620,      0.00,      0.00,      0.00,      0.00,0,1,0,0,1,1,U2 
H4,840,2015,010631,      1.80,      1.80,      1.80,      1.80,0,0,0,1,1,1,U2 
H4,840,2015,010632,      1.80,      1.80,      1.80,      1.80,0,0,0,1,1,1,U2 
H4,840,2015,010633,      1.80,      1.80,      1.80,      1.80,0,0,0,1,1,1,U2 
H4,840,2015,010639,      1.80,      1.80,      1.80,      1.80,0,0,0,1,1,1,U2 
H4,840,2015,010641,      0.00,      0.00,      0.00,      0.00,0,1,0,0,1,1,U2 
H4,840,2015,010649,      0.00,      0.00,      0.00,      0.00,0,1,0,0,1,1,U2 
H4,840,2015,010690,      0.00,      0.00,      0.00,      0.00,0,1,0,0,1,1,U2 
H4,840,2015,020110,     28.39,      0.99,     26.40,      9.46,0,0,2,1,3,3,U2 
H4,840,2015,020120,     56.11,      0.85,     26.40,      8.02,0,0,2,5,7,7,U2 
H4,840,2015,020130,     55.55,      0.57,     26.40,      7.94,0,0,2,5,7,7,U2 
H4,840,2015,020210,     29.02,      1.31,     26.40,      9.67,0,0,2,1,3,3,U2 
H4,840,2015,020220,     56.68,      1.14,     26.40,      8.10,0,0,2,5,7,7,U2 
H4,840,2015,020230,     56.19,      0.89,     26.40,      8.03,0,0,2,5,7,7,U2 
H4,840,2015,020311,      0.00,      0.00,      0.00,      0.00,0,1,0,0,1,1,U2 
H4,840,2015,020312,      0.58,      0.00,      0.58,      0.29,0,1,1,0,2,2,U2 
H4,840,2015,020319,      0.41,      0.00,      0.41,      0.21,0,1,1,0,2,2,U2 
H4,840,2015,020321,      0.00,      0.00,      0.00,      0.00,0,1,0,0,1,1,U2 
H4,840,2015,020322,      0.65,      0.00,      0.65,      0.32,0,1,1,0,2,2,U2 
H4,840,2015,020329,      0.44,      0.00,      0.44,      0.22,0,1,1,0,2,2,U2 
H4,840,2015,020410,      0.11,      0.11,      0.11,      0.11,0,0,1,0,1,1,U2 
H4,840,2015,020421,      0.61,      0.61,      0.61,      0.61,0,0,1,0,1,1,U2 
H4,840,2015,020422,      0.37,      0.07,      0.29,      0.18,0,0,2,0,2,2,U2 
H4,840,2015,020423,      0.33,      0.07,      0.26,      0.16,0,0,2,0,2,2,U2 
H4,840,2015,020430,      0.13,      0.13,      0.13,      0.13,0,0,1,0,1,1,U2 
H4,840,2015,020441,      0.72,      0.72,      0.72,      0.72,0,0,1,0,1,1,U2 
H4,840,2015,020442,      0.74,      0.15,      0.59,      0.37,0,0,2,0,2,2,U2 
H4,840,2015,020443,      0.52,      0.10,      0.42,      0.26,0,0,2,0,2,2,U2 
H4,840,2015,020450,      0.00,      0.00,      0.00,      0.00,0,1,0,0,1,1,U2 
H4,840,2015,020500,      0.00,      0.00,      0.00,      0.00,0,1,0,0,1,1,U2 
H4,840,2015,020610,      0.00,      0.00,      0.00,      0.00,0,1,0,0,1,1,U2 
H4,840,2015,020621,      0.00,      0.00,      0.00,      0.00,0,1,0,0,1,1,U2 
H4,840,2015,020622,      0.00,      0.00,      0.00,      0.00,0,1,0,0,1,1,U2 
H4,840,2015,020629,      0.00,      0.00,      0.00,      0.00,0,1,0,0,1,1,U2 
H4,840,2015,020630,      0.00,      0.00,      0.00,      0.00,0,1,0,0,1,1,U2 
H4,840,2015,020641,      0.00,      0.00,      0.00,      0.00,0,1,0,0,1,1,U2 
H4,840,2015,020649,      0.00,      0.00,      0.00,      0.00,0,1,0,0,1,1,U2 
H4,840,2015,020680,      0.00,      0.00,      0.00,      0.00,0,1,0,0,1,1,U2 
H4,840,2015,020690,      0.00,      0.00,      0.00,      0.00,0,1,0,0,1,1,U2 
H4,840,2015,020711,      3.18,      3.18,      3.18,      3.18,0,0,1,0,1,1,U2 
H4,840,2015,020712,      3.91,      3.91,      3.91,      3.91,0,0,1,0,1,1,U2 
H4,840,2015,020713,      6.74,      6.74,      6.74,      6.74,0,0,1,0,1,1,U2 
H4,840,2015,020714,      7.47,      7.47,      7.47,      7.47,0,0,1,0,1,1,U2 
H4,840,2015,020724,      4.92,      4.92,      4.92,      4.92,0,0,1,0,1,1,U2 
H4,840,2015,020725,     12.23,      2.23,     10.00,      6.11,0,0,1,1,2,2,U2 
H4,840,2015,020726,      4.16,      4.16,      4.16,      4.16,0,0,1,0,1,1,U2 
H4,840,2015,020727,      5.92,      5.92,      5.92,      5.92,0,0,1,0,1,1,U2 
H4,840,2015,020741,      3.72,      3.72,      3.72,      3.72,0,0,1,0,1,1,U2 
H4,840,2015,020742,      2.95,      2.95,      2.95,      2.95,0,0,1,0,1,1,U2 
H4,840,2015,020743,      2.57,      2.57,      2.57,      2.57,0,0,1,0,1,1,U2 
H4,840,2015,020744,      2.20,      2.20,      2.20,      2.20,0,0,1,0,1,1,U2 
H4,840,2015,020745,      2.54,      2.54,      2.54,      2.54,0,0,1,0,1,1,U2 
H4,840,2015,020751,      1.96,      1.96,      1.96,      1.96,0,0,1,0,1,1,U2 
H4,840,2015,020752,      2.96,      2.96,      2.96,      2.96,0,0,1,0,1,1,U2 
H4,840,2015,020753,      0.65,      0.65,      0.65,      0.65,0,0,1,0,1,1,U2 
H4,840,2015,020754,      2.78,      2.78,      2.78,      2.78,0,0,1,0,1,1,U2 
H4,840,2015,020755,      2.87,      2.87,      2.87,      2.87,0,0,1,0,1,1,U2 
H4,840,2015,020760,     11.75,      1.47,      2.94,      2.35,0,0,5,0,5,5,U2 
H4,840,2015,020810,      6.40,      6.40,      6.40,      6.40,0,0,0,1,1,1,U2 
H4,840,2015,020830,      6.40,      6.40,      6.40,      6.40,0,0,0,1,1,1,U2 
H4,840,2015,020840,      6.40,      6.40,      6.40,      6.40,0,0,0,1,1,1,U2 
H4,840,2015,020850,      6.40,      6.40,      6.40,      6.40,0,0,0,1,1,1,U2 
H4,840,2015,020860,      6.40,      6.40,      6.40,      6.40,0,0,0,1,1,1,U2 
H4,840,2015,020890,      7.29,      0.00,      6.40,      1.82,0,2,1,1,4,4,U2 
H4,840,2015,020910,      3.20,      3.20,      3.20,      3.20,0,0,0,1,1,1,U2 
H4,840,2015,020990,      3.20,      3.20,      3.20,      3.20,0,0,0,1,1,1,U2 
H4,840,2015,021011,      0.26,      0.26,      0.26,      0.26,0,0,1,0,1,1,U2 
H4,840,2015,021012,      0.26,      0.26,      0.26,      0.26,0,0,1,0,1,1,U2 
H4,840,2015,021019,      0.25,      0.25,      0.25,      0.25,0,0,1,0,1,1,U2 
H4,840,2015,021020,      0.00,      0.00,      0.00,      0.00,0,1,0,0,1,1,U2 
H4,840,2015,021091,      2.30,      2.30,      2.30,      2.30,0,0,0,1,1,1,U2 
H4,840,2015,021092,      2.30,      2.30,      2.30,      2.30,0,0,0,1,1,1,U2 
H4,840,2015,021093,      2.30,      2.30,      2.30,      2.30,0,0,0,1,1,1,U2 
H4,840,2015,021099,      4.60,      2.30,      2.30,      2.30,0,0,0,2,2,2,U2 
H4,840,2015,030111,      0.00,      0.00,      0.00,      0.00,0,1,0,0,1,1,U2 
H4,840,2015,030119,      0.00,      0.00,      0.00,      0.00,0,1,0,0,1,1,U2 
H4,840,2015,030191,      0.00,      0.00,      0.00,      0.00,0,1,0,0,1,1,U2 
H4,840,2015,030192,      0.00,      0.00,      0.00,      0.00,0,1,0,0,1,1,U2 
H4,840,2015,030193,      0.00,      0.00,      0.00,      0.00,0,1,0,0,1,1,U2 
H4,840,2015,030194,      0.00,      0.00,      0.00,      0.00,0,1,0,0,1,1,U2 
H4,840,2015,030195,      0.00,      0.00,      0.00,      0.00,0,1,0,0,1,1,U2 
H4,840,2015,030199,      0.00,      0.00,      0.00,      0.00,0,1,0,0,1,1,U2 
H4,840,2015,030211,      0.00,      0.00,      0.00,      0.00,0,1,0,0,1,1,U2 
H4,840,2015,030213,      0.00,      0.00,      0.00,      0.00,0,1,0,0,1,1,U2 
H4,840,2015,030214,      0.00,      0.00,      0.00,      0.00,0,1,0,0,1,1,U2 
H4,840,2015,030219,      0.00,      0.00,      0.00,      0.00,0,1,0,0,1,1,U2 
H4,840,2015,030221,      0.00,      0.00,      0.00,      0.00,0,1,0,0,1,1,U2 
H4,840,2015,030222,      0.00,      0.00,      0.00,      0.00,0,1,0,0,1,1,U2 
H4,840,2015,030223,      0.09,      0.09,      0.09,      0.09,0,0,1,0,1,1,U2 
H4,840,2015,030224,      0.00,      0.00,      0.00,      0.00,0,1,0,0,1,1,U2 
H4,840,2015,030229,      0.00,      0.00,      0.00,      0.00,0,1,0,0,1,1,U2 
H4,840,2015,030231,      0.00,      0.00,      0.00,      0.00,0,1,0,0,1,1,U2 
H4,840,2015,030232,      0.00,      0.00,      0.00,      0.00,0,1,0,0,1,1,U2 
H4,840,2015,030233,      0.00,      0.00,      0.00,      0.00,0,1,0,0,1,1,U2 
H4,840,2015,030234,      0.00,      0.00,      0.00,      0.00,0,1,0,0,1,1,U2 
H4,840,2015,030235,      0.00,      0.00,      0.00,      0.00,0,1,0,0,1,1,U2 
H4,840,2015,030236,      0.00,      0.00,      0.00,      0.00,0,1,0,0,1,1,U2 
H4,840,2015,030239,      0.00,      0.00,      0.00,      0.00,0,1,0,0,1,1,U2 
H4,840,2015,030241,      0.00,      0.00,      0.00,      0.00,0,1,0,0,1,1,U2 
H4,840,2015,030242,      0.00,      0.00,      0.00,      0.00,0,1,0,0,1,1,U2 
H4,840,2015,030243,      0.00,      0.00,      0.00,      0.00,0,1,0,0,1,1,U2 
H4,840,2015,030244,      0.00,      0.00,      0.00,      0.00,0,1,0,0,1,1,U2 
H4,840,2015,030245,      3.00,      0.00,      3.00,      1.50,0,1,0,1,2,2,U2 
H4,840,2015,030246,      3.00,      0.00,      3.00,      1.50,0,1,0,1,2,2,U2 
H4,840,2015,030247,      0.00,      0.00,      0.00,      0.00,0,1,0,0,1,1,U2 
H4,840,2015,030251,      0.00,      0.00,      0.00,      0.00,0,1,0,0,1,1,U2 
H4,840,2015,030252,      0.00,      0.00,      0.00,      0.00,0,1,0,0,1,1,U2 
H4,840,2015,030253,      0.00,      0.00,      0.00,      0.00,0,1,0,0,1,1,U2 
H4,840,2015,030254,      3.00,      0.00,      3.00,      1.50,0,1,0,1,2,2,U2 
H4,840,2015,030255,      3.00,      0.00,      3.00,      1.50,0,1,0,1,2,2,U2 
H4,840,2015,030256,      3.00,      0.00,      3.00,      1.50,0,1,0,1,2,2,U2 
H4,840,2015,030259,      3.00,      0.00,      3.00,      1.50,0,1,0,1,2,2,U2 
H4,840,2015,030271,      3.00,      0.00,      3.00,      1.50,0,1,0,1,2,2,U2 
H4,840,2015,030272,      3.00,      0.00,      3.00,      1.50,0,1,0,1,2,2,U2 
H4,840,2015,030273,      3.00,      0.00,      3.00,      1.50,0,1,0,1,2,2,U2 
H4,840,2015,030274,      0.00,      0.00,      0.00,      0.00,0,1,0,0,1,1,U2 
H4,840,2015,030279,      3.00,      0.00,      3.00,      1.50,0,1,0,1,2,2,U2 
H4,840,2015,030281,      0.00,      0.00,      0.00,      0.00,0,1,0,0,1,1,U2 
H4,840,2015,030282,      0.00,      0.00,      0.00,      0.00,0,1,0,0,1,1,U2 
H4,840,2015,030283,      0.00,      0.00,      0.00,      0.00,0,1,0,0,1,1,U2 
H4,840,2015,030284,      3.00,      0.00,      3.00,      1.50,0,1,0,1,2,2,U2 
H4,840,2015,030285,      3.00,      0.00,      3.00,      1.50,0,1,0,1,2,2,U2 
H4,840,2015,030289,      3.00,      0.00,      3.00,      1.50,0,1,0,1,2,2,U2 
H4,840,2015,030290,     15.00,      0.00,     15.00,      7.50,0,1,0,1,2,2,U2 
H4,840,2015,030311,      0.00,      0.00,      0.00,      0.00,0,1,0,0,1,1,U2 
H4,840,2015,030312,      0.00,      0.00,      0.00,      0.00,0,1,0,0,1,1,U2 
H4,840,2015,030313,      0.00,      0.00,      0.00,      0.00,0,1,0,0,1,1,U2 
H4,840,2015,030314,      0.00,      0.00,      0.00,      0.00,0,1,0,0,1,1,U2 
H4,840,2015,030319,      0.00,      0.00,      0.00,      0.00,0,1,0,0,1,1,U2 
H4,840,2015,030323,      0.00,      0.00,      0.00,      0.00,0,1,0,0,1,1,U2 
H4,840,2015,030324,      0.00,      0.00,      0.00,      0.00,0,1,0,0,1,1,U2 
H4,840,2015,030325,      0.00,      0.00,      0.00,      0.00,0,1,0,0,1,1,U2 
H4,840,2015,030326,      0.00,      0.00,      0.00,      0.00,0,1,0,0,1,1,U2 
H4,840,2015,030329,      0.00,      0.00,      0.00,      0.00,0,1,0,0,1,1,U2 
H4,840,2015,030331,      0.00,      0.00,      0.00,      0.00,0,1,0,0,1,1,U2 
H4,840,2015,030332,      0.00,      0.00,      0.00,      0.00,0,1,0,0,1,1,U2 
H4,840,2015,030333,      0.21,      0.21,      0.21,      0.21,0,0,1,0,1,1,U2 
H4,840,2015,030334,      0.19,      0.19,      0.19,      0.19,0,0,1,0,1,1,U2 
H4,840,2015,030339,      0.62,      0.62,      0.62,      0.62,0,0,1,0,1,1,U2 
H4,840,2015,030341,      0.00,      0.00,      0.00,      0.00,0,1,0,0,1,1,U2 
H4,840,2015,030342,      0.00,      0.00,      0.00,      0.00,0,1,0,0,1,1,U2 
H4,840,2015,030343,      0.00,      0.00,      0.00,      0.00,0,1,0,0,1,1,U2 
H4,840,2015,030344,      0.00,      0.00,      0.00,      0.00,0,1,0,0,1,1,U2 
H4,840,2015,030345,      0.00,      0.00,      0.00,      0.00,0,1,0,0,1,1,U2 
H4,840,2015,030346,      0.00,      0.00,      0.00,      0.00,0,1,0,0,1,1,U2 
H4,840,2015,030349,      0.00,      0.00,      0.00,      0.00,0,1,0,0,1,1,U2 
H4,840,2015,030351,      0.00,      0.00,      0.00,      0.00,0,1,0,0,1,1,U2 
H4,840,2015,030353,      1.05,      1.05,      1.05,      1.05,0,0,1,0,1,1,U2 
H4,840,2015,030354,      0.00,      0.00,      0.00,      0.00,0,1,0,0,1,1,U2 
H4,840,2015,030355,      0.00,      0.00,      0.00,      0.00,0,1,0,0,1,1,U2 
H4,840,2015,030356,      0.00,      0.00,      0.00,      0.00,0,1,0,0,1,1,U2 
H4,840,2015,030357,      0.00,      0.00,      0.00,      0.00,0,1,0,0,1,1,U2 
H4,840,2015,030363,      0.00,      0.00,      0.00,      0.00,0,1,0,0,1,1,U2 
H4,840,2015,030364,      0.00,      0.00,      0.00,      0.00,0,1,0,0,1,1,U2 
H4,840,2015,030365,      0.00,      0.00,      0.00,      0.00,0,1,0,0,1,1,U2 
H4,840,2015,030366,      0.00,      0.00,      0.00,      0.00,0,1,0,0,1,1,U2 
H4,840,2015,030367,      0.00,      0.00,      0.00,      0.00,0,1,0,0,1,1,U2 
H4,840,2015,030368,      0.00,      0.00,      0.00,      0.00,0,1,0,0,1,1,U2 
H4,840,2015,030369,      0.00,      0.00,      0.00,      0.00,0,1,0,0,1,1,U2 
H4,840,2015,030381,      0.41,      0.41,      0.41,      0.41,0,0,1,0,1,1,U2 
H4,840,2015,030382,      0.00,      0.00,      0.00,      0.00,0,1,0,0,1,1,U2 
H4,840,2015,030383,      0.00,      0.00,      0.00,      0.00,0,1,0,0,1,1,U2 
H4,840,2015,030384,      0.00,      0.00,      0.00,      0.00,0,1,0,0,1,1,U2 
H4,840,2015,030389,      0.00,      0.00,      0.00,      0.00,0,1,0,0,1,1,U2 
H4,840,2015,030390,     15.00,      0.00,     15.00,      7.50,0,1,0,1,2,2,U2 
H4,840,2015,030431,      0.00,      0.00,      0.00,      0.00,0,1,0,0,1,1,U2 
H4,840,2015,030432,      0.00,      0.00,      0.00,      0.00,0,1,0,0,1,1,U2 
H4,840,2015,030433,      0.00,      0.00,      0.00,      0.00,0,1,0,0,1,1,U2 
H4,840,2015,030439,      0.00,      0.00,      0.00,      0.00,0,1,0,0,1,1,U2 
H4,840,2015,030441,      0.00,      0.00,      0.00,      0.00,0,1,0,0,1,1,U2 
H4,840,2015,030442,      0.00,      0.00,      0.00,      0.00,0,1,0,0,1,1,U2 
H4,840,2015,030443,      0.00,      0.00,      0.00,      0.00,0,1,0,0,1,1,U2 
H4,840,2015,030444,      0.00,      0.00,      0.00,      0.00,0,1,0,0,1,1,U2 
H4,840,2015,030445,      0.00,      0.00,      0.00,      0.00,0,1,0,0,1,1,U2 
H4,840,2015,030446,      0.00,      0.00,      0.00,      0.00,0,1,0,0,1,1,U2 
H4,840,2015,030449,      0.00,      0.00,      0.00,      0.00,0,1,0,0,1,1,U2 
H4,840,2015,030451,      0.00,      0.00,      0.00,      0.00,0,1,0,0,1,1,U2 
H4,840,2015,030452,      0.00,      0.00,      0.00,      0.00,0,1,0,0,1,1,U2 
H4,840,2015,030453,      0.00,      0.00,      0.00,      0.00,0,1,0,0,1,1,U2 
H4,840,2015,030454,      0.00,      0.00,      0.00,      0.00,0,1,0,0,1,1,U2 
H4,840,2015,030455,      0.00,      0.00,      0.00,      0.00,0,1,0,0,1,1,U2 
H4,840,2015,030459,      0.00,      0.00,      0.00,      0.00,0,1,0,0,1,1,U2 
H4,840,2015,030461,      0.00,      0.00,      0.00,      0.00,0,1,0,0,1,1,U2 
H4,840,2015,030462,      0.00,      0.00,      0.00,      0.00,0,1,0,0,1,1,U2 
H4,840,2015,030463,      0.00,      0.00,      0.00,      0.00,0,1,0,0,1,1,U2 
H4,840,2015,030469,      0.00,      0.00,      0.00,      0.00,0,1,0,0,1,1,U2 
H4,840,2015,030471,      0.00,      0.00,      0.00,      0.00,0,2,0,0,2,2,U2 
H4,840,2015,030472,      0.00,      0.00,      0.00,      0.00,0,2,0,0,2,2,U2 
H4,840,2015,030473,      0.00,      0.00,      0.00,      0.00,0,2,0,0,2,2,U2 
H4,840,2015,030474,      0.00,      0.00,      0.00,      0.00,0,2,0,0,2,2,U2 
H4,840,2015,030475,      0.00,      0.00,      0.00,      0.00,0,2,0,0,2,2,U2 
H4,840,2015,030479,      0.00,      0.00,      0.00,      0.00,0,2,0,0,2,2,U2 
H4,840,2015,030481,      0.00,      0.00,      0.00,      0.00,0,2,0,0,2,2,U2 
H4,840,2015,030482,      0.00,      0.00,      0.00,      0.00,0,2,0,0,2,2,U2 
H4,840,2015,030483,      0.00,      0.00,      0.00,      0.00,0,2,0,0,2,2,U2 
H4,840,2015,030484,      0.00,      0.00,      0.00,      0.00,0,1,0,0,1,1,U2 
H4,840,2015,030485,      0.00,      0.00,      0.00,      0.00,0,1,0,0,1,1,U2 
H4,840,2015,030486,      0.00,      0.00,      0.00,      0.00,0,1,0,0,1,1,U2 
H4,840,2015,030487,      0.00,      0.00,      0.00,      0.00,0,1,0,0,1,1,U2 
H4,840,2015,030489,      0.00,      0.00,      0.00,      0.00,0,2,0,0,2,2,U2 
H4,840,2015,030491,      6.00,      0.00,      6.00,      3.00,0,1,0,1,2,2,U2 
H4,840,2015,030492,      6.00,      0.00,      6.00,      3.00,0,1,0,1,2,2,U2 
H4,840,2015,030493,      6.00,      0.00,      6.00,      3.00,0,1,0,1,2,2,U2 
H4,840,2015,030494,      6.00,      0.00,      6.00,      3.00,0,1,0,1,2,2,U2 
H4,840,2015,030495,      6.00,      0.00,      6.00,      3.00,0,1,0,1,2,2,U2 
H4,840,2015,030499,      6.00,      0.00,      6.00,      3.00,0,1,0,1,2,2,U2 
H4,840,2015,030510,      6.00,      0.00,      6.00,      3.00,0,1,0,1,2,2,U2 
H4,840,2015,030520,      7.50,      0.00,      7.50,      3.75,0,1,0,1,2,2,U2 
H4,840,2015,030531,      0.00,      0.00,      0.00,      0.00,0,1,0,0,1,1,U2 
H4,840,2015,030532,      0.00,      0.00,      0.00,      0.00,0,1,0,0,1,1,U2 
H4,840,2015,030539,      9.00,      0.00,      5.00,      3.00,0,1,0,2,3,3,U2 
H4,840,2015,030541,      5.00,      5.00,      5.00,      5.00,0,0,0,1,1,1,U2 
H4,840,2015,030542,      0.00,      0.00,      0.00,      0.00,0,1,0,0,1,1,U2 
H4,840,2015,030543,      0.00,      0.00,      0.00,      0.00,0,1,0,0,1,1,U2 
H4,840,2015,030544,      0.00,      0.00,      0.00,      0.00,0,1,0,0,1,1,U2 
H4,840,2015,030549,      0.00,      0.00,      0.00,      0.00,0,2,0,0,2,2,U2 
H4,840,2015,030551,      0.00,      0.00,      0.00,      0.00,0,1,0,0,1,1,U2 
H4,840,2015,030559,      0.00,      0.00,      0.00,      0.00,0,1,0,0,1,1,U2 
H4,840,2015,030561,      4.00,      0.00,      4.00,      2.00,0,1,0,1,2,2,U2 
H4,840,2015,030562,      0.00,      0.00,      0.00,      0.00,0,1,0,0,1,1,U2 
H4,840,2015,030563,      5.00,      0.00,      5.00,      1.67,0,2,0,1,3,3,U2 
H4,840,2015,030564,      0.50,      0.00,      0.50,      0.25,0,1,0,1,2,2,U2 
H4,840,2015,030569,      8.50,      0.00,      5.00,      1.42,0,3,0,3,6,6,U2 
H4,840,2015,030571,      0.00,      0.00,      0.00,      0.00,0,1,0,0,1,1,U2 
H4,840,2015,030572,      0.00,      0.00,      0.00,      0.00,0,1,0,0,1,1,U2 
H4,840,2015,030579,      0.00,      0.00,      0.00,      0.00,0,1,0,0,1,1,U2 
H4,840,2015,030611,      0.00,      0.00,      0.00,      0.00,0,1,0,0,1,1,U2 
H4,840,2015,030612,      0.00,      0.00,      0.00,      0.00,0,1,0,0,1,1,U2 
H4,840,2015,030614,      7.50,      0.00,      7.50,      3.75,0,1,0,1,2,2,U2 
H4,840,2015,030615,      0.00,      0.00,      0.00,      0.00,0,1,0,0,1,1,U2 
H4,840,2015,030616,      0.00,      0.00,      0.00,      0.00,0,1,0,0,1,1,U2 
H4,840,2015,030617,      0.00,      0.00,      0.00,      0.00,0,1,0,0,1,1,U2 
H4,840,2015,030619,      0.00,      0.00,      0.00,      0.00,0,1,0,0,1,1,U2 
H4,840,2015,030621,      0.00,      0.00,      0.00,      0.00,0,1,0,0,1,1,U2 
H4,840,2015,030622,      0.00,      0.00,      0.00,      0.00,0,1,0,0,1,1,U2 
H4,840,2015,030624,      7.50,      0.00,      7.50,      3.75,0,1,0,1,2,2,U2 
H4,840,2015,030625,      0.00,      0.00,      0.00,      0.00,0,1,0,0,1,1,U2 
H4,840,2015,030626,      0.00,      0.00,      0.00,      0.00,0,1,0,0,1,1,U2 
H4,840,2015,030627,      0.00,      0.00,      0.00,      0.00,0,1,0,0,1,1,U2 
H4,840,2015,030629,      0.00,      0.00,      0.00,      0.00,0,1,0,0,1,1,U2 
H4,840,2015,030711,      0.00,      0.00,      0.00,      0.00,0,1,0,0,1,1,U2 
H4,840,2015,030719,      0.00,      0.00,      0.00,      0.00,0,1,0,0,1,1,U2 
H4,840,2015,030721,      0.00,      0.00,      0.00,      0.00,0,1,0,0,1,1,U2 
H4,840,2015,030729,      0.00,      0.00,      0.00,      0.00,0,1,0,0,1,1,U2 
H4,840,2015,030731,      0.00,      0.00,      0.00,      0.00,0,1,0,0,1,1,U2 
H4,840,2015,030739,      0.00,      0.00,      0.00,      0.00,0,1,0,0,1,1,U2 
H4,840,2015,030741,      0.00,      0.00,      0.00,      0.00,0,1,0,0,1,1,U2 
H4,840,2015,030749,      0.00,      0.00,      0.00,      0.00,0,1,0,0,1,1,U2 
H4,840,2015,030751,      0.00,      0.00,      0.00,      0.00,0,1,0,0,1,1,U2 
H4,840,2015,030759,      0.00,      0.00,      0.00,      0.00,0,1,0,0,1,1,U2 
H4,840,2015,030760,      5.00,      5.00,      5.00,      5.00,0,0,0,1,1,1,U2 
H4,840,2015,030771,      0.00,      0.00,      0.00,      0.00,0,1,0,0,1,1,U2 
H4,840,2015,030779,      0.00,      0.00,      0.00,      0.00,0,1,0,0,1,1,U2 
H4,840,2015,030781,      0.00,      0.00,      0.00,      0.00,0,1,0,0,1,1,U2 
H4,840,2015,030789,      0.00,      0.00,      0.00,      0.00,0,1,0,0,1,1,U2 
H4,840,2015,030791,      0.00,      0.00,      0.00,      0.00,0,1,0,0,1,1,U2 
H4,840,2015,030799,      0.00,      0.00,      0.00,      0.00,0,1,0,0,1,1,U2 
H4,840,2015,030811,      0.00,      0.00,      0.00,      0.00,0,1,0,0,1,1,U2 
H4,840,2015,030819,      0.00,      0.00,      0.00,      0.00,0,1,0,0,1,1,U2 
H4,840,2015,030821,      0.00,      0.00,      0.00,      0.00,0,1,0,0,1,1,U2 
H4,840,2015,030829,      0.00,      0.00,      0.00,      0.00,0,1,0,0,1,1,U2 
H4,840,2015,030830,      0.00,      0.00,      0.00,      0.00,0,1,0,0,1,1,U2 
H4,840,2015,030890,      0.00,      0.00,      0.00,      0.00,0,1,0,0,1,1,U2 
H4,840,2015,040110,,,,,1,0,0,0,0,1,U2 
H4,840,2015,040120,,,,,2,0,0,0,0,2,U2 
H4,840,2015,040140,,,,,3,0,0,0,0,3,U2 
H4,840,2015,040150,     78.36,      5.09,     68.17,     26.12,3,0,3,0,3,6,U2 
H4,840,2015,040210,     28.96,      1.03,     26.90,      9.65,0,0,3,0,3,3,U2 
H4,840,2015,040221,     97.54,      0.81,     38.05,     10.84,0,0,9,0,9,9,U2 
H4,840,2015,040229,     88.43,     17.50,     53.43,     29.48,0,0,1,2,3,3,U2 
H4,840,2015,040291,     58.19,      1.74,     24.75,      9.70,0,0,6,0,6,6,U2 
H4,840,2015,040299,    126.89,      1.59,     37.19,     14.10,0,0,7,2,9,9,U2 
H4,840,2015,040310,    136.97,     17.00,     79.97,     34.24,0,0,1,3,4,4,U2 
H4,840,2015,040390,    519.12,      2.12,    105.78,     32.44,4,0,13,3,16,20,U2 
H4,840,2015,040410,    231.43,      3.15,    107.15,     33.06,1,0,4,3,7,8,U2 
H4,840,2015,040490,    102.46,      0.18,     64.78,     20.49,0,0,2,3,5,5,U2 
H4,840,2015,040510,     41.60,      2.86,     35.87,     13.87,0,0,3,0,3,3,U2 
H4,840,2015,040520,    124.81,      3.75,     57.17,     15.60,0,0,5,3,8,8,U2 
H4,840,2015,040590,     69.23,     10.00,     49.23,     23.08,0,0,1,2,3,3,U2 
H4,840,2015,040610,    489.72,      8.50,     60.03,     23.32,0,0,9,12,21,21,U2 
H4,840,2015,040620,    697.50,      8.00,     40.40,     18.36,0,0,13,25,38,38,U2 
H4,840,2015,040630,    693.71,      6.40,     45.39,     19.27,0,0,13,23,36,36,U2 
H4,840,2015,040640,    134.89,      2.70,     27.89,     14.99,0,0,1,8,9,9,U2 
H4,840,2015,040690,    851.35,      0.00,     40.52,     17.03,0,2,15,33,50,50,U2 
H4,840,2015,040711,,,,,1,0,0,0,0,1,U2 
H4,840,2015,040719,,,,,1,0,0,0,0,1,U2 
H4,840,2015,040721,,,,,1,0,0,0,0,1,U2 
H4,840,2015,040729,,,,,1,0,0,0,0,1,U2 
H4,840,2015,040790,,,,,1,0,0,0,0,1,U2 
H4,840,2015,040811,     11.40,     11.40,     11.40,     11.40,0,0,1,0,1,1,U2 
H4,840,2015,040819,      4.15,      4.15,      4.15,      4.15,0,0,1,0,1,1,U2 
H4,840,2015,040891,      9.00,      9.00,      9.00,      9.00,0,0,1,0,1,1,U2 
H4,840,2015,040899,      5.09,      5.09,      5.09,      5.09,0,0,1,0,1,1,U2 
H4,840,2015,040900,      0.53,      0.53,      0.53,      0.53,0,0,1,0,1,1,U2 
H4,840,2015,041000,      1.10,      1.10,      1.10,      1.10,0,0,0,1,1,1,U2 
H4,840,2015,050100,      1.40,      1.40,      1.40,      1.40,0,0,0,1,1,1,U2 
H4,840,2015,050210,      0.09,      0.09,      0.09,      0.09,0,0,1,0,1,1,U2 
H4,840,2015,050290,      0.00,      0.00,      0.00,      0.00,0,1,0,0,1,1,U2 
H4,840,2015,050400,      0.00,      0.00,      0.00,      0.00,0,1,0,0,1,1,U2 
H4,840,2015,050510,      0.00,      0.00,      0.00,      0.00,0,1,0,0,1,1,U2 
H4,840,2015,050590,      2.30,      0.00,      2.30,      1.15,0,1,0,1,2,2,U2 
H4,840,2015,050610,      0.00,      0.00,      0.00,      0.00,0,1,0,0,1,1,U2 
H4,840,2015,050690,      0.00,      0.00,      0.00,      0.00,0,1,0,0,1,1,U2 
H4,840,2015,050710,      0.00,      0.00,      0.00,      0.00,0,1,0,0,1,1,U2 
H4,840,2015,050790,      0.00,      0.00,      0.00,      0.00,0,1,0,0,1,1,U2 
H4,840,2015,050800,      0.00,      0.00,      0.00,      0.00,0,1,0,0,1,1,U2 
H4,840,2015,051000,      5.10,      0.00,      5.10,      2.55,0,1,0,1,2,2,U2 
H4,840,2015,051110,      0.00,      0.00,      0.00,      0.00,0,1,0,0,1,1,U2 
H4,840,2015,051191,      0.00,      0.00,      0.00,      0.00,0,1,0,0,1,1,U2 
H4,840,2015,051199,      4.10,      0.00,      3.00,      0.82,0,3,0,2,5,5,U2 
H4,840,2015,060110,      3.50,      3.50,      3.50,      3.50,6,0,0,1,1,7,U2 
H4,840,2015,060120,      1.40,      1.40,      1.40,      1.40,1,0,0,1,1,2,U2 
H4,840,2015,060210,      4.80,      4.80,      4.80,      4.80,0,0,0,1,1,1,U2 
H4,840,2015,060220,      0.00,      0.00,      0.00,      0.00,0,1,0,0,1,1,U2 
H4,840,2015,060230,      1.90,      1.90,      1.90,      1.90,0,0,0,1,1,1,U2 
H4,840,2015,060240,      0.00,      0.00,      0.00,      0.00,0,1,0,0,1,1,U2 
H4,840,2015,060290,     12.14,      0.00,      4.80,      2.02,0,1,1,4,6,6,U2 
H4,840,2015,060311,      6.80,      6.80,      6.80,      6.80,0,0,0,1,1,1,U2 
H4,840,2015,060312,      9.60,      3.20,      6.40,      4.80,0,0,0,2,2,2,U2 
H4,840,2015,060313,      6.40,      6.40,      6.40,      6.40,0,0,0,1,1,1,U2 
H4,840,2015,060314,      6.40,      6.40,      6.40,      6.40,0,0,0,1,1,1,U2 
H4,840,2015,060315,      6.40,      6.40,      6.40,      6.40,0,0,0,1,1,1,U2 
H4,840,2015,060319,      6.40,      6.40,      6.40,      6.40,0,0,0,1,1,1,U2 
H4,840,2015,060390,      4.00,      4.00,      4.00,      4.00,0,0,0,1,1,1,U2 
H4,840,2015,060420,      0.00,      0.00,      0.00,      0.00,0,1,0,0,1,1,U2 
H4,840,2015,060490,      7.00,      0.00,      7.00,      2.33,0,2,0,1,3,3,U2 
H4,840,2015,070110,      0.93,      0.93,      0.93,      0.93,0,0,1,0,1,1,U2 
H4,840,2015,070190,      3.43,      1.71,      1.71,      1.71,0,0,2,0,2,2,U2 
H4,840,2015,070200,      6.53,      1.93,      2.68,      2.18,0,0,3,0,3,3,U2 
H4,840,2015,070310,      7.89,      1.34,      5.00,      2.63,0,0,3,0,3,3,U2 
H4,840,2015,070320,      0.24,      0.24,      0.24,      0.24,0,0,1,0,1,1,U2 
H4,840,2015,070390,     20.00,     20.00,     20.00,     20.00,0,0,0,1,1,1,U2 
H4,840,2015,070410,     26.50,      2.50,     14.00,      8.83,0,0,0,3,3,3,U2 
H4,840,2015,070420,     12.50,     12.50,     12.50,     12.50,0,0,0,1,1,1,U2 
H4,840,2015,070490,     20.54,      0.54,     20.00,     10.27,0,0,1,1,2,2,U2 
H4,840,2015,070511,      3.83,      0.37,      3.45,      1.91,0,0,2,0,2,2,U2 
H4,840,2015,070519,      2.53,      0.25,      2.28,      1.26,0,0,2,0,2,2,U2 
H4,840,2015,070521,      0.10,      0.10,      0.10,      0.10,0,0,1,0,1,1,U2 
H4,840,2015,070529,      0.11,      0.11,      0.11,      0.11,0,0,1,0,1,1,U2 
H4,840,2015,070610,     18.85,      0.00,     14.90,      4.71,0,1,2,1,4,4,U2 
H4,840,2015,070690,     14.60,      1.90,     10.00,      4.87,0,0,0,3,3,3,U2 
H4,840,2015,070700,     16.83,      1.49,      5.58,      4.21,0,0,4,0,4,4,U2 
H4,840,2015,070810,      2.28,      0.35,      1.93,      1.14,0,0,2,0,2,2,U2 
H4,840,2015,070820,      3.94,      0.00,      2.68,      1.31,0,1,2,0,3,3,U2 
H4,840,2015,070890,      4.81,      0.00,      3.47,      0.96,0,1,4,0,5,5,U2 
H4,840,2015,070920,     26.30,      5.00,     21.30,     13.15,0,0,0,2,2,2,U2 
H4,840,2015,070930,      3.41,      1.44,      1.97,      1.71,0,0,2,0,2,2,U2 
H4,840,2015,070940,     18.09,      0.37,     14.90,      6.03,0,0,2,1,3,3,U2 
H4,840,2015,070951,     23.08,     23.08,     23.08,     23.08,0,0,1,0,1,1,U2 
H4,840,2015,070959,     21.97,      0.00,     21.97,     10.99,0,1,1,0,2,2,U2 
H4,840,2015,070960,      5.13,      2.48,      2.65,      2.56,0,0,2,0,2,2,U2 
H4,840,2015,070970,     20.00,     20.00,     20.00,     20.00,0,0,0,1,1,1,U2 
H4,840,2015,070991,     11.30,     11.30,     11.30,     11.30,0,0,0,1,1,1,U2 
H4,840,2015,070992,      6.94,      6.94,      6.94,      6.94,0,0,1,0,1,1,U2 
H4,840,2015,070993,     32.71,      1.41,     20.00,     10.90,0,0,1,2,3,3,U2 
H4,840,2015,070999,     86.20,      5.60,     21.30,     14.37,0,0,0,6,6,6,U2 
H4,840,2015,071010,     14.00,     14.00,     14.00,     14.00,0,0,0,1,1,1,U2 
H4,840,2015,071021,      2.45,      0.82,      1.63,      1.22,0,0,2,0,2,2,U2 
H4,840,2015,071022,     25.99,      0.00,     11.20,      4.33,0,1,4,1,6,6,U2 
H4,840,2015,071029,      2.86,      0.00,      1.85,      0.57,0,1,4,0,5,5,U2 
H4,840,2015,071030,     14.00,     14.00,     14.00,     14.00,0,0,0,1,1,1,U2 
H4,840,2015,071040,     14.00,     14.00,     14.00,     14.00,0,0,0,1,1,1,U2 
H4,840,2015,071080,     94.44,      0.00,     14.90,      8.59,0,1,4,6,11,11,U2 
H4,840,2015,071090,     21.90,      7.90,     14.00,     10.95,0,0,0,2,2,2,U2 
H4,840,2015,071120,     15.43,      2.37,      5.51,      3.86,0,0,4,0,4,4,U2 
H4,840,2015,071140,      7.70,      7.70,      7.70,      7.70,0,0,0,1,1,1,U2 
H4,840,2015,071151,     10.86,     10.86,     10.86,     10.86,0,0,1,0,1,1,U2 
H4,840,2015,071159,     17.52,      7.70,      9.82,      8.76,0,0,1,1,2,2,U2 
H4,840,2015,071190,     20.80,      0.00,      8.00,      5.20,0,1,0,3,4,4,U2 
H4,840,2015,071220,     51.10,     21.30,     29.80,     25.55,0,0,0,2,2,2,U2 
H4,840,2015,071231,      4.80,      1.96,      2.84,      2.40,0,0,2,0,2,2,U2 
H4,840,2015,071232,      8.30,      8.30,      8.30,      8.30,0,0,0,1,1,1,U2 
H4,840,2015,071233,      8.30,      8.30,      8.30,      8.30,0,0,0,1,1,1,U2 
H4,840,2015,071239,      4.58,      0.00,      2.70,      1.53,0,1,2,0,3,3,U2 
H4,840,2015,071290,     66.16,      0.00,     29.80,      6.01,0,1,3,7,11,11,U2 
H4,840,2015,071310,      4.40,      0.00,      3.47,      1.47,0,1,2,0,3,3,U2 
H4,840,2015,071320,      3.95,      1.91,      2.04,      1.98,0,0,2,0,2,2,U2 
H4,840,2015,071331,      1.06,      0.00,      0.77,      0.35,0,1,2,0,3,3,U2 
H4,840,2015,071332,      2.02,      0.90,      1.12,      1.01,0,0,2,0,2,2,U2 
H4,840,2015,071333,      3.35,      0.84,      1.26,      1.12,0,0,3,0,3,3,U2 
H4,840,2015,071334,      2.55,      0.66,      1.23,      0.85,0,0,3,0,3,3,U2 
H4,840,2015,071335,      0.00,      0.00,      0.00,      0.00,0,1,0,0,1,1,U2 
H4,840,2015,071339,      3.27,      0.84,      1.58,      1.09,0,0,3,0,3,3,U2 
H4,840,2015,071340,      2.16,      0.20,      1.96,      1.08,0,0,2,0,2,2,U2 
H4,840,2015,071350,      4.59,      2.04,      2.55,      2.29,0,0,2,0,2,2,U2 
H4,840,2015,071360,      4.71,      0.99,      1.86,      1.57,0,0,3,0,3,3,U2 
H4,840,2015,071390,      3.59,      0.00,      1.42,      0.90,0,1,3,0,4,4,U2 
H4,840,2015,071410,     19.20,      7.90,     11.30,      9.60,0,0,0,2,2,2,U2 
H4,840,2015,071420,     10.50,      4.50,      6.00,      5.25,0,0,0,2,2,2,U2 
H4,840,2015,071430,     20.70,      0.00,      8.30,      5.18,0,1,0,3,4,4,U2 
H4,840,2015,071440,     30.30,      0.00,     16.00,      7.57,0,1,0,3,4,4,U2 
H4,840,2015,071450,     30.30,      0.00,     16.00,      7.57,0,1,0,3,4,4,U2 
H4,840,2015,071490,     82.80,      0.00,     20.00,      8.28,0,2,0,8,10,10,U2 
H4,840,2015,080111,      0.00,      0.00,      0.00,      0.00,0,1,0,0,1,1,U2 
H4,840,2015,080112,      0.00,      0.00,      0.00,      0.00,0,1,0,0,1,1,U2 
H4,840,2015,080119,      0.00,      0.00,      0.00,      0.00,0,1,0,0,1,1,U2 
H4,840,2015,080121,      0.00,      0.00,      0.00,      0.00,0,1,0,0,1,1,U2 
H4,840,2015,080122,      0.00,      0.00,      0.00,      0.00,0,1,0,0,1,1,U2 
H4,840,2015,080131,      0.00,      0.00,      0.00,      0.00,0,1,0,0,1,1,U2 
H4,840,2015,080132,      0.00,      0.00,      0.00,      0.00,0,1,0,0,1,1,U2 
H4,840,2015,080211,      1.38,      1.38,      1.38,      1.38,0,0,1,0,1,1,U2 
H4,840,2015,080212,      2.97,      2.97,      2.97,      2.97,0,0,1,0,1,1,U2 
H4,840,2015,080221,      1.37,      1.37,      1.37,      1.37,0,0,1,0,1,1,U2 
H4,840,2015,080222,      1.58,      1.58,      1.58,      1.58,0,0,1,0,1,1,U2 
H4,840,2015,080231,      1.67,      1.67,      1.67,      1.67,0,0,1,0,1,1,U2 
H4,840,2015,080232,      2.77,      2.77,      2.77,      2.77,0,0,1,0,1,1,U2 
H4,840,2015,080241,      0.00,      0.00,      0.00,      0.00,0,1,0,0,1,1,U2 
H4,840,2015,080242,      0.00,      0.00,      0.00,      0.00,0,1,0,0,1,1,U2 
H4,840,2015,080251,      0.10,      0.10,      0.10,      0.10,0,0,1,0,1,1,U2 
H4,840,2015,080252,      0.14,      0.14,      0.14,      0.14,0,0,1,0,1,1,U2 
H4,840,2015,080261,      0.31,      0.31,      0.31,      0.31,0,0,1,0,1,1,U2 
H4,840,2015,080262,      0.39,      0.39,      0.39,      0.39,0,0,1,0,1,1,U2 
H4,840,2015,080270,      1.15,      0.24,      0.92,      0.58,0,0,2,0,2,2,U2 
H4,840,2015,080280,      2.74,      0.56,      2.17,      1.37,0,0,2,0,2,2,U2 
H4,840,2015,080290,      5.41,      0.11,      2.77,      0.90,0,0,6,0,6,6,U2 
H4,840,2015,080310,      1.40,      0.00,      1.40,      0.70,0,1,0,1,2,2,U2 
H4,840,2015,080390,      0.00,      0.00,      0.00,      0.00,0,1,0,0,1,1,U2 
H4,840,2015,080410,     44.26,      0.85,     29.80,     11.06,0,0,3,1,4,4,U2 
H4,840,2015,080420,      5.68,      1.54,      2.18,      1.89,0,0,3,0,3,3,U2 
H4,840,2015,080430,      2.61,      0.56,      1.40,      0.87,0,0,3,0,3,3,U2 
H4,840,2015,080440,      5.03,      5.03,      5.03,      5.03,0,0,1,0,1,1,U2 
H4,840,2015,080450,      8.57,      0.87,      3.85,      2.86,0,0,3,0,3,3,U2 
H4,840,2015,080510,      2.17,      2.17,      2.17,      2.17,0,0,1,0,1,1,U2 
H4,840,2015,080520,      1.48,      1.48,      1.48,      1.48,0,0,1,0,1,1,U2 
H4,840,2015,080540,      5.95,      1.51,      2.52,      1.98,0,0,3,0,3,3,U2 
H4,840,2015,080550,      4.15,      0.80,      1.84,      1.38,0,0,2,1,3,3,U2 
H4,840,2015,080590,      0.80,      0.80,      0.80,      0.80,0,0,0,1,1,1,U2 
H4,840,2015,080610,      0.00,      0.00,      0.00,      0.00,2,1,0,0,1,3,U2 
H4,840,2015,080620,      3.46,      0.77,      1.50,      1.15,0,0,3,0,3,3,U2 
H4,840,2015,080711,     26.00,      9.00,     17.00,     13.00,0,0,0,2,2,2,U2 
H4,840,2015,080719,     83.90,      1.60,     29.80,     13.98,0,0,0,6,6,6,U2 
H4,840,2015,080720,      5.40,      5.40,      5.40,      5.40,0,0,0,1,1,1,U2 
H4,840,2015,080810,      0.00,      0.00,      0.00,      0.00,0,1,0,0,1,1,U2 
H4,840,2015,080830,      0.25,      0.00,      0.25,      0.13,0,1,1,0,2,2,U2 
H4,840,2015,080840,      0.24,      0.00,      0.24,      0.12,0,1,1,0,2,2,U2 
H4,840,2015,080910,      0.10,      0.10,      0.10,      0.10,0,0,1,0,1,1,U2 
H4,840,2015,080921,      0.00,      0.00,      0.00,      0.00,0,1,0,0,1,1,U2 
H4,840,2015,080929,      0.00,      0.00,      0.00,      0.00,0,1,0,0,1,1,U2 
H4,840,2015,080930,      0.14,      0.00,      0.14,      0.07,0,1,1,0,2,2,U2 
H4,840,2015,080940,      0.30,      0.00,      0.30,      0.15,0,1,1,0,2,2,U2 
H4,840,2015,081010,      0.44,      0.07,      0.38,      0.22,0,0,2,0,2,2,U2 
H4,840,2015,081020,      0.03,      0.00,      0.03,      0.01,0,1,1,0,2,2,U2 
H4,840,2015,081030,      0.00,      0.00,      0.00,      0.00,0,1,0,0,1,1,U2 
H4,840,2015,081040,      0.00,      0.00,      0.00,      0.00,0,1,0,0,1,1,U2 
H4,840,2015,081050,      0.00,      0.00,      0.00,      0.00,0,1,0,0,1,1,U2 
H4,840,2015,081060,      2.20,      2.20,      2.20,      2.20,0,0,0,1,1,1,U2 
H4,840,2015,081070,      2.20,      2.20,      2.20,      2.20,0,0,0,1,1,1,U2 
H4,840,2015,081090,      2.20,      0.00,      2.20,      1.10,0,1,0,1,2,2,U2 
H4,840,2015,081110,     11.20,     11.20,     11.20,     11.20,0,0,0,1,1,1,U2 
H4,840,2015,081120,     13.50,      4.50,      9.00,      6.75,0,0,0,2,2,2,U2 
H4,840,2015,081190,     65.71,      0.00,     14.50,      5.97,0,3,1,7,11,11,U2 
H4,840,2015,081210,      8.02,      8.02,      8.02,      8.02,0,0,1,0,1,1,U2 
H4,840,2015,081290,     14.36,      0.06,     11.20,      2.39,0,0,5,1,6,6,U2 
H4,840,2015,081310,      0.42,      0.42,      0.42,      0.42,0,0,1,0,1,1,U2 
H4,840,2015,081320,     14.56,      0.56,     14.00,      7.28,0,0,1,1,2,2,U2 
H4,840,2015,081330,      0.24,      0.24,      0.24,      0.24,0,0,1,0,1,1,U2 
H4,840,2015,081340,     15.26,      0.34,      6.80,      2.18,0,0,4,3,7,7,U2 
H4,840,2015,081350,     14.00,     14.00,     14.00,     14.00,0,0,0,1,1,1,U2 
H4,840,2015,081400,      1.90,      0.00,      0.95,      0.63,0,1,2,0,3,3,U2 
H4,840,2015,090111,      0.00,      0.00,      0.00,      0.00,0,1,0,0,1,1,U2 
H4,840,2015,090112,      0.00,      0.00,      0.00,      0.00,0,1,0,0,1,1,U2 
H4,840,2015,090121,      0.00,      0.00,      0.00,      0.00,0,1,0,0,1,1,U2 
H4,840,2015,090122,      0.00,      0.00,      0.00,      0.00,0,1,0,0,1,1,U2 
H4,840,2015,090190,      0.41,      0.00,      0.41,      0.20,0,1,1,0,2,2,U2 
H4,840,2015,090210,      6.40,      0.00,      6.40,      3.20,0,1,0,1,2,2,U2 
H4,840,2015,090220,      6.40,      0.00,      6.40,      3.20,0,1,0,1,2,2,U2 
H4,840,2015,090230,      0.00,      0.00,      0.00,      0.00,0,1,0,0,1,1,U2 
H4,840,2015,090240,      0.00,      0.00,      0.00,      0.00,0,1,0,0,1,1,U2 
H4,840,2015,090300,      0.00,      0.00,      0.00,      0.00,0,1,0,0,1,1,U2 
H4,840,2015,090411,      0.00,      0.00,      0.00,      0.00,0,1,0,0,1,1,U2 
H4,840,2015,090412,      0.00,      0.00,      0.00,      0.00,0,1,0,0,1,1,U2 
H4,840,2015,090421,      3.39,      0.00,      1.61,      0.85,0,1,3,0,4,4,U2 
H4,840,2015,090422,      5.18,      0.00,      1.99,      1.04,0,2,3,0,5,5,U2 
H4,840,2015,090510,      0.00,      0.00,      0.00,      0.00,0,1,0,0,1,1,U2 
H4,840,2015,090520,      0.00,      0.00,      0.00,      0.00,0,1,0,0,1,1,U2 
H4,840,2015,090611,      0.00,      0.00,      0.00,      0.00,0,1,0,0,1,1,U2 
H4,840,2015,090619,      0.00,      0.00,      0.00,      0.00,0,1,0,0,1,1,U2 
H4,840,2015,090620,      0.00,      0.00,      0.00,      0.00,0,1,0,0,1,1,U2 
H4,840,2015,090710,      0.00,      0.00,      0.00,      0.00,0,1,0,0,1,1,U2 
H4,840,2015,090720,      0.00,      0.00,      0.00,      0.00,0,1,0,0,1,1,U2 
H4,840,2015,090811,      0.00,      0.00,      0.00,      0.00,0,1,0,0,1,1,U2 
H4,840,2015,090812,      0.00,      0.00,      0.00,      0.00,0,1,0,0,1,1,U2 
H4,840,2015,090821,      0.00,      0.00,      0.00,      0.00,0,1,0,0,1,1,U2 
H4,840,2015,090822,      0.66,      0.00,      0.66,      0.33,0,1,1,0,2,2,U2 
H4,840,2015,090831,      0.00,      0.00,      0.00,      0.00,0,1,0,0,1,1,U2 
H4,840,2015,090832,      0.00,      0.00,      0.00,      0.00,0,1,0,0,1,1,U2 
H4,840,2015,090921,      0.00,      0.00,      0.00,      0.00,0,1,0,0,1,1,U2 
H4,840,2015,090922,      0.00,      0.00,      0.00,      0.00,0,1,0,0,1,1,U2 
H4,840,2015,090931,      0.00,      0.00,      0.00,      0.00,0,1,0,0,1,1,U2 
H4,840,2015,090932,      0.00,      0.00,      0.00,      0.00,0,1,0,0,1,1,U2 
H4,840,2015,090961,      0.00,      0.00,      0.00,      0.00,0,1,0,0,1,1,U2 
H4,840,2015,090962,      0.00,      0.00,      0.00,      0.00,0,1,0,0,1,1,U2 
H4,840,2015,091011,      0.00,      0.00,      0.00,      0.00,0,1,0,0,1,1,U2 
H4,840,2015,091012,      0.29,      0.29,      0.29,      0.29,0,0,1,0,1,1,U2 
H4,840,2015,091020,      0.00,      0.00,      0.00,      0.00,0,1,0,0,1,1,U2 
H4,840,2015,091030,      0.00,      0.00,      0.00,      0.00,0,1,0,0,1,1,U2 
H4,840,2015,091091,      1.90,      1.90,      1.90,      1.90,0,0,0,1,1,1,U2 
H4,840,2015,091099,     13.30,      0.00,      4.80,      1.66,0,4,0,4,8,8,U2 
H4,840,2015,100111,      1.86,      1.86,      1.86,      1.86,0,0,1,0,1,1,U2 
H4,840,2015,100119,      1.78,      1.78,      1.78,      1.78,0,0,1,0,1,1,U2 
H4,840,2015,100191,      2.80,      2.80,      2.80,      2.80,0,0,0,1,1,1,U2 
H4,840,2015,100199,      1.23,      1.23,      1.23,      1.23,0,0,1,0,1,1,U2 
H4,840,2015,100210,      0.00,      0.00,      0.00,      0.00,0,1,0,0,1,1,U2 
H4,840,2015,100290,      0.00,      0.00,      0.00,      0.00,0,1,0,0,1,1,U2 
H4,840,2015,100310,      0.36,      0.36,      0.36,      0.36,0,0,1,0,1,1,U2 
H4,840,2015,100390,      0.93,      0.37,      0.56,      0.46,0,0,2,0,2,2,U2 
H4,840,2015,100410,      0.00,      0.00,      0.00,      0.00,0,1,0,0,1,1,U2 
H4,840,2015,100490,      0.00,      0.00,      0.00,      0.00,0,1,0,0,1,1,U2 
H4,840,2015,100510,      0.00,      0.00,      0.00,      0.00,0,1,0,0,1,1,U2 
H4,840,2015,100590,      1.19,      0.20,      0.99,      0.60,0,0,2,0,2,2,U2 
H4,840,2015,100610,      3.57,      3.57,      3.57,      3.57,0,0,1,0,1,1,U2 
H4,840,2015,100620,      3.72,      1.05,      2.66,      1.86,0,0,2,0,2,2,U2 
H4,840,2015,100630,     13.01,      1.81,     11.20,      6.51,0,0,1,1,2,2,U2 
H4,840,2015,100640,      1.05,      1.05,      1.05,      1.05,0,0,1,0,1,1,U2 
H4,840,2015,100710,      0.34,      0.34,      0.34,      0.34,0,0,1,0,1,1,U2 
H4,840,2015,100790,      0.79,      0.79,      0.79,      0.79,0,0,1,0,1,1,U2 
H4,840,2015,100810,      0.00,      0.00,      0.00,      0.00,0,1,0,0,1,1,U2 
H4,840,2015,100821,      0.55,      0.55,      0.55,      0.55,0,0,1,0,1,1,U2 
H4,840,2015,100829,      0.60,      0.60,      0.60,      0.60,0,0,1,0,1,1,U2 
H4,840,2015,100830,      0.17,      0.17,      0.17,      0.17,0,0,1,0,1,1,U2 
H4,840,2015,100840,      1.10,      1.10,      1.10,      1.10,0,0,0,1,1,1,U2 
H4,840,2015,100850,      1.10,      1.10,      1.10,      1.10,0,0,0,1,1,1,U2 
H4,840,2015,100860,      1.10,      1.10,      1.10,      1.10,0,0,0,1,1,1,U2 
H4,840,2015,100890,      1.10,      1.10,      1.10,      1.10,0,0,0,1,1,1,U2 
H4,840,2015,110100,      1.40,      1.40,      1.40,      1.40,0,0,1,0,1,1,U2 
H4,840,2015,110220,      0.51,      0.51,      0.51,      0.51,0,0,1,0,1,1,U2 
H4,840,2015,110290,     22.24,      0.00,     12.80,      4.45,0,1,2,2,5,5,U2 
H4,840,2015,110311,      0.95,      0.95,      0.95,      0.95,0,0,1,0,1,1,U2 
H4,840,2015,110313,      0.71,      0.71,      0.71,      0.71,0,0,1,0,1,1,U2 
H4,840,2015,110319,     10.60,      0.16,      9.00,      3.53,0,0,2,1,3,3,U2 
H4,840,2015,110320,      0.00,      0.00,      0.00,      0.00,0,1,0,0,1,1,U2 
H4,840,2015,110412,      1.41,      1.41,      1.41,      1.41,0,0,1,0,1,1,U2 
H4,840,2015,110419,      5.28,      0.97,      4.31,      2.64,0,0,2,0,2,2,U2 
H4,840,2015,110422,      0.50,      0.50,      0.50,      0.50,0,0,0,1,1,1,U2 
H4,840,2015,110423,      1.00,      1.00,      1.00,      1.00,0,0,1,0,1,1,U2 
H4,840,2015,110429,      3.90,      1.20,      2.70,      1.95,0,0,0,2,2,2,U2 
H4,840,2015,110430,      4.50,      4.50,      4.50,      4.50,0,0,0,1,1,1,U2 
H4,840,2015,110510,      1.53,      1.53,      1.53,      1.53,0,0,1,0,1,1,U2 
H4,840,2015,110520,      0.97,      0.97,      0.97,      0.97,0,0,1,0,1,1,U2 
H4,840,2015,110610,      8.30,      8.30,      8.30,      8.30,0,0,0,1,1,1,U2 
H4,840,2015,110620,      8.30,      0.00,      8.30,      4.15,0,1,0,1,2,2,U2 
H4,840,2015,110630,     12.40,      2.80,      9.60,      6.20,0,0,0,2,2,2,U2 
H4,840,2015,110710,      0.54,      0.54,      0.54,      0.54,0,0,1,0,1,1,U2 
H4,840,2015,110720,      0.53,      0.53,      0.53,      0.53,0,0,1,0,1,1,U2 
H4,840,2015,110811,      1.16,      1.16,      1.16,      1.16,0,0,1,0,1,1,U2 
H4,840,2015,110812,      0.83,      0.83,      0.83,      0.83,0,0,1,0,1,1,U2 
H4,840,2015,110813,      0.75,      0.75,      0.75,      0.75,0,0,1,0,1,1,U2 
H4,840,2015,110814,      0.00,      0.00,      0.00,      0.00,0,1,0,0,1,1,U2 
H4,840,2015,110819,      0.00,      0.00,      0.00,      0.00,0,1,0,0,1,1,U2 
H4,840,2015,110820,      2.60,      2.60,      2.60,      2.60,0,0,0,1,1,1,U2 
H4,840,2015,110900,      8.60,      1.80,      6.80,      4.30,0,0,0,2,2,2,U2 
H4,840,2015,120110,      0.00,      0.00,      0.00,      0.00,0,1,0,0,1,1,U2 
H4,840,2015,120190,      0.00,      0.00,      0.00,      0.00,0,1,0,0,1,1,U2 
H4,840,2015,120230,    140.04,      4.12,    131.80,     46.68,0,0,2,1,3,3,U2 
H4,840,2015,120241,    174.19,      5.19,    163.80,     58.06,0,0,2,1,3,3,U2 
H4,840,2015,120242,    140.54,      4.37,    131.80,     46.85,0,0,2,1,3,3,U2 
H4,840,2015,120300,      0.00,      0.00,      0.00,      0.00,0,1,0,0,1,1,U2 
H4,840,2015,120400,      0.60,      0.60,      0.60,      0.60,0,0,1,0,1,1,U2 
H4,840,2015,120510,      1.10,      1.10,      1.10,      1.10,0,0,1,0,1,1,U2 
H4,840,2015,120590,      1.27,      1.27,      1.27,      1.27,0,0,1,0,1,1,U2 
H4,840,2015,120600,      0.00,      0.00,      0.00,      0.00,0,1,0,0,1,1,U2 
H4,840,2015,120710,      0.00,      0.00,      0.00,      0.00,0,1,0,0,1,1,U2 
H4,840,2015,120721,      1.13,      1.13,      1.13,      1.13,0,0,1,0,1,1,U2 
H4,840,2015,120729,      1.28,      1.28,      1.28,      1.28,0,0,1,0,1,1,U2 
H4,840,2015,120730,      0.00,      0.00,      0.00,      0.00,0,1,0,0,1,1,U2 
H4,840,2015,120740,      0.00,      0.00,      0.00,      0.00,0,1,0,0,1,1,U2 
H4,840,2015,120750,      0.00,      0.00,      0.00,      0.00,0,1,0,0,1,1,U2 
H4,840,2015,120760,      0.00,      0.00,      0.00,      0.00,0,1,0,0,1,1,U2 
H4,840,2015,120770,      0.13,      0.13,      0.13,      0.13,0,0,1,0,1,1,U2 
H4,840,2015,120791,      0.02,      0.02,      0.02,      0.02,0,0,1,0,1,1,U2 
H4,840,2015,120799,      0.00,      0.00,      0.00,      0.00,0,1,0,0,1,1,U2 
H4,840,2015,120810,      1.90,      1.90,      1.90,      1.90,0,0,0,1,1,1,U2 
H4,840,2015,120890,      1.40,      1.40,      1.40,      1.40,0,0,0,1,1,1,U2 
H4,840,2015,120910,      0.00,      0.00,      0.00,      0.00,0,1,0,0,1,1,U2 
H4,840,2015,120921,      0.38,      0.38,      0.38,      0.38,0,0,1,0,1,1,U2 
H4,840,2015,120922,      0.56,      0.00,      0.56,      0.28,0,1,1,0,2,2,U2 
H4,840,2015,120923,      0.00,      0.00,      0.00,      0.00,0,1,0,0,1,1,U2 
H4,840,2015,120924,      0.34,      0.34,      0.34,      0.34,0,0,1,0,1,1,U2 
H4,840,2015,120925,      0.75,      0.75,      0.75,      0.75,0,0,1,0,1,1,U2 
H4,840,2015,120929,      0.00,      0.00,      0.00,      0.00,0,2,0,0,2,2,U2 
H4,840,2015,120930,      0.02,      0.02,      0.02,      0.02,0,0,1,0,1,1,U2 
H4,840,2015,120991,      0.31,      0.00,      0.22,      0.05,0,3,3,0,6,6,U2 
H4,840,2015,120999,      0.11,      0.00,      0.11,      0.05,0,1,1,0,2,2,U2 
H4,840,2015,121010,      1.71,      1.71,      1.71,      1.71,0,0,1,0,1,1,U2 
H4,840,2015,121020,      1.60,      1.60,      1.60,      1.60,0,0,1,0,1,1,U2 
H4,840,2015,121120,      0.00,      0.00,      0.00,      0.00,0,1,0,0,1,1,U2 
H4,840,2015,121130,      0.00,      0.00,      0.00,      0.00,0,1,0,0,1,1,U2 
H4,840,2015,121140,      0.00,      0.00,      0.00,      0.00,0,1,0,0,1,1,U2 
H4,840,2015,121190,      6.38,      0.00,      4.80,      1.59,0,2,1,1,4,4,U2 
H4,840,2015,121221,      0.00,      0.00,      0.00,      0.00,0,1,0,0,1,1,U2 
H4,840,2015,121229,      0.00,      0.00,      0.00,      0.00,0,1,0,0,1,1,U2 
H4,840,2015,121291,      0.51,      0.51,      0.51,      0.51,0,0,1,0,1,1,U2 
H4,840,2015,121292,      0.00,      0.00,      0.00,      0.00,0,1,0,0,1,1,U2 
H4,840,2015,121293,      1.83,      1.83,      1.83,      1.83,0,0,1,0,1,1,U2 
H4,840,2015,121294,      0.00,      0.00,      0.00,      0.00,0,1,0,0,1,1,U2 
H4,840,2015,121299,      1.71,      0.00,      1.71,      0.57,0,2,1,0,3,3,U2 
H4,840,2015,121300,      0.00,      0.00,      0.00,      0.00,0,1,0,0,1,1,U2 
H4,840,2015,121410,      1.40,      1.40,      1.40,      1.40,0,0,0,1,1,1,U2 
H4,840,2015,121490,      0.00,      0.00,      0.00,      0.00,0,1,0,0,1,1,U2 
H4,840,2015,130120,      0.00,      0.00,      0.00,      0.00,0,1,0,0,1,1,U2 
H4,840,2015,130190,      1.30,      0.00,      1.30,      0.65,0,1,0,1,2,2,U2 
H4,840,2015,130211,      0.00,      0.00,      0.00,      0.00,0,1,0,0,1,1,U2 
H4,840,2015,130212,      3.80,      3.80,      3.80,      3.80,0,0,0,1,1,1,U2 
H4,840,2015,130213,     19.07,     19.07,     19.07,     19.07,0,0,1,0,1,1,U2 
H4,840,2015,130219,      1.00,      0.00,      1.00,      0.33,0,2,0,1,3,3,U2 
H4,840,2015,130220,      0.00,      0.00,      0.00,      0.00,0,1,0,0,1,1,U2 
H4,840,2015,130231,      0.00,      0.00,      0.00,      0.00,0,1,0,0,1,1,U2 
H4,840,2015,130232,      0.00,      0.00,      0.00,      0.00,0,1,0,0,1,1,U2 
H4,840,2015,130239,      3.20,      3.20,      3.20,      3.20,0,0,0,1,1,1,U2 
H4,840,2015,140110,      0.00,      0.00,      0.00,      0.00,0,1,0,0,1,1,U2 
H4,840,2015,140120,      2.00,      0.00,      2.00,      1.00,0,1,0,1,2,2,U2 
H4,840,2015,140190,      7.60,      3.20,      4.40,      3.80,0,0,0,2,2,2,U2 
H4,840,2015,140420,      0.00,      0.00,      0.00,      0.00,0,1,0,0,1,1,U2 
H4,840,2015,140490,      5.10,      0.00,      2.30,      1.02,0,2,2,1,5,5,U2 
H4,840,2015,150110,      3.68,      3.68,      3.68,      3.68,0,0,1,0,1,1,U2 
H4,840,2015,150120,      4.14,      4.14,      4.14,      4.14,0,0,1,0,1,1,U2 
H4,840,2015,150190,      3.26,      3.26,      3.26,      3.26,0,0,1,0,1,1,U2 
H4,840,2015,150210,      0.56,      0.56,      0.56,      0.56,0,0,1,0,1,1,U2 
H4,840,2015,150290,      0.50,      0.50,      0.50,      0.50,0,0,1,0,1,1,U2 
H4,840,2015,150300,      1.80,      1.80,      1.80,      1.80,0,0,1,0,1,1,U2 
H4,840,2015,150410,      2.50,      0.00,      2.50,      1.25,0,1,0,1,2,2,U2 
H4,840,2015,150420,      6.12,      0.00,      5.67,      2.04,0,1,2,0,3,3,U2 
H4,840,2015,150430,      5.31,      5.31,      5.31,      5.31,0,0,1,0,1,1,U2 
H4,840,2015,150500,      2.58,      0.18,      2.40,      1.29,0,0,1,1,2,2,U2 
H4,840,2015,150600,      2.30,      2.30,      2.30,      2.30,0,0,0,1,1,1,U2 
H4,840,2015,150710,     19.10,     19.10,     19.10,     19.10,0,0,0,1,1,1,U2 
H4,840,2015,150790,     19.10,      0.00,     19.10,      9.55,0,1,0,1,2,2,U2 
H4,840,2015,150810,      5.31,      5.31,      5.31,      5.31,0,0,1,0,1,1,U2 
H4,840,2015,150890,      3.69,      3.69,      3.69,      3.69,0,0,1,0,1,1,U2 
H4,840,2015,150910,      2.18,      0.88,      1.30,      1.09,0,0,2,0,2,2,U2 
H4,840,2015,150990,      2.42,      0.98,      1.44,      1.21,0,0,2,0,2,2,U2 
H4,840,2015,151000,      4.53,      0.00,      2.70,      1.51,0,1,2,0,3,3,U2 
H4,840,2015,151110,      0.00,      0.00,      0.00,      0.00,0,1,0,0,1,1,U2 
H4,840,2015,151190,      0.00,      0.00,      0.00,      0.00,0,1,0,0,1,1,U2 
H4,840,2015,151211,      4.95,      4.95,      4.95,      4.95,0,0,1,0,1,1,U2 
H4,840,2015,151219,      4.68,      4.68,      4.68,      4.68,0,0,1,0,1,1,U2 
H4,840,2015,151221,      3.68,      3.68,      3.68,      3.68,0,0,1,0,1,1,U2 
H4,840,2015,151229,      4.74,      4.74,      4.74,      4.74,0,0,1,0,1,1,U2 
H4,840,2015,151311,      0.00,      0.00,      0.00,      0.00,0,1,0,0,1,1,U2 
H4,840,2015,151319,      0.00,      0.00,      0.00,      0.00,0,1,0,0,1,1,U2 
H4,840,2015,151321,      0.00,      0.00,      0.00,      0.00,0,1,0,0,1,1,U2 
H4,840,2015,151329,      0.00,      0.00,      0.00,      0.00,0,1,0,0,1,1,U2 
H4,840,2015,151411,      6.40,      6.40,      6.40,      6.40,0,0,0,1,1,1,U2 
H4,840,2015,151419,      6.40,      6.40,      6.40,      6.40,0,0,0,1,1,1,U2 
H4,840,2015,151491,      6.40,      0.00,      6.40,      3.20,0,1,0,1,2,2,U2 
H4,840,2015,151499,      7.36,      0.00,      6.40,      2.45,0,1,1,1,3,3,U2 
H4,840,2015,151511,      4.63,      4.63,      4.63,      4.63,0,0,1,0,1,1,U2 
H4,840,2015,151519,      4.55,      4.55,      4.55,      4.55,0,0,1,0,1,1,U2 
H4,840,2015,151521,      3.40,      3.40,      3.40,      3.40,0,0,0,1,1,1,U2 
H4,840,2015,151529,      3.40,      3.40,      3.40,      3.40,0,0,0,1,1,1,U2 
H4,840,2015,151530,      0.00,      0.00,      0.00,      0.00,0,1,0,0,1,1,U2 
H4,840,2015,151550,      0.15,      0.15,      0.15,      0.15,0,0,1,0,1,1,U2 
H4,840,2015,151590,      5.50,      0.00,      3.20,      1.83,0,1,0,2,3,3,U2 
H4,840,2015,151610,      2.44,      2.44,      2.44,      2.44,0,0,1,0,1,1,U2 
H4,840,2015,151620,     13.60,      5.90,      7.70,      6.80,0,0,1,1,2,2,U2 
H4,840,2015,151710,      7.80,      7.80,      7.80,      7.80,0,0,1,0,1,1,U2 
H4,840,2015,151790,     65.03,      5.28,     20.53,     10.84,0,0,4,2,6,6,U2 
H4,840,2015,151800,     15.46,      7.46,      8.00,      7.73,0,0,1,1,2,2,U2 
H4,840,2015,152000,      0.00,      0.00,      0.00,      0.00,0,1,0,0,1,1,U2 
H4,840,2015,152110,      0.00,      0.00,      0.00,      0.00,0,1,0,0,1,1,U2 
H4,840,2015,152190,      4.80,      0.00,      4.80,      2.40,0,1,0,1,2,2,U2 
H4,840,2015,152200,      3.80,      3.80,      3.80,      3.80,0,0,0,1,1,1,U2 
H4,840,2015,160100,      6.76,      0.16,      3.40,      2.25,0,0,1,2,3,3,U2 
H4,840,2015,160210,      1.90,      1.90,      1.90,      1.90,0,0,0,1,1,1,U2 
H4,840,2015,160220,      4.11,      0.91,      3.20,      2.06,0,0,1,1,2,2,U2 
H4,840,2015,160231,      6.40,      6.40,      6.40,      6.40,0,0,0,1,1,1,U2 
H4,840,2015,160232,      6.40,      6.40,      6.40,      6.40,0,0,0,1,1,1,U2 
H4,840,2015,160239,      6.40,      6.40,      6.40,      6.40,0,0,0,1,1,1,U2 
H4,840,2015,160241,      7.52,      0.23,      6.40,      2.51,0,0,2,1,3,3,U2 
H4,840,2015,160242,      1.63,      0.41,      1.22,      0.82,0,0,2,0,2,2,U2 
H4,840,2015,160249,     13.85,      0.26,      6.40,      2.77,0,0,2,3,5,5,U2 
H4,840,2015,160250,     12.50,      0.00,      4.50,      2.08,0,1,0,5,6,6,U2 
H4,840,2015,160290,      9.10,      2.70,      6.40,      4.55,0,0,0,2,2,2,U2 
H4,840,2015,160300,      8.50,      0.00,      8.50,      4.25,0,1,0,1,2,2,U2 
H4,840,2015,160411,      6.00,      0.00,      6.00,      3.00,0,1,0,1,2,2,U2 
H4,840,2015,160412,      4.00,      0.00,      4.00,      1.33,0,2,0,1,3,3,U2 
H4,840,2015,160413,     38.10,      0.00,     20.00,      7.62,0,2,0,3,5,5,U2 
H4,840,2015,160414,     70.61,      0.21,     35.00,     10.09,0,0,1,6,7,7,U2 
H4,840,2015,160415,      3.00,      3.00,      3.00,      3.00,0,0,0,1,1,1,U2 
H4,840,2015,160416,      5.00,      0.00,      5.00,      1.67,0,2,0,1,3,3,U2 
H4,840,2015,160417,     27.50,      0.00,     10.00,      5.50,0,1,0,4,5,5,U2 
H4,840,2015,160419,     40.50,      0.00,     10.00,      5.06,0,1,0,7,8,8,U2 
H4,840,2015,160420,     27.50,      0.00,     10.00,      3.06,0,6,0,3,9,9,U2 
H4,840,2015,160431,     15.00,     15.00,     15.00,     15.00,0,0,0,1,1,1,U2 
H4,840,2015,160432,      0.00,      0.00,      0.00,      0.00,0,2,0,0,2,2,U2 
H4,840,2015,160510,     15.00,      0.00,     10.00,      3.75,0,2,0,2,4,4,U2 
H4,840,2015,160521,      5.00,      0.00,      5.00,      2.50,0,1,0,1,2,2,U2 
H4,840,2015,160529,      5.00,      0.00,      5.00,      2.50,0,1,0,1,2,2,U2 
H4,840,2015,160530,     10.00,      0.00,     10.00,      5.00,0,1,0,1,2,2,U2 
H4,840,2015,160540,      0.00,      0.00,      0.00,      0.00,0,2,0,0,2,2,U2 
H4,840,2015,160551,      4.70,      0.00,      4.70,      1.57,0,2,0,1,3,3,U2 
H4,840,2015,160552,      0.00,      0.00,      0.00,      0.00,0,2,0,0,2,2,U2 
H4,840,2015,160553,      0.00,      0.00,      0.00,      0.00,0,2,0,0,2,2,U2 
H4,840,2015,160554,      0.00,      0.00,      0.00,      0.00,0,2,0,0,2,2,U2 
H4,840,2015,160555,      0.00,      0.00,      0.00,      0.00,0,2,0,0,2,2,U2 
H4,840,2015,160556,     10.00,      0.00,     10.00,      1.67,0,5,0,1,6,6,U2 
H4,840,2015,160557,      0.00,      0.00,      0.00,      0.00,0,2,0,0,2,2,U2 
H4,840,2015,160558,      5.00,      0.00,      5.00,      2.50,0,1,0,1,2,2,U2 
H4,840,2015,160559,      0.00,      0.00,      0.00,      0.00,0,2,0,0,2,2,U2 
H4,840,2015,160561,      0.00,      0.00,      0.00,      0.00,0,1,0,0,1,1,U2 
H4,840,2015,160562,      0.00,      0.00,      0.00,      0.00,0,1,0,0,1,1,U2 
H4,840,2015,160563,      0.00,      0.00,      0.00,      0.00,0,1,0,0,1,1,U2 
H4,840,2015,160569,      0.00,      0.00,      0.00,      0.00,0,1,0,0,1,1,U2 
H4,840,2015,170112,     50.29,     50.29,     50.29,     50.29,2,0,1,0,1,3,U2 
H4,840,2015,170113,     35.23,     35.23,     35.23,     35.23,3,0,1,0,1,4,U2 
H4,840,2015,170114,     74.03,     74.03,     74.03,     74.03,3,0,1,0,1,4,U2 
H4,840,2015,170191,    105.95,      5.10,     26.92,     13.24,2,0,3,5,8,10,U2 
H4,840,2015,170199,     52.32,     52.32,     52.32,     52.32,2,0,1,0,1,3,U2 
H4,840,2015,170211,      6.40,      6.40,      6.40,      6.40,0,0,0,1,1,1,U2 
H4,840,2015,170219,      6.40,      6.40,      6.40,      6.40,0,0,0,1,1,1,U2 
H4,840,2015,170220,     19.61,      0.00,      7.61,      4.90,0,1,1,2,4,4,U2 
H4,840,2015,170230,     51.39,      3.95,     35.44,     12.85,0,0,2,2,4,4,U2 
H4,840,2015,170240,     97.26,      5.10,     80.16,     24.32,0,0,1,3,4,4,U2 
H4,840,2015,170250,      9.60,      9.60,      9.60,      9.60,0,0,0,1,1,1,U2 
H4,840,2015,170260,     66.49,      5.10,     49.39,     16.62,0,0,1,3,4,4,U2 
H4,840,2015,170290,    140.56,      3.54,     37.90,     15.62,2,0,5,4,9,11,U2 
H4,840,2015,170310,,,,,2,0,0,0,0,2,U2 
H4,840,2015,170390,,,,,2,0,0,0,0,2,U2 
H4,840,2015,170410,      4.00,      4.00,      4.00,      4.00,0,0,0,1,1,1,U2 
H4,840,2015,170490,    134.59,      0.00,     21.76,     12.24,0,1,3,7,11,11,U2 
H4,840,2015,180100,      0.00,      0.00,      0.00,      0.00,0,1,0,0,1,1,U2 
H4,840,2015,180200,      0.00,      0.00,      0.00,      0.00,0,1,0,0,1,1,U2 
H4,840,2015,180310,      0.00,      0.00,      0.00,      0.00,0,1,0,0,1,1,U2 
H4,840,2015,180320,      0.09,      0.09,      0.09,      0.09,0,0,1,0,1,1,U2 
H4,840,2015,180400,      0.00,      0.00,      0.00,      0.00,0,1,0,0,1,1,U2 
H4,840,2015,180500,      0.18,      0.18,      0.18,      0.18,0,0,1,0,1,1,U2 
H4,840,2015,180610,    145.96,      0.00,     18.50,     11.23,0,2,5,6,13,13,U2 
H4,840,2015,180620,    357.33,      0.00,     24.90,     12.76,0,1,12,15,28,28,U2 
H4,840,2015,180631,      5.60,      5.60,      5.60,      5.60,0,0,0,1,1,1,U2 
H4,840,2015,180632,    113.84,      4.30,     14.87,      8.76,0,0,6,7,13,13,U2 
H4,840,2015,180690,    151.41,      3.50,     15.26,      8.91,0,0,9,8,17,17,U2 
H4,840,2015,190110,    255.13,     14.90,     30.08,     21.26,0,0,4,8,12,12,U2 
H4,840,2015,190120,    271.74,      8.50,     29.12,     16.98,0,0,6,10,16,16,U2 
H4,840,2015,190190,    347.48,      0.00,     56.37,     17.37,1,1,6,13,20,21,U2 
H4,840,2015,190211,      6.40,      0.00,      6.40,      3.20,0,1,0,1,2,2,U2 
H4,840,2015,190219,      6.40,      0.00,      6.40,      3.20,0,1,0,1,2,2,U2 
H4,840,2015,190220,      6.40,      6.40,      6.40,      6.40,0,0,0,1,1,1,U2 
H4,840,2015,190230,      6.40,      6.40,      6.40,      6.40,0,0,0,1,1,1,U2 
H4,840,2015,190240,      6.40,      6.40,      6.40,      6.40,0,0,0,1,1,1,U2 
H4,840,2015,190300,      0.71,      0.00,      0.71,      0.35,0,1,1,0,2,2,U2 
H4,840,2015,190410,      1.10,      1.10,      1.10,      1.10,0,0,0,1,1,1,U2 
H4,840,2015,190420,     20.50,      5.60,     14.90,     10.25,0,0,0,2,2,2,U2 
H4,840,2015,190430,     14.00,     14.00,     14.00,     14.00,0,0,0,1,1,1,U2 
H4,840,2015,190490,     14.00,     14.00,     14.00,     14.00,0,0,0,1,1,1,U2 
H4,840,2015,190510,      0.00,      0.00,      0.00,      0.00,0,1,0,0,1,1,U2 
H4,840,2015,190520,      0.00,      0.00,      0.00,      0.00,0,1,0,0,1,1,U2 
H4,840,2015,190531,      0.00,      0.00,      0.00,      0.00,0,1,0,0,1,1,U2 
H4,840,2015,190532,      0.00,      0.00,      0.00,      0.00,0,1,0,0,1,1,U2 
H4,840,2015,190540,      0.00,      0.00,      0.00,      0.00,0,1,0,0,1,1,U2 
H4,840,2015,190590,      4.50,      0.00,      4.50,      2.25,0,1,0,1,2,2,U2 
H4,840,2015,200110,      9.60,      9.60,      9.60,      9.60,0,0,0,1,1,1,U2 
H4,840,2015,200190,     92.29,      0.86,     14.00,      7.10,0,0,3,10,13,13,U2 
H4,840,2015,200210,     12.50,     12.50,     12.50,     12.50,0,0,0,1,1,1,U2 
H4,840,2015,200290,     23.20,     11.60,     11.60,     11.60,0,0,0,2,2,2,U2 
H4,840,2015,200310,     11.37,     11.37,     11.37,     11.37,0,0,1,0,1,1,U2 
H4,840,2015,200390,     10.55,      0.00,     10.55,      5.27,0,1,1,0,2,2,U2 
H4,840,2015,200410,     14.40,      6.40,      8.00,      7.20,0,0,0,2,2,2,U2 
H4,840,2015,200490,     15.41,      1.01,     11.20,      5.14,0,0,1,2,3,3,U2 
H4,840,2015,200510,     11.20,     11.20,     11.20,     11.20,0,0,0,1,1,1,U2 
H4,840,2015,200520,      6.40,      6.40,      6.40,      6.40,0,0,0,1,1,1,U2 
H4,840,2015,200540,      0.00,      0.00,      0.00,      0.00,0,1,0,0,1,1,U2 
H4,840,2015,200551,      3.23,      1.35,      1.88,      1.62,0,0,2,0,2,2,U2 
H4,840,2015,200559,      1.15,      1.15,      1.15,      1.15,0,0,1,0,1,1,U2 
H4,840,2015,200560,     14.90,     14.90,     14.90,     14.90,0,0,0,1,1,1,U2 
H4,840,2015,200570,     50.94,      1.80,      4.91,      3.18,0,0,16,0,16,16,U2 
H4,840,2015,200580,      5.60,      5.60,      5.60,      5.60,0,0,0,1,1,1,U2 
H4,840,2015,200591,     11.20,      0.00,     11.20,      5.60,0,1,0,1,2,2,U2 
H4,840,2015,200599,     65.25,      0.00,     14.90,      7.25,0,1,1,7,9,9,U2 
H4,840,2015,200600,     55.43,      1.71,     16.00,      7.92,0,0,2,5,7,7,U2 
H4,840,2015,200710,     12.00,     12.00,     12.00,     12.00,0,0,0,1,1,1,U2 
H4,840,2015,200791,     19.20,      3.50,     11.20,      6.40,0,0,0,3,3,3,U2 
H4,840,2015,200799,     83.90,      0.00,     14.00,      5.24,0,1,0,15,16,16,U2 
H4,840,2015,200811,    404.97,      0.00,    131.80,     45.00,0,2,4,3,9,9,U2 
H4,840,2015,200819,     56.15,      0.00,     22.40,      6.24,0,1,4,4,9,9,U2 
H4,840,2015,200820,      0.30,      0.30,      0.30,      0.30,0,0,1,0,1,1,U2 
H4,840,2015,200830,     76.38,      0.00,     14.00,      4.77,0,1,10,5,16,16,U2 
H4,840,2015,200840,     15.30,     15.30,     15.30,     15.30,0,0,0,1,1,1,U2 
H4,840,2015,200850,     39.80,     10.00,     29.80,     19.90,0,0,0,2,2,2,U2 
H4,840,2015,200860,      7.67,      7.67,      7.67,      7.67,0,0,1,0,1,1,U2 
H4,840,2015,200870,     33.00,     16.00,     17.00,     16.50,0,0,0,2,2,2,U2 
H4,840,2015,200880,     11.90,     11.90,     11.90,     11.90,0,0,0,1,1,1,U2 
H4,840,2015,200891,      0.90,      0.90,      0.90,      0.90,0,0,0,1,1,1,U2 
H4,840,2015,200893,      4.50,      4.50,      4.50,      4.50,0,0,0,1,1,1,U2 
H4,840,2015,200897,     20.50,      5.60,     14.90,     10.25,0,0,0,2,2,2,U2 
H4,840,2015,200899,    134.73,      0.00,     22.40,      5.86,0,2,3,18,23,23,U2 
H4,840,2015,200911,,,,,1,0,0,0,0,1,U2 
H4,840,2015,200912,,,,,2,0,0,0,0,2,U2 
H4,840,2015,200919,,,,,1,0,0,0,0,1,U2 
H4,840,2015,200921,,,,,2,0,0,0,0,2,U2 
H4,840,2015,200929,,,,,1,0,0,0,0,1,U2 
H4,840,2015,200931,      1.30,      1.30,      1.30,      1.30,3,0,1,0,1,4,U2 
H4,840,2015,200939,      0.62,      0.62,      0.62,      0.62,2,0,1,0,1,3,U2 
H4,840,2015,200941,,,,,2,0,0,0,0,2,U2 
H4,840,2015,200949,,,,,2,0,0,0,0,2,U2 
H4,840,2015,200950,,,,,1,0,0,0,0,1,U2 
H4,840,2015,200961,,,,,1,0,0,0,0,1,U2 
H4,840,2015,200969,,,,,1,0,0,0,0,1,U2 
H4,840,2015,200971,      0.00,      0.00,      0.00,      0.00,0,1,0,0,1,1,U2 
H4,840,2015,200979,      0.00,      0.00,      0.00,      0.00,0,1,0,0,1,1,U2 
H4,840,2015,200981,,,,,1,0,0,0,0,1,U2 
H4,840,2015,200989,      0.00,      0.00,      0.00,      0.00,3,1,0,0,1,4,U2 
H4,840,2015,200990,,,,,2,0,0,0,0,2,U2 
H4,840,2015,210111,      0.00,      0.00,      0.00,      0.00,0,2,0,0,2,2,U2 
H4,840,2015,210112,     89.74,      8.50,     13.75,     11.22,0,0,3,5,8,8,U2 
H4,840,2015,210120,     98.79,      0.00,     16.76,     10.98,0,1,3,5,9,9,U2 
H4,840,2015,210130,      0.59,      0.59,      0.59,      0.59,0,0,1,0,1,1,U2 
H4,840,2015,210210,      6.40,      6.40,      6.40,      6.40,0,0,0,1,1,1,U2 
H4,840,2015,210220,      9.60,      0.00,      6.40,      3.20,0,1,0,2,3,3,U2 
H4,840,2015,210230,      0.00,      0.00,      0.00,      0.00,0,1,0,0,1,1,U2 
H4,840,2015,210310,      3.00,      3.00,      3.00,      3.00,0,0,0,1,1,1,U2 
H4,840,2015,210320,     17.60,      6.00,     11.60,      8.80,0,0,0,2,2,2,U2 
H4,840,2015,210330,      1.57,      0.00,      1.57,      0.79,0,1,1,0,2,2,U2 
H4,840,2015,210390,     49.61,      0.00,     18.61,      7.09,0,1,1,5,7,7,U2 
H4,840,2015,210410,      3.20,      3.20,      3.20,      3.20,0,0,0,1,1,1,U2 
H4,840,2015,210420,      2.50,      2.50,      2.50,      2.50,0,0,0,1,1,1,U2 
H4,840,2015,210500,    165.18,     17.00,     34.09,     23.60,0,0,2,5,7,7,U2 
H4,840,2015,210610,      6.40,      6.40,      6.40,      6.40,0,0,0,1,1,1,U2 
H4,840,2015,210690,    418.82,      0.00,     43.31,     10.74,3,1,25,13,39,42,U2 
H4,840,2015,220110,      0.81,      0.81,      0.81,      0.81,0,0,1,0,1,1,U2 
H4,840,2015,220190,      0.00,      0.00,      0.00,      0.00,0,1,0,0,1,1,U2 
H4,840,2015,220210,      0.21,      0.21,      0.21,      0.21,0,0,1,0,1,1,U2 
H4,840,2015,220290,     95.64,      0.16,     33.63,     13.66,2,0,4,3,7,9,U2 
H4,840,2015,220300,      0.00,      0.00,      0.00,      0.00,0,1,0,0,1,1,U2 
H4,840,2015,220410,      2.30,      2.30,      2.30,      2.30,0,0,1,0,1,1,U2 
H4,840,2015,220421,     11.97,      1.16,      4.34,      2.39,0,0,5,0,5,5,U2 
H4,840,2015,220429,     67.83,      8.48,     22.61,     16.96,0,0,4,0,4,4,U2 
H4,840,2015,220430,      9.98,      9.98,      9.98,      9.98,0,0,1,0,1,1,U2 
H4,840,2015,220510,      2.94,      1.33,      1.60,      1.47,0,0,2,0,2,2,U2 
H4,840,2015,220590,      8.04,      2.45,      2.94,      2.68,0,0,3,0,3,3,U2 
H4,840,2015,220600,     23.78,      0.28,      9.88,      4.76,0,0,5,0,5,5,U2 
H4,840,2015,220710,     12.30,      2.50,      9.80,      6.15,0,0,1,1,2,2,U2 
H4,840,2015,220720,      1.90,      1.90,      1.90,      1.90,0,0,0,1,1,1,U2 
H4,840,2015,220820,      0.00,      0.00,      0.00,      0.00,0,6,0,0,6,6,U2 
H4,840,2015,220830,      0.00,      0.00,      0.00,      0.00,0,2,0,0,2,2,U2 
H4,840,2015,220840,      2.63,      0.00,      1.32,      0.66,0,2,2,0,4,4,U2 
H4,840,2015,220850,      0.00,      0.00,      0.00,      0.00,0,1,0,0,1,1,U2 
H4,840,2015,220860,      0.00,      0.00,      0.00,      0.00,0,3,0,0,3,3,U2 
H4,840,2015,220870,      0.00,      0.00,      0.00,      0.00,0,1,0,0,1,1,U2 
H4,840,2015,220890,      1.18,      0.00,      1.18,      0.07,0,17,1,0,18,18,U2 
H4,840,2015,220900,      0.15,      0.15,      0.15,      0.15,0,0,1,0,1,1,U2 
H4,840,2015,230110,      0.00,      0.00,      0.00,      0.00,0,1,0,0,1,1,U2 
H4,840,2015,230120,      0.00,      0.00,      0.00,      0.00,0,1,0,0,1,1,U2 
H4,840,2015,230210,      0.00,      0.00,      0.00,      0.00,0,1,0,0,1,1,U2 
H4,840,2015,230230,      0.00,      0.00,      0.00,      0.00,0,1,0,0,1,1,U2 
H4,840,2015,230240,      0.00,      0.00,      0.00,      0.00,0,1,0,0,1,1,U2 
H4,840,2015,230250,      1.40,      1.40,      1.40,      1.40,0,0,0,1,1,1,U2 
H4,840,2015,230310,      1.40,      1.40,      1.40,      1.40,0,0,0,1,1,1,U2 
H4,840,2015,230320,      0.00,      0.00,      0.00,      0.00,0,1,0,0,1,1,U2 
H4,840,2015,230330,      0.00,      0.00,      0.00,      0.00,0,1,0,0,1,1,U2 
H4,840,2015,230400,      0.88,      0.88,      0.88,      0.88,0,0,1,0,1,1,U2 
H4,840,2015,230500,      0.65,      0.65,      0.65,      0.65,0,0,1,0,1,1,U2 
H4,840,2015,230610,      1.02,      1.02,      1.02,      1.02,0,0,1,0,1,1,U2 
H4,840,2015,230620,      0.27,      0.27,      0.27,      0.27,0,0,1,0,1,1,U2 
H4,840,2015,230630,      1.56,      1.56,      1.56,      1.56,0,0,1,0,1,1,U2 
H4,840,2015,230641,      0.53,      0.53,      0.53,      0.53,0,0,1,0,1,1,U2 
H4,840,2015,230649,      0.54,      0.54,      0.54,      0.54,0,0,1,0,1,1,U2 
H4,840,2015,230650,      1.87,      1.87,      1.87,      1.87,0,0,1,0,1,1,U2 
H4,840,2015,230660,      1.86,      1.86,      1.86,      1.86,0,0,1,0,1,1,U2 
H4,840,2015,230690,      1.57,      1.57,      1.57,      1.57,0,0,1,0,1,1,U2 
H4,840,2015,230700,      0.00,      0.00,      0.00,      0.00,0,1,0,0,1,1,U2 
H4,840,2015,230800,      4.70,      0.00,      1.90,      1.17,0,1,0,3,4,4,U2 
H4,840,2015,230910,      0.00,      0.00,      0.00,      0.00,0,1,0,0,1,1,U2 
H4,840,2015,230990,    249.47,      0.00,    107.39,     24.95,0,1,2,7,10,10,U2 
H4,840,2015,240110,    363.19,      0.00,    350.00,     40.35,0,5,3,1,9,9,U2 
H4,840,2015,240120,    807.28,      0.00,    350.00,     53.82,0,7,6,2,15,15,U2 
H4,840,2015,240130,    650.48,      0.00,    350.00,     50.04,0,8,4,1,13,13,U2 
H4,840,2015,240210,     13.25,      2.48,      8.29,      4.42,0,0,3,0,3,3,U2 
H4,840,2015,240220,     17.14,      2.41,      8.63,      5.71,0,0,3,0,3,3,U2 
H4,840,2015,240290,      5.16,      5.16,      5.16,      5.16,0,0,1,0,1,1,U2 
H4,840,2015,240311,      3.20,      3.20,      3.20,      3.20,0,0,1,0,1,1,U2 
H4,840,2015,240319,    355.27,      1.76,    350.00,     88.82,0,0,3,1,4,4,U2 
H4,840,2015,240391,    376.51,      5.18,    350.00,     94.13,0,0,3,1,4,4,U2 
H4,840,2015,240399,    355.46,      1.82,    350.00,     88.87,0,0,3,1,4,4,U2 
H4,840,2015,250100,      0.00,      0.00,      0.00,      0.00,0,1,0,0,1,1,U2 
H4,840,2015,250200,      0.00,      0.00,      0.00,      0.00,0,1,0,0,1,1,U2 
H4,840,2015,250300,      0.00,      0.00,      0.00,      0.00,0,1,0,0,1,1,U2 
H4,840,2015,250410,      0.00,      0.00,      0.00,      0.00,0,2,0,0,2,2,U2 
H4,840,2015,250490,      0.00,      0.00,      0.00,      0.00,0,1,0,0,1,1,U2 
H4,840,2015,250510,      0.00,      0.00,      0.00,      0.00,0,2,0,0,2,2,U2 
H4,840,2015,250590,      0.00,      0.00,      0.00,      0.00,0,1,0,0,1,1,U2 
H4,840,2015,250610,      0.00,      0.00,      0.00,      0.00,0,1,0,0,1,1,U2 
H4,840,2015,250620,      0.00,      0.00,      0.00,      0.00,0,1,0,0,1,1,U2 
H4,840,2015,250700,      0.00,      0.00,      0.00,      0.00,0,1,0,0,1,1,U2 
H4,840,2015,250810,      0.00,      0.00,      0.00,      0.00,0,1,0,0,1,1,U2 
H4,840,2015,250830,      0.00,      0.00,      0.00,      0.00,0,1,0,0,1,1,U2 
H4,840,2015,250840,      0.00,      0.00,      0.00,      0.00,0,1,0,0,1,1,U2 
H4,840,2015,250850,      0.00,      0.00,      0.00,      0.00,0,1,0,0,1,1,U2 
H4,840,2015,250860,      0.00,      0.00,      0.00,      0.00,0,1,0,0,1,1,U2 
H4,840,2015,250870,      0.00,      0.00,      0.00,      0.00,0,1,0,0,1,1,U2 
H4,840,2015,250900,      0.00,      0.00,      0.00,      0.00,0,2,0,0,2,2,U2 
H4,840,2015,251010,      0.00,      0.00,      0.00,      0.00,0,1,0,0,1,1,U2 
H4,840,2015,251020,      0.00,      0.00,      0.00,      0.00,0,1,0,0,1,1,U2 
H4,840,2015,251110,      0.92,      0.00,      0.92,      0.46,0,1,1,0,2,2,U2 
H4,840,2015,251120,      0.00,      0.00,      0.00,      0.00,0,1,0,0,1,1,U2 
H4,840,2015,251200,      0.00,      0.00,      0.00,      0.00,0,1,0,0,1,1,U2 
H4,840,2015,251310,      0.00,      0.00,      0.00,      0.00,0,1,0,0,1,1,U2 
H4,840,2015,251320,      0.00,      0.00,      0.00,      0.00,0,2,0,0,2,2,U2 
H4,840,2015,251400,      0.00,      0.00,      0.00,      0.00,0,1,0,0,1,1,U2 
H4,840,2015,251511,      0.00,      0.00,      0.00,      0.00,0,1,0,0,1,1,U2 
H4,840,2015,251512,      3.00,      0.00,      3.00,      1.50,0,1,0,1,2,2,U2 
H4,840,2015,251520,      3.00,      3.00,      3.00,      3.00,0,0,0,1,1,1,U2 
H4,840,2015,251611,      0.00,      0.00,      0.00,      0.00,0,1,0,0,1,1,U2 
H4,840,2015,251612,      2.80,      2.80,      2.80,      2.80,0,0,0,1,1,1,U2 
H4,840,2015,251620,      3.00,      0.00,      3.00,      1.50,0,1,0,1,2,2,U2 
H4,840,2015,251690,      3.00,      3.00,      3.00,      3.00,0,0,0,1,1,1,U2 
H4,840,2015,251710,      0.00,      0.00,      0.00,      0.00,0,1,0,0,1,1,U2 
H4,840,2015,251720,      0.00,      0.00,      0.00,      0.00,0,1,0,0,1,1,U2 
H4,840,2015,251730,      0.00,      0.00,      0.00,      0.00,0,1,0,0,1,1,U2 
H4,840,2015,251741,      0.00,      0.00,      0.00,      0.00,0,1,0,0,1,1,U2 
H4,840,2015,251749,      0.00,      0.00,      0.00,      0.00,0,1,0,0,1,1,U2 
H4,840,2015,251810,      0.00,      0.00,      0.00,      0.00,0,1,0,0,1,1,U2 
H4,840,2015,251820,      3.00,      3.00,      3.00,      3.00,0,0,0,1,1,1,U2 
H4,840,2015,251830,      0.00,      0.00,      0.00,      0.00,0,1,0,0,1,1,U2 
H4,840,2015,251910,      0.00,      0.00,      0.00,      0.00,0,1,0,0,1,1,U2 
H4,840,2015,251990,      0.00,      0.00,      0.00,      0.00,0,3,0,0,3,3,U2 
H4,840,2015,252010,      0.00,      0.00,      0.00,      0.00,0,1,0,0,1,1,U2 
H4,840,2015,252020,      0.00,      0.00,      0.00,      0.00,0,1,0,0,1,1,U2 
H4,840,2015,252100,      0.00,      0.00,      0.00,      0.00,0,1,0,0,1,1,U2 
H4,840,2015,252210,      0.00,      0.00,      0.00,      0.00,0,1,0,0,1,1,U2 
H4,840,2015,252220,      0.00,      0.00,      0.00,      0.00,0,1,0,0,1,1,U2 
H4,840,2015,252230,      0.00,      0.00,      0.00,      0.00,0,1,0,0,1,1,U2 
H4,840,2015,252310,      0.00,      0.00,      0.00,      0.00,0,1,0,0,1,1,U2 
H4,840,2015,252321,      0.00,      0.00,      0.00,      0.00,0,1,0,0,1,1,U2 
H4,840,2015,252329,      0.00,      0.00,      0.00,      0.00,0,1,0,0,1,1,U2 
H4,840,2015,252330,      0.00,      0.00,      0.00,      0.00,0,1,0,0,1,1,U2 
H4,840,2015,252390,      0.00,      0.00,      0.00,      0.00,0,1,0,0,1,1,U2 
H4,840,2015,252410,      0.00,      0.00,      0.00,      0.00,0,1,0,0,1,1,U2 
H4,840,2015,252490,      0.00,      0.00,      0.00,      0.00,0,1,0,0,1,1,U2 
H4,840,2015,252510,      0.00,      0.00,      0.00,      0.00,0,1,0,0,1,1,U2 
H4,840,2015,252520,      0.00,      0.00,      0.00,      0.00,0,1,0,0,1,1,U2 
H4,840,2015,252530,      0.00,      0.00,      0.00,      0.00,0,1,0,0,1,1,U2 
H4,840,2015,252610,      0.00,      0.00,      0.00,      0.00,0,1,0,0,1,1,U2 
H4,840,2015,252620,      0.00,      0.00,      0.00,      0.00,0,1,0,0,1,1,U2 
H4,840,2015,252800,      0.00,      0.00,      0.00,      0.00,0,1,0,0,1,1,U2 
H4,840,2015,252910,      0.00,      0.00,      0.00,      0.00,0,1,0,0,1,1,U2 
H4,840,2015,252921,      0.00,      0.00,      0.00,      0.00,0,1,0,0,1,1,U2 
H4,840,2015,252922,      0.00,      0.00,      0.00,      0.00,0,1,0,0,1,1,U2 
H4,840,2015,252930,      0.00,      0.00,      0.00,      0.00,0,1,0,0,1,1,U2 
H4,840,2015,253010,      0.00,      0.00,      0.00,      0.00,0,1,0,0,1,1,U2 
H4,840,2015,253020,      0.00,      0.00,      0.00,      0.00,0,2,0,0,2,2,U2 
H4,840,2015,253090,      2.90,      0.00,      2.90,      0.97,0,2,0,1,3,3,U2 
H4,840,2015,260111,      0.00,      0.00,      0.00,      0.00,0,1,0,0,1,1,U2 
H4,840,2015,260112,      0.00,      0.00,      0.00,      0.00,0,1,0,0,1,1,U2 
H4,840,2015,260120,      0.00,      0.00,      0.00,      0.00,0,1,0,0,1,1,U2 
H4,840,2015,260200,      0.00,      0.00,      0.00,      0.00,0,1,0,0,1,1,U2 
H4,840,2015,260300,      0.90,      0.90,      0.90,      0.90,0,0,1,0,1,1,U2 
H4,840,2015,260400,      0.00,      0.00,      0.00,      0.00,0,1,0,0,1,1,U2 
H4,840,2015,260500,      0.00,      0.00,      0.00,      0.00,0,1,0,0,1,1,U2 
H4,840,2015,260600,      0.00,      0.00,      0.00,      0.00,0,1,0,0,1,1,U2 
H4,840,2015,260700,      0.55,      0.55,      0.55,      0.55,0,0,1,0,1,1,U2 
H4,840,2015,260800,      0.00,      0.00,      0.00,      0.00,0,1,0,0,1,1,U2 
H4,840,2015,260900,      0.00,      0.00,      0.00,      0.00,0,1,0,0,1,1,U2 
H4,840,2015,261000,      0.00,      0.00,      0.00,      0.00,0,1,0,0,1,1,U2 
H4,840,2015,261100,      5.32,      0.00,      5.32,      2.66,0,1,1,0,2,2,U2 
H4,840,2015,261210,      0.00,      0.00,      0.00,      0.00,0,1,0,0,1,1,U2 
H4,840,2015,261220,      0.00,      0.00,      0.00,      0.00,0,1,0,0,1,1,U2 
H4,840,2015,261310,      2.77,      2.77,      2.77,      2.77,0,0,1,0,1,1,U2 
H4,840,2015,261390,      1.66,      1.66,      1.66,      1.66,0,0,1,0,1,1,U2 
H4,840,2015,261400,      0.00,      0.00,      0.00,      0.00,0,2,0,0,2,2,U2 
H4,840,2015,261510,      0.00,      0.00,      0.00,      0.00,0,1,0,0,1,1,U2 
H4,840,2015,261590,      0.00,      0.00,      0.00,      0.00,0,2,0,0,2,2,U2 
H4,840,2015,261610,      0.25,      0.25,      0.25,      0.25,0,0,1,0,1,1,U2 
H4,840,2015,261690,      0.44,      0.44,      0.44,      0.44,0,0,1,0,1,1,U2 
H4,840,2015,261710,      0.00,      0.00,      0.00,      0.00,0,1,0,0,1,1,U2 
H4,840,2015,261790,      0.00,      0.00,      0.00,      0.00,0,1,0,0,1,1,U2 
H4,840,2015,261800,      0.00,      0.00,      0.00,      0.00,0,1,0,0,1,1,U2 
H4,840,2015,261900,      0.00,      0.00,      0.00,      0.00,0,2,0,0,2,2,U2 
H4,840,2015,262011,      0.00,      0.00,      0.00,      0.00,0,1,0,0,1,1,U2 
H4,840,2015,262019,      2.41,      0.00,      2.41,      1.20,0,1,1,0,2,2,U2 
H4,840,2015,262021,      0.00,      0.00,      0.00,      0.00,0,1,0,0,1,1,U2 
H4,840,2015,262029,      0.00,      0.00,      0.00,      0.00,0,1,0,0,1,1,U2 
H4,840,2015,262030,      0.00,      0.00,      0.00,      0.00,0,1,0,0,1,1,U2 
H4,840,2015,262040,      0.00,      0.00,      0.00,      0.00,0,1,0,0,1,1,U2 
H4,840,2015,262060,      5.00,      0.00,      5.00,      2.50,0,1,0,1,2,2,U2 
H4,840,2015,262091,      0.00,      0.00,      0.00,      0.00,0,1,0,0,1,1,U2 
H4,840,2015,262099,     13.85,      0.00,     13.85,      2.31,0,5,1,0,6,6,U2 
H4,840,2015,262110,      0.00,      0.00,      0.00,      0.00,0,1,0,0,1,1,U2 
H4,840,2015,262190,      0.00,      0.00,      0.00,      0.00,0,1,0,0,1,1,U2 
H4,840,2015,270111,      0.00,      0.00,      0.00,      0.00,0,1,0,0,1,1,U2 
H4,840,2015,270112,      0.00,      0.00,      0.00,      0.00,0,1,0,0,1,1,U2 
H4,840,2015,270119,      0.00,      0.00,      0.00,      0.00,0,1,0,0,1,1,U2 
H4,840,2015,270120,      0.00,      0.00,      0.00,      0.00,0,1,0,0,1,1,U2 
H4,840,2015,270210,      0.00,      0.00,      0.00,      0.00,0,1,0,0,1,1,U2 
H4,840,2015,270220,      0.00,      0.00,      0.00,      0.00,0,1,0,0,1,1,U2 
H4,840,2015,270300,      0.00,      0.00,      0.00,      0.00,0,1,0,0,1,1,U2 
H4,840,2015,270400,      0.00,      0.00,      0.00,      0.00,0,1,0,0,1,1,U2 
H4,840,2015,270500,      0.00,      0.00,      0.00,      0.00,0,1,0,0,1,1,U2 
H4,840,2015,270600,      0.00,      0.00,      0.00,      0.00,0,1,0,0,1,1,U2 
H4,840,2015,270710,      0.00,      0.00,      0.00,      0.00,0,1,0,0,1,1,U2 
H4,840,2015,270720,      0.00,      0.00,      0.00,      0.00,0,1,0,0,1,1,U2 
H4,840,2015,270730,      0.00,      0.00,      0.00,      0.00,0,1,0,0,1,1,U2 
H4,840,2015,270740,      0.00,      0.00,      0.00,      0.00,0,1,0,0,1,1,U2 
H4,840,2015,270750,      0.00,      0.00,      0.00,      0.00,0,1,0,0,1,1,U2 
H4,840,2015,270791,      0.00,      0.00,      0.00,      0.00,0,1,0,0,1,1,U2 
H4,840,2015,270799,     26.10,      0.00,     17.19,      3.73,0,4,3,0,7,7,U2 
H4,840,2015,270810,      0.00,      0.00,      0.00,      0.00,0,1,0,0,1,1,U2 
H4,840,2015,270820,      0.00,      0.00,      0.00,      0.00,0,1,0,0,1,1,U2 
H4,840,2015,270900,,,,,2,0,0,0,0,2,U2 
H4,840,2015,271012,      7.00,      7.00,      7.00,      7.00,4,0,0,1,1,5,U2 
H4,840,2015,271019,     20.20,      5.80,      7.40,      6.73,8,0,1,2,3,11,U2 
H4,840,2015,271020,,,,,4,0,0,0,0,4,U2 
H4,840,2015,271091,,,,,1,0,0,0,0,1,U2 
H4,840,2015,271099,     22.40,      5.80,      9.60,      7.47,6,0,1,2,3,9,U2 
H4,840,2015,271111,      0.00,      0.00,      0.00,      0.00,0,1,0,0,1,1,U2 
H4,840,2015,271112,      0.00,      0.00,      0.00,      0.00,0,1,0,0,1,1,U2 
H4,840,2015,271113,      0.00,      0.00,      0.00,      0.00,0,1,0,0,1,1,U2 
H4,840,2015,271114,      0.00,      0.00,      0.00,      0.00,0,1,0,0,1,1,U2 
H4,840,2015,271119,      0.00,      0.00,      0.00,      0.00,0,1,0,0,1,1,U2 
H4,840,2015,271121,      0.00,      0.00,      0.00,      0.00,0,1,0,0,1,1,U2 
H4,840,2015,271129,      0.00,      0.00,      0.00,      0.00,0,1,0,0,1,1,U2 
H4,840,2015,271210,      0.00,      0.00,      0.00,      0.00,0,1,0,0,1,1,U2 
H4,840,2015,271220,      0.00,      0.00,      0.00,      0.00,0,1,0,0,1,1,U2 
H4,840,2015,271290,      0.00,      0.00,      0.00,      0.00,0,2,0,0,2,2,U2 
H4,840,2015,271311,      0.00,      0.00,      0.00,      0.00,0,1,0,0,1,1,U2 
H4,840,2015,271312,      0.00,      0.00,      0.00,      0.00,0,1,0,0,1,1,U2 
H4,840,2015,271320,      0.00,      0.00,      0.00,      0.00,0,1,0,0,1,1,U2 
H4,840,2015,271390,      0.00,      0.00,      0.00,      0.00,0,1,0,0,1,1,U2 
H4,840,2015,271410,      0.00,      0.00,      0.00,      0.00,0,1,0,0,1,1,U2 
H4,840,2015,271490,      0.00,      0.00,      0.00,      0.00,0,1,0,0,1,1,U2 
H4,840,2015,271500,      0.00,      0.00,      0.00,      0.00,0,1,0,0,1,1,U2 
H4,840,2015,271600,      0.00,      0.00,      0.00,      0.00,0,1,0,0,1,1,U2 
H4,840,2015,280110,      0.00,      0.00,      0.00,      0.00,0,1,0,0,1,1,U2 
H4,840,2015,280120,      0.00,      0.00,      0.00,      0.00,0,1,0,0,1,1,U2 
H4,840,2015,280130,      9.20,      3.70,      5.50,      4.60,0,0,0,2,2,2,U2 
H4,840,2015,280200,      0.00,      0.00,      0.00,      0.00,0,1,0,0,1,1,U2 
H4,840,2015,280300,      0.00,      0.00,      0.00,      0.00,0,1,0,0,1,1,U2 
H4,840,2015,280410,      3.70,      3.70,      3.70,      3.70,0,0,0,1,1,1,U2 
H4,840,2015,280421,      3.70,      3.70,      3.70,      3.70,0,0,0,1,1,1,U2 
H4,840,2015,280429,      3.70,      3.70,      3.70,      3.70,0,0,0,1,1,1,U2 
H4,840,2015,280430,      3.70,      3.70,      3.70,      3.70,0,0,0,1,1,1,U2 
H4,840,2015,280440,      3.70,      3.70,      3.70,      3.70,0,0,0,1,1,1,U2 
H4,840,2015,280450,      0.00,      0.00,      0.00,      0.00,0,1,0,0,1,1,U2 
H4,840,2015,280461,      0.00,      0.00,      0.00,      0.00,0,1,0,0,1,1,U2 
H4,840,2015,280469,     10.80,      5.30,      5.50,      5.40,0,0,0,2,2,2,U2 
H4,840,2015,280470,      0.00,      0.00,      0.00,      0.00,0,1,0,0,1,1,U2 
H4,840,2015,280480,      0.00,      0.00,      0.00,      0.00,0,1,0,0,1,1,U2 
H4,840,2015,280490,      0.00,      0.00,      0.00,      0.00,0,1,0,0,1,1,U2 
H4,840,2015,280511,      5.30,      5.30,      5.30,      5.30,0,0,0,1,1,1,U2 
H4,840,2015,280512,      3.00,      3.00,      3.00,      3.00,0,0,0,1,1,1,U2 
H4,840,2015,280519,      9.20,      0.00,      5.50,      3.07,0,1,0,2,3,3,U2 
H4,840,2015,280530,      5.00,      5.00,      5.00,      5.00,0,0,0,1,1,1,U2 
H4,840,2015,280540,      1.70,      1.70,      1.70,      1.70,0,0,0,1,1,1,U2 
H4,840,2015,280610,      0.00,      0.00,      0.00,      0.00,0,1,0,0,1,1,U2 
H4,840,2015,280620,      4.20,      4.20,      4.20,      4.20,0,0,0,1,1,1,U2 
H4,840,2015,280700,      0.00,      0.00,      0.00,      0.00,0,1,0,0,1,1,U2 
H4,840,2015,280800,      0.00,      0.00,      0.00,      0.00,0,1,0,0,1,1,U2 
H4,840,2015,280910,      0.00,      0.00,      0.00,      0.00,0,1,0,0,1,1,U2 
H4,840,2015,280920,      0.00,      0.00,      0.00,      0.00,0,1,0,0,1,1,U2 
H4,840,2015,281000,      1.50,      1.50,      1.50,      1.50,0,0,0,1,1,1,U2 
H4,840,2015,281111,      0.00,      0.00,      0.00,      0.00,0,1,0,0,1,1,U2 
H4,840,2015,281119,      6.50,      0.00,      4.20,      2.17,0,1,0,2,3,3,U2 
H4,840,2015,281121,      3.70,      3.70,      3.70,      3.70,0,0,0,1,1,1,U2 
H4,840,2015,281122,      3.70,      0.00,      3.70,      1.85,0,1,0,1,2,2,U2 
H4,840,2015,281129,      7.90,      0.00,      4.20,      1.98,0,2,0,2,4,4,U2 
H4,840,2015,281210,      3.70,      0.00,      3.70,      1.85,0,1,0,1,2,2,U2 
H4,840,2015,281290,      3.70,      3.70,      3.70,      3.70,0,0,0,1,1,1,U2 
H4,840,2015,281310,      3.70,      3.70,      3.70,      3.70,0,0,0,1,1,1,U2 
H4,840,2015,281390,      3.70,      0.00,      3.70,      1.23,0,2,0,1,3,3,U2 
H4,840,2015,281410,      0.00,      0.00,      0.00,      0.00,0,1,0,0,1,1,U2 
H4,840,2015,281420,      0.00,      0.00,      0.00,      0.00,0,1,0,0,1,1,U2 
H4,840,2015,281511,      0.00,      0.00,      0.00,      0.00,0,1,0,0,1,1,U2 
H4,840,2015,281512,      0.00,      0.00,      0.00,      0.00,0,1,0,0,1,1,U2 
H4,840,2015,281520,      0.00,      0.00,      0.00,      0.00,0,1,0,0,1,1,U2 
H4,840,2015,281530,      3.70,      3.70,      3.70,      3.70,0,0,0,1,1,1,U2 
H4,840,2015,281610,      3.10,      3.10,      3.10,      3.10,0,0,0,1,1,1,U2 
H4,840,2015,281640,      6.20,      2.00,      4.20,      3.10,0,0,0,2,2,2,U2 
H4,840,2015,281700,      0.00,      0.00,      0.00,      0.00,0,1,0,0,1,1,U2 
H4,840,2015,281810,      1.30,      0.00,      1.30,      0.65,0,1,0,1,2,2,U2 
H4,840,2015,281820,      0.00,      0.00,      0.00,      0.00,0,1,0,0,1,1,U2 
H4,840,2015,281830,      0.00,      0.00,      0.00,      0.00,0,1,0,0,1,1,U2 
H4,840,2015,281910,      3.70,      3.70,      3.70,      3.70,0,0,0,1,1,1,U2 
H4,840,2015,281990,      3.70,      3.70,      3.70,      3.70,0,0,0,1,1,1,U2 
H4,840,2015,282010,      4.70,      4.70,      4.70,      4.70,0,0,0,1,1,1,U2 
H4,840,2015,282090,      4.70,      4.70,      4.70,      4.70,0,0,0,1,1,1,U2 
H4,840,2015,282110,      3.70,      3.70,      3.70,      3.70,0,0,0,1,1,1,U2 
H4,840,2015,282120,      5.50,      5.50,      5.50,      5.50,0,0,0,1,1,1,U2 
H4,840,2015,282200,      0.10,      0.10,      0.10,      0.10,0,0,0,1,1,1,U2 
H4,840,2015,282300,      5.50,      5.50,      5.50,      5.50,0,0,0,1,1,1,U2 
H4,840,2015,282410,      3.00,      3.00,      3.00,      3.00,0,0,0,1,1,1,U2 
H4,840,2015,282490,     13.70,      3.40,      5.50,      4.57,0,0,0,3,3,3,U2 
H4,840,2015,282510,      3.70,      3.70,      3.70,      3.70,0,0,0,1,1,1,U2 
H4,840,2015,282520,      3.70,      3.70,      3.70,      3.70,0,0,0,1,1,1,U2 
H4,840,2015,282530,      5.50,      5.50,      5.50,      5.50,0,0,0,1,1,1,U2 
H4,840,2015,282540,      0.00,      0.00,      0.00,      0.00,0,1,0,0,1,1,U2 
H4,840,2015,282550,     13.20,      3.90,      5.00,      4.40,0,0,0,3,3,3,U2 
H4,840,2015,282560,      3.70,      3.70,      3.70,      3.70,0,0,0,1,1,1,U2 
H4,840,2015,282570,      3.20,      3.20,      3.20,      3.20,0,0,0,1,1,1,U2 
H4,840,2015,282580,      0.00,      0.00,      0.00,      0.00,0,1,0,0,1,1,U2 
H4,840,2015,282590,     20.80,      0.00,      5.50,      3.47,0,1,0,5,6,6,U2 
H4,840,2015,282612,      0.00,      0.00,      0.00,      0.00,0,1,0,0,1,1,U2 
H4,840,2015,282619,     10.70,      3.10,      3.90,      3.57,0,0,0,3,3,3,U2 
H4,840,2015,282630,      0.00,      0.00,      0.00,      0.00,0,1,0,0,1,1,U2 
H4,840,2015,282690,      7.20,      3.10,      4.10,      3.60,0,0,0,2,2,2,U2 
H4,840,2015,282710,      2.90,      2.90,      2.90,      2.90,0,0,0,1,1,1,U2 
H4,840,2015,282720,      0.00,      0.00,      0.00,      0.00,0,1,0,0,1,1,U2 
H4,840,2015,282731,      1.50,      1.50,      1.50,      1.50,0,0,0,1,1,1,U2 
H4,840,2015,282732,      0.00,      0.00,      0.00,      0.00,0,1,0,0,1,1,U2 
H4,840,2015,282735,      3.70,      3.70,      3.70,      3.70,0,0,0,1,1,1,U2 
H4,840,2015,282739,     37.50,      1.60,      5.50,      4.17,0,0,0,9,9,9,U2 
H4,840,2015,282741,      3.90,      3.90,      3.90,      3.90,0,0,0,1,1,1,U2 
H4,840,2015,282749,     11.00,      5.50,      5.50,      5.50,0,0,0,2,2,2,U2 
H4,840,2015,282751,      0.00,      0.00,      0.00,      0.00,0,1,0,0,1,1,U2 
H4,840,2015,282759,      3.60,      0.00,      3.60,      1.80,0,1,0,1,2,2,U2 
H4,840,2015,282760,      7.00,      0.00,      4.20,      2.33,0,1,0,2,3,3,U2 
H4,840,2015,282810,      2.40,      2.40,      2.40,      2.40,0,0,0,1,1,1,U2 
H4,840,2015,282890,      3.70,      3.70,      3.70,      3.70,0,0,0,1,1,1,U2 
H4,840,2015,282911,      0.00,      0.00,      0.00,      0.00,0,1,0,0,1,1,U2 
H4,840,2015,282919,      3.30,      3.30,      3.30,      3.30,0,0,0,1,1,1,U2 
H4,840,2015,282990,      6.80,      0.00,      3.70,      1.70,0,2,0,2,4,4,U2 
H4,840,2015,283010,      3.70,      3.70,      3.70,      3.70,0,0,0,1,1,1,U2 
H4,840,2015,283090,      8.90,      0.00,      3.10,      2.22,0,1,0,3,4,4,U2 
H4,840,2015,283110,      5.50,      0.00,      5.50,      2.75,0,1,0,1,2,2,U2 
H4,840,2015,283190,      5.50,      5.50,      5.50,      5.50,0,0,0,1,1,1,U2 
H4,840,2015,283210,      1.50,      1.50,      1.50,      1.50,0,0,0,1,1,1,U2 
H4,840,2015,283220,      3.10,      3.10,      3.10,      3.10,0,0,0,1,1,1,U2 
H4,840,2015,283230,      4.60,      1.50,      3.10,      2.30,0,0,0,2,2,2,U2 
H4,840,2015,283311,      0.40,      0.00,      0.40,      0.20,0,1,0,1,2,2,U2 
H4,840,2015,283319,      0.00,      0.00,      0.00,      0.00,0,1,0,0,1,1,U2 
H4,840,2015,283321,      3.70,      3.70,      3.70,      3.70,0,0,0,1,1,1,U2 
H4,840,2015,283322,      0.00,      0.00,      0.00,      0.00,0,1,0,0,1,1,U2 
H4,840,2015,283324,      3.20,      3.20,      3.20,      3.20,0,0,0,1,1,1,U2 
H4,840,2015,283325,      1.40,      1.40,      1.40,      1.40,0,0,0,1,1,1,U2 
H4,840,2015,283327,      0.60,      0.60,      0.60,      0.60,0,0,0,1,1,1,U2 
H4,840,2015,283329,     15.90,      0.00,      5.50,      2.65,0,1,0,5,6,6,U2 
H4,840,2015,283330,      1.60,      1.60,      1.60,      1.60,0,0,0,1,1,1,U2 
H4,840,2015,283340,      6.80,      3.10,      3.70,      3.40,0,0,0,2,2,2,U2 
H4,840,2015,283410,      8.60,      3.10,      5.50,      4.30,0,0,0,2,2,2,U2 
H4,840,2015,283421,      0.00,      0.00,      0.00,      0.00,0,1,0,0,1,1,U2 
H4,840,2015,283429,     13.20,      0.00,      5.50,      3.30,0,1,0,3,4,4,U2 
H4,840,2015,283510,      3.10,      3.10,      3.10,      3.10,0,0,0,1,1,1,U2 
H4,840,2015,283522,      1.40,      1.40,      1.40,      1.40,0,0,0,1,1,1,U2 
H4,840,2015,283524,      3.10,      3.10,      3.10,      3.10,0,0,0,1,1,1,U2 
H4,840,2015,283525,      0.00,      0.00,      0.00,      0.00,0,1,0,0,1,1,U2 
H4,840,2015,283526,      0.00,      0.00,      0.00,      0.00,0,1,0,0,1,1,U2 
H4,840,2015,283529,      7.80,      0.00,      4.10,      1.95,0,1,0,3,4,4,U2 
H4,840,2015,283531,      1.40,      1.40,      1.40,      1.40,0,0,0,1,1,1,U2 
H4,840,2015,283539,      6.80,      3.10,      3.70,      3.40,0,0,0,2,2,2,U2 
H4,840,2015,283620,      1.20,      1.20,      1.20,      1.20,0,0,0,1,1,1,U2 
H4,840,2015,283630,      0.00,      0.00,      0.00,      0.00,0,1,0,0,1,1,U2 
H4,840,2015,283640,      3.20,      1.30,      1.90,      1.60,0,0,0,2,2,2,U2 
H4,840,2015,283650,      0.00,      0.00,      0.00,      0.00,0,1,0,0,1,1,U2 
H4,840,2015,283660,      2.30,      2.30,      2.30,      2.30,0,0,0,1,1,1,U2 
H4,840,2015,283691,      3.70,      3.70,      3.70,      3.70,0,0,0,1,1,1,U2 
H4,840,2015,283692,      4.20,      4.20,      4.20,      4.20,0,0,0,1,1,1,U2 
H4,840,2015,283699,     15.60,      0.50,      5.50,      3.12,0,0,0,5,5,5,U2 
H4,840,2015,283711,      0.00,      0.00,      0.00,      0.00,0,1,0,0,1,1,U2 
H4,840,2015,283719,      0.00,      0.00,      0.00,      0.00,0,1,0,0,1,1,U2 
H4,840,2015,283720,      2.80,      1.10,      1.70,      1.40,0,0,0,2,2,2,U2 
H4,840,2015,283911,      1.10,      1.10,      1.10,      1.10,0,0,0,1,1,1,U2 
H4,840,2015,283919,      1.10,      1.10,      1.10,      1.10,0,0,0,1,1,1,U2 
H4,840,2015,283990,      6.20,      3.10,      3.10,      3.10,0,0,0,2,2,2,U2 
H4,840,2015,284011,      0.30,      0.30,      0.30,      0.30,0,0,0,1,1,1,U2 
H4,840,2015,284019,      0.10,      0.10,      0.10,      0.10,0,0,0,1,1,1,U2 
H4,840,2015,284020,      3.70,      3.70,      3.70,      3.70,0,0,0,1,1,1,U2 
H4,840,2015,284030,      3.70,      3.70,      3.70,      3.70,0,0,0,1,1,1,U2 
H4,840,2015,284130,      2.40,      2.40,      2.40,      2.40,0,0,0,1,1,1,U2 
H4,840,2015,284150,      4.60,      1.50,      3.10,      2.30,0,0,0,2,2,2,U2 
H4,840,2015,284161,      5.00,      5.00,      5.00,      5.00,0,0,0,1,1,1,U2 
H4,840,2015,284169,      5.00,      5.00,      5.00,      5.00,0,0,0,1,1,1,U2 
H4,840,2015,284170,      8.00,      3.70,      4.30,      4.00,0,0,0,2,2,2,U2 
H4,840,2015,284180,      5.50,      5.50,      5.50,      5.50,0,0,0,1,1,1,U2 
H4,840,2015,284190,     22.20,      3.10,      5.50,      3.70,0,0,0,6,6,6,U2 
H4,840,2015,284210,      3.70,      3.70,      3.70,      3.70,0,0,0,1,1,1,U2 
H4,840,2015,284290,      6.40,      3.10,      3.30,      3.20,0,0,0,2,2,2,U2 
H4,840,2015,284310,      5.50,      5.50,      5.50,      5.50,0,0,0,1,1,1,U2 
H4,840,2015,284321,      3.70,      3.70,      3.70,      3.70,0,0,0,1,1,1,U2 
H4,840,2015,284329,      3.70,      3.70,      3.70,      3.70,0,0,0,1,1,1,U2 
H4,840,2015,284330,      5.00,      5.00,      5.00,      5.00,0,0,0,1,1,1,U2 
H4,840,2015,284390,      3.70,      3.70,      3.70,      3.70,0,0,0,1,1,1,U2 
H4,840,2015,284410,     10.00,      0.00,      5.00,      3.33,0,1,0,2,3,3,U2 
H4,840,2015,284420,      0.00,      0.00,      0.00,      0.00,0,1,0,0,1,1,U2 
H4,840,2015,284430,     10.50,      0.00,      5.50,      3.50,0,1,0,2,3,3,U2 
H4,840,2015,284440,      0.00,      0.00,      0.00,      0.00,0,1,0,0,1,1,U2 
H4,840,2015,284450,      0.00,      0.00,      0.00,      0.00,0,1,0,0,1,1,U2 
H4,840,2015,284510,      0.00,      0.00,      0.00,      0.00,0,1,0,0,1,1,U2 
H4,840,2015,284590,      0.00,      0.00,      0.00,      0.00,0,1,0,0,1,1,U2 
H4,840,2015,284610,      5.50,      5.50,      5.50,      5.50,0,0,0,1,1,1,U2 
H4,840,2015,284690,      3.70,      0.00,      3.70,      1.23,0,2,0,1,3,3,U2 
H4,840,2015,284700,      3.70,      3.70,      3.70,      3.70,0,0,0,1,1,1,U2 
H4,840,2015,284800,      2.60,      0.00,      2.60,      1.30,0,1,0,1,2,2,U2 
H4,840,2015,284910,      1.80,      1.80,      1.80,      1.80,0,0,0,1,1,1,U2 
H4,840,2015,284920,      0.50,      0.00,      0.50,      0.25,0,1,0,1,2,2,U2 
H4,840,2015,284990,     17.10,      3.70,      5.50,      4.28,0,0,0,4,4,4,U2 
H4,840,2015,285000,     19.60,      0.00,      5.50,      3.92,0,1,0,4,5,5,U2 
H4,840,2015,285210,      3.00,      0.00,      3.00,      1.50,0,1,0,1,2,2,U2 
H4,840,2015,285290,      3.00,      0.00,      3.00,      1.50,0,1,0,1,2,2,U2 
H4,840,2015,285300,      2.80,      2.80,      2.80,      2.80,0,0,0,1,1,1,U2 
H4,840,2015,290110,      0.00,      0.00,      0.00,      0.00,0,4,0,0,4,4,U2 
H4,840,2015,290121,      0.00,      0.00,      0.00,      0.00,0,1,0,0,1,1,U2 
H4,840,2015,290122,      0.00,      0.00,      0.00,      0.00,0,1,0,0,1,1,U2 
H4,840,2015,290123,      0.00,      0.00,      0.00,      0.00,0,1,0,0,1,1,U2 
H4,840,2015,290124,      0.00,      0.00,      0.00,      0.00,0,3,0,0,3,3,U2 
H4,840,2015,290129,      0.00,      0.00,      0.00,      0.00,0,2,0,0,2,2,U2 
H4,840,2015,290211,      0.00,      0.00,      0.00,      0.00,0,1,0,0,1,1,U2 
H4,840,2015,290219,      0.00,      0.00,      0.00,      0.00,0,1,0,0,1,1,U2 
H4,840,2015,290220,      0.00,      0.00,      0.00,      0.00,0,1,0,0,1,1,U2 
H4,840,2015,290230,      0.00,      0.00,      0.00,      0.00,0,1,0,0,1,1,U2 
H4,840,2015,290241,      0.00,      0.00,      0.00,      0.00,0,1,0,0,1,1,U2 
H4,840,2015,290242,      0.00,      0.00,      0.00,      0.00,0,1,0,0,1,1,U2 
H4,840,2015,290243,      0.00,      0.00,      0.00,      0.00,0,1,0,0,1,1,U2 
H4,840,2015,290244,      0.00,      0.00,      0.00,      0.00,0,1,0,0,1,1,U2 
H4,840,2015,290250,      0.00,      0.00,      0.00,      0.00,0,1,0,0,1,1,U2 
H4,840,2015,290260,      0.00,      0.00,      0.00,      0.00,0,1,0,0,1,1,U2 
H4,840,2015,290270,      0.00,      0.00,      0.00,      0.00,0,1,0,0,1,1,U2 
H4,840,2015,290290,      0.00,      0.00,      0.00,      0.00,0,6,0,0,6,6,U2 
H4,840,2015,290311,      5.50,      5.50,      5.50,      5.50,0,0,0,1,1,1,U2 
H4,840,2015,290312,      3.70,      3.70,      3.70,      3.70,0,0,0,1,1,1,U2 
H4,840,2015,290313,      5.50,      5.50,      5.50,      5.50,0,0,0,1,1,1,U2 
H4,840,2015,290314,      2.30,      2.30,      2.30,      2.30,0,0,0,1,1,1,U2 
H4,840,2015,290315,      5.50,      5.50,      5.50,      5.50,0,0,0,1,1,1,U2 
H4,840,2015,290319,     14.30,      0.00,      5.50,      3.58,0,1,0,3,4,4,U2 
H4,840,2015,290321,      5.50,      5.50,      5.50,      5.50,0,0,0,1,1,1,U2 
H4,840,2015,290322,      4.20,      4.20,      4.20,      4.20,0,0,0,1,1,1,U2 
H4,840,2015,290323,      3.40,      3.40,      3.40,      3.40,0,0,0,1,1,1,U2 
H4,840,2015,290329,      5.50,      5.50,      5.50,      5.50,0,0,0,1,1,1,U2 
H4,840,2015,290331,      5.40,      5.40,      5.40,      5.40,0,0,0,1,1,1,U2 
H4,840,2015,290339,      3.70,      0.00,      3.70,      1.85,0,1,0,1,2,2,U2 
H4,840,2015,290371,      3.70,      3.70,      3.70,      3.70,0,0,0,1,1,1,U2 
H4,840,2015,290372,      3.70,      3.70,      3.70,      3.70,0,0,0,1,1,1,U2 
H4,840,2015,290373,      3.70,      3.70,      3.70,      3.70,0,0,0,1,1,1,U2 
H4,840,2015,290374,      3.70,      3.70,      3.70,      3.70,0,0,0,1,1,1,U2 
H4,840,2015,290375,      3.70,      3.70,      3.70,      3.70,0,0,0,1,1,1,U2 
H4,840,2015,290376,      3.70,      3.70,      3.70,      3.70,0,0,0,1,1,1,U2 
H4,840,2015,290377,      3.70,      3.70,      3.70,      3.70,0,0,0,1,1,1,U2 
H4,840,2015,290378,      3.70,      3.70,      3.70,      3.70,0,0,0,1,1,1,U2 
H4,840,2015,290379,      3.70,      0.00,      3.70,      1.85,0,1,0,1,2,2,U2 
H4,840,2015,290381,      5.50,      5.50,      5.50,      5.50,0,0,0,1,1,1,U2 
H4,840,2015,290382,      5.50,      5.50,      5.50,      5.50,0,0,0,1,1,1,U2 
H4,840,2015,290389,     29.40,      0.00,      5.50,      3.67,0,2,0,6,8,8,U2 
H4,840,2015,290391,     16.50,      5.50,      5.50,      5.50,0,0,0,3,3,3,U2 
H4,840,2015,290392,      5.50,      5.50,      5.50,      5.50,0,0,0,1,1,1,U2 
H4,840,2015,290399,     38.50,      0.00,      5.50,      4.28,0,2,0,7,9,9,U2 
H4,840,2015,290410,     37.20,      4.20,      5.50,      5.31,0,0,0,7,7,7,U2 
H4,840,2015,290420,     38.50,      0.00,      5.50,      4.81,0,1,0,7,8,8,U2 
H4,840,2015,290490,     47.70,      3.70,      5.50,      5.30,0,0,0,9,9,9,U2 
H4,840,2015,290511,      5.50,      0.00,      5.50,      2.75,0,1,0,1,2,2,U2 
H4,840,2015,290512,      5.50,      5.50,      5.50,      5.50,0,0,0,1,1,1,U2 
H4,840,2015,290513,      5.50,      5.50,      5.50,      5.50,0,0,0,1,1,1,U2 
H4,840,2015,290514,      5.50,      0.00,      5.50,      2.75,0,1,0,1,2,2,U2 
H4,840,2015,290516,      3.70,      3.70,      3.70,      3.70,0,0,0,1,1,1,U2 
H4,840,2015,290517,      5.00,      5.00,      5.00,      5.00,0,0,0,1,1,1,U2 
H4,840,2015,290519,      9.20,      3.70,      5.50,      4.60,0,0,0,2,2,2,U2 
H4,840,2015,290522,     11.50,      3.00,      4.80,      3.83,0,0,0,3,3,3,U2 
H4,840,2015,290529,      9.20,      3.70,      5.50,      4.60,0,0,0,2,2,2,U2 
H4,840,2015,290531,      5.50,      5.50,      5.50,      5.50,0,0,0,1,1,1,U2 
H4,840,2015,290532,      5.50,      5.50,      5.50,      5.50,0,0,0,1,1,1,U2 
H4,840,2015,290539,     16.50,      0.00,      5.50,      4.13,0,1,0,3,4,4,U2 
H4,840,2015,290541,      3.70,      3.70,      3.70,      3.70,0,0,0,1,1,1,U2 
H4,840,2015,290542,      3.70,      3.70,      3.70,      3.70,0,0,0,1,1,1,U2 
H4,840,2015,290543,      4.60,      4.60,      4.60,      4.60,0,0,0,1,1,1,U2 
H4,840,2015,290544,      4.90,      4.90,      4.90,      4.90,0,0,0,1,1,1,U2 
H4,840,2015,290545,      0.64,      0.64,      0.64,      0.64,0,0,1,0,1,1,U2 
H4,840,2015,290549,     20.20,      0.00,      5.50,      4.04,0,1,0,4,5,5,U2 
H4,840,2015,290551,      0.00,      0.00,      0.00,      0.00,0,1,0,0,1,1,U2 
H4,840,2015,290559,     11.00,      0.00,      5.50,      3.67,0,1,0,2,3,3,U2 
H4,840,2015,290611,      2.10,      2.10,      2.10,      2.10,0,0,0,1,1,1,U2 
H4,840,2015,290612,      5.50,      5.50,      5.50,      5.50,0,0,0,1,1,1,U2 
H4,840,2015,290613,      3.70,      0.00,      3.70,      1.85,0,1,0,1,2,2,U2 
H4,840,2015,290619,     11.00,      0.00,      5.50,      3.67,0,1,0,2,3,3,U2 
H4,840,2015,290621,      5.50,      5.50,      5.50,      5.50,0,0,0,1,1,1,U2 
H4,840,2015,290629,     16.50,      0.00,      5.50,      4.13,0,1,0,3,4,4,U2 
H4,840,2015,290711,      5.50,      5.50,      5.50,      5.50,0,0,0,1,1,1,U2 
H4,840,2015,290712,      4.20,      4.20,      4.20,      4.20,0,0,0,1,1,1,U2 
H4,840,2015,290713,      5.50,      5.50,      5.50,      5.50,0,0,0,1,1,1,U2 
H4,840,2015,290715,     11.00,      0.00,      5.50,      3.67,0,1,0,2,3,3,U2 
H4,840,2015,290719,     20.70,      0.00,      5.50,      4.14,0,1,0,4,5,5,U2 
H4,840,2015,290721,      5.50,      5.50,      5.50,      5.50,0,0,0,1,1,1,U2 
H4,840,2015,290722,     11.00,      5.50,      5.50,      5.50,0,0,0,2,2,2,U2 
H4,840,2015,290723,      5.50,      5.50,      5.50,      5.50,0,0,0,1,1,1,U2 
H4,840,2015,290729,     17.80,      0.00,      5.50,      3.56,0,1,0,4,5,5,U2 
H4,840,2015,290811,      5.50,      5.50,      5.50,      5.50,0,0,0,1,1,1,U2 
H4,840,2015,290819,     33.00,      0.00,      5.50,      4.71,0,1,0,6,7,7,U2 
H4,840,2015,290891,      5.50,      5.50,      5.50,      5.50,0,0,0,1,1,1,U2 
H4,840,2015,290892,      5.50,      5.50,      5.50,      5.50,0,0,0,1,1,1,U2 
H4,840,2015,290899,     55.00,      0.00,      5.50,      5.00,0,1,0,10,11,11,U2 
H4,840,2015,290911,      1.00,      1.00,      1.00,      1.00,0,0,0,1,1,1,U2 
H4,840,2015,290919,     16.50,      0.00,      5.50,      4.13,0,1,0,3,4,4,U2 
H4,840,2015,290920,      3.70,      3.70,      3.70,      3.70,0,0,0,1,1,1,U2 
H4,840,2015,290930,     38.50,      0.00,      5.50,      4.81,0,1,0,7,8,8,U2 
H4,840,2015,290941,      5.50,      5.50,      5.50,      5.50,0,0,0,1,1,1,U2 
H4,840,2015,290943,      5.50,      5.50,      5.50,      5.50,0,0,0,1,1,1,U2 
H4,840,2015,290944,      5.50,      5.50,      5.50,      5.50,0,0,0,1,1,1,U2 
H4,840,2015,290949,     20.20,      0.00,      5.50,      3.37,0,2,0,4,6,6,U2 
H4,840,2015,290950,     26.80,      4.80,      5.50,      5.36,0,0,0,5,5,5,U2 
H4,840,2015,290960,     14.70,      3.70,      5.50,      4.90,0,0,0,3,3,3,U2 
H4,840,2015,291010,      5.50,      5.50,      5.50,      5.50,0,0,0,1,1,1,U2 
H4,840,2015,291020,      5.50,      5.50,      5.50,      5.50,0,0,0,1,1,1,U2 
H4,840,2015,291030,      3.70,      3.70,      3.70,      3.70,0,0,0,1,1,1,U2 
H4,840,2015,291040,      4.80,      4.80,      4.80,      4.80,0,0,0,1,1,1,U2 
H4,840,2015,291090,     14.90,      4.60,      5.50,      4.97,0,0,0,3,3,3,U2 
H4,840,2015,291100,      5.30,      0.00,      5.30,      2.65,0,1,0,1,2,2,U2 
H4,840,2015,291211,      2.80,      2.80,      2.80,      2.80,0,0,0,1,1,1,U2 
H4,840,2015,291212,      5.50,      5.50,      5.50,      5.50,0,0,0,1,1,1,U2 
H4,840,2015,291219,     30.50,      3.70,      5.50,      5.08,0,0,0,6,6,6,U2 
H4,840,2015,291221,      5.50,      5.50,      5.50,      5.50,0,0,0,1,1,1,U2 
H4,840,2015,291229,     11.00,      0.00,      5.50,      3.67,0,1,0,2,3,3,U2 
H4,840,2015,291241,      5.50,      5.50,      5.50,      5.50,0,0,0,1,1,1,U2 
H4,840,2015,291242,      5.50,      5.50,      5.50,      5.50,0,0,0,1,1,1,U2 
H4,840,2015,291249,     25.70,      0.00,      5.50,      4.28,0,1,0,5,6,6,U2 
H4,840,2015,291250,      5.50,      0.00,      5.50,      2.75,0,1,0,1,2,2,U2 
H4,840,2015,291260,      5.10,      5.10,      5.10,      5.10,0,0,0,1,1,1,U2 
H4,840,2015,291300,     11.00,      0.00,      5.50,      3.67,0,1,0,2,3,3,U2 
H4,840,2015,291411,      5.50,      0.00,      5.50,      2.75,0,1,0,1,2,2,U2 
H4,840,2015,291412,      3.10,      3.10,      3.10,      3.10,0,0,0,1,1,1,U2 
H4,840,2015,291413,      4.00,      4.00,      4.00,      4.00,0,0,0,1,1,1,U2 
H4,840,2015,291419,      4.00,      4.00,      4.00,      4.00,0,0,0,1,1,1,U2 
H4,840,2015,291422,     11.00,      5.50,      5.50,      5.50,0,0,0,2,2,2,U2 
H4,840,2015,291423,      5.50,      5.50,      5.50,      5.50,0,0,0,1,1,1,U2 
H4,840,2015,291429,     11.40,      0.00,      4.80,      2.85,0,1,0,3,4,4,U2 
H4,840,2015,291431,      5.50,      5.50,      5.50,      5.50,0,0,0,1,1,1,U2 
H4,840,2015,291439,      5.50,      0.00,      5.50,      2.75,0,1,0,1,2,2,U2 
H4,840,2015,291440,     19.80,      0.00,      5.50,      3.96,0,1,0,4,5,5,U2 
H4,840,2015,291450,      9.50,      0.00,      5.50,      3.17,0,1,0,2,3,3,U2 
H4,840,2015,291461,      0.00,      0.00,      0.00,      0.00,0,1,0,0,1,1,U2 
H4,840,2015,291469,     16.50,      0.00,      5.50,      4.13,0,1,0,3,4,4,U2 
H4,840,2015,291470,     15.00,      0.00,      5.50,      3.00,0,2,0,3,5,5,U2 
H4,840,2015,291511,      5.50,      5.50,      5.50,      5.50,0,0,0,1,1,1,U2 
H4,840,2015,291512,      5.50,      5.50,      5.50,      5.50,0,0,0,1,1,1,U2 
H4,840,2015,291513,      9.20,      3.70,      5.50,      4.60,0,0,0,2,2,2,U2 
H4,840,2015,291521,      1.80,      1.80,      1.80,      1.80,0,0,0,1,1,1,U2 
H4,840,2015,291524,      3.50,      3.50,      3.50,      3.50,0,0,0,1,1,1,U2 
H4,840,2015,291529,     10.70,      0.00,      4.20,      2.67,0,1,0,3,4,4,U2 
H4,840,2015,291531,      3.70,      3.70,      3.70,      3.70,0,0,0,1,1,1,U2 
H4,840,2015,291532,      3.80,      3.80,      3.80,      3.80,0,0,0,1,1,1,U2 
H4,840,2015,291533,      5.50,      5.50,      5.50,      5.50,0,0,0,1,1,1,U2 
H4,840,2015,291536,      5.50,      5.50,      5.50,      5.50,0,0,0,1,1,1,U2 
H4,840,2015,291539,     52.50,      0.00,      5.50,      4.77,0,1,0,10,11,11,U2 
H4,840,2015,291540,     16.50,      1.80,      5.50,      4.13,0,0,0,4,4,4,U2 
H4,840,2015,291550,     13.40,      3.70,      5.50,      4.47,0,0,0,3,3,3,U2 
H4,840,2015,291560,      7.60,      2.10,      5.50,      3.80,0,0,0,2,2,2,U2 
H4,840,2015,291570,      5.00,      5.00,      5.00,      5.00,0,0,0,1,1,1,U2 
H4,840,2015,291590,     22.70,      3.80,      5.50,      4.54,0,0,0,5,5,5,U2 
H4,840,2015,291611,      4.20,      4.20,      4.20,      4.20,0,0,0,1,1,1,U2 
H4,840,2015,291612,     10.20,      3.70,      6.50,      5.10,0,0,0,2,2,2,U2 
H4,840,2015,291613,      4.20,      4.20,      4.20,      4.20,0,0,0,1,1,1,U2 
H4,840,2015,291614,      3.70,      0.00,      3.70,      1.85,0,1,0,1,2,2,U2 
H4,840,2015,291615,     10.90,      4.40,      6.50,      5.45,0,0,0,2,2,2,U2 
H4,840,2015,291616,      3.70,      3.70,      3.70,      3.70,0,0,0,1,1,1,U2 
H4,840,2015,291619,     17.10,      3.10,      6.10,      4.28,0,0,0,4,4,4,U2 
H4,840,2015,291620,      3.70,      0.00,      3.70,      1.85,0,1,0,1,2,2,U2 
H4,840,2015,291631,     26.00,      6.50,      6.50,      6.50,0,0,0,4,4,4,U2 
H4,840,2015,291632,     13.00,      6.50,      6.50,      6.50,0,0,0,2,2,2,U2 
H4,840,2015,291634,     19.50,      0.00,      6.50,      4.88,0,1,0,3,4,4,U2 
H4,840,2015,291639,     58.50,      0.00,      6.50,      4.88,0,3,0,9,12,12,U2 
H4,840,2015,291711,      3.10,      3.10,      3.10,      3.10,0,0,0,1,1,1,U2 
H4,840,2015,291712,     19.50,      6.50,      6.50,      6.50,0,0,0,3,3,3,U2 
H4,840,2015,291713,      4.80,      4.80,      4.80,      4.80,0,0,0,1,1,1,U2 
H4,840,2015,291714,     10.70,      4.20,      6.50,      5.35,0,0,0,2,2,2,U2 
H4,840,2015,291719,     52.00,      0.00,      6.50,      5.20,0,1,0,9,10,10,U2 
H4,840,2015,291720,      4.20,      4.20,      4.20,      4.20,0,0,0,1,1,1,U2 
H4,840,2015,291732,      6.50,      6.50,      6.50,      6.50,0,0,0,1,1,1,U2 
H4,840,2015,291733,      6.50,      6.50,      6.50,      6.50,0,0,0,1,1,1,U2 
H4,840,2015,291734,      6.50,      6.50,      6.50,      6.50,0,0,0,1,1,1,U2 
H4,840,2015,291735,      6.50,      6.50,      6.50,      6.50,0,0,0,1,1,1,U2 
H4,840,2015,291736,      6.50,      6.50,      6.50,      6.50,0,0,0,1,1,1,U2 
H4,840,2015,291737,      6.50,      6.50,      6.50,      6.50,0,0,0,1,1,1,U2 
H4,840,2015,291739,     39.00,      0.00,      6.50,      4.88,0,2,0,6,8,8,U2 
H4,840,2015,291811,      8.50,      3.40,      5.10,      4.25,0,0,0,2,2,2,U2 
H4,840,2015,291812,      0.00,      0.00,      0.00,      0.00,0,1,0,0,1,1,U2 
H4,840,2015,291813,      4.40,      0.00,      4.40,      1.10,0,3,0,1,4,4,U2 
H4,840,2015,291814,      6.00,      6.00,      6.00,      6.00,0,0,0,1,1,1,U2 
H4,840,2015,291815,     10.20,      3.70,      6.50,      5.10,0,0,0,2,2,2,U2 
H4,840,2015,291816,      9.70,      3.70,      6.00,      4.85,0,0,0,2,2,2,U2 
H4,840,2015,291818,      6.50,      6.50,      6.50,      6.50,0,0,0,1,1,1,U2 
H4,840,2015,291819,     33.30,      0.00,      6.50,      4.76,0,1,0,6,7,7,U2 
H4,840,2015,291821,     13.00,      6.50,      6.50,      6.50,0,0,0,2,2,2,U2 
H4,840,2015,291822,     13.00,      6.50,      6.50,      6.50,0,0,0,2,2,2,U2 
H4,840,2015,291823,     26.00,      6.50,      6.50,      6.50,0,0,0,4,4,4,U2 
H4,840,2015,291829,     45.10,      0.00,      6.50,      4.51,0,2,0,8,10,10,U2 
H4,840,2015,291830,     22.50,      0.00,      6.50,      3.75,0,2,0,4,6,6,U2 
H4,840,2015,291891,      6.50,      6.50,      6.50,      6.50,0,0,0,1,1,1,U2 
H4,840,2015,291899,     48.80,      0.00,      6.50,      4.88,0,2,0,8,10,10,U2 
H4,840,2015,291910,      3.70,      3.70,      3.70,      3.70,0,0,0,1,1,1,U2 
H4,840,2015,291990,     16.70,      0.00,      6.50,      4.18,0,1,0,3,4,4,U2 
H4,840,2015,292011,      0.00,      0.00,      0.00,      0.00,0,1,0,0,1,1,U2 
H4,840,2015,292019,     16.70,      3.70,      6.50,      5.57,0,0,0,3,3,3,U2 
H4,840,2015,292090,     16.70,      3.70,      6.50,      5.57,0,0,0,3,3,3,U2 
H4,840,2015,292111,      3.70,      3.70,      3.70,      3.70,0,0,0,1,1,1,U2 
H4,840,2015,292119,     10.20,      0.00,      6.50,      3.40,0,1,0,2,3,3,U2 
H4,840,2015,292121,      5.80,      5.80,      5.80,      5.80,0,0,0,1,1,1,U2 
H4,840,2015,292122,     19.50,      6.50,      6.50,      6.50,0,0,0,3,3,3,U2 
H4,840,2015,292129,      6.50,      6.50,      6.50,      6.50,0,0,0,1,1,1,U2 
H4,840,2015,292130,     16.70,      0.00,      6.50,      4.18,0,1,0,3,4,4,U2 
H4,840,2015,292141,     13.00,      6.50,      6.50,      6.50,0,0,0,2,2,2,U2 
H4,840,2015,292142,     57.80,      0.00,      6.50,      5.25,0,2,0,9,11,11,U2 
H4,840,2015,292143,     38.30,      0.00,      6.50,      4.79,0,2,0,6,8,8,U2 
H4,840,2015,292144,     19.50,      0.00,      6.50,      4.88,0,1,0,3,4,4,U2 
H4,840,2015,292145,     25.30,      0.00,      6.50,      5.06,0,1,0,4,5,5,U2 
H4,840,2015,292146,      0.00,      0.00,      0.00,      0.00,0,1,0,0,1,1,U2 
H4,840,2015,292149,     38.30,      0.00,      6.50,      5.47,0,1,0,6,7,7,U2 
H4,840,2015,292151,     26.00,      6.50,      6.50,      6.50,0,0,0,4,4,4,U2 
H4,840,2015,292159,     31.80,      0.00,      6.50,      4.54,0,2,0,5,7,7,U2 
H4,840,2015,292211,      6.50,      6.50,      6.50,      6.50,0,0,0,1,1,1,U2 
H4,840,2015,292212,      6.50,      6.50,      6.50,      6.50,0,0,0,1,1,1,U2 
H4,840,2015,292213,      6.50,      6.50,      6.50,      6.50,0,0,0,1,1,1,U2 
H4,840,2015,292214,      0.00,      0.00,      0.00,      0.00,0,1,0,0,1,1,U2 
H4,840,2015,292219,     31.80,      0.00,      6.50,      5.30,0,1,0,5,6,6,U2 
H4,840,2015,292221,     18.80,      0.00,      6.50,      4.70,0,1,0,3,4,4,U2 
H4,840,2015,292229,     51.30,      0.00,      6.50,      4.28,0,4,0,8,12,12,U2 
H4,840,2015,292231,      0.00,      0.00,      0.00,      0.00,0,1,0,0,1,1,U2 
H4,840,2015,292239,     31.80,      0.00,      6.50,      4.54,0,2,0,5,7,7,U2 
H4,840,2015,292241,      3.70,      3.70,      3.70,      3.70,0,0,0,1,1,1,U2 
H4,840,2015,292242,     10.20,      3.70,      6.50,      5.10,0,0,0,2,2,2,U2 
H4,840,2015,292243,     13.00,      6.50,      6.50,      6.50,0,0,0,2,2,2,U2 
H4,840,2015,292244,      0.00,      0.00,      0.00,      0.00,0,1,0,0,1,1,U2 
H4,840,2015,292249,     33.20,      0.00,      6.50,      4.15,0,2,0,6,8,8,U2 
H4,840,2015,292250,     57.80,      0.00,      6.50,      5.25,0,2,0,9,11,11,U2 
H4,840,2015,292310,      3.70,      3.70,      3.70,      3.70,0,0,0,1,1,1,U2 
H4,840,2015,292320,      5.00,      0.00,      5.00,      2.50,0,1,0,1,2,2,U2 
H4,840,2015,292390,      6.20,      6.20,      6.20,      6.20,0,0,0,1,1,1,U2 
H4,840,2015,292411,      0.00,      0.00,      0.00,      0.00,0,1,0,0,1,1,U2 
H4,840,2015,292412,      3.70,      3.70,      3.70,      3.70,0,0,0,1,1,1,U2 
H4,840,2015,292419,     10.20,      3.70,      6.50,      5.10,0,0,0,2,2,2,U2 
H4,840,2015,292421,     39.00,      0.00,      6.50,      4.88,0,2,0,6,8,8,U2 
H4,840,2015,292423,     19.50,      6.50,      6.50,      6.50,0,0,0,3,3,3,U2 
H4,840,2015,292424,      0.00,      0.00,      0.00,      0.00,0,1,0,0,1,1,U2 
H4,840,2015,292429,     82.60,      0.00,      6.50,      3.93,0,8,0,13,21,21,U2 
H4,840,2015,292511,      6.50,      6.50,      6.50,      6.50,0,0,0,1,1,1,U2 
H4,840,2015,292512,      0.00,      0.00,      0.00,      0.00,0,1,0,0,1,1,U2 
H4,840,2015,292519,     16.70,      0.00,      6.50,      3.34,0,2,0,3,5,5,U2 
H4,840,2015,292521,      6.50,      6.50,      6.50,      6.50,0,0,0,1,1,1,U2 
H4,840,2015,292529,     23.20,      0.00,      6.50,      3.87,0,2,0,4,6,6,U2 
H4,840,2015,292610,      6.50,      6.50,      6.50,      6.50,0,0,0,1,1,1,U2 
H4,840,2015,292620,      0.00,      0.00,      0.00,      0.00,0,1,0,0,1,1,U2 
H4,840,2015,292630,      6.50,      0.00,      6.50,      3.25,0,1,0,1,2,2,U2 
H4,840,2015,292690,     71.50,      0.00,      6.50,      4.47,0,5,0,11,16,16,U2 
H4,840,2015,292700,     35.50,      0.00,      6.50,      4.44,0,2,0,6,8,8,U2 
H4,840,2015,292800,     20.40,      0.00,      6.50,      4.08,0,1,0,4,5,5,U2 
H4,840,2015,292910,     44.80,      0.00,      6.50,      5.60,0,1,0,7,8,8,U2 
H4,840,2015,292990,     19.50,      0.00,      6.50,      4.88,0,1,0,3,4,4,U2 
H4,840,2015,293020,     16.70,      0.00,      6.50,      4.18,0,1,0,3,4,4,U2 
H4,840,2015,293030,      3.70,      0.00,      3.70,      1.85,0,1,0,1,2,2,U2 
H4,840,2015,293040,      0.00,      0.00,      0.00,      0.00,0,1,0,0,1,1,U2 
H4,840,2015,293050,      6.50,      6.50,      6.50,      6.50,0,0,0,1,1,1,U2 
H4,840,2015,293090,     37.60,      0.00,      6.50,      3.42,0,4,0,7,11,11,U2 
H4,840,2015,293110,      3.70,      3.70,      3.70,      3.70,0,0,0,1,1,1,U2 
H4,840,2015,293120,      3.70,      3.70,      3.70,      3.70,0,0,0,1,1,1,U2 
H4,840,2015,293190,     42.00,      0.00,      6.50,      4.67,0,2,0,7,9,9,U2 
H4,840,2015,293211,      3.70,      3.70,      3.70,      3.70,0,0,0,1,1,1,U2 
H4,840,2015,293212,      0.00,      0.00,      0.00,      0.00,0,1,0,0,1,1,U2 
H4,840,2015,293213,      3.70,      3.70,      3.70,      3.70,0,0,0,1,1,1,U2 
H4,840,2015,293219,     10.20,      3.70,      6.50,      5.10,0,0,0,2,2,2,U2 
H4,840,2015,293220,     42.70,      3.70,      6.50,      6.10,0,0,0,7,7,7,U2 
H4,840,2015,293291,      6.50,      6.50,      6.50,      6.50,0,0,0,1,1,1,U2 
H4,840,2015,293292,      6.50,      6.50,      6.50,      6.50,0,0,0,1,1,1,U2 
H4,840,2015,293293,      4.80,      4.80,      4.80,      4.80,0,0,0,1,1,1,U2 
H4,840,2015,293294,      6.50,      6.50,      6.50,      6.50,0,0,0,1,1,1,U2 
H4,840,2015,293295,      0.00,      0.00,      0.00,      0.00,0,1,0,0,1,1,U2 
H4,840,2015,293299,     42.00,      0.00,      6.50,      4.20,0,3,0,7,10,10,U2 
H4,840,2015,293311,      6.50,      6.50,      6.50,      6.50,0,0,0,1,1,1,U2 
H4,840,2015,293319,     48.50,      0.00,      6.50,      4.04,0,4,0,8,12,12,U2 
H4,840,2015,293321,      6.50,      6.50,      6.50,      6.50,0,0,0,1,1,1,U2 
H4,840,2015,293329,     35.00,      0.00,      6.50,      4.38,0,2,0,6,8,8,U2 
H4,840,2015,293331,      0.00,      0.00,      0.00,      0.00,0,1,0,0,1,1,U2 
H4,840,2015,293332,     13.00,      6.50,      6.50,      6.50,0,0,0,2,2,2,U2 
H4,840,2015,293333,      0.00,      0.00,      0.00,      0.00,0,1,0,0,1,1,U2 
H4,840,2015,293339,     63.60,      0.00,      6.50,      5.30,0,2,0,10,12,12,U2 
H4,840,2015,293341,      0.00,      0.00,      0.00,      0.00,0,1,0,0,1,1,U2 
H4,840,2015,293349,     51.30,      0.00,      6.50,      5.70,0,1,0,8,9,9,U2 
H4,840,2015,293352,      0.00,      0.00,      0.00,      0.00,0,2,0,0,2,2,U2 
H4,840,2015,293353,      0.00,      0.00,      0.00,      0.00,0,1,0,0,1,1,U2 
H4,840,2015,293354,      3.70,      3.70,      3.70,      3.70,0,0,0,1,1,1,U2 
H4,840,2015,293355,      0.00,      0.00,      0.00,      0.00,0,1,0,0,1,1,U2 
H4,840,2015,293359,     75.20,      0.00,      6.50,      5.78,0,1,0,12,13,13,U2 
H4,840,2015,293361,      3.50,      3.50,      3.50,      3.50,0,0,0,1,1,1,U2 
H4,840,2015,293369,      9.80,      0.00,      6.30,      3.27,0,1,0,2,3,3,U2 
H4,840,2015,293371,      6.50,      6.50,      6.50,      6.50,0,0,0,1,1,1,U2 
H4,840,2015,293372,      0.00,      0.00,      0.00,      0.00,0,1,0,0,1,1,U2 
H4,840,2015,293379,     29.20,      0.00,      6.50,      4.17,0,2,0,5,7,7,U2 
H4,840,2015,293391,      0.00,      0.00,      0.00,      0.00,0,1,0,0,1,1,U2 
H4,840,2015,293399,    123.50,      0.00,      6.50,      4.12,0,10,0,20,30,30,U2 
H4,840,2015,293410,     19.50,      0.00,      6.50,      4.88,0,1,0,3,4,4,U2 
H4,840,2015,293420,     51.30,      0.00,      6.50,      5.70,0,1,0,8,9,9,U2 
H4,840,2015,293430,     32.50,      0.00,      6.50,      5.42,0,1,0,5,6,6,U2 
H4,840,2015,293491,      0.00,      0.00,      0.00,      0.00,0,1,0,0,1,1,U2 
H4,840,2015,293499,     87.50,      0.00,      6.50,      4.61,0,5,0,14,19,19,U2 
H4,840,2015,293500,     58.50,      0.00,      6.50,      4.18,0,5,0,9,14,14,U2 
H4,840,2015,293621,      0.00,      0.00,      0.00,      0.00,0,1,0,0,1,1,U2 
H4,840,2015,293622,      0.00,      0.00,      0.00,      0.00,0,1,0,0,1,1,U2 
H4,840,2015,293623,      0.00,      0.00,      0.00,      0.00,0,1,0,0,1,1,U2 
H4,840,2015,293624,      0.00,      0.00,      0.00,      0.00,0,1,0,0,1,1,U2 
H4,840,2015,293625,      0.00,      0.00,      0.00,      0.00,0,1,0,0,1,1,U2 
H4,840,2015,293626,      0.00,      0.00,      0.00,      0.00,0,1,0,0,1,1,U2 
H4,840,2015,293627,      0.00,      0.00,      0.00,      0.00,0,1,0,0,1,1,U2 
H4,840,2015,293628,      0.00,      0.00,      0.00,      0.00,0,1,0,0,1,1,U2 
H4,840,2015,293629,      0.00,      0.00,      0.00,      0.00,0,4,0,0,4,4,U2 
H4,840,2015,293690,      0.00,      0.00,      0.00,      0.00,0,1,0,0,1,1,U2 
H4,840,2015,293711,      0.00,      0.00,      0.00,      0.00,0,1,0,0,1,1,U2 
H4,840,2015,293712,      0.00,      0.00,      0.00,      0.00,0,1,0,0,1,1,U2 
H4,840,2015,293719,      0.00,      0.00,      0.00,      0.00,0,1,0,0,1,1,U2 
H4,840,2015,293721,      0.00,      0.00,      0.00,      0.00,0,1,0,0,1,1,U2 
H4,840,2015,293722,      0.00,      0.00,      0.00,      0.00,0,1,0,0,1,1,U2 
H4,840,2015,293723,      0.00,      0.00,      0.00,      0.00,0,3,0,0,3,3,U2 
H4,840,2015,293729,      0.00,      0.00,      0.00,      0.00,0,2,0,0,2,2,U2 
H4,840,2015,293750,      0.00,      0.00,      0.00,      0.00,0,1,0,0,1,1,U2 
H4,840,2015,293790,      0.00,      0.00,      0.00,      0.00,0,6,0,0,6,6,U2 
H4,840,2015,293810,      1.50,      1.50,      1.50,      1.50,0,0,0,1,1,1,U2 
H4,840,2015,293890,      3.70,      3.70,      3.70,      3.70,0,0,0,1,1,1,U2 
H4,840,2015,293911,      0.00,      0.00,      0.00,      0.00,0,1,0,0,1,1,U2 
H4,840,2015,293919,      0.00,      0.00,      0.00,      0.00,0,3,0,0,3,3,U2 
H4,840,2015,293920,      0.00,      0.00,      0.00,      0.00,0,1,0,0,1,1,U2 
H4,840,2015,293930,      0.00,      0.00,      0.00,      0.00,0,1,0,0,1,1,U2 
H4,840,2015,293941,      0.00,      0.00,      0.00,      0.00,0,1,0,0,1,1,U2 
H4,840,2015,293942,      0.00,      0.00,      0.00,      0.00,0,1,0,0,1,1,U2 
H4,840,2015,293943,      0.00,      0.00,      0.00,      0.00,0,1,0,0,1,1,U2 
H4,840,2015,293944,      0.00,      0.00,      0.00,      0.00,0,1,0,0,1,1,U2 
H4,840,2015,293949,      0.00,      0.00,      0.00,      0.00,0,1,0,0,1,1,U2 
H4,840,2015,293951,      0.00,      0.00,      0.00,      0.00,0,1,0,0,1,1,U2 
H4,840,2015,293959,      0.00,      0.00,      0.00,      0.00,0,1,0,0,1,1,U2 
H4,840,2015,293961,      0.00,      0.00,      0.00,      0.00,0,1,0,0,1,1,U2 
H4,840,2015,293962,      0.00,      0.00,      0.00,      0.00,0,1,0,0,1,1,U2 
H4,840,2015,293963,      0.00,      0.00,      0.00,      0.00,0,1,0,0,1,1,U2 
H4,840,2015,293969,      0.00,      0.00,      0.00,      0.00,0,1,0,0,1,1,U2 
H4,840,2015,293991,      0.00,      0.00,      0.00,      0.00,0,1,0,0,1,1,U2 
H4,840,2015,293999,      0.00,      0.00,      0.00,      0.00,0,1,0,0,1,1,U2 
H4,840,2015,294000,      5.80,      0.00,      5.80,      2.90,0,1,0,1,2,2,U2 
H4,840,2015,294110,      0.00,      0.00,      0.00,      0.00,0,4,0,0,4,4,U2 
H4,840,2015,294120,      3.50,      0.00,      3.50,      1.75,0,1,0,1,2,2,U2 
H4,840,2015,294130,      0.00,      0.00,      0.00,      0.00,0,1,0,0,1,1,U2 
H4,840,2015,294140,      0.00,      0.00,      0.00,      0.00,0,1,0,0,1,1,U2 
H4,840,2015,294150,      0.00,      0.00,      0.00,      0.00,0,1,0,0,1,1,U2 
H4,840,2015,294190,      0.00,      0.00,      0.00,      0.00,0,3,0,0,3,3,U2 
H4,840,2015,294200,     23.20,      0.00,      6.50,      4.64,0,1,0,4,5,5,U2 
H4,840,2015,300120,      0.00,      0.00,      0.00,      0.00,0,1,0,0,1,1,U2 
H4,840,2015,300190,      0.00,      0.00,      0.00,      0.00,0,1,0,0,1,1,U2 
H4,840,2015,300210,      0.00,      0.00,      0.00,      0.00,0,1,0,0,1,1,U2 
H4,840,2015,300220,      0.00,      0.00,      0.00,      0.00,0,1,0,0,1,1,U2 
H4,840,2015,300230,      0.00,      0.00,      0.00,      0.00,0,1,0,0,1,1,U2 
H4,840,2015,300290,      0.00,      0.00,      0.00,      0.00,0,2,0,0,2,2,U2 
H4,840,2015,300310,      0.00,      0.00,      0.00,      0.00,0,1,0,0,1,1,U2 
H4,840,2015,300320,      0.00,      0.00,      0.00,      0.00,0,1,0,0,1,1,U2 
H4,840,2015,300331,      0.00,      0.00,      0.00,      0.00,0,1,0,0,1,1,U2 
H4,840,2015,300339,      0.00,      0.00,      0.00,      0.00,0,2,0,0,2,2,U2 
H4,840,2015,300340,      0.00,      0.00,      0.00,      0.00,0,1,0,0,1,1,U2 
H4,840,2015,300390,      0.00,      0.00,      0.00,      0.00,0,1,0,0,1,1,U2 
H4,840,2015,300410,      0.00,      0.00,      0.00,      0.00,0,2,0,0,2,2,U2 
H4,840,2015,300420,      0.00,      0.00,      0.00,      0.00,0,1,0,0,1,1,U2 
H4,840,2015,300431,      0.00,      0.00,      0.00,      0.00,0,1,0,0,1,1,U2 
H4,840,2015,300432,      0.00,      0.00,      0.00,      0.00,0,1,0,0,1,1,U2 
H4,840,2015,300439,      0.00,      0.00,      0.00,      0.00,0,1,0,0,1,1,U2 
H4,840,2015,300440,      0.00,      0.00,      0.00,      0.00,0,1,0,0,1,1,U2 
H4,840,2015,300450,      0.00,      0.00,      0.00,      0.00,0,5,0,0,5,5,U2 
H4,840,2015,300490,      0.00,      0.00,      0.00,      0.00,0,2,0,0,2,2,U2 
H4,840,2015,300510,      0.00,      0.00,      0.00,      0.00,0,2,0,0,2,2,U2 
H4,840,2015,300590,      0.00,      0.00,      0.00,      0.00,0,2,0,0,2,2,U2 
H4,840,2015,300610,      0.00,      0.00,      0.00,      0.00,0,1,0,0,1,1,U2 
H4,840,2015,300620,      0.00,      0.00,      0.00,      0.00,0,1,0,0,1,1,U2 
H4,840,2015,300630,      0.00,      0.00,      0.00,      0.00,0,2,0,0,2,2,U2 
H4,840,2015,300640,      0.00,      0.00,      0.00,      0.00,0,1,0,0,1,1,U2 
H4,840,2015,300650,      0.00,      0.00,      0.00,      0.00,0,1,0,0,1,1,U2 
H4,840,2015,300660,      0.00,      0.00,      0.00,      0.00,0,1,0,0,1,1,U2 
H4,840,2015,300670,      5.00,      5.00,      5.00,      5.00,0,0,0,1,1,1,U2 
H4,840,2015,300691,      4.20,      4.20,      4.20,      4.20,0,0,0,1,1,1,U2 
H4,840,2015,300692,      0.00,      0.00,      0.00,      0.00,0,1,0,0,1,1,U2 
H4,840,2015,310100,      0.00,      0.00,      0.00,      0.00,0,1,0,0,1,1,U2 
H4,840,2015,310210,      0.00,      0.00,      0.00,      0.00,0,1,0,0,1,1,U2 
H4,840,2015,310221,      0.00,      0.00,      0.00,      0.00,0,1,0,0,1,1,U2 
H4,840,2015,310229,      0.00,      0.00,      0.00,      0.00,0,1,0,0,1,1,U2 
H4,840,2015,310230,      0.00,      0.00,      0.00,      0.00,0,1,0,0,1,1,U2 
H4,840,2015,310240,      0.00,      0.00,      0.00,      0.00,0,1,0,0,1,1,U2 
H4,840,2015,310250,      0.00,      0.00,      0.00,      0.00,0,1,0,0,1,1,U2 
H4,840,2015,310260,      0.00,      0.00,      0.00,      0.00,0,1,0,0,1,1,U2 
H4,840,2015,310280,      0.00,      0.00,      0.00,      0.00,0,1,0,0,1,1,U2 
H4,840,2015,310290,      0.00,      0.00,      0.00,      0.00,0,1,0,0,1,1,U2 
H4,840,2015,310310,      0.00,      0.00,      0.00,      0.00,0,1,0,0,1,1,U2 
H4,840,2015,310390,      0.00,      0.00,      0.00,      0.00,0,1,0,0,1,1,U2 
H4,840,2015,310420,      0.00,      0.00,      0.00,      0.00,0,1,0,0,1,1,U2 
H4,840,2015,310430,      0.00,      0.00,      0.00,      0.00,0,1,0,0,1,1,U2 
H4,840,2015,310490,      0.00,      0.00,      0.00,      0.00,0,1,0,0,1,1,U2 
H4,840,2015,310510,      0.00,      0.00,      0.00,      0.00,0,1,0,0,1,1,U2 
H4,840,2015,310520,      0.00,      0.00,      0.00,      0.00,0,1,0,0,1,1,U2 
H4,840,2015,310530,      0.00,      0.00,      0.00,      0.00,0,1,0,0,1,1,U2 
H4,840,2015,310540,      0.00,      0.00,      0.00,      0.00,0,1,0,0,1,1,U2 
H4,840,2015,310551,      0.00,      0.00,      0.00,      0.00,0,1,0,0,1,1,U2 
H4,840,2015,310559,      0.00,      0.00,      0.00,      0.00,0,1,0,0,1,1,U2 
H4,840,2015,310560,      0.00,      0.00,      0.00,      0.00,0,1,0,0,1,1,U2 
H4,840,2015,310590,      0.00,      0.00,      0.00,      0.00,0,1,0,0,1,1,U2 
H4,840,2015,320110,      0.00,      0.00,      0.00,      0.00,0,1,0,0,1,1,U2 
H4,840,2015,320120,      0.00,      0.00,      0.00,      0.00,0,1,0,0,1,1,U2 
H4,840,2015,320190,      4.60,      0.00,      3.10,      1.53,0,1,0,2,3,3,U2 
H4,840,2015,320210,     13.00,      6.50,      6.50,      6.50,0,0,0,2,2,2,U2 
H4,840,2015,320290,      5.00,      0.00,      5.00,      2.50,0,1,0,1,2,2,U2 
H4,840,2015,320300,      3.10,      0.00,      3.10,      1.03,0,2,0,1,3,3,U2 
H4,840,2015,320411,     26.00,      0.00,      6.50,      5.20,0,1,0,4,5,5,U2 
H4,840,2015,320412,     32.50,      0.00,      6.50,      4.64,0,2,0,5,7,7,U2 
H4,840,2015,320413,     32.50,      0.00,      6.50,      5.42,0,1,0,5,6,6,U2 
H4,840,2015,320414,     32.50,      6.50,      6.50,      6.50,0,0,0,5,5,5,U2 
H4,840,2015,320415,     39.00,      0.00,      6.50,      5.57,0,1,0,6,7,7,U2 
H4,840,2015,320416,     26.00,      6.50,      6.50,      6.50,0,0,0,4,4,4,U2 
H4,840,2015,320417,     26.00,      0.00,      6.50,      4.33,0,2,0,4,6,6,U2 
H4,840,2015,320419,     42.10,      0.00,      6.50,      5.26,0,1,0,7,8,8,U2 
H4,840,2015,320420,     13.00,      0.00,      6.50,      4.33,0,1,0,2,3,3,U2 
H4,840,2015,320490,      5.90,      5.90,      5.90,      5.90,0,0,0,1,1,1,U2 
H4,840,2015,320500,     19.50,      0.00,      6.50,      4.88,0,1,0,3,4,4,U2 
H4,840,2015,320611,      6.00,      6.00,      6.00,      6.00,0,0,0,1,1,1,U2 
H4,840,2015,320619,      6.00,      6.00,      6.00,      6.00,0,0,0,1,1,1,U2 
H4,840,2015,320620,      3.70,      3.70,      3.70,      3.70,0,0,0,1,1,1,U2 
H4,840,2015,320641,      1.50,      1.50,      1.50,      1.50,0,0,0,1,1,1,U2 
H4,840,2015,320642,      2.20,      2.20,      2.20,      2.20,0,0,0,1,1,1,U2 
H4,840,2015,320649,     20.50,      0.00,      6.50,      3.42,0,1,0,5,6,6,U2 
H4,840,2015,320650,      6.50,      6.50,      6.50,      6.50,0,0,0,1,1,1,U2 
H4,840,2015,320710,      3.10,      3.10,      3.10,      3.10,0,0,0,1,1,1,U2 
H4,840,2015,320720,      4.90,      4.90,      4.90,      4.90,0,0,0,1,1,1,U2 
H4,840,2015,320730,      3.10,      3.10,      3.10,      3.10,0,0,0,1,1,1,U2 
H4,840,2015,320740,     12.50,      6.00,      6.50,      6.25,0,0,0,2,2,2,U2 
H4,840,2015,320810,      3.70,      3.70,      3.70,      3.70,0,0,0,1,1,1,U2 
H4,840,2015,320820,      3.60,      3.60,      3.60,      3.60,0,0,0,1,1,1,U2 
H4,840,2015,320890,      3.20,      3.20,      3.20,      3.20,0,0,0,1,1,1,U2 
H4,840,2015,320910,      5.10,      5.10,      5.10,      5.10,0,0,0,1,1,1,U2 
H4,840,2015,320990,      5.90,      5.90,      5.90,      5.90,0,0,0,1,1,1,U2 
H4,840,2015,321000,      1.80,      1.80,      1.80,      1.80,0,0,0,1,1,1,U2 
H4,840,2015,321100,      3.70,      3.70,      3.70,      3.70,0,0,0,1,1,1,U2 
H4,840,2015,321210,      4.70,      4.70,      4.70,      4.70,0,0,0,1,1,1,U2 
H4,840,2015,321290,      3.10,      3.10,      3.10,      3.10,0,0,0,1,1,1,U2 
H4,840,2015,321310,      6.50,      6.50,      6.50,      6.50,0,0,0,1,1,1,U2 
H4,840,2015,321390,      3.40,      3.40,      3.40,      3.40,0,0,0,1,1,1,U2 
H4,840,2015,321410,      3.70,      3.70,      3.70,      3.70,0,0,0,1,1,1,U2 
H4,840,2015,321490,      6.50,      0.00,      6.50,      3.25,0,1,0,1,2,2,U2 
H4,840,2015,321511,      1.80,      1.80,      1.80,      1.80,0,0,0,1,1,1,U2 
H4,840,2015,321519,      1.80,      1.80,      1.80,      1.80,0,0,0,1,1,1,U2 
H4,840,2015,321590,      4.90,      1.80,      3.10,      2.45,0,0,0,2,2,2,U2 
H4,840,2015,330112,      2.70,      2.70,      2.70,      2.70,0,0,0,1,1,1,U2 
H4,840,2015,330113,      3.80,      3.80,      3.80,      3.80,0,0,0,1,1,1,U2 
H4,840,2015,330119,      2.70,      0.00,      2.70,      1.35,0,1,0,1,2,2,U2 
H4,840,2015,330124,      4.20,      4.20,      4.20,      4.20,0,0,0,1,1,1,U2 
H4,840,2015,330125,      0.00,      0.00,      0.00,      0.00,0,1,0,0,1,1,U2 
H4,840,2015,330129,      2.90,      0.00,      1.80,      0.97,0,1,0,2,3,3,U2 
H4,840,2015,330130,      0.00,      0.00,      0.00,      0.00,0,1,0,0,1,1,U2 
H4,840,2015,330190,      3.80,      0.00,      3.80,      1.90,0,1,0,1,2,2,U2 
H4,840,2015,330210,      5.13,      0.00,      2.79,      1.03,0,3,2,0,5,5,U2 
H4,840,2015,330290,      0.00,      0.00,      0.00,      0.00,0,2,0,0,2,2,U2 
H4,840,2015,330300,      0.00,      0.00,      0.00,      0.00,0,3,0,0,3,3,U2 
H4,840,2015,330410,      0.00,      0.00,      0.00,      0.00,0,1,0,0,1,1,U2 
H4,840,2015,330420,      0.00,      0.00,      0.00,      0.00,0,1,0,0,1,1,U2 
H4,840,2015,330430,      0.00,      0.00,      0.00,      0.00,0,1,0,0,1,1,U2 
H4,840,2015,330491,      0.00,      0.00,      0.00,      0.00,0,1,0,0,1,1,U2 
H4,840,2015,330499,      0.00,      0.00,      0.00,      0.00,0,2,0,0,2,2,U2 
H4,840,2015,330510,      0.00,      0.00,      0.00,      0.00,0,1,0,0,1,1,U2 
H4,840,2015,330520,      0.00,      0.00,      0.00,      0.00,0,1,0,0,1,1,U2 
H4,840,2015,330530,      0.00,      0.00,      0.00,      0.00,0,1,0,0,1,1,U2 
H4,840,2015,330590,      0.00,      0.00,      0.00,      0.00,0,1,0,0,1,1,U2 
H4,840,2015,330610,      0.00,      0.00,      0.00,      0.00,0,1,0,0,1,1,U2 
H4,840,2015,330620,      0.00,      0.00,      0.00,      0.00,0,1,0,0,1,1,U2 
H4,840,2015,330690,      0.00,      0.00,      0.00,      0.00,0,1,0,0,1,1,U2 
H4,840,2015,330710,      9.80,      4.90,      4.90,      4.90,0,0,0,2,2,2,U2 
H4,840,2015,330720,      4.90,      4.90,      4.90,      4.90,0,0,0,1,1,1,U2 
H4,840,2015,330730,     10.70,      4.90,      5.80,      5.35,0,0,0,2,2,2,U2 
H4,840,2015,330741,      2.40,      2.40,      2.40,      2.40,0,0,0,1,1,1,U2 
H4,840,2015,330749,      6.00,      6.00,      6.00,      6.00,0,0,0,1,1,1,U2 
H4,840,2015,330790,      5.40,      5.40,      5.40,      5.40,0,0,0,1,1,1,U2 
H4,840,2015,340111,      0.00,      0.00,      0.00,      0.00,0,2,0,0,2,2,U2 
H4,840,2015,340119,      0.00,      0.00,      0.00,      0.00,0,1,0,0,1,1,U2 
H4,840,2015,340120,      0.00,      0.00,      0.00,      0.00,0,1,0,0,1,1,U2 
H4,840,2015,340130,      4.00,      0.00,      4.00,      2.00,0,1,0,1,2,2,U2 
H4,840,2015,340211,     14.20,      3.70,      6.50,      4.73,0,0,0,3,3,3,U2 
H4,840,2015,340212,      8.00,      4.00,      4.00,      4.00,0,0,0,2,2,2,U2 
H4,840,2015,340213,     11.70,      3.70,      4.00,      3.90,0,0,0,3,3,3,U2 
H4,840,2015,340219,      7.70,      3.70,      4.00,      3.85,0,0,0,2,2,2,U2 
H4,840,2015,340220,      4.00,      0.00,      4.00,      2.00,0,1,0,1,2,2,U2 
H4,840,2015,340290,     11.50,      3.70,      4.00,      3.83,0,0,0,3,3,3,U2 
H4,840,2015,340311,      7.70,      0.20,      6.10,      2.57,0,0,0,3,3,3,U2 
H4,840,2015,340319,      6.00,      0.20,      5.80,      3.00,0,0,0,2,2,2,U2 
H4,840,2015,340391,     12.50,      6.00,      6.50,      6.25,0,0,0,2,2,2,U2 
H4,840,2015,340399,      6.50,      6.50,      6.50,      6.50,0,0,0,1,1,1,U2 
H4,840,2015,340420,      0.00,      0.00,      0.00,      0.00,0,1,0,0,1,1,U2 
H4,840,2015,340490,      0.00,      0.00,      0.00,      0.00,0,2,0,0,2,2,U2 
H4,840,2015,340510,      0.00,      0.00,      0.00,      0.00,0,1,0,0,1,1,U2 
H4,840,2015,340520,      0.00,      0.00,      0.00,      0.00,0,1,0,0,1,1,U2 
H4,840,2015,340530,      0.00,      0.00,      0.00,      0.00,0,1,0,0,1,1,U2 
H4,840,2015,340540,      0.00,      0.00,      0.00,      0.00,0,1,0,0,1,1,U2 
H4,840,2015,340590,      0.00,      0.00,      0.00,      0.00,0,1,0,0,1,1,U2 
H4,840,2015,340600,      0.00,      0.00,      0.00,      0.00,0,1,0,0,1,1,U2 
H4,840,2015,340700,      0.00,      0.00,      0.00,      0.00,0,2,0,0,2,2,U2 
H4,840,2015,350110,      0.04,      0.00,      0.04,      0.02,0,1,1,0,2,2,U2 
H4,840,2015,350190,      6.04,      0.04,      6.00,      3.02,0,0,1,1,2,2,U2 
H4,840,2015,350211,      5.10,      5.10,      5.10,      5.10,0,0,1,0,1,1,U2 
H4,840,2015,350219,      7.35,      7.35,      7.35,      7.35,0,0,1,0,1,1,U2 
H4,840,2015,350220,      0.00,      0.00,      0.00,      0.00,0,1,0,0,1,1,U2 
H4,840,2015,350290,      0.00,      0.00,      0.00,      0.00,0,1,0,0,1,1,U2 
H4,840,2015,350300,     13.51,      1.68,      4.23,      3.38,0,0,4,0,4,4,U2 
H4,840,2015,350400,      9.00,      4.00,      5.00,      4.50,0,0,0,2,2,2,U2 
H4,840,2015,350510,      0.71,      0.71,      0.71,      0.71,0,0,1,0,1,1,U2 
H4,840,2015,350520,      5.08,      5.08,      5.08,      5.08,0,0,1,0,1,1,U2 
H4,840,2015,350610,      8.60,      2.10,      6.50,      4.30,0,0,0,2,2,2,U2 
H4,840,2015,350691,      2.10,      2.10,      2.10,      2.10,0,0,0,1,1,1,U2 
H4,840,2015,350699,      2.10,      2.10,      2.10,      2.10,0,0,0,1,1,1,U2 
H4,840,2015,350710,      0.00,      0.00,      0.00,      0.00,0,1,0,0,1,1,U2 
H4,840,2015,350790,      0.00,      0.00,      0.00,      0.00,0,2,0,0,2,2,U2 
H4,840,2015,360100,      6.50,      6.50,      6.50,      6.50,0,0,0,1,1,1,U2 
H4,840,2015,360200,      0.00,      0.00,      0.00,      0.00,0,1,0,0,1,1,U2 
H4,840,2015,360300,      7.40,      0.20,      4.20,      2.47,0,0,0,3,3,3,U2 
H4,840,2015,360410,      7.70,      2.40,      5.30,      3.85,0,0,0,2,2,2,U2 
H4,840,2015,360490,      6.50,      6.50,      6.50,      6.50,0,0,0,1,1,1,U2 
H4,840,2015,360500,      0.00,      0.00,      0.00,      0.00,0,1,0,0,1,1,U2 
H4,840,2015,360610,      0.00,      0.00,      0.00,      0.00,0,1,0,0,1,1,U2 
H4,840,2015,360690,     10.90,      0.00,      5.90,      3.63,0,1,0,2,3,3,U2 
H4,840,2015,370110,      3.70,      3.70,      3.70,      3.70,0,0,0,1,1,1,U2 
H4,840,2015,370120,      3.70,      3.70,      3.70,      3.70,0,0,0,1,1,1,U2 
H4,840,2015,370130,      3.70,      3.70,      3.70,      3.70,0,0,0,1,1,1,U2 
H4,840,2015,370191,      3.70,      3.70,      3.70,      3.70,0,0,0,1,1,1,U2 
H4,840,2015,370199,      8.60,      3.70,      4.90,      4.30,0,0,0,2,2,2,U2 
H4,840,2015,370210,      3.70,      3.70,      3.70,      3.70,0,0,0,1,1,1,U2 
H4,840,2015,370231,      3.70,      3.70,      3.70,      3.70,0,0,0,1,1,1,U2 
H4,840,2015,370232,      3.70,      3.70,      3.70,      3.70,0,0,0,1,1,1,U2 
H4,840,2015,370239,      3.70,      3.70,      3.70,      3.70,0,0,0,1,1,1,U2 
H4,840,2015,370241,      3.70,      3.70,      3.70,      3.70,0,0,0,1,1,1,U2 
H4,840,2015,370242,      3.70,      3.70,      3.70,      3.70,0,0,0,1,1,1,U2 
H4,840,2015,370243,      3.70,      3.70,      3.70,      3.70,0,0,0,1,1,1,U2 
H4,840,2015,370244,      3.70,      3.70,      3.70,      3.70,0,0,0,1,1,1,U2 
H4,840,2015,370252,      3.70,      3.70,      3.70,      3.70,0,0,0,1,1,1,U2 
H4,840,2015,370253,      3.70,      3.70,      3.70,      3.70,0,0,0,1,1,1,U2 
H4,840,2015,370254,      3.70,      3.70,      3.70,      3.70,0,0,0,1,1,1,U2 
H4,840,2015,370255,      0.00,      0.00,      0.00,      0.00,0,1,0,0,1,1,U2 
H4,840,2015,370256,      0.00,      0.00,      0.00,      0.00,0,1,0,0,1,1,U2 
H4,840,2015,370296,      3.70,      3.70,      3.70,      3.70,0,0,0,1,1,1,U2 
H4,840,2015,370297,      0.00,      0.00,      0.00,      0.00,0,1,0,0,1,1,U2 
H4,840,2015,370298,      3.70,      3.70,      3.70,      3.70,0,0,0,1,1,1,U2 
H4,840,2015,370310,      6.80,      3.10,      3.70,      3.40,0,0,0,2,2,2,U2 
H4,840,2015,370320,      6.80,      3.10,      3.70,      3.40,0,0,0,2,2,2,U2 
H4,840,2015,370390,      6.50,      2.80,      3.70,      3.25,0,0,0,2,2,2,U2 
H4,840,2015,370400,      0.00,      0.00,      0.00,      0.00,0,1,0,0,1,1,U2 
H4,840,2015,370510,      0.00,      0.00,      0.00,      0.00,0,1,0,0,1,1,U2 
H4,840,2015,370590,      0.00,      0.00,      0.00,      0.00,0,1,0,0,1,1,U2 
H4,840,2015,370610,      1.40,      0.00,      1.40,      0.70,0,1,0,1,2,2,U2 
H4,840,2015,370690,      0.00,      0.00,      0.00,      0.00,0,1,0,0,1,1,U2 
H4,840,2015,370710,      3.00,      3.00,      3.00,      3.00,0,0,0,1,1,1,U2 
H4,840,2015,370790,      8.00,      0.00,      6.50,      2.67,0,1,0,2,3,3,U2 
H4,840,2015,380110,      3.70,      0.00,      3.70,      1.85,0,1,0,1,2,2,U2 
H4,840,2015,380120,      0.00,      0.00,      0.00,      0.00,0,1,0,0,1,1,U2 
H4,840,2015,380130,      4.90,      4.90,      4.90,      4.90,0,0,0,1,1,1,U2 
H4,840,2015,380190,      4.90,      4.90,      4.90,      4.90,0,0,0,1,1,1,U2 
H4,840,2015,380210,      4.80,      4.80,      4.80,      4.80,0,0,0,1,1,1,U2 
H4,840,2015,380290,     13.10,      2.50,      5.80,      4.37,0,0,0,3,3,3,U2 
H4,840,2015,380300,      0.00,      0.00,      0.00,      0.00,0,1,0,0,1,1,U2 
H4,840,2015,380400,      3.70,      0.00,      3.70,      1.85,0,1,0,1,2,2,U2 
H4,840,2015,380510,      5.00,      5.00,      5.00,      5.00,0,0,0,1,1,1,U2 
H4,840,2015,380590,      3.70,      0.00,      3.70,      1.85,0,1,0,1,2,2,U2 
H4,840,2015,380610,      5.00,      5.00,      5.00,      5.00,0,0,0,1,1,1,U2 
H4,840,2015,380620,      3.70,      3.70,      3.70,      3.70,0,0,0,1,1,1,U2 
H4,840,2015,380630,      6.50,      6.50,      6.50,      6.50,0,0,0,1,1,1,U2 
H4,840,2015,380690,      4.20,      4.20,      4.20,      4.20,0,0,0,1,1,1,U2 
H4,840,2015,380700,      0.10,      0.10,      0.10,      0.10,0,0,0,1,1,1,U2 
H4,840,2015,380850,     16.50,      5.00,      6.50,      5.50,0,0,0,3,3,3,U2 
H4,840,2015,380891,     19.30,      0.00,      6.50,      3.86,0,1,0,4,5,5,U2 
H4,840,2015,380892,     20.20,      0.00,      6.50,      3.37,0,2,0,4,6,6,U2 
H4,840,2015,380893,     16.50,      0.00,      6.50,      4.13,0,1,0,3,4,4,U2 
H4,840,2015,380894,     11.50,      5.00,      6.50,      5.75,0,0,0,2,2,2,U2 
H4,840,2015,380899,     16.50,      0.00,      6.50,      3.30,0,2,0,3,5,5,U2 
H4,840,2015,380910,      5.74,      5.74,      5.74,      5.74,0,0,1,0,1,1,U2 
H4,840,2015,380991,      6.00,      6.00,      6.00,      6.00,0,0,0,1,1,1,U2 
H4,840,2015,380992,     12.50,      6.00,      6.50,      6.25,0,0,0,2,2,2,U2 
H4,840,2015,380993,     12.50,      6.00,      6.50,      6.25,0,0,0,2,2,2,U2 
H4,840,2015,381010,      5.00,      5.00,      5.00,      5.00,0,0,0,1,1,1,U2 
H4,840,2015,381090,     11.50,      0.00,      6.50,      3.83,0,1,0,2,3,3,U2 
H4,840,2015,381111,      0.00,      0.00,      0.00,      0.00,0,2,0,0,2,2,U2 
H4,840,2015,381119,      6.50,      6.50,      6.50,      6.50,0,0,0,1,1,1,U2 
H4,840,2015,381121,      6.50,      6.50,      6.50,      6.50,0,0,0,1,1,1,U2 
H4,840,2015,381129,      6.50,      6.50,      6.50,      6.50,0,0,0,1,1,1,U2 
H4,840,2015,381190,      6.50,      6.50,      6.50,      6.50,0,0,0,1,1,1,U2 
H4,840,2015,381210,     11.50,      5.00,      6.50,      5.75,0,0,0,2,2,2,U2 
H4,840,2015,381220,     11.50,      5.00,      6.50,      5.75,0,0,0,2,2,2,U2 
H4,840,2015,381230,     18.00,      0.00,      6.50,      3.60,0,2,0,3,5,5,U2 
H4,840,2015,381300,      3.70,      0.00,      3.70,      1.85,0,1,0,1,2,2,U2 
H4,840,2015,381400,     19.00,      6.00,      6.50,      6.33,0,0,0,3,3,3,U2 
H4,840,2015,381511,      0.00,      0.00,      0.00,      0.00,0,1,0,0,1,1,U2 
H4,840,2015,381512,      0.00,      0.00,      0.00,      0.00,0,1,0,0,1,1,U2 
H4,840,2015,381519,      0.00,      0.00,      0.00,      0.00,0,1,0,0,1,1,U2 
H4,840,2015,381590,     14.30,      0.00,      6.50,      3.58,0,1,0,3,4,4,U2 
H4,840,2015,381600,      3.00,      3.00,      3.00,      3.00,0,0,0,1,1,1,U2 
H4,840,2015,381700,     19.50,      6.50,      6.50,      6.50,0,0,0,3,3,3,U2 
H4,840,2015,381800,      0.00,      0.00,      0.00,      0.00,0,1,0,0,1,1,U2 
H4,840,2015,381900,      6.50,      6.50,      6.50,      6.50,0,0,0,1,1,1,U2 
H4,840,2015,382000,      6.50,      6.50,      6.50,      6.50,0,0,0,1,1,1,U2 
H4,840,2015,382100,      5.00,      5.00,      5.00,      5.00,0,0,0,1,1,1,U2 
H4,840,2015,382200,      0.00,      0.00,      0.00,      0.00,0,3,0,0,3,3,U2 
H4,840,2015,382311,      5.86,      5.86,      5.86,      5.86,0,0,1,0,1,1,U2 
H4,840,2015,382312,      4.78,      4.78,      4.78,      4.78,0,0,1,0,1,1,U2 
H4,840,2015,382313,      3.20,      3.20,      3.20,      3.20,0,0,0,1,1,1,U2 
H4,840,2015,382319,      5.50,      2.30,      3.20,      2.75,0,0,0,2,2,2,U2 
H4,840,2015,382370,      9.50,      2.00,      5.10,      3.17,0,0,0,3,3,3,U2 
H4,840,2015,382410,      6.00,      6.00,      6.00,      6.00,0,0,0,1,1,1,U2 
H4,840,2015,382430,      3.60,      3.60,      3.60,      3.60,0,0,0,1,1,1,U2 
H4,840,2015,382440,     11.50,      0.00,      6.50,      3.83,0,1,0,2,3,3,U2 
H4,840,2015,382450,      0.00,      0.00,      0.00,      0.00,0,1,0,0,1,1,U2 
H4,840,2015,382460,      4.90,      4.90,      4.90,      4.90,0,0,0,1,1,1,U2 
H4,840,2015,382471,      3.70,      3.70,      3.70,      3.70,0,0,0,1,1,1,U2 
H4,840,2015,382472,      3.70,      3.70,      3.70,      3.70,0,0,0,1,1,1,U2 
H4,840,2015,382473,      3.70,      3.70,      3.70,      3.70,0,0,0,1,1,1,U2 
H4,840,2015,382474,      3.70,      3.70,      3.70,      3.70,0,0,0,1,1,1,U2 
H4,840,2015,382475,      6.50,      6.50,      6.50,      6.50,0,0,0,1,1,1,U2 
H4,840,2015,382476,      6.50,      6.50,      6.50,      6.50,0,0,0,1,1,1,U2 
H4,840,2015,382477,      3.70,      3.70,      3.70,      3.70,0,0,0,1,1,1,U2 
H4,840,2015,382478,      3.70,      3.70,      3.70,      3.70,0,0,0,1,1,1,U2 
H4,840,2015,382479,     10.20,      3.70,      6.50,      5.10,0,0,0,2,2,2,U2 
H4,840,2015,382481,      5.00,      5.00,      5.00,      5.00,0,0,0,1,1,1,U2 
H4,840,2015,382482,     10.20,      3.70,      6.50,      5.10,0,0,0,2,2,2,U2 
H4,840,2015,382483,      5.00,      5.00,      5.00,      5.00,0,0,0,1,1,1,U2 
H4,840,2015,382490,     89.00,      0.00,      6.50,      4.24,0,5,0,16,21,21,U2 
H4,840,2015,382510,      0.00,      0.00,      0.00,      0.00,0,1,0,0,1,1,U2 
H4,840,2015,382520,      0.00,      0.00,      0.00,      0.00,0,1,0,0,1,1,U2 
H4,840,2015,382530,      0.00,      0.00,      0.00,      0.00,0,1,0,0,1,1,U2 
H4,840,2015,382541,      0.00,      0.00,      0.00,      0.00,0,1,0,0,1,1,U2 
H4,840,2015,382549,      0.00,      0.00,      0.00,      0.00,0,1,0,0,1,1,U2 
H4,840,2015,382550,      0.00,      0.00,      0.00,      0.00,0,1,0,0,1,1,U2 
H4,840,2015,382561,      0.00,      0.00,      0.00,      0.00,0,1,0,0,1,1,U2 
H4,840,2015,382569,      0.00,      0.00,      0.00,      0.00,0,1,0,0,1,1,U2 
H4,840,2015,382590,      0.00,      0.00,      0.00,      0.00,0,1,0,0,1,1,U2 
H4,840,2015,382600,     11.10,      4.60,      6.50,      5.55,0,0,0,2,2,2,U2 
H4,840,2015,390110,     13.00,      6.50,      6.50,      6.50,0,0,0,2,2,2,U2 
H4,840,2015,390120,     13.00,      6.50,      6.50,      6.50,0,0,0,2,2,2,U2 
H4,840,2015,390130,      5.30,      0.00,      5.30,      2.65,0,1,0,1,2,2,U2 
H4,840,2015,390190,     13.00,      0.00,      6.50,      4.33,0,1,0,2,3,3,U2 
H4,840,2015,390210,      6.50,      6.50,      6.50,      6.50,0,0,0,1,1,1,U2 
H4,840,2015,390220,      6.50,      0.00,      6.50,      3.25,0,1,0,1,2,2,U2 
H4,840,2015,390230,      6.50,      6.50,      6.50,      6.50,0,0,0,1,1,1,U2 
H4,840,2015,390290,      6.50,      6.50,      6.50,      6.50,0,0,0,1,1,1,U2 
H4,840,2015,390311,      6.50,      6.50,      6.50,      6.50,0,0,0,1,1,1,U2 
H4,840,2015,390319,      6.50,      6.50,      6.50,      6.50,0,0,0,1,1,1,U2 
H4,840,2015,390320,      6.50,      6.50,      6.50,      6.50,0,0,0,1,1,1,U2 
H4,840,2015,390330,      6.50,      6.50,      6.50,      6.50,0,0,0,1,1,1,U2 
H4,840,2015,390390,     13.00,      6.50,      6.50,      6.50,0,0,0,2,2,2,U2 
H4,840,2015,390410,      6.50,      6.50,      6.50,      6.50,0,0,0,1,1,1,U2 
H4,840,2015,390421,      6.50,      6.50,      6.50,      6.50,0,0,0,1,1,1,U2 
H4,840,2015,390422,      6.50,      6.50,      6.50,      6.50,0,0,0,1,1,1,U2 
H4,840,2015,390430,      5.30,      0.00,      5.30,      2.65,0,1,0,1,2,2,U2 
H4,840,2015,390440,      5.30,      5.30,      5.30,      5.30,0,0,0,1,1,1,U2 
H4,840,2015,390450,      6.50,      6.50,      6.50,      6.50,0,0,0,1,1,1,U2 
H4,840,2015,390461,      5.80,      5.80,      5.80,      5.80,0,0,0,1,1,1,U2 
H4,840,2015,390469,      6.50,      0.00,      6.50,      3.25,0,1,0,1,2,2,U2 
H4,840,2015,390490,      6.50,      0.00,      6.50,      3.25,0,1,0,1,2,2,U2 
H4,840,2015,390512,      4.00,      4.00,      4.00,      4.00,0,0,0,1,1,1,U2 
H4,840,2015,390519,      4.00,      4.00,      4.00,      4.00,0,0,0,1,1,1,U2 
H4,840,2015,390521,      4.00,      4.00,      4.00,      4.00,0,0,0,1,1,1,U2 
H4,840,2015,390529,      4.00,      4.00,      4.00,      4.00,0,0,0,1,1,1,U2 
H4,840,2015,390530,      3.20,      3.20,      3.20,      3.20,0,0,0,1,1,1,U2 
H4,840,2015,390591,      9.30,      4.00,      5.30,      4.65,0,0,0,2,2,2,U2 
H4,840,2015,390599,      5.30,      0.00,      5.30,      2.65,0,1,0,1,2,2,U2 
H4,840,2015,390610,      6.30,      6.30,      6.30,      6.30,0,0,0,1,1,1,U2 
H4,840,2015,390690,     10.50,      0.00,      6.30,      3.50,0,1,0,2,3,3,U2 
H4,840,2015,390710,      6.50,      6.50,      6.50,      6.50,0,0,0,1,1,1,U2 
H4,840,2015,390720,      6.50,      6.50,      6.50,      6.50,0,0,0,1,1,1,U2 
H4,840,2015,390730,      6.10,      6.10,      6.10,      6.10,0,0,0,1,1,1,U2 
H4,840,2015,390740,      5.80,      5.80,      5.80,      5.80,0,0,0,1,1,1,U2 
H4,840,2015,390750,      6.50,      6.50,      6.50,      6.50,0,0,0,1,1,1,U2 
H4,840,2015,390760,      6.50,      6.50,      6.50,      6.50,0,0,0,1,1,1,U2 
H4,840,2015,390770,      6.50,      6.50,      6.50,      6.50,0,0,0,1,1,1,U2 
H4,840,2015,390791,     12.30,      0.00,      6.50,      4.10,0,1,0,2,3,3,U2 
H4,840,2015,390799,      6.50,      6.50,      6.50,      6.50,0,0,0,1,1,1,U2 
H4,840,2015,390810,      6.30,      6.30,      6.30,      6.30,0,0,0,1,1,1,U2 
H4,840,2015,390890,      6.50,      0.00,      6.50,      3.25,0,1,0,1,2,2,U2 
H4,840,2015,390910,      6.50,      6.50,      6.50,      6.50,0,0,0,1,1,1,U2 
H4,840,2015,390920,      6.50,      6.50,      6.50,      6.50,0,0,0,1,1,1,U2 
H4,840,2015,390930,      6.50,      6.50,      6.50,      6.50,0,0,0,1,1,1,U2 
H4,840,2015,390940,      6.50,      6.50,      6.50,      6.50,0,0,0,1,1,1,U2 
H4,840,2015,390950,      8.40,      0.00,      6.30,      2.80,0,1,0,2,3,3,U2 
H4,840,2015,391000,      3.00,      3.00,      3.00,      3.00,0,0,0,1,1,1,U2 
H4,840,2015,391110,      6.10,      6.10,      6.10,      6.10,0,0,0,1,1,1,U2 
H4,840,2015,391190,     18.40,      0.00,      6.50,      2.63,0,4,0,3,7,7,U2 
H4,840,2015,391211,      5.60,      5.60,      5.60,      5.60,0,0,0,1,1,1,U2 
H4,840,2015,391212,      5.60,      5.60,      5.60,      5.60,0,0,0,1,1,1,U2 
H4,840,2015,391220,      5.20,      5.20,      5.20,      5.20,0,0,0,1,1,1,U2 
H4,840,2015,391231,      6.40,      6.40,      6.40,      6.40,0,0,0,1,1,1,U2 
H4,840,2015,391239,      4.20,      4.20,      4.20,      4.20,0,0,0,1,1,1,U2 
H4,840,2015,391290,      5.20,      5.20,      5.20,      5.20,0,0,0,1,1,1,U2 
H4,840,2015,391310,      4.20,      4.20,      4.20,      4.20,0,0,0,1,1,1,U2 
H4,840,2015,391390,     12.30,      0.00,      6.50,      4.10,0,1,0,2,3,3,U2 
H4,840,2015,391400,      3.90,      0.00,      3.90,      1.95,0,1,0,1,2,2,U2 
H4,840,2015,391510,      0.00,      0.00,      0.00,      0.00,0,1,0,0,1,1,U2 
H4,840,2015,391520,      0.00,      0.00,      0.00,      0.00,0,1,0,0,1,1,U2 
H4,840,2015,391530,      0.00,      0.00,      0.00,      0.00,0,1,0,0,1,1,U2 
H4,840,2015,391590,      0.00,      0.00,      0.00,      0.00,0,1,0,0,1,1,U2 
H4,840,2015,391610,      5.80,      5.80,      5.80,      5.80,0,0,0,1,1,1,U2 
H4,840,2015,391620,      5.80,      5.80,      5.80,      5.80,0,0,0,1,1,1,U2 
H4,840,2015,391690,     21.90,      3.10,      6.50,      5.47,0,0,0,4,4,4,U2 
H4,840,2015,391710,     10.70,      0.00,      6.50,      3.57,0,1,0,2,3,3,U2 
H4,840,2015,391721,      3.10,      3.10,      3.10,      3.10,0,0,0,1,1,1,U2 
H4,840,2015,391722,      3.10,      3.10,      3.10,      3.10,0,0,0,1,1,1,U2 
H4,840,2015,391723,      3.10,      3.10,      3.10,      3.10,0,0,0,1,1,1,U2 
H4,840,2015,391729,      3.10,      3.10,      3.10,      3.10,0,0,0,1,1,1,U2 
H4,840,2015,391731,      3.10,      3.10,      3.10,      3.10,0,0,0,1,1,1,U2 
H4,840,2015,391732,      3.10,      3.10,      3.10,      3.10,0,0,0,1,1,1,U2 
H4,840,2015,391733,      3.10,      3.10,      3.10,      3.10,0,0,0,1,1,1,U2 
H4,840,2015,391739,      3.10,      3.10,      3.10,      3.10,0,0,0,1,1,1,U2 
H4,840,2015,391740,      5.30,      5.30,      5.30,      5.30,0,0,0,1,1,1,U2 
H4,840,2015,391810,     30.80,      4.20,      6.50,      5.13,0,0,0,6,6,6,U2 
H4,840,2015,391890,     21.30,      4.20,      6.50,      5.32,0,0,0,4,4,4,U2 
H4,840,2015,391910,     12.30,      5.80,      6.50,      6.15,0,0,0,2,2,2,U2 
H4,840,2015,391990,     12.30,      5.80,      6.50,      6.15,0,0,0,2,2,2,U2 
H4,840,2015,392010,      4.20,      4.20,      4.20,      4.20,0,0,0,1,1,1,U2 
H4,840,2015,392020,      4.20,      4.20,      4.20,      4.20,0,0,0,1,1,1,U2 
H4,840,2015,392030,      5.80,      5.80,      5.80,      5.80,0,0,0,1,1,1,U2 
H4,840,2015,392043,      7.30,      3.10,      4.20,      3.65,0,0,0,2,2,2,U2 
H4,840,2015,392049,      5.80,      5.80,      5.80,      5.80,0,0,0,1,1,1,U2 
H4,840,2015,392051,     12.50,      6.00,      6.50,      6.25,0,0,0,2,2,2,U2 
H4,840,2015,392059,     12.50,      0.00,      6.50,      4.17,0,1,0,2,3,3,U2 
H4,840,2015,392061,      5.80,      5.80,      5.80,      5.80,0,0,0,1,1,1,U2 
H4,840,2015,392062,      4.20,      4.20,      4.20,      4.20,0,0,0,1,1,1,U2 
H4,840,2015,392063,     10.00,      4.20,      5.80,      5.00,0,0,0,2,2,2,U2 
H4,840,2015,392069,      4.20,      4.20,      4.20,      4.20,0,0,0,1,1,1,U2 
H4,840,2015,392071,      6.20,      6.20,      6.20,      6.20,0,0,0,1,1,1,U2 
H4,840,2015,392073,      2.90,      2.90,      2.90,      2.90,0,0,0,1,1,1,U2 
H4,840,2015,392079,     13.00,      3.10,      6.20,      4.33,0,0,0,3,3,3,U2 
H4,840,2015,392091,      4.20,      4.20,      4.20,      4.20,0,0,0,1,1,1,U2 
H4,840,2015,392092,      4.20,      4.20,      4.20,      4.20,0,0,0,1,1,1,U2 
H4,840,2015,392093,      5.80,      5.80,      5.80,      5.80,0,0,0,1,1,1,U2 
H4,840,2015,392094,      5.80,      5.80,      5.80,      5.80,0,0,0,1,1,1,U2 
H4,840,2015,392099,     16.00,      4.20,      6.00,      5.33,0,0,0,3,3,3,U2 
H4,840,2015,392111,      5.30,      5.30,      5.30,      5.30,0,0,0,1,1,1,U2 
H4,840,2015,392112,     22.50,      4.20,      6.50,      5.63,0,0,0,4,4,4,U2 
H4,840,2015,392113,     20.20,      4.20,      6.50,      5.05,0,0,0,4,4,4,U2 
H4,840,2015,392114,      6.50,      6.50,      6.50,      6.50,0,0,0,1,1,1,U2 
H4,840,2015,392119,      6.50,      6.50,      6.50,      6.50,0,0,0,1,1,1,U2 
H4,840,2015,392190,     42.40,      4.20,      6.50,      5.30,0,0,0,8,8,8,U2 
H4,840,2015,392210,      6.30,      6.30,      6.30,      6.30,0,0,0,1,1,1,U2 
H4,840,2015,392220,      6.30,      6.30,      6.30,      6.30,0,0,0,1,1,1,U2 
H4,840,2015,392290,      6.30,      6.30,      6.30,      6.30,0,0,0,1,1,1,U2 
H4,840,2015,392310,      3.00,      3.00,      3.00,      3.00,0,0,0,1,1,1,U2 
H4,840,2015,392321,      3.00,      3.00,      3.00,      3.00,0,0,0,1,1,1,U2 
H4,840,2015,392329,      3.00,      3.00,      3.00,      3.00,0,0,0,1,1,1,U2 
H4,840,2015,392330,      3.00,      3.00,      3.00,      3.00,0,0,0,1,1,1,U2 
H4,840,2015,392340,      5.30,      5.30,      5.30,      5.30,0,0,0,1,1,1,U2 
H4,840,2015,392350,      5.30,      5.30,      5.30,      5.30,0,0,0,1,1,1,U2 
H4,840,2015,392390,      3.00,      3.00,      3.00,      3.00,0,0,0,1,1,1,U2 
H4,840,2015,392410,     18.60,      3.40,      6.50,      4.65,0,0,0,4,4,4,U2 
H4,840,2015,392490,     13.20,      3.10,      3.40,      3.30,0,0,0,4,4,4,U2 
H4,840,2015,392510,      6.30,      6.30,      6.30,      6.30,0,0,0,1,1,1,U2 
H4,840,2015,392520,      5.30,      5.30,      5.30,      5.30,0,0,0,1,1,1,U2 
H4,840,2015,392530,      8.60,      3.30,      5.30,      4.30,0,0,0,2,2,2,U2 
H4,840,2015,392590,      5.30,      5.30,      5.30,      5.30,0,0,0,1,1,1,U2 
H4,840,2015,392610,      5.30,      5.30,      5.30,      5.30,0,0,0,1,1,1,U2 
H4,840,2015,392620,     14.50,      0.00,      6.50,      2.42,0,3,0,3,6,6,U2 
H4,840,2015,392630,     11.80,      5.30,      6.50,      5.90,0,0,0,2,2,2,U2 
H4,840,2015,392640,      5.30,      5.30,      5.30,      5.30,0,0,0,1,1,1,U2 
H4,840,2015,392690,    109.70,      0.00,      6.50,      4.22,0,2,0,24,26,26,U2 
H4,840,2015,400110,      0.00,      0.00,      0.00,      0.00,0,1,0,0,1,1,U2 
H4,840,2015,400121,      0.00,      0.00,      0.00,      0.00,0,1,0,0,1,1,U2 
H4,840,2015,400122,      0.00,      0.00,      0.00,      0.00,0,1,0,0,1,1,U2 
H4,840,2015,400129,      0.00,      0.00,      0.00,      0.00,0,1,0,0,1,1,U2 
H4,840,2015,400130,      0.00,      0.00,      0.00,      0.00,0,1,0,0,1,1,U2 
H4,840,2015,400211,      0.00,      0.00,      0.00,      0.00,0,1,0,0,1,1,U2 
H4,840,2015,400219,      0.00,      0.00,      0.00,      0.00,0,1,0,0,1,1,U2 
H4,840,2015,400220,      0.00,      0.00,      0.00,      0.00,0,1,0,0,1,1,U2 
H4,840,2015,400231,      0.00,      0.00,      0.00,      0.00,0,1,0,0,1,1,U2 
H4,840,2015,400239,      0.00,      0.00,      0.00,      0.00,0,1,0,0,1,1,U2 
H4,840,2015,400241,      0.00,      0.00,      0.00,      0.00,0,1,0,0,1,1,U2 
H4,840,2015,400249,      0.00,      0.00,      0.00,      0.00,0,1,0,0,1,1,U2 
H4,840,2015,400251,      0.00,      0.00,      0.00,      0.00,0,1,0,0,1,1,U2 
H4,840,2015,400259,      0.00,      0.00,      0.00,      0.00,0,1,0,0,1,1,U2 
H4,840,2015,400260,      0.00,      0.00,      0.00,      0.00,0,1,0,0,1,1,U2 
H4,840,2015,400270,      0.00,      0.00,      0.00,      0.00,0,1,0,0,1,1,U2 
H4,840,2015,400280,      0.00,      0.00,      0.00,      0.00,0,1,0,0,1,1,U2 
H4,840,2015,400291,      0.00,      0.00,      0.00,      0.00,0,1,0,0,1,1,U2 
H4,840,2015,400299,      0.00,      0.00,      0.00,      0.00,0,1,0,0,1,1,U2 
H4,840,2015,400300,      0.00,      0.00,      0.00,      0.00,0,1,0,0,1,1,U2 
H4,840,2015,400400,      0.00,      0.00,      0.00,      0.00,0,1,0,0,1,1,U2 
H4,840,2015,400510,      0.00,      0.00,      0.00,      0.00,0,1,0,0,1,1,U2 
H4,840,2015,400520,      0.00,      0.00,      0.00,      0.00,0,1,0,0,1,1,U2 
H4,840,2015,400591,      0.00,      0.00,      0.00,      0.00,0,1,0,0,1,1,U2 
H4,840,2015,400599,      0.00,      0.00,      0.00,      0.00,0,1,0,0,1,1,U2 
H4,840,2015,400610,      2.90,      2.90,      2.90,      2.90,0,0,0,1,1,1,U2 
H4,840,2015,400690,      2.70,      0.00,      2.70,      1.35,0,1,0,1,2,2,U2 
H4,840,2015,400700,      0.00,      0.00,      0.00,      0.00,0,1,0,0,1,1,U2 
H4,840,2015,400811,      3.30,      0.00,      3.30,      1.65,0,1,0,1,2,2,U2 
H4,840,2015,400819,      6.60,      0.00,      3.30,      1.65,0,2,0,2,4,4,U2 
H4,840,2015,400821,      0.00,      0.00,      0.00,      0.00,0,1,0,0,1,1,U2 
H4,840,2015,400829,      5.80,      2.90,      2.90,      2.90,0,0,0,2,2,2,U2 
H4,840,2015,400911,      2.50,      2.50,      2.50,      2.50,0,0,0,1,1,1,U2 
H4,840,2015,400912,      2.50,      2.50,      2.50,      2.50,0,0,0,1,1,1,U2 
H4,840,2015,400921,      2.50,      2.50,      2.50,      2.50,0,0,0,1,1,1,U2 
H4,840,2015,400922,      2.50,      2.50,      2.50,      2.50,0,0,0,1,1,1,U2 
H4,840,2015,400931,      2.50,      2.50,      2.50,      2.50,0,0,0,1,1,1,U2 
H4,840,2015,400932,      2.50,      2.50,      2.50,      2.50,0,0,0,1,1,1,U2 
H4,840,2015,400941,      2.50,      2.50,      2.50,      2.50,0,0,0,1,1,1,U2 
H4,840,2015,400942,      2.50,      2.50,      2.50,      2.50,0,0,0,1,1,1,U2 
H4,840,2015,401011,      3.30,      3.30,      3.30,      3.30,0,0,0,1,1,1,U2 
H4,840,2015,401012,     20.40,      1.90,      8.00,      5.10,0,0,0,4,4,4,U2 
H4,840,2015,401019,     23.70,      1.90,      8.00,      4.74,0,0,0,5,5,5,U2 
H4,840,2015,401031,      6.20,      2.80,      3.40,      3.10,0,0,0,2,2,2,U2 
H4,840,2015,401032,      6.20,      2.80,      3.40,      3.10,0,0,0,2,2,2,U2 
H4,840,2015,401033,      6.20,      2.80,      3.40,      3.10,0,0,0,2,2,2,U2 
H4,840,2015,401034,      6.20,      2.80,      3.40,      3.10,0,0,0,2,2,2,U2 
H4,840,2015,401035,     23.70,      1.90,      8.00,      4.74,0,0,0,5,5,5,U2 
H4,840,2015,401036,     23.70,      1.90,      8.00,      4.74,0,0,0,5,5,5,U2 
H4,840,2015,401039,     29.90,      1.90,      8.00,      4.27,0,0,0,7,7,7,U2 
H4,840,2015,401110,      7.40,      3.40,      4.00,      3.70,0,0,0,2,2,2,U2 
H4,840,2015,401120,      7.40,      3.40,      4.00,      3.70,0,0,0,2,2,2,U2 
H4,840,2015,401130,      0.00,      0.00,      0.00,      0.00,0,1,0,0,1,1,U2 
H4,840,2015,401140,      0.00,      0.00,      0.00,      0.00,0,1,0,0,1,1,U2 
H4,840,2015,401150,      0.00,      0.00,      0.00,      0.00,0,1,0,0,1,1,U2 
H4,840,2015,401161,      0.00,      0.00,      0.00,      0.00,0,1,0,0,1,1,U2 
H4,840,2015,401162,      0.00,      0.00,      0.00,      0.00,0,1,0,0,1,1,U2 
H4,840,2015,401163,      0.00,      0.00,      0.00,      0.00,0,1,0,0,1,1,U2 
H4,840,2015,401169,      0.00,      0.00,      0.00,      0.00,0,1,0,0,1,1,U2 
H4,840,2015,401192,      0.00,      0.00,      0.00,      0.00,0,1,0,0,1,1,U2 
H4,840,2015,401193,      7.40,      3.40,      4.00,      3.70,0,0,0,2,2,2,U2 
H4,840,2015,401194,      7.40,      3.40,      4.00,      3.70,0,0,0,2,2,2,U2 
H4,840,2015,401199,      7.40,      3.40,      4.00,      3.70,0,0,0,2,2,2,U2 
H4,840,2015,401211,      7.40,      3.40,      4.00,      3.70,0,0,0,2,2,2,U2 
H4,840,2015,401212,      7.40,      3.40,      4.00,      3.70,0,0,0,2,2,2,U2 
H4,840,2015,401213,      0.00,      0.00,      0.00,      0.00,0,1,0,0,1,1,U2 
H4,840,2015,401219,      7.40,      0.00,      4.00,      2.47,0,1,0,2,3,3,U2 
H4,840,2015,401220,      0.00,      0.00,      0.00,      0.00,0,5,0,0,5,5,U2 
H4,840,2015,401290,      6.90,      0.00,      4.20,      1.38,0,3,0,2,5,5,U2 
H4,840,2015,401310,      3.70,      3.70,      3.70,      3.70,0,0,0,1,1,1,U2 
H4,840,2015,401320,      0.00,      0.00,      0.00,      0.00,0,1,0,0,1,1,U2 
H4,840,2015,401390,      3.70,      0.00,      3.70,      1.85,0,1,0,1,2,2,U2 
H4,840,2015,401410,      0.00,      0.00,      0.00,      0.00,0,1,0,0,1,1,U2 
H4,840,2015,401490,      4.20,      0.00,      4.20,      2.10,0,1,0,1,2,2,U2 
H4,840,2015,401511,      0.00,      0.00,      0.00,      0.00,0,1,0,0,1,1,U2 
H4,840,2015,401519,     17.00,      0.00,     14.00,      5.67,0,1,0,2,3,3,U2 
H4,840,2015,401590,      4.00,      4.00,      4.00,      4.00,0,0,0,1,1,1,U2 
H4,840,2015,401610,      0.00,      0.00,      0.00,      0.00,0,1,0,0,1,1,U2 
H4,840,2015,401691,      2.70,      2.70,      2.70,      2.70,0,0,0,1,1,1,U2 
H4,840,2015,401692,      4.20,      4.20,      4.20,      4.20,0,0,0,1,1,1,U2 
H4,840,2015,401693,      5.00,      2.50,      2.50,      2.50,0,0,0,2,2,2,U2 
H4,840,2015,401694,      4.20,      4.20,      4.20,      4.20,0,0,0,1,1,1,U2 
H4,840,2015,401695,      4.20,      4.20,      4.20,      4.20,0,0,0,1,1,1,U2 
H4,840,2015,401699,     21.70,      0.00,      4.30,      2.41,0,2,0,7,9,9,U2 
H4,840,2015,401700,      2.70,      2.70,      2.70,      2.70,0,0,0,1,1,1,U2 
H4,840,2015,410120,     16.40,      0.00,      5.00,      2.34,0,2,0,5,7,7,U2 
H4,840,2015,410150,     16.40,      0.00,      5.00,      2.34,0,2,0,5,7,7,U2 
H4,840,2015,410190,     14.00,      0.00,      5.00,      2.80,0,1,0,4,5,5,U2 
H4,840,2015,410210,      2.00,      0.00,      2.00,      0.67,0,2,0,1,3,3,U2 
H4,840,2015,410221,      0.00,      0.00,      0.00,      0.00,0,1,0,0,1,1,U2 
H4,840,2015,410229,      2.00,      0.00,      2.00,      0.67,0,2,0,1,3,3,U2 
H4,840,2015,410320,      5.00,      0.00,      5.00,      1.67,0,2,0,1,3,3,U2 
H4,840,2015,410330,      4.20,      0.00,      4.20,      2.10,0,1,0,1,2,2,U2 
H4,840,2015,410390,      7.00,      0.00,      3.70,      1.75,0,2,0,2,4,4,U2 
H4,840,2015,410411,     13.10,      0.00,      5.00,      2.62,0,1,0,4,5,5,U2 
H4,840,2015,410419,     13.10,      0.00,      5.00,      2.62,0,1,0,4,5,5,U2 
H4,840,2015,410441,     13.10,      0.00,      5.00,      2.62,0,1,0,4,5,5,U2 
H4,840,2015,410449,     13.10,      0.00,      5.00,      2.62,0,1,0,4,5,5,U2 
H4,840,2015,410510,      4.00,      2.00,      2.00,      2.00,0,0,0,2,2,2,U2 
H4,840,2015,410530,      2.00,      2.00,      2.00,      2.00,0,0,0,1,1,1,U2 
H4,840,2015,410621,      4.80,      2.40,      2.40,      2.40,0,0,0,2,2,2,U2 
H4,840,2015,410622,      2.40,      2.40,      2.40,      2.40,0,0,0,1,1,1,U2 
H4,840,2015,410631,      8.40,      4.20,      4.20,      4.20,0,0,0,2,2,2,U2 
H4,840,2015,410632,      4.20,      4.20,      4.20,      4.20,0,0,0,1,1,1,U2 
H4,840,2015,410640,      0.00,      0.00,      0.00,      0.00,0,1,0,0,1,1,U2 
H4,840,2015,410691,      3.30,      3.30,      3.30,      3.30,0,0,0,1,1,1,U2 
H4,840,2015,410692,      3.30,      3.30,      3.30,      3.30,0,0,0,1,1,1,U2 
H4,840,2015,410711,     22.00,      0.00,      5.00,      2.75,0,1,0,7,8,8,U2 
H4,840,2015,410712,     22.00,      0.00,      5.00,      2.75,0,1,0,7,8,8,U2 
H4,840,2015,410719,     23.70,      0.00,      5.00,      2.96,0,1,0,7,8,8,U2 
H4,840,2015,410791,     16.00,      2.40,      5.00,      3.20,0,0,0,5,5,5,U2 
H4,840,2015,410792,     16.00,      2.40,      5.00,      3.20,0,0,0,5,5,5,U2 
H4,840,2015,410799,     17.70,      2.40,      5.00,      3.54,0,0,0,5,5,5,U2 
H4,840,2015,411200,      4.00,      2.00,      2.00,      2.00,0,0,0,2,2,2,U2 
H4,840,2015,411310,      5.20,      2.40,      2.80,      2.60,0,0,0,2,2,2,U2 
H4,840,2015,411320,      4.20,      4.20,      4.20,      4.20,0,0,0,1,1,1,U2 
H4,840,2015,411330,      0.00,      0.00,      0.00,      0.00,0,2,0,0,2,2,U2 
H4,840,2015,411390,      4.90,      1.60,      3.30,      2.45,0,0,0,2,2,2,U2 
H4,840,2015,411410,      3.20,      3.20,      3.20,      3.20,0,0,0,1,1,1,U2 
H4,840,2015,411420,      7.50,      1.60,      3.60,      2.50,0,0,0,3,3,3,U2 
H4,840,2015,411510,      0.00,      0.00,      0.00,      0.00,0,1,0,0,1,1,U2 
H4,840,2015,411520,      0.00,      0.00,      0.00,      0.00,0,1,0,0,1,1,U2 
H4,840,2015,420100,      5.20,      2.40,      2.80,      2.60,0,0,0,2,2,2,U2 
H4,840,2015,420211,      8.00,      8.00,      8.00,      8.00,0,0,0,1,1,1,U2 
H4,840,2015,420212,     49.60,      5.70,     20.00,     12.40,0,0,0,4,4,4,U2 
H4,840,2015,420219,     20.00,     20.00,     20.00,     20.00,0,0,0,1,1,1,U2 
H4,840,2015,420221,     24.30,      5.30,     10.00,      8.10,0,0,0,3,3,3,U2 
H4,840,2015,420222,     68.40,      5.70,     17.60,      9.77,0,0,0,7,7,7,U2 
H4,840,2015,420229,     36.40,      3.30,     20.00,      9.10,0,0,0,4,4,4,U2 
H4,840,2015,420231,     11.70,      3.70,      8.00,      5.85,0,0,0,2,2,2,U2 
H4,840,2015,420232,     54.77,      0.00,     20.00,      9.13,0,1,1,4,6,6,U2 
H4,840,2015,420239,     36.40,      3.30,     20.00,      9.10,0,0,0,4,4,4,U2 
H4,840,2015,420291,      4.50,      4.50,      4.50,      4.50,0,0,0,1,1,1,U2 
H4,840,2015,420292,     95.10,      3.40,     20.00,      9.51,0,0,0,10,10,10,U2 
H4,840,2015,420299,     35.50,      0.00,     20.00,      7.10,0,1,0,4,5,5,U2 
H4,840,2015,420310,     10.70,      4.70,      6.00,      5.35,0,0,0,2,2,2,U2 
H4,840,2015,420321,     16.90,      0.00,      5.50,      2.82,0,2,0,4,6,6,U2 
H4,840,2015,420329,    106.40,     12.60,     14.00,     13.30,0,0,0,8,8,8,U2 
H4,840,2015,420330,      2.70,      2.70,      2.70,      2.70,0,0,0,1,1,1,U2 
H4,840,2015,420340,      4.90,      0.00,      4.90,      2.45,0,1,0,1,2,2,U2 
H4,840,2015,420500,      9.60,      0.00,      4.90,      1.60,0,3,0,3,6,6,U2 
H4,840,2015,420600,      7.40,      0.00,      3.90,      2.47,0,1,0,2,3,3,U2 
H4,840,2015,430110,      0.00,      0.00,      0.00,      0.00,0,1,0,0,1,1,U2 
H4,840,2015,430130,      0.00,      0.00,      0.00,      0.00,0,1,0,0,1,1,U2 
H4,840,2015,430160,      5.10,      0.00,      5.10,      2.55,0,1,0,1,2,2,U2 
H4,840,2015,430180,      0.00,      0.00,      0.00,      0.00,0,1,0,0,1,1,U2 
H4,840,2015,430190,      0.00,      0.00,      0.00,      0.00,0,1,0,0,1,1,U2 
H4,840,2015,430211,      2.10,      2.10,      2.10,      2.10,0,0,0,1,1,1,U2 
H4,840,2015,430219,     19.40,      1.50,      5.60,      2.77,0,0,0,7,7,7,U2 
H4,840,2015,430220,      7.30,      1.70,      3.50,      2.43,0,0,0,3,3,3,U2 
H4,840,2015,430230,      5.30,      5.30,      5.30,      5.30,0,0,0,1,1,1,U2 
H4,840,2015,430310,      4.00,      4.00,      4.00,      4.00,0,0,0,1,1,1,U2 
H4,840,2015,430390,      0.00,      0.00,      0.00,      0.00,0,1,0,0,1,1,U2 
H4,840,2015,430400,      6.50,      6.50,      6.50,      6.50,0,0,0,1,1,1,U2 
H4,840,2015,440110,      0.00,      0.00,      0.00,      0.00,0,1,0,0,1,1,U2 
H4,840,2015,440121,      0.00,      0.00,      0.00,      0.00,0,1,0,0,1,1,U2 
H4,840,2015,440122,      0.00,      0.00,      0.00,      0.00,0,1,0,0,1,1,U2 
H4,840,2015,440131,      0.00,      0.00,      0.00,      0.00,0,1,0,0,1,1,U2 
H4,840,2015,440139,      0.00,      0.00,      0.00,      0.00,0,2,0,0,2,2,U2 
H4,840,2015,440210,      0.00,      0.00,      0.00,      0.00,0,1,0,0,1,1,U2 
H4,840,2015,440290,      0.00,      0.00,      0.00,      0.00,0,1,0,0,1,1,U2 
H4,840,2015,440310,      0.00,      0.00,      0.00,      0.00,0,1,0,0,1,1,U2 
H4,840,2015,440320,      0.00,      0.00,      0.00,      0.00,0,1,0,0,1,1,U2 
H4,840,2015,440341,      0.00,      0.00,      0.00,      0.00,0,1,0,0,1,1,U2 
H4,840,2015,440349,      0.00,      0.00,      0.00,      0.00,0,1,0,0,1,1,U2 
H4,840,2015,440391,      0.00,      0.00,      0.00,      0.00,0,1,0,0,1,1,U2 
H4,840,2015,440392,      0.00,      0.00,      0.00,      0.00,0,1,0,0,1,1,U2 
H4,840,2015,440399,      0.00,      0.00,      0.00,      0.00,0,1,0,0,1,1,U2 
H4,840,2015,440410,      0.00,      0.00,      0.00,      0.00,0,1,0,0,1,1,U2 
H4,840,2015,440420,      0.00,      0.00,      0.00,      0.00,0,1,0,0,1,1,U2 
H4,840,2015,440500,      3.20,      3.20,      3.20,      3.20,0,0,0,1,1,1,U2 
H4,840,2015,440610,      0.00,      0.00,      0.00,      0.00,0,1,0,0,1,1,U2 
H4,840,2015,440690,      0.00,      0.00,      0.00,      0.00,0,1,0,0,1,1,U2 
H4,840,2015,440710,      0.00,      0.00,      0.00,      0.00,0,1,0,0,1,1,U2 
H4,840,2015,440721,      0.00,      0.00,      0.00,      0.00,0,1,0,0,1,1,U2 
H4,840,2015,440722,      0.00,      0.00,      0.00,      0.00,0,1,0,0,1,1,U2 
H4,840,2015,440725,      0.00,      0.00,      0.00,      0.00,0,1,0,0,1,1,U2 
H4,840,2015,440726,      0.00,      0.00,      0.00,      0.00,0,1,0,0,1,1,U2 
H4,840,2015,440727,      0.00,      0.00,      0.00,      0.00,0,1,0,0,1,1,U2 
H4,840,2015,440728,      0.00,      0.00,      0.00,      0.00,0,1,0,0,1,1,U2 
H4,840,2015,440729,      0.00,      0.00,      0.00,      0.00,0,1,0,0,1,1,U2 
H4,840,2015,440791,      0.00,      0.00,      0.00,      0.00,0,1,0,0,1,1,U2 
H4,840,2015,440792,      0.00,      0.00,      0.00,      0.00,0,1,0,0,1,1,U2 
H4,840,2015,440793,      0.00,      0.00,      0.00,      0.00,0,1,0,0,1,1,U2 
H4,840,2015,440794,      0.00,      0.00,      0.00,      0.00,0,1,0,0,1,1,U2 
H4,840,2015,440795,      0.00,      0.00,      0.00,      0.00,0,1,0,0,1,1,U2 
H4,840,2015,440799,      0.00,      0.00,      0.00,      0.00,0,1,0,0,1,1,U2 
H4,840,2015,440810,      0.00,      0.00,      0.00,      0.00,0,1,0,0,1,1,U2 
H4,840,2015,440831,      0.00,      0.00,      0.00,      0.00,0,1,0,0,1,1,U2 
H4,840,2015,440839,      0.00,      0.00,      0.00,      0.00,0,1,0,0,1,1,U2 
H4,840,2015,440890,      0.00,      0.00,      0.00,      0.00,0,1,0,0,1,1,U2 
H4,840,2015,440910,      8.10,      0.00,      4.90,      0.90,0,7,0,2,9,9,U2 
H4,840,2015,440921,      3.20,      0.00,      3.20,      1.60,0,1,0,1,2,2,U2 
H4,840,2015,440929,      8.10,      0.00,      4.90,      1.01,0,6,0,2,8,8,U2 
H4,840,2015,441011,      0.00,      0.00,      0.00,      0.00,0,1,0,0,1,1,U2 
H4,840,2015,441012,      0.00,      0.00,      0.00,      0.00,0,1,0,0,1,1,U2 
H4,840,2015,441019,      0.00,      0.00,      0.00,      0.00,0,1,0,0,1,1,U2 
H4,840,2015,441090,      0.00,      0.00,      0.00,      0.00,0,1,0,0,1,1,U2 
H4,840,2015,441112,     10.45,      0.00,      6.55,      2.09,0,3,1,1,5,5,U2 
H4,840,2015,441113,      8.93,      0.00,      5.03,      1.79,0,3,1,1,5,5,U2 
H4,840,2015,441114,      8.77,      0.00,      4.87,      1.75,0,3,1,1,5,5,U2 
H4,840,2015,441192,      6.00,      0.00,      6.00,      1.50,0,3,0,1,4,4,U2 
H4,840,2015,441193,      7.65,      0.00,      3.90,      1.53,0,3,1,1,5,5,U2 
H4,840,2015,441194,      0.00,      0.00,      0.00,      0.00,0,1,0,0,1,1,U2 
H4,840,2015,441210,      8.00,      0.00,      8.00,      4.00,0,1,0,1,2,2,U2 
H4,840,2015,441231,     40.00,      0.00,      8.00,      6.67,0,1,0,5,6,6,U2 
H4,840,2015,441232,     21.10,      0.00,      8.00,      5.28,0,1,0,3,4,4,U2 
H4,840,2015,441239,     16.50,      0.00,      8.00,      4.13,0,1,0,3,4,4,U2 
H4,840,2015,441294,     32.50,      0.00,      8.00,      3.61,0,4,0,5,9,9,U2 
H4,840,2015,441299,     32.50,      0.00,      8.00,      2.95,0,6,0,5,11,11,U2 
H4,840,2015,441300,      3.70,      3.70,      3.70,      3.70,0,0,0,1,1,1,U2 
H4,840,2015,441400,      3.90,      3.90,      3.90,      3.90,0,0,0,1,1,1,U2 
H4,840,2015,441510,     10.70,      0.00,     10.70,      3.57,0,2,0,1,3,3,U2 
H4,840,2015,441520,     10.70,      0.00,     10.70,      5.35,0,1,0,1,2,2,U2 
H4,840,2015,441600,      3.20,      0.00,      3.20,      1.07,0,2,0,1,3,3,U2 
H4,840,2015,441700,      5.10,      0.00,      5.10,      1.27,0,3,0,1,4,4,U2 
H4,840,2015,441810,      3.20,      3.20,      3.20,      3.20,0,0,0,1,1,1,U2 
H4,840,2015,441820,      9.60,      4.80,      4.80,      4.80,0,0,0,2,2,2,U2 
H4,840,2015,441840,      3.20,      3.20,      3.20,      3.20,0,0,0,1,1,1,U2 
H4,840,2015,441850,      0.00,      0.00,      0.00,      0.00,0,1,0,0,1,1,U2 
H4,840,2015,441860,      3.20,      3.20,      3.20,      3.20,0,0,0,1,1,1,U2 
H4,840,2015,441871,      8.00,      0.00,      8.00,      2.67,0,2,0,1,3,3,U2 
H4,840,2015,441872,     11.20,      0.00,      8.00,      3.73,0,1,0,2,3,3,U2 
H4,840,2015,441879,      3.20,      3.20,      3.20,      3.20,0,0,0,1,1,1,U2 
H4,840,2015,441890,      3.20,      0.00,      3.20,      1.60,0,1,0,1,2,2,U2 
H4,840,2015,441900,      8.50,      3.20,      5.30,      4.25,0,0,0,2,2,2,U2 
H4,840,2015,442010,      3.20,      3.20,      3.20,      3.20,0,0,0,1,1,1,U2 
H4,840,2015,442090,      7.50,      0.00,      4.30,      1.88,0,2,0,2,4,4,U2 
H4,840,2015,442110,      3.20,      3.20,      3.20,      3.20,0,0,0,1,1,1,U2 
H4,840,2015,442190,     33.90,      0.00,     10.70,      2.61,1,7,0,6,13,14,U2 
H4,840,2015,450110,      0.00,      0.00,      0.00,      0.00,0,1,0,0,1,1,U2 
H4,840,2015,450190,      0.00,      0.00,      0.00,      0.00,0,2,0,0,2,2,U2 
H4,840,2015,450200,      0.00,      0.00,      0.00,      0.00,0,1,0,0,1,1,U2 
H4,840,2015,450310,      0.00,      0.00,      0.00,      0.00,0,4,0,0,4,4,U2 
H4,840,2015,450390,     14.00,      0.00,     14.00,      4.67,0,2,0,1,3,3,U2 
H4,840,2015,450410,      0.00,      0.00,      0.00,      0.00,0,7,0,0,7,7,U2 
H4,840,2015,450490,      0.00,      0.00,      0.00,      0.00,0,1,0,0,1,1,U2 
H4,840,2015,460121,     11.30,      0.00,      8.00,      3.77,0,1,0,2,3,3,U2 
H4,840,2015,460122,     11.30,      0.00,      8.00,      3.77,0,1,0,2,3,3,U2 
H4,840,2015,460129,     16.10,      0.00,      8.00,      4.03,0,1,0,3,4,4,U2 
H4,840,2015,460192,      9.30,      2.70,      6.60,      4.65,0,0,0,2,2,2,U2 
H4,840,2015,460193,      9.30,      0.00,      6.60,      3.10,0,1,0,2,3,3,U2 
H4,840,2015,460194,      9.30,      0.00,      6.60,      3.10,0,1,0,2,3,3,U2 
H4,840,2015,460199,      6.00,      2.70,      3.30,      3.00,0,0,0,2,2,2,U2 
H4,840,2015,460211,     27.80,      0.00,     10.00,      4.63,0,2,0,4,6,6,U2 
H4,840,2015,460212,     43.60,      0.00,     18.00,      6.23,0,2,0,5,7,7,U2 
H4,840,2015,460219,     67.30,      0.00,     18.00,      4.81,0,4,0,10,14,14,U2 
H4,840,2015,460290,      3.50,      3.50,      3.50,      3.50,0,0,0,1,1,1,U2 
H4,840,2015,470100,      0.00,      0.00,      0.00,      0.00,0,1,0,0,1,1,U2 
H4,840,2015,470200,      0.00,      0.00,      0.00,      0.00,0,1,0,0,1,1,U2 
H4,840,2015,470311,      0.00,      0.00,      0.00,      0.00,0,1,0,0,1,1,U2 
H4,840,2015,470319,      0.00,      0.00,      0.00,      0.00,0,1,0,0,1,1,U2 
H4,840,2015,470321,      0.00,      0.00,      0.00,      0.00,0,1,0,0,1,1,U2 
H4,840,2015,470329,      0.00,      0.00,      0.00,      0.00,0,1,0,0,1,1,U2 
H4,840,2015,470411,      0.00,      0.00,      0.00,      0.00,0,1,0,0,1,1,U2 
H4,840,2015,470419,      0.00,      0.00,      0.00,      0.00,0,1,0,0,1,1,U2 
H4,840,2015,470421,      0.00,      0.00,      0.00,      0.00,0,1,0,0,1,1,U2 
H4,840,2015,470429,      0.00,      0.00,      0.00,      0.00,0,1,0,0,1,1,U2 
H4,840,2015,470500,      0.00,      0.00,      0.00,      0.00,0,1,0,0,1,1,U2 
H4,840,2015,470610,      0.00,      0.00,      0.00,      0.00,0,1,0,0,1,1,U2 
H4,840,2015,470620,      0.00,      0.00,      0.00,      0.00,0,1,0,0,1,1,U2 
H4,840,2015,470630,      0.00,      0.00,      0.00,      0.00,0,1,0,0,1,1,U2 
H4,840,2015,470691,      0.00,      0.00,      0.00,      0.00,0,1,0,0,1,1,U2 
H4,840,2015,470692,      0.00,      0.00,      0.00,      0.00,0,1,0,0,1,1,U2 
H4,840,2015,470693,      0.00,      0.00,      0.00,      0.00,0,1,0,0,1,1,U2 
H4,840,2015,470710,      0.00,      0.00,      0.00,      0.00,0,1,0,0,1,1,U2 
H4,840,2015,470720,      0.00,      0.00,      0.00,      0.00,0,1,0,0,1,1,U2 
H4,840,2015,470730,      0.00,      0.00,      0.00,      0.00,0,1,0,0,1,1,U2 
H4,840,2015,470790,      0.00,      0.00,      0.00,      0.00,0,1,0,0,1,1,U2 
H4,840,2015,480100,      0.00,      0.00,      0.00,      0.00,0,1,0,0,1,1,U2 
H4,840,2015,480210,      0.00,      0.00,      0.00,      0.00,0,1,0,0,1,1,U2 
H4,840,2015,480220,      0.00,      0.00,      0.00,      0.00,0,3,0,0,3,3,U2 
H4,840,2015,480240,      0.00,      0.00,      0.00,      0.00,0,1,0,0,1,1,U2 
H4,840,2015,480254,      0.00,      0.00,      0.00,      0.00,0,5,0,0,5,5,U2 
H4,840,2015,480255,      0.00,      0.00,      0.00,      0.00,0,6,0,0,6,6,U2 
H4,840,2015,480256,      0.00,      0.00,      0.00,      0.00,0,6,0,0,6,6,U2 
H4,840,2015,480257,      0.00,      0.00,      0.00,      0.00,0,4,0,0,4,4,U2 
H4,840,2015,480258,      0.00,      0.00,      0.00,      0.00,0,4,0,0,4,4,U2 
H4,840,2015,480261,      0.00,      0.00,      0.00,      0.00,0,5,0,0,5,5,U2 
H4,840,2015,480262,      0.00,      0.00,      0.00,      0.00,0,5,0,0,5,5,U2 
H4,840,2015,480269,      0.00,      0.00,      0.00,      0.00,0,3,0,0,3,3,U2 
H4,840,2015,480300,      0.00,      0.00,      0.00,      0.00,0,2,0,0,2,2,U2 
H4,840,2015,480411,      0.00,      0.00,      0.00,      0.00,0,1,0,0,1,1,U2 
H4,840,2015,480419,      0.00,      0.00,      0.00,      0.00,0,1,0,0,1,1,U2 
H4,840,2015,480421,      0.00,      0.00,      0.00,      0.00,0,1,0,0,1,1,U2 
H4,840,2015,480429,      0.00,      0.00,      0.00,      0.00,0,1,0,0,1,1,U2 
H4,840,2015,480431,      0.00,      0.00,      0.00,      0.00,0,4,0,0,4,4,U2 
H4,840,2015,480439,      0.00,      0.00,      0.00,      0.00,0,3,0,0,3,3,U2 
H4,840,2015,480441,      0.00,      0.00,      0.00,      0.00,0,2,0,0,2,2,U2 
H4,840,2015,480442,      0.00,      0.00,      0.00,      0.00,0,1,0,0,1,1,U2 
H4,840,2015,480449,      0.00,      0.00,      0.00,      0.00,0,1,0,0,1,1,U2 
H4,840,2015,480451,      0.00,      0.00,      0.00,      0.00,0,1,0,0,1,1,U2 
H4,840,2015,480452,      0.00,      0.00,      0.00,      0.00,0,1,0,0,1,1,U2 
H4,840,2015,480459,      0.00,      0.00,      0.00,      0.00,0,1,0,0,1,1,U2 
H4,840,2015,480511,      0.00,      0.00,      0.00,      0.00,0,1,0,0,1,1,U2 
H4,840,2015,480512,      0.00,      0.00,      0.00,      0.00,0,2,0,0,2,2,U2 
H4,840,2015,480519,      0.00,      0.00,      0.00,      0.00,0,2,0,0,2,2,U2 
H4,840,2015,480524,      0.00,      0.00,      0.00,      0.00,0,3,0,0,3,3,U2 
H4,840,2015,480525,      0.00,      0.00,      0.00,      0.00,0,1,0,0,1,1,U2 
H4,840,2015,480530,      0.00,      0.00,      0.00,      0.00,0,1,0,0,1,1,U2 
H4,840,2015,480540,      0.00,      0.00,      0.00,      0.00,0,1,0,0,1,1,U2 
H4,840,2015,480550,      0.00,      0.00,      0.00,      0.00,0,1,0,0,1,1,U2 
H4,840,2015,480591,      0.00,      0.00,      0.00,      0.00,0,5,0,0,5,5,U2 
H4,840,2015,480592,      0.00,      0.00,      0.00,      0.00,0,2,0,0,2,2,U2 
H4,840,2015,480593,      0.00,      0.00,      0.00,      0.00,0,2,0,0,2,2,U2 
H4,840,2015,480610,      0.00,      0.00,      0.00,      0.00,0,1,0,0,1,1,U2 
H4,840,2015,480620,      0.00,      0.00,      0.00,      0.00,0,1,0,0,1,1,U2 
H4,840,2015,480630,      0.00,      0.00,      0.00,      0.00,0,1,0,0,1,1,U2 
H4,840,2015,480640,      0.00,      0.00,      0.00,      0.00,0,1,0,0,1,1,U2 
H4,840,2015,480700,      0.00,      0.00,      0.00,      0.00,0,4,0,0,4,4,U2 
H4,840,2015,480810,      0.00,      0.00,      0.00,      0.00,0,1,0,0,1,1,U2 
H4,840,2015,480840,      0.00,      0.00,      0.00,      0.00,0,1,0,0,1,1,U2 
H4,840,2015,480890,      0.00,      0.00,      0.00,      0.00,0,3,0,0,3,3,U2 
H4,840,2015,480920,      0.00,      0.00,      0.00,      0.00,0,2,0,0,2,2,U2 
H4,840,2015,480990,      0.00,      0.00,      0.00,      0.00,0,5,0,0,5,5,U2 
H4,840,2015,481013,      0.00,      0.00,      0.00,      0.00,0,7,0,0,7,7,U2 
H4,840,2015,481014,      0.00,      0.00,      0.00,      0.00,0,7,0,0,7,7,U2 
H4,840,2015,481019,      0.00,      0.00,      0.00,      0.00,0,4,0,0,4,4,U2 
H4,840,2015,481022,      0.00,      0.00,      0.00,      0.00,0,4,0,0,4,4,U2 
H4,840,2015,481029,      0.00,      0.00,      0.00,      0.00,0,4,0,0,4,4,U2 
H4,840,2015,481031,      0.00,      0.00,      0.00,      0.00,0,3,0,0,3,3,U2 
H4,840,2015,481032,      0.00,      0.00,      0.00,      0.00,0,3,0,0,3,3,U2 
H4,840,2015,481039,      0.00,      0.00,      0.00,      0.00,0,4,0,0,4,4,U2 
H4,840,2015,481092,      0.00,      0.00,      0.00,      0.00,0,4,0,0,4,4,U2 
H4,840,2015,481099,      0.00,      0.00,      0.00,      0.00,0,3,0,0,3,3,U2 
H4,840,2015,481110,      0.00,      0.00,      0.00,      0.00,0,2,0,0,2,2,U2 
H4,840,2015,481141,      0.00,      0.00,      0.00,      0.00,0,3,0,0,3,3,U2 
H4,840,2015,481149,      0.00,      0.00,      0.00,      0.00,0,3,0,0,3,3,U2 
H4,840,2015,481151,      0.00,      0.00,      0.00,      0.00,0,3,0,0,3,3,U2 
H4,840,2015,481159,      0.00,      0.00,      0.00,      0.00,0,3,0,0,3,3,U2 
H4,840,2015,481160,      0.00,      0.00,      0.00,      0.00,0,2,0,0,2,2,U2 
H4,840,2015,481190,      0.00,      0.00,      0.00,      0.00,0,7,0,0,7,7,U2 
H4,840,2015,481200,      0.00,      0.00,      0.00,      0.00,0,1,0,0,1,1,U2 
H4,840,2015,481310,      0.00,      0.00,      0.00,      0.00,0,1,0,0,1,1,U2 
H4,840,2015,481320,      0.00,      0.00,      0.00,      0.00,0,1,0,0,1,1,U2 
H4,840,2015,481390,      0.00,      0.00,      0.00,      0.00,0,1,0,0,1,1,U2 
H4,840,2015,481420,      0.00,      0.00,      0.00,      0.00,0,1,0,0,1,1,U2 
H4,840,2015,481490,      0.00,      0.00,      0.00,      0.00,0,1,0,0,1,1,U2 
H4,840,2015,481620,      0.00,      0.00,      0.00,      0.00,0,1,0,0,1,1,U2 
H4,840,2015,481690,      0.00,      0.00,      0.00,      0.00,0,1,0,0,1,1,U2 
H4,840,2015,481710,      0.00,      0.00,      0.00,      0.00,0,1,0,0,1,1,U2 
H4,840,2015,481720,      0.00,      0.00,      0.00,      0.00,0,2,0,0,2,2,U2 
H4,840,2015,481730,      0.00,      0.00,      0.00,      0.00,0,1,0,0,1,1,U2 
H4,840,2015,481810,      0.00,      0.00,      0.00,      0.00,0,1,0,0,1,1,U2 
H4,840,2015,481820,      0.00,      0.00,      0.00,      0.00,0,1,0,0,1,1,U2 
H4,840,2015,481830,      0.00,      0.00,      0.00,      0.00,0,1,0,0,1,1,U2 
H4,840,2015,481850,      0.00,      0.00,      0.00,      0.00,0,1,0,0,1,1,U2 
H4,840,2015,481890,      0.00,      0.00,      0.00,      0.00,0,1,0,0,1,1,U2 
H4,840,2015,481910,      0.00,      0.00,      0.00,      0.00,0,1,0,0,1,1,U2 
H4,840,2015,481920,      0.00,      0.00,      0.00,      0.00,0,1,0,0,1,1,U2 
H4,840,2015,481930,      0.00,      0.00,      0.00,      0.00,0,1,0,0,1,1,U2 
H4,840,2015,481940,      0.00,      0.00,      0.00,      0.00,0,1,0,0,1,1,U2 
H4,840,2015,481950,      0.00,      0.00,      0.00,      0.00,0,3,0,0,3,3,U2 
H4,840,2015,481960,      0.00,      0.00,      0.00,      0.00,0,1,0,0,1,1,U2 
H4,840,2015,482010,      0.00,      0.00,      0.00,      0.00,0,2,0,0,2,2,U2 
H4,840,2015,482020,      0.00,      0.00,      0.00,      0.00,0,1,0,0,1,1,U2 
H4,840,2015,482030,      0.00,      0.00,      0.00,      0.00,0,1,0,0,1,1,U2 
H4,840,2015,482040,      0.00,      0.00,      0.00,      0.00,0,1,0,0,1,1,U2 
H4,840,2015,482050,      0.00,      0.00,      0.00,      0.00,0,1,0,0,1,1,U2 
H4,840,2015,482090,      0.00,      0.00,      0.00,      0.00,0,1,0,0,1,1,U2 
H4,840,2015,482110,      0.00,      0.00,      0.00,      0.00,0,2,0,0,2,2,U2 
H4,840,2015,482190,      0.00,      0.00,      0.00,      0.00,0,2,0,0,2,2,U2 
H4,840,2015,482210,      0.00,      0.00,      0.00,      0.00,0,1,0,0,1,1,U2 
H4,840,2015,482290,      0.00,      0.00,      0.00,      0.00,0,1,0,0,1,1,U2 
H4,840,2015,482320,      0.00,      0.00,      0.00,      0.00,0,2,0,0,2,2,U2 
H4,840,2015,482340,      0.00,      0.00,      0.00,      0.00,0,1,0,0,1,1,U2 
H4,840,2015,482361,      0.00,      0.00,      0.00,      0.00,0,1,0,0,1,1,U2 
H4,840,2015,482369,      0.00,      0.00,      0.00,      0.00,0,1,0,0,1,1,U2 
H4,840,2015,482370,      0.00,      0.00,      0.00,      0.00,0,1,0,0,1,1,U2 
H4,840,2015,482390,      0.00,      0.00,      0.00,      0.00,0,10,0,0,10,10,U2 
H4,840,2015,490110,      0.00,      0.00,      0.00,      0.00,0,1,0,0,1,1,U2 
H4,840,2015,490191,      0.00,      0.00,      0.00,      0.00,0,1,0,0,1,1,U2 
H4,840,2015,490199,      0.00,      0.00,      0.00,      0.00,0,1,0,0,1,1,U2 
H4,840,2015,490210,      0.00,      0.00,      0.00,      0.00,0,1,0,0,1,1,U2 
H4,840,2015,490290,      0.00,      0.00,      0.00,      0.00,0,2,0,0,2,2,U2 
H4,840,2015,490300,      0.00,      0.00,      0.00,      0.00,0,1,0,0,1,1,U2 
H4,840,2015,490400,      0.00,      0.00,      0.00,      0.00,0,1,0,0,1,1,U2 
H4,840,2015,490510,      0.00,      0.00,      0.00,      0.00,0,1,0,0,1,1,U2 
H4,840,2015,490591,      0.00,      0.00,      0.00,      0.00,0,1,0,0,1,1,U2 
H4,840,2015,490599,      0.00,      0.00,      0.00,      0.00,0,1,0,0,1,1,U2 
H4,840,2015,490600,      0.00,      0.00,      0.00,      0.00,0,1,0,0,1,1,U2 
H4,840,2015,490700,      0.00,      0.00,      0.00,      0.00,0,1,0,0,1,1,U2 
H4,840,2015,490810,      0.00,      0.00,      0.00,      0.00,0,1,0,0,1,1,U2 
H4,840,2015,490890,      0.00,      0.00,      0.00,      0.00,0,1,0,0,1,1,U2 
H4,840,2015,490900,      0.00,      0.00,      0.00,      0.00,0,2,0,0,2,2,U2 
H4,840,2015,491000,      0.00,      0.00,      0.00,      0.00,0,3,0,0,3,3,U2 
H4,840,2015,491110,      0.00,      0.00,      0.00,      0.00,0,1,0,0,1,1,U2 
H4,840,2015,491191,      0.00,      0.00,      0.00,      0.00,0,5,0,0,5,5,U2 
H4,840,2015,491199,      0.00,      0.00,      0.00,      0.00,0,3,0,0,3,3,U2 
H4,840,2015,500100,      0.00,      0.00,      0.00,      0.00,0,1,0,0,1,1,U2 
H4,840,2015,500200,      0.00,      0.00,      0.00,      0.00,0,1,0,0,1,1,U2 
H4,840,2015,500300,      2.50,      0.00,      2.50,      1.25,0,1,0,1,2,2,U2 
H4,840,2015,500400,      0.00,      0.00,      0.00,      0.00,0,1,0,0,1,1,U2 
H4,840,2015,500500,      0.00,      0.00,      0.00,      0.00,0,1,0,0,1,1,U2 
H4,840,2015,500600,      0.00,      0.00,      0.00,      0.00,0,2,0,0,2,2,U2 
H4,840,2015,500710,      4.70,      0.80,      3.90,      2.35,0,0,0,2,2,2,U2 
H4,840,2015,500720,      0.00,      0.00,      0.00,      0.00,0,1,0,0,1,1,U2 
H4,840,2015,500790,      4.70,      0.80,      3.90,      2.35,0,0,0,2,2,2,U2 
H4,840,2015,510111,      2.57,      0.00,      2.57,      0.51,0,4,1,0,5,5,U2 
H4,840,2015,510119,      4.36,      0.00,      4.36,      0.87,0,4,1,0,5,5,U2 
H4,840,2015,510121,     12.23,      0.00,      6.96,      1.75,0,5,2,0,7,7,U2 
H4,840,2015,510129,     16.38,      0.00,      8.42,      2.34,0,5,2,0,7,7,U2 
H4,840,2015,510130,      8.82,      0.00,      6.04,      1.47,0,4,2,0,6,6,U2 
H4,840,2015,510211,      4.10,      0.05,      4.05,      2.05,0,0,2,0,2,2,U2 
H4,840,2015,510219,      5.02,      0.00,      4.31,      1.26,0,1,2,1,4,4,U2 
H4,840,2015,510220,      0.00,      0.00,      0.00,      0.00,0,1,0,0,1,1,U2 
H4,840,2015,510310,      0.56,      0.56,      0.56,      0.56,0,0,1,0,1,1,U2 
H4,840,2015,510320,      0.89,      0.89,      0.89,      0.89,0,0,1,0,1,1,U2 
H4,840,2015,510330,      7.00,      7.00,      7.00,      7.00,0,0,0,1,1,1,U2 
H4,840,2015,510400,      0.00,      0.00,      0.00,      0.00,0,1,0,0,1,1,U2 
H4,840,2015,510510,      6.18,      6.18,      6.18,      6.18,0,0,1,0,1,1,U2 
H4,840,2015,510521,      3.37,      3.37,      3.37,      3.37,0,0,1,0,1,1,U2 
H4,840,2015,510529,      3.46,      3.46,      3.46,      3.46,0,0,1,0,1,1,U2 
H4,840,2015,510531,      5.56,      5.56,      5.56,      5.56,0,0,1,0,1,1,U2 
H4,840,2015,510539,      5.88,      5.88,      5.88,      5.88,0,0,1,0,1,1,U2 
H4,840,2015,510540,      0.00,      0.00,      0.00,      0.00,0,1,0,0,1,1,U2 
H4,840,2015,510610,      6.00,      6.00,      6.00,      6.00,0,0,0,1,1,1,U2 
H4,840,2015,510620,      6.00,      6.00,      6.00,      6.00,0,0,0,1,1,1,U2 
H4,840,2015,510710,     12.00,      6.00,      6.00,      6.00,0,0,0,2,2,2,U2 
H4,840,2015,510720,     12.00,      6.00,      6.00,      6.00,0,0,0,2,2,2,U2 
H4,840,2015,510810,     12.00,      4.00,      4.00,      4.00,0,0,0,3,3,3,U2 
H4,840,2015,510820,     12.00,      4.00,      4.00,      4.00,0,0,0,3,3,3,U2 
H4,840,2015,510910,     16.00,      0.00,      6.00,      4.00,0,1,0,3,4,4,U2 
H4,840,2015,510990,     16.00,      0.00,      6.00,      4.00,0,1,0,3,4,4,U2 
H4,840,2015,511000,      0.00,      0.00,      0.00,      0.00,0,1,0,0,1,1,U2 
H4,840,2015,511111,     42.00,      7.00,     25.00,     14.00,0,0,0,3,3,3,U2 
H4,840,2015,511119,     42.00,      7.00,     25.00,     14.00,0,0,0,3,3,3,U2 
H4,840,2015,511120,     39.00,      7.00,     25.00,     13.00,0,0,0,3,3,3,U2 
H4,840,2015,511130,     39.00,      7.00,     25.00,     13.00,0,0,0,3,3,3,U2 
H4,840,2015,511190,     45.90,      6.90,     25.00,     11.48,0,0,0,4,4,4,U2 
H4,840,2015,511211,     57.00,      7.00,     25.00,     19.00,0,0,0,3,3,3,U2 
H4,840,2015,511219,     57.00,      7.00,     25.00,     19.00,0,0,0,3,3,3,U2 
H4,840,2015,511220,     39.00,      7.00,     25.00,     13.00,0,0,0,3,3,3,U2 
H4,840,2015,511230,     39.00,      7.00,     25.00,     13.00,0,0,0,3,3,3,U2 
H4,840,2015,511290,     45.90,      6.90,     25.00,     11.48,0,0,0,4,4,4,U2 
H4,840,2015,511300,      2.70,      2.70,      2.70,      2.70,0,0,0,1,1,1,U2 
H4,840,2015,520100,     72.41,      0.00,     16.03,      6.03,0,3,9,0,12,12,U2 
H4,840,2015,520210,      0.00,      0.00,      0.00,      0.00,0,1,0,0,1,1,U2 
H4,840,2015,520291,      4.30,      4.30,      4.30,      4.30,0,0,0,1,1,1,U2 
H4,840,2015,520299,      6.38,      0.00,      6.38,      1.60,0,3,1,0,4,4,U2 
H4,840,2015,520300,     29.88,      4.30,     15.58,      7.47,0,0,1,3,4,4,U2 
H4,840,2015,520411,      4.40,      4.40,      4.40,      4.40,0,0,0,1,1,1,U2 
H4,840,2015,520419,      4.40,      4.40,      4.40,      4.40,0,0,0,1,1,1,U2 
H4,840,2015,520420,      4.40,      4.40,      4.40,      4.40,0,0,0,1,1,1,U2 
H4,840,2015,520511,      8.70,      3.70,      5.00,      4.35,0,0,0,2,2,2,U2 
H4,840,2015,520512,     11.70,      5.20,      6.50,      5.85,0,0,0,2,2,2,U2 
H4,840,2015,520513,     13.80,      6.50,      7.30,      6.90,0,0,0,2,2,2,U2 
H4,840,2015,520514,     16.50,      7.80,      8.70,      8.25,0,0,0,2,2,2,U2 
H4,840,2015,520515,     21.90,      9.90,     12.00,     10.95,0,0,0,2,2,2,U2 
H4,840,2015,520521,      5.80,      5.80,      5.80,      5.80,0,0,0,1,1,1,U2 
H4,840,2015,520522,      7.30,      7.30,      7.30,      7.30,0,0,0,1,1,1,U2 
H4,840,2015,520523,      8.60,      8.60,      8.60,      8.60,0,0,0,1,1,1,U2 
H4,840,2015,520524,      9.90,      9.90,      9.90,      9.90,0,0,0,1,1,1,U2 
H4,840,2015,520526,     12.00,     12.00,     12.00,     12.00,0,0,0,1,1,1,U2 
H4,840,2015,520527,     12.00,     12.00,     12.00,     12.00,0,0,0,1,1,1,U2 
H4,840,2015,520528,     12.00,     12.00,     12.00,     12.00,0,0,0,1,1,1,U2 
H4,840,2015,520531,      5.80,      5.80,      5.80,      5.80,0,0,0,1,1,1,U2 
H4,840,2015,520532,      7.30,      7.30,      7.30,      7.30,0,0,0,1,1,1,U2 
H4,840,2015,520533,      8.60,      8.60,      8.60,      8.60,0,0,0,1,1,1,U2 
H4,840,2015,520534,      9.90,      9.90,      9.90,      9.90,0,0,0,1,1,1,U2 
H4,840,2015,520535,     12.00,     12.00,     12.00,     12.00,0,0,0,1,1,1,U2 
H4,840,2015,520541,      5.00,      5.00,      5.00,      5.00,0,0,0,1,1,1,U2 
H4,840,2015,520542,      6.50,      6.50,      6.50,      6.50,0,0,0,1,1,1,U2 
H4,840,2015,520543,      8.60,      8.60,      8.60,      8.60,0,0,0,1,1,1,U2 
H4,840,2015,520544,      9.90,      9.90,      9.90,      9.90,0,0,0,1,1,1,U2 
H4,840,2015,520546,     12.00,     12.00,     12.00,     12.00,0,0,0,1,1,1,U2 
H4,840,2015,520547,     12.00,     12.00,     12.00,     12.00,0,0,0,1,1,1,U2 
H4,840,2015,520548,     12.00,     12.00,     12.00,     12.00,0,0,0,1,1,1,U2 
H4,840,2015,520611,      9.20,      9.20,      9.20,      9.20,0,0,0,1,1,1,U2 
H4,840,2015,520612,      9.20,      9.20,      9.20,      9.20,0,0,0,1,1,1,U2 
H4,840,2015,520613,      9.20,      9.20,      9.20,      9.20,0,0,0,1,1,1,U2 
H4,840,2015,520614,      9.20,      9.20,      9.20,      9.20,0,0,0,1,1,1,U2 
H4,840,2015,520615,      9.20,      9.20,      9.20,      9.20,0,0,0,1,1,1,U2 
H4,840,2015,520621,      9.20,      9.20,      9.20,      9.20,0,0,0,1,1,1,U2 
H4,840,2015,520622,      9.20,      9.20,      9.20,      9.20,0,0,0,1,1,1,U2 
H4,840,2015,520623,      9.20,      9.20,      9.20,      9.20,0,0,0,1,1,1,U2 
H4,840,2015,520624,      9.20,      9.20,      9.20,      9.20,0,0,0,1,1,1,U2 
H4,840,2015,520625,      9.20,      9.20,      9.20,      9.20,0,0,0,1,1,1,U2 
H4,840,2015,520631,      9.20,      9.20,      9.20,      9.20,0,0,0,1,1,1,U2 
H4,840,2015,520632,      9.20,      9.20,      9.20,      9.20,0,0,0,1,1,1,U2 
H4,840,2015,520633,      9.20,      9.20,      9.20,      9.20,0,0,0,1,1,1,U2 
H4,840,2015,520634,      9.20,      9.20,      9.20,      9.20,0,0,0,1,1,1,U2 
H4,840,2015,520635,      9.20,      9.20,      9.20,      9.20,0,0,0,1,1,1,U2 
H4,840,2015,520641,      9.20,      9.20,      9.20,      9.20,0,0,0,1,1,1,U2 
H4,840,2015,520642,      9.20,      9.20,      9.20,      9.20,0,0,0,1,1,1,U2 
H4,840,2015,520643,      9.20,      9.20,      9.20,      9.20,0,0,0,1,1,1,U2 
H4,840,2015,520644,      9.20,      9.20,      9.20,      9.20,0,0,0,1,1,1,U2 
H4,840,2015,520645,      9.20,      9.20,      9.20,      9.20,0,0,0,1,1,1,U2 
H4,840,2015,520710,      0.00,      0.00,      0.00,      0.00,0,1,0,0,1,1,U2 
H4,840,2015,520790,      5.00,      5.00,      5.00,      5.00,0,0,0,1,1,1,U2 
H4,840,2015,520811,     26.50,      0.00,     10.50,      6.63,0,1,0,3,4,4,U2 
H4,840,2015,520812,     26.50,      7.00,     10.50,      8.83,0,0,0,3,3,3,U2 
H4,840,2015,520813,      7.90,      7.90,      7.90,      7.90,0,0,0,1,1,1,U2 
H4,840,2015,520819,     34.40,      7.00,     10.50,      8.60,0,0,0,4,4,4,U2 
H4,840,2015,520821,     30.10,      8.40,     11.50,     10.03,0,0,0,3,3,3,U2 
H4,840,2015,520822,     28.60,      8.40,     11.50,      9.53,0,0,0,3,3,3,U2 
H4,840,2015,520823,      9.10,      9.10,      9.10,      9.10,0,0,0,1,1,1,U2 
H4,840,2015,520829,     39.80,      7.70,     13.50,      9.95,0,0,0,4,4,4,U2 
H4,840,2015,520831,     33.30,      3.00,     12.50,      8.32,0,0,0,4,4,4,U2 
H4,840,2015,520832,     32.20,      3.00,     12.50,      8.05,0,0,0,4,4,4,U2 
H4,840,2015,520833,     10.30,     10.30,     10.30,     10.30,0,0,0,1,1,1,U2 
H4,840,2015,520839,     38.00,      7.00,     12.50,      9.50,0,0,0,4,4,4,U2 
H4,840,2015,520841,     37.20,      3.00,     14.70,      9.30,0,0,0,4,4,4,U2 
H4,840,2015,520842,     37.20,      3.00,     14.70,      9.30,0,0,0,4,4,4,U2 
H4,840,2015,520843,      0.00,      0.00,      0.00,      0.00,0,1,0,0,1,1,U2 
H4,840,2015,520849,     32.50,      0.00,     14.70,      8.13,0,1,0,3,4,4,U2 
H4,840,2015,520851,     35.00,      3.00,     12.50,      8.75,0,0,0,4,4,4,U2 
H4,840,2015,520852,     32.90,      3.00,     12.50,      8.23,0,0,0,4,4,4,U2 
H4,840,2015,520859,     46.20,      6.00,     11.40,      9.24,0,0,0,5,5,5,U2 
H4,840,2015,520911,      6.50,      6.50,      6.50,      6.50,0,0,0,1,1,1,U2 
H4,840,2015,520912,      6.50,      6.50,      6.50,      6.50,0,0,0,1,1,1,U2 
H4,840,2015,520919,      6.50,      6.50,      6.50,      6.50,0,0,0,1,1,1,U2 
H4,840,2015,520921,      7.70,      7.70,      7.70,      7.70,0,0,0,1,1,1,U2 
H4,840,2015,520922,      7.70,      7.70,      7.70,      7.70,0,0,0,1,1,1,U2 
H4,840,2015,520929,      7.70,      7.70,      7.70,      7.70,0,0,0,1,1,1,U2 
H4,840,2015,520931,     11.40,      3.00,      8.40,      5.70,0,0,0,2,2,2,U2 
H4,840,2015,520932,      8.40,      8.40,      8.40,      8.40,0,0,0,1,1,1,U2 
H4,840,2015,520939,      8.40,      8.40,      8.40,      8.40,0,0,0,1,1,1,U2 
H4,840,2015,520941,     10.50,      3.00,      7.50,      5.25,0,0,0,2,2,2,U2 
H4,840,2015,520942,      8.40,      8.40,      8.40,      8.40,0,0,0,1,1,1,U2 
H4,840,2015,520943,      8.40,      8.40,      8.40,      8.40,0,0,0,1,1,1,U2 
H4,840,2015,520949,      8.40,      8.40,      8.40,      8.40,0,0,0,1,1,1,U2 
H4,840,2015,520951,     11.40,      3.00,      8.40,      5.70,0,0,0,2,2,2,U2 
H4,840,2015,520952,      8.40,      8.40,      8.40,      8.40,0,0,0,1,1,1,U2 
H4,840,2015,520959,      8.40,      8.40,      8.40,      8.40,0,0,0,1,1,1,U2 
H4,840,2015,521011,     32.10,      8.40,     13.50,     10.70,0,0,0,3,3,3,U2 
H4,840,2015,521019,     45.50,      8.40,     10.20,      9.10,0,0,0,5,5,5,U2 
H4,840,2015,521021,     32.00,      8.10,     12.50,     10.67,0,0,0,3,3,3,U2 
H4,840,2015,521029,     54.80,      8.10,     14.70,     10.96,0,0,0,5,5,5,U2 
H4,840,2015,521031,     37.70,     10.00,     15.50,     12.57,0,0,0,3,3,3,U2 
H4,840,2015,521032,     10.00,     10.00,     10.00,     10.00,0,0,0,1,1,1,U2 
H4,840,2015,521039,     43.40,      8.80,     12.40,     10.85,0,0,0,4,4,4,U2 
H4,840,2015,521041,     37.70,     10.00,     15.50,     12.57,0,0,0,3,3,3,U2 
H4,840,2015,521049,     55.90,     10.00,     15.50,     11.18,0,0,0,5,5,5,U2 
H4,840,2015,521051,     37.70,     10.00,     15.50,     12.57,0,0,0,3,3,3,U2 
H4,840,2015,521059,     47.00,      7.80,     10.40,      9.40,0,0,0,5,5,5,U2 
H4,840,2015,521111,      7.70,      7.70,      7.70,      7.70,0,0,0,1,1,1,U2 
H4,840,2015,521112,      7.70,      7.70,      7.70,      7.70,0,0,0,1,1,1,U2 
H4,840,2015,521119,      7.70,      7.70,      7.70,      7.70,0,0,0,1,1,1,U2 
H4,840,2015,521120,     25.20,      8.40,      8.40,      8.40,0,0,0,3,3,3,U2 
H4,840,2015,521131,      8.10,      8.10,      8.10,      8.10,0,0,0,1,1,1,U2 
H4,840,2015,521132,      8.10,      8.10,      8.10,      8.10,0,0,0,1,1,1,U2 
H4,840,2015,521139,      8.10,      8.10,      8.10,      8.10,0,0,0,1,1,1,U2 
H4,840,2015,521141,      8.10,      8.10,      8.10,      8.10,0,0,0,1,1,1,U2 
H4,840,2015,521142,      8.10,      8.10,      8.10,      8.10,0,0,0,1,1,1,U2 
H4,840,2015,521143,      8.10,      8.10,      8.10,      8.10,0,0,0,1,1,1,U2 
H4,840,2015,521149,      8.10,      8.10,      8.10,      8.10,0,0,0,1,1,1,U2 
H4,840,2015,521151,      0.00,      0.00,      0.00,      0.00,0,1,0,0,1,1,U2 
H4,840,2015,521152,      8.10,      8.10,      8.10,      8.10,0,0,0,1,1,1,U2 
H4,840,2015,521159,      8.10,      8.10,      8.10,      8.10,0,0,0,1,1,1,U2 
H4,840,2015,521211,     24.30,      7.80,     16.50,     12.15,0,0,0,2,2,2,U2 
H4,840,2015,521212,     24.30,      7.80,     16.50,     12.15,0,0,0,2,2,2,U2 
H4,840,2015,521213,     24.30,      7.80,     16.50,     12.15,0,0,0,2,2,2,U2 
H4,840,2015,521214,     24.30,      7.80,     16.50,     12.15,0,0,0,2,2,2,U2 
H4,840,2015,521215,      7.80,      0.00,      7.80,      3.90,0,1,0,1,2,2,U2 
H4,840,2015,521221,     24.30,      7.80,     16.50,     12.15,0,0,0,2,2,2,U2 
H4,840,2015,521222,     24.30,      7.80,     16.50,     12.15,0,0,0,2,2,2,U2 
H4,840,2015,521223,     24.30,      7.80,     16.50,     12.15,0,0,0,2,2,2,U2 
H4,840,2015,521224,     24.30,      7.80,     16.50,     12.15,0,0,0,2,2,2,U2 
H4,840,2015,521225,      0.00,      0.00,      0.00,      0.00,0,2,0,0,2,2,U2 
H4,840,2015,530110,      0.00,      0.00,      0.00,      0.00,0,1,0,0,1,1,U2 
H4,840,2015,530121,      0.07,      0.07,      0.07,      0.07,0,0,1,0,1,1,U2 
H4,840,2015,530129,      3.80,      3.80,      3.80,      3.80,0,0,0,1,1,1,U2 
H4,840,2015,530130,      0.00,      0.00,      0.00,      0.00,0,1,0,0,1,1,U2 
H4,840,2015,530210,      0.00,      0.00,      0.00,      0.00,0,1,0,0,1,1,U2 
H4,840,2015,530290,      0.00,      0.00,      0.00,      0.00,0,1,0,0,1,1,U2 
H4,840,2015,530310,      0.00,      0.00,      0.00,      0.00,0,1,0,0,1,1,U2 
H4,840,2015,530390,      0.00,      0.00,      0.00,      0.00,0,1,0,0,1,1,U2 
H4,840,2015,530500,      0.00,      0.00,      0.00,      0.00,0,1,0,0,1,1,U2 
H4,840,2015,530610,      0.00,      0.00,      0.00,      0.00,0,1,0,0,1,1,U2 
H4,840,2015,530620,      0.00,      0.00,      0.00,      0.00,0,1,0,0,1,1,U2 
H4,840,2015,530710,      0.00,      0.00,      0.00,      0.00,0,1,0,0,1,1,U2 
H4,840,2015,530720,      0.00,      0.00,      0.00,      0.00,0,1,0,0,1,1,U2 
H4,840,2015,530810,      0.00,      0.00,      0.00,      0.00,0,1,0,0,1,1,U2 
H4,840,2015,530820,      0.00,      0.00,      0.00,      0.00,0,1,0,0,1,1,U2 
H4,840,2015,530890,      2.70,      0.00,      2.70,      1.35,0,1,0,1,2,2,U2 
H4,840,2015,530911,      0.00,      0.00,      0.00,      0.00,0,1,0,0,1,1,U2 
H4,840,2015,530919,      0.00,      0.00,      0.00,      0.00,0,1,0,0,1,1,U2 
H4,840,2015,530921,     21.40,      0.00,     14.50,      7.13,0,1,0,2,3,3,U2 
H4,840,2015,530929,     14.50,      0.00,     14.50,      4.83,0,2,0,1,3,3,U2 
H4,840,2015,531010,      0.00,      0.00,      0.00,      0.00,0,1,0,0,1,1,U2 
H4,840,2015,531090,      0.00,      0.00,      0.00,      0.00,0,1,0,0,1,1,U2 
H4,840,2015,531100,     17.20,      0.00,     14.50,      4.30,0,2,0,2,4,4,U2 
H4,840,2015,540110,     11.40,     11.40,     11.40,     11.40,0,0,0,1,1,1,U2 
H4,840,2015,540120,     11.40,     11.40,     11.40,     11.40,0,0,0,1,1,1,U2 
H4,840,2015,540211,     16.80,      8.00,      8.80,      8.40,0,0,0,2,2,2,U2 
H4,840,2015,540219,     16.80,      8.00,      8.80,      8.40,0,0,0,2,2,2,U2 
H4,840,2015,540220,     16.30,      7.50,      8.80,      8.15,0,0,0,2,2,2,U2 
H4,840,2015,540231,     16.80,      8.00,      8.80,      8.40,0,0,0,2,2,2,U2 
H4,840,2015,540232,     16.00,      8.00,      8.00,      8.00,0,0,0,2,2,2,U2 
H4,840,2015,540233,     16.80,      8.00,      8.80,      8.40,0,0,0,2,2,2,U2 
H4,840,2015,540234,     16.80,      8.00,      8.80,      8.40,0,0,0,2,2,2,U2 
H4,840,2015,540239,     16.80,      8.00,      8.80,      8.40,0,0,0,2,2,2,U2 
H4,840,2015,540244,      8.00,      8.00,      8.00,      8.00,0,0,0,1,1,1,U2 
H4,840,2015,540245,      8.00,      0.00,      8.00,      4.00,0,1,0,1,2,2,U2 
H4,840,2015,540246,      8.80,      8.80,      8.80,      8.80,0,0,0,1,1,1,U2 
H4,840,2015,540247,     16.00,      8.00,      8.00,      8.00,0,0,0,2,2,2,U2 
H4,840,2015,540248,      8.00,      8.00,      8.00,      8.00,0,0,0,1,1,1,U2 
H4,840,2015,540249,      8.00,      0.00,      8.00,      4.00,0,1,0,1,2,2,U2 
H4,840,2015,540251,      8.80,      8.80,      8.80,      8.80,0,0,0,1,1,1,U2 
H4,840,2015,540252,     17.60,      8.80,      8.80,      8.80,0,0,0,2,2,2,U2 
H4,840,2015,540259,      8.00,      8.00,      8.00,      8.00,0,0,0,1,1,1,U2 
H4,840,2015,540261,      7.50,      7.50,      7.50,      7.50,0,0,0,1,1,1,U2 
H4,840,2015,540262,      7.50,      7.50,      7.50,      7.50,0,0,0,1,1,1,U2 
H4,840,2015,540269,      7.50,      7.50,      7.50,      7.50,0,0,0,1,1,1,U2 
H4,840,2015,540310,     19.10,      9.10,     10.00,      9.55,0,0,0,2,2,2,U2 
H4,840,2015,540331,     10.00,     10.00,     10.00,     10.00,0,0,0,1,1,1,U2 
H4,840,2015,540332,     10.00,     10.00,     10.00,     10.00,0,0,0,1,1,1,U2 
H4,840,2015,540333,      8.80,      8.80,      8.80,      8.80,0,0,0,1,1,1,U2 
H4,840,2015,540339,     18.00,      8.00,     10.00,      9.00,0,0,0,2,2,2,U2 
H4,840,2015,540341,      9.10,      9.10,      9.10,      9.10,0,0,0,1,1,1,U2 
H4,840,2015,540342,      8.00,      8.00,      8.00,      8.00,0,0,0,1,1,1,U2 
H4,840,2015,540349,     16.60,      7.50,      9.10,      8.30,0,0,0,2,2,2,U2 
H4,840,2015,540411,      6.90,      6.90,      6.90,      6.90,0,0,0,1,1,1,U2 
H4,840,2015,540412,     13.80,      6.90,      6.90,      6.90,0,0,0,2,2,2,U2 
H4,840,2015,540419,      9.60,      2.70,      6.90,      4.80,0,0,0,2,2,2,U2 
H4,840,2015,540490,      0.00,      0.00,      0.00,      0.00,0,1,0,0,1,1,U2 
H4,840,2015,540500,     12.70,      5.80,      6.90,      6.35,0,0,0,2,2,2,U2 
H4,840,2015,540600,     15.00,      7.50,      7.50,      7.50,0,0,0,2,2,2,U2 
H4,840,2015,540710,     13.60,     13.60,     13.60,     13.60,0,0,0,1,1,1,U2 
H4,840,2015,540720,      0.00,      0.00,      0.00,      0.00,0,1,0,0,1,1,U2 
H4,840,2015,540730,      8.00,      0.00,      8.00,      4.00,0,1,0,1,2,2,U2 
H4,840,2015,540741,     13.60,     13.60,     13.60,     13.60,0,0,0,1,1,1,U2 
H4,840,2015,540742,     14.90,     14.90,     14.90,     14.90,0,0,0,1,1,1,U2 
H4,840,2015,540743,     20.71,      8.50,     12.21,     10.35,0,0,1,1,2,2,U2 
H4,840,2015,540744,     12.00,     12.00,     12.00,     12.00,0,0,0,1,1,1,U2 
H4,840,2015,540751,     14.90,     14.90,     14.90,     14.90,0,0,0,1,1,1,U2 
H4,840,2015,540752,     35.31,     14.90,     20.41,     17.65,0,0,1,1,2,2,U2 
H4,840,2015,540753,     31.42,     12.00,     19.42,     15.71,0,0,1,1,2,2,U2 
H4,840,2015,540754,     14.90,     14.90,     14.90,     14.90,0,0,0,1,1,1,U2 
H4,840,2015,540761,     95.06,     12.59,     20.04,     15.84,0,0,4,2,6,6,U2 
H4,840,2015,540769,     53.20,      0.00,     14.90,     10.64,0,1,0,4,5,5,U2 
H4,840,2015,540771,     14.90,     14.90,     14.90,     14.90,0,0,0,1,1,1,U2 
H4,840,2015,540772,     14.90,     14.90,     14.90,     14.90,0,0,0,1,1,1,U2 
H4,840,2015,540773,      8.50,      0.00,      8.50,      4.25,0,1,0,1,2,2,U2 
H4,840,2015,540774,     14.90,     14.90,     14.90,     14.90,0,0,0,1,1,1,U2 
H4,840,2015,540781,     14.90,     14.90,     14.90,     14.90,0,0,0,1,1,1,U2 
H4,840,2015,540782,     14.90,     14.90,     14.90,     14.90,0,0,0,1,1,1,U2 
H4,840,2015,540783,      8.50,      8.50,      8.50,      8.50,0,0,0,1,1,1,U2 
H4,840,2015,540784,     14.90,     14.90,     14.90,     14.90,0,0,0,1,1,1,U2 
H4,840,2015,540791,     51.90,     12.00,     25.00,     17.30,0,0,0,3,3,3,U2 
H4,840,2015,540792,     51.90,     12.00,     25.00,     17.30,0,0,0,3,3,3,U2 
H4,840,2015,540793,     49.00,      0.00,     25.00,     12.25,0,1,0,3,4,4,U2 
H4,840,2015,540794,     26.90,      0.00,     14.90,      8.97,0,1,0,2,3,3,U2 
H4,840,2015,540810,     14.90,     14.90,     14.90,     14.90,0,0,0,1,1,1,U2 
H4,840,2015,540821,     14.90,     14.90,     14.90,     14.90,0,0,0,1,1,1,U2 
H4,840,2015,540822,     29.80,     14.90,     14.90,     14.90,0,0,0,2,2,2,U2 
H4,840,2015,540823,     24.00,      0.00,     12.00,      6.00,0,2,0,2,4,4,U2 
H4,840,2015,540824,     24.00,     12.00,     12.00,     12.00,0,0,0,2,2,2,U2 
H4,840,2015,540831,     51.90,     12.00,     25.00,     17.30,0,0,0,3,3,3,U2 
H4,840,2015,540832,     53.60,      6.90,     19.70,     13.40,0,0,0,4,4,4,U2 
H4,840,2015,540833,     62.46,      6.90,     19.60,     12.49,0,0,1,4,5,5,U2 
H4,840,2015,540834,     24.00,      0.00,     12.00,      6.00,0,2,0,2,4,4,U2 
H4,840,2015,550110,      7.50,      7.50,      7.50,      7.50,0,0,0,1,1,1,U2 
H4,840,2015,550120,      7.50,      7.50,      7.50,      7.50,0,0,0,1,1,1,U2 
H4,840,2015,550130,      7.50,      7.50,      7.50,      7.50,0,0,0,1,1,1,U2 
H4,840,2015,550140,      7.50,      7.50,      7.50,      7.50,0,0,0,1,1,1,U2 
H4,840,2015,550190,      7.50,      7.50,      7.50,      7.50,0,0,0,1,1,1,U2 
H4,840,2015,550200,      7.50,      7.50,      7.50,      7.50,0,0,0,1,1,1,U2 
H4,840,2015,550311,      4.30,      4.30,      4.30,      4.30,0,0,0,1,1,1,U2 
H4,840,2015,550319,      4.30,      0.00,      4.30,      2.15,0,1,0,1,2,2,U2 
H4,840,2015,550320,      4.30,      4.30,      4.30,      4.30,0,0,0,1,1,1,U2 
H4,840,2015,550330,      4.30,      4.30,      4.30,      4.30,0,0,0,1,1,1,U2 
H4,840,2015,550340,      4.30,      4.30,      4.30,      4.30,0,0,0,1,1,1,U2 
H4,840,2015,550390,      4.30,      0.00,      4.30,      2.15,0,1,0,1,2,2,U2 
H4,840,2015,550410,      4.30,      4.30,      4.30,      4.30,0,0,0,1,1,1,U2 
H4,840,2015,550490,      4.30,      4.30,      4.30,      4.30,0,0,0,1,1,1,U2 
H4,840,2015,550510,      0.00,      0.00,      0.00,      0.00,0,1,0,0,1,1,U2 
H4,840,2015,550520,      0.00,      0.00,      0.00,      0.00,0,1,0,0,1,1,U2 
H4,840,2015,550610,      5.00,      5.00,      5.00,      5.00,0,0,0,1,1,1,U2 
H4,840,2015,550620,      5.70,      5.70,      5.70,      5.70,0,0,0,1,1,1,U2 
H4,840,2015,550630,      5.00,      5.00,      5.00,      5.00,0,0,0,1,1,1,U2 
H4,840,2015,550690,      5.00,      5.00,      5.00,      5.00,0,0,0,1,1,1,U2 
H4,840,2015,550700,      5.00,      5.00,      5.00,      5.00,0,0,0,1,1,1,U2 
H4,840,2015,550810,     11.40,     11.40,     11.40,     11.40,0,0,0,1,1,1,U2 
H4,840,2015,550820,     11.00,     11.00,     11.00,     11.00,0,0,0,1,1,1,U2 
H4,840,2015,550911,      9.40,      9.40,      9.40,      9.40,0,0,0,1,1,1,U2 
H4,840,2015,550912,     10.60,     10.60,     10.60,     10.60,0,0,0,1,1,1,U2 
H4,840,2015,550921,      9.70,      9.70,      9.70,      9.70,0,0,0,1,1,1,U2 
H4,840,2015,550922,     10.60,     10.60,     10.60,     10.60,0,0,0,1,1,1,U2 
H4,840,2015,550931,      9.00,      9.00,      9.00,      9.00,0,0,0,1,1,1,U2 
H4,840,2015,550932,     10.00,     10.00,     10.00,     10.00,0,0,0,1,1,1,U2 
H4,840,2015,550941,      9.00,      9.00,      9.00,      9.00,0,0,0,1,1,1,U2 
H4,840,2015,550942,      7.00,      7.00,      7.00,      7.00,0,0,0,1,1,1,U2 
H4,840,2015,550951,     20.30,      9.70,     10.60,     10.15,0,0,0,2,2,2,U2 
H4,840,2015,550952,     12.00,     12.00,     12.00,     12.00,0,0,0,1,1,1,U2 
H4,840,2015,550953,     13.20,     13.20,     13.20,     13.20,0,0,0,1,1,1,U2 
H4,840,2015,550959,     13.20,     13.20,     13.20,     13.20,0,0,0,1,1,1,U2 
H4,840,2015,550961,     13.20,     13.20,     13.20,     13.20,0,0,0,1,1,1,U2 
H4,840,2015,550962,     12.00,     12.00,     12.00,     12.00,0,0,0,1,1,1,U2 
H4,840,2015,550969,     32.20,      9.00,     13.20,     10.73,0,0,0,3,3,3,U2 
H4,840,2015,550991,     12.00,     12.00,     12.00,     12.00,0,0,0,1,1,1,U2 
H4,840,2015,550992,      7.50,      7.50,      7.50,      7.50,0,0,0,1,1,1,U2 
H4,840,2015,550999,     32.80,      9.00,     13.20,     10.93,0,0,0,3,3,3,U2 
H4,840,2015,551011,      9.00,      9.00,      9.00,      9.00,0,0,0,1,1,1,U2 
H4,840,2015,551012,     10.60,     10.60,     10.60,     10.60,0,0,0,1,1,1,U2 
H4,840,2015,551020,     10.20,     10.20,     10.20,     10.20,0,0,0,1,1,1,U2 
H4,840,2015,551030,      7.50,      7.50,      7.50,      7.50,0,0,0,1,1,1,U2 
H4,840,2015,551090,     32.80,      9.00,     13.20,     10.93,0,0,0,3,3,3,U2 
H4,840,2015,551110,      7.50,      7.50,      7.50,      7.50,0,0,0,1,1,1,U2 
H4,840,2015,551120,      7.50,      7.50,      7.50,      7.50,0,0,0,1,1,1,U2 
H4,840,2015,551130,      7.50,      7.50,      7.50,      7.50,0,0,0,1,1,1,U2 
H4,840,2015,551211,     12.00,     12.00,     12.00,     12.00,0,0,0,1,1,1,U2 
H4,840,2015,551219,     13.60,     13.60,     13.60,     13.60,0,0,0,1,1,1,U2 
H4,840,2015,551221,     12.00,     12.00,     12.00,     12.00,0,0,0,1,1,1,U2 
H4,840,2015,551229,     12.00,     12.00,     12.00,     12.00,0,0,0,1,1,1,U2 
H4,840,2015,551291,     14.90,     14.90,     14.90,     14.90,0,0,0,1,1,1,U2 
H4,840,2015,551299,     12.00,     12.00,     12.00,     12.00,0,0,0,1,1,1,U2 
H4,840,2015,551311,     14.90,     14.90,     14.90,     14.90,0,0,0,1,1,1,U2 
H4,840,2015,551312,     14.90,     14.90,     14.90,     14.90,0,0,0,1,1,1,U2 
H4,840,2015,551313,     14.90,     14.90,     14.90,     14.90,0,0,0,1,1,1,U2 
H4,840,2015,551319,     14.90,     14.90,     14.90,     14.90,0,0,0,1,1,1,U2 
H4,840,2015,551321,     14.90,     14.90,     14.90,     14.90,0,0,0,1,1,1,U2 
H4,840,2015,551323,     14.90,     14.90,     14.90,     14.90,0,0,0,1,1,1,U2 
H4,840,2015,551329,     14.90,     14.90,     14.90,     14.90,0,0,0,1,1,1,U2 
H4,840,2015,551331,     14.90,     14.90,     14.90,     14.90,0,0,0,1,1,1,U2 
H4,840,2015,551339,     14.90,     14.90,     14.90,     14.90,0,0,0,1,1,1,U2 
H4,840,2015,551341,     14.90,     14.90,     14.90,     14.90,0,0,0,1,1,1,U2 
H4,840,2015,551349,     37.00,      8.50,     14.90,     12.33,0,0,0,3,3,3,U2 
H4,840,2015,551411,     14.90,     14.90,     14.90,     14.90,0,0,0,1,1,1,U2 
H4,840,2015,551412,     14.90,     14.90,     14.90,     14.90,0,0,0,1,1,1,U2 
H4,840,2015,551419,     23.40,      8.50,     14.90,     11.70,0,0,0,2,2,2,U2 
H4,840,2015,551421,     14.90,     14.90,     14.90,     14.90,0,0,0,1,1,1,U2 
H4,840,2015,551422,     14.90,     14.90,     14.90,     14.90,0,0,0,1,1,1,U2 
H4,840,2015,551423,     14.90,     14.90,     14.90,     14.90,0,0,0,1,1,1,U2 
H4,840,2015,551429,     12.00,     12.00,     12.00,     12.00,0,0,0,1,1,1,U2 
H4,840,2015,551430,     41.80,      0.00,     14.90,     10.45,0,1,0,3,4,4,U2 
H4,840,2015,551441,     14.90,     14.90,     14.90,     14.90,0,0,0,1,1,1,U2 
H4,840,2015,551442,     14.90,     14.90,     14.90,     14.90,0,0,0,1,1,1,U2 
H4,840,2015,551443,      0.00,      0.00,      0.00,      0.00,0,1,0,0,1,1,U2 
H4,840,2015,551449,      8.50,      8.50,      8.50,      8.50,0,0,0,1,1,1,U2 
H4,840,2015,551511,     14.90,     14.90,     14.90,     14.90,0,0,0,1,1,1,U2 
H4,840,2015,551512,     12.00,     12.00,     12.00,     12.00,0,0,0,1,1,1,U2 
H4,840,2015,551513,     37.00,     12.00,     25.00,     18.50,0,0,0,2,2,2,U2 
H4,840,2015,551519,     12.00,     12.00,     12.00,     12.00,0,0,0,1,1,1,U2 
H4,840,2015,551521,      0.00,      0.00,      0.00,      0.00,0,1,0,0,1,1,U2 
H4,840,2015,551522,     32.10,     12.00,     20.10,     16.05,0,0,0,2,2,2,U2 
H4,840,2015,551529,      0.00,      0.00,      0.00,      0.00,0,1,0,0,1,1,U2 
H4,840,2015,551591,     12.00,     12.00,     12.00,     12.00,0,0,0,1,1,1,U2 
H4,840,2015,551599,     45.50,      8.50,     25.00,     15.17,0,0,0,3,3,3,U2 
H4,840,2015,551611,     14.90,     14.90,     14.90,     14.90,0,0,0,1,1,1,U2 
H4,840,2015,551612,     14.90,     14.90,     14.90,     14.90,0,0,0,1,1,1,U2 
H4,840,2015,551613,     14.90,     14.90,     14.90,     14.90,0,0,0,1,1,1,U2 
H4,840,2015,551614,     10.00,     10.00,     10.00,     10.00,0,0,0,1,1,1,U2 
H4,840,2015,551621,     14.90,     14.90,     14.90,     14.90,0,0,0,1,1,1,U2 
H4,840,2015,551622,     14.90,     14.90,     14.90,     14.90,0,0,0,1,1,1,U2 
H4,840,2015,551623,      8.50,      8.50,      8.50,      8.50,0,0,0,1,1,1,U2 
H4,840,2015,551624,     14.90,     14.90,     14.90,     14.90,0,0,0,1,1,1,U2 
H4,840,2015,551631,     31.80,     12.00,     19.80,     15.90,0,0,0,2,2,2,U2 
H4,840,2015,551632,     37.00,     12.00,     25.00,     18.50,0,0,0,2,2,2,U2 
H4,840,2015,551633,     37.00,     12.00,     25.00,     18.50,0,0,0,2,2,2,U2 
H4,840,2015,551634,     31.70,     12.00,     19.70,     15.85,0,0,0,2,2,2,U2 
H4,840,2015,551641,     14.90,     14.90,     14.90,     14.90,0,0,0,1,1,1,U2 
H4,840,2015,551642,     12.00,     12.00,     12.00,     12.00,0,0,0,1,1,1,U2 
H4,840,2015,551643,      0.00,      0.00,      0.00,      0.00,0,1,0,0,1,1,U2 
H4,840,2015,551644,      8.50,      8.50,      8.50,      8.50,0,0,0,1,1,1,U2 
H4,840,2015,551691,     12.00,     12.00,     12.00,     12.00,0,0,0,1,1,1,U2 
H4,840,2015,551692,     12.00,     12.00,     12.00,     12.00,0,0,0,1,1,1,U2 
H4,840,2015,551693,      8.50,      8.50,      8.50,      8.50,0,0,0,1,1,1,U2 
H4,840,2015,551694,     12.00,     12.00,     12.00,     12.00,0,0,0,1,1,1,U2 
H4,840,2015,560121,      3.60,      3.60,      3.60,      3.60,0,0,0,1,1,1,U2 
H4,840,2015,560122,      6.30,      6.30,      6.30,      6.30,0,0,0,1,1,1,U2 
H4,840,2015,560129,      4.00,      4.00,      4.00,      4.00,0,0,0,1,1,1,U2 
H4,840,2015,560130,      0.00,      0.00,      0.00,      0.00,0,1,0,0,1,1,U2 
H4,840,2015,560210,     22.60,     10.60,     12.00,     11.30,0,0,0,2,2,2,U2 
H4,840,2015,560221,     10.43,     10.43,     10.43,     10.43,0,0,1,0,1,1,U2 
H4,840,2015,560229,      6.30,      6.30,      6.30,      6.30,0,0,0,1,1,1,U2 
H4,840,2015,560290,     23.48,      0.00,     17.18,      7.83,0,1,1,1,3,3,U2 
H4,840,2015,560311,      0.00,      0.00,      0.00,      0.00,0,1,0,0,1,1,U2 
H4,840,2015,560312,      0.00,      0.00,      0.00,      0.00,0,1,0,0,1,1,U2 
H4,840,2015,560313,      0.00,      0.00,      0.00,      0.00,0,1,0,0,1,1,U2 
H4,840,2015,560314,      0.00,      0.00,      0.00,      0.00,0,2,0,0,2,2,U2 
H4,840,2015,560391,      0.00,      0.00,      0.00,      0.00,0,1,0,0,1,1,U2 
H4,840,2015,560392,      0.00,      0.00,      0.00,      0.00,0,1,0,0,1,1,U2 
H4,840,2015,560393,      0.00,      0.00,      0.00,      0.00,0,1,0,0,1,1,U2 
H4,840,2015,560394,      0.00,      0.00,      0.00,      0.00,0,3,0,0,3,3,U2 
H4,840,2015,560410,      6.30,      6.30,      6.30,      6.30,0,0,0,1,1,1,U2 
H4,840,2015,560490,     13.80,      5.00,      8.80,      6.90,0,0,0,2,2,2,U2 
H4,840,2015,560500,     20.70,      7.50,     13.20,     10.35,0,0,0,2,2,2,U2 
H4,840,2015,560600,      8.00,      8.00,      8.00,      8.00,0,0,0,1,1,1,U2 
H4,840,2015,560721,      0.00,      0.00,      0.00,      0.00,0,1,0,0,1,1,U2 
H4,840,2015,560729,      3.60,      3.60,      3.60,      3.60,0,0,0,1,1,1,U2 
H4,840,2015,560741,      6.70,      2.70,      4.00,      3.35,0,0,0,2,2,2,U2 
H4,840,2015,560749,     21.11,      2.70,      7.81,      5.28,0,0,1,3,4,4,U2 
H4,840,2015,560750,     23.93,      3.60,     13.33,      7.98,0,0,1,2,3,3,U2 
H4,840,2015,560790,      9.70,      0.00,      6.30,      1.94,0,3,0,2,5,5,U2 
H4,840,2015,560811,      8.00,      8.00,      8.00,      8.00,0,0,0,1,1,1,U2 
H4,840,2015,560819,     13.50,      5.00,      8.50,      6.75,0,0,0,2,2,2,U2 
H4,840,2015,560890,     41.20,      5.00,     14.10,     10.30,0,0,0,4,4,4,U2 
H4,840,2015,560900,     11.30,      0.00,      4.50,      2.83,0,1,0,3,4,4,U2 
H4,840,2015,570110,      4.50,      0.00,      4.50,      1.13,0,3,0,1,4,4,U2 
H4,840,2015,570190,      0.00,      0.00,      0.00,      0.00,0,2,0,0,2,2,U2 
H4,840,2015,570210,      0.00,      0.00,      0.00,      0.00,0,2,0,0,2,2,U2 
H4,840,2015,570220,      0.00,      0.00,      0.00,      0.00,0,2,0,0,2,2,U2 
H4,840,2015,570231,     12.00,      4.00,      8.00,      6.00,0,0,0,2,2,2,U2 
H4,840,2015,570232,     15.00,      7.00,      8.00,      7.50,0,0,0,2,2,2,U2 
H4,840,2015,570239,      3.60,      0.00,      3.60,      1.80,0,1,0,1,2,2,U2 
H4,840,2015,570241,      0.00,      0.00,      0.00,      0.00,0,2,0,0,2,2,U2 
H4,840,2015,570242,      0.00,      0.00,      0.00,      0.00,0,2,0,0,2,2,U2 
H4,840,2015,570249,      4.00,      0.00,      4.00,      1.33,0,2,0,1,3,3,U2 
H4,840,2015,570250,     24.80,      2.70,      6.80,      4.96,0,0,0,5,5,5,U2 
H4,840,2015,570291,      7.90,      0.00,      4.30,      2.63,0,1,0,2,3,3,U2 
H4,840,2015,570292,      5.40,      2.70,      2.70,      2.70,0,0,0,2,2,2,U2 
H4,840,2015,570299,     16.30,      2.70,      6.80,      5.43,0,0,0,3,3,3,U2 
H4,840,2015,570310,     12.00,      6.00,      6.00,      6.00,0,0,0,2,2,2,U2 
H4,840,2015,570320,     12.50,      5.80,      6.70,      6.25,0,0,0,2,2,2,U2 
H4,840,2015,570330,     12.00,      6.00,      6.00,      6.00,0,0,0,2,2,2,U2 
H4,840,2015,570390,      3.80,      3.80,      3.80,      3.80,0,0,0,1,1,1,U2 
H4,840,2015,570410,      4.70,      4.70,      4.70,      4.70,0,0,0,1,1,1,U2 
H4,840,2015,570490,      0.00,      0.00,      0.00,      0.00,0,1,0,0,1,1,U2 
H4,840,2015,570500,      3.30,      0.00,      3.30,      1.65,0,1,0,1,2,2,U2 
H4,840,2015,580110,      0.00,      0.00,      0.00,      0.00,0,1,0,0,1,1,U2 
H4,840,2015,580121,     20.20,     20.20,     20.20,     20.20,0,0,0,1,1,1,U2 
H4,840,2015,580122,     30.20,     10.00,     20.20,     15.10,0,0,0,2,2,2,U2 
H4,840,2015,580123,     10.00,     10.00,     10.00,     10.00,0,0,0,1,1,1,U2 
H4,840,2015,580126,      0.00,      0.00,      0.00,      0.00,0,1,0,0,1,1,U2 
H4,840,2015,580127,     29.00,     10.50,     18.50,     14.50,0,0,0,2,2,2,U2 
H4,840,2015,580131,     17.20,     17.20,     17.20,     17.20,0,0,0,1,1,1,U2 
H4,840,2015,580132,     14.00,     14.00,     14.00,     14.00,0,0,0,1,1,1,U2 
H4,840,2015,580133,      9.80,      9.80,      9.80,      9.80,0,0,0,1,1,1,U2 
H4,840,2015,580136,      9.80,      9.80,      9.80,      9.80,0,0,0,1,1,1,U2 
H4,840,2015,580137,     31.20,     14.00,     17.20,     15.60,0,0,0,2,2,2,U2 
H4,840,2015,580190,      6.40,      2.70,      3.70,      3.20,0,0,0,2,2,2,U2 
H4,840,2015,580211,      9.80,      9.80,      9.80,      9.80,0,0,0,1,1,1,U2 
H4,840,2015,580219,      9.40,      9.40,      9.40,      9.40,0,0,0,1,1,1,U2 
H4,840,2015,580220,     14.00,     14.00,     14.00,     14.00,0,0,0,1,1,1,U2 
H4,840,2015,580230,      6.20,      6.20,      6.20,      6.20,0,0,0,1,1,1,U2 
H4,840,2015,580300,     23.50,      0.00,     16.50,      3.92,0,4,0,2,6,6,U2 
H4,840,2015,580410,      6.00,      0.00,      6.00,      3.00,0,1,0,1,2,2,U2 
H4,840,2015,580421,     12.00,     12.00,     12.00,     12.00,0,0,0,1,1,1,U2 
H4,840,2015,580429,     13.00,      5.00,      8.00,      6.50,0,0,0,2,2,2,U2 
H4,840,2015,580430,     13.20,     13.20,     13.20,     13.20,0,0,0,1,1,1,U2 
H4,840,2015,580500,      0.00,      0.00,      0.00,      0.00,0,5,0,0,5,5,U2 
H4,840,2015,580610,     27.00,      3.80,      8.40,      6.75,0,0,0,4,4,4,U2 
H4,840,2015,580620,      7.00,      7.00,      7.00,      7.00,0,0,0,1,1,1,U2 
H4,840,2015,580631,      8.80,      8.80,      8.80,      8.80,0,0,0,1,1,1,U2 
H4,840,2015,580632,     12.20,      6.00,      6.20,      6.10,0,0,0,2,2,2,U2 
H4,840,2015,580639,     11.50,      0.00,      6.60,      3.83,0,1,0,2,3,3,U2 
H4,840,2015,580640,      8.00,      8.00,      8.00,      8.00,0,0,0,1,1,1,U2 
H4,840,2015,580710,     15.70,      3.30,      7.90,      5.23,0,0,0,3,3,3,U2 
H4,840,2015,580790,     15.70,      3.30,      7.90,      5.23,0,0,0,3,3,3,U2 
H4,840,2015,580810,     14.80,      0.00,      7.40,      2.96,0,2,0,3,5,5,U2 
H4,840,2015,580890,      3.90,      3.90,      3.90,      3.90,0,0,0,1,1,1,U2 
H4,840,2015,580900,     14.90,     14.90,     14.90,     14.90,0,0,0,1,1,1,U2 
H4,840,2015,581010,     14.10,     14.10,     14.10,     14.10,0,0,0,1,1,1,U2 
H4,840,2015,581091,,,,,1,0,0,0,0,1,U2 
H4,840,2015,581092,,,,,2,0,0,0,0,2,U2 
H4,840,2015,581099,,,,,2,0,0,0,0,2,U2 
H4,840,2015,581100,     27.50,      0.00,     13.20,      6.88,0,1,0,3,4,4,U2 
H4,840,2015,590110,     11.10,      4.10,      7.00,      5.55,0,0,0,2,2,2,U2 
H4,840,2015,590190,     11.10,      4.10,      7.00,      5.55,0,0,0,2,2,2,U2 
H4,840,2015,590210,      5.80,      5.80,      5.80,      5.80,0,0,0,1,1,1,U2 
H4,840,2015,590220,      5.80,      5.80,      5.80,      5.80,0,0,0,1,1,1,U2 
H4,840,2015,590290,      0.00,      0.00,      0.00,      0.00,0,1,0,0,1,1,U2 
H4,840,2015,590310,     27.00,      0.00,     14.10,      4.50,0,2,0,4,6,6,U2 
H4,840,2015,590320,     20.90,      0.00,      8.00,      3.48,0,2,0,4,6,6,U2 
H4,840,2015,590390,     20.90,      0.00,      8.00,      3.48,0,2,0,4,6,6,U2 
H4,840,2015,590410,      0.00,      0.00,      0.00,      0.00,0,1,0,0,1,1,U2 
H4,840,2015,590490,      0.00,      0.00,      0.00,      0.00,0,2,0,0,2,2,U2 
H4,840,2015,590500,      0.00,      0.00,      0.00,      0.00,0,2,0,0,2,2,U2 
H4,840,2015,590610,      2.90,      2.90,      2.90,      2.90,0,0,0,1,1,1,U2 
H4,840,2015,590691,     12.90,      0.00,      7.50,      3.22,0,1,0,3,4,4,U2 
H4,840,2015,590699,      6.00,      0.00,      3.30,      1.50,0,2,0,2,4,4,U2 
H4,840,2015,590700,     16.00,      0.00,      8.00,      2.67,0,4,0,2,6,6,U2 
H4,840,2015,590800,      3.40,      3.40,      3.40,      3.40,0,0,0,1,1,1,U2 
H4,840,2015,590900,      3.30,      0.00,      3.30,      1.65,0,1,0,1,2,2,U2 
H4,840,2015,591000,      6.60,      2.60,      4.00,      3.30,0,0,0,2,2,2,U2 
H4,840,2015,591110,      6.70,      2.90,      3.80,      3.35,0,0,0,2,2,2,U2 
H4,840,2015,591120,      3.30,      0.00,      3.30,      1.10,0,2,0,1,3,3,U2 
H4,840,2015,591131,      3.80,      3.80,      3.80,      3.80,0,0,0,1,1,1,U2 
H4,840,2015,591132,      3.80,      3.80,      3.80,      3.80,0,0,0,1,1,1,U2 
H4,840,2015,591140,      8.00,      8.00,      8.00,      8.00,0,0,0,1,1,1,U2 
H4,840,2015,591190,      3.80,      3.80,      3.80,      3.80,0,0,0,1,1,1,U2 
H4,840,2015,600110,     26.20,      9.00,     17.20,     13.10,0,0,0,2,2,2,U2 
H4,840,2015,600121,      9.80,      9.80,      9.80,      9.80,0,0,0,1,1,1,U2 
H4,840,2015,600122,     17.20,     17.20,     17.20,     17.20,0,0,0,1,1,1,U2 
H4,840,2015,600129,      7.00,      7.00,      7.00,      7.00,0,0,0,1,1,1,U2 
H4,840,2015,600191,     18.50,     18.50,     18.50,     18.50,0,0,0,1,1,1,U2 
H4,840,2015,600192,     17.20,     17.20,     17.20,     17.20,0,0,0,1,1,1,U2 
H4,840,2015,600199,     11.00,      4.00,      7.00,      5.50,0,0,0,2,2,2,U2 
H4,840,2015,600240,     16.80,      8.00,      8.80,      8.40,0,0,0,2,2,2,U2 
H4,840,2015,600290,     16.80,      8.00,      8.80,      8.40,0,0,0,2,2,2,U2 
H4,840,2015,600310,     20.70,      6.60,     14.10,     10.35,0,0,0,2,2,2,U2 
H4,840,2015,600320,     22.10,      8.00,     14.10,     11.05,0,0,0,2,2,2,U2 
H4,840,2015,600330,     21.70,      7.60,     14.10,     10.85,0,0,0,2,2,2,U2 
H4,840,2015,600340,     21.70,      7.60,     14.10,     10.85,0,0,0,2,2,2,U2 
H4,840,2015,600390,     20.70,      6.60,     14.10,     10.35,0,0,0,2,2,2,U2 
H4,840,2015,600410,     12.30,     12.30,     12.30,     12.30,0,0,0,1,1,1,U2 
H4,840,2015,600490,     19.30,      7.00,     12.30,      9.65,0,0,0,2,2,2,U2 
H4,840,2015,600521,     10.00,     10.00,     10.00,     10.00,0,0,0,1,1,1,U2 
H4,840,2015,600522,     10.00,     10.00,     10.00,     10.00,0,0,0,1,1,1,U2 
H4,840,2015,600523,     10.00,     10.00,     10.00,     10.00,0,0,0,1,1,1,U2 
H4,840,2015,600524,     10.00,     10.00,     10.00,     10.00,0,0,0,1,1,1,U2 
H4,840,2015,600531,     10.00,     10.00,     10.00,     10.00,0,0,0,1,1,1,U2 
H4,840,2015,600532,     10.00,     10.00,     10.00,     10.00,0,0,0,1,1,1,U2 
H4,840,2015,600533,     10.00,     10.00,     10.00,     10.00,0,0,0,1,1,1,U2 
H4,840,2015,600534,     10.00,     10.00,     10.00,     10.00,0,0,0,1,1,1,U2 
H4,840,2015,600541,     10.00,     10.00,     10.00,     10.00,0,0,0,1,1,1,U2 
H4,840,2015,600542,     10.00,     10.00,     10.00,     10.00,0,0,0,1,1,1,U2 
H4,840,2015,600543,     10.00,     10.00,     10.00,     10.00,0,0,0,1,1,1,U2 
H4,840,2015,600544,     10.00,     10.00,     10.00,     10.00,0,0,0,1,1,1,U2 
H4,840,2015,600590,     20.00,     10.00,     10.00,     10.00,0,0,0,2,2,2,U2 
H4,840,2015,600610,     10.00,     10.00,     10.00,     10.00,0,0,0,1,1,1,U2 
H4,840,2015,600621,     20.00,     10.00,     10.00,     10.00,0,0,0,2,2,2,U2 
H4,840,2015,600622,     20.00,     10.00,     10.00,     10.00,0,0,0,2,2,2,U2 
H4,840,2015,600623,     20.00,     10.00,     10.00,     10.00,0,0,0,2,2,2,U2 
H4,840,2015,600624,     20.00,     10.00,     10.00,     10.00,0,0,0,2,2,2,U2 
H4,840,2015,600631,     10.00,     10.00,     10.00,     10.00,0,0,0,1,1,1,U2 
H4,840,2015,600632,     10.00,     10.00,     10.00,     10.00,0,0,0,1,1,1,U2 
H4,840,2015,600633,     10.00,     10.00,     10.00,     10.00,0,0,0,1,1,1,U2 
H4,840,2015,600634,     10.00,     10.00,     10.00,     10.00,0,0,0,1,1,1,U2 
H4,840,2015,600641,     10.00,     10.00,     10.00,     10.00,0,0,0,1,1,1,U2 
H4,840,2015,600642,     10.00,     10.00,     10.00,     10.00,0,0,0,1,1,1,U2 
H4,840,2015,600643,     10.00,     10.00,     10.00,     10.00,0,0,0,1,1,1,U2 
H4,840,2015,600644,     10.00,     10.00,     10.00,     10.00,0,0,0,1,1,1,U2 
H4,840,2015,600690,      7.00,      0.00,      7.00,      3.50,0,1,0,1,2,2,U2 
H4,840,2015,610120,     15.90,     15.90,     15.90,     15.90,0,0,0,1,1,1,U2 
H4,840,2015,610130,     45.62,      5.60,     28.20,     15.21,0,0,1,2,3,3,U2 
H4,840,2015,610190,     24.43,      0.90,     17.83,      8.14,0,0,1,2,3,3,U2 
H4,840,2015,610210,     17.21,     17.21,     17.21,     17.21,0,0,1,0,1,1,U2 
H4,840,2015,610220,     15.90,     15.90,     15.90,     15.90,0,0,0,1,1,1,U2 
H4,840,2015,610230,     55.33,      5.30,     28.20,     18.44,0,0,1,2,3,3,U2 
H4,840,2015,610290,      6.60,      0.90,      5.70,      3.30,0,0,0,2,2,2,U2 
H4,840,2015,610310,     76.05,      0.00,     28.20,      9.51,0,2,2,4,8,8,U2 
H4,840,2015,610322,,,,,1,0,0,0,0,1,U2 
H4,840,2015,610323,,,,,1,0,0,0,0,1,U2 
H4,840,2015,610329,,,,,3,0,0,0,0,3,U2 
H4,840,2015,610331,     10.49,     10.49,     10.49,     10.49,0,0,1,0,1,1,U2 
H4,840,2015,610332,     13.50,     13.50,     13.50,     13.50,0,0,0,1,1,1,U2 
H4,840,2015,610333,     39.87,     11.67,     28.20,     19.94,0,0,1,1,2,2,U2 
H4,840,2015,610339,     21.40,      0.90,     14.90,      7.13,0,0,0,3,3,3,U2 
H4,840,2015,610341,     31.85,     13.60,     18.25,     15.93,0,0,1,1,2,2,U2 
H4,840,2015,610342,     26.40,     10.30,     16.10,     13.20,0,0,0,2,2,2,U2 
H4,840,2015,610343,     61.46,     14.90,     28.20,     20.49,0,0,1,2,3,3,U2 
H4,840,2015,610349,     48.30,      0.90,     28.20,     12.07,0,0,0,4,4,4,U2 
H4,840,2015,610413,     14.90,      0.00,     14.90,      7.45,0,1,0,1,2,2,U2 
H4,840,2015,610419,     38.00,      0.00,     13.60,      6.33,0,1,0,5,6,6,U2 
H4,840,2015,610422,,,,,1,0,0,0,0,1,U2 
H4,840,2015,610423,,,,,1,0,0,0,0,1,U2 
H4,840,2015,610429,,,,,3,0,0,0,0,3,U2 
H4,840,2015,610431,     16.64,     16.64,     16.64,     16.64,0,0,1,0,1,1,U2 
H4,840,2015,610432,     14.90,     14.90,     14.90,     14.90,0,0,0,1,1,1,U2 
H4,840,2015,610433,     46.79,     18.59,     28.20,     23.39,0,0,1,1,2,2,U2 
H4,840,2015,610439,     24.00,      0.00,     24.00,     12.00,0,1,0,1,2,2,U2 
H4,840,2015,610441,     13.60,     13.60,     13.60,     13.60,0,0,0,1,1,1,U2 
H4,840,2015,610442,     11.50,     11.50,     11.50,     11.50,0,0,0,1,1,1,U2 
H4,840,2015,610443,     30.90,     14.90,     16.00,     15.45,0,0,0,2,2,2,U2 
H4,840,2015,610444,     29.80,     14.90,     14.90,     14.90,0,0,0,2,2,2,U2 
H4,840,2015,610449,      6.50,      0.90,      5.60,      3.25,0,0,0,2,2,2,U2 
H4,840,2015,610451,     14.90,     14.90,     14.90,     14.90,0,0,0,1,1,1,U2 
H4,840,2015,610452,      8.30,      8.30,      8.30,      8.30,0,0,0,1,1,1,U2 
H4,840,2015,610453,     30.90,     14.90,     16.00,     15.45,0,0,0,2,2,2,U2 
H4,840,2015,610459,     14.50,      0.90,      8.00,      4.83,0,0,0,3,3,3,U2 
H4,840,2015,610461,     14.90,     14.90,     14.90,     14.90,0,0,0,1,1,1,U2 
H4,840,2015,610462,     25.20,     10.30,     14.90,     12.60,0,0,0,2,2,2,U2 
H4,840,2015,610463,     58.00,     14.90,     28.20,     19.33,0,0,0,3,3,3,U2 
H4,840,2015,610469,     48.30,      0.90,     28.20,     12.07,0,0,0,4,4,4,U2 
H4,840,2015,610510,     19.70,     19.70,     19.70,     19.70,0,0,0,1,1,1,U2 
H4,840,2015,610520,     45.60,     13.60,     32.00,     22.80,0,0,0,2,2,2,U2 
H4,840,2015,610590,     21.40,      0.90,     14.90,      7.13,0,0,0,3,3,3,U2 
H4,840,2015,610610,     19.70,     19.70,     19.70,     19.70,0,0,0,1,1,1,U2 
H4,840,2015,610620,     46.90,     14.90,     32.00,     23.45,0,0,0,2,2,2,U2 
H4,840,2015,610690,     24.80,      0.90,     13.60,      6.20,0,0,0,4,4,4,U2 
H4,840,2015,610711,      7.40,      7.40,      7.40,      7.40,0,0,0,1,1,1,U2 
H4,840,2015,610712,     14.90,     14.90,     14.90,     14.90,0,0,0,1,1,1,U2 
H4,840,2015,610719,      6.50,      0.90,      5.60,      3.25,0,0,0,2,2,2,U2 
H4,840,2015,610721,      8.90,      8.90,      8.90,      8.90,0,0,0,1,1,1,U2 
H4,840,2015,610722,     16.00,     16.00,     16.00,     16.00,0,0,0,1,1,1,U2 
H4,840,2015,610729,     15.00,      0.90,      8.50,      5.00,0,0,0,3,3,3,U2 
H4,840,2015,610791,      8.70,      8.70,      8.70,      8.70,0,0,0,1,1,1,U2 
H4,840,2015,610799,     34.10,      0.80,     14.90,      8.52,0,0,0,4,4,4,U2 
H4,840,2015,610811,     14.90,     14.90,     14.90,     14.90,0,0,0,1,1,1,U2 
H4,840,2015,610819,      7.70,      1.10,      6.60,      3.85,0,0,0,2,2,2,U2 
H4,840,2015,610821,      7.60,      7.60,      7.60,      7.60,0,0,0,1,1,1,U2 
H4,840,2015,610822,     23.90,      8.30,     15.60,     11.95,0,0,0,2,2,2,U2 
H4,840,2015,610829,     15.40,      2.10,     13.30,      7.70,0,0,0,2,2,2,U2 
H4,840,2015,610831,      8.50,      8.50,      8.50,      8.50,0,0,0,1,1,1,U2 
H4,840,2015,610832,     16.00,     16.00,     16.00,     16.00,0,0,0,1,1,1,U2 
H4,840,2015,610839,     12.90,      0.60,      8.50,      4.30,0,0,0,3,3,3,U2 
H4,840,2015,610891,      8.50,      8.50,      8.50,      8.50,0,0,0,1,1,1,U2 
H4,840,2015,610892,     16.00,     16.00,     16.00,     16.00,0,0,0,1,1,1,U2 
H4,840,2015,610899,     12.90,      0.60,      8.50,      4.30,0,0,0,3,3,3,U2 
H4,840,2015,610910,     16.50,     16.50,     16.50,     16.50,0,0,0,1,1,1,U2 
H4,840,2015,610990,     56.20,      2.60,     32.00,     14.05,0,0,0,4,4,4,U2 
H4,840,2015,611011,     16.00,     16.00,     16.00,     16.00,0,0,0,1,1,1,U2 
H4,840,2015,611012,     20.00,      4.00,     16.00,     10.00,0,0,0,2,2,2,U2 
H4,840,2015,611019,     16.00,     16.00,     16.00,     16.00,0,0,0,1,1,1,U2 
H4,840,2015,611020,     21.50,      5.00,     16.50,     10.75,0,0,0,2,2,2,U2 
H4,840,2015,611030,     61.30,      6.00,     32.00,     15.32,0,0,0,4,4,4,U2 
H4,840,2015,611090,      6.90,      0.90,      6.00,      3.45,0,0,0,2,2,2,U2 
H4,840,2015,611120,     84.00,      8.10,     19.70,     14.00,0,0,0,6,6,6,U2 
H4,840,2015,611130,    138.20,     16.00,     32.00,     27.64,0,0,0,5,5,5,U2 
H4,840,2015,611190,     93.20,      0.00,     26.00,     11.65,0,1,0,7,8,8,U2 
H4,840,2015,611211,     14.90,     14.90,     14.90,     14.90,0,0,0,1,1,1,U2 
H4,840,2015,611212,     28.20,     28.20,     28.20,     28.20,0,0,0,1,1,1,U2 
H4,840,2015,611219,     53.30,      3.50,     28.20,     17.77,0,0,0,3,3,3,U2 
H4,840,2015,611220,     36.50,      8.30,     28.20,     18.25,0,0,0,2,2,2,U2 
H4,840,2015,611231,     25.90,     25.90,     25.90,     25.90,0,0,0,1,1,1,U2 
H4,840,2015,611239,     13.20,     13.20,     13.20,     13.20,0,0,0,1,1,1,U2 
H4,840,2015,611241,     24.90,     24.90,     24.90,     24.90,0,0,0,1,1,1,U2 
H4,840,2015,611249,     13.20,     13.20,     13.20,     13.20,0,0,0,1,1,1,U2 
H4,840,2015,611300,     10.90,      3.80,      7.10,      5.45,0,0,0,2,2,2,U2 
H4,840,2015,611420,     10.80,     10.80,     10.80,     10.80,0,0,0,1,1,1,U2 
H4,840,2015,611430,     75.10,     14.90,     32.00,     25.03,0,0,0,3,3,3,U2 
H4,840,2015,611490,     18.50,      0.90,     12.00,      6.17,0,0,0,3,3,3,U2 
H4,840,2015,611510,     83.50,      0.00,     16.00,     11.93,0,1,0,6,7,7,U2 
H4,840,2015,611521,     16.00,     16.00,     16.00,     16.00,0,0,0,1,1,1,U2 
H4,840,2015,611522,     14.90,     14.90,     14.90,     14.90,0,0,0,1,1,1,U2 
H4,840,2015,611529,     18.60,      2.60,     16.00,      9.30,0,0,0,2,2,2,U2 
H4,840,2015,611530,     17.30,      2.70,     14.60,      8.65,0,0,0,2,2,2,U2 
H4,840,2015,611594,     11.30,     11.30,     11.30,     11.30,0,0,0,1,1,1,U2 
H4,840,2015,611595,     23.50,     10.00,     13.50,     11.75,0,0,0,2,2,2,U2 
H4,840,2015,611596,     33.40,     14.60,     18.80,     16.70,0,0,0,2,2,2,U2 
H4,840,2015,611599,     44.90,      1.60,     18.80,     11.23,0,0,0,4,4,4,U2 
H4,840,2015,611610,    107.70,      0.00,     23.50,     10.77,0,1,0,9,10,10,U2 
H4,840,2015,611691,      7.54,      7.54,      7.54,      7.54,0,0,1,0,1,1,U2 
H4,840,2015,611692,     68.60,      0.00,     23.50,     11.43,0,1,0,5,6,6,U2 
H4,840,2015,611693,     58.21,      0.00,     18.60,      9.70,0,1,2,3,6,6,U2 
H4,840,2015,611699,     44.20,      0.00,     18.80,      7.37,0,2,0,4,6,6,U2 
H4,840,2015,611710,     31.90,      1.50,     11.30,      7.97,0,0,0,4,4,4,U2 
H4,840,2015,611780,     37.70,      1.20,     14.60,      7.54,0,0,0,5,5,5,U2 
H4,840,2015,611790,     16.90,      2.30,     14.60,      8.45,0,0,0,2,2,2,U2 
H4,840,2015,620111,     17.15,     17.15,     17.15,     17.15,0,0,1,0,1,1,U2 
H4,840,2015,620112,     13.80,      4.40,      9.40,      6.90,0,0,0,2,2,2,U2 
H4,840,2015,620113,     53.36,      4.40,     27.70,     17.79,0,0,1,2,3,3,U2 
H4,840,2015,620119,      2.80,      0.00,      2.80,      1.40,0,1,0,1,2,2,U2 
H4,840,2015,620191,     29.19,      8.50,     20.69,     14.60,0,0,1,1,2,2,U2 
H4,840,2015,620192,     20.00,      4.40,      9.40,      6.67,0,0,0,3,3,3,U2 
H4,840,2015,620193,     75.22,      4.40,     27.70,     15.04,0,0,1,4,5,5,U2 
H4,840,2015,620199,      4.20,      0.00,      4.20,      2.10,0,1,0,1,2,2,U2 
H4,840,2015,620211,     17.02,     17.02,     17.02,     17.02,0,0,1,0,1,1,U2 
H4,840,2015,620212,     13.30,      4.40,      8.90,      6.65,0,0,0,2,2,2,U2 
H4,840,2015,620213,     53.17,      4.40,     27.70,     17.72,0,0,1,2,3,3,U2 
H4,840,2015,620219,      2.80,      0.00,      2.80,      1.40,0,1,0,1,2,2,U2 
H4,840,2015,620291,     30.97,     14.00,     16.97,     15.48,0,0,1,1,2,2,U2 
H4,840,2015,620292,     19.50,      4.40,      8.90,      6.50,0,0,0,3,3,3,U2 
H4,840,2015,620293,     75.15,      4.40,     27.70,     15.03,0,0,1,4,5,5,U2 
H4,840,2015,620299,      2.80,      0.00,      2.80,      1.40,0,1,0,1,2,2,U2 
H4,840,2015,620311,     50.00,      7.50,     17.50,     12.50,0,0,0,4,4,4,U2 
H4,840,2015,620312,     44.80,     17.50,     27.30,     22.40,0,0,0,2,2,2,U2 
H4,840,2015,620319,     62.13,      3.80,     23.13,     12.43,0,0,1,4,5,5,U2 
H4,840,2015,620322,      7.50,      7.50,      7.50,      7.50,1,0,0,1,1,2,U2 
H4,840,2015,620323,,,,,1,0,0,0,0,1,U2 
H4,840,2015,620329,,,,,4,0,0,0,0,4,U2 
H4,840,2015,620331,     35.00,     17.50,     17.50,     17.50,0,0,0,2,2,2,U2 
H4,840,2015,620332,     12.20,      2.80,      9.40,      6.10,0,0,0,2,2,2,U2 
H4,840,2015,620333,     49.30,     22.00,     27.30,     24.65,0,0,0,2,2,2,U2 
H4,840,2015,620339,     56.80,      1.00,     27.30,     14.20,0,0,0,4,4,4,U2 
H4,840,2015,620341,     50.13,      7.60,     17.02,     12.53,0,0,2,2,4,4,U2 
H4,840,2015,620342,     26.90,      0.00,     16.60,      8.97,0,1,0,2,3,3,U2 
H4,840,2015,620343,     91.00,      0.00,     27.90,     13.00,0,1,1,5,7,7,U2 
H4,840,2015,620349,     51.40,      0.00,     27.90,     10.28,0,1,0,4,5,5,U2 
H4,840,2015,620411,     14.00,     14.00,     14.00,     14.00,0,0,0,1,1,1,U2 
H4,840,2015,620412,     14.90,     14.90,     14.90,     14.90,0,0,0,1,1,1,U2 
H4,840,2015,620413,     44.15,     17.00,     27.15,     22.08,0,0,1,1,2,2,U2 
H4,840,2015,620419,     52.62,      1.00,     28.12,     13.16,0,0,1,3,4,4,U2 
H4,840,2015,620421,,,,,1,0,0,0,0,1,U2 
H4,840,2015,620422,      7.50,      7.50,      7.50,      7.50,1,0,0,1,1,2,U2 
H4,840,2015,620423,,,,,1,0,0,0,0,1,U2 
H4,840,2015,620429,,,,,2,0,0,0,0,2,U2 
H4,840,2015,620431,     25.00,      7.50,     17.50,     12.50,0,0,0,2,2,2,U2 
H4,840,2015,620432,     12.20,      2.80,      9.40,      6.10,0,0,0,2,2,2,U2 
H4,840,2015,620433,     59.63,      2.80,     27.30,     14.91,0,0,1,3,4,4,U2 
H4,840,2015,620439,     52.10,      1.00,     27.30,     13.03,0,0,1,3,4,4,U2 
H4,840,2015,620441,     20.80,      7.20,     13.60,     10.40,0,0,0,2,2,2,U2 
H4,840,2015,620442,     25.70,      5.50,     11.80,      8.57,0,0,0,3,3,3,U2 
H4,840,2015,620443,     49.30,      7.10,     16.00,     12.32,0,0,0,4,4,4,U2 
H4,840,2015,620444,     35.80,      8.50,     16.00,     11.93,0,0,0,3,3,3,U2 
H4,840,2015,620449,     13.80,      6.90,      6.90,      6.90,0,0,0,2,2,2,U2 
H4,840,2015,620451,     14.00,     14.00,     14.00,     14.00,0,0,0,1,1,1,U2 
H4,840,2015,620452,     16.20,      8.00,      8.20,      8.10,0,0,0,2,2,2,U2 
H4,840,2015,620453,     42.20,     11.30,     16.00,     14.07,0,0,0,3,3,3,U2 
H4,840,2015,620459,     48.80,      6.60,     16.00,     12.20,0,0,0,4,4,4,U2 
H4,840,2015,620461,     21.20,      7.60,     13.60,     10.60,0,0,0,2,2,2,U2 
H4,840,2015,620462,     32.60,      0.00,     16.60,      8.15,0,1,0,3,4,4,U2 
H4,840,2015,620463,     82.60,      0.00,     28.60,     11.80,0,1,0,6,7,7,U2 
H4,840,2015,620469,     66.80,      1.10,     28.60,     11.13,0,0,0,6,6,6,U2 
H4,840,2015,620520,     28.40,      8.70,     19.70,     14.20,0,0,0,2,2,2,U2 
H4,840,2015,620530,     61.58,     12.20,     27.30,     20.53,0,0,2,1,3,3,U2 
H4,840,2015,620590,     37.70,      1.10,     17.50,      7.54,0,0,0,5,5,5,U2 
H4,840,2015,620610,      6.90,      6.90,      6.90,      6.90,0,0,0,1,1,1,U2 
H4,840,2015,620620,     32.60,      7.10,     17.00,     10.87,0,0,0,3,3,3,U2 
H4,840,2015,620630,     27.90,      3.50,     15.40,      9.30,0,0,0,3,3,3,U2 
H4,840,2015,620640,     58.04,      4.00,     26.90,     14.51,0,0,1,3,4,4,U2 
H4,840,2015,620690,      6.70,      6.70,      6.70,      6.70,0,0,0,1,1,1,U2 
H4,840,2015,620711,      6.10,      6.10,      6.10,      6.10,0,0,0,1,1,1,U2 
H4,840,2015,620719,     12.20,      1.70,     10.50,      6.10,0,0,0,2,2,2,U2 
H4,840,2015,620721,      8.90,      8.90,      8.90,      8.90,0,0,0,1,1,1,U2 
H4,840,2015,620722,     16.00,     16.00,     16.00,     16.00,0,0,0,1,1,1,U2 
H4,840,2015,620729,      8.20,      1.10,      7.10,      4.10,0,0,0,2,2,2,U2 
H4,840,2015,620791,     14.50,      6.10,      8.40,      7.25,0,0,0,2,2,2,U2 
H4,840,2015,620799,     48.20,      1.10,     14.90,      8.03,0,0,0,6,6,6,U2 
H4,840,2015,620811,     14.90,     14.90,     14.90,     14.90,0,0,0,1,1,1,U2 
H4,840,2015,620819,     21.30,      1.40,     11.20,      7.10,0,0,0,3,3,3,U2 
H4,840,2015,620821,      8.90,      8.90,      8.90,      8.90,0,0,0,1,1,1,U2 
H4,840,2015,620822,     16.00,     16.00,     16.00,     16.00,0,0,0,1,1,1,U2 
H4,840,2015,620829,      8.20,      1.10,      7.10,      4.10,0,0,0,2,2,2,U2 
H4,840,2015,620891,     18.70,      7.50,     11.20,      9.35,0,0,0,2,2,2,U2 
H4,840,2015,620892,     16.00,     16.00,     16.00,     16.00,0,0,0,1,1,1,U2 
H4,840,2015,620899,     19.50,      1.10,      8.50,      4.88,0,0,0,4,4,4,U2 
H4,840,2015,620920,     50.90,      9.30,     14.90,     12.73,0,0,0,4,4,4,U2 
H4,840,2015,620930,     66.60,     16.00,     28.60,     22.20,0,0,0,3,3,3,U2 
H4,840,2015,620990,     70.01,      0.00,     22.00,     11.67,0,1,1,4,6,6,U2 
H4,840,2015,621010,     27.30,      0.00,     16.00,      6.82,0,1,0,3,4,4,U2 
H4,840,2015,621020,     20.40,      3.30,      7.10,      5.10,0,0,0,4,4,4,U2 
H4,840,2015,621030,     20.40,      3.30,      7.10,      5.10,0,0,0,4,4,4,U2 
H4,840,2015,621040,     20.40,      3.30,      7.10,      5.10,0,0,0,4,4,4,U2 
H4,840,2015,621050,     20.40,      3.30,      7.10,      5.10,0,0,0,4,4,4,U2 
H4,840,2015,621111,     39.30,      4.00,     27.80,     13.10,0,0,0,3,3,3,U2 
H4,840,2015,621112,     20.50,      1.20,     11.80,      6.83,0,0,0,3,3,3,U2 
H4,840,2015,621120,    252.40,      0.70,     28.60,     16.83,0,0,0,15,15,15,U2 
H4,840,2015,621132,      8.10,      8.10,      8.10,      8.10,0,0,0,1,1,1,U2 
H4,840,2015,621133,     16.00,     16.00,     16.00,     16.00,0,0,0,1,1,1,U2 
H4,840,2015,621139,     15.30,      0.50,     12.00,      5.10,0,0,0,3,3,3,U2 
H4,840,2015,621142,      8.10,      8.10,      8.10,      8.10,0,0,0,1,1,1,U2 
H4,840,2015,621143,     16.00,     16.00,     16.00,     16.00,0,0,0,1,1,1,U2 
H4,840,2015,621149,     20.50,      1.20,     12.00,      6.83,0,0,0,3,3,3,U2 
H4,840,2015,621210,     41.30,      2.70,     16.90,     10.32,0,0,0,4,4,4,U2 
H4,840,2015,621220,     20.00,     20.00,     20.00,     20.00,0,0,0,1,1,1,U2 
H4,840,2015,621230,     23.50,     23.50,     23.50,     23.50,0,0,0,1,1,1,U2 
H4,840,2015,621290,      6.60,      6.60,      6.60,      6.60,0,0,0,1,1,1,U2 
H4,840,2015,621320,     20.30,      7.10,     13.20,     10.15,0,0,0,2,2,2,U2 
H4,840,2015,621390,     21.00,      1.10,     10.80,      5.25,0,0,0,4,4,4,U2 
H4,840,2015,621410,      5.10,      1.20,      3.90,      2.55,0,0,0,2,2,2,U2 
H4,840,2015,621420,      6.70,      6.70,      6.70,      6.70,0,0,0,1,1,1,U2 
H4,840,2015,621430,      5.30,      5.30,      5.30,      5.30,0,0,0,1,1,1,U2 
H4,840,2015,621440,      5.30,      5.30,      5.30,      5.30,0,0,0,1,1,1,U2 
H4,840,2015,621490,     11.30,     11.30,     11.30,     11.30,0,0,0,1,1,1,U2 
H4,840,2015,621510,      7.20,      7.20,      7.20,      7.20,0,0,0,1,1,1,U2 
H4,840,2015,621520,     13.77,     13.77,     13.77,     13.77,0,0,1,0,1,1,U2 
H4,840,2015,621590,      5.00,      5.00,      5.00,      5.00,0,0,0,1,1,1,U2 
H4,840,2015,621600,    176.39,      0.00,     23.50,      8.82,0,3,4,13,20,20,U2 
H4,840,2015,621710,     31.50,      2.30,     14.60,     10.50,0,0,0,3,3,3,U2 
H4,840,2015,621790,     16.90,      2.30,     14.60,      8.45,0,0,0,2,2,2,U2 
H4,840,2015,630110,     11.40,     11.40,     11.40,     11.40,0,0,0,1,1,1,U2 
H4,840,2015,630120,      0.00,      0.00,      0.00,      0.00,0,1,0,0,1,1,U2 
H4,840,2015,630130,      8.40,      8.40,      8.40,      8.40,0,0,0,1,1,1,U2 
H4,840,2015,630140,      8.50,      8.50,      8.50,      8.50,0,0,0,1,1,1,U2 
H4,840,2015,630190,      7.20,      7.20,      7.20,      7.20,0,0,0,1,1,1,U2 
H4,840,2015,630210,      6.00,      6.00,      6.00,      6.00,0,0,0,1,1,1,U2 
H4,840,2015,630221,     42.00,      2.50,     20.90,     10.50,0,0,0,4,4,4,U2 
H4,840,2015,630222,     26.30,     11.40,     14.90,     13.15,0,0,0,2,2,2,U2 
H4,840,2015,630229,      4.50,      4.50,      4.50,      4.50,0,0,0,1,1,1,U2 
H4,840,2015,630231,     43.30,      3.80,     20.90,     10.82,0,0,0,4,4,4,U2 
H4,840,2015,630232,     26.30,     11.40,     14.90,     13.15,0,0,0,2,2,2,U2 
H4,840,2015,630239,      4.30,      4.30,      4.30,      4.30,0,0,0,1,1,1,U2 
H4,840,2015,630240,     13.20,      6.40,      6.80,      6.60,0,0,0,2,2,2,U2 
H4,840,2015,630251,     23.00,      4.80,      6.30,      5.75,0,0,0,4,4,4,U2 
H4,840,2015,630253,     11.30,     11.30,     11.30,     11.30,0,0,0,1,1,1,U2 
H4,840,2015,630259,     13.90,      0.00,      8.80,      4.63,0,1,0,2,3,3,U2 
H4,840,2015,630260,      9.10,      9.10,      9.10,      9.10,0,0,0,1,1,1,U2 
H4,840,2015,630291,      9.20,      9.20,      9.20,      9.20,0,0,0,1,1,1,U2 
H4,840,2015,630293,     16.10,      6.20,      9.90,      8.05,0,0,0,2,2,2,U2 
H4,840,2015,630299,     11.10,      0.00,      8.40,      3.70,0,1,0,2,3,3,U2 
H4,840,2015,630312,     11.30,     11.30,     11.30,     11.30,0,0,0,1,1,1,U2 
H4,840,2015,630319,     16.70,      6.40,     10.30,      8.35,0,0,0,2,2,2,U2 
H4,840,2015,630391,     10.30,     10.30,     10.30,     10.30,0,0,0,1,1,1,U2 
H4,840,2015,630392,     22.60,     11.30,     11.30,     11.30,0,0,0,2,2,2,U2 
H4,840,2015,630399,     11.30,     11.30,     11.30,     11.30,0,0,0,1,1,1,U2 
H4,840,2015,630411,     24.40,      5.90,     12.00,      8.13,0,0,0,3,3,3,U2 
H4,840,2015,630419,     44.10,      4.40,     14.90,      8.82,0,0,0,5,5,5,U2 
H4,840,2015,630491,      5.80,      5.80,      5.80,      5.80,0,0,0,1,1,1,U2 
H4,840,2015,630492,      6.30,      6.30,      6.30,      6.30,0,0,0,1,1,1,U2 
H4,840,2015,630493,      9.30,      9.30,      9.30,      9.30,0,0,0,1,1,1,U2 
H4,840,2015,630499,     44.70,      3.20,     11.30,      7.45,0,0,0,6,6,6,U2 
H4,840,2015,630510,      0.00,      0.00,      0.00,      0.00,0,1,0,0,1,1,U2 
H4,840,2015,630520,      6.20,      6.20,      6.20,      6.20,0,0,0,1,1,1,U2 
H4,840,2015,630532,      8.40,      8.40,      8.40,      8.40,0,0,0,1,1,1,U2 
H4,840,2015,630533,      8.40,      8.40,      8.40,      8.40,0,0,0,1,1,1,U2 
H4,840,2015,630539,      8.40,      8.40,      8.40,      8.40,0,0,0,1,1,1,U2 
H4,840,2015,630590,      6.20,      6.20,      6.20,      6.20,0,0,0,1,1,1,U2 
H4,840,2015,630612,      8.80,      8.80,      8.80,      8.80,0,0,0,1,1,1,U2 
H4,840,2015,630619,     13.10,      5.10,      8.00,      6.55,0,0,0,2,2,2,U2 
H4,840,2015,630622,      8.80,      0.00,      8.80,      4.40,0,1,0,1,2,2,U2 
H4,840,2015,630629,     10.90,      2.90,      8.00,      5.45,0,0,0,2,2,2,U2 
H4,840,2015,630630,      0.00,      0.00,      0.00,      0.00,0,1,0,0,1,1,U2 
H4,840,2015,630640,      7.40,      3.70,      3.70,      3.70,0,0,0,2,2,2,U2 
H4,840,2015,630690,      8.00,      3.50,      4.50,      4.00,0,0,0,2,2,2,U2 
H4,840,2015,630710,      9.40,      4.10,      5.30,      4.70,0,0,0,2,2,2,U2 
H4,840,2015,630720,      4.50,      4.50,      4.50,      4.50,0,0,0,1,1,1,U2 
H4,840,2015,630790,     36.50,      0.00,      7.90,      3.65,0,4,0,6,10,10,U2 
H4,840,2015,630800,     11.40,     11.40,     11.40,     11.40,0,0,0,1,1,1,U2 
H4,840,2015,630900,      0.00,      0.00,      0.00,      0.00,0,1,0,0,1,1,U2 
H4,840,2015,631010,      0.00,      0.00,      0.00,      0.00,0,2,0,0,2,2,U2 
H4,840,2015,631090,     10.48,      0.00,     10.48,      5.24,0,1,1,0,2,2,U2 
H4,840,2015,640110,     37.50,     37.50,     37.50,     37.50,0,0,0,1,1,1,U2 
H4,840,2015,640192,     42.10,      0.00,     37.50,     14.03,0,1,0,2,3,3,U2 
H4,840,2015,640199,    137.50,      0.00,     37.50,     27.50,0,1,0,4,5,5,U2 
H4,840,2015,640212,      0.00,      0.00,      0.00,      0.00,0,1,0,0,1,1,U2 
H4,840,2015,640219,     77.47,      0.00,     36.19,     12.91,0,1,2,3,6,6,U2 
H4,840,2015,640220,      0.00,      0.00,      0.00,      0.00,0,1,0,0,1,1,U2 
H4,840,2015,640291,    361.92,      6.00,     48.00,     27.84,0,0,4,9,13,13,U2 
H4,840,2015,640299,    477.52,      3.00,     48.76,     23.88,0,0,4,16,20,20,U2 
H4,840,2015,640312,      0.00,      0.00,      0.00,      0.00,0,2,0,0,2,2,U2 
H4,840,2015,640319,     27.80,      0.00,     10.00,      4.63,0,2,0,4,6,6,U2 
H4,840,2015,640320,      0.00,      0.00,      0.00,      0.00,0,1,0,0,1,1,U2 
H4,840,2015,640340,     13.50,      5.00,      8.50,      6.75,0,0,0,2,2,2,U2 
H4,840,2015,640351,     23.50,      0.00,     10.00,      5.88,0,1,0,3,4,4,U2 
H4,840,2015,640359,     26.00,      0.00,     10.00,      5.20,0,1,0,4,5,5,U2 
H4,840,2015,640391,     23.50,      0.00,     10.00,      5.88,0,1,0,3,4,4,U2 
H4,840,2015,640399,     38.50,      0.00,     10.00,      6.42,0,1,0,5,6,6,U2 
H4,840,2015,640411,    282.87,      7.50,     48.00,     20.20,0,0,2,12,14,14,U2 
H4,840,2015,640419,    427.07,      7.50,     48.00,     19.41,0,0,2,20,22,22,U2 
H4,840,2015,640420,     62.50,     10.00,     37.50,     20.83,0,0,0,3,3,3,U2 
H4,840,2015,640510,     10.00,     10.00,     10.00,     10.00,0,0,0,1,1,1,U2 
H4,840,2015,640520,     22.50,      2.50,     12.50,      7.50,0,0,0,3,3,3,U2 
H4,840,2015,640590,     16.30,      3.80,     12.50,      8.15,0,0,0,2,2,2,U2 
H4,840,2015,640610,    133.70,      0.00,     33.60,      9.55,2,3,0,11,14,16,U2 
H4,840,2015,640620,      2.70,      2.70,      2.70,      2.70,0,0,0,1,1,1,U2 
H4,840,2015,640690,     22.80,      0.00,     14.90,      4.56,0,2,0,3,5,5,U2 
H4,840,2015,650100,     10.71,      0.00,     10.71,      5.35,1,1,1,0,2,3,U2 
H4,840,2015,650200,     10.80,      0.00,      6.80,      3.60,1,1,0,2,3,4,U2 
H4,840,2015,650400,     12.80,      6.00,      6.80,      6.40,1,0,0,2,2,3,U2 
H4,840,2015,650500,     84.93,      0.00,      9.27,      7.08,1,1,5,6,12,13,U2 
H4,840,2015,650610,      0.00,      0.00,      0.00,      0.00,0,2,0,0,2,2,U2 
H4,840,2015,650691,      0.00,      0.00,      0.00,      0.00,0,1,0,0,1,1,U2 
H4,840,2015,650699,     11.80,      3.30,      8.50,      5.90,0,0,0,2,2,2,U2 
H4,840,2015,650700,      0.00,      0.00,      0.00,      0.00,0,1,0,0,1,1,U2 
H4,840,2015,660110,      6.50,      6.50,      6.50,      6.50,0,0,0,1,1,1,U2 
H4,840,2015,660191,      0.00,      0.00,      0.00,      0.00,0,1,0,0,1,1,U2 
H4,840,2015,660199,      8.20,      8.20,      8.20,      8.20,0,0,0,1,1,1,U2 
H4,840,2015,660200,      4.00,      4.00,      4.00,      4.00,0,0,0,1,1,1,U2 
H4,840,2015,660320,     12.00,      0.00,     12.00,      6.00,0,1,0,1,2,2,U2 
H4,840,2015,660390,      5.20,      0.00,      5.20,      2.60,0,1,0,1,2,2,U2 
H4,840,2015,670100,      9.40,      4.70,      4.70,      4.70,0,0,0,2,2,2,U2 
H4,840,2015,670210,     11.80,      3.40,      8.40,      5.90,0,0,0,2,2,2,U2 
H4,840,2015,670290,     30.70,      4.70,     17.00,     10.23,0,0,0,3,3,3,U2 
H4,840,2015,670300,      0.00,      0.00,      0.00,      0.00,0,2,0,0,2,2,U2 
H4,840,2015,670411,      0.00,      0.00,      0.00,      0.00,0,1,0,0,1,1,U2 
H4,840,2015,670419,      0.00,      0.00,      0.00,      0.00,0,1,0,0,1,1,U2 
H4,840,2015,670420,      0.00,      0.00,      0.00,      0.00,0,1,0,0,1,1,U2 
H4,840,2015,670490,      0.00,      0.00,      0.00,      0.00,0,1,0,0,1,1,U2 
H4,840,2015,680100,      2.80,      2.80,      2.80,      2.80,0,0,0,1,1,1,U2 
H4,840,2015,680210,      4.80,      4.80,      4.80,      4.80,0,0,0,1,1,1,U2 
H4,840,2015,680221,      6.10,      1.90,      4.20,      3.05,0,0,0,2,2,2,U2 
H4,840,2015,680223,      3.70,      3.70,      3.70,      3.70,0,0,0,1,1,1,U2 
H4,840,2015,680229,     10.90,      4.90,      6.00,      5.45,0,0,0,2,2,2,U2 
H4,840,2015,680291,     20.00,      2.50,      4.90,      4.00,0,0,0,5,5,5,U2 
H4,840,2015,680292,      4.90,      4.90,      4.90,      4.90,0,0,0,1,1,1,U2 
H4,840,2015,680293,      3.70,      3.70,      3.70,      3.70,0,0,0,1,1,1,U2 
H4,840,2015,680299,      6.50,      6.50,      6.50,      6.50,0,0,0,1,1,1,U2 
H4,840,2015,680300,      3.30,      0.00,      3.30,      1.65,0,1,0,1,2,2,U2 
H4,840,2015,680410,      0.00,      0.00,      0.00,      0.00,0,1,0,0,1,1,U2 
H4,840,2015,680421,      0.00,      0.00,      0.00,      0.00,0,1,0,0,1,1,U2 
H4,840,2015,680422,      2.71,      0.00,      2.71,      0.90,0,2,1,0,3,3,U2 
H4,840,2015,680423,      0.00,      0.00,      0.00,      0.00,0,1,0,0,1,1,U2 
H4,840,2015,680430,      0.00,      0.00,      0.00,      0.00,0,1,0,0,1,1,U2 
H4,840,2015,680510,      0.00,      0.00,      0.00,      0.00,0,1,0,0,1,1,U2 
H4,840,2015,680520,      0.00,      0.00,      0.00,      0.00,0,1,0,0,1,1,U2 
H4,840,2015,680530,      0.00,      0.00,      0.00,      0.00,0,2,0,0,2,2,U2 
H4,840,2015,680610,      3.90,      3.90,      3.90,      3.90,0,0,0,1,1,1,U2 
H4,840,2015,680620,      0.00,      0.00,      0.00,      0.00,0,1,0,0,1,1,U2 
H4,840,2015,680690,      0.00,      0.00,      0.00,      0.00,0,1,0,0,1,1,U2 
H4,840,2015,680710,      0.00,      0.00,      0.00,      0.00,0,1,0,0,1,1,U2 
H4,840,2015,680790,      2.70,      2.70,      2.70,      2.70,0,0,0,1,1,1,U2 
H4,840,2015,680800,      0.00,      0.00,      0.00,      0.00,0,1,0,0,1,1,U2 
H4,840,2015,680911,      0.00,      0.00,      0.00,      0.00,0,1,0,0,1,1,U2 
H4,840,2015,680919,      3.00,      3.00,      3.00,      3.00,0,0,0,1,1,1,U2 
H4,840,2015,680990,      0.00,      0.00,      0.00,      0.00,0,1,0,0,1,1,U2 
H4,840,2015,681011,      3.20,      3.20,      3.20,      3.20,0,0,0,1,1,1,U2 
H4,840,2015,681019,     17.80,      3.90,      9.00,      5.93,0,0,0,3,3,3,U2 
H4,840,2015,681091,      0.00,      0.00,      0.00,      0.00,0,1,0,0,1,1,U2 
H4,840,2015,681099,      0.00,      0.00,      0.00,      0.00,0,1,0,0,1,1,U2 
H4,840,2015,681140,      0.00,      0.00,      0.00,      0.00,0,1,0,0,1,1,U2 
H4,840,2015,681181,      0.00,      0.00,      0.00,      0.00,0,1,0,0,1,1,U2 
H4,840,2015,681182,      0.00,      0.00,      0.00,      0.00,0,1,0,0,1,1,U2 
H4,840,2015,681189,      0.00,      0.00,      0.00,      0.00,0,2,0,0,2,2,U2 
H4,840,2015,681280,      8.30,      0.00,      8.30,      4.15,0,1,0,1,2,2,U2 
H4,840,2015,681291,      8.30,      0.00,      8.30,      4.15,0,1,0,1,2,2,U2 
H4,840,2015,681292,      0.00,      0.00,      0.00,      0.00,0,1,0,0,1,1,U2 
H4,840,2015,681293,      0.00,      0.00,      0.00,      0.00,0,1,0,0,1,1,U2 
H4,840,2015,681299,      0.00,      0.00,      0.00,      0.00,0,1,0,0,1,1,U2 
H4,840,2015,681320,      0.00,      0.00,      0.00,      0.00,0,1,0,0,1,1,U2 
H4,840,2015,681381,      0.00,      0.00,      0.00,      0.00,0,1,0,0,1,1,U2 
H4,840,2015,681389,      0.00,      0.00,      0.00,      0.00,0,1,0,0,1,1,U2 
H4,840,2015,681410,      2.70,      2.70,      2.70,      2.70,0,0,0,1,1,1,U2 
H4,840,2015,681490,      2.60,      2.60,      2.60,      2.60,0,0,0,1,1,1,U2 
H4,840,2015,681510,      0.00,      0.00,      0.00,      0.00,0,1,0,0,1,1,U2 
H4,840,2015,681520,      0.00,      0.00,      0.00,      0.00,0,1,0,0,1,1,U2 
H4,840,2015,681591,      0.00,      0.00,      0.00,      0.00,0,1,0,0,1,1,U2 
H4,840,2015,681599,      0.00,      0.00,      0.00,      0.00,0,2,0,0,2,2,U2 
H4,840,2015,690100,      0.00,      0.00,      0.00,      0.00,0,1,0,0,1,1,U2 
H4,840,2015,690210,      0.00,      0.00,      0.00,      0.00,0,2,0,0,2,2,U2 
H4,840,2015,690220,      0.00,      0.00,      0.00,      0.00,0,2,0,0,2,2,U2 
H4,840,2015,690290,      0.00,      0.00,      0.00,      0.00,0,2,0,0,2,2,U2 
H4,840,2015,690310,      0.00,      0.00,      0.00,      0.00,0,1,0,0,1,1,U2 
H4,840,2015,690320,      0.00,      0.00,      0.00,      0.00,0,1,0,0,1,1,U2 
H4,840,2015,690390,      0.00,      0.00,      0.00,      0.00,0,1,0,0,1,1,U2 
H4,840,2015,690410,      0.00,      0.00,      0.00,      0.00,0,1,0,0,1,1,U2 
H4,840,2015,690490,      0.00,      0.00,      0.00,      0.00,0,1,0,0,1,1,U2 
H4,840,2015,690510,     13.50,     13.50,     13.50,     13.50,0,0,0,1,1,1,U2 
H4,840,2015,690590,      3.20,      3.20,      3.20,      3.20,0,0,0,1,1,1,U2 
H4,840,2015,690600,      0.00,      0.00,      0.00,      0.00,0,1,0,0,1,1,U2 
H4,840,2015,690710,     10.00,     10.00,     10.00,     10.00,0,0,0,1,1,1,U2 
H4,840,2015,690790,     10.00,     10.00,     10.00,     10.00,0,0,0,1,1,1,U2 
H4,840,2015,690810,     28.50,      8.50,     10.00,      9.50,0,0,0,3,3,3,U2 
H4,840,2015,690890,      8.50,      8.50,      8.50,      8.50,0,0,0,1,1,1,U2 
H4,840,2015,690911,      4.50,      0.00,      4.50,      2.25,0,1,0,1,2,2,U2 
H4,840,2015,690912,      4.00,      4.00,      4.00,      4.00,0,0,0,1,1,1,U2 
H4,840,2015,690919,      4.00,      0.00,      4.00,      2.00,0,1,0,1,2,2,U2 
H4,840,2015,690990,      4.00,      4.00,      4.00,      4.00,0,0,0,1,1,1,U2 
H4,840,2015,691010,      5.80,      5.80,      5.80,      5.80,0,0,0,1,1,1,U2 
H4,840,2015,691090,      5.70,      5.70,      5.70,      5.70,0,0,0,1,1,1,U2 
H4,840,2015,691110,    154.90,      6.00,     26.00,     12.91,0,0,0,12,12,12,U2 
H4,840,2015,691190,      5.40,      5.40,      5.40,      5.40,0,0,0,1,1,1,U2 
H4,840,2015,691200,     87.00,      0.70,     28.00,      8.70,0,0,0,10,10,10,U2 
H4,840,2015,691310,      3.30,      0.00,      3.30,      1.10,0,2,0,1,3,3,U2 
H4,840,2015,691390,      6.00,      0.00,      6.00,      1.50,0,3,0,1,4,4,U2 
H4,840,2015,691410,      9.00,      0.00,      9.00,      4.50,0,1,0,1,2,2,U2 
H4,840,2015,691490,      5.60,      0.00,      5.60,      2.80,0,1,0,1,2,2,U2 
H4,840,2015,700100,      3.00,      0.00,      3.00,      1.00,0,2,0,1,3,3,U2 
H4,840,2015,700210,      3.90,      0.00,      3.90,      1.95,0,1,0,1,2,2,U2 
H4,840,2015,700220,      6.00,      0.00,      6.00,      3.00,0,1,0,1,2,2,U2 
H4,840,2015,700231,      0.00,      0.00,      0.00,      0.00,0,1,0,0,1,1,U2 
H4,840,2015,700232,      6.00,      6.00,      6.00,      6.00,0,0,0,1,1,1,U2 
H4,840,2015,700239,      6.00,      6.00,      6.00,      6.00,0,0,0,1,1,1,U2 
H4,840,2015,700312,      1.40,      1.40,      1.40,      1.40,0,0,0,1,1,1,U2 
H4,840,2015,700319,      1.30,      1.30,      1.30,      1.30,0,0,0,1,1,1,U2 
H4,840,2015,700320,      1.10,      1.10,      1.10,      1.10,0,0,0,1,1,1,U2 
H4,840,2015,700330,      6.30,      6.30,      6.30,      6.30,0,0,0,1,1,1,U2 
H4,840,2015,700420,      8.99,      0.00,      7.20,      3.00,0,1,1,1,3,3,U2 
H4,840,2015,700490,      5.05,      0.00,      5.00,      0.63,0,6,1,1,8,8,U2 
H4,840,2015,700510,      4.40,      0.00,      4.40,      2.20,0,1,0,1,2,2,U2 
H4,840,2015,700521,      8.59,      2.99,      5.60,      4.29,0,0,1,1,2,2,U2 
H4,840,2015,700529,     11.19,      0.00,      4.90,      2.24,0,2,2,1,5,5,U2 
H4,840,2015,700530,      2.65,      2.65,      2.65,      2.65,0,0,1,0,1,1,U2 
H4,840,2015,700600,     20.10,      4.90,      8.80,      6.70,0,0,0,3,3,3,U2 
H4,840,2015,700711,      5.50,      5.50,      5.50,      5.50,0,0,0,1,1,1,U2 
H4,840,2015,700719,      5.00,      5.00,      5.00,      5.00,0,0,0,1,1,1,U2 
H4,840,2015,700721,      9.80,      4.90,      4.90,      4.90,0,0,0,2,2,2,U2 
H4,840,2015,700729,      4.90,      4.90,      4.90,      4.90,0,0,0,1,1,1,U2 
H4,840,2015,700800,      3.90,      3.90,      3.90,      3.90,0,0,0,1,1,1,U2 
H4,840,2015,700910,      3.90,      3.90,      3.90,      3.90,0,0,0,1,1,1,U2 
H4,840,2015,700991,     14.30,      6.50,      7.80,      7.15,0,0,0,2,2,2,U2 
H4,840,2015,700992,     14.30,      6.50,      7.80,      7.15,0,0,0,2,2,2,U2 
H4,840,2015,701010,      0.00,      0.00,      0.00,      0.00,0,1,0,0,1,1,U2 
H4,840,2015,701020,      7.70,      2.50,      5.20,      3.85,0,0,0,2,2,2,U2 
H4,840,2015,701090,      7.70,      0.00,      5.20,      1.92,0,2,0,2,4,4,U2 
H4,840,2015,701110,      4.60,      0.00,      4.60,      2.30,0,1,0,1,2,2,U2 
H4,840,2015,701120,     10.40,      0.00,      5.20,      3.47,0,1,0,2,3,3,U2 
H4,840,2015,701190,      6.60,      6.60,      6.60,      6.60,0,0,0,1,1,1,U2 
H4,840,2015,701310,     32.90,      6.90,     26.00,     16.45,0,0,0,2,2,2,U2 
H4,840,2015,701322,     39.30,      3.00,     15.00,      9.82,0,0,0,4,4,4,U2 
H4,840,2015,701328,     92.30,      5.00,     28.50,     13.19,0,0,0,7,7,7,U2 
H4,840,2015,701333,     39.30,      3.00,     15.00,      9.82,0,0,0,4,4,4,U2 
H4,840,2015,701337,     92.30,      5.00,     28.50,     13.19,0,0,0,7,7,7,U2 
H4,840,2015,701341,     45.50,      6.00,     15.00,     11.38,0,0,0,4,4,4,U2 
H4,840,2015,701342,     53.50,      7.20,     22.50,     13.38,0,0,0,4,4,4,U2 
H4,840,2015,701349,     75.70,      7.20,     22.50,     12.62,0,0,0,6,6,6,U2 
H4,840,2015,701391,     50.50,      6.00,     20.00,     12.63,0,0,0,4,4,4,U2 
H4,840,2015,701399,    151.80,      6.60,     38.00,     15.18,0,0,0,10,10,10,U2 
H4,840,2015,701400,     15.80,      3.30,      5.00,      3.95,0,0,0,4,4,4,U2 
H4,840,2015,701510,      0.00,      0.00,      0.00,      0.00,0,1,0,0,1,1,U2 
H4,840,2015,701590,      0.00,      0.00,      0.00,      0.00,0,3,0,0,3,3,U2 
H4,840,2015,701610,      2.70,      2.70,      2.70,      2.70,0,0,0,1,1,1,U2 
H4,840,2015,701690,     13.00,      5.00,      8.00,      6.50,0,0,0,2,2,2,U2 
H4,840,2015,701710,      4.60,      0.00,      4.60,      2.30,0,1,0,1,2,2,U2 
H4,840,2015,701720,      6.70,      6.70,      6.70,      6.70,0,0,0,1,1,1,U2 
H4,840,2015,701790,      6.70,      0.00,      6.70,      3.35,0,1,0,1,2,2,U2 
H4,840,2015,701810,      4.00,      0.00,      4.00,      1.33,0,2,0,1,3,3,U2 
H4,840,2015,701820,      5.00,      5.00,      5.00,      5.00,0,0,0,1,1,1,U2 
H4,840,2015,701890,      9.80,      3.20,      6.60,      4.90,0,0,0,2,2,2,U2 
H4,840,2015,701911,      4.90,      4.90,      4.90,      4.90,0,0,0,1,1,1,U2 
H4,840,2015,701912,      4.80,      4.80,      4.80,      4.80,0,0,0,1,1,1,U2 
H4,840,2015,701919,     22.60,      0.00,      7.00,      3.23,0,3,0,4,7,7,U2 
H4,840,2015,701931,      4.30,      4.30,      4.30,      4.30,0,0,0,1,1,1,U2 
H4,840,2015,701932,      4.30,      4.30,      4.30,      4.30,0,0,0,1,1,1,U2 
H4,840,2015,701939,      9.80,      4.90,      4.90,      4.90,0,0,0,2,2,2,U2 
H4,840,2015,701940,     20.30,      0.00,      7.30,      3.38,0,3,0,3,6,6,U2 
H4,840,2015,701951,      6.00,      0.00,      6.00,      3.00,0,1,0,1,2,2,U2 
H4,840,2015,701952,     14.30,      0.00,      7.30,      3.58,0,2,0,2,4,4,U2 
H4,840,2015,701959,     14.30,      0.00,      7.30,      3.58,0,2,0,2,4,4,U2 
H4,840,2015,701990,      9.10,      4.30,      4.80,      4.55,0,0,0,2,2,2,U2 
H4,840,2015,702000,     11.60,      0.00,      6.60,      3.87,0,1,0,2,3,3,U2 
H4,840,2015,710110,      0.00,      0.00,      0.00,      0.00,0,2,0,0,2,2,U2 
H4,840,2015,710121,      0.00,      0.00,      0.00,      0.00,0,1,0,0,1,1,U2 
H4,840,2015,710122,      0.00,      0.00,      0.00,      0.00,0,2,0,0,2,2,U2 
H4,840,2015,710210,      0.00,      0.00,      0.00,      0.00,0,1,0,0,1,1,U2 
H4,840,2015,710221,      0.00,      0.00,      0.00,      0.00,0,3,0,0,3,3,U2 
H4,840,2015,710229,      0.00,      0.00,      0.00,      0.00,0,1,0,0,1,1,U2 
H4,840,2015,710231,      0.00,      0.00,      0.00,      0.00,0,1,0,0,1,1,U2 
H4,840,2015,710239,      0.00,      0.00,      0.00,      0.00,0,1,0,0,1,1,U2 
H4,840,2015,710310,     10.50,      0.00,     10.50,      5.25,0,1,0,1,2,2,U2 
H4,840,2015,710391,      0.00,      0.00,      0.00,      0.00,0,1,0,0,1,1,U2 
H4,840,2015,710399,     10.50,      0.00,     10.50,      5.25,0,1,0,1,2,2,U2 
H4,840,2015,710410,      3.00,      3.00,      3.00,      3.00,0,0,0,1,1,1,U2 
H4,840,2015,710420,      3.00,      3.00,      3.00,      3.00,0,0,0,1,1,1,U2 
H4,840,2015,710490,      6.40,      0.00,      6.40,      3.20,0,1,0,1,2,2,U2 
H4,840,2015,710510,      0.00,      0.00,      0.00,      0.00,0,1,0,0,1,1,U2 
H4,840,2015,710590,      0.00,      0.00,      0.00,      0.00,0,1,0,0,1,1,U2 
H4,840,2015,710610,      0.00,      0.00,      0.00,      0.00,0,1,0,0,1,1,U2 
H4,840,2015,710691,      3.00,      0.00,      3.00,      1.50,0,1,0,1,2,2,U2 
H4,840,2015,710692,      3.00,      0.00,      3.00,      1.50,0,1,0,1,2,2,U2 
H4,840,2015,710700,      3.30,      3.30,      3.30,      3.30,0,0,0,1,1,1,U2 
H4,840,2015,710811,      0.00,      0.00,      0.00,      0.00,0,1,0,0,1,1,U2 
H4,840,2015,710812,      4.10,      0.00,      4.10,      2.05,0,1,0,1,2,2,U2 
H4,840,2015,710813,      4.10,      0.00,      4.10,      1.37,0,2,0,1,3,3,U2 
H4,840,2015,710820,      0.00,      0.00,      0.00,      0.00,0,1,0,0,1,1,U2 
H4,840,2015,710900,      6.00,      6.00,      6.00,      6.00,0,0,0,1,1,1,U2 
H4,840,2015,711011,      0.00,      0.00,      0.00,      0.00,0,1,0,0,1,1,U2 
H4,840,2015,711019,      0.00,      0.00,      0.00,      0.00,0,1,0,0,1,1,U2 
H4,840,2015,711021,      0.00,      0.00,      0.00,      0.00,0,1,0,0,1,1,U2 
H4,840,2015,711029,      0.00,      0.00,      0.00,      0.00,0,1,0,0,1,1,U2 
H4,840,2015,711031,      0.00,      0.00,      0.00,      0.00,0,1,0,0,1,1,U2 
H4,840,2015,711039,      0.00,      0.00,      0.00,      0.00,0,1,0,0,1,1,U2 
H4,840,2015,711041,      0.00,      0.00,      0.00,      0.00,0,1,0,0,1,1,U2 
H4,840,2015,711049,      0.00,      0.00,      0.00,      0.00,0,1,0,0,1,1,U2 
H4,840,2015,711100,     10.00,     10.00,     10.00,     10.00,0,0,0,1,1,1,U2 
H4,840,2015,711230,      0.00,      0.00,      0.00,      0.00,0,1,0,0,1,1,U2 
H4,840,2015,711291,      0.00,      0.00,      0.00,      0.00,0,1,0,0,1,1,U2 
H4,840,2015,711292,      0.00,      0.00,      0.00,      0.00,0,1,0,0,1,1,U2 
H4,840,2015,711299,      0.00,      0.00,      0.00,      0.00,0,1,0,0,1,1,U2 
H4,840,2015,711311,     24.80,      5.00,     13.50,      8.27,0,0,0,3,3,3,U2 
H4,840,2015,711319,     34.60,      5.00,      7.00,      5.77,0,0,0,6,6,6,U2 
H4,840,2015,711320,     34.80,      5.20,      7.00,      5.80,0,0,0,6,6,6,U2 
H4,840,2015,711411,     24.60,      2.70,      3.50,      3.08,0,0,0,8,8,8,U2 
H4,840,2015,711419,      7.90,      7.90,      7.90,      7.90,0,0,0,1,1,1,U2 
H4,840,2015,711420,      3.00,      3.00,      3.00,      3.00,0,0,0,1,1,1,U2 
H4,840,2015,711510,      4.00,      4.00,      4.00,      4.00,0,0,0,1,1,1,U2 
H4,840,2015,711590,     10.90,      0.00,      4.00,      2.72,0,1,0,3,4,4,U2 
H4,840,2015,711610,      8.80,      3.30,      5.50,      4.40,0,0,0,2,2,2,U2 
H4,840,2015,711620,     26.90,      0.00,     10.50,      4.48,0,1,0,5,6,6,U2 
H4,840,2015,711711,      8.00,      8.00,      8.00,      8.00,0,0,0,1,1,1,U2 
H4,840,2015,711719,     33.90,      0.00,     11.00,      5.65,0,2,0,4,6,6,U2 
H4,840,2015,711790,     25.40,      0.00,     11.00,      3.17,0,4,0,4,8,8,U2 
H4,840,2015,711810,      0.00,      0.00,      0.00,      0.00,0,1,0,0,1,1,U2 
H4,840,2015,711890,      0.00,      0.00,      0.00,      0.00,0,1,0,0,1,1,U2 
H4,840,2015,720110,      0.00,      0.00,      0.00,      0.00,0,1,0,0,1,1,U2 
H4,840,2015,720120,      0.00,      0.00,      0.00,      0.00,0,1,0,0,1,1,U2 
H4,840,2015,720150,      0.00,      0.00,      0.00,      0.00,0,2,0,0,2,2,U2 
H4,840,2015,720211,      2.90,      1.40,      1.50,      1.45,0,0,0,2,2,2,U2 
H4,840,2015,720219,      3.70,      1.40,      2.30,      1.85,0,0,0,2,2,2,U2 
H4,840,2015,720221,     10.30,      1.10,      5.80,      2.58,0,0,0,4,4,4,U2 
H4,840,2015,720229,      0.00,      0.00,      0.00,      0.00,0,1,0,0,1,1,U2 
H4,840,2015,720230,      3.90,      3.90,      3.90,      3.90,0,0,0,1,1,1,U2 
H4,840,2015,720241,      1.90,      1.90,      1.90,      1.90,0,0,0,1,1,1,U2 
H4,840,2015,720249,      5.00,      1.90,      3.10,      2.50,0,0,0,2,2,2,U2 
H4,840,2015,720250,     10.00,     10.00,     10.00,     10.00,0,0,0,1,1,1,U2 
H4,840,2015,720260,      0.00,      0.00,      0.00,      0.00,0,1,0,0,1,1,U2 
H4,840,2015,720270,      4.50,      4.50,      4.50,      4.50,0,0,0,1,1,1,U2 
H4,840,2015,720280,      5.60,      5.60,      5.60,      5.60,0,0,0,1,1,1,U2 
H4,840,2015,720291,      3.70,      3.70,      3.70,      3.70,0,0,0,1,1,1,U2 
H4,840,2015,720292,      4.20,      4.20,      4.20,      4.20,0,0,0,1,1,1,U2 
H4,840,2015,720293,     10.00,      5.00,      5.00,      5.00,0,0,0,2,2,2,U2 
H4,840,2015,720299,     14.20,      4.20,      5.00,      4.73,0,0,0,3,3,3,U2 
H4,840,2015,720310,      0.00,      0.00,      0.00,      0.00,0,1,0,0,1,1,U2 
H4,840,2015,720390,      0.00,      0.00,      0.00,      0.00,0,1,0,0,1,1,U2 
H4,840,2015,720410,      0.00,      0.00,      0.00,      0.00,0,1,0,0,1,1,U2 
H4,840,2015,720421,      0.00,      0.00,      0.00,      0.00,0,1,0,0,1,1,U2 
H4,840,2015,720429,      0.00,      0.00,      0.00,      0.00,0,1,0,0,1,1,U2 
H4,840,2015,720430,      0.00,      0.00,      0.00,      0.00,0,1,0,0,1,1,U2 
H4,840,2015,720441,      0.00,      0.00,      0.00,      0.00,0,1,0,0,1,1,U2 
H4,840,2015,720449,      0.00,      0.00,      0.00,      0.00,0,1,0,0,1,1,U2 
H4,840,2015,720450,      0.00,      0.00,      0.00,      0.00,0,1,0,0,1,1,U2 
H4,840,2015,720510,      0.00,      0.00,      0.00,      0.00,0,1,0,0,1,1,U2 
H4,840,2015,720521,      0.00,      0.00,      0.00,      0.00,0,1,0,0,1,1,U2 
H4,840,2015,720529,      0.00,      0.00,      0.00,      0.00,0,1,0,0,1,1,U2 
H4,840,2015,720610,      0.00,      0.00,      0.00,      0.00,0,1,0,0,1,1,U2 
H4,840,2015,720690,      0.00,      0.00,      0.00,      0.00,0,1,0,0,1,1,U2 
H4,840,2015,720711,      0.00,      0.00,      0.00,      0.00,0,1,0,0,1,1,U2 
H4,840,2015,720712,      0.00,      0.00,      0.00,      0.00,0,1,0,0,1,1,U2 
H4,840,2015,720719,      0.00,      0.00,      0.00,      0.00,0,1,0,0,1,1,U2 
H4,840,2015,720720,      0.00,      0.00,      0.00,      0.00,0,1,0,0,1,1,U2 
H4,840,2015,720810,      0.00,      0.00,      0.00,      0.00,0,3,0,0,3,3,U2 
H4,840,2015,720825,      0.00,      0.00,      0.00,      0.00,0,2,0,0,2,2,U2 
H4,840,2015,720826,      0.00,      0.00,      0.00,      0.00,0,1,0,0,1,1,U2 
H4,840,2015,720827,      0.00,      0.00,      0.00,      0.00,0,1,0,0,1,1,U2 
H4,840,2015,720836,      0.00,      0.00,      0.00,      0.00,0,1,0,0,1,1,U2 
H4,840,2015,720837,      0.00,      0.00,      0.00,      0.00,0,1,0,0,1,1,U2 
H4,840,2015,720838,      0.00,      0.00,      0.00,      0.00,0,1,0,0,1,1,U2 
H4,840,2015,720839,      0.00,      0.00,      0.00,      0.00,0,1,0,0,1,1,U2 
H4,840,2015,720840,      0.00,      0.00,      0.00,      0.00,0,2,0,0,2,2,U2 
H4,840,2015,720851,      0.00,      0.00,      0.00,      0.00,0,1,0,0,1,1,U2 
H4,840,2015,720852,      0.00,      0.00,      0.00,      0.00,0,1,0,0,1,1,U2 
H4,840,2015,720853,      0.00,      0.00,      0.00,      0.00,0,1,0,0,1,1,U2 
H4,840,2015,720854,      0.00,      0.00,      0.00,      0.00,0,1,0,0,1,1,U2 
H4,840,2015,720890,      0.00,      0.00,      0.00,      0.00,0,1,0,0,1,1,U2 
H4,840,2015,720915,      0.00,      0.00,      0.00,      0.00,0,1,0,0,1,1,U2 
H4,840,2015,720916,      0.00,      0.00,      0.00,      0.00,0,1,0,0,1,1,U2 
H4,840,2015,720917,      0.00,      0.00,      0.00,      0.00,0,1,0,0,1,1,U2 
H4,840,2015,720918,      0.00,      0.00,      0.00,      0.00,0,3,0,0,3,3,U2 
H4,840,2015,720925,      0.00,      0.00,      0.00,      0.00,0,1,0,0,1,1,U2 
H4,840,2015,720926,      0.00,      0.00,      0.00,      0.00,0,1,0,0,1,1,U2 
H4,840,2015,720927,      0.00,      0.00,      0.00,      0.00,0,1,0,0,1,1,U2 
H4,840,2015,720928,      0.00,      0.00,      0.00,      0.00,0,1,0,0,1,1,U2 
H4,840,2015,720990,      0.00,      0.00,      0.00,      0.00,0,1,0,0,1,1,U2 
H4,840,2015,721011,      0.00,      0.00,      0.00,      0.00,0,1,0,0,1,1,U2 
H4,840,2015,721012,      0.00,      0.00,      0.00,      0.00,0,1,0,0,1,1,U2 
H4,840,2015,721020,      0.00,      0.00,      0.00,      0.00,0,1,0,0,1,1,U2 
H4,840,2015,721030,      0.00,      0.00,      0.00,      0.00,0,1,0,0,1,1,U2 
H4,840,2015,721041,      0.00,      0.00,      0.00,      0.00,0,1,0,0,1,1,U2 
H4,840,2015,721049,      0.00,      0.00,      0.00,      0.00,0,1,0,0,1,1,U2 
H4,840,2015,721050,      0.00,      0.00,      0.00,      0.00,0,1,0,0,1,1,U2 
H4,840,2015,721061,      0.00,      0.00,      0.00,      0.00,0,1,0,0,1,1,U2 
H4,840,2015,721069,      0.00,      0.00,      0.00,      0.00,0,1,0,0,1,1,U2 
H4,840,2015,721070,      0.00,      0.00,      0.00,      0.00,0,2,0,0,2,2,U2 
H4,840,2015,721090,      0.00,      0.00,      0.00,      0.00,0,3,0,0,3,3,U2 
H4,840,2015,721113,      0.00,      0.00,      0.00,      0.00,0,1,0,0,1,1,U2 
H4,840,2015,721114,      0.00,      0.00,      0.00,      0.00,0,1,0,0,1,1,U2 
H4,840,2015,721119,      0.00,      0.00,      0.00,      0.00,0,6,0,0,6,6,U2 
H4,840,2015,721123,      0.00,      0.00,      0.00,      0.00,0,5,0,0,5,5,U2 
H4,840,2015,721129,      0.00,      0.00,      0.00,      0.00,0,3,0,0,3,3,U2 
H4,840,2015,721190,      0.00,      0.00,      0.00,      0.00,0,1,0,0,1,1,U2 
H4,840,2015,721210,      0.00,      0.00,      0.00,      0.00,0,1,0,0,1,1,U2 
H4,840,2015,721220,      0.00,      0.00,      0.00,      0.00,0,1,0,0,1,1,U2 
H4,840,2015,721230,      0.00,      0.00,      0.00,      0.00,0,3,0,0,3,3,U2 
H4,840,2015,721240,      0.00,      0.00,      0.00,      0.00,0,2,0,0,2,2,U2 
H4,840,2015,721250,      0.00,      0.00,      0.00,      0.00,0,1,0,0,1,1,U2 
H4,840,2015,721260,      0.00,      0.00,      0.00,      0.00,0,1,0,0,1,1,U2 
H4,840,2015,721310,      0.00,      0.00,      0.00,      0.00,0,1,0,0,1,1,U2 
H4,840,2015,721320,      0.00,      0.00,      0.00,      0.00,0,1,0,0,1,1,U2 
H4,840,2015,721391,      0.00,      0.00,      0.00,      0.00,0,3,0,0,3,3,U2 
H4,840,2015,721399,      0.00,      0.00,      0.00,      0.00,0,1,0,0,1,1,U2 
H4,840,2015,721410,      0.00,      0.00,      0.00,      0.00,0,1,0,0,1,1,U2 
H4,840,2015,721420,      0.00,      0.00,      0.00,      0.00,0,1,0,0,1,1,U2 
H4,840,2015,721430,      0.00,      0.00,      0.00,      0.00,0,1,0,0,1,1,U2 
H4,840,2015,721491,      0.00,      0.00,      0.00,      0.00,0,1,0,0,1,1,U2 
H4,840,2015,721499,      0.00,      0.00,      0.00,      0.00,0,1,0,0,1,1,U2 
H4,840,2015,721510,      0.00,      0.00,      0.00,      0.00,0,1,0,0,1,1,U2 
H4,840,2015,721550,      0.00,      0.00,      0.00,      0.00,0,1,0,0,1,1,U2 
H4,840,2015,721590,      0.00,      0.00,      0.00,      0.00,0,3,0,0,3,3,U2 
H4,840,2015,721610,      0.00,      0.00,      0.00,      0.00,0,1,0,0,1,1,U2 
H4,840,2015,721621,      0.00,      0.00,      0.00,      0.00,0,1,0,0,1,1,U2 
H4,840,2015,721622,      0.00,      0.00,      0.00,      0.00,0,1,0,0,1,1,U2 
H4,840,2015,721631,      0.00,      0.00,      0.00,      0.00,0,1,0,0,1,1,U2 
H4,840,2015,721632,      0.00,      0.00,      0.00,      0.00,0,1,0,0,1,1,U2 
H4,840,2015,721633,      0.00,      0.00,      0.00,      0.00,0,1,0,0,1,1,U2 
H4,840,2015,721640,      0.00,      0.00,      0.00,      0.00,0,1,0,0,1,1,U2 
H4,840,2015,721650,      0.00,      0.00,      0.00,      0.00,0,1,0,0,1,1,U2 
H4,840,2015,721661,      0.00,      0.00,      0.00,      0.00,0,1,0,0,1,1,U2 
H4,840,2015,721669,      0.00,      0.00,      0.00,      0.00,0,1,0,0,1,1,U2 
H4,840,2015,721691,      0.00,      0.00,      0.00,      0.00,0,1,0,0,1,1,U2 
H4,840,2015,721699,      0.00,      0.00,      0.00,      0.00,0,1,0,0,1,1,U2 
H4,840,2015,721710,      0.00,      0.00,      0.00,      0.00,0,9,0,0,9,9,U2 
H4,840,2015,721720,      0.00,      0.00,      0.00,      0.00,0,5,0,0,5,5,U2 
H4,840,2015,721730,      0.00,      0.00,      0.00,      0.00,0,5,0,0,5,5,U2 
H4,840,2015,721790,      0.00,      0.00,      0.00,      0.00,0,2,0,0,2,2,U2 
H4,840,2015,721810,      0.00,      0.00,      0.00,      0.00,0,1,0,0,1,1,U2 
H4,840,2015,721891,      0.00,      0.00,      0.00,      0.00,0,1,0,0,1,1,U2 
H4,840,2015,721899,      0.00,      0.00,      0.00,      0.00,0,1,0,0,1,1,U2 
H4,840,2015,721911,      0.00,      0.00,      0.00,      0.00,0,1,0,0,1,1,U2 
H4,840,2015,721912,      0.00,      0.00,      0.00,      0.00,0,1,0,0,1,1,U2 
H4,840,2015,721913,      0.00,      0.00,      0.00,      0.00,0,1,0,0,1,1,U2 
H4,840,2015,721914,      0.00,      0.00,      0.00,      0.00,0,1,0,0,1,1,U2 
H4,840,2015,721921,      0.00,      0.00,      0.00,      0.00,0,1,0,0,1,1,U2 
H4,840,2015,721922,      0.00,      0.00,      0.00,      0.00,0,1,0,0,1,1,U2 
H4,840,2015,721923,      0.00,      0.00,      0.00,      0.00,0,1,0,0,1,1,U2 
H4,840,2015,721924,      0.00,      0.00,      0.00,      0.00,0,1,0,0,1,1,U2 
H4,840,2015,721931,      0.00,      0.00,      0.00,      0.00,0,1,0,0,1,1,U2 
H4,840,2015,721932,      0.00,      0.00,      0.00,      0.00,0,1,0,0,1,1,U2 
H4,840,2015,721933,      0.00,      0.00,      0.00,      0.00,0,1,0,0,1,1,U2 
H4,840,2015,721934,      0.00,      0.00,      0.00,      0.00,0,1,0,0,1,1,U2 
H4,840,2015,721935,      0.00,      0.00,      0.00,      0.00,0,1,0,0,1,1,U2 
H4,840,2015,721990,      0.00,      0.00,      0.00,      0.00,0,1,0,0,1,1,U2 
H4,840,2015,722011,      0.00,      0.00,      0.00,      0.00,0,1,0,0,1,1,U2 
H4,840,2015,722012,      0.00,      0.00,      0.00,      0.00,0,2,0,0,2,2,U2 
H4,840,2015,722020,      0.00,      0.00,      0.00,      0.00,0,5,0,0,5,5,U2 
H4,840,2015,722090,      0.00,      0.00,      0.00,      0.00,0,1,0,0,1,1,U2 
H4,840,2015,722100,      0.00,      0.00,      0.00,      0.00,0,1,0,0,1,1,U2 
H4,840,2015,722211,      0.00,      0.00,      0.00,      0.00,0,1,0,0,1,1,U2 
H4,840,2015,722219,      0.00,      0.00,      0.00,      0.00,0,1,0,0,1,1,U2 
H4,840,2015,722220,      0.00,      0.00,      0.00,      0.00,0,1,0,0,1,1,U2 
H4,840,2015,722230,      0.00,      0.00,      0.00,      0.00,0,1,0,0,1,1,U2 
H4,840,2015,722240,      0.00,      0.00,      0.00,      0.00,0,2,0,0,2,2,U2 
H4,840,2015,722300,      0.00,      0.00,      0.00,      0.00,0,3,0,0,3,3,U2 
H4,840,2015,722410,      0.00,      0.00,      0.00,      0.00,0,1,0,0,1,1,U2 
H4,840,2015,722490,      0.00,      0.00,      0.00,      0.00,0,1,0,0,1,1,U2 
H4,840,2015,722511,      0.00,      0.00,      0.00,      0.00,0,1,0,0,1,1,U2 
H4,840,2015,722519,      0.00,      0.00,      0.00,      0.00,0,1,0,0,1,1,U2 
H4,840,2015,722530,      0.00,      0.00,      0.00,      0.00,0,4,0,0,4,4,U2 
H4,840,2015,722540,      0.00,      0.00,      0.00,      0.00,0,4,0,0,4,4,U2 
H4,840,2015,722550,      0.00,      0.00,      0.00,      0.00,0,4,0,0,4,4,U2 
H4,840,2015,722591,      0.00,      0.00,      0.00,      0.00,0,1,0,0,1,1,U2 
H4,840,2015,722592,      0.00,      0.00,      0.00,      0.00,0,1,0,0,1,1,U2 
H4,840,2015,722599,      0.00,      0.00,      0.00,      0.00,0,1,0,0,1,1,U2 
H4,840,2015,722611,      0.00,      0.00,      0.00,      0.00,0,2,0,0,2,2,U2 
H4,840,2015,722619,      0.00,      0.00,      0.00,      0.00,0,2,0,0,2,2,U2 
H4,840,2015,722620,      0.00,      0.00,      0.00,      0.00,0,1,0,0,1,1,U2 
H4,840,2015,722691,      0.00,      0.00,      0.00,      0.00,0,6,0,0,6,6,U2 
H4,840,2015,722692,      0.00,      0.00,      0.00,      0.00,0,5,0,0,5,5,U2 
H4,840,2015,722699,      0.00,      0.00,      0.00,      0.00,0,1,0,0,1,1,U2 
H4,840,2015,722710,      0.00,      0.00,      0.00,      0.00,0,1,0,0,1,1,U2 
H4,840,2015,722720,      0.00,      0.00,      0.00,      0.00,0,1,0,0,1,1,U2 
H4,840,2015,722790,      0.00,      0.00,      0.00,      0.00,0,3,0,0,3,3,U2 
H4,840,2015,722810,      0.00,      0.00,      0.00,      0.00,0,1,0,0,1,1,U2 
H4,840,2015,722820,      0.00,      0.00,      0.00,      0.00,0,2,0,0,2,2,U2 
H4,840,2015,722830,      0.00,      0.00,      0.00,      0.00,0,4,0,0,4,4,U2 
H4,840,2015,722840,      0.00,      0.00,      0.00,      0.00,0,1,0,0,1,1,U2 
H4,840,2015,722850,      0.00,      0.00,      0.00,      0.00,0,2,0,0,2,2,U2 
H4,840,2015,722860,      0.00,      0.00,      0.00,      0.00,0,3,0,0,3,3,U2 
H4,840,2015,722870,      0.00,      0.00,      0.00,      0.00,0,2,0,0,2,2,U2 
H4,840,2015,722880,      0.00,      0.00,      0.00,      0.00,0,1,0,0,1,1,U2 
H4,840,2015,722920,      0.00,      0.00,      0.00,      0.00,0,1,0,0,1,1,U2 
H4,840,2015,722990,      0.00,      0.00,      0.00,      0.00,0,4,0,0,4,4,U2 
H4,840,2015,730110,      0.00,      0.00,      0.00,      0.00,0,1,0,0,1,1,U2 
H4,840,2015,730120,      0.00,      0.00,      0.00,      0.00,0,2,0,0,2,2,U2 
H4,840,2015,730210,      0.00,      0.00,      0.00,      0.00,0,2,0,0,2,2,U2 
H4,840,2015,730230,      0.00,      0.00,      0.00,      0.00,0,1,0,0,1,1,U2 
H4,840,2015,730240,      0.00,      0.00,      0.00,      0.00,0,1,0,0,1,1,U2 
H4,840,2015,730290,      0.00,      0.00,      0.00,      0.00,0,2,0,0,2,2,U2 
H4,840,2015,730300,      0.00,      0.00,      0.00,      0.00,0,1,0,0,1,1,U2 
H4,840,2015,730411,      0.00,      0.00,      0.00,      0.00,0,1,0,0,1,1,U2 
H4,840,2015,730419,      0.00,      0.00,      0.00,      0.00,0,2,0,0,2,2,U2 
H4,840,2015,730422,      0.00,      0.00,      0.00,      0.00,0,1,0,0,1,1,U2 
H4,840,2015,730423,      0.00,      0.00,      0.00,      0.00,0,2,0,0,2,2,U2 
H4,840,2015,730424,      0.00,      0.00,      0.00,      0.00,0,3,0,0,3,3,U2 
H4,840,2015,730429,      0.00,      0.00,      0.00,      0.00,0,6,0,0,6,6,U2 
H4,840,2015,730431,      0.00,      0.00,      0.00,      0.00,0,2,0,0,2,2,U2 
H4,840,2015,730439,      0.00,      0.00,      0.00,      0.00,0,1,0,0,1,1,U2 
H4,840,2015,730441,      0.00,      0.00,      0.00,      0.00,0,2,0,0,2,2,U2 
H4,840,2015,730449,      0.00,      0.00,      0.00,      0.00,0,1,0,0,1,1,U2 
H4,840,2015,730451,      0.00,      0.00,      0.00,      0.00,0,2,0,0,2,2,U2 
H4,840,2015,730459,      0.00,      0.00,      0.00,      0.00,0,4,0,0,4,4,U2 
H4,840,2015,730490,      0.00,      0.00,      0.00,      0.00,0,4,0,0,4,4,U2 
H4,840,2015,730511,      0.00,      0.00,      0.00,      0.00,0,2,0,0,2,2,U2 
H4,840,2015,730512,      0.00,      0.00,      0.00,      0.00,0,2,0,0,2,2,U2 
H4,840,2015,730519,      0.00,      0.00,      0.00,      0.00,0,2,0,0,2,2,U2 
H4,840,2015,730520,      0.00,      0.00,      0.00,      0.00,0,4,0,0,4,4,U2 
H4,840,2015,730531,      0.00,      0.00,      0.00,      0.00,0,3,0,0,3,3,U2 
H4,840,2015,730539,      0.00,      0.00,      0.00,      0.00,0,2,0,0,2,2,U2 
H4,840,2015,730590,      0.00,      0.00,      0.00,      0.00,0,2,0,0,2,2,U2 
H4,840,2015,730611,      0.00,      0.00,      0.00,      0.00,0,1,0,0,1,1,U2 
H4,840,2015,730619,      0.00,      0.00,      0.00,      0.00,0,2,0,0,2,2,U2 
H4,840,2015,730621,      0.00,      0.00,      0.00,      0.00,0,3,0,0,3,3,U2 
H4,840,2015,730629,      0.00,      0.00,      0.00,      0.00,0,6,0,0,6,6,U2 
H4,840,2015,730630,      0.00,      0.00,      0.00,      0.00,0,3,0,0,3,3,U2 
H4,840,2015,730640,      0.00,      0.00,      0.00,      0.00,0,2,0,0,2,2,U2 
H4,840,2015,730650,      0.00,      0.00,      0.00,      0.00,0,3,0,0,3,3,U2 
H4,840,2015,730661,      0.00,      0.00,      0.00,      0.00,0,4,0,0,4,4,U2 
H4,840,2015,730669,      0.00,      0.00,      0.00,      0.00,0,4,0,0,4,4,U2 
H4,840,2015,730690,      0.00,      0.00,      0.00,      0.00,0,2,0,0,2,2,U2 
H4,840,2015,730711,      4.80,      4.80,      4.80,      4.80,0,0,0,1,1,1,U2 
H4,840,2015,730719,     11.80,      5.60,      6.20,      5.90,0,0,0,2,2,2,U2 
H4,840,2015,730721,      8.90,      3.30,      5.60,      4.45,0,0,0,2,2,2,U2 
H4,840,2015,730722,      6.20,      0.00,      6.20,      3.10,0,1,0,1,2,2,U2 
H4,840,2015,730723,      5.00,      5.00,      5.00,      5.00,0,0,0,1,1,1,U2 
H4,840,2015,730729,      5.00,      5.00,      5.00,      5.00,0,0,0,1,1,1,U2 
H4,840,2015,730791,     12.00,      3.20,      5.50,      4.00,0,0,0,3,3,3,U2 
H4,840,2015,730792,      6.20,      0.00,      6.20,      3.10,0,1,0,1,2,2,U2 
H4,840,2015,730793,     16.00,      4.30,      6.20,      5.33,0,0,0,3,3,3,U2 
H4,840,2015,730799,     11.20,      3.20,      4.30,      3.73,0,0,0,3,3,3,U2 
H4,840,2015,730810,      0.00,      0.00,      0.00,      0.00,0,1,0,0,1,1,U2 
H4,840,2015,730820,      0.00,      0.00,      0.00,      0.00,0,1,0,0,1,1,U2 
H4,840,2015,730830,      0.00,      0.00,      0.00,      0.00,0,2,0,0,2,2,U2 
H4,840,2015,730840,      0.00,      0.00,      0.00,      0.00,0,1,0,0,1,1,U2 
H4,840,2015,730890,      0.00,      0.00,      0.00,      0.00,0,4,0,0,4,4,U2 
H4,840,2015,730900,      0.00,      0.00,      0.00,      0.00,0,1,0,0,1,1,U2 
H4,840,2015,731010,      0.00,      0.00,      0.00,      0.00,0,1,0,0,1,1,U2 
H4,840,2015,731021,      0.00,      0.00,      0.00,      0.00,0,1,0,0,1,1,U2 
H4,840,2015,731029,      0.00,      0.00,      0.00,      0.00,0,1,0,0,1,1,U2 
H4,840,2015,731100,      0.00,      0.00,      0.00,      0.00,0,1,0,0,1,1,U2 
H4,840,2015,731210,      0.00,      0.00,      0.00,      0.00,0,9,0,0,9,9,U2 
H4,840,2015,731290,      0.00,      0.00,      0.00,      0.00,0,1,0,0,1,1,U2 
H4,840,2015,731300,      0.00,      0.00,      0.00,      0.00,0,1,0,0,1,1,U2 
H4,840,2015,731412,      0.00,      0.00,      0.00,      0.00,0,5,0,0,5,5,U2 
H4,840,2015,731414,      0.00,      0.00,      0.00,      0.00,0,5,0,0,5,5,U2 
H4,840,2015,731419,      0.00,      0.00,      0.00,      0.00,0,1,0,0,1,1,U2 
H4,840,2015,731420,      0.00,      0.00,      0.00,      0.00,0,1,0,0,1,1,U2 
H4,840,2015,731431,      0.00,      0.00,      0.00,      0.00,0,2,0,0,2,2,U2 
H4,840,2015,731439,      0.00,      0.00,      0.00,      0.00,0,1,0,0,1,1,U2 
H4,840,2015,731441,      0.00,      0.00,      0.00,      0.00,0,1,0,0,1,1,U2 
H4,840,2015,731442,      0.00,      0.00,      0.00,      0.00,0,1,0,0,1,1,U2 
H4,840,2015,731449,      0.00,      0.00,      0.00,      0.00,0,2,0,0,2,2,U2 
H4,840,2015,731450,      0.00,      0.00,      0.00,      0.00,0,1,0,0,1,1,U2 
H4,840,2015,731511,      0.00,      0.00,      0.00,      0.00,0,1,0,0,1,1,U2 
H4,840,2015,731512,      0.00,      0.00,      0.00,      0.00,0,1,0,0,1,1,U2 
H4,840,2015,731519,      0.00,      0.00,      0.00,      0.00,0,1,0,0,1,1,U2 
H4,840,2015,731520,      0.00,      0.00,      0.00,      0.00,0,2,0,0,2,2,U2 
H4,840,2015,731581,      0.00,      0.00,      0.00,      0.00,0,1,0,0,1,1,U2 
H4,840,2015,731582,      0.00,      0.00,      0.00,      0.00,0,4,0,0,4,4,U2 
H4,840,2015,731589,      5.40,      0.00,      3.90,      1.80,0,1,0,2,3,3,U2 
H4,840,2015,731590,      2.90,      2.90,      2.90,      2.90,0,0,0,1,1,1,U2 
H4,840,2015,731600,      0.00,      0.00,      0.00,      0.00,0,1,0,0,1,1,U2 
H4,840,2015,731700,      0.00,      0.00,      0.00,      0.00,0,6,0,0,6,6,U2 
H4,840,2015,731811,     12.50,     12.50,     12.50,     12.50,0,0,0,1,1,1,U2 
H4,840,2015,731812,     12.50,     12.50,     12.50,     12.50,0,0,0,1,1,1,U2 
H4,840,2015,731813,      5.70,      5.70,      5.70,      5.70,0,0,0,1,1,1,U2 
H4,840,2015,731814,     14.80,      6.20,      8.60,      7.40,0,0,0,2,2,2,U2 
H4,840,2015,731815,     14.70,      0.00,      8.50,      2.94,0,3,0,2,5,5,U2 
H4,840,2015,731816,      0.00,      0.00,      0.00,      0.00,0,1,0,0,1,1,U2 
H4,840,2015,731819,      5.70,      5.70,      5.70,      5.70,0,0,0,1,1,1,U2 
H4,840,2015,731821,      5.80,      5.80,      5.80,      5.80,0,0,0,1,1,1,U2 
H4,840,2015,731822,      0.00,      0.00,      0.00,      0.00,0,1,0,0,1,1,U2 
H4,840,2015,731823,      0.00,      0.00,      0.00,      0.00,0,1,0,0,1,1,U2 
H4,840,2015,731824,      3.80,      3.80,      3.80,      3.80,0,0,0,1,1,1,U2 
H4,840,2015,731829,      2.80,      2.80,      2.80,      2.80,0,0,0,1,1,1,U2 
H4,840,2015,731940,      8.60,      0.00,      4.50,      2.87,0,1,0,2,3,3,U2 
H4,840,2015,731990,      2.90,      0.00,      2.90,      1.45,0,1,0,1,2,2,U2 
H4,840,2015,732010,      9.60,      3.20,      3.20,      3.20,0,0,0,3,3,3,U2 
H4,840,2015,732020,      7.10,      3.20,      3.90,      3.55,0,0,0,2,2,2,U2 
H4,840,2015,732090,      2.90,      0.00,      2.90,      1.45,0,1,0,1,2,2,U2 
H4,840,2015,732111,      5.70,      0.00,      5.70,      1.90,0,2,0,1,3,3,U2 
H4,840,2015,732112,      0.00,      0.00,      0.00,      0.00,0,1,0,0,1,1,U2 
H4,840,2015,732119,      0.00,      0.00,      0.00,      0.00,0,1,0,0,1,1,U2 
H4,840,2015,732181,      2.90,      0.00,      2.90,      1.45,0,1,0,1,2,2,U2 
H4,840,2015,732182,      2.90,      0.00,      2.90,      1.45,0,1,0,1,2,2,U2 
H4,840,2015,732189,      0.00,      0.00,      0.00,      0.00,0,1,0,0,1,1,U2 
H4,840,2015,732190,      0.00,      0.00,      0.00,      0.00,0,5,0,0,5,5,U2 
H4,840,2015,732211,      0.00,      0.00,      0.00,      0.00,0,1,0,0,1,1,U2 
H4,840,2015,732219,      0.00,      0.00,      0.00,      0.00,0,1,0,0,1,1,U2 
H4,840,2015,732290,      0.00,      0.00,      0.00,      0.00,0,1,0,0,1,1,U2 
H4,840,2015,732310,      0.00,      0.00,      0.00,      0.00,0,1,0,0,1,1,U2 
H4,840,2015,732391,      5.30,      0.00,      5.30,      2.65,0,1,0,1,2,2,U2 
H4,840,2015,732392,      0.00,      0.00,      0.00,      0.00,0,1,0,0,1,1,U2 
H4,840,2015,732393,      2.00,      2.00,      2.00,      2.00,0,0,0,1,1,1,U2 
H4,840,2015,732394,      2.70,      2.70,      2.70,      2.70,0,0,0,1,1,1,U2 
H4,840,2015,732399,     16.90,      0.00,      8.20,      3.38,0,2,0,3,5,5,U2 
H4,840,2015,732410,      3.40,      3.40,      3.40,      3.40,0,0,0,1,1,1,U2 
H4,840,2015,732421,      0.00,      0.00,      0.00,      0.00,0,2,0,0,2,2,U2 
H4,840,2015,732429,      0.00,      0.00,      0.00,      0.00,0,1,0,0,1,1,U2 
H4,840,2015,732490,      0.00,      0.00,      0.00,      0.00,0,1,0,0,1,1,U2 
H4,840,2015,732510,      0.00,      0.00,      0.00,      0.00,0,1,0,0,1,1,U2 
H4,840,2015,732591,      2.90,      2.90,      2.90,      2.90,0,0,0,1,1,1,U2 
H4,840,2015,732599,      2.90,      0.00,      2.90,      1.45,0,1,0,1,2,2,U2 
H4,840,2015,732611,      0.00,      0.00,      0.00,      0.00,0,1,0,0,1,1,U2 
H4,840,2015,732619,      2.90,      2.90,      2.90,      2.90,0,0,0,1,1,1,U2 
H4,840,2015,732620,      3.90,      3.90,      3.90,      3.90,0,0,0,1,1,1,U2 
H4,840,2015,732690,     19.30,      0.00,      8.60,      3.22,0,3,0,3,6,6,U2 
H4,840,2015,740100,      0.00,      0.00,      0.00,      0.00,0,1,0,0,1,1,U2 
H4,840,2015,740200,      0.00,      0.00,      0.00,      0.00,0,1,0,0,1,1,U2 
H4,840,2015,740311,      1.00,      1.00,      1.00,      1.00,0,0,0,1,1,1,U2 
H4,840,2015,740312,      1.00,      1.00,      1.00,      1.00,0,0,0,1,1,1,U2 
H4,840,2015,740313,      1.00,      1.00,      1.00,      1.00,0,0,0,1,1,1,U2 
H4,840,2015,740319,      1.00,      1.00,      1.00,      1.00,0,0,0,1,1,1,U2 
H4,840,2015,740321,      1.00,      1.00,      1.00,      1.00,0,0,0,1,1,1,U2 
H4,840,2015,740322,      1.00,      1.00,      1.00,      1.00,0,0,0,1,1,1,U2 
H4,840,2015,740329,      1.00,      1.00,      1.00,      1.00,0,0,0,1,1,1,U2 
H4,840,2015,740400,      0.00,      0.00,      0.00,      0.00,0,2,0,0,2,2,U2 
H4,840,2015,740500,      0.00,      0.00,      0.00,      0.00,0,2,0,0,2,2,U2 
H4,840,2015,740610,      0.00,      0.00,      0.00,      0.00,0,1,0,0,1,1,U2 
H4,840,2015,740620,      0.00,      0.00,      0.00,      0.00,0,1,0,0,1,1,U2 
H4,840,2015,740710,      7.00,      1.00,      3.00,      2.33,0,0,0,3,3,3,U2 
H4,840,2015,740721,     10.70,      1.90,      2.20,      2.14,0,0,0,5,5,5,U2 
H4,840,2015,740729,     13.60,      1.60,      3.00,      2.72,0,0,0,5,5,5,U2 
H4,840,2015,740811,      4.00,      1.00,      3.00,      2.00,0,0,0,2,2,2,U2 
H4,840,2015,740819,      3.00,      3.00,      3.00,      3.00,0,0,0,1,1,1,U2 
H4,840,2015,740821,      3.00,      3.00,      3.00,      3.00,0,0,0,1,1,1,U2 
H4,840,2015,740822,      6.00,      3.00,      3.00,      3.00,0,0,0,2,2,2,U2 
H4,840,2015,740829,      6.00,      3.00,      3.00,      3.00,0,0,0,2,2,2,U2 
H4,840,2015,740911,      4.00,      1.00,      3.00,      2.00,0,0,0,2,2,2,U2 
H4,840,2015,740919,      7.00,      1.00,      3.00,      2.33,0,0,0,3,3,3,U2 
H4,840,2015,740921,      1.90,      1.90,      1.90,      1.90,0,0,0,1,1,1,U2 
H4,840,2015,740929,      1.90,      1.90,      1.90,      1.90,0,0,0,1,1,1,U2 
H4,840,2015,740931,      7.70,      1.70,      3.00,      2.57,0,0,0,3,3,3,U2 
H4,840,2015,740939,      7.70,      1.70,      3.00,      2.57,0,0,0,3,3,3,U2 
H4,840,2015,740940,      3.00,      3.00,      3.00,      3.00,0,0,0,1,1,1,U2 
H4,840,2015,740990,      7.70,      1.70,      3.00,      2.57,0,0,0,3,3,3,U2 
H4,840,2015,741011,      1.00,      1.00,      1.00,      1.00,0,0,0,1,1,1,U2 
H4,840,2015,741012,      1.00,      1.00,      1.00,      1.00,0,0,0,1,1,1,U2 
H4,840,2015,741021,      4.50,      1.50,      3.00,      2.25,0,0,0,2,2,2,U2 
H4,840,2015,741022,      1.50,      1.50,      1.50,      1.50,0,0,0,1,1,1,U2 
H4,840,2015,741110,      4.50,      1.50,      3.00,      2.25,0,0,0,2,2,2,U2 
H4,840,2015,741121,      4.40,      1.40,      3.00,      2.20,0,0,0,2,2,2,U2 
H4,840,2015,741122,      3.00,      3.00,      3.00,      3.00,0,0,0,1,1,1,U2 
H4,840,2015,741129,      4.40,      1.40,      3.00,      2.20,0,0,0,2,2,2,U2 
H4,840,2015,741210,      3.00,      3.00,      3.00,      3.00,0,0,0,1,1,1,U2 
H4,840,2015,741220,      3.00,      3.00,      3.00,      3.00,0,0,0,1,1,1,U2 
H4,840,2015,741300,      8.00,      2.00,      3.00,      2.67,0,0,0,3,3,3,U2 
H4,840,2015,741510,      2.50,      2.50,      2.50,      2.50,0,0,0,1,1,1,U2 
H4,840,2015,741521,      3.00,      3.00,      3.00,      3.00,0,0,0,1,1,1,U2 
H4,840,2015,741529,      3.00,      3.00,      3.00,      3.00,0,0,0,1,1,1,U2 
H4,840,2015,741533,      7.40,      1.40,      3.00,      2.47,0,0,0,3,3,3,U2 
H4,840,2015,741539,      3.00,      3.00,      3.00,      3.00,0,0,0,1,1,1,U2 
H4,840,2015,741810,      3.00,      3.00,      3.00,      3.00,0,0,0,1,1,1,U2 
H4,840,2015,741820,      6.00,      3.00,      3.00,      3.00,0,0,0,2,2,2,U2 
H4,840,2015,741910,      3.00,      3.00,      3.00,      3.00,0,0,0,1,1,1,U2 
H4,840,2015,741991,      0.00,      0.00,      0.00,      0.00,0,1,0,0,1,1,U2 
H4,840,2015,741999,     15.00,      0.00,      3.00,      2.14,0,2,0,5,7,7,U2 
H4,840,2015,750110,      0.00,      0.00,      0.00,      0.00,0,1,0,0,1,1,U2 
H4,840,2015,750120,      0.00,      0.00,      0.00,      0.00,0,1,0,0,1,1,U2 
H4,840,2015,750210,      0.00,      0.00,      0.00,      0.00,0,1,0,0,1,1,U2 
H4,840,2015,750220,      0.00,      0.00,      0.00,      0.00,0,1,0,0,1,1,U2 
H4,840,2015,750300,      0.00,      0.00,      0.00,      0.00,0,1,0,0,1,1,U2 
H4,840,2015,750400,      0.00,      0.00,      0.00,      0.00,0,1,0,0,1,1,U2 
H4,840,2015,750511,      8.60,      2.60,      3.00,      2.87,0,0,0,3,3,3,U2 
H4,840,2015,750512,      8.50,      2.50,      3.00,      2.83,0,0,0,3,3,3,U2 
H4,840,2015,750521,      5.60,      2.60,      3.00,      2.80,0,0,0,2,2,2,U2 
H4,840,2015,750522,      5.60,      2.60,      3.00,      2.80,0,0,0,2,2,2,U2 
H4,840,2015,750610,      8.00,      2.50,      3.00,      2.67,0,0,0,3,3,3,U2 
H4,840,2015,750620,      8.50,      2.50,      3.00,      2.83,0,0,0,3,3,3,U2 
H4,840,2015,750711,      2.00,      2.00,      2.00,      2.00,0,0,0,1,1,1,U2 
H4,840,2015,750712,      2.00,      2.00,      2.00,      2.00,0,0,0,1,1,1,U2 
H4,840,2015,750720,      3.00,      3.00,      3.00,      3.00,0,0,0,1,1,1,U2 
H4,840,2015,750810,      3.00,      3.00,      3.00,      3.00,0,0,0,1,1,1,U2 
H4,840,2015,750890,      6.00,      3.00,      3.00,      3.00,0,0,0,2,2,2,U2 
H4,840,2015,760110,      2.60,      0.00,      2.60,      1.30,0,1,0,1,2,2,U2 
H4,840,2015,760120,      4.70,      0.00,      2.60,      1.57,0,1,0,2,3,3,U2 
H4,840,2015,760200,      0.00,      0.00,      0.00,      0.00,0,1,0,0,1,1,U2 
H4,840,2015,760310,      5.00,      5.00,      5.00,      5.00,0,0,0,1,1,1,U2 
H4,840,2015,760320,      3.90,      3.90,      3.90,      3.90,0,0,0,1,1,1,U2 
H4,840,2015,760410,     10.60,      2.60,      5.00,      3.53,0,0,0,3,3,3,U2 
H4,840,2015,760421,      1.50,      1.50,      1.50,      1.50,0,0,0,1,1,1,U2 
H4,840,2015,760429,     10.60,      2.60,      5.00,      3.53,0,0,0,3,3,3,U2 
H4,840,2015,760511,      2.60,      2.60,      2.60,      2.60,0,0,0,1,1,1,U2 
H4,840,2015,760519,      4.20,      4.20,      4.20,      4.20,0,0,0,1,1,1,U2 
H4,840,2015,760521,      2.60,      2.60,      2.60,      2.60,0,0,0,1,1,1,U2 
H4,840,2015,760529,      4.20,      4.20,      4.20,      4.20,0,0,0,1,1,1,U2 
H4,840,2015,760611,      5.70,      2.70,      3.00,      2.85,0,0,0,2,2,2,U2 
H4,840,2015,760612,      9.50,      3.00,      6.50,      4.75,0,0,0,2,2,2,U2 
H4,840,2015,760691,      5.70,      2.70,      3.00,      2.85,0,0,0,2,2,2,U2 
H4,840,2015,760692,      9.50,      3.00,      6.50,      4.75,0,0,0,2,2,2,U2 
H4,840,2015,760711,     14.10,      3.00,      5.80,      4.70,0,0,0,3,3,3,U2 
H4,840,2015,760719,     14.00,      3.00,      5.70,      4.67,0,0,0,3,3,3,U2 
H4,840,2015,760720,      3.70,      0.00,      3.70,      1.85,0,1,0,1,2,2,U2 
H4,840,2015,760810,      5.70,      5.70,      5.70,      5.70,0,0,0,1,1,1,U2 
H4,840,2015,760820,      5.70,      5.70,      5.70,      5.70,0,0,0,1,1,1,U2 
H4,840,2015,760900,      5.70,      5.70,      5.70,      5.70,0,0,0,1,1,1,U2 
H4,840,2015,761010,      5.70,      5.70,      5.70,      5.70,0,0,0,1,1,1,U2 
H4,840,2015,761090,      5.70,      5.70,      5.70,      5.70,0,0,0,1,1,1,U2 
H4,840,2015,761100,      2.60,      2.60,      2.60,      2.60,0,0,0,1,1,1,U2 
H4,840,2015,761210,      2.40,      2.40,      2.40,      2.40,0,0,0,1,1,1,U2 
H4,840,2015,761290,      5.70,      0.00,      5.70,      2.85,0,1,0,1,2,2,U2 
H4,840,2015,761300,      5.00,      5.00,      5.00,      5.00,0,0,0,1,1,1,U2 
H4,840,2015,761410,      9.80,      4.90,      4.90,      4.90,0,0,0,2,2,2,U2 
H4,840,2015,761490,     15.50,      4.90,      5.70,      5.17,0,0,0,3,3,3,U2 
H4,840,2015,761510,     18.60,      3.10,      3.10,      3.10,0,0,0,6,6,6,U2 
H4,840,2015,761520,      3.80,      3.80,      3.80,      3.80,0,0,0,1,1,1,U2 
H4,840,2015,761610,     27.60,      4.70,      6.00,      5.52,0,0,0,5,5,5,U2 
H4,840,2015,761691,      2.50,      2.50,      2.50,      2.50,0,0,0,1,1,1,U2 
H4,840,2015,761699,      2.50,      0.00,      2.50,      1.25,0,1,0,1,2,2,U2 
H4,840,2015,780110,,,,,1,0,0,0,0,1,U2 
H4,840,2015,780191,,,,,1,0,0,0,0,1,U2 
H4,840,2015,780199,,,,,2,0,0,0,0,2,U2 
H4,840,2015,780200,      0.00,      0.00,      0.00,      0.00,0,1,0,0,1,1,U2 
H4,840,2015,780411,      2.20,      2.20,      2.20,      2.20,0,0,0,1,1,1,U2 
H4,840,2015,780419,      3.00,      3.00,      3.00,      3.00,0,0,0,1,1,1,U2 
H4,840,2015,780420,      0.00,      0.00,      0.00,      0.00,0,1,0,0,1,1,U2 
H4,840,2015,780600,      6.20,      1.20,      3.00,      2.07,0,0,0,3,3,3,U2 
H4,840,2015,790111,      1.50,      1.50,      1.50,      1.50,0,0,0,1,1,1,U2 
H4,840,2015,790112,      4.50,      1.50,      3.00,      2.25,0,0,0,2,2,2,U2 
H4,840,2015,790120,      3.00,      3.00,      3.00,      3.00,0,0,0,1,1,1,U2 
H4,840,2015,790200,      0.00,      0.00,      0.00,      0.00,0,1,0,0,1,1,U2 
H4,840,2015,790310,      0.26,      0.26,      0.26,      0.26,0,0,1,0,1,1,U2 
H4,840,2015,790390,      3.15,      0.15,      3.00,      1.58,0,0,1,1,2,2,U2 
H4,840,2015,790400,      4.20,      4.20,      4.20,      4.20,0,0,0,1,1,1,U2 
H4,840,2015,790500,      2.80,      2.80,      2.80,      2.80,0,0,0,1,1,1,U2 
H4,840,2015,790700,      9.00,      3.00,      3.00,      3.00,0,0,0,3,3,3,U2 
H4,840,2015,800110,      0.00,      0.00,      0.00,      0.00,0,1,0,0,1,1,U2 
H4,840,2015,800120,      0.00,      0.00,      0.00,      0.00,0,1,0,0,1,1,U2 
H4,840,2015,800200,      0.00,      0.00,      0.00,      0.00,0,1,0,0,1,1,U2 
H4,840,2015,800300,      3.00,      3.00,      3.00,      3.00,0,0,0,1,1,1,U2 
H4,840,2015,800700,     15.50,      2.10,      3.00,      2.58,0,0,0,6,6,6,U2 
H4,840,2015,810110,      7.00,      7.00,      7.00,      7.00,0,0,0,1,1,1,U2 
H4,840,2015,810194,      6.60,      6.60,      6.60,      6.60,0,0,0,1,1,1,U2 
H4,840,2015,810196,      4.40,      4.40,      4.40,      4.40,0,0,0,1,1,1,U2 
H4,840,2015,810197,      2.80,      2.80,      2.80,      2.80,0,0,0,1,1,1,U2 
H4,840,2015,810199,     10.20,      3.70,      6.50,      5.10,0,0,0,2,2,2,U2 
H4,840,2015,810210,      1.47,      1.47,      1.47,      1.47,0,0,1,0,1,1,U2 
H4,840,2015,810294,      2.41,      2.41,      2.41,      2.41,0,0,1,0,1,1,U2 
H4,840,2015,810295,     13.20,      6.60,      6.60,      6.60,0,0,0,2,2,2,U2 
H4,840,2015,810296,      4.40,      4.40,      4.40,      4.40,0,0,0,1,1,1,U2 
H4,840,2015,810297,      0.00,      0.00,      0.00,      0.00,0,1,0,0,1,1,U2 
H4,840,2015,810299,      3.70,      3.70,      3.70,      3.70,0,0,0,1,1,1,U2 
H4,840,2015,810320,      2.50,      2.50,      2.50,      2.50,0,0,0,1,1,1,U2 
H4,840,2015,810330,      0.00,      0.00,      0.00,      0.00,0,1,0,0,1,1,U2 
H4,840,2015,810390,      4.40,      4.40,      4.40,      4.40,0,0,0,1,1,1,U2 
H4,840,2015,810411,      8.00,      8.00,      8.00,      8.00,0,0,0,1,1,1,U2 
H4,840,2015,810419,      6.50,      6.50,      6.50,      6.50,0,0,0,1,1,1,U2 
H4,840,2015,810420,      0.00,      0.00,      0.00,      0.00,0,1,0,0,1,1,U2 
H4,840,2015,810430,      4.40,      4.40,      4.40,      4.40,0,0,0,1,1,1,U2 
H4,840,2015,810490,      5.57,      5.57,      5.57,      5.57,0,0,1,0,1,1,U2 
H4,840,2015,810520,      4.40,      0.00,      4.40,      1.47,0,2,0,1,3,3,U2 
H4,840,2015,810530,      0.00,      0.00,      0.00,      0.00,0,1,0,0,1,1,U2 
H4,840,2015,810590,      3.70,      3.70,      3.70,      3.70,0,0,0,1,1,1,U2 
H4,840,2015,810600,      0.00,      0.00,      0.00,      0.00,0,1,0,0,1,1,U2 
H4,840,2015,810720,      0.00,      0.00,      0.00,      0.00,0,1,0,0,1,1,U2 
H4,840,2015,810730,      0.00,      0.00,      0.00,      0.00,0,1,0,0,1,1,U2 
H4,840,2015,810790,      4.40,      4.40,      4.40,      4.40,0,0,0,1,1,1,U2 
H4,840,2015,810820,     15.00,     15.00,     15.00,     15.00,0,0,0,1,1,1,U2 
H4,840,2015,810830,      0.00,      0.00,      0.00,      0.00,0,1,0,0,1,1,U2 
H4,840,2015,810890,     20.50,      5.50,     15.00,     10.25,0,0,0,2,2,2,U2 
H4,840,2015,810920,      4.20,      4.20,      4.20,      4.20,0,0,0,1,1,1,U2 
H4,840,2015,810930,      0.00,      0.00,      0.00,      0.00,0,1,0,0,1,1,U2 
H4,840,2015,810990,      3.70,      3.70,      3.70,      3.70,0,0,0,1,1,1,U2 
H4,840,2015,811010,      0.00,      0.00,      0.00,      0.00,0,1,0,0,1,1,U2 
H4,840,2015,811020,      0.00,      0.00,      0.00,      0.00,0,1,0,0,1,1,U2 
H4,840,2015,811090,      0.00,      0.00,      0.00,      0.00,0,1,0,0,1,1,U2 
H4,840,2015,811100,     31.70,      0.00,     14.00,      7.93,0,1,0,3,4,4,U2 
H4,840,2015,811212,      8.50,      8.50,      8.50,      8.50,0,0,0,1,1,1,U2 
H4,840,2015,811213,      0.00,      0.00,      0.00,      0.00,0,1,0,0,1,1,U2 
H4,840,2015,811219,      5.50,      5.50,      5.50,      5.50,0,0,0,1,1,1,U2 
H4,840,2015,811221,      3.00,      3.00,      3.00,      3.00,0,0,0,1,1,1,U2 
H4,840,2015,811222,      0.00,      0.00,      0.00,      0.00,0,1,0,0,1,1,U2 
H4,840,2015,811229,      3.00,      3.00,      3.00,      3.00,0,0,0,1,1,1,U2 
H4,840,2015,811251,      4.00,      4.00,      4.00,      4.00,0,0,0,1,1,1,U2 
H4,840,2015,811252,      0.00,      0.00,      0.00,      0.00,0,1,0,0,1,1,U2 
H4,840,2015,811259,      4.00,      4.00,      4.00,      4.00,0,0,0,1,1,1,U2 
H4,840,2015,811292,     19.90,      0.00,      4.90,      2.21,0,3,0,6,9,9,U2 
H4,840,2015,811299,     10.40,      2.00,      4.40,      3.47,0,0,0,3,3,3,U2 
H4,840,2015,811300,      3.70,      3.70,      3.70,      3.70,0,0,0,1,1,1,U2 
H4,840,2015,820110,      0.00,      0.00,      0.00,      0.00,0,1,0,0,1,1,U2 
H4,840,2015,820130,      0.00,      0.00,      0.00,      0.00,0,1,0,0,1,1,U2 
H4,840,2015,820140,      6.20,      0.00,      6.20,      3.10,0,1,0,1,2,2,U2 
H4,840,2015,820150,,,,,1,0,0,0,0,1,U2 
H4,840,2015,820160,,,,,1,0,0,0,0,1,U2 
H4,840,2015,820190,      0.00,      0.00,      0.00,      0.00,1,2,0,0,2,3,U2 
H4,840,2015,820210,      0.00,      0.00,      0.00,      0.00,0,1,0,0,1,1,U2 
H4,840,2015,820220,      0.00,      0.00,      0.00,      0.00,0,1,0,0,1,1,U2 
H4,840,2015,820231,      0.00,      0.00,      0.00,      0.00,0,1,0,0,1,1,U2 
H4,840,2015,820239,      0.00,      0.00,      0.00,      0.00,0,1,0,0,1,1,U2 
H4,840,2015,820240,      7.20,      0.00,      7.20,      3.60,0,1,0,1,2,2,U2 
H4,840,2015,820291,      0.00,      0.00,      0.00,      0.00,0,2,0,0,2,2,U2 
H4,840,2015,820299,      0.00,      0.00,      0.00,      0.00,0,1,0,0,1,1,U2 
H4,840,2015,820310,      0.00,      0.00,      0.00,      0.00,0,3,0,0,3,3,U2 
H4,840,2015,820320,     20.50,      4.00,     12.00,      6.83,1,0,0,3,3,4,U2 
H4,840,2015,820330,      0.00,      0.00,      0.00,      0.00,0,1,0,0,1,1,U2 
H4,840,2015,820340,      9.30,      3.30,      6.00,      4.65,0,0,0,2,2,2,U2 
H4,840,2015,820411,      9.00,      9.00,      9.00,      9.00,0,0,0,1,1,1,U2 
H4,840,2015,820412,      9.00,      9.00,      9.00,      9.00,0,0,0,1,1,1,U2 
H4,840,2015,820420,      9.00,      9.00,      9.00,      9.00,0,0,0,1,1,1,U2 
H4,840,2015,820510,      6.20,      6.20,      6.20,      6.20,0,0,0,1,1,1,U2 
H4,840,2015,820520,      6.20,      0.00,      6.20,      3.10,0,1,0,1,2,2,U2 
H4,840,2015,820530,     10.70,      5.00,      5.70,      5.35,0,0,0,2,2,2,U2 
H4,840,2015,820540,      6.20,      6.20,      6.20,      6.20,0,0,0,1,1,1,U2 
H4,840,2015,820551,     12.63,      0.00,      5.23,      2.53,0,2,1,2,5,5,U2 
H4,840,2015,820559,     25.13,      0.00,      7.20,      3.14,0,3,1,4,8,8,U2 
H4,840,2015,820560,      2.90,      2.90,      2.90,      2.90,0,0,0,1,1,1,U2 
H4,840,2015,820570,      5.00,      5.00,      5.00,      5.00,0,0,0,1,1,1,U2 
H4,840,2015,820590,      0.00,      0.00,      0.00,      0.00,1,1,0,0,1,2,U2 
H4,840,2015,820600,,,,,1,0,0,0,0,1,U2 
H4,840,2015,820713,      3.60,      3.60,      3.60,      3.60,0,0,0,1,1,1,U2 
H4,840,2015,820719,      7.90,      2.90,      5.00,      3.95,0,0,0,2,2,2,U2 
H4,840,2015,820720,      3.90,      3.90,      3.90,      3.90,0,0,0,1,1,1,U2 
H4,840,2015,820730,      8.60,      2.90,      5.70,      4.30,0,0,0,2,2,2,U2 
H4,840,2015,820740,     10.50,      4.80,      5.70,      5.25,0,0,0,2,2,2,U2 
H4,840,2015,820750,     21.50,      2.90,      8.40,      5.38,0,0,0,4,4,4,U2 
H4,840,2015,820760,      4.80,      4.80,      4.80,      4.80,0,0,0,1,1,1,U2 
H4,840,2015,820770,      7.90,      2.90,      5.00,      3.95,0,0,0,2,2,2,U2 
H4,840,2015,820780,      8.50,      3.70,      4.80,      4.25,0,0,0,2,2,2,U2 
H4,840,2015,820790,     19.40,      1.60,      5.00,      3.88,0,0,0,5,5,5,U2 
H4,840,2015,820810,      0.00,      0.00,      0.00,      0.00,0,1,0,0,1,1,U2 
H4,840,2015,820820,      0.00,      0.00,      0.00,      0.00,0,1,0,0,1,1,U2 
H4,840,2015,820830,      0.00,      0.00,      0.00,      0.00,0,1,0,0,1,1,U2 
H4,840,2015,820840,      0.00,      0.00,      0.00,      0.00,0,2,0,0,2,2,U2 
H4,840,2015,820890,      0.00,      0.00,      0.00,      0.00,0,2,0,0,2,2,U2 
H4,840,2015,820900,      4.60,      4.60,      4.60,      4.60,0,0,0,1,1,1,U2 
H4,840,2015,821000,      3.70,      3.70,      3.70,      3.70,0,0,0,1,1,1,U2 
H4,840,2015,821110,,,,,1,0,0,0,0,1,U2 
H4,840,2015,821191,     41.72,      0.00,     12.29,      5.96,0,1,6,0,7,7,U2 
H4,840,2015,821192,     20.36,      4.40,      6.22,      5.09,0,0,3,1,4,4,U2 
H4,840,2015,821193,      6.93,      6.93,      6.93,      6.93,0,0,1,0,1,1,U2 
H4,840,2015,821194,,,,,2,0,0,0,0,2,U2 
H4,840,2015,821195,,,,,3,0,0,0,0,3,U2 
H4,840,2015,821210,      0.00,      0.00,      0.00,      0.00,0,1,0,0,1,1,U2 
H4,840,2015,821220,      0.00,      0.00,      0.00,      0.00,0,1,0,0,1,1,U2 
H4,840,2015,821290,      0.00,      0.00,      0.00,      0.00,0,1,0,0,1,1,U2 
H4,840,2015,821300,,,,,3,0,0,0,0,3,U2 
H4,840,2015,821410,,,,,1,0,0,0,0,1,U2 
H4,840,2015,821420,      8.10,      0.00,      4.10,      2.70,0,1,0,2,3,3,U2 
H4,840,2015,821490,,,,,3,0,0,0,0,3,U2 
H4,840,2015,821510,,,,,1,0,0,0,0,1,U2 
H4,840,2015,821520,,,,,1,0,0,0,0,1,U2 
H4,840,2015,821591,      6.90,      0.00,      4.20,      2.30,0,1,0,2,3,3,U2 
H4,840,2015,821599,     31.10,      0.00,     14.00,      5.18,7,2,0,4,6,13,U2 
H4,840,2015,830110,     24.80,      2.30,      6.10,      4.13,0,0,0,6,6,6,U2 
H4,840,2015,830120,      5.70,      5.70,      5.70,      5.70,0,0,0,1,1,1,U2 
H4,840,2015,830130,      5.70,      5.70,      5.70,      5.70,0,0,0,1,1,1,U2 
H4,840,2015,830140,      8.80,      3.10,      5.70,      4.40,0,0,0,2,2,2,U2 
H4,840,2015,830150,      3.10,      3.10,      3.10,      3.10,0,0,0,1,1,1,U2 
H4,840,2015,830160,      2.80,      2.80,      2.80,      2.80,0,0,0,1,1,1,U2 
H4,840,2015,830170,      4.50,      4.50,      4.50,      4.50,0,0,0,1,1,1,U2 
H4,840,2015,830210,      8.90,      2.00,      3.50,      2.97,0,0,0,3,3,3,U2 
H4,840,2015,830220,      5.70,      5.70,      5.70,      5.70,0,0,0,1,1,1,U2 
H4,840,2015,830230,      5.50,      2.00,      3.50,      2.75,0,0,0,2,2,2,U2 
H4,840,2015,830241,     11.30,      3.50,      3.90,      3.77,0,0,0,3,3,3,U2 
H4,840,2015,830242,      7.30,      3.40,      3.90,      3.65,0,0,0,2,2,2,U2 
H4,840,2015,830249,     16.70,      0.00,      7.50,      4.18,0,1,0,3,4,4,U2 
H4,840,2015,830250,      0.00,      0.00,      0.00,      0.00,0,1,0,0,1,1,U2 
H4,840,2015,830260,      7.00,      3.10,      3.90,      3.50,0,0,0,2,2,2,U2 
H4,840,2015,830300,      3.80,      3.80,      3.80,      3.80,0,0,0,1,1,1,U2 
H4,840,2015,830400,      3.90,      3.90,      3.90,      3.90,0,0,0,1,1,1,U2 
H4,840,2015,830510,      2.90,      2.90,      2.90,      2.90,0,0,0,1,1,1,U2 
H4,840,2015,830520,      0.00,      0.00,      0.00,      0.00,0,1,0,0,1,1,U2 
H4,840,2015,830590,      5.70,      0.00,      5.70,      2.85,0,1,0,1,2,2,U2 
H4,840,2015,830610,      5.80,      5.80,      5.80,      5.80,0,0,0,1,1,1,U2 
H4,840,2015,830621,      4.50,      4.50,      4.50,      4.50,0,0,0,1,1,1,U2 
H4,840,2015,830629,      0.00,      0.00,      0.00,      0.00,0,1,0,0,1,1,U2 
H4,840,2015,830630,      2.70,      2.70,      2.70,      2.70,0,0,0,1,1,1,U2 
H4,840,2015,830710,      7.60,      3.80,      3.80,      3.80,0,0,0,2,2,2,U2 
H4,840,2015,830790,      7.60,      3.80,      3.80,      3.80,0,0,0,2,2,2,U2 
H4,840,2015,830810,      2.99,      2.99,      2.99,      2.99,0,0,1,0,1,1,U2 
H4,840,2015,830820,      0.00,      0.00,      0.00,      0.00,0,2,0,0,2,2,U2 
H4,840,2015,830890,      6.60,      0.00,      3.90,      2.20,0,1,0,2,3,3,U2 
H4,840,2015,830910,      0.00,      0.00,      0.00,      0.00,0,1,0,0,1,1,U2 
H4,840,2015,830990,      2.60,      2.60,      2.60,      2.60,0,0,0,1,1,1,U2 
H4,840,2015,831000,      0.00,      0.00,      0.00,      0.00,0,1,0,0,1,1,U2 
H4,840,2015,831110,      0.00,      0.00,      0.00,      0.00,0,1,0,0,1,1,U2 
H4,840,2015,831120,      0.00,      0.00,      0.00,      0.00,0,1,0,0,1,1,U2 
H4,840,2015,831130,      0.00,      0.00,      0.00,      0.00,0,2,0,0,2,2,U2 
H4,840,2015,831190,      0.00,      0.00,      0.00,      0.00,0,1,0,0,1,1,U2 
H4,840,2015,840110,      3.30,      3.30,      3.30,      3.30,0,0,0,1,1,1,U2 
H4,840,2015,840120,      2.60,      2.60,      2.60,      2.60,0,0,0,1,1,1,U2 
H4,840,2015,840130,      3.30,      3.30,      3.30,      3.30,0,0,0,1,1,1,U2 
H4,840,2015,840140,      3.30,      3.30,      3.30,      3.30,0,0,0,1,1,1,U2 
H4,840,2015,840211,      5.20,      5.20,      5.20,      5.20,0,0,0,1,1,1,U2 
H4,840,2015,840212,      4.30,      4.30,      4.30,      4.30,0,0,0,1,1,1,U2 
H4,840,2015,840219,      5.20,      5.20,      5.20,      5.20,0,0,0,1,1,1,U2 
H4,840,2015,840220,      3.30,      3.30,      3.30,      3.30,0,0,0,1,1,1,U2 
H4,840,2015,840290,      4.30,      4.30,      4.30,      4.30,0,0,0,1,1,1,U2 
H4,840,2015,840310,      0.00,      0.00,      0.00,      0.00,0,1,0,0,1,1,U2 
H4,840,2015,840390,      0.00,      0.00,      0.00,      0.00,0,1,0,0,1,1,U2 
H4,840,2015,840410,      3.50,      3.50,      3.50,      3.50,0,0,0,1,1,1,U2 
H4,840,2015,840420,      5.60,      5.60,      5.60,      5.60,0,0,0,1,1,1,U2 
H4,840,2015,840490,      3.50,      3.50,      3.50,      3.50,0,0,0,1,1,1,U2 
H4,840,2015,840510,      0.00,      0.00,      0.00,      0.00,0,1,0,0,1,1,U2 
H4,840,2015,840590,      0.00,      0.00,      0.00,      0.00,0,1,0,0,1,1,U2 
H4,840,2015,840610,      6.70,      0.00,      6.70,      3.35,0,1,0,1,2,2,U2 
H4,840,2015,840681,      6.70,      0.00,      6.70,      3.35,0,1,0,1,2,2,U2 
H4,840,2015,840682,      6.70,      0.00,      6.70,      3.35,0,1,0,1,2,2,U2 
H4,840,2015,840690,     26.80,      0.00,      6.70,      3.35,0,4,0,4,8,8,U2 
H4,840,2015,840710,      0.00,      0.00,      0.00,      0.00,0,1,0,0,1,1,U2 
H4,840,2015,840721,      0.00,      0.00,      0.00,      0.00,0,1,0,0,1,1,U2 
H4,840,2015,840729,      0.00,      0.00,      0.00,      0.00,0,1,0,0,1,1,U2 
H4,840,2015,840731,      0.00,      0.00,      0.00,      0.00,0,1,0,0,1,1,U2 
H4,840,2015,840732,      0.00,      0.00,      0.00,      0.00,0,3,0,0,3,3,U2 
H4,840,2015,840733,      2.50,      0.00,      2.50,      0.63,0,3,0,1,4,4,U2 
H4,840,2015,840734,     10.00,      0.00,      2.50,      1.25,0,4,0,4,8,8,U2 
H4,840,2015,840790,      0.00,      0.00,      0.00,      0.00,0,2,0,0,2,2,U2 
H4,840,2015,840810,      2.50,      2.50,      2.50,      2.50,0,0,0,1,1,1,U2 
H4,840,2015,840820,      5.00,      0.00,      2.50,      1.67,0,1,0,2,3,3,U2 
H4,840,2015,840890,      0.00,      0.00,      0.00,      0.00,0,2,0,0,2,2,U2 
H4,840,2015,840910,      0.00,      0.00,      0.00,      0.00,0,1,0,0,1,1,U2 
H4,840,2015,840991,     10.00,      0.00,      2.50,      2.00,0,1,0,4,5,5,U2 
H4,840,2015,840999,      5.00,      0.00,      2.50,      1.25,0,2,0,2,4,4,U2 
H4,840,2015,841011,      3.80,      3.80,      3.80,      3.80,0,0,0,1,1,1,U2 
H4,840,2015,841012,      3.80,      3.80,      3.80,      3.80,0,0,0,1,1,1,U2 
H4,840,2015,841013,      3.80,      3.80,      3.80,      3.80,0,0,0,1,1,1,U2 
H4,840,2015,841090,      3.80,      3.80,      3.80,      3.80,0,0,0,1,1,1,U2 
H4,840,2015,841111,      0.00,      0.00,      0.00,      0.00,0,2,0,0,2,2,U2 
H4,840,2015,841112,      0.00,      0.00,      0.00,      0.00,0,2,0,0,2,2,U2 
H4,840,2015,841121,      0.00,      0.00,      0.00,      0.00,0,2,0,0,2,2,U2 
H4,840,2015,841122,      0.00,      0.00,      0.00,      0.00,0,2,0,0,2,2,U2 
H4,840,2015,841181,      2.50,      0.00,      2.50,      1.25,0,1,0,1,2,2,U2 
H4,840,2015,841182,      2.50,      0.00,      2.50,      1.25,0,1,0,1,2,2,U2 
H4,840,2015,841191,      0.00,      0.00,      0.00,      0.00,0,2,0,0,2,2,U2 
H4,840,2015,841199,      2.40,      0.00,      2.40,      1.20,0,1,0,1,2,2,U2 
H4,840,2015,841210,      0.00,      0.00,      0.00,      0.00,0,1,0,0,1,1,U2 
H4,840,2015,841221,      0.00,      0.00,      0.00,      0.00,0,1,0,0,1,1,U2 
H4,840,2015,841229,      0.00,      0.00,      0.00,      0.00,0,2,0,0,2,2,U2 
H4,840,2015,841231,      0.00,      0.00,      0.00,      0.00,0,1,0,0,1,1,U2 
H4,840,2015,841239,      0.00,      0.00,      0.00,      0.00,0,1,0,0,1,1,U2 
H4,840,2015,841280,      0.00,      0.00,      0.00,      0.00,0,2,0,0,2,2,U2 
H4,840,2015,841290,      0.00,      0.00,      0.00,      0.00,0,2,0,0,2,2,U2 
H4,840,2015,841311,      0.00,      0.00,      0.00,      0.00,0,1,0,0,1,1,U2 
H4,840,2015,841319,      0.00,      0.00,      0.00,      0.00,0,1,0,0,1,1,U2 
H4,840,2015,841320,      0.00,      0.00,      0.00,      0.00,0,1,0,0,1,1,U2 
H4,840,2015,841330,      5.00,      2.50,      2.50,      2.50,0,0,0,2,2,2,U2 
H4,840,2015,841340,      0.00,      0.00,      0.00,      0.00,0,1,0,0,1,1,U2 
H4,840,2015,841350,      0.00,      0.00,      0.00,      0.00,0,1,0,0,1,1,U2 
H4,840,2015,841360,      0.00,      0.00,      0.00,      0.00,0,1,0,0,1,1,U2 
H4,840,2015,841370,      0.00,      0.00,      0.00,      0.00,0,2,0,0,2,2,U2 
H4,840,2015,841381,      0.00,      0.00,      0.00,      0.00,0,1,0,0,1,1,U2 
H4,840,2015,841382,      0.00,      0.00,      0.00,      0.00,0,1,0,0,1,1,U2 
H4,840,2015,841391,      2.50,      0.00,      2.50,      0.83,0,2,0,1,3,3,U2 
H4,840,2015,841392,      0.00,      0.00,      0.00,      0.00,0,1,0,0,1,1,U2 
H4,840,2015,841410,      2.50,      2.50,      2.50,      2.50,0,0,0,1,1,1,U2 
H4,840,2015,841420,      3.70,      3.70,      3.70,      3.70,0,0,0,1,1,1,U2 
H4,840,2015,841430,      0.00,      0.00,      0.00,      0.00,0,2,0,0,2,2,U2 
H4,840,2015,841440,      2.70,      2.70,      2.70,      2.70,0,0,0,1,1,1,U2 
H4,840,2015,841451,      9.40,      4.70,      4.70,      4.70,0,0,0,2,2,2,U2 
H4,840,2015,841459,      4.60,      0.00,      2.30,      1.53,0,1,0,2,3,3,U2 
H4,840,2015,841460,      0.00,      0.00,      0.00,      0.00,0,1,0,0,1,1,U2 
H4,840,2015,841480,      3.70,      0.00,      3.70,      0.93,0,3,0,1,4,4,U2 
H4,840,2015,841490,      4.70,      0.00,      4.70,      1.17,0,3,0,1,4,4,U2 
H4,840,2015,841510,      3.20,      0.00,      2.20,      1.07,0,1,0,2,3,3,U2 
H4,840,2015,841520,      1.40,      1.40,      1.40,      1.40,0,0,0,1,1,1,U2 
H4,840,2015,841581,      1.00,      1.00,      1.00,      1.00,0,0,0,1,1,1,U2 
H4,840,2015,841582,      2.20,      2.20,      2.20,      2.20,0,0,0,1,1,1,U2 
H4,840,2015,841583,      1.40,      1.40,      1.40,      1.40,0,0,0,1,1,1,U2 
H4,840,2015,841590,      2.80,      1.40,      1.40,      1.40,0,0,0,2,2,2,U2 
H4,840,2015,841610,      0.00,      0.00,      0.00,      0.00,0,1,0,0,1,1,U2 
H4,840,2015,841620,      0.00,      0.00,      0.00,      0.00,0,1,0,0,1,1,U2 
H4,840,2015,841630,      0.00,      0.00,      0.00,      0.00,0,1,0,0,1,1,U2 
H4,840,2015,841690,      0.00,      0.00,      0.00,      0.00,0,1,0,0,1,1,U2 
H4,840,2015,841710,      2.90,      2.90,      2.90,      2.90,0,0,0,1,1,1,U2 
H4,840,2015,841720,      3.50,      3.50,      3.50,      3.50,0,0,0,1,1,1,U2 
H4,840,2015,841780,      3.90,      3.90,      3.90,      3.90,0,0,0,1,1,1,U2 
H4,840,2015,841790,      3.90,      3.90,      3.90,      3.90,0,0,0,1,1,1,U2 
H4,840,2015,841810,      0.00,      0.00,      0.00,      0.00,0,1,0,0,1,1,U2 
H4,840,2015,841821,      0.00,      0.00,      0.00,      0.00,0,1,0,0,1,1,U2 
H4,840,2015,841829,      2.90,      1.00,      1.90,      1.45,0,0,0,2,2,2,U2 
H4,840,2015,841830,      0.00,      0.00,      0.00,      0.00,0,1,0,0,1,1,U2 
H4,840,2015,841840,      0.00,      0.00,      0.00,      0.00,0,1,0,0,1,1,U2 
H4,840,2015,841850,      0.00,      0.00,      0.00,      0.00,0,1,0,0,1,1,U2 
H4,840,2015,841861,      0.00,      0.00,      0.00,      0.00,0,1,0,0,1,1,U2 
H4,840,2015,841869,      0.00,      0.00,      0.00,      0.00,0,1,0,0,1,1,U2 
H4,840,2015,841891,      0.00,      0.00,      0.00,      0.00,0,1,0,0,1,1,U2 
H4,840,2015,841899,      0.00,      0.00,      0.00,      0.00,0,2,0,0,2,2,U2 
H4,840,2015,841911,      0.00,      0.00,      0.00,      0.00,0,1,0,0,1,1,U2 
H4,840,2015,841919,      0.00,      0.00,      0.00,      0.00,0,1,0,0,1,1,U2 
H4,840,2015,841920,      0.00,      0.00,      0.00,      0.00,0,1,0,0,1,1,U2 
H4,840,2015,841931,      0.00,      0.00,      0.00,      0.00,0,1,0,0,1,1,U2 
H4,840,2015,841932,      0.00,      0.00,      0.00,      0.00,0,2,0,0,2,2,U2 
H4,840,2015,841939,      0.00,      0.00,      0.00,      0.00,0,1,0,0,1,1,U2 
H4,840,2015,841940,      0.00,      0.00,      0.00,      0.00,0,1,0,0,1,1,U2 
H4,840,2015,841950,      4.20,      0.00,      4.20,      2.10,0,1,0,1,2,2,U2 
H4,840,2015,841960,      4.20,      0.00,      4.20,      2.10,0,1,0,1,2,2,U2 
H4,840,2015,841981,      0.00,      0.00,      0.00,      0.00,0,2,0,0,2,2,U2 
H4,840,2015,841989,      4.20,      0.00,      4.20,      1.40,0,2,0,1,3,3,U2 
H4,840,2015,841990,      4.00,      0.00,      4.00,      0.67,0,5,0,1,6,6,U2 
H4,840,2015,842010,      3.50,      0.00,      3.50,      1.17,0,2,0,1,3,3,U2 
H4,840,2015,842091,      2.60,      0.00,      2.60,      0.87,0,2,0,1,3,3,U2 
H4,840,2015,842099,      3.50,      0.00,      3.50,      1.17,0,2,0,1,3,3,U2 
H4,840,2015,842111,      0.00,      0.00,      0.00,      0.00,0,1,0,0,1,1,U2 
H4,840,2015,842112,      0.00,      0.00,      0.00,      0.00,0,1,0,0,1,1,U2 
H4,840,2015,842119,      1.30,      1.30,      1.30,      1.30,0,0,0,1,1,1,U2 
H4,840,2015,842121,      0.00,      0.00,      0.00,      0.00,0,1,0,0,1,1,U2 
H4,840,2015,842122,      0.00,      0.00,      0.00,      0.00,0,1,0,0,1,1,U2 
H4,840,2015,842123,      2.50,      2.50,      2.50,      2.50,0,0,0,1,1,1,U2 
H4,840,2015,842129,      0.00,      0.00,      0.00,      0.00,0,1,0,0,1,1,U2 
H4,840,2015,842131,      2.50,      2.50,      2.50,      2.50,0,0,0,1,1,1,U2 
H4,840,2015,842139,      0.00,      0.00,      0.00,      0.00,0,2,0,0,2,2,U2 
H4,840,2015,842191,      0.00,      0.00,      0.00,      0.00,0,3,0,0,3,3,U2 
H4,840,2015,842199,      0.00,      0.00,      0.00,      0.00,0,1,0,0,1,1,U2 
H4,840,2015,842211,      2.40,      2.40,      2.40,      2.40,0,0,0,1,1,1,U2 
H4,840,2015,842219,      0.00,      0.00,      0.00,      0.00,0,1,0,0,1,1,U2 
H4,840,2015,842220,      0.00,      0.00,      0.00,      0.00,0,1,0,0,1,1,U2 
H4,840,2015,842230,      0.00,      0.00,      0.00,      0.00,0,2,0,0,2,2,U2 
H4,840,2015,842240,      0.00,      0.00,      0.00,      0.00,0,2,0,0,2,2,U2 
H4,840,2015,842290,      0.00,      0.00,      0.00,      0.00,0,6,0,0,6,6,U2 
H4,840,2015,842310,      0.00,      0.00,      0.00,      0.00,0,1,0,0,1,1,U2 
H4,840,2015,842320,      2.90,      2.90,      2.90,      2.90,0,0,0,1,1,1,U2 
H4,840,2015,842330,      0.00,      0.00,      0.00,      0.00,0,1,0,0,1,1,U2 
H4,840,2015,842381,      0.00,      0.00,      0.00,      0.00,0,1,0,0,1,1,U2 
H4,840,2015,842382,      0.00,      0.00,      0.00,      0.00,0,1,0,0,1,1,U2 
H4,840,2015,842389,      2.90,      2.90,      2.90,      2.90,0,0,0,1,1,1,U2 
H4,840,2015,842390,      2.80,      2.80,      2.80,      2.80,0,0,0,1,1,1,U2 
H4,840,2015,842410,      0.00,      0.00,      0.00,      0.00,0,1,0,0,1,1,U2 
H4,840,2015,842420,      2.90,      0.00,      2.90,      1.45,0,1,0,1,2,2,U2 
H4,840,2015,842430,      0.00,      0.00,      0.00,      0.00,0,2,0,0,2,2,U2 
H4,840,2015,842481,      2.40,      0.00,      2.40,      1.20,0,1,0,1,2,2,U2 
H4,840,2015,842489,      1.80,      1.80,      1.80,      1.80,0,0,0,1,1,1,U2 
H4,840,2015,842490,      2.90,      0.00,      2.90,      0.73,0,3,0,1,4,4,U2 
H4,840,2015,842511,      0.00,      0.00,      0.00,      0.00,0,1,0,0,1,1,U2 
H4,840,2015,842519,      0.00,      0.00,      0.00,      0.00,0,1,0,0,1,1,U2 
H4,840,2015,842531,      0.00,      0.00,      0.00,      0.00,0,1,0,0,1,1,U2 
H4,840,2015,842539,      0.00,      0.00,      0.00,      0.00,0,1,0,0,1,1,U2 
H4,840,2015,842541,      0.00,      0.00,      0.00,      0.00,0,1,0,0,1,1,U2 
H4,840,2015,842542,      0.00,      0.00,      0.00,      0.00,0,1,0,0,1,1,U2 
H4,840,2015,842549,      0.00,      0.00,      0.00,      0.00,0,1,0,0,1,1,U2 
H4,840,2015,842611,      0.00,      0.00,      0.00,      0.00,0,1,0,0,1,1,U2 
H4,840,2015,842612,      0.00,      0.00,      0.00,      0.00,0,1,0,0,1,1,U2 
H4,840,2015,842619,      0.00,      0.00,      0.00,      0.00,0,1,0,0,1,1,U2 
H4,840,2015,842620,      0.00,      0.00,      0.00,      0.00,0,1,0,0,1,1,U2 
H4,840,2015,842630,      0.00,      0.00,      0.00,      0.00,0,1,0,0,1,1,U2 
H4,840,2015,842641,      0.00,      0.00,      0.00,      0.00,0,1,0,0,1,1,U2 
H4,840,2015,842649,      0.00,      0.00,      0.00,      0.00,0,1,0,0,1,1,U2 
H4,840,2015,842691,      0.00,      0.00,      0.00,      0.00,0,1,0,0,1,1,U2 
H4,840,2015,842699,      0.00,      0.00,      0.00,      0.00,0,1,0,0,1,1,U2 
H4,840,2015,842710,      0.00,      0.00,      0.00,      0.00,0,2,0,0,2,2,U2 
H4,840,2015,842720,      0.00,      0.00,      0.00,      0.00,0,2,0,0,2,2,U2 
H4,840,2015,842790,      0.00,      0.00,      0.00,      0.00,0,1,0,0,1,1,U2 
H4,840,2015,842810,      0.00,      0.00,      0.00,      0.00,0,1,0,0,1,1,U2 
H4,840,2015,842820,      0.00,      0.00,      0.00,      0.00,0,1,0,0,1,1,U2 
H4,840,2015,842831,      0.00,      0.00,      0.00,      0.00,0,1,0,0,1,1,U2 
H4,840,2015,842832,      0.00,      0.00,      0.00,      0.00,0,1,0,0,1,1,U2 
H4,840,2015,842833,      0.00,      0.00,      0.00,      0.00,0,1,0,0,1,1,U2 
H4,840,2015,842839,      0.00,      0.00,      0.00,      0.00,0,1,0,0,1,1,U2 
H4,840,2015,842840,      0.00,      0.00,      0.00,      0.00,0,1,0,0,1,1,U2 
H4,840,2015,842860,      0.00,      0.00,      0.00,      0.00,0,1,0,0,1,1,U2 
H4,840,2015,842890,      0.00,      0.00,      0.00,      0.00,0,1,0,0,1,1,U2 
H4,840,2015,842911,      0.00,      0.00,      0.00,      0.00,0,1,0,0,1,1,U2 
H4,840,2015,842919,      0.00,      0.00,      0.00,      0.00,0,1,0,0,1,1,U2 
H4,840,2015,842920,      0.00,      0.00,      0.00,      0.00,0,1,0,0,1,1,U2 
H4,840,2015,842930,      0.00,      0.00,      0.00,      0.00,0,1,0,0,1,1,U2 
H4,840,2015,842940,      0.00,      0.00,      0.00,      0.00,0,1,0,0,1,1,U2 
H4,840,2015,842951,      0.00,      0.00,      0.00,      0.00,0,2,0,0,2,2,U2 
H4,840,2015,842952,      0.00,      0.00,      0.00,      0.00,0,2,0,0,2,2,U2 
H4,840,2015,842959,      0.00,      0.00,      0.00,      0.00,0,2,0,0,2,2,U2 
H4,840,2015,843010,      0.00,      0.00,      0.00,      0.00,0,1,0,0,1,1,U2 
H4,840,2015,843020,      0.00,      0.00,      0.00,      0.00,0,1,0,0,1,1,U2 
H4,840,2015,843031,      0.00,      0.00,      0.00,      0.00,0,1,0,0,1,1,U2 
H4,840,2015,843039,      0.00,      0.00,      0.00,      0.00,0,1,0,0,1,1,U2 
H4,840,2015,843041,      0.00,      0.00,      0.00,      0.00,0,1,0,0,1,1,U2 
H4,840,2015,843049,      0.00,      0.00,      0.00,      0.00,0,2,0,0,2,2,U2 
H4,840,2015,843050,      0.00,      0.00,      0.00,      0.00,0,2,0,0,2,2,U2 
H4,840,2015,843061,      0.00,      0.00,      0.00,      0.00,0,1,0,0,1,1,U2 
H4,840,2015,843069,      0.00,      0.00,      0.00,      0.00,0,1,0,0,1,1,U2 
H4,840,2015,843110,      0.00,      0.00,      0.00,      0.00,0,1,0,0,1,1,U2 
H4,840,2015,843120,      0.00,      0.00,      0.00,      0.00,0,1,0,0,1,1,U2 
H4,840,2015,843131,      0.00,      0.00,      0.00,      0.00,0,1,0,0,1,1,U2 
H4,840,2015,843139,      0.00,      0.00,      0.00,      0.00,0,1,0,0,1,1,U2 
H4,840,2015,843141,      0.00,      0.00,      0.00,      0.00,0,1,0,0,1,1,U2 
H4,840,2015,843142,      0.00,      0.00,      0.00,      0.00,0,1,0,0,1,1,U2 
H4,840,2015,843143,      0.00,      0.00,      0.00,      0.00,0,2,0,0,2,2,U2 
H4,840,2015,843149,      0.00,      0.00,      0.00,      0.00,0,2,0,0,2,2,U2 
H4,840,2015,843210,      0.00,      0.00,      0.00,      0.00,0,1,0,0,1,1,U2 
H4,840,2015,843221,      0.00,      0.00,      0.00,      0.00,0,1,0,0,1,1,U2 
H4,840,2015,843229,      0.00,      0.00,      0.00,      0.00,0,1,0,0,1,1,U2 
H4,840,2015,843230,      0.00,      0.00,      0.00,      0.00,0,1,0,0,1,1,U2 
H4,840,2015,843240,      0.00,      0.00,      0.00,      0.00,0,1,0,0,1,1,U2 
H4,840,2015,843280,      0.00,      0.00,      0.00,      0.00,0,1,0,0,1,1,U2 
H4,840,2015,843290,      0.00,      0.00,      0.00,      0.00,0,1,0,0,1,1,U2 
H4,840,2015,843311,      0.00,      0.00,      0.00,      0.00,0,1,0,0,1,1,U2 
H4,840,2015,843319,      0.00,      0.00,      0.00,      0.00,0,1,0,0,1,1,U2 
H4,840,2015,843320,      0.00,      0.00,      0.00,      0.00,0,1,0,0,1,1,U2 
H4,840,2015,843330,      0.00,      0.00,      0.00,      0.00,0,1,0,0,1,1,U2 
H4,840,2015,843340,      0.00,      0.00,      0.00,      0.00,0,1,0,0,1,1,U2 
H4,840,2015,843351,      0.00,      0.00,      0.00,      0.00,0,1,0,0,1,1,U2 
H4,840,2015,843352,      0.00,      0.00,      0.00,      0.00,0,1,0,0,1,1,U2 
H4,840,2015,843353,      0.00,      0.00,      0.00,      0.00,0,1,0,0,1,1,U2 
H4,840,2015,843359,      0.00,      0.00,      0.00,      0.00,0,1,0,0,1,1,U2 
H4,840,2015,843360,      0.00,      0.00,      0.00,      0.00,0,1,0,0,1,1,U2 
H4,840,2015,843390,      0.00,      0.00,      0.00,      0.00,0,2,0,0,2,2,U2 
H4,840,2015,843410,      0.00,      0.00,      0.00,      0.00,0,1,0,0,1,1,U2 
H4,840,2015,843420,      0.00,      0.00,      0.00,      0.00,0,1,0,0,1,1,U2 
H4,840,2015,843490,      0.00,      0.00,      0.00,      0.00,0,1,0,0,1,1,U2 
H4,840,2015,843510,      0.00,      0.00,      0.00,      0.00,0,1,0,0,1,1,U2 
H4,840,2015,843590,      0.00,      0.00,      0.00,      0.00,0,1,0,0,1,1,U2 
H4,840,2015,843610,      0.00,      0.00,      0.00,      0.00,0,1,0,0,1,1,U2 
H4,840,2015,843621,      0.00,      0.00,      0.00,      0.00,0,1,0,0,1,1,U2 
H4,840,2015,843629,      0.00,      0.00,      0.00,      0.00,0,1,0,0,1,1,U2 
H4,840,2015,843680,      0.00,      0.00,      0.00,      0.00,0,1,0,0,1,1,U2 
H4,840,2015,843691,      0.00,      0.00,      0.00,      0.00,0,1,0,0,1,1,U2 
H4,840,2015,843699,      0.00,      0.00,      0.00,      0.00,0,1,0,0,1,1,U2 
H4,840,2015,843710,      0.00,      0.00,      0.00,      0.00,0,1,0,0,1,1,U2 
H4,840,2015,843780,      0.00,      0.00,      0.00,      0.00,0,1,0,0,1,1,U2 
H4,840,2015,843790,      0.00,      0.00,      0.00,      0.00,0,1,0,0,1,1,U2 
H4,840,2015,843810,      0.00,      0.00,      0.00,      0.00,0,1,0,0,1,1,U2 
H4,840,2015,843820,      0.00,      0.00,      0.00,      0.00,0,1,0,0,1,1,U2 
H4,840,2015,843830,      0.00,      0.00,      0.00,      0.00,0,1,0,0,1,1,U2 
H4,840,2015,843840,      2.30,      2.30,      2.30,      2.30,0,0,0,1,1,1,U2 
H4,840,2015,843850,      2.80,      2.80,      2.80,      2.80,0,0,0,1,1,1,U2 
H4,840,2015,843860,      0.00,      0.00,      0.00,      0.00,0,1,0,0,1,1,U2 
H4,840,2015,843880,      0.00,      0.00,      0.00,      0.00,0,1,0,0,1,1,U2 
H4,840,2015,843890,      2.80,      0.00,      2.80,      1.40,0,1,0,1,2,2,U2 
H4,840,2015,843910,      0.00,      0.00,      0.00,      0.00,0,1,0,0,1,1,U2 
H4,840,2015,843920,      0.00,      0.00,      0.00,      0.00,0,1,0,0,1,1,U2 
H4,840,2015,843930,      0.00,      0.00,      0.00,      0.00,0,1,0,0,1,1,U2 
H4,840,2015,843991,      0.00,      0.00,      0.00,      0.00,0,2,0,0,2,2,U2 
H4,840,2015,843999,      0.00,      0.00,      0.00,      0.00,0,2,0,0,2,2,U2 
H4,840,2015,844010,      0.00,      0.00,      0.00,      0.00,0,1,0,0,1,1,U2 
H4,840,2015,844090,      0.00,      0.00,      0.00,      0.00,0,1,0,0,1,1,U2 
H4,840,2015,844110,      0.00,      0.00,      0.00,      0.00,0,1,0,0,1,1,U2 
H4,840,2015,844120,      0.00,      0.00,      0.00,      0.00,0,1,0,0,1,1,U2 
H4,840,2015,844130,      0.00,      0.00,      0.00,      0.00,0,1,0,0,1,1,U2 
H4,840,2015,844140,      0.00,      0.00,      0.00,      0.00,0,1,0,0,1,1,U2 
H4,840,2015,844180,      0.00,      0.00,      0.00,      0.00,0,1,0,0,1,1,U2 
H4,840,2015,844190,      0.00,      0.00,      0.00,      0.00,0,1,0,0,1,1,U2 
H4,840,2015,844230,      0.00,      0.00,      0.00,      0.00,0,1,0,0,1,1,U2 
H4,840,2015,844240,      0.00,      0.00,      0.00,      0.00,0,1,0,0,1,1,U2 
H4,840,2015,844250,      4.00,      0.00,      4.00,      2.00,0,1,0,1,2,2,U2 
H4,840,2015,844311,      3.30,      0.00,      3.30,      1.65,0,1,0,1,2,2,U2 
H4,840,2015,844312,      0.00,      0.00,      0.00,      0.00,0,1,0,0,1,1,U2 
H4,840,2015,844313,      0.00,      0.00,      0.00,      0.00,0,1,0,0,1,1,U2 
H4,840,2015,844314,      2.20,      2.20,      2.20,      2.20,0,0,0,1,1,1,U2 
H4,840,2015,844315,      0.00,      0.00,      0.00,      0.00,0,1,0,0,1,1,U2 
H4,840,2015,844316,      2.20,      2.20,      2.20,      2.20,0,0,0,1,1,1,U2 
H4,840,2015,844317,      2.20,      2.20,      2.20,      2.20,0,0,0,1,1,1,U2 
H4,840,2015,844319,      2.60,      0.00,      2.60,      1.30,0,1,0,1,2,2,U2 
H4,840,2015,844331,      0.00,      0.00,      0.00,      0.00,0,1,0,0,1,1,U2 
H4,840,2015,844332,      0.00,      0.00,      0.00,      0.00,0,2,0,0,2,2,U2 
H4,840,2015,844339,      7.30,      0.00,      3.70,      1.04,0,4,0,3,7,7,U2 
H4,840,2015,844391,      2.60,      0.00,      2.60,      0.87,0,2,0,1,3,3,U2 
H4,840,2015,844399,      0.00,      0.00,      0.00,      0.00,0,8,0,0,8,8,U2 
H4,840,2015,844400,      0.00,      0.00,      0.00,      0.00,0,1,0,0,1,1,U2 
H4,840,2015,844511,      0.00,      0.00,      0.00,      0.00,0,1,0,0,1,1,U2 
H4,840,2015,844512,      0.00,      0.00,      0.00,      0.00,0,1,0,0,1,1,U2 
H4,840,2015,844513,      0.00,      0.00,      0.00,      0.00,0,1,0,0,1,1,U2 
H4,840,2015,844519,      3.30,      3.30,      3.30,      3.30,0,0,0,1,1,1,U2 
H4,840,2015,844520,      0.00,      0.00,      0.00,      0.00,0,1,0,0,1,1,U2 
H4,840,2015,844530,      0.00,      0.00,      0.00,      0.00,0,1,0,0,1,1,U2 
H4,840,2015,844540,      3.70,      3.70,      3.70,      3.70,0,0,0,1,1,1,U2 
H4,840,2015,844590,      3.70,      3.70,      3.70,      3.70,0,0,0,1,1,1,U2 
H4,840,2015,844610,      0.00,      0.00,      0.00,      0.00,0,1,0,0,1,1,U2 
H4,840,2015,844621,      3.70,      0.00,      3.70,      1.85,0,1,0,1,2,2,U2 
H4,840,2015,844629,      0.00,      0.00,      0.00,      0.00,0,1,0,0,1,1,U2 
H4,840,2015,844630,      3.70,      0.00,      3.70,      1.85,0,1,0,1,2,2,U2 
H4,840,2015,844711,      0.00,      0.00,      0.00,      0.00,0,2,0,0,2,2,U2 
H4,840,2015,844712,      0.00,      0.00,      0.00,      0.00,0,2,0,0,2,2,U2 
H4,840,2015,844720,      2.60,      0.00,      2.60,      0.65,0,3,0,1,4,4,U2 
H4,840,2015,844790,      0.00,      0.00,      0.00,      0.00,0,3,0,0,3,3,U2 
H4,840,2015,844811,      0.00,      0.00,      0.00,      0.00,0,1,0,0,1,1,U2 
H4,840,2015,844819,      0.00,      0.00,      0.00,      0.00,0,1,0,0,1,1,U2 
H4,840,2015,844820,      7.00,      3.30,      3.70,      3.50,0,0,0,2,2,2,U2 
H4,840,2015,844831,      3.30,      3.30,      3.30,      3.30,0,0,0,1,1,1,U2 
H4,840,2015,844832,      0.00,      0.00,      0.00,      0.00,0,1,0,0,1,1,U2 
H4,840,2015,844833,      3.30,      3.30,      3.30,      3.30,0,0,0,1,1,1,U2 
H4,840,2015,844839,      3.70,      0.00,      3.70,      1.23,0,2,0,1,3,3,U2 
H4,840,2015,844842,      3.70,      3.70,      3.70,      3.70,0,0,0,1,1,1,U2 
H4,840,2015,844849,      3.70,      0.00,      3.70,      1.85,0,1,0,1,2,2,U2 
H4,840,2015,844851,      0.00,      0.00,      0.00,      0.00,0,4,0,0,4,4,U2 
H4,840,2015,844859,      0.00,      0.00,      0.00,      0.00,0,2,0,0,2,2,U2 
H4,840,2015,844900,      2.60,      0.00,      2.60,      1.30,0,1,0,1,2,2,U2 
H4,840,2015,845011,      1.40,      1.40,      1.40,      1.40,0,0,0,1,1,1,U2 
H4,840,2015,845012,      2.60,      2.60,      2.60,      2.60,0,0,0,1,1,1,U2 
H4,840,2015,845019,      1.80,      1.80,      1.80,      1.80,0,0,0,1,1,1,U2 
H4,840,2015,845020,      1.00,      1.00,      1.00,      1.00,0,0,0,1,1,1,U2 
H4,840,2015,845090,      7.80,      2.60,      2.60,      2.60,0,0,0,3,3,3,U2 
H4,840,2015,845110,      0.00,      0.00,      0.00,      0.00,0,1,0,0,1,1,U2 
H4,840,2015,845121,      3.40,      3.40,      3.40,      3.40,0,0,0,1,1,1,U2 
H4,840,2015,845129,      2.60,      2.60,      2.60,      2.60,0,0,0,1,1,1,U2 
H4,840,2015,845130,      0.00,      0.00,      0.00,      0.00,0,1,0,0,1,1,U2 
H4,840,2015,845140,      3.50,      3.50,      3.50,      3.50,0,0,0,1,1,1,U2 
H4,840,2015,845150,      0.00,      0.00,      0.00,      0.00,0,1,0,0,1,1,U2 
H4,840,2015,845180,      3.50,      3.50,      3.50,      3.50,0,0,0,1,1,1,U2 
H4,840,2015,845190,     10.50,      3.50,      3.50,      3.50,0,0,0,3,3,3,U2 
H4,840,2015,845210,      0.00,      0.00,      0.00,      0.00,0,1,0,0,1,1,U2 
H4,840,2015,845221,      0.00,      0.00,      0.00,      0.00,0,2,0,0,2,2,U2 
H4,840,2015,845229,      0.00,      0.00,      0.00,      0.00,0,2,0,0,2,2,U2 
H4,840,2015,845230,      0.00,      0.00,      0.00,      0.00,0,1,0,0,1,1,U2 
H4,840,2015,845290,      2.50,      0.00,      2.50,      1.25,0,1,0,1,2,2,U2 
H4,840,2015,845310,      0.00,      0.00,      0.00,      0.00,0,1,0,0,1,1,U2 
H4,840,2015,845320,      0.00,      0.00,      0.00,      0.00,0,1,0,0,1,1,U2 
H4,840,2015,845380,      0.00,      0.00,      0.00,      0.00,0,1,0,0,1,1,U2 
H4,840,2015,845390,      0.00,      0.00,      0.00,      0.00,0,2,0,0,2,2,U2 
H4,840,2015,845410,      0.00,      0.00,      0.00,      0.00,0,1,0,0,1,1,U2 
H4,840,2015,845420,      0.00,      0.00,      0.00,      0.00,0,1,0,0,1,1,U2 
H4,840,2015,845430,      0.00,      0.00,      0.00,      0.00,0,1,0,0,1,1,U2 
H4,840,2015,845490,      0.00,      0.00,      0.00,      0.00,0,1,0,0,1,1,U2 
H4,840,2015,845510,      0.00,      0.00,      0.00,      0.00,0,1,0,0,1,1,U2 
H4,840,2015,845521,      0.00,      0.00,      0.00,      0.00,0,1,0,0,1,1,U2 
H4,840,2015,845522,      0.00,      0.00,      0.00,      0.00,0,1,0,0,1,1,U2 
H4,840,2015,845530,      0.00,      0.00,      0.00,      0.00,0,1,0,0,1,1,U2 
H4,840,2015,845590,      0.00,      0.00,      0.00,      0.00,0,2,0,0,2,2,U2 
H4,840,2015,845610,      5.90,      2.40,      3.50,      2.95,0,0,0,2,2,2,U2 
H4,840,2015,845620,      5.90,      2.40,      3.50,      2.95,0,0,0,2,2,2,U2 
H4,840,2015,845630,      5.90,      2.40,      3.50,      2.95,0,0,0,2,2,2,U2 
H4,840,2015,845690,      8.20,      2.20,      3.50,      2.73,0,0,0,3,3,3,U2 
H4,840,2015,845710,      4.20,      4.20,      4.20,      4.20,0,0,0,1,1,1,U2 
H4,840,2015,845720,      3.30,      3.30,      3.30,      3.30,0,0,0,1,1,1,U2 
H4,840,2015,845730,      3.30,      3.30,      3.30,      3.30,0,0,0,1,1,1,U2 
H4,840,2015,845811,      4.40,      4.40,      4.40,      4.40,0,0,0,1,1,1,U2 
H4,840,2015,845819,      4.40,      4.40,      4.40,      4.40,0,0,0,1,1,1,U2 
H4,840,2015,845891,      8.60,      4.20,      4.40,      4.30,0,0,0,2,2,2,U2 
H4,840,2015,845899,      8.60,      4.20,      4.40,      4.30,0,0,0,2,2,2,U2 
H4,840,2015,845910,      3.30,      3.30,      3.30,      3.30,0,0,0,1,1,1,U2 
H4,840,2015,845921,      4.20,      4.20,      4.20,      4.20,0,0,0,1,1,1,U2 
H4,840,2015,845929,      4.20,      4.20,      4.20,      4.20,0,0,0,1,1,1,U2 
H4,840,2015,845931,      4.20,      4.20,      4.20,      4.20,0,0,0,1,1,1,U2 
H4,840,2015,845939,      4.20,      4.20,      4.20,      4.20,0,0,0,1,1,1,U2 
H4,840,2015,845940,      4.20,      4.20,      4.20,      4.20,0,0,0,1,1,1,U2 
H4,840,2015,845951,      4.20,      4.20,      4.20,      4.20,0,0,0,1,1,1,U2 
H4,840,2015,845959,      4.20,      4.20,      4.20,      4.20,0,0,0,1,1,1,U2 
H4,840,2015,845961,      4.20,      4.20,      4.20,      4.20,0,0,0,1,1,1,U2 
H4,840,2015,845969,      4.20,      4.20,      4.20,      4.20,0,0,0,1,1,1,U2 
H4,840,2015,845970,      8.40,      4.20,      4.20,      4.20,0,0,0,2,2,2,U2 
H4,840,2015,846011,      4.40,      4.40,      4.40,      4.40,0,0,0,1,1,1,U2 
H4,840,2015,846019,      4.40,      4.40,      4.40,      4.40,0,0,0,1,1,1,U2 
H4,840,2015,846021,      4.40,      4.40,      4.40,      4.40,0,0,0,1,1,1,U2 
H4,840,2015,846029,      4.40,      4.40,      4.40,      4.40,0,0,0,1,1,1,U2 
H4,840,2015,846031,      4.40,      4.40,      4.40,      4.40,0,0,0,1,1,1,U2 
H4,840,2015,846039,      4.40,      4.40,      4.40,      4.40,0,0,0,1,1,1,U2 
H4,840,2015,846040,      8.80,      4.40,      4.40,      4.40,0,0,0,2,2,2,U2 
H4,840,2015,846090,      8.80,      4.40,      4.40,      4.40,0,0,0,2,2,2,U2 
H4,840,2015,846120,      8.80,      4.40,      4.40,      4.40,0,0,0,2,2,2,U2 
H4,840,2015,846130,      8.80,      4.40,      4.40,      4.40,0,0,0,2,2,2,U2 
H4,840,2015,846140,     10.20,      4.40,      5.80,      5.10,0,0,0,2,2,2,U2 
H4,840,2015,846150,      8.80,      4.40,      4.40,      4.40,0,0,0,2,2,2,U2 
H4,840,2015,846190,      8.80,      4.40,      4.40,      4.40,0,0,0,2,2,2,U2 
H4,840,2015,846210,      4.40,      4.40,      4.40,      4.40,0,0,0,1,1,1,U2 
H4,840,2015,846221,      4.40,      4.40,      4.40,      4.40,0,0,0,1,1,1,U2 
H4,840,2015,846229,      4.40,      4.40,      4.40,      4.40,0,0,0,1,1,1,U2 
H4,840,2015,846231,      4.40,      4.40,      4.40,      4.40,0,0,0,1,1,1,U2 
H4,840,2015,846239,      4.40,      4.40,      4.40,      4.40,0,0,0,1,1,1,U2 
H4,840,2015,846241,      4.40,      4.40,      4.40,      4.40,0,0,0,1,1,1,U2 
H4,840,2015,846249,      4.40,      4.40,      4.40,      4.40,0,0,0,1,1,1,U2 
H4,840,2015,846291,      8.80,      4.40,      4.40,      4.40,0,0,0,2,2,2,U2 
H4,840,2015,846299,      8.80,      4.40,      4.40,      4.40,0,0,0,2,2,2,U2 
H4,840,2015,846310,      4.40,      4.40,      4.40,      4.40,0,0,0,1,1,1,U2 
H4,840,2015,846320,      4.40,      4.40,      4.40,      4.40,0,0,0,1,1,1,U2 
H4,840,2015,846330,      4.40,      4.40,      4.40,      4.40,0,0,0,1,1,1,U2 
H4,840,2015,846390,      4.40,      4.40,      4.40,      4.40,0,0,0,1,1,1,U2 
H4,840,2015,846410,      0.00,      0.00,      0.00,      0.00,0,1,0,0,1,1,U2 
H4,840,2015,846420,      2.00,      2.00,      2.00,      2.00,0,0,0,1,1,1,U2 
H4,840,2015,846490,      2.00,      2.00,      2.00,      2.00,0,0,0,1,1,1,U2 
H4,840,2015,846510,      2.40,      2.40,      2.40,      2.40,0,0,0,1,1,1,U2 
H4,840,2015,846591,      3.00,      3.00,      3.00,      3.00,0,0,0,1,1,1,U2 
H4,840,2015,846592,      3.00,      3.00,      3.00,      3.00,0,0,0,1,1,1,U2 
H4,840,2015,846593,      3.00,      3.00,      3.00,      3.00,0,0,0,1,1,1,U2 
H4,840,2015,846594,      2.90,      2.90,      2.90,      2.90,0,0,0,1,1,1,U2 
H4,840,2015,846595,      3.00,      3.00,      3.00,      3.00,0,0,0,1,1,1,U2 
H4,840,2015,846596,      2.40,      2.40,      2.40,      2.40,0,0,0,1,1,1,U2 
H4,840,2015,846599,      2.40,      2.40,      2.40,      2.40,0,0,0,1,1,1,U2 
H4,840,2015,846610,      3.90,      3.90,      3.90,      3.90,0,0,0,1,1,1,U2 
H4,840,2015,846620,      8.30,      3.70,      4.60,      4.15,0,0,0,2,2,2,U2 
H4,840,2015,846630,     14.60,      2.90,      8.00,      4.87,0,0,0,3,3,3,U2 
H4,840,2015,846691,      0.00,      0.00,      0.00,      0.00,0,2,0,0,2,2,U2 
H4,840,2015,846692,      4.70,      0.00,      4.70,      2.35,0,1,0,1,2,2,U2 
H4,840,2015,846693,     21.00,      0.00,      5.80,      3.00,0,3,0,4,7,7,U2 
H4,840,2015,846694,      9.40,      0.00,      4.70,      2.35,0,2,0,2,4,4,U2 
H4,840,2015,846711,      4.50,      0.00,      4.50,      2.25,0,1,0,1,2,2,U2 
H4,840,2015,846719,      4.50,      0.00,      4.50,      2.25,0,1,0,1,2,2,U2 
H4,840,2015,846721,      1.70,      1.70,      1.70,      1.70,0,0,0,1,1,1,U2 
H4,840,2015,846722,      0.00,      0.00,      0.00,      0.00,0,1,0,0,1,1,U2 
H4,840,2015,846729,      0.00,      0.00,      0.00,      0.00,0,1,0,0,1,1,U2 
H4,840,2015,846781,      0.00,      0.00,      0.00,      0.00,0,1,0,0,1,1,U2 
H4,840,2015,846789,      0.00,      0.00,      0.00,      0.00,0,2,0,0,2,2,U2 
H4,840,2015,846791,      0.00,      0.00,      0.00,      0.00,0,1,0,0,1,1,U2 
H4,840,2015,846792,      0.00,      0.00,      0.00,      0.00,0,1,0,0,1,1,U2 
H4,840,2015,846799,      0.00,      0.00,      0.00,      0.00,0,1,0,0,1,1,U2 
H4,840,2015,846810,      2.90,      2.90,      2.90,      2.90,0,0,0,1,1,1,U2 
H4,840,2015,846820,      3.90,      0.00,      3.90,      1.95,0,1,0,1,2,2,U2 
H4,840,2015,846880,      2.90,      0.00,      2.90,      1.45,0,1,0,1,2,2,U2 
H4,840,2015,846890,      2.90,      0.00,      2.90,      1.45,0,1,0,1,2,2,U2 
H4,840,2015,846900,      0.00,      0.00,      0.00,      0.00,0,1,0,0,1,1,U2 
H4,840,2015,847010,      0.00,      0.00,      0.00,      0.00,0,1,0,0,1,1,U2 
H4,840,2015,847021,      0.00,      0.00,      0.00,      0.00,0,1,0,0,1,1,U2 
H4,840,2015,847029,      0.00,      0.00,      0.00,      0.00,0,1,0,0,1,1,U2 
H4,840,2015,847030,      0.00,      0.00,      0.00,      0.00,0,1,0,0,1,1,U2 
H4,840,2015,847050,      0.00,      0.00,      0.00,      0.00,0,1,0,0,1,1,U2 
H4,840,2015,847090,      0.00,      0.00,      0.00,      0.00,0,1,0,0,1,1,U2 
H4,840,2015,847130,      0.00,      0.00,      0.00,      0.00,0,1,0,0,1,1,U2 
H4,840,2015,847141,      0.00,      0.00,      0.00,      0.00,0,1,0,0,1,1,U2 
H4,840,2015,847149,      0.00,      0.00,      0.00,      0.00,0,1,0,0,1,1,U2 
H4,840,2015,847150,      0.00,      0.00,      0.00,      0.00,0,1,0,0,1,1,U2 
H4,840,2015,847160,      0.00,      0.00,      0.00,      0.00,0,5,0,0,5,5,U2 
H4,840,2015,847170,      0.00,      0.00,      0.00,      0.00,0,7,0,0,7,7,U2 
H4,840,2015,847180,      0.00,      0.00,      0.00,      0.00,0,3,0,0,3,3,U2 
H4,840,2015,847190,      0.00,      0.00,      0.00,      0.00,0,1,0,0,1,1,U2 
H4,840,2015,847210,      1.60,      1.60,      1.60,      1.60,0,0,0,1,1,1,U2 
H4,840,2015,847230,      1.80,      1.80,      1.80,      1.80,0,0,0,1,1,1,U2 
H4,840,2015,847290,      6.50,      0.00,      2.60,      1.30,0,2,0,3,5,5,U2 
H4,840,2015,847310,      6.00,      0.00,      2.00,      1.50,0,1,0,3,4,4,U2 
H4,840,2015,847321,      0.00,      0.00,      0.00,      0.00,0,1,0,0,1,1,U2 
H4,840,2015,847329,      0.00,      0.00,      0.00,      0.00,0,1,0,0,1,1,U2 
H4,840,2015,847330,      0.00,      0.00,      0.00,      0.00,0,4,0,0,4,4,U2 
H4,840,2015,847340,      1.90,      0.00,      1.90,      0.95,0,1,0,1,2,2,U2 
H4,840,2015,847350,      0.00,      0.00,      0.00,      0.00,0,3,0,0,3,3,U2 
H4,840,2015,847410,      0.00,      0.00,      0.00,      0.00,0,1,0,0,1,1,U2 
H4,840,2015,847420,      0.00,      0.00,      0.00,      0.00,0,1,0,0,1,1,U2 
H4,840,2015,847431,      0.00,      0.00,      0.00,      0.00,0,1,0,0,1,1,U2 
H4,840,2015,847432,      0.00,      0.00,      0.00,      0.00,0,1,0,0,1,1,U2 
H4,840,2015,847439,      0.00,      0.00,      0.00,      0.00,0,1,0,0,1,1,U2 
H4,840,2015,847480,      0.00,      0.00,      0.00,      0.00,0,1,0,0,1,1,U2 
H4,840,2015,847490,      0.00,      0.00,      0.00,      0.00,0,1,0,0,1,1,U2 
H4,840,2015,847510,      0.00,      0.00,      0.00,      0.00,0,1,0,0,1,1,U2 
H4,840,2015,847521,      0.00,      0.00,      0.00,      0.00,0,1,0,0,1,1,U2 
H4,840,2015,847529,      0.00,      0.00,      0.00,      0.00,0,1,0,0,1,1,U2 
H4,840,2015,847590,      0.00,      0.00,      0.00,      0.00,0,2,0,0,2,2,U2 
H4,840,2015,847621,      0.00,      0.00,      0.00,      0.00,0,1,0,0,1,1,U2 
H4,840,2015,847629,      0.00,      0.00,      0.00,      0.00,0,1,0,0,1,1,U2 
H4,840,2015,847681,      0.00,      0.00,      0.00,      0.00,0,1,0,0,1,1,U2 
H4,840,2015,847689,      0.00,      0.00,      0.00,      0.00,0,1,0,0,1,1,U2 
H4,840,2015,847690,      0.00,      0.00,      0.00,      0.00,0,1,0,0,1,1,U2 
H4,840,2015,847710,      3.10,      0.00,      3.10,      1.03,0,2,0,1,3,3,U2 
H4,840,2015,847720,      3.10,      3.10,      3.10,      3.10,0,0,0,1,1,1,U2 
H4,840,2015,847730,      3.10,      3.10,      3.10,      3.10,0,0,0,1,1,1,U2 
H4,840,2015,847740,      3.10,      3.10,      3.10,      3.10,0,0,0,1,1,1,U2 
H4,840,2015,847751,      3.10,      3.10,      3.10,      3.10,0,0,0,1,1,1,U2 
H4,840,2015,847759,      3.10,      3.10,      3.10,      3.10,0,0,0,1,1,1,U2 
H4,840,2015,847780,      3.10,      3.10,      3.10,      3.10,0,0,0,1,1,1,U2 
H4,840,2015,847790,     12.40,      3.10,      3.10,      3.10,0,0,0,4,4,4,U2 
H4,840,2015,847810,      0.00,      0.00,      0.00,      0.00,0,1,0,0,1,1,U2 
H4,840,2015,847890,      0.00,      0.00,      0.00,      0.00,0,1,0,0,1,1,U2 
H4,840,2015,847910,      0.00,      0.00,      0.00,      0.00,0,1,0,0,1,1,U2 
H4,840,2015,847920,      0.00,      0.00,      0.00,      0.00,0,1,0,0,1,1,U2 
H4,840,2015,847930,      0.00,      0.00,      0.00,      0.00,0,1,0,0,1,1,U2 
H4,840,2015,847940,      0.00,      0.00,      0.00,      0.00,0,1,0,0,1,1,U2 
H4,840,2015,847950,      2.50,      2.50,      2.50,      2.50,0,0,0,1,1,1,U2 
H4,840,2015,847960,      2.80,      2.80,      2.80,      2.80,0,0,0,1,1,1,U2 
H4,840,2015,847971,      0.00,      0.00,      0.00,      0.00,0,1,0,0,1,1,U2 
H4,840,2015,847979,      0.00,      0.00,      0.00,      0.00,0,1,0,0,1,1,U2 
H4,840,2015,847981,      0.00,      0.00,      0.00,      0.00,0,1,0,0,1,1,U2 
H4,840,2015,847982,      0.00,      0.00,      0.00,      0.00,0,1,0,0,1,1,U2 
H4,840,2015,847989,      8.10,      0.00,      2.80,      1.16,0,4,0,3,7,7,U2 
H4,840,2015,847990,      0.00,      0.00,      0.00,      0.00,0,7,0,0,7,7,U2 
H4,840,2015,848010,      3.80,      3.80,      3.80,      3.80,0,0,0,1,1,1,U2 
H4,840,2015,848020,      3.40,      3.40,      3.40,      3.40,0,0,0,1,1,1,U2 
H4,840,2015,848030,      2.80,      2.80,      2.80,      2.80,0,0,0,1,1,1,U2 
H4,840,2015,848041,      3.10,      3.10,      3.10,      3.10,0,0,0,1,1,1,U2 
H4,840,2015,848049,      3.10,      3.10,      3.10,      3.10,0,0,0,1,1,1,U2 
H4,840,2015,848050,      0.00,      0.00,      0.00,      0.00,0,1,0,0,1,1,U2 
H4,840,2015,848060,      0.00,      0.00,      0.00,      0.00,0,1,0,0,1,1,U2 
H4,840,2015,848071,      3.10,      0.00,      3.10,      1.03,0,2,0,1,3,3,U2 
H4,840,2015,848079,      3.10,      0.00,      3.10,      1.55,0,1,0,1,2,2,U2 
H4,840,2015,848110,      2.00,      2.00,      2.00,      2.00,0,0,0,1,1,1,U2 
H4,840,2015,848120,      2.00,      2.00,      2.00,      2.00,0,0,0,1,1,1,U2 
H4,840,2015,848130,     11.00,      3.00,      5.00,      3.67,0,0,0,3,3,3,U2 
H4,840,2015,848140,      2.00,      2.00,      2.00,      2.00,0,0,0,1,1,1,U2 
H4,840,2015,848180,     14.60,      2.00,      5.60,      3.65,0,0,0,4,4,4,U2 
H4,840,2015,848190,     11.00,      0.00,      5.00,      2.75,0,1,0,3,4,4,U2 
H4,840,2015,848210,     11.40,      2.40,      9.00,      5.70,0,0,0,2,2,2,U2 
H4,840,2015,848220,      5.80,      5.80,      5.80,      5.80,0,0,0,1,1,1,U2 
H4,840,2015,848230,      5.80,      5.80,      5.80,      5.80,0,0,0,1,1,1,U2 
H4,840,2015,848240,      5.80,      5.80,      5.80,      5.80,0,0,0,1,1,1,U2 
H4,840,2015,848250,      5.80,      5.80,      5.80,      5.80,0,0,0,1,1,1,U2 
H4,840,2015,848280,      5.80,      5.80,      5.80,      5.80,0,0,0,1,1,1,U2 
H4,840,2015,848291,      4.40,      4.40,      4.40,      4.40,0,0,0,1,1,1,U2 
H4,840,2015,848299,     43.00,      5.80,      9.90,      7.17,0,0,0,6,6,6,U2 
H4,840,2015,848310,      5.00,      0.00,      2.50,      1.67,0,1,0,2,3,3,U2 
H4,840,2015,848320,      9.00,      4.50,      4.50,      4.50,0,0,0,2,2,2,U2 
H4,840,2015,848330,      9.00,      4.50,      4.50,      4.50,0,0,0,2,2,2,U2 
H4,840,2015,848340,     15.08,      0.00,      6.28,      2.51,0,2,1,3,6,6,U2 
H4,840,2015,848350,     11.30,      2.80,      5.70,      3.77,0,0,0,3,3,3,U2 
H4,840,2015,848360,      5.60,      2.80,      2.80,      2.80,0,0,0,2,2,2,U2 
H4,840,2015,848390,     22.60,      2.50,      5.50,      3.77,0,0,0,6,6,6,U2 
H4,840,2015,848410,      2.50,      2.50,      2.50,      2.50,0,0,0,1,1,1,U2 
H4,840,2015,848420,      3.90,      3.90,      3.90,      3.90,0,0,0,1,1,1,U2 
H4,840,2015,848490,      2.50,      2.50,      2.50,      2.50,0,0,0,1,1,1,U2 
H4,840,2015,848610,      0.00,      0.00,      0.00,      0.00,0,1,0,0,1,1,U2 
H4,840,2015,848620,      0.00,      0.00,      0.00,      0.00,0,1,0,0,1,1,U2 
H4,840,2015,848630,      0.00,      0.00,      0.00,      0.00,0,1,0,0,1,1,U2 
H4,840,2015,848640,      0.00,      0.00,      0.00,      0.00,0,1,0,0,1,1,U2 
H4,840,2015,848690,      0.00,      0.00,      0.00,      0.00,0,1,0,0,1,1,U2 
H4,840,2015,848710,      0.00,      0.00,      0.00,      0.00,0,1,0,0,1,1,U2 
H4,840,2015,848790,      3.90,      3.90,      3.90,      3.90,0,0,0,1,1,1,U2 
H4,840,2015,850110,     13.90,      2.80,      6.70,      4.63,0,0,0,3,3,3,U2 
H4,840,2015,850120,     13.00,      2.40,      4.00,      3.25,0,0,0,4,4,4,U2 
H4,840,2015,850131,     15.00,      2.40,      4.00,      3.00,0,0,0,5,5,5,U2 
H4,840,2015,850132,      4.90,      0.00,      2.90,      1.23,0,2,0,2,4,4,U2 
H4,840,2015,850133,      8.10,      0.00,      2.80,      2.03,0,1,0,3,4,4,U2 
H4,840,2015,850134,      4.80,      2.00,      2.80,      2.40,0,0,0,2,2,2,U2 
H4,840,2015,850140,     14.30,      3.30,      4.00,      3.58,0,0,0,4,4,4,U2 
H4,840,2015,850151,     10.80,      2.50,      3.30,      2.70,0,0,0,4,4,4,U2 
H4,840,2015,850152,      3.70,      0.00,      3.70,      1.85,0,1,0,1,2,2,U2 
H4,840,2015,850153,      7.00,      0.00,      4.20,      2.33,0,1,0,2,3,3,U2 
H4,840,2015,850161,      2.50,      2.50,      2.50,      2.50,0,0,0,1,1,1,U2 
H4,840,2015,850162,      2.50,      2.50,      2.50,      2.50,0,0,0,1,1,1,U2 
H4,840,2015,850163,      2.50,      2.50,      2.50,      2.50,0,0,0,1,1,1,U2 
H4,840,2015,850164,      2.40,      2.40,      2.40,      2.40,0,0,0,1,1,1,U2 
H4,840,2015,850211,      2.50,      2.50,      2.50,      2.50,0,0,0,1,1,1,U2 
H4,840,2015,850212,      2.50,      2.50,      2.50,      2.50,0,0,0,1,1,1,U2 
H4,840,2015,850213,      2.00,      2.00,      2.00,      2.00,0,0,0,1,1,1,U2 
H4,840,2015,850220,      2.00,      2.00,      2.00,      2.00,0,0,0,1,1,1,U2 
H4,840,2015,850231,      2.50,      2.50,      2.50,      2.50,0,0,0,1,1,1,U2 
H4,840,2015,850239,      2.50,      2.50,      2.50,      2.50,0,0,0,1,1,1,U2 
H4,840,2015,850240,      3.00,      3.00,      3.00,      3.00,0,0,0,1,1,1,U2 
H4,840,2015,850300,     21.40,      0.00,      6.50,      3.06,0,2,0,5,7,7,U2 
H4,840,2015,850410,      3.00,      3.00,      3.00,      3.00,0,0,0,1,1,1,U2 
H4,840,2015,850421,      0.00,      0.00,      0.00,      0.00,0,1,0,0,1,1,U2 
H4,840,2015,850422,      0.00,      0.00,      0.00,      0.00,0,1,0,0,1,1,U2 
H4,840,2015,850423,      1.60,      1.60,      1.60,      1.60,0,0,0,1,1,1,U2 
H4,840,2015,850431,      8.20,      0.00,      6.60,      2.73,0,1,0,2,3,3,U2 
H4,840,2015,850432,      2.40,      2.40,      2.40,      2.40,0,0,0,1,1,1,U2 
H4,840,2015,850433,      1.60,      1.60,      1.60,      1.60,0,0,0,1,1,1,U2 
H4,840,2015,850434,      1.60,      1.60,      1.60,      1.60,0,0,0,1,1,1,U2 
H4,840,2015,850440,      3.00,      0.00,      1.50,      0.60,0,3,0,2,5,5,U2 
H4,840,2015,850450,      3.00,      0.00,      3.00,      1.50,0,1,0,1,2,2,U2 
H4,840,2015,850490,      4.80,      0.00,      2.40,      0.96,0,3,0,2,5,5,U2 
H4,840,2015,850511,      2.10,      2.10,      2.10,      2.10,0,0,0,1,1,1,U2 
H4,840,2015,850519,     14.70,      4.90,      4.90,      4.90,0,0,0,3,3,3,U2 
H4,840,2015,850520,      3.10,      3.10,      3.10,      3.10,0,0,0,1,1,1,U2 
H4,840,2015,850590,      1.30,      0.00,      1.30,      0.43,0,2,0,1,3,3,U2 
H4,840,2015,850610,      2.70,      2.70,      2.70,      2.70,0,0,0,1,1,1,U2 
H4,840,2015,850630,      5.40,      2.70,      2.70,      2.70,0,0,0,2,2,2,U2 
H4,840,2015,850640,      5.40,      2.70,      2.70,      2.70,0,0,0,2,2,2,U2 
H4,840,2015,850650,      2.70,      2.70,      2.70,      2.70,0,0,0,1,1,1,U2 
H4,840,2015,850660,      2.70,      2.70,      2.70,      2.70,0,0,0,1,1,1,U2 
H4,840,2015,850680,      2.70,      2.70,      2.70,      2.70,0,0,0,1,1,1,U2 
H4,840,2015,850690,      2.70,      2.70,      2.70,      2.70,0,0,0,1,1,1,U2 
H4,840,2015,850710,      3.50,      3.50,      3.50,      3.50,0,0,0,1,1,1,U2 
H4,840,2015,850720,      7.00,      3.50,      3.50,      3.50,0,0,0,2,2,2,U2 
H4,840,2015,850730,      5.00,      2.50,      2.50,      2.50,0,0,0,2,2,2,U2 
H4,840,2015,850740,      6.80,      3.40,      3.40,      3.40,0,0,0,2,2,2,U2 
H4,840,2015,850750,      3.40,      3.40,      3.40,      3.40,0,0,0,1,1,1,U2 
H4,840,2015,850760,      3.40,      3.40,      3.40,      3.40,0,0,0,1,1,1,U2 
H4,840,2015,850780,      6.80,      3.40,      3.40,      3.40,0,0,0,2,2,2,U2 
H4,840,2015,850790,      6.90,      3.40,      3.50,      3.45,0,0,0,2,2,2,U2 
H4,840,2015,850811,      0.00,      0.00,      0.00,      0.00,0,1,0,0,1,1,U2 
H4,840,2015,850819,      0.00,      0.00,      0.00,      0.00,0,1,0,0,1,1,U2 
H4,840,2015,850860,      0.00,      0.00,      0.00,      0.00,0,1,0,0,1,1,U2 
H4,840,2015,850870,      0.00,      0.00,      0.00,      0.00,0,1,0,0,1,1,U2 
H4,840,2015,850940,      4.20,      4.20,      4.20,      4.20,0,0,0,1,1,1,U2 
H4,840,2015,850980,      4.20,      0.00,      4.20,      1.40,0,2,0,1,3,3,U2 
H4,840,2015,850990,     15.20,      3.40,      4.20,      3.80,0,0,0,4,4,4,U2 
H4,840,2015,851010,      0.00,      0.00,      0.00,      0.00,0,1,0,0,1,1,U2 
H4,840,2015,851020,      8.00,      4.00,      4.00,      4.00,0,0,0,2,2,2,U2 
H4,840,2015,851030,      4.20,      4.20,      4.20,      4.20,0,0,0,1,1,1,U2 
H4,840,2015,851090,     12.20,      0.00,      4.20,      2.44,0,2,0,3,5,5,U2 
H4,840,2015,851110,      2.50,      2.50,      2.50,      2.50,0,0,0,1,1,1,U2 
H4,840,2015,851120,      2.50,      2.50,      2.50,      2.50,0,0,0,1,1,1,U2 
H4,840,2015,851130,      2.50,      2.50,      2.50,      2.50,0,0,0,1,1,1,U2 
H4,840,2015,851140,      2.50,      2.50,      2.50,      2.50,0,0,0,1,1,1,U2 
H4,840,2015,851150,      2.50,      2.50,      2.50,      2.50,0,0,0,1,1,1,U2 
H4,840,2015,851180,      5.00,      0.00,      2.50,      1.67,0,1,0,2,3,3,U2 
H4,840,2015,851190,      5.60,      0.00,      3.10,      1.87,0,1,0,2,3,3,U2 
H4,840,2015,851210,      2.70,      0.00,      2.70,      1.35,0,1,0,1,2,2,U2 
H4,840,2015,851220,      2.50,      0.00,      2.50,      1.25,0,1,0,1,2,2,U2 
H4,840,2015,851230,      2.50,      2.50,      2.50,      2.50,0,0,0,1,1,1,U2 
H4,840,2015,851240,      5.00,      2.50,      2.50,      2.50,0,0,0,2,2,2,U2 
H4,840,2015,851290,      7.50,      0.00,      2.50,      1.50,0,2,0,3,5,5,U2 
H4,840,2015,851310,     16.00,      3.50,     12.50,      8.00,0,0,0,2,2,2,U2 
H4,840,2015,851390,     16.00,      3.50,     12.50,      8.00,0,0,0,2,2,2,U2 
H4,840,2015,851410,      0.00,      0.00,      0.00,      0.00,0,1,0,0,1,1,U2 
H4,840,2015,851420,      8.20,      0.00,      4.20,      2.73,0,1,0,2,3,3,U2 
H4,840,2015,851430,      1.30,      1.30,      1.30,      1.30,0,0,0,1,1,1,U2 
H4,840,2015,851440,      0.00,      0.00,      0.00,      0.00,0,1,0,0,1,1,U2 
H4,840,2015,851490,      4.00,      0.00,      4.00,      2.00,0,1,0,1,2,2,U2 
H4,840,2015,851511,      2.50,      2.50,      2.50,      2.50,0,0,0,1,1,1,U2 
H4,840,2015,851519,      0.00,      0.00,      0.00,      0.00,0,1,0,0,1,1,U2 
H4,840,2015,851521,      0.00,      0.00,      0.00,      0.00,0,1,0,0,1,1,U2 
H4,840,2015,851529,      0.00,      0.00,      0.00,      0.00,0,1,0,0,1,1,U2 
H4,840,2015,851531,      1.60,      1.60,      1.60,      1.60,0,0,0,1,1,1,U2 
H4,840,2015,851539,      1.60,      1.60,      1.60,      1.60,0,0,0,1,1,1,U2 
H4,840,2015,851580,      0.00,      0.00,      0.00,      0.00,0,1,0,0,1,1,U2 
H4,840,2015,851590,      1.60,      0.00,      1.60,      0.80,0,1,0,1,2,2,U2 
H4,840,2015,851610,      0.00,      0.00,      0.00,      0.00,0,1,0,0,1,1,U2 
H4,840,2015,851621,      0.00,      0.00,      0.00,      0.00,0,1,0,0,1,1,U2 
H4,840,2015,851629,      3.70,      3.70,      3.70,      3.70,0,0,0,1,1,1,U2 
H4,840,2015,851631,      3.90,      3.90,      3.90,      3.90,0,0,0,1,1,1,U2 
H4,840,2015,851632,      3.90,      3.90,      3.90,      3.90,0,0,0,1,1,1,U2 
H4,840,2015,851633,      0.00,      0.00,      0.00,      0.00,0,1,0,0,1,1,U2 
H4,840,2015,851640,      2.80,      0.00,      2.80,      1.40,0,1,0,1,2,2,U2 
H4,840,2015,851650,      2.00,      2.00,      2.00,      2.00,0,0,0,1,1,1,U2 
H4,840,2015,851660,      2.70,      0.00,      2.70,      1.35,0,1,0,1,2,2,U2 
H4,840,2015,851671,      3.70,      3.70,      3.70,      3.70,0,0,0,1,1,1,U2 
H4,840,2015,851672,      5.30,      5.30,      5.30,      5.30,0,0,0,1,1,1,U2 
H4,840,2015,851679,      2.70,      2.70,      2.70,      2.70,0,0,0,1,1,1,U2 
H4,840,2015,851680,      0.00,      0.00,      0.00,      0.00,0,2,0,0,2,2,U2 
H4,840,2015,851690,     19.30,      0.00,      3.90,      1.61,0,7,0,5,12,12,U2 
H4,840,2015,851711,      0.00,      0.00,      0.00,      0.00,0,1,0,0,1,1,U2 
H4,840,2015,851712,      0.00,      0.00,      0.00,      0.00,0,1,0,0,1,1,U2 
H4,840,2015,851718,      0.00,      0.00,      0.00,      0.00,0,1,0,0,1,1,U2 
H4,840,2015,851761,      0.00,      0.00,      0.00,      0.00,0,1,0,0,1,1,U2 
H4,840,2015,851762,      0.00,      0.00,      0.00,      0.00,0,1,0,0,1,1,U2 
H4,840,2015,851769,      0.00,      0.00,      0.00,      0.00,0,1,0,0,1,1,U2 
H4,840,2015,851770,      0.00,      0.00,      0.00,      0.00,0,1,0,0,1,1,U2 
H4,840,2015,851810,      4.90,      0.00,      4.90,      2.45,0,1,0,1,2,2,U2 
H4,840,2015,851821,      4.90,      4.90,      4.90,      4.90,0,0,0,1,1,1,U2 
H4,840,2015,851822,      4.90,      4.90,      4.90,      4.90,0,0,0,1,1,1,U2 
H4,840,2015,851829,      4.90,      0.00,      4.90,      2.45,0,1,0,1,2,2,U2 
H4,840,2015,851830,      4.90,      0.00,      4.90,      2.45,0,1,0,1,2,2,U2 
H4,840,2015,851840,      4.90,      0.00,      4.90,      2.45,0,1,0,1,2,2,U2 
H4,840,2015,851850,      4.90,      4.90,      4.90,      4.90,0,0,0,1,1,1,U2 
H4,840,2015,851890,     13.40,      0.00,      8.50,      3.35,0,2,0,2,4,4,U2 
H4,840,2015,851920,      0.00,      0.00,      0.00,      0.00,0,1,0,0,1,1,U2 
H4,840,2015,851930,      3.90,      0.00,      3.90,      1.95,0,1,0,1,2,2,U2 
H4,840,2015,851950,      0.00,      0.00,      0.00,      0.00,0,1,0,0,1,1,U2 
H4,840,2015,851981,      7.60,      0.00,      3.90,      1.52,0,3,0,2,5,5,U2 
H4,840,2015,851989,      3.90,      0.00,      3.90,      1.30,0,2,0,1,3,3,U2 
H4,840,2015,852110,      0.00,      0.00,      0.00,      0.00,0,3,0,0,3,3,U2 
H4,840,2015,852190,      0.00,      0.00,      0.00,      0.00,0,1,0,0,1,1,U2 
H4,840,2015,852210,      3.90,      3.90,      3.90,      3.90,0,0,0,1,1,1,U2 
H4,840,2015,852290,     10.00,      0.00,      2.00,      1.67,0,1,0,5,6,6,U2 
H4,840,2015,852321,      0.00,      0.00,      0.00,      0.00,0,1,0,0,1,1,U2 
H4,840,2015,852329,      0.00,      0.00,      0.00,      0.00,4,5,0,0,5,9,U2 
H4,840,2015,852341,      0.00,      0.00,      0.00,      0.00,0,1,0,0,1,1,U2 
H4,840,2015,852349,      2.70,      0.00,      2.70,      0.68,0,3,0,1,4,4,U2 
H4,840,2015,852351,      0.00,      0.00,      0.00,      0.00,0,1,0,0,1,1,U2 
H4,840,2015,852352,      0.00,      0.00,      0.00,      0.00,0,1,0,0,1,1,U2 
H4,840,2015,852359,      0.00,      0.00,      0.00,      0.00,0,1,0,0,1,1,U2 
H4,840,2015,852380,      1.80,      0.00,      1.80,      0.90,0,1,0,1,2,2,U2 
H4,840,2015,852550,      4.80,      0.00,      3.00,      1.60,0,1,0,2,3,3,U2 
H4,840,2015,852560,      0.00,      0.00,      0.00,      0.00,0,2,0,0,2,2,U2 
H4,840,2015,852580,      8.40,      0.00,      2.10,      1.68,0,1,0,4,5,5,U2 
H4,840,2015,852610,      0.00,      0.00,      0.00,      0.00,0,1,0,0,1,1,U2 
H4,840,2015,852691,      0.00,      0.00,      0.00,      0.00,0,1,0,0,1,1,U2 
H4,840,2015,852692,      4.90,      0.00,      4.90,      2.45,0,1,0,1,2,2,U2 
H4,840,2015,852712,      0.00,      0.00,      0.00,      0.00,0,1,0,0,1,1,U2 
H4,840,2015,852713,      0.00,      0.00,      0.00,      0.00,0,4,0,0,4,4,U2 
H4,840,2015,852719,      3.00,      0.00,      3.00,      1.50,0,1,0,1,2,2,U2 
H4,840,2015,852721,      2.00,      0.00,      2.00,      1.00,0,1,0,1,2,2,U2 
H4,840,2015,852729,      8.80,      4.40,      4.40,      4.40,0,0,0,2,2,2,U2 
H4,840,2015,852791,      8.40,      0.00,      4.90,      2.10,0,1,0,3,4,4,U2 
H4,840,2015,852792,      3.00,      0.00,      3.00,      1.50,0,1,0,1,2,2,U2 
H4,840,2015,852799,      9.00,      0.00,      6.00,      3.00,0,1,0,2,3,3,U2 
H4,840,2015,852841,      0.00,      0.00,      0.00,      0.00,0,1,0,0,1,1,U2 
H4,840,2015,852849,     49.50,      0.00,      5.00,      3.30,0,4,0,11,15,15,U2 
H4,840,2015,852851,      0.00,      0.00,      0.00,      0.00,0,1,0,0,1,1,U2 
H4,840,2015,852859,     22.80,      0.00,      5.00,      1.75,0,8,0,5,13,13,U2 
H4,840,2015,852861,      0.00,      0.00,      0.00,      0.00,0,1,0,0,1,1,U2 
H4,840,2015,852869,     40.60,      0.00,      5.00,      3.12,0,4,0,9,13,13,U2 
H4,840,2015,852871,     13.90,      0.00,      5.00,      2.78,0,2,0,3,5,5,U2 
H4,840,2015,852872,     62.30,      0.00,      5.00,      2.83,0,8,0,14,22,22,U2 
H4,840,2015,852873,      5.00,      5.00,      5.00,      5.00,0,0,0,1,1,1,U2 
H4,840,2015,852910,      4.80,      0.00,      3.00,      1.60,0,1,0,2,3,3,U2 
H4,840,2015,852990,     71.40,      0.00,      4.00,      2.30,0,9,0,22,31,31,U2 
H4,840,2015,853010,      0.00,      0.00,      0.00,      0.00,0,1,0,0,1,1,U2 
H4,840,2015,853080,      0.00,      0.00,      0.00,      0.00,0,1,0,0,1,1,U2 
H4,840,2015,853090,      0.00,      0.00,      0.00,      0.00,0,1,0,0,1,1,U2 
H4,840,2015,853110,      1.30,      1.30,      1.30,      1.30,0,0,0,1,1,1,U2 
H4,840,2015,853120,      0.00,      0.00,      0.00,      0.00,0,1,0,0,1,1,U2 
H4,840,2015,853180,      1.30,      1.30,      1.30,      1.30,0,0,0,1,1,1,U2 
H4,840,2015,853190,      2.60,      0.00,      1.30,      0.65,0,2,0,2,4,4,U2 
H4,840,2015,853210,      0.00,      0.00,      0.00,      0.00,0,1,0,0,1,1,U2 
H4,840,2015,853221,      0.00,      0.00,      0.00,      0.00,0,1,0,0,1,1,U2 
H4,840,2015,853222,      0.00,      0.00,      0.00,      0.00,0,1,0,0,1,1,U2 
H4,840,2015,853223,      0.00,      0.00,      0.00,      0.00,0,1,0,0,1,1,U2 
H4,840,2015,853224,      0.00,      0.00,      0.00,      0.00,0,1,0,0,1,1,U2 
H4,840,2015,853225,      0.00,      0.00,      0.00,      0.00,0,1,0,0,1,1,U2 
H4,840,2015,853229,      0.00,      0.00,      0.00,      0.00,0,1,0,0,1,1,U2 
H4,840,2015,853230,      0.00,      0.00,      0.00,      0.00,0,1,0,0,1,1,U2 
H4,840,2015,853290,      0.00,      0.00,      0.00,      0.00,0,1,0,0,1,1,U2 
H4,840,2015,853310,      0.00,      0.00,      0.00,      0.00,0,1,0,0,1,1,U2 
H4,840,2015,853321,      0.00,      0.00,      0.00,      0.00,0,1,0,0,1,1,U2 
H4,840,2015,853329,      0.00,      0.00,      0.00,      0.00,0,1,0,0,1,1,U2 
H4,840,2015,853331,      0.00,      0.00,      0.00,      0.00,0,1,0,0,1,1,U2 
H4,840,2015,853339,      0.00,      0.00,      0.00,      0.00,0,1,0,0,1,1,U2 
H4,840,2015,853340,      0.00,      0.00,      0.00,      0.00,0,2,0,0,2,2,U2 
H4,840,2015,853390,      0.00,      0.00,      0.00,      0.00,0,2,0,0,2,2,U2 
H4,840,2015,853400,      0.00,      0.00,      0.00,      0.00,0,1,0,0,1,1,U2 
H4,840,2015,853510,      2.70,      2.70,      2.70,      2.70,0,0,0,1,1,1,U2 
H4,840,2015,853521,      2.70,      2.70,      2.70,      2.70,0,0,0,1,1,1,U2 
H4,840,2015,853529,      2.00,      2.00,      2.00,      2.00,0,0,0,1,1,1,U2 
H4,840,2015,853530,      2.70,      2.70,      2.70,      2.70,0,0,0,1,1,1,U2 
H4,840,2015,853540,      2.70,      2.70,      2.70,      2.70,0,0,0,1,1,1,U2 
H4,840,2015,853590,      5.40,      2.70,      2.70,      2.70,0,0,0,2,2,2,U2 
H4,840,2015,853610,      2.70,      2.70,      2.70,      2.70,0,0,0,1,1,1,U2 
H4,840,2015,853620,      2.70,      2.70,      2.70,      2.70,0,0,0,1,1,1,U2 
H4,840,2015,853630,      5.40,      2.70,      2.70,      2.70,0,0,0,2,2,2,U2 
H4,840,2015,853641,      2.70,      2.70,      2.70,      2.70,0,0,0,1,1,1,U2 
H4,840,2015,853649,      2.70,      2.70,      2.70,      2.70,0,0,0,1,1,1,U2 
H4,840,2015,853650,      5.40,      0.00,      2.70,      1.80,0,1,0,2,3,3,U2 
H4,840,2015,853661,      2.70,      2.70,      2.70,      2.70,0,0,0,1,1,1,U2 
H4,840,2015,853669,      2.70,      0.00,      2.70,      1.35,0,1,0,1,2,2,U2 
H4,840,2015,853670,      0.00,      0.00,      0.00,      0.00,0,1,0,0,1,1,U2 
H4,840,2015,853690,      2.70,      0.00,      2.70,      1.35,0,1,0,1,2,2,U2 
H4,840,2015,853710,      8.10,      2.70,      2.70,      2.70,0,0,0,3,3,3,U2 
H4,840,2015,853720,      2.70,      2.70,      2.70,      2.70,0,0,0,1,1,1,U2 
H4,840,2015,853810,      3.70,      3.70,      3.70,      3.70,0,0,0,1,1,1,U2 
H4,840,2015,853890,     14.00,      0.00,      3.50,      2.80,0,1,0,4,5,5,U2 
H4,840,2015,853910,      2.00,      2.00,      2.00,      2.00,0,0,0,1,1,1,U2 
H4,840,2015,853921,      2.60,      0.00,      2.60,      1.30,0,1,0,1,2,2,U2 
H4,840,2015,853922,      8.40,      2.60,      5.80,      4.20,0,0,0,2,2,2,U2 
H4,840,2015,853929,     13.60,      0.00,      5.80,      3.40,0,1,0,3,4,4,U2 
H4,840,2015,853931,      2.40,      2.40,      2.40,      2.40,0,0,0,1,1,1,U2 
H4,840,2015,853932,      2.40,      2.40,      2.40,      2.40,0,0,0,1,1,1,U2 
H4,840,2015,853939,      2.40,      2.40,      2.40,      2.40,0,0,0,1,1,1,U2 
H4,840,2015,853941,      2.60,      2.60,      2.60,      2.60,0,0,0,1,1,1,U2 
H4,840,2015,853949,      2.40,      2.40,      2.40,      2.40,0,0,0,1,1,1,U2 
H4,840,2015,853990,      2.60,      2.60,      2.60,      2.60,0,0,0,1,1,1,U2 
H4,840,2015,854011,     90.00,      7.50,     15.00,     12.86,0,0,0,7,7,7,U2 
H4,840,2015,854012,     13.80,      3.30,      3.60,      3.45,0,0,0,4,4,4,U2 
H4,840,2015,854020,      9.30,      3.30,      6.00,      4.65,0,0,0,2,2,2,U2 
H4,840,2015,854040,      3.00,      3.00,      3.00,      3.00,0,0,0,1,1,1,U2 
H4,840,2015,854060,      3.00,      3.00,      3.00,      3.00,0,0,0,1,1,1,U2 
H4,840,2015,854071,      3.70,      0.00,      3.70,      1.85,0,1,0,1,2,2,U2 
H4,840,2015,854079,      7.00,      3.30,      3.70,      3.50,0,0,0,2,2,2,U2 
H4,840,2015,854081,      4.20,      4.20,      4.20,      4.20,0,0,0,1,1,1,U2 
H4,840,2015,854089,      3.70,      3.70,      3.70,      3.70,0,0,0,1,1,1,U2 
H4,840,2015,854091,     10.80,      0.00,      5.40,      3.60,0,1,0,2,3,3,U2 
H4,840,2015,854099,      0.00,      0.00,      0.00,      0.00,0,2,0,0,2,2,U2 
H4,840,2015,854110,      0.00,      0.00,      0.00,      0.00,0,1,0,0,1,1,U2 
H4,840,2015,854121,      0.00,      0.00,      0.00,      0.00,0,1,0,0,1,1,U2 
H4,840,2015,854129,      0.00,      0.00,      0.00,      0.00,0,1,0,0,1,1,U2 
H4,840,2015,854130,      0.00,      0.00,      0.00,      0.00,0,1,0,0,1,1,U2 
H4,840,2015,854140,      0.00,      0.00,      0.00,      0.00,0,5,0,0,5,5,U2 
H4,840,2015,854150,      0.00,      0.00,      0.00,      0.00,0,1,0,0,1,1,U2 
H4,840,2015,854160,      0.00,      0.00,      0.00,      0.00,0,1,0,0,1,1,U2 
H4,840,2015,854190,      0.00,      0.00,      0.00,      0.00,0,1,0,0,1,1,U2 
H4,840,2015,854231,      0.00,      0.00,      0.00,      0.00,0,1,0,0,1,1,U2 
H4,840,2015,854232,      0.00,      0.00,      0.00,      0.00,0,1,0,0,1,1,U2 
H4,840,2015,854233,      0.00,      0.00,      0.00,      0.00,0,1,0,0,1,1,U2 
H4,840,2015,854239,      0.00,      0.00,      0.00,      0.00,0,1,0,0,1,1,U2 
H4,840,2015,854290,      0.00,      0.00,      0.00,      0.00,0,1,0,0,1,1,U2 
H4,840,2015,854310,      1.90,      1.90,      1.90,      1.90,0,0,0,1,1,1,U2 
H4,840,2015,854320,      2.60,      2.60,      2.60,      2.60,0,0,0,1,1,1,U2 
H4,840,2015,854330,      2.60,      2.60,      2.60,      2.60,0,0,0,1,1,1,U2 
H4,840,2015,854370,     14.90,      0.00,      2.60,      1.66,0,3,0,6,9,9,U2 
H4,840,2015,854390,     10.40,      0.00,      2.60,      1.49,0,3,0,4,7,7,U2 
H4,840,2015,854411,      3.50,      3.50,      3.50,      3.50,0,0,0,1,1,1,U2 
H4,840,2015,854419,      3.90,      3.90,      3.90,      3.90,0,0,0,1,1,1,U2 
H4,840,2015,854420,      5.30,      5.30,      5.30,      5.30,0,0,0,1,1,1,U2 
H4,840,2015,854430,      5.00,      5.00,      5.00,      5.00,0,0,0,1,1,1,U2 
H4,840,2015,854442,      2.60,      0.00,      2.60,      0.87,0,2,0,1,3,3,U2 
H4,840,2015,854449,     12.70,      0.00,      5.30,      3.17,0,1,0,3,4,4,U2 
H4,840,2015,854460,     10.40,      3.20,      3.70,      3.47,0,0,0,3,3,3,U2 
H4,840,2015,854470,      0.00,      0.00,      0.00,      0.00,0,1,0,0,1,1,U2 
H4,840,2015,854511,      0.00,      0.00,      0.00,      0.00,0,1,0,0,1,1,U2 
H4,840,2015,854519,      0.00,      0.00,      0.00,      0.00,0,2,0,0,2,2,U2 
H4,840,2015,854520,      0.00,      0.00,      0.00,      0.00,0,1,0,0,1,1,U2 
H4,840,2015,854590,      0.00,      0.00,      0.00,      0.00,0,2,0,0,2,2,U2 
H4,840,2015,854610,      2.90,      2.90,      2.90,      2.90,0,0,0,1,1,1,U2 
H4,840,2015,854620,      3.00,      3.00,      3.00,      3.00,0,0,0,1,1,1,U2 
H4,840,2015,854690,      0.00,      0.00,      0.00,      0.00,0,1,0,0,1,1,U2 
H4,840,2015,854710,      6.00,      3.00,      3.00,      3.00,0,0,0,2,2,2,U2 
H4,840,2015,854720,      0.00,      0.00,      0.00,      0.00,0,1,0,0,1,1,U2 
H4,840,2015,854790,      4.60,      4.60,      4.60,      4.60,0,0,0,1,1,1,U2 
H4,840,2015,854810,      0.00,      0.00,      0.00,      0.00,0,4,0,0,4,4,U2 
H4,840,2015,854890,      0.00,      0.00,      0.00,      0.00,0,1,0,0,1,1,U2 
H4,840,2015,860110,      0.00,      0.00,      0.00,      0.00,0,1,0,0,1,1,U2 
H4,840,2015,860120,      0.00,      0.00,      0.00,      0.00,0,1,0,0,1,1,U2 
H4,840,2015,860210,      0.00,      0.00,      0.00,      0.00,0,1,0,0,1,1,U2 
H4,840,2015,860290,      0.00,      0.00,      0.00,      0.00,0,1,0,0,1,1,U2 
H4,840,2015,860310,      5.00,      5.00,      5.00,      5.00,0,0,0,1,1,1,U2 
H4,840,2015,860390,      5.00,      5.00,      5.00,      5.00,0,0,0,1,1,1,U2 
H4,840,2015,860400,      2.90,      2.90,      2.90,      2.90,0,0,0,1,1,1,U2 
H4,840,2015,860500,     14.00,     14.00,     14.00,     14.00,0,0,0,1,1,1,U2 
H4,840,2015,860610,     14.00,     14.00,     14.00,     14.00,0,0,0,1,1,1,U2 
H4,840,2015,860630,     14.00,     14.00,     14.00,     14.00,0,0,0,1,1,1,U2 
H4,840,2015,860691,     14.00,     14.00,     14.00,     14.00,0,0,0,1,1,1,U2 
H4,840,2015,860692,     14.00,     14.00,     14.00,     14.00,0,0,0,1,1,1,U2 
H4,840,2015,860699,     14.00,     14.00,     14.00,     14.00,0,0,0,1,1,1,U2 
H4,840,2015,860711,      0.00,      0.00,      0.00,      0.00,0,1,0,0,1,1,U2 
H4,840,2015,860712,      3.60,      3.60,      3.60,      3.60,0,0,0,1,1,1,U2 
H4,840,2015,860719,      7.00,      0.00,      3.60,      1.17,0,2,0,4,6,6,U2 
H4,840,2015,860721,      7.50,      3.60,      3.90,      3.75,0,0,0,2,2,2,U2 
H4,840,2015,860729,      6.20,      2.60,      3.60,      3.10,0,0,0,2,2,2,U2 
H4,840,2015,860730,      6.20,      2.60,      3.60,      3.10,0,0,0,2,2,2,U2 
H4,840,2015,860791,      0.00,      0.00,      0.00,      0.00,0,1,0,0,1,1,U2 
H4,840,2015,860799,      5.90,      2.80,      3.10,      2.95,0,0,0,2,2,2,U2 
H4,840,2015,860800,      3.80,      3.80,      3.80,      3.80,0,0,0,1,1,1,U2 
H4,840,2015,860900,      0.00,      0.00,      0.00,      0.00,0,1,0,0,1,1,U2 
H4,840,2015,870110,      0.00,      0.00,      0.00,      0.00,0,1,0,0,1,1,U2 
H4,840,2015,870120,      4.00,      4.00,      4.00,      4.00,0,0,0,1,1,1,U2 
H4,840,2015,870130,      0.00,      0.00,      0.00,      0.00,0,2,0,0,2,2,U2 
H4,840,2015,870190,      0.00,      0.00,      0.00,      0.00,0,2,0,0,2,2,U2 
H4,840,2015,870210,      4.00,      2.00,      2.00,      2.00,0,0,0,2,2,2,U2 
H4,840,2015,870290,      4.00,      2.00,      2.00,      2.00,0,0,0,2,2,2,U2 
H4,840,2015,870310,      5.00,      2.50,      2.50,      2.50,0,0,0,2,2,2,U2 
H4,840,2015,870321,      2.50,      2.50,      2.50,      2.50,0,0,0,1,1,1,U2 
H4,840,2015,870322,      2.50,      2.50,      2.50,      2.50,0,0,0,1,1,1,U2 
H4,840,2015,870323,      2.50,      2.50,      2.50,      2.50,0,0,0,1,1,1,U2 
H4,840,2015,870324,      2.50,      2.50,      2.50,      2.50,0,0,0,1,1,1,U2 
H4,840,2015,870331,      2.50,      2.50,      2.50,      2.50,0,0,0,1,1,1,U2 
H4,840,2015,870332,      2.50,      2.50,      2.50,      2.50,0,0,0,1,1,1,U2 
H4,840,2015,870333,      2.50,      2.50,      2.50,      2.50,0,0,0,1,1,1,U2 
H4,840,2015,870390,      2.50,      2.50,      2.50,      2.50,0,0,0,1,1,1,U2 
H4,840,2015,870410,      0.00,      0.00,      0.00,      0.00,0,2,0,0,2,2,U2 
H4,840,2015,870421,     25.00,     25.00,     25.00,     25.00,0,0,0,1,1,1,U2 
H4,840,2015,870422,     29.00,      4.00,     25.00,     14.50,0,0,0,2,2,2,U2 
H4,840,2015,870423,     25.00,     25.00,     25.00,     25.00,0,0,0,1,1,1,U2 
H4,840,2015,870431,     25.00,     25.00,     25.00,     25.00,0,0,0,1,1,1,U2 
H4,840,2015,870432,     25.00,     25.00,     25.00,     25.00,0,0,0,1,1,1,U2 
H4,840,2015,870490,     25.00,     25.00,     25.00,     25.00,0,0,0,1,1,1,U2 
H4,840,2015,870510,      0.00,      0.00,      0.00,      0.00,0,1,0,0,1,1,U2 
H4,840,2015,870520,      0.00,      0.00,      0.00,      0.00,0,1,0,0,1,1,U2 
H4,840,2015,870530,      0.00,      0.00,      0.00,      0.00,0,1,0,0,1,1,U2 
H4,840,2015,870540,      0.00,      0.00,      0.00,      0.00,0,1,0,0,1,1,U2 
H4,840,2015,870590,      0.00,      0.00,      0.00,      0.00,0,1,0,0,1,1,U2 
H4,840,2015,870600,     13.50,      0.00,      4.00,      2.25,0,1,0,5,6,6,U2 
H4,840,2015,870710,      2.50,      2.50,      2.50,      2.50,0,0,0,1,1,1,U2 
H4,840,2015,870790,      4.00,      0.00,      4.00,      2.00,0,1,0,1,2,2,U2 
H4,840,2015,870810,      5.00,      2.50,      2.50,      2.50,0,0,0,2,2,2,U2 
H4,840,2015,870821,      2.50,      2.50,      2.50,      2.50,0,0,0,1,1,1,U2 
H4,840,2015,870829,      7.50,      0.00,      2.50,      1.88,0,1,0,3,4,4,U2 
H4,840,2015,870830,      2.50,      0.00,      2.50,      1.25,0,1,0,1,2,2,U2 
H4,840,2015,870840,      7.50,      0.00,      2.50,      1.07,0,4,0,3,7,7,U2 
H4,840,2015,870850,     22.50,      0.00,      2.50,      1.50,0,6,0,9,15,15,U2 
H4,840,2015,870870,      5.00,      0.00,      2.50,      0.83,0,4,0,2,6,6,U2 
H4,840,2015,870880,      7.50,      0.00,      2.50,      0.94,0,5,0,3,8,8,U2 
H4,840,2015,870891,      5.00,      0.00,      2.50,      0.83,0,4,0,2,6,6,U2 
H4,840,2015,870892,      5.00,      0.00,      2.50,      0.83,0,4,0,2,6,6,U2 
H4,840,2015,870893,      5.00,      0.00,      2.50,      1.25,0,2,0,2,4,4,U2 
H4,840,2015,870894,      5.00,      0.00,      2.50,      0.83,0,4,0,2,6,6,U2 
H4,840,2015,870895,      5.00,      0.00,      2.50,      1.25,0,2,0,2,4,4,U2 
H4,840,2015,870899,     10.00,      0.00,      2.50,      0.77,0,9,0,4,13,13,U2 
H4,840,2015,870911,      0.00,      0.00,      0.00,      0.00,0,1,0,0,1,1,U2 
H4,840,2015,870919,      0.00,      0.00,      0.00,      0.00,0,1,0,0,1,1,U2 
H4,840,2015,870990,      0.00,      0.00,      0.00,      0.00,0,1,0,0,1,1,U2 
H4,840,2015,871000,      0.00,      0.00,      0.00,      0.00,0,1,0,0,1,1,U2 
H4,840,2015,871110,      0.00,      0.00,      0.00,      0.00,0,1,0,0,1,1,U2 
H4,840,2015,871120,      0.00,      0.00,      0.00,      0.00,0,1,0,0,1,1,U2 
H4,840,2015,871130,      0.00,      0.00,      0.00,      0.00,0,1,0,0,1,1,U2 
H4,840,2015,871140,      2.40,      0.00,      2.40,      1.20,0,1,0,1,2,2,U2 
H4,840,2015,871150,      2.40,      2.40,      2.40,      2.40,0,0,0,1,1,1,U2 
H4,840,2015,871190,      0.00,      0.00,      0.00,      0.00,0,1,0,0,1,1,U2 
H4,840,2015,871200,     47.70,      3.70,     11.00,      7.95,0,0,0,6,6,6,U2 
H4,840,2015,871310,      0.00,      0.00,      0.00,      0.00,0,1,0,0,1,1,U2 
H4,840,2015,871390,      0.00,      0.00,      0.00,      0.00,0,1,0,0,1,1,U2 
H4,840,2015,871410,      0.00,      0.00,      0.00,      0.00,0,1,0,0,1,1,U2 
H4,840,2015,871420,      0.00,      0.00,      0.00,      0.00,0,1,0,0,1,1,U2 
H4,840,2015,871491,     13.80,      0.00,      6.00,      3.45,0,1,0,3,4,4,U2 
H4,840,2015,871492,     15.00,      5.00,     10.00,      7.50,0,0,0,2,2,2,U2 
H4,840,2015,871493,     13.00,      0.00,     10.00,      2.17,0,4,0,2,6,6,U2 
H4,840,2015,871494,     10.00,      0.00,     10.00,      5.00,0,1,0,1,2,2,U2 
H4,840,2015,871495,      8.00,      8.00,      8.00,      8.00,0,0,0,1,1,1,U2 
H4,840,2015,871496,     18.00,      0.00,     10.00,      6.00,0,1,0,2,3,3,U2 
H4,840,2015,871499,     10.00,      0.00,     10.00,      2.50,0,3,0,1,4,4,U2 
H4,840,2015,871500,      4.40,      4.40,      4.40,      4.40,0,0,0,1,1,1,U2 
H4,840,2015,871610,      0.00,      0.00,      0.00,      0.00,0,1,0,0,1,1,U2 
H4,840,2015,871620,      0.00,      0.00,      0.00,      0.00,0,1,0,0,1,1,U2 
H4,840,2015,871631,      0.00,      0.00,      0.00,      0.00,0,1,0,0,1,1,U2 
H4,840,2015,871639,      0.00,      0.00,      0.00,      0.00,0,1,0,0,1,1,U2 
H4,840,2015,871640,      0.00,      0.00,      0.00,      0.00,0,1,0,0,1,1,U2 
H4,840,2015,871680,      3.20,      0.00,      3.20,      1.60,0,1,0,1,2,2,U2 
H4,840,2015,871690,      8.80,      0.00,      5.70,      2.93,0,1,0,2,3,3,U2 
H4,840,2015,880100,      0.00,      0.00,      0.00,      0.00,0,1,0,0,1,1,U2 
H4,840,2015,880211,      0.00,      0.00,      0.00,      0.00,0,1,0,0,1,1,U2 
H4,840,2015,880212,      0.00,      0.00,      0.00,      0.00,0,1,0,0,1,1,U2 
H4,840,2015,880220,      0.00,      0.00,      0.00,      0.00,0,1,0,0,1,1,U2 
H4,840,2015,880230,      0.00,      0.00,      0.00,      0.00,0,1,0,0,1,1,U2 
H4,840,2015,880240,      0.00,      0.00,      0.00,      0.00,0,1,0,0,1,1,U2 
H4,840,2015,880260,      0.00,      0.00,      0.00,      0.00,0,2,0,0,2,2,U2 
H4,840,2015,880310,      0.00,      0.00,      0.00,      0.00,0,1,0,0,1,1,U2 
H4,840,2015,880320,      0.00,      0.00,      0.00,      0.00,0,1,0,0,1,1,U2 
H4,840,2015,880330,      0.00,      0.00,      0.00,      0.00,0,1,0,0,1,1,U2 
H4,840,2015,880390,      0.00,      0.00,      0.00,      0.00,0,2,0,0,2,2,U2 
H4,840,2015,880400,      3.00,      3.00,      3.00,      3.00,0,0,0,1,1,1,U2 
H4,840,2015,880510,      0.00,      0.00,      0.00,      0.00,0,1,0,0,1,1,U2 
H4,840,2015,880521,      0.00,      0.00,      0.00,      0.00,0,1,0,0,1,1,U2 
H4,840,2015,880529,      0.00,      0.00,      0.00,      0.00,0,1,0,0,1,1,U2 
H4,840,2015,890110,      0.00,      0.00,      0.00,      0.00,0,1,0,0,1,1,U2 
H4,840,2015,890120,      0.00,      0.00,      0.00,      0.00,0,1,0,0,1,1,U2 
H4,840,2015,890130,      0.00,      0.00,      0.00,      0.00,0,1,0,0,1,1,U2 
H4,840,2015,890190,      0.00,      0.00,      0.00,      0.00,0,1,0,0,1,1,U2 
H4,840,2015,890200,      0.00,      0.00,      0.00,      0.00,0,1,0,0,1,1,U2 
H4,840,2015,890310,      2.40,      2.40,      2.40,      2.40,0,0,0,1,1,1,U2 
H4,840,2015,890391,      1.50,      1.50,      1.50,      1.50,0,0,0,1,1,1,U2 
H4,840,2015,890392,      1.50,      1.50,      1.50,      1.50,0,0,0,1,1,1,U2 
H4,840,2015,890399,      4.70,      0.00,      2.70,      1.17,0,1,0,3,4,4,U2 
H4,840,2015,890400,      0.00,      0.00,      0.00,      0.00,0,1,0,0,1,1,U2 
H4,840,2015,890510,      0.00,      0.00,      0.00,      0.00,0,1,0,0,1,1,U2 
H4,840,2015,890520,      0.00,      0.00,      0.00,      0.00,0,1,0,0,1,1,U2 
H4,840,2015,890590,      0.00,      0.00,      0.00,      0.00,0,2,0,0,2,2,U2 
H4,840,2015,890610,      0.00,      0.00,      0.00,      0.00,0,1,0,0,1,1,U2 
H4,840,2015,890690,      0.00,      0.00,      0.00,      0.00,0,1,0,0,1,1,U2 
H4,840,2015,890710,      0.00,      0.00,      0.00,      0.00,0,1,0,0,1,1,U2 
H4,840,2015,890790,      0.00,      0.00,      0.00,      0.00,0,1,0,0,1,1,U2 
H4,840,2015,890800,      0.00,      0.00,      0.00,      0.00,0,1,0,0,1,1,U2 
H4,840,2015,900110,      6.70,      6.70,      6.70,      6.70,0,0,0,1,1,1,U2 
H4,840,2015,900120,      3.50,      3.50,      3.50,      3.50,0,0,0,1,1,1,U2 
H4,840,2015,900130,      2.00,      2.00,      2.00,      2.00,0,0,0,1,1,1,U2 
H4,840,2015,900140,      2.00,      2.00,      2.00,      2.00,0,0,0,1,1,1,U2 
H4,840,2015,900150,      2.00,      2.00,      2.00,      2.00,0,0,0,1,1,1,U2 
H4,840,2015,900190,     11.60,      1.10,      2.90,      2.32,0,0,0,5,5,5,U2 
H4,840,2015,900211,      4.75,      0.00,      2.45,      1.58,0,1,0,2,3,3,U2 
H4,840,2015,900219,      2.30,      2.30,      2.30,      2.30,0,0,0,1,1,1,U2 
H4,840,2015,900220,      4.90,      2.00,      2.90,      2.45,0,0,0,2,2,2,U2 
H4,840,2015,900290,      9.70,      0.00,      3.00,      1.94,0,1,0,4,5,5,U2 
H4,840,2015,900311,      2.50,      2.50,      2.50,      2.50,0,0,0,1,1,1,U2 
H4,840,2015,900319,      0.00,      0.00,      0.00,      0.00,0,1,0,0,1,1,U2 
H4,840,2015,900390,      2.50,      2.50,      2.50,      2.50,0,0,0,1,1,1,U2 
H4,840,2015,900410,      2.00,      2.00,      2.00,      2.00,0,0,0,1,1,1,U2 
H4,840,2015,900490,      2.50,      2.50,      2.50,      2.50,0,0,0,1,1,1,U2 
H4,840,2015,900510,      0.00,      0.00,      0.00,      0.00,0,1,0,0,1,1,U2 
H4,840,2015,900580,     14.00,      6.00,      8.00,      7.00,0,0,0,2,2,2,U2 
H4,840,2015,900590,,,,,2,0,0,0,0,2,U2 
H4,840,2015,900610,      0.00,      0.00,      0.00,      0.00,0,1,0,0,1,1,U2 
H4,840,2015,900630,      0.00,      0.00,      0.00,      0.00,0,1,0,0,1,1,U2 
H4,840,2015,900640,      6.80,      0.00,      6.80,      2.27,0,2,0,1,3,3,U2 
H4,840,2015,900651,      0.00,      0.00,      0.00,      0.00,0,1,0,0,1,1,U2 
H4,840,2015,900652,     10.80,      0.00,      6.80,      2.16,0,3,0,2,5,5,U2 
H4,840,2015,900653,      0.00,      0.00,      0.00,      0.00,0,1,0,0,1,1,U2 
H4,840,2015,900659,     10.80,      0.00,      6.80,      3.60,0,1,0,2,3,3,U2 
H4,840,2015,900661,      0.00,      0.00,      0.00,      0.00,0,1,0,0,1,1,U2 
H4,840,2015,900669,      0.00,      0.00,      0.00,      0.00,0,1,0,0,1,1,U2 
H4,840,2015,900691,      5.80,      5.80,      5.80,      5.80,0,0,0,1,1,1,U2 
H4,840,2015,900699,      3.90,      3.90,      3.90,      3.90,0,0,0,1,1,1,U2 
H4,840,2015,900710,      0.00,      0.00,      0.00,      0.00,0,1,0,0,1,1,U2 
H4,840,2015,900720,      8.40,      0.00,      4.90,      2.10,0,2,0,2,4,4,U2 
H4,840,2015,900791,      3.90,      0.00,      3.90,      1.95,0,1,0,1,2,2,U2 
H4,840,2015,900792,      3.50,      3.50,      3.50,      3.50,0,0,0,1,1,1,U2 
H4,840,2015,900850,     15.10,      0.00,      7.00,      3.02,0,2,0,3,5,5,U2 
H4,840,2015,900890,      2.90,      0.00,      2.90,      1.45,0,1,0,1,2,2,U2 
H4,840,2015,901010,      2.40,      2.40,      2.40,      2.40,0,0,0,1,1,1,U2 
H4,840,2015,901050,      8.40,      0.00,      4.50,      1.40,0,4,0,2,6,6,U2 
H4,840,2015,901060,      2.60,      2.60,      2.60,      2.60,0,0,0,1,1,1,U2 
H4,840,2015,901090,      6.30,      2.90,      3.40,      3.15,0,0,0,2,2,2,U2 
H4,840,2015,901110,     11.10,      3.90,      7.20,      5.55,0,0,0,2,2,2,U2 
H4,840,2015,901120,     11.10,      3.90,      7.20,      5.55,0,0,0,2,2,2,U2 
H4,840,2015,901180,      6.40,      6.40,      6.40,      6.40,0,0,0,1,1,1,U2 
H4,840,2015,901190,      5.70,      5.70,      5.70,      5.70,0,0,0,1,1,1,U2 
H4,840,2015,901210,      3.50,      3.50,      3.50,      3.50,0,0,0,1,1,1,U2 
H4,840,2015,901290,      4.90,      4.90,      4.90,      4.90,0,0,0,1,1,1,U2 
H4,840,2015,901310,     21.60,      1.40,     14.90,      7.20,0,0,0,3,3,3,U2 
H4,840,2015,901320,      3.10,      3.10,      3.10,      3.10,0,0,0,1,1,1,U2 
H4,840,2015,901380,     16.90,      0.00,      6.60,      4.22,0,1,0,3,4,4,U2 
H4,840,2015,901390,     20.50,      0.00,     16.00,      6.83,0,1,0,2,3,3,U2 
H4,840,2015,901410,      6.90,      0.00,      4.00,      1.73,0,2,0,2,4,4,U2 
H4,840,2015,901420,      6.10,      0.00,      3.30,      1.52,0,2,0,2,4,4,U2 
H4,840,2015,901480,      6.00,      0.00,      3.20,      1.50,0,2,0,2,4,4,U2 
H4,840,2015,901490,      0.00,      0.00,      0.00,      0.00,0,4,0,0,4,4,U2 
H4,840,2015,901510,      2.80,      0.00,      2.80,      1.40,0,1,0,1,2,2,U2 
H4,840,2015,901520,      2.80,      0.00,      2.80,      1.40,0,1,0,1,2,2,U2 
H4,840,2015,901530,      2.80,      0.00,      2.80,      1.40,0,1,0,1,2,2,U2 
H4,840,2015,901540,      3.00,      0.00,      3.00,      1.50,0,1,0,1,2,2,U2 
H4,840,2015,901580,      2.80,      0.00,      2.80,      0.93,0,2,0,1,3,3,U2 
H4,840,2015,901590,,,,,1,0,0,0,0,1,U2 
H4,840,2015,901600,     10.10,      2.90,      3.90,      3.37,0,0,0,3,3,3,U2 
H4,840,2015,901710,      3.90,      0.00,      3.90,      1.95,0,1,0,1,2,2,U2 
H4,840,2015,901720,      8.50,      0.00,      4.60,      2.83,0,1,0,2,3,3,U2 
H4,840,2015,901730,      9.70,      3.90,      5.80,      4.85,0,0,0,2,2,2,U2 
H4,840,2015,901780,      5.30,      5.30,      5.30,      5.30,0,0,0,1,1,1,U2 
H4,840,2015,901790,,,,,1,0,0,0,0,1,U2 
H4,840,2015,901811,      0.00,      0.00,      0.00,      0.00,0,3,0,0,3,3,U2 
H4,840,2015,901812,      0.00,      0.00,      0.00,      0.00,0,1,0,0,1,1,U2 
H4,840,2015,901813,      0.00,      0.00,      0.00,      0.00,0,1,0,0,1,1,U2 
H4,840,2015,901814,      0.00,      0.00,      0.00,      0.00,0,1,0,0,1,1,U2 
H4,840,2015,901819,      0.00,      0.00,      0.00,      0.00,0,4,0,0,4,4,U2 
H4,840,2015,901820,      0.00,      0.00,      0.00,      0.00,0,1,0,0,1,1,U2 
H4,840,2015,901831,      0.00,      0.00,      0.00,      0.00,0,1,0,0,1,1,U2 
H4,840,2015,901832,      0.00,      0.00,      0.00,      0.00,0,1,0,0,1,1,U2 
H4,840,2015,901839,      0.00,      0.00,      0.00,      0.00,0,1,0,0,1,1,U2 
H4,840,2015,901841,      0.00,      0.00,      0.00,      0.00,0,1,0,0,1,1,U2 
H4,840,2015,901849,      0.00,      0.00,      0.00,      0.00,0,2,0,0,2,2,U2 
H4,840,2015,901850,      0.00,      0.00,      0.00,      0.00,0,1,0,0,1,1,U2 
H4,840,2015,901890,      0.00,      0.00,      0.00,      0.00,0,10,0,0,10,10,U2 
H4,840,2015,901910,      0.00,      0.00,      0.00,      0.00,0,3,0,0,3,3,U2 
H4,840,2015,901920,      0.00,      0.00,      0.00,      0.00,0,1,0,0,1,1,U2 
H4,840,2015,902000,      5.00,      0.00,      2.50,      1.67,0,1,0,2,3,3,U2 
H4,840,2015,902110,      0.00,      0.00,      0.00,      0.00,0,1,0,0,1,1,U2 
H4,840,2015,902121,      0.00,      0.00,      0.00,      0.00,0,2,0,0,2,2,U2 
H4,840,2015,902129,      0.00,      0.00,      0.00,      0.00,0,2,0,0,2,2,U2 
H4,840,2015,902131,      0.00,      0.00,      0.00,      0.00,0,1,0,0,1,1,U2 
H4,840,2015,902139,      0.00,      0.00,      0.00,      0.00,0,1,0,0,1,1,U2 
H4,840,2015,902140,      0.00,      0.00,      0.00,      0.00,0,1,0,0,1,1,U2 
H4,840,2015,902150,      0.00,      0.00,      0.00,      0.00,0,1,0,0,1,1,U2 
H4,840,2015,902190,      0.00,      0.00,      0.00,      0.00,0,2,0,0,2,2,U2 
H4,840,2015,902212,      0.00,      0.00,      0.00,      0.00,0,1,0,0,1,1,U2 
H4,840,2015,902213,      0.00,      0.00,      0.00,      0.00,0,1,0,0,1,1,U2 
H4,840,2015,902214,      0.00,      0.00,      0.00,      0.00,0,1,0,0,1,1,U2 
H4,840,2015,902219,      0.00,      0.00,      0.00,      0.00,0,1,0,0,1,1,U2 
H4,840,2015,902221,      0.00,      0.00,      0.00,      0.00,0,1,0,0,1,1,U2 
H4,840,2015,902229,      2.40,      1.00,      1.40,      1.20,0,0,0,2,2,2,U2 
H4,840,2015,902230,      0.90,      0.90,      0.90,      0.90,0,0,0,1,1,1,U2 
H4,840,2015,902290,      7.10,      0.80,      1.40,      1.01,0,0,0,7,7,7,U2 
H4,840,2015,902300,      0.00,      0.00,      0.00,      0.00,0,1,0,0,1,1,U2 
H4,840,2015,902410,      1.70,      1.70,      1.70,      1.70,0,0,0,1,1,1,U2 
H4,840,2015,902480,      1.70,      1.70,      1.70,      1.70,0,0,0,1,1,1,U2 
H4,840,2015,902490,      1.70,      1.70,      1.70,      1.70,0,0,0,1,1,1,U2 
H4,840,2015,902511,      0.00,      0.00,      0.00,      0.00,0,2,0,0,2,2,U2 
H4,840,2015,902519,      3.20,      1.40,      1.80,      1.60,0,0,0,2,2,2,U2 
H4,840,2015,902580,      9.60,      1.00,      2.90,      1.60,0,0,0,6,6,6,U2 
H4,840,2015,902590,,,,,1,0,0,0,0,1,U2 
H4,840,2015,902610,      0.00,      0.00,      0.00,      0.00,0,3,0,0,3,3,U2 
H4,840,2015,902620,      0.00,      0.00,      0.00,      0.00,0,2,0,0,2,2,U2 
H4,840,2015,902680,      0.00,      0.00,      0.00,      0.00,0,3,0,0,3,3,U2 
H4,840,2015,902690,      0.00,      0.00,      0.00,      0.00,0,3,0,0,3,3,U2 
H4,840,2015,902710,      7.40,      1.70,      3.50,      2.47,0,0,0,3,3,3,U2 
H4,840,2015,902720,      0.00,      0.00,      0.00,      0.00,0,2,0,0,2,2,U2 
H4,840,2015,902730,      0.00,      0.00,      0.00,      0.00,0,2,0,0,2,2,U2 
H4,840,2015,902750,      1.20,      0.00,      1.20,      0.40,0,2,0,1,3,3,U2 
H4,840,2015,902780,      0.00,      0.00,      0.00,      0.00,0,3,0,0,3,3,U2 
H4,840,2015,902790,      9.60,      0.00,      3.50,      1.20,0,4,0,4,8,8,U2 
H4,840,2015,902810,      2.74,      2.74,      2.74,      2.74,0,0,1,0,1,1,U2 
H4,840,2015,902820,      2.99,      2.99,      2.99,      2.99,0,0,1,0,1,1,U2 
H4,840,2015,902830,      1.77,      1.77,      1.77,      1.77,0,0,1,0,1,1,U2 
H4,840,2015,902890,      3.20,      3.20,      3.20,      3.20,0,0,0,1,1,1,U2 
H4,840,2015,902910,      5.30,      0.00,      5.30,      2.65,0,1,0,1,2,2,U2 
H4,840,2015,902920,      8.92,      0.00,      6.00,      2.97,0,1,1,1,3,3,U2 
H4,840,2015,902990,     14.50,      0.00,      6.00,      3.63,0,1,0,3,4,4,U2 
H4,840,2015,903010,      1.60,      1.60,      1.60,      1.60,0,0,0,1,1,1,U2 
H4,840,2015,903020,      1.70,      0.00,      1.70,      0.85,0,1,0,1,2,2,U2 
H4,840,2015,903031,      1.70,      1.70,      1.70,      1.70,0,0,0,1,1,1,U2 
H4,840,2015,903032,      1.70,      1.70,      1.70,      1.70,0,0,0,1,1,1,U2 
H4,840,2015,903033,      1.70,      1.70,      1.70,      1.70,0,0,0,1,1,1,U2 
H4,840,2015,903039,      1.70,      1.70,      1.70,      1.70,0,0,0,1,1,1,U2 
H4,840,2015,903040,      0.00,      0.00,      0.00,      0.00,0,1,0,0,1,1,U2 
H4,840,2015,903082,      0.00,      0.00,      0.00,      0.00,0,1,0,0,1,1,U2 
H4,840,2015,903084,      1.70,      1.70,      1.70,      1.70,0,0,0,1,1,1,U2 
H4,840,2015,903089,      1.70,      1.70,      1.70,      1.70,0,0,0,1,1,1,U2 
H4,840,2015,903090,      6.60,      0.00,      1.70,      1.10,0,2,0,4,6,6,U2 
H4,840,2015,903110,      1.70,      1.70,      1.70,      1.70,0,0,0,1,1,1,U2 
H4,840,2015,903120,      1.70,      1.70,      1.70,      1.70,0,0,0,1,1,1,U2 
H4,840,2015,903141,      0.00,      0.00,      0.00,      0.00,0,1,0,0,1,1,U2 
H4,840,2015,903149,      9.50,      0.00,      3.50,      2.38,0,1,0,3,4,4,U2 
H4,840,2015,903180,      1.70,      0.00,      1.70,      0.85,0,1,0,1,2,2,U2 
H4,840,2015,903190,     11.20,      0.00,      3.50,      1.87,0,2,0,4,6,6,U2 
H4,840,2015,903210,      1.70,      1.70,      1.70,      1.70,0,0,0,1,1,1,U2 
H4,840,2015,903220,      1.70,      1.70,      1.70,      1.70,0,0,0,1,1,1,U2 
H4,840,2015,903281,      1.60,      1.60,      1.60,      1.60,0,0,0,1,1,1,U2 
H4,840,2015,903289,      4.50,      1.10,      1.70,      1.50,0,0,0,3,3,3,U2 
H4,840,2015,903290,      4.50,      1.10,      1.70,      1.50,0,0,0,3,3,3,U2 
H4,840,2015,903300,      4.40,      4.40,      4.40,      4.40,0,0,0,1,1,1,U2 
H4,840,2015,910111,,,,,2,0,0,0,0,2,U2 
H4,840,2015,910119,      0.00,      0.00,      0.00,      0.00,2,1,0,0,1,3,U2 
H4,840,2015,910121,     10.62,      0.00,      4.42,      2.66,0,1,1,2,4,4,U2 
H4,840,2015,910129,     30.17,      0.00,      5.06,      3.77,0,1,5,2,8,8,U2 
H4,840,2015,910191,      0.00,      0.00,      0.00,      0.00,0,3,0,0,3,3,U2 
H4,840,2015,910199,      4.08,      0.00,      4.08,      1.02,0,3,1,0,4,4,U2 
H4,840,2015,910211,,,,,8,0,0,0,0,8,U2 
H4,840,2015,910212,      0.00,      0.00,      0.00,      0.00,0,3,0,0,3,3,U2 
H4,840,2015,910219,,,,,4,0,0,0,0,4,U2 
H4,840,2015,910221,,,,,6,0,0,0,0,6,U2 
H4,840,2015,910229,     20.53,      6.53,     14.00,     10.26,11,0,1,1,2,13,U2 
H4,840,2015,910291,,,,,3,0,0,0,0,3,U2 
H4,840,2015,910299,     60.08,      4.88,     26.62,     15.02,0,0,4,0,4,4,U2 
H4,840,2015,910310,,,,,3,0,0,0,0,3,U2 
H4,840,2015,910390,      7.41,      7.41,      7.41,      7.41,0,0,1,0,1,1,U2 
H4,840,2015,910400,     18.60,      5.32,      7.69,      6.20,6,0,3,0,3,9,U2 
H4,840,2015,910511,,,,,2,0,0,0,0,2,U2 
H4,840,2015,910519,     53.22,      8.56,     20.88,     13.31,1,0,4,0,4,5,U2 
H4,840,2015,910521,,,,,2,0,0,0,0,2,U2 
H4,840,2015,910529,     39.84,      8.40,     12.19,      9.96,1,0,4,0,4,5,U2 
H4,840,2015,910591,,,,,2,0,0,0,0,2,U2 
H4,840,2015,910599,      9.13,      0.00,      5.26,      1.52,0,3,3,0,6,6,U2 
H4,840,2015,910610,,,,,1,0,0,0,0,1,U2 
H4,840,2015,910690,      3.90,      0.00,      3.90,      0.78,1,0,4,1,5,6,U2 
H4,840,2015,910700,      0.00,      0.00,      0.00,      0.00,0,0,2,0,2,2,U2 
H4,840,2015,910811,     63.81,     23.04,     40.77,     31.91,0,0,2,0,2,2,U2 
H4,840,2015,910812,,,,,1,0,0,0,0,1,U2 
H4,840,2015,910819,    113.02,     40.47,     72.55,     56.51,0,0,2,0,2,2,U2 
H4,840,2015,910820,      0.00,      0.00,      0.00,      0.00,0,2,0,0,2,2,U2 
H4,840,2015,910890,    835.08,      0.00,    165.79,     75.92,0,1,10,0,11,11,U2 
H4,840,2015,910910,     79.66,     31.85,     47.82,     39.83,6,0,2,0,2,8,U2 
H4,840,2015,910990,    267.39,     65.64,    122.77,     89.13,0,0,3,0,3,3,U2 
H4,840,2015,911011,,,,,1,0,0,0,0,1,U2 
H4,840,2015,911012,      9.00,      9.00,      9.00,      9.00,0,0,0,1,1,1,U2 
H4,840,2015,911019,      9.00,      9.00,      9.00,      9.00,0,0,0,1,1,1,U2 
H4,840,2015,911090,      4.20,      4.20,      4.20,      4.20,2,0,0,1,1,3,U2 
H4,840,2015,911110,      4.84,      4.84,      4.84,      4.84,0,0,1,0,1,1,U2 
H4,840,2015,911120,     14.84,      6.62,      8.23,      7.42,0,0,2,0,2,2,U2 
H4,840,2015,911180,     10.94,     10.94,     10.94,     10.94,0,0,1,0,1,1,U2 
H4,840,2015,911190,     12.80,      6.40,      6.40,      6.40,1,0,0,2,2,3,U2 
H4,840,2015,911220,      9.00,      3.50,      5.50,      4.50,0,0,0,2,2,2,U2 
H4,840,2015,911290,      5.50,      5.50,      5.50,      5.50,0,0,0,1,1,1,U2 
H4,840,2015,911310,      4.50,      4.50,      4.50,      4.50,0,0,0,1,1,1,U2 
H4,840,2015,911320,     40.00,      8.80,     11.20,     10.00,0,0,0,4,4,4,U2 
H4,840,2015,911390,      9.00,      1.80,      7.20,      4.50,0,0,0,2,2,2,U2 
H4,840,2015,911410,     11.50,      4.20,      7.30,      5.75,0,0,0,2,2,2,U2 
H4,840,2015,911430,      4.40,      4.40,      4.40,      4.40,1,0,0,1,1,2,U2 
H4,840,2015,911440,     11.50,      4.20,      7.30,      5.75,2,0,0,2,2,4,U2 
H4,840,2015,911490,     20.20,      0.00,      8.80,      5.05,1,1,0,3,4,5,U2 
H4,840,2015,920110,      4.70,      4.70,      4.70,      4.70,0,0,0,1,1,1,U2 
H4,840,2015,920120,      4.70,      4.70,      4.70,      4.70,0,0,0,1,1,1,U2 
H4,840,2015,920190,      3.50,      3.50,      3.50,      3.50,0,0,0,1,1,1,U2 
H4,840,2015,920210,      3.20,      3.20,      3.20,      3.20,0,0,0,1,1,1,U2 
H4,840,2015,920290,     17.80,      4.50,      8.70,      5.93,0,0,0,3,3,3,U2 
H4,840,2015,920510,      2.90,      2.90,      2.90,      2.90,0,0,0,1,1,1,U2 
H4,840,2015,920590,     10.20,      0.00,      4.90,      1.27,0,5,0,3,8,8,U2 
H4,840,2015,920600,     10.10,      0.00,      5.30,      2.53,0,2,0,2,4,4,U2 
H4,840,2015,920710,      5.40,      5.40,      5.40,      5.40,0,0,0,1,1,1,U2 
H4,840,2015,920790,      5.00,      5.00,      5.00,      5.00,0,0,0,1,1,1,U2 
H4,840,2015,920810,      3.20,      3.20,      3.20,      3.20,0,0,0,1,1,1,U2 
H4,840,2015,920890,      5.30,      5.30,      5.30,      5.30,0,0,0,1,1,1,U2 
H4,840,2015,920930,      0.00,      0.00,      0.00,      0.00,0,1,0,0,1,1,U2 
H4,840,2015,920991,      4.20,      0.00,      4.20,      2.10,0,1,0,1,2,2,U2 
H4,840,2015,920992,      8.50,      0.00,      4.60,      2.83,1,1,0,2,3,4,U2 
H4,840,2015,920994,      8.40,      2.70,      5.70,      4.20,0,0,0,2,2,2,U2 
H4,840,2015,920999,     13.70,      0.00,      5.70,      1.71,0,5,0,3,8,8,U2 
H4,840,2015,930110,      0.00,      0.00,      0.00,      0.00,0,1,0,0,1,1,U2 
H4,840,2015,930120,      0.00,      0.00,      0.00,      0.00,0,1,0,0,1,1,U2 
H4,840,2015,930190,      2.60,      0.00,      2.60,      1.30,1,1,0,1,2,3,U2 
H4,840,2015,930200,      3.05,      3.05,      3.05,      3.05,0,0,1,0,1,1,U2 
H4,840,2015,930310,      0.00,      0.00,      0.00,      0.00,0,1,0,0,1,1,U2 
H4,840,2015,930320,      2.60,      2.60,      2.60,      2.60,0,0,0,1,1,1,U2 
H4,840,2015,930330,,,,,2,0,0,0,0,2,U2 
H4,840,2015,930390,      4.20,      0.00,      4.20,      2.10,0,1,0,1,2,2,U2 
H4,840,2015,930400,      9.60,      0.00,      5.70,      3.20,0,1,0,2,3,3,U2 
H4,840,2015,930510,      8.40,      0.00,      4.20,      2.10,0,2,0,2,4,4,U2 
H4,840,2015,930520,      3.50,      0.00,      3.50,      1.75,0,1,0,1,2,2,U2 
H4,840,2015,930591,      0.00,      0.00,      0.00,      0.00,0,3,0,0,3,3,U2 
H4,840,2015,930599,      6.80,      0.00,      3.90,      2.27,0,1,0,2,3,3,U2 
H4,840,2015,930621,      0.00,      0.00,      0.00,      0.00,0,1,0,0,1,1,U2 
H4,840,2015,930629,      0.00,      0.00,      0.00,      0.00,0,1,0,0,1,1,U2 
H4,840,2015,930630,      0.00,      0.00,      0.00,      0.00,0,2,0,0,2,2,U2 
H4,840,2015,930690,      0.00,      0.00,      0.00,      0.00,0,1,0,0,1,1,U2 
H4,840,2015,930700,      2.70,      2.70,      2.70,      2.70,0,0,0,1,1,1,U2 
H4,840,2015,940110,      0.00,      0.00,      0.00,      0.00,0,2,0,0,2,2,U2 
H4,840,2015,940120,      0.00,      0.00,      0.00,      0.00,0,1,0,0,1,1,U2 
H4,840,2015,940130,      0.00,      0.00,      0.00,      0.00,0,2,0,0,2,2,U2 
H4,840,2015,940140,      0.00,      0.00,      0.00,      0.00,0,1,0,0,1,1,U2 
H4,840,2015,940151,      0.00,      0.00,      0.00,      0.00,0,1,0,0,1,1,U2 
H4,840,2015,940159,      0.00,      0.00,      0.00,      0.00,0,1,0,0,1,1,U2 
H4,840,2015,940161,      0.00,      0.00,      0.00,      0.00,0,3,0,0,3,3,U2 
H4,840,2015,940169,      0.00,      0.00,      0.00,      0.00,0,4,0,0,4,4,U2 
H4,840,2015,940171,      0.00,      0.00,      0.00,      0.00,0,1,0,0,1,1,U2 
H4,840,2015,940179,      0.00,      0.00,      0.00,      0.00,0,1,0,0,1,1,U2 
H4,840,2015,940180,      0.00,      0.00,      0.00,      0.00,0,3,0,0,3,3,U2 
H4,840,2015,940190,      0.00,      0.00,      0.00,      0.00,0,6,0,0,6,6,U2 
H4,840,2015,940210,      0.00,      0.00,      0.00,      0.00,0,1,0,0,1,1,U2 
H4,840,2015,940290,      0.00,      0.00,      0.00,      0.00,0,1,0,0,1,1,U2 
H4,840,2015,940310,      0.00,      0.00,      0.00,      0.00,0,1,0,0,1,1,U2 
H4,840,2015,940320,      0.00,      0.00,      0.00,      0.00,0,1,0,0,1,1,U2 
H4,840,2015,940330,      0.00,      0.00,      0.00,      0.00,0,2,0,0,2,2,U2 
H4,840,2015,940340,      0.00,      0.00,      0.00,      0.00,0,3,0,0,3,3,U2 
H4,840,2015,940350,      0.00,      0.00,      0.00,      0.00,0,3,0,0,3,3,U2 
H4,840,2015,940360,      0.00,      0.00,      0.00,      0.00,0,2,0,0,2,2,U2 
H4,840,2015,940370,      0.00,      0.00,      0.00,      0.00,0,2,0,0,2,2,U2 
H4,840,2015,940381,      0.00,      0.00,      0.00,      0.00,0,1,0,0,1,1,U2 
H4,840,2015,940389,      0.00,      0.00,      0.00,      0.00,0,2,0,0,2,2,U2 
H4,840,2015,940390,      0.00,      0.00,      0.00,      0.00,0,7,0,0,7,7,U2 
H4,840,2015,940410,      0.00,      0.00,      0.00,      0.00,0,1,0,0,1,1,U2 
H4,840,2015,940421,      3.00,      3.00,      3.00,      3.00,0,0,0,1,1,1,U2 
H4,840,2015,940429,      9.00,      3.00,      6.00,      4.50,0,0,0,2,2,2,U2 
H4,840,2015,940430,     13.70,      4.70,      9.00,      6.85,0,0,0,2,2,2,U2 
H4,840,2015,940490,     35.80,      4.40,     12.80,      7.16,0,0,0,5,5,5,U2 
H4,840,2015,940510,     15.40,      3.90,      7.60,      5.13,0,0,0,3,3,3,U2 
H4,840,2015,940520,     13.60,      3.70,      6.00,      4.53,0,0,0,3,3,3,U2 
H4,840,2015,940530,      8.00,      8.00,      8.00,      8.00,0,0,0,1,1,1,U2 
H4,840,2015,940540,     14.60,      3.90,      6.00,      4.87,0,0,0,3,3,3,U2 
H4,840,2015,940550,     14.60,      2.90,      6.00,      4.87,0,0,0,3,3,3,U2 
H4,840,2015,940560,     17.00,      5.30,      6.00,      5.67,0,0,0,3,3,3,U2 
H4,840,2015,940591,     36.00,      4.50,     12.00,      9.00,0,0,0,4,4,4,U2 
H4,840,2015,940592,      3.70,      3.70,      3.70,      3.70,0,0,0,1,1,1,U2 
H4,840,2015,940599,      9.90,      3.90,      6.00,      4.95,0,0,0,2,2,2,U2 
H4,840,2015,940600,      5.50,      2.60,      2.90,      2.75,0,0,0,2,2,2,U2 
H4,840,2015,950300,      0.00,      0.00,      0.00,      0.00,0,1,0,0,1,1,U2 
H4,840,2015,950420,      0.00,      0.00,      0.00,      0.00,0,4,0,0,4,4,U2 
H4,840,2015,950430,      0.00,      0.00,      0.00,      0.00,0,1,0,0,1,1,U2 
H4,840,2015,950440,      0.00,      0.00,      0.00,      0.00,0,1,0,0,1,1,U2 
H4,840,2015,950450,      0.00,      0.00,      0.00,      0.00,0,1,0,0,1,1,U2 
H4,840,2015,950490,      0.00,      0.00,      0.00,      0.00,0,3,0,0,3,3,U2 
H4,840,2015,950510,      0.00,      0.00,      0.00,      0.00,0,6,0,0,6,6,U2 
H4,840,2015,950590,      0.00,      0.00,      0.00,      0.00,0,3,0,0,3,3,U2 
H4,840,2015,950611,      2.60,      0.00,      2.60,      0.87,0,2,0,1,3,3,U2 
H4,840,2015,950612,      2.80,      0.00,      2.80,      1.40,0,1,0,1,2,2,U2 
H4,840,2015,950619,      2.80,      0.00,      2.80,      1.40,0,1,0,1,2,2,U2 
H4,840,2015,950621,      0.00,      0.00,      0.00,      0.00,0,2,0,0,2,2,U2 
H4,840,2015,950629,      0.00,      0.00,      0.00,      0.00,0,1,0,0,1,1,U2 
H4,840,2015,950631,      4.40,      4.40,      4.40,      4.40,0,0,0,1,1,1,U2 
H4,840,2015,950632,      0.00,      0.00,      0.00,      0.00,0,1,0,0,1,1,U2 
H4,840,2015,950639,      4.90,      4.90,      4.90,      4.90,0,0,0,1,1,1,U2 
H4,840,2015,950640,      5.10,      5.10,      5.10,      5.10,0,0,0,1,1,1,U2 
H4,840,2015,950651,     12.30,      3.10,      5.30,      4.10,0,0,0,3,3,3,U2 
H4,840,2015,950659,      9.60,      4.00,      5.60,      4.80,0,0,0,2,2,2,U2 
H4,840,2015,950661,      0.00,      0.00,      0.00,      0.00,0,1,0,0,1,1,U2 
H4,840,2015,950662,      4.80,      0.00,      4.80,      2.40,0,1,0,1,2,2,U2 
H4,840,2015,950669,     10.30,      0.00,      5.40,      3.43,0,1,0,2,3,3,U2 
H4,840,2015,950670,      2.90,      0.00,      2.90,      0.97,0,2,0,1,3,3,U2 
H4,840,2015,950691,      4.60,      4.60,      4.60,      4.60,0,0,0,1,1,1,U2 
H4,840,2015,950699,     26.20,      0.00,      5.60,      1.87,0,7,0,7,14,14,U2 
H4,840,2015,950710,      6.00,      6.00,      6.00,      6.00,0,0,0,1,1,1,U2 
H4,840,2015,950720,      8.80,      4.00,      4.80,      4.40,0,0,0,2,2,2,U2 
H4,840,2015,950730,     20.53,      2.03,      9.20,      5.13,0,0,1,3,4,4,U2 
H4,840,2015,950790,     32.30,      3.70,      9.00,      6.46,0,0,0,5,5,5,U2 
H4,840,2015,950810,      0.00,      0.00,      0.00,      0.00,0,1,0,0,1,1,U2 
H4,840,2015,950890,      0.00,      0.00,      0.00,      0.00,0,1,0,0,1,1,U2 
H4,840,2015,960110,      0.00,      0.00,      0.00,      0.00,0,1,0,0,1,1,U2 
H4,840,2015,960190,      5.80,      0.00,      3.70,      1.45,0,2,0,2,4,4,U2 
H4,840,2015,960200,      7.50,      1.80,      3.00,      2.50,0,0,0,3,3,3,U2 
H4,840,2015,960310,    105.09,      4.47,     32.00,     15.01,0,0,2,5,7,7,U2 
H4,840,2015,960321,      0.00,      0.00,      0.00,      0.00,0,1,0,0,1,1,U2 
H4,840,2015,960329,     11.40,      4.08,      7.32,      5.70,0,0,2,0,2,2,U2 
H4,840,2015,960330,      2.60,      0.00,      2.60,      0.87,0,2,0,1,3,3,U2 
H4,840,2015,960340,     11.50,      4.00,      7.50,      5.75,0,0,0,2,2,2,U2 
H4,840,2015,960350,      0.00,      0.00,      0.00,      0.00,0,1,0,0,1,1,U2 
H4,840,2015,960390,      2.80,      0.00,      2.80,      1.40,0,1,0,1,2,2,U2 
H4,840,2015,960400,      4.90,      4.90,      4.90,      4.90,0,0,0,1,1,1,U2 
H4,840,2015,960500,      8.10,      8.10,      8.10,      8.10,0,0,0,1,1,1,U2 
H4,840,2015,960610,      6.20,      2.70,      3.50,      3.10,0,0,0,2,2,2,U2 
H4,840,2015,960621,      4.70,      0.00,      4.70,      2.35,1,1,0,1,2,3,U2 
H4,840,2015,960622,      0.00,      0.00,      0.00,      0.00,0,1,0,0,1,1,U2 
H4,840,2015,960629,      2.90,      2.90,      2.90,      2.90,2,0,0,1,1,3,U2 
H4,840,2015,960630,      6.00,      0.00,      6.00,      3.00,0,1,0,1,2,2,U2 
H4,840,2015,960711,     10.00,     10.00,     10.00,     10.00,0,0,0,1,1,1,U2 
H4,840,2015,960719,     13.00,     13.00,     13.00,     13.00,0,0,0,1,1,1,U2 
H4,840,2015,960720,     11.50,     11.50,     11.50,     11.50,0,0,0,1,1,1,U2 
H4,840,2015,960810,      9.09,      9.09,      9.09,      9.09,0,0,1,0,1,1,U2 
H4,840,2015,960820,      4.00,      4.00,      4.00,      4.00,0,0,0,1,1,1,U2 
H4,840,2015,960830,      2.90,      2.90,      2.90,      2.90,0,0,1,0,1,1,U2 
H4,840,2015,960840,      6.60,      0.00,      6.60,      3.30,0,1,0,1,2,2,U2 
H4,840,2015,960850,,,,,1,0,0,0,0,1,U2 
H4,840,2015,960860,      8.20,      8.20,      8.20,      8.20,0,0,1,0,1,1,U2 
H4,840,2015,960891,      0.00,      0.00,      0.00,      0.00,0,1,0,0,1,1,U2 
H4,840,2015,960899,      0.00,      0.00,      0.00,      0.00,2,2,0,0,2,4,U2 
H4,840,2015,960910,,,,,1,0,0,0,0,1,U2 
H4,840,2015,960920,      0.00,      0.00,      0.00,      0.00,0,2,0,0,2,2,U2 
H4,840,2015,960990,      0.00,      0.00,      0.00,      0.00,0,2,0,0,2,2,U2 
H4,840,2015,961000,      3.50,      3.50,      3.50,      3.50,0,0,0,1,1,1,U2 
H4,840,2015,961100,      2.70,      2.70,      2.70,      2.70,0,0,0,1,1,1,U2 
H4,840,2015,961210,      7.90,      0.00,      7.90,      3.95,0,1,0,1,2,2,U2 
H4,840,2015,961220,      3.50,      3.50,      3.50,      3.50,0,0,0,1,1,1,U2 
H4,840,2015,961310,      8.00,      8.00,      8.00,      8.00,0,0,0,1,1,1,U2 
H4,840,2015,961320,      9.00,      9.00,      9.00,      9.00,0,0,0,1,1,1,U2 
H4,840,2015,961380,     29.30,      3.60,      9.00,      5.86,0,0,0,5,5,5,U2 
H4,840,2015,961390,     11.90,      3.90,      8.00,      5.95,0,0,0,2,2,2,U2 
H4,840,2015,961400,     10.20,      0.00,      7.20,      3.40,3,1,0,2,3,6,U2 
H4,840,2015,961511,     10.50,      0.00,      5.30,      3.50,2,1,0,2,3,5,U2 
H4,840,2015,961519,     11.00,     11.00,     11.00,     11.00,2,0,0,1,1,3,U2 
H4,840,2015,961590,     29.50,      5.10,     11.00,      7.38,0,0,0,4,4,4,U2 
H4,840,2015,961610,      0.00,      0.00,      0.00,      0.00,0,1,0,0,1,1,U2 
H4,840,2015,961620,      4.30,      4.30,      4.30,      4.30,0,0,0,1,1,1,U2 
H4,840,2015,961700,     28.20,      6.90,      7.20,      7.05,0,0,0,4,4,4,U2 
H4,840,2015,961800,      4.40,      4.40,      4.40,      4.40,0,0,0,1,1,1,U2 
H4,840,2015,961900,    144.10,      0.00,     16.00,      7.58,0,2,0,17,19,19,U2 
H4,840,2015,970110,      0.00,      0.00,      0.00,      0.00,0,1,0,0,1,1,U2 
H4,840,2015,970190,      0.00,      0.00,      0.00,      0.00,0,1,0,0,1,1,U2 
H4,840,2015,970200,      0.00,      0.00,      0.00,      0.00,0,1,0,0,1,1,U2 
H4,840,2015,970300,      0.00,      0.00,      0.00,      0.00,0,1,0,0,1,1,U2 
H4,840,2015,970400,      0.00,      0.00,      0.00,      0.00,0,1,0,0,1,1,U2 
H4,840,2015,970500,      0.00,      0.00,      0.00,      0.00,0,1,0,0,1,1,U2 
H4,840,2015,970600,      0.00,      0.00,      0.00,      0.00,0,1,0,0,1,1,U2 
