NomenCode,Reporter_ISO_N,Year,ProductCode,Sum_Of_Rates,Min_Rate,Max_Rate,SimpleAverage,Nbr_NA_Lines,Nbr_Free_Lines,Nbr_AVE_Lines,Nbr_Dutiable_Lines,TotalNoOfValidLines,TotalNoOfLines,EstCode
H5,840,2017,010121,      0.00,      0.00,      0.00,      0.00,0,1,0,0,1,1,U2 
H5,840,2017,010129,      0.00,      0.00,      0.00,      0.00,0,1,0,0,1,1,U2 
H5,840,2017,010130,      6.00,      6.00,      6.00,      6.00,0,0,0,1,1,1,U2 
H5,840,2017,010190,      4.00,      0.00,      4.00,      2.00,0,1,0,1,2,2,U2 
H5,840,2017,010221,      0.00,      0.00,      0.00,      0.00,0,1,0,0,1,1,U2 
H5,840,2017,010229,      0.32,      0.00,      0.32,      0.16,0,1,1,0,2,2,U2 
H5,840,2017,010231,      0.00,      0.00,      0.00,      0.00,0,1,0,0,1,1,U2 
H5,840,2017,010239,      0.18,      0.18,      0.18,      0.18,0,0,1,0,1,1,U2 
H5,840,2017,010290,      0.32,      0.32,      0.32,      0.32,0,0,1,0,1,1,U2 
H5,840,2017,010310,      0.00,      0.00,      0.00,      0.00,0,1,0,0,1,1,U2 
H5,840,2017,010391,      0.00,      0.00,      0.00,      0.00,0,1,0,0,1,1,U2 
H5,840,2017,010392,      0.00,      0.00,      0.00,      0.00,0,1,0,0,1,1,U2 
H5,840,2017,010410,      0.00,      0.00,      0.00,      0.00,0,1,0,0,1,1,U2 
H5,840,2017,010420,      1.04,      1.04,      1.04,      1.04,0,0,1,0,1,1,U2 
H5,840,2017,010511,      0.64,      0.64,      0.64,      0.64,0,0,1,0,1,1,U2 
H5,840,2017,010512,      0.38,      0.38,      0.38,      0.38,0,0,1,0,1,1,U2 
H5,840,2017,010513,      0.55,      0.55,      0.55,      0.55,0,0,1,0,1,1,U2 
H5,840,2017,010514,      0.28,      0.28,      0.28,      0.28,0,0,1,0,1,1,U2 
H5,840,2017,010515,      0.67,      0.67,      0.67,      0.67,0,0,1,0,1,1,U2 
H5,840,2017,010594,      2.06,      2.06,      2.06,      2.06,0,0,1,0,1,1,U2 
H5,840,2017,010599,      1.38,      1.38,      1.38,      1.38,0,0,1,0,1,1,U2 
H5,840,2017,010611,      0.00,      0.00,      0.00,      0.00,0,1,0,0,1,1,U2 
H5,840,2017,010612,      0.00,      0.00,      0.00,      0.00,0,1,0,0,1,1,U2 
H5,840,2017,010613,      0.00,      0.00,      0.00,      0.00,0,1,0,0,1,1,U2 
H5,840,2017,010614,      0.00,      0.00,      0.00,      0.00,0,1,0,0,1,1,U2 
H5,840,2017,010619,      4.00,      0.00,      4.00,      2.00,0,1,0,1,2,2,U2 
H5,840,2017,010620,      0.00,      0.00,      0.00,      0.00,0,1,0,0,1,1,U2 
H5,840,2017,010631,      1.00,      1.00,      1.00,      1.00,0,0,0,1,1,1,U2 
H5,840,2017,010632,      1.00,      1.00,      1.00,      1.00,0,0,0,1,1,1,U2 
H5,840,2017,010633,      1.00,      1.00,      1.00,      1.00,0,0,0,1,1,1,U2 
H5,840,2017,010639,      1.00,      1.00,      1.00,      1.00,0,0,0,1,1,1,U2 
H5,840,2017,010641,      0.00,      0.00,      0.00,      0.00,0,1,0,0,1,1,U2 
H5,840,2017,010649,      0.00,      0.00,      0.00,      0.00,0,1,0,0,1,1,U2 
H5,840,2017,010690,      0.00,      0.00,      0.00,      0.00,0,1,0,0,1,1,U2 
H5,840,2017,020110,     28.23,      1.11,     26.00,      9.41,0,0,2,1,3,3,U2 
H5,840,2017,020120,     55.86,      0.93,     26.00,      7.98,0,0,2,5,7,7,U2 
H5,840,2017,020130,     55.19,      0.60,     26.00,      7.88,0,0,2,5,7,7,U2 
H5,840,2017,020210,     28.55,      1.28,     26.00,      9.52,0,0,2,1,3,3,U2 
H5,840,2017,020220,     56.29,      1.14,     26.00,      8.04,0,0,2,5,7,7,U2 
H5,840,2017,020230,     55.85,      0.92,     26.00,      7.98,0,0,2,5,7,7,U2 
H5,840,2017,020311,      0.00,      0.00,      0.00,      0.00,0,1,0,0,1,1,U2 
H5,840,2017,020312,      0.69,      0.00,      0.69,      0.35,0,1,1,0,2,2,U2 
H5,840,2017,020319,      0.45,      0.00,      0.45,      0.22,0,1,1,0,2,2,U2 
H5,840,2017,020321,      0.00,      0.00,      0.00,      0.00,0,1,0,0,1,1,U2 
H5,840,2017,020322,      0.73,      0.00,      0.73,      0.37,0,1,1,0,2,2,U2 
H5,840,2017,020329,      0.48,      0.00,      0.48,      0.24,0,1,1,0,2,2,U2 
H5,840,2017,020410,      0.13,      0.13,      0.13,      0.13,0,0,1,0,1,1,U2 
H5,840,2017,020421,      0.59,      0.59,      0.59,      0.59,0,0,1,0,1,1,U2 
H5,840,2017,020422,      0.40,      0.08,      0.32,      0.20,0,0,2,0,2,2,U2 
H5,840,2017,020423,      0.34,      0.07,      0.27,      0.17,0,0,2,0,2,2,U2 
H5,840,2017,020430,      0.13,      0.13,      0.13,      0.13,0,0,1,0,1,1,U2 
H5,840,2017,020441,      0.83,      0.83,      0.83,      0.83,0,0,1,0,1,1,U2 
H5,840,2017,020442,      0.80,      0.16,      0.64,      0.40,0,0,2,0,2,2,U2 
H5,840,2017,020443,      0.53,      0.11,      0.43,      0.27,0,0,2,0,2,2,U2 
H5,840,2017,020450,      0.00,      0.00,      0.00,      0.00,0,1,0,0,1,1,U2 
H5,840,2017,020500,      0.00,      0.00,      0.00,      0.00,0,1,0,0,1,1,U2 
H5,840,2017,020610,      0.00,      0.00,      0.00,      0.00,0,1,0,0,1,1,U2 
H5,840,2017,020621,      0.00,      0.00,      0.00,      0.00,0,1,0,0,1,1,U2 
H5,840,2017,020622,      0.00,      0.00,      0.00,      0.00,0,1,0,0,1,1,U2 
H5,840,2017,020629,      0.00,      0.00,      0.00,      0.00,0,1,0,0,1,1,U2 
H5,840,2017,020630,      0.00,      0.00,      0.00,      0.00,0,1,0,0,1,1,U2 
H5,840,2017,020641,      0.00,      0.00,      0.00,      0.00,0,1,0,0,1,1,U2 
H5,840,2017,020649,      0.00,      0.00,      0.00,      0.00,0,1,0,0,1,1,U2 
H5,840,2017,020680,      0.00,      0.00,      0.00,      0.00,0,1,0,0,1,1,U2 
H5,840,2017,020690,      0.00,      0.00,      0.00,      0.00,0,1,0,0,1,1,U2 
H5,840,2017,020711,      3.67,      3.67,      3.67,      3.67,0,0,1,0,1,1,U2 
H5,840,2017,020712,      4.19,      4.19,      4.19,      4.19,0,0,1,0,1,1,U2 
H5,840,2017,020713,      7.50,      7.50,      7.50,      7.50,0,0,1,0,1,1,U2 
H5,840,2017,020714,      7.81,      7.81,      7.81,      7.81,0,0,1,0,1,1,U2 
H5,840,2017,020724,      6.07,      6.07,      6.07,      6.07,0,0,1,0,1,1,U2 
H5,840,2017,020725,     12.27,      2.27,     10.00,      6.14,0,0,1,1,2,2,U2 
H5,840,2017,020726,      4.87,      4.87,      4.87,      4.87,0,0,1,0,1,1,U2 
H5,840,2017,020727,      6.00,      6.00,      6.00,      6.00,0,0,1,0,1,1,U2 
H5,840,2017,020741,      3.89,      3.89,      3.89,      3.89,0,0,1,0,1,1,U2 
H5,840,2017,020742,      3.04,      3.04,      3.04,      3.04,0,0,1,0,1,1,U2 
H5,840,2017,020743,      2.68,      2.68,      2.68,      2.68,0,0,1,0,1,1,U2 
H5,840,2017,020744,      2.44,      2.44,      2.44,      2.44,0,0,1,0,1,1,U2 
H5,840,2017,020745,      2.80,      2.80,      2.80,      2.80,0,0,1,0,1,1,U2 
H5,840,2017,020751,      2.03,      2.03,      2.03,      2.03,0,0,1,0,1,1,U2 
H5,840,2017,020752,      2.56,      2.56,      2.56,      2.56,0,0,1,0,1,1,U2 
H5,840,2017,020753,      0.68,      0.68,      0.68,      0.68,0,0,1,0,1,1,U2 
H5,840,2017,020754,      2.62,      2.62,      2.62,      2.62,0,0,1,0,1,1,U2 
H5,840,2017,020755,      2.74,      2.74,      2.74,      2.74,0,0,1,0,1,1,U2 
H5,840,2017,020760,     12.95,      1.62,      3.24,      2.59,0,0,5,0,5,5,U2 
H5,840,2017,020810,      6.00,      6.00,      6.00,      6.00,0,0,0,1,1,1,U2 
H5,840,2017,020830,      6.00,      6.00,      6.00,      6.00,0,0,0,1,1,1,U2 
H5,840,2017,020840,      6.00,      6.00,      6.00,      6.00,0,0,0,1,1,1,U2 
H5,840,2017,020850,      6.00,      6.00,      6.00,      6.00,0,0,0,1,1,1,U2 
H5,840,2017,020860,      6.00,      6.00,      6.00,      6.00,0,0,0,1,1,1,U2 
H5,840,2017,020890,      7.05,      0.00,      6.00,      1.76,0,2,1,1,4,4,U2 
H5,840,2017,020910,      3.00,      3.00,      3.00,      3.00,0,0,0,1,1,1,U2 
H5,840,2017,020990,      3.00,      3.00,      3.00,      3.00,0,0,0,1,1,1,U2 
H5,840,2017,021011,      0.28,      0.28,      0.28,      0.28,0,0,1,0,1,1,U2 
H5,840,2017,021012,      0.28,      0.28,      0.28,      0.28,0,0,1,0,1,1,U2 
H5,840,2017,021019,      0.27,      0.27,      0.27,      0.27,0,0,1,0,1,1,U2 
H5,840,2017,021020,      0.00,      0.00,      0.00,      0.00,0,1,0,0,1,1,U2 
H5,840,2017,021091,      2.00,      2.00,      2.00,      2.00,0,0,0,1,1,1,U2 
H5,840,2017,021092,      2.00,      2.00,      2.00,      2.00,0,0,0,1,1,1,U2 
H5,840,2017,021093,      2.00,      2.00,      2.00,      2.00,0,0,0,1,1,1,U2 
H5,840,2017,021099,      4.00,      2.00,      2.00,      2.00,0,0,0,2,2,2,U2 
H5,840,2017,030111,      0.00,      0.00,      0.00,      0.00,0,1,0,0,1,1,U2 
H5,840,2017,030119,      0.00,      0.00,      0.00,      0.00,0,1,0,0,1,1,U2 
H5,840,2017,030191,      0.00,      0.00,      0.00,      0.00,0,1,0,0,1,1,U2 
H5,840,2017,030192,      0.00,      0.00,      0.00,      0.00,0,1,0,0,1,1,U2 
H5,840,2017,030193,      0.00,      0.00,      0.00,      0.00,0,1,0,0,1,1,U2 
H5,840,2017,030194,      0.00,      0.00,      0.00,      0.00,0,1,0,0,1,1,U2 
H5,840,2017,030195,      0.00,      0.00,      0.00,      0.00,0,1,0,0,1,1,U2 
H5,840,2017,030199,      0.00,      0.00,      0.00,      0.00,0,1,0,0,1,1,U2 
H5,840,2017,030211,      0.00,      0.00,      0.00,      0.00,0,1,0,0,1,1,U2 
H5,840,2017,030213,      0.00,      0.00,      0.00,      0.00,0,1,0,0,1,1,U2 
H5,840,2017,030214,      0.00,      0.00,      0.00,      0.00,0,1,0,0,1,1,U2 
H5,840,2017,030219,      0.00,      0.00,      0.00,      0.00,0,1,0,0,1,1,U2 
H5,840,2017,030221,      0.00,      0.00,      0.00,      0.00,0,1,0,0,1,1,U2 
H5,840,2017,030222,      0.00,      0.00,      0.00,      0.00,0,1,0,0,1,1,U2 
H5,840,2017,030223,      0.09,      0.09,      0.09,      0.09,0,0,1,0,1,1,U2 
H5,840,2017,030224,      0.00,      0.00,      0.00,      0.00,0,1,0,0,1,1,U2 
H5,840,2017,030229,      0.00,      0.00,      0.00,      0.00,0,1,0,0,1,1,U2 
H5,840,2017,030231,      0.00,      0.00,      0.00,      0.00,0,1,0,0,1,1,U2 
H5,840,2017,030232,      0.00,      0.00,      0.00,      0.00,0,1,0,0,1,1,U2 
H5,840,2017,030233,      0.00,      0.00,      0.00,      0.00,0,1,0,0,1,1,U2 
H5,840,2017,030234,      0.00,      0.00,      0.00,      0.00,0,1,0,0,1,1,U2 
H5,840,2017,030235,      0.00,      0.00,      0.00,      0.00,0,1,0,0,1,1,U2 
H5,840,2017,030236,      0.00,      0.00,      0.00,      0.00,0,1,0,0,1,1,U2 
H5,840,2017,030239,      0.00,      0.00,      0.00,      0.00,0,1,0,0,1,1,U2 
H5,840,2017,030241,      0.00,      0.00,      0.00,      0.00,0,1,0,0,1,1,U2 
H5,840,2017,030242,      0.00,      0.00,      0.00,      0.00,0,1,0,0,1,1,U2 
H5,840,2017,030243,      0.00,      0.00,      0.00,      0.00,0,1,0,0,1,1,U2 
H5,840,2017,030244,      0.00,      0.00,      0.00,      0.00,0,1,0,0,1,1,U2 
H5,840,2017,030245,      3.00,      0.00,      3.00,      1.50,0,1,0,1,2,2,U2 
H5,840,2017,030246,      3.00,      0.00,      3.00,      1.50,0,1,0,1,2,2,U2 
H5,840,2017,030247,      0.00,      0.00,      0.00,      0.00,0,1,0,0,1,1,U2 
H5,840,2017,030249,      0.00,      0.00,      0.00,      0.00,0,1,0,0,1,1,U2 
H5,840,2017,030251,      0.00,      0.00,      0.00,      0.00,0,1,0,0,1,1,U2 
H5,840,2017,030252,      0.00,      0.00,      0.00,      0.00,0,1,0,0,1,1,U2 
H5,840,2017,030253,      0.00,      0.00,      0.00,      0.00,0,1,0,0,1,1,U2 
H5,840,2017,030254,      3.00,      0.00,      3.00,      1.50,0,1,0,1,2,2,U2 
H5,840,2017,030255,      3.00,      0.00,      3.00,      1.50,0,1,0,1,2,2,U2 
H5,840,2017,030256,      3.00,      0.00,      3.00,      1.50,0,1,0,1,2,2,U2 
H5,840,2017,030259,      3.00,      0.00,      3.00,      1.50,0,1,0,1,2,2,U2 
H5,840,2017,030271,      3.00,      0.00,      3.00,      1.50,0,1,0,1,2,2,U2 
H5,840,2017,030272,      3.00,      0.00,      3.00,      1.50,0,1,0,1,2,2,U2 
H5,840,2017,030273,      3.00,      0.00,      3.00,      1.50,0,1,0,1,2,2,U2 
H5,840,2017,030274,      0.00,      0.00,      0.00,      0.00,0,1,0,0,1,1,U2 
H5,840,2017,030279,      3.00,      0.00,      3.00,      1.50,0,1,0,1,2,2,U2 
H5,840,2017,030281,      0.00,      0.00,      0.00,      0.00,0,1,0,0,1,1,U2 
H5,840,2017,030282,      0.00,      0.00,      0.00,      0.00,0,1,0,0,1,1,U2 
H5,840,2017,030283,      0.00,      0.00,      0.00,      0.00,0,1,0,0,1,1,U2 
H5,840,2017,030284,      3.00,      0.00,      3.00,      1.50,0,1,0,1,2,2,U2 
H5,840,2017,030285,      3.00,      0.00,      3.00,      1.50,0,1,0,1,2,2,U2 
H5,840,2017,030289,      3.00,      0.00,      3.00,      1.50,0,1,0,1,2,2,U2 
H5,840,2017,030291,     15.00,      0.00,     15.00,      7.50,0,1,0,1,2,2,U2 
H5,840,2017,030292,      0.00,      0.00,      0.00,      0.00,0,1,0,0,1,1,U2 
H5,840,2017,030299,      0.00,      0.00,      0.00,      0.00,0,1,0,0,1,1,U2 
H5,840,2017,030311,      0.00,      0.00,      0.00,      0.00,0,1,0,0,1,1,U2 
H5,840,2017,030312,      0.00,      0.00,      0.00,      0.00,0,1,0,0,1,1,U2 
H5,840,2017,030313,      0.00,      0.00,      0.00,      0.00,0,1,0,0,1,1,U2 
H5,840,2017,030314,      0.00,      0.00,      0.00,      0.00,0,1,0,0,1,1,U2 
H5,840,2017,030319,      0.00,      0.00,      0.00,      0.00,0,1,0,0,1,1,U2 
H5,840,2017,030323,      0.00,      0.00,      0.00,      0.00,0,1,0,0,1,1,U2 
H5,840,2017,030324,      0.00,      0.00,      0.00,      0.00,0,1,0,0,1,1,U2 
H5,840,2017,030325,      0.00,      0.00,      0.00,      0.00,0,1,0,0,1,1,U2 
H5,840,2017,030326,      0.00,      0.00,      0.00,      0.00,0,1,0,0,1,1,U2 
H5,840,2017,030329,      0.00,      0.00,      0.00,      0.00,0,1,0,0,1,1,U2 
H5,840,2017,030331,      0.00,      0.00,      0.00,      0.00,0,1,0,0,1,1,U2 
H5,840,2017,030332,      0.00,      0.00,      0.00,      0.00,0,1,0,0,1,1,U2 
H5,840,2017,030333,      0.19,      0.19,      0.19,      0.19,0,0,1,0,1,1,U2 
H5,840,2017,030334,      0.20,      0.20,      0.20,      0.20,0,0,1,0,1,1,U2 
H5,840,2017,030339,      0.58,      0.58,      0.58,      0.58,0,0,1,0,1,1,U2 
H5,840,2017,030341,      0.00,      0.00,      0.00,      0.00,0,1,0,0,1,1,U2 
H5,840,2017,030342,      0.00,      0.00,      0.00,      0.00,0,1,0,0,1,1,U2 
H5,840,2017,030343,      0.00,      0.00,      0.00,      0.00,0,1,0,0,1,1,U2 
H5,840,2017,030344,      0.00,      0.00,      0.00,      0.00,0,1,0,0,1,1,U2 
H5,840,2017,030345,      0.00,      0.00,      0.00,      0.00,0,1,0,0,1,1,U2 
H5,840,2017,030346,      0.00,      0.00,      0.00,      0.00,0,1,0,0,1,1,U2 
H5,840,2017,030349,      0.00,      0.00,      0.00,      0.00,0,1,0,0,1,1,U2 
H5,840,2017,030351,      0.00,      0.00,      0.00,      0.00,0,1,0,0,1,1,U2 
H5,840,2017,030353,      1.25,      1.25,      1.25,      1.25,0,0,1,0,1,1,U2 
H5,840,2017,030354,      0.00,      0.00,      0.00,      0.00,0,1,0,0,1,1,U2 
H5,840,2017,030355,      0.00,      0.00,      0.00,      0.00,0,1,0,0,1,1,U2 
H5,840,2017,030356,      0.00,      0.00,      0.00,      0.00,0,1,0,0,1,1,U2 
H5,840,2017,030357,      0.00,      0.00,      0.00,      0.00,0,1,0,0,1,1,U2 
H5,840,2017,030359,      0.00,      0.00,      0.00,      0.00,0,1,0,0,1,1,U2 
H5,840,2017,030363,      0.00,      0.00,      0.00,      0.00,0,1,0,0,1,1,U2 
H5,840,2017,030364,      0.00,      0.00,      0.00,      0.00,0,1,0,0,1,1,U2 
H5,840,2017,030365,      0.00,      0.00,      0.00,      0.00,0,1,0,0,1,1,U2 
H5,840,2017,030366,      0.00,      0.00,      0.00,      0.00,0,1,0,0,1,1,U2 
H5,840,2017,030367,      0.00,      0.00,      0.00,      0.00,0,1,0,0,1,1,U2 
H5,840,2017,030368,      0.00,      0.00,      0.00,      0.00,0,1,0,0,1,1,U2 
H5,840,2017,030369,      0.00,      0.00,      0.00,      0.00,0,1,0,0,1,1,U2 
H5,840,2017,030381,      0.49,      0.49,      0.49,      0.49,0,0,1,0,1,1,U2 
H5,840,2017,030382,      0.00,      0.00,      0.00,      0.00,0,1,0,0,1,1,U2 
H5,840,2017,030383,      0.00,      0.00,      0.00,      0.00,0,1,0,0,1,1,U2 
H5,840,2017,030384,      0.00,      0.00,      0.00,      0.00,0,1,0,0,1,1,U2 
H5,840,2017,030389,      0.00,      0.00,      0.00,      0.00,0,1,0,0,1,1,U2 
H5,840,2017,030391,     15.00,      0.00,     15.00,      7.50,0,1,0,1,2,2,U2 
H5,840,2017,030392,      0.10,      0.10,      0.10,      0.10,0,0,1,0,1,1,U2 
H5,840,2017,030399,      0.00,      0.00,      0.00,      0.00,0,1,0,0,1,1,U2 
H5,840,2017,030431,      0.00,      0.00,      0.00,      0.00,0,1,0,0,1,1,U2 
H5,840,2017,030432,      0.00,      0.00,      0.00,      0.00,0,1,0,0,1,1,U2 
H5,840,2017,030433,      0.00,      0.00,      0.00,      0.00,0,1,0,0,1,1,U2 
H5,840,2017,030439,      0.00,      0.00,      0.00,      0.00,0,1,0,0,1,1,U2 
H5,840,2017,030441,      0.00,      0.00,      0.00,      0.00,0,1,0,0,1,1,U2 
H5,840,2017,030442,      0.00,      0.00,      0.00,      0.00,0,1,0,0,1,1,U2 
H5,840,2017,030443,      0.00,      0.00,      0.00,      0.00,0,1,0,0,1,1,U2 
H5,840,2017,030444,      0.00,      0.00,      0.00,      0.00,0,1,0,0,1,1,U2 
H5,840,2017,030445,      0.00,      0.00,      0.00,      0.00,0,1,0,0,1,1,U2 
H5,840,2017,030446,      0.00,      0.00,      0.00,      0.00,0,1,0,0,1,1,U2 
H5,840,2017,030447,      0.00,      0.00,      0.00,      0.00,0,1,0,0,1,1,U2 
H5,840,2017,030448,      0.00,      0.00,      0.00,      0.00,0,1,0,0,1,1,U2 
H5,840,2017,030449,      0.00,      0.00,      0.00,      0.00,0,1,0,0,1,1,U2 
H5,840,2017,030451,      0.00,      0.00,      0.00,      0.00,0,1,0,0,1,1,U2 
H5,840,2017,030452,      0.00,      0.00,      0.00,      0.00,0,1,0,0,1,1,U2 
H5,840,2017,030453,      0.00,      0.00,      0.00,      0.00,0,1,0,0,1,1,U2 
H5,840,2017,030454,      0.00,      0.00,      0.00,      0.00,0,1,0,0,1,1,U2 
H5,840,2017,030455,      0.00,      0.00,      0.00,      0.00,0,1,0,0,1,1,U2 
H5,840,2017,030456,      0.00,      0.00,      0.00,      0.00,0,1,0,0,1,1,U2 
H5,840,2017,030457,      0.00,      0.00,      0.00,      0.00,0,1,0,0,1,1,U2 
H5,840,2017,030459,      0.00,      0.00,      0.00,      0.00,0,1,0,0,1,1,U2 
H5,840,2017,030461,      0.00,      0.00,      0.00,      0.00,0,1,0,0,1,1,U2 
H5,840,2017,030462,      0.00,      0.00,      0.00,      0.00,0,1,0,0,1,1,U2 
H5,840,2017,030463,      0.00,      0.00,      0.00,      0.00,0,1,0,0,1,1,U2 
H5,840,2017,030469,      0.00,      0.00,      0.00,      0.00,0,1,0,0,1,1,U2 
H5,840,2017,030471,      0.00,      0.00,      0.00,      0.00,0,2,0,0,2,2,U2 
H5,840,2017,030472,      0.00,      0.00,      0.00,      0.00,0,2,0,0,2,2,U2 
H5,840,2017,030473,      0.00,      0.00,      0.00,      0.00,0,2,0,0,2,2,U2 
H5,840,2017,030474,      0.00,      0.00,      0.00,      0.00,0,2,0,0,2,2,U2 
H5,840,2017,030475,      0.00,      0.00,      0.00,      0.00,0,2,0,0,2,2,U2 
H5,840,2017,030479,      0.00,      0.00,      0.00,      0.00,0,2,0,0,2,2,U2 
H5,840,2017,030481,      0.00,      0.00,      0.00,      0.00,0,2,0,0,2,2,U2 
H5,840,2017,030482,      0.00,      0.00,      0.00,      0.00,0,2,0,0,2,2,U2 
H5,840,2017,030483,      0.00,      0.00,      0.00,      0.00,0,2,0,0,2,2,U2 
H5,840,2017,030484,      0.00,      0.00,      0.00,      0.00,0,1,0,0,1,1,U2 
H5,840,2017,030485,      0.00,      0.00,      0.00,      0.00,0,1,0,0,1,1,U2 
H5,840,2017,030486,      0.00,      0.00,      0.00,      0.00,0,1,0,0,1,1,U2 
H5,840,2017,030487,      0.00,      0.00,      0.00,      0.00,0,1,0,0,1,1,U2 
H5,840,2017,030488,      0.00,      0.00,      0.00,      0.00,0,1,0,0,1,1,U2 
H5,840,2017,030489,      0.00,      0.00,      0.00,      0.00,0,2,0,0,2,2,U2 
H5,840,2017,030491,      6.00,      0.00,      6.00,      3.00,0,1,0,1,2,2,U2 
H5,840,2017,030492,      6.00,      0.00,      6.00,      3.00,0,1,0,1,2,2,U2 
H5,840,2017,030493,      6.00,      0.00,      6.00,      3.00,0,1,0,1,2,2,U2 
H5,840,2017,030494,      6.00,      0.00,      6.00,      3.00,0,1,0,1,2,2,U2 
H5,840,2017,030495,      6.00,      0.00,      6.00,      3.00,0,1,0,1,2,2,U2 
H5,840,2017,030496,      6.00,      6.00,      6.00,      6.00,0,0,0,1,1,1,U2 
H5,840,2017,030497,      6.00,      6.00,      6.00,      6.00,0,0,0,1,1,1,U2 
H5,840,2017,030499,      6.00,      0.00,      6.00,      3.00,0,1,0,1,2,2,U2 
H5,840,2017,030510,      6.00,      0.00,      6.00,      3.00,0,1,0,1,2,2,U2 
H5,840,2017,030520,      7.00,      0.00,      7.00,      3.50,0,1,0,1,2,2,U2 
H5,840,2017,030531,      0.00,      0.00,      0.00,      0.00,0,1,0,0,1,1,U2 
H5,840,2017,030532,      0.00,      0.00,      0.00,      0.00,0,1,0,0,1,1,U2 
H5,840,2017,030539,      9.00,      0.00,      5.00,      3.00,0,1,0,2,3,3,U2 
H5,840,2017,030541,      5.00,      5.00,      5.00,      5.00,0,0,0,1,1,1,U2 
H5,840,2017,030542,      0.00,      0.00,      0.00,      0.00,0,1,0,0,1,1,U2 
H5,840,2017,030543,      0.00,      0.00,      0.00,      0.00,0,1,0,0,1,1,U2 
H5,840,2017,030544,      0.00,      0.00,      0.00,      0.00,0,1,0,0,1,1,U2 
H5,840,2017,030549,      0.00,      0.00,      0.00,      0.00,0,2,0,0,2,2,U2 
H5,840,2017,030551,      0.00,      0.00,      0.00,      0.00,0,1,0,0,1,1,U2 
H5,840,2017,030552,      0.00,      0.00,      0.00,      0.00,0,1,0,0,1,1,U2 
H5,840,2017,030553,      0.00,      0.00,      0.00,      0.00,0,1,0,0,1,1,U2 
H5,840,2017,030554,      0.00,      0.00,      0.00,      0.00,0,1,0,0,1,1,U2 
H5,840,2017,030559,      0.00,      0.00,      0.00,      0.00,0,1,0,0,1,1,U2 
H5,840,2017,030561,      4.00,      0.00,      4.00,      2.00,0,1,0,1,2,2,U2 
H5,840,2017,030562,      0.00,      0.00,      0.00,      0.00,0,1,0,0,1,1,U2 
H5,840,2017,030563,      5.00,      0.00,      5.00,      1.67,0,2,0,1,3,3,U2 
H5,840,2017,030564,      0.50,      0.00,      0.50,      0.25,0,1,0,1,2,2,U2 
H5,840,2017,030569,      8.50,      0.00,      5.00,      1.42,0,3,0,3,6,6,U2 
H5,840,2017,030571,      0.00,      0.00,      0.00,      0.00,0,1,0,0,1,1,U2 
H5,840,2017,030572,      0.00,      0.00,      0.00,      0.00,0,1,0,0,1,1,U2 
H5,840,2017,030579,      0.00,      0.00,      0.00,      0.00,0,1,0,0,1,1,U2 
H5,840,2017,030611,      0.00,      0.00,      0.00,      0.00,0,1,0,0,1,1,U2 
H5,840,2017,030612,      0.00,      0.00,      0.00,      0.00,0,1,0,0,1,1,U2 
H5,840,2017,030614,      7.00,      0.00,      7.00,      3.50,0,1,0,1,2,2,U2 
H5,840,2017,030615,      0.00,      0.00,      0.00,      0.00,0,1,0,0,1,1,U2 
H5,840,2017,030616,      0.00,      0.00,      0.00,      0.00,0,1,0,0,1,1,U2 
H5,840,2017,030617,      0.00,      0.00,      0.00,      0.00,0,1,0,0,1,1,U2 
H5,840,2017,030619,      0.00,      0.00,      0.00,      0.00,0,1,0,0,1,1,U2 
H5,840,2017,030631,      0.00,      0.00,      0.00,      0.00,0,1,0,0,1,1,U2 
H5,840,2017,030632,      0.00,      0.00,      0.00,      0.00,0,1,0,0,1,1,U2 
H5,840,2017,030633,      7.00,      0.00,      7.00,      3.50,0,1,0,1,2,2,U2 
H5,840,2017,030634,      0.00,      0.00,      0.00,      0.00,0,1,0,0,1,1,U2 
H5,840,2017,030635,      0.00,      0.00,      0.00,      0.00,0,1,0,0,1,1,U2 
H5,840,2017,030636,      0.00,      0.00,      0.00,      0.00,0,1,0,0,1,1,U2 
H5,840,2017,030639,      0.00,      0.00,      0.00,      0.00,0,1,0,0,1,1,U2 
H5,840,2017,030691,      0.00,      0.00,      0.00,      0.00,0,1,0,0,1,1,U2 
H5,840,2017,030692,      0.00,      0.00,      0.00,      0.00,0,1,0,0,1,1,U2 
H5,840,2017,030693,      7.00,      0.00,      7.00,      3.50,0,1,0,1,2,2,U2 
H5,840,2017,030694,      0.00,      0.00,      0.00,      0.00,0,1,0,0,1,1,U2 
H5,840,2017,030695,      0.00,      0.00,      0.00,      0.00,0,1,0,0,1,1,U2 
H5,840,2017,030699,      0.00,      0.00,      0.00,      0.00,0,1,0,0,1,1,U2 
H5,840,2017,030711,      0.00,      0.00,      0.00,      0.00,0,1,0,0,1,1,U2 
H5,840,2017,030712,      0.00,      0.00,      0.00,      0.00,0,1,0,0,1,1,U2 
H5,840,2017,030719,      0.00,      0.00,      0.00,      0.00,0,1,0,0,1,1,U2 
H5,840,2017,030721,      0.00,      0.00,      0.00,      0.00,0,1,0,0,1,1,U2 
H5,840,2017,030722,      0.00,      0.00,      0.00,      0.00,0,1,0,0,1,1,U2 
H5,840,2017,030729,      0.00,      0.00,      0.00,      0.00,0,1,0,0,1,1,U2 
H5,840,2017,030731,      0.00,      0.00,      0.00,      0.00,0,1,0,0,1,1,U2 
H5,840,2017,030732,      0.00,      0.00,      0.00,      0.00,0,1,0,0,1,1,U2 
H5,840,2017,030739,      0.00,      0.00,      0.00,      0.00,0,1,0,0,1,1,U2 
H5,840,2017,030742,      0.00,      0.00,      0.00,      0.00,0,1,0,0,1,1,U2 
H5,840,2017,030743,      0.00,      0.00,      0.00,      0.00,0,1,0,0,1,1,U2 
H5,840,2017,030749,      0.00,      0.00,      0.00,      0.00,0,1,0,0,1,1,U2 
H5,840,2017,030751,      0.00,      0.00,      0.00,      0.00,0,1,0,0,1,1,U2 
H5,840,2017,030752,      0.00,      0.00,      0.00,      0.00,0,1,0,0,1,1,U2 
H5,840,2017,030759,      0.00,      0.00,      0.00,      0.00,0,1,0,0,1,1,U2 
H5,840,2017,030760,      5.00,      5.00,      5.00,      5.00,0,0,0,1,1,1,U2 
H5,840,2017,030771,      0.00,      0.00,      0.00,      0.00,0,1,0,0,1,1,U2 
H5,840,2017,030772,      0.00,      0.00,      0.00,      0.00,0,1,0,0,1,1,U2 
H5,840,2017,030779,      0.00,      0.00,      0.00,      0.00,0,1,0,0,1,1,U2 
H5,840,2017,030781,      0.00,      0.00,      0.00,      0.00,0,1,0,0,1,1,U2 
H5,840,2017,030782,      0.00,      0.00,      0.00,      0.00,0,1,0,0,1,1,U2 
H5,840,2017,030783,      0.00,      0.00,      0.00,      0.00,0,1,0,0,1,1,U2 
H5,840,2017,030784,      0.00,      0.00,      0.00,      0.00,0,1,0,0,1,1,U2 
H5,840,2017,030787,      0.00,      0.00,      0.00,      0.00,0,1,0,0,1,1,U2 
H5,840,2017,030788,      0.00,      0.00,      0.00,      0.00,0,1,0,0,1,1,U2 
H5,840,2017,030791,      0.00,      0.00,      0.00,      0.00,0,1,0,0,1,1,U2 
H5,840,2017,030792,      0.00,      0.00,      0.00,      0.00,0,1,0,0,1,1,U2 
H5,840,2017,030799,      0.00,      0.00,      0.00,      0.00,0,1,0,0,1,1,U2 
H5,840,2017,030811,      0.00,      0.00,      0.00,      0.00,0,1,0,0,1,1,U2 
H5,840,2017,030812,      0.00,      0.00,      0.00,      0.00,0,1,0,0,1,1,U2 
H5,840,2017,030819,      0.00,      0.00,      0.00,      0.00,0,1,0,0,1,1,U2 
H5,840,2017,030821,      0.00,      0.00,      0.00,      0.00,0,1,0,0,1,1,U2 
H5,840,2017,030822,      0.00,      0.00,      0.00,      0.00,0,1,0,0,1,1,U2 
H5,840,2017,030829,      0.00,      0.00,      0.00,      0.00,0,1,0,0,1,1,U2 
H5,840,2017,030830,      0.00,      0.00,      0.00,      0.00,0,1,0,0,1,1,U2 
H5,840,2017,030890,      0.00,      0.00,      0.00,      0.00,0,1,0,0,1,1,U2 
H5,840,2017,040110,,,,,1,0,0,0,0,1,U2 
H5,840,2017,040120,,,,,2,0,0,0,0,2,U2 
H5,840,2017,040140,,,,,3,0,0,0,0,3,U2 
H5,840,2017,040150,     71.10,      4.62,     61.86,     23.70,3,0,3,0,3,6,U2 
H5,840,2017,040210,     43.16,      1.53,     40.10,     14.39,0,0,3,0,3,3,U2 
H5,840,2017,040221,    135.56,      1.12,     52.88,     15.06,0,0,9,0,9,9,U2 
H5,840,2017,040229,     84.96,     17.00,     50.96,     28.32,0,0,1,2,3,3,U2 
H5,840,2017,040291,     64.76,      1.94,     27.54,     10.79,0,0,6,0,6,6,U2 
H5,840,2017,040299,    136.21,      1.80,     40.18,     15.13,0,0,7,2,9,9,U2 
H5,840,2017,040310,    143.08,     17.00,     86.08,     35.77,0,0,1,3,4,4,U2 
H5,840,2017,040390,    587.38,      2.45,    122.01,     36.71,4,0,13,3,16,20,U2 
H5,840,2017,040410,    283.07,      4.02,    134.45,     40.44,1,0,4,3,7,8,U2 
H5,840,2017,040490,    113.88,      0.22,     77.67,     22.78,0,0,2,3,5,5,U2 
H5,840,2017,040510,     42.49,      2.92,     36.64,     14.16,0,0,3,0,3,3,U2 
H5,840,2017,040520,    122.76,      3.68,     56.12,     15.35,0,0,5,3,8,8,U2 
H5,840,2017,040590,     67.26,     10.00,     47.26,     22.42,0,0,1,2,3,3,U2 
H5,840,2017,040610,    541.76,      8.00,     68.52,     25.80,0,0,9,12,21,21,U2 
H5,840,2017,040620,    737.88,      8.00,     44.99,     19.42,0,0,13,25,38,38,U2 
H5,840,2017,040630,    751.44,      6.00,     52.12,     20.87,0,0,13,23,36,36,U2 
H5,840,2017,040640,    135.48,      2.00,     30.48,     15.05,0,0,1,8,9,9,U2 
H5,840,2017,040690,    903.90,      0.00,     45.78,     18.08,0,2,15,33,50,50,U2 
H5,840,2017,040711,      0.79,      0.79,      0.79,      0.79,0,0,1,0,1,1,U2 
H5,840,2017,040719,      0.20,      0.20,      0.20,      0.20,0,0,1,0,1,1,U2 
H5,840,2017,040721,      3.08,      3.08,      3.08,      3.08,0,0,1,0,1,1,U2 
H5,840,2017,040729,      3.35,      3.35,      3.35,      3.35,0,0,1,0,1,1,U2 
H5,840,2017,040790,      0.99,      0.99,      0.99,      0.99,0,0,1,0,1,1,U2 
H5,840,2017,040811,     12.48,     12.48,     12.48,     12.48,0,0,1,0,1,1,U2 
H5,840,2017,040819,      4.38,      4.38,      4.38,      4.38,0,0,1,0,1,1,U2 
H5,840,2017,040891,      9.69,      9.69,      9.69,      9.69,0,0,1,0,1,1,U2 
H5,840,2017,040899,      5.68,      5.68,      5.68,      5.68,0,0,1,0,1,1,U2 
H5,840,2017,040900,      0.55,      0.55,      0.55,      0.55,0,0,1,0,1,1,U2 
H5,840,2017,041000,      1.00,      1.00,      1.00,      1.00,0,0,0,1,1,1,U2 
H5,840,2017,050100,      1.00,      1.00,      1.00,      1.00,0,0,0,1,1,1,U2 
H5,840,2017,050210,      0.11,      0.11,      0.11,      0.11,0,0,1,0,1,1,U2 
H5,840,2017,050290,      0.00,      0.00,      0.00,      0.00,0,1,0,0,1,1,U2 
H5,840,2017,050400,      0.00,      0.00,      0.00,      0.00,0,1,0,0,1,1,U2 
H5,840,2017,050510,      0.00,      0.00,      0.00,      0.00,0,1,0,0,1,1,U2 
H5,840,2017,050590,      2.00,      0.00,      2.00,      1.00,0,1,0,1,2,2,U2 
H5,840,2017,050610,      0.00,      0.00,      0.00,      0.00,0,1,0,0,1,1,U2 
H5,840,2017,050690,      0.00,      0.00,      0.00,      0.00,0,1,0,0,1,1,U2 
H5,840,2017,050710,      0.00,      0.00,      0.00,      0.00,0,1,0,0,1,1,U2 
H5,840,2017,050790,      0.00,      0.00,      0.00,      0.00,0,1,0,0,1,1,U2 
H5,840,2017,050800,      0.00,      0.00,      0.00,      0.00,0,1,0,0,1,1,U2 
H5,840,2017,051000,      5.00,      0.00,      5.00,      2.50,0,1,0,1,2,2,U2 
H5,840,2017,051110,      0.00,      0.00,      0.00,      0.00,0,1,0,0,1,1,U2 
H5,840,2017,051191,      0.00,      0.00,      0.00,      0.00,0,1,0,0,1,1,U2 
H5,840,2017,051199,      4.00,      0.00,      3.00,      0.80,0,3,0,2,5,5,U2 
H5,840,2017,060110,      6.24,      0.13,      3.00,      0.89,0,0,6,1,7,7,U2 
H5,840,2017,060120,      1.03,      0.03,      1.00,      0.51,0,0,1,1,2,2,U2 
H5,840,2017,060210,      4.00,      4.00,      4.00,      4.00,0,0,0,1,1,1,U2 
H5,840,2017,060220,      0.00,      0.00,      0.00,      0.00,0,1,0,0,1,1,U2 
H5,840,2017,060230,      1.00,      1.00,      1.00,      1.00,0,0,0,1,1,1,U2 
H5,840,2017,060240,      0.00,      0.00,      0.00,      0.00,0,1,0,0,1,1,U2 
H5,840,2017,060290,      9.77,      0.00,      4.00,      1.63,0,1,1,4,6,6,U2 
H5,840,2017,060311,      6.00,      6.00,      6.00,      6.00,0,0,0,1,1,1,U2 
H5,840,2017,060312,      9.00,      3.00,      6.00,      4.50,0,0,0,2,2,2,U2 
H5,840,2017,060313,      6.00,      6.00,      6.00,      6.00,0,0,0,1,1,1,U2 
H5,840,2017,060314,      6.00,      6.00,      6.00,      6.00,0,0,0,1,1,1,U2 
H5,840,2017,060315,      6.00,      6.00,      6.00,      6.00,0,0,0,1,1,1,U2 
H5,840,2017,060319,      6.00,      6.00,      6.00,      6.00,0,0,0,1,1,1,U2 
H5,840,2017,060390,      4.00,      4.00,      4.00,      4.00,0,0,0,1,1,1,U2 
H5,840,2017,060420,      0.00,      0.00,      0.00,      0.00,0,1,0,0,1,1,U2 
H5,840,2017,060490,      7.00,      0.00,      7.00,      2.33,0,2,0,1,3,3,U2 
H5,840,2017,070110,      0.97,      0.97,      0.97,      0.97,0,0,1,0,1,1,U2 
H5,840,2017,070190,      3.61,      1.80,      1.80,      1.80,0,0,2,0,2,2,U2 
H5,840,2017,070200,      6.32,      1.86,      2.60,      2.11,0,0,3,0,3,3,U2 
H5,840,2017,070310,      8.38,      1.42,      5.31,      2.79,0,0,3,0,3,3,U2 
H5,840,2017,070320,      0.20,      0.20,      0.20,      0.20,0,0,1,0,1,1,U2 
H5,840,2017,070390,     20.00,     20.00,     20.00,     20.00,0,0,0,1,1,1,U2 
H5,840,2017,070410,     26.00,      2.00,     14.00,      8.67,0,0,0,3,3,3,U2 
H5,840,2017,070420,     12.00,     12.00,     12.00,     12.00,0,0,0,1,1,1,U2 
H5,840,2017,070490,     20.50,      0.50,     20.00,     10.25,0,0,1,1,2,2,U2 
H5,840,2017,070511,      3.86,      0.38,      3.48,      1.93,0,0,2,0,2,2,U2 
H5,840,2017,070519,      2.28,      0.22,      2.06,      1.14,0,0,2,0,2,2,U2 
H5,840,2017,070521,      0.10,      0.10,      0.10,      0.10,0,0,1,0,1,1,U2 
H5,840,2017,070529,      0.12,      0.12,      0.12,      0.12,0,0,1,0,1,1,U2 
H5,840,2017,070610,     17.71,      0.00,     14.00,      4.43,0,1,2,1,4,4,U2 
H5,840,2017,070690,     13.00,      1.00,     10.00,      4.33,0,0,0,3,3,3,U2 
H5,840,2017,070700,     15.86,      1.41,      5.26,      3.97,0,0,4,0,4,4,U2 
H5,840,2017,070810,      2.01,      0.30,      1.71,      1.01,0,0,2,0,2,2,U2 
H5,840,2017,070820,      3.98,      0.00,      2.71,      1.33,0,1,2,0,3,3,U2 
H5,840,2017,070890,      3.92,      0.00,      2.83,      0.78,0,1,4,0,5,5,U2 
H5,840,2017,070920,     26.00,      5.00,     21.00,     13.00,0,0,0,2,2,2,U2 
H5,840,2017,070930,      3.28,      1.39,      1.90,      1.64,0,0,2,0,2,2,U2 
H5,840,2017,070940,     17.03,      0.35,     14.00,      5.68,0,0,2,1,3,3,U2 
H5,840,2017,070951,     23.23,     23.23,     23.23,     23.23,0,0,1,0,1,1,U2 
H5,840,2017,070959,     22.01,      0.00,     22.01,     11.00,0,1,1,0,2,2,U2 
H5,840,2017,070960,      4.89,      2.36,      2.53,      2.45,0,0,2,0,2,2,U2 
H5,840,2017,070970,     20.00,     20.00,     20.00,     20.00,0,0,0,1,1,1,U2 
H5,840,2017,070991,     11.00,     11.00,     11.00,     11.00,0,0,0,1,1,1,U2 
H5,840,2017,070992,      7.05,      7.05,      7.05,      7.05,0,0,1,0,1,1,U2 
H5,840,2017,070993,     32.38,      1.38,     20.00,     10.79,0,0,1,2,3,3,U2 
H5,840,2017,070999,     85.00,      5.00,     21.00,     14.17,0,0,0,6,6,6,U2 
H5,840,2017,071010,     14.00,     14.00,     14.00,     14.00,0,0,0,1,1,1,U2 
H5,840,2017,071021,      2.74,      0.91,      1.83,      1.37,0,0,2,0,2,2,U2 
H5,840,2017,071022,     27.41,      0.00,     11.00,      4.57,0,1,4,1,6,6,U2 
H5,840,2017,071029,      2.91,      0.00,      1.88,      0.58,0,1,4,0,5,5,U2 
H5,840,2017,071030,     14.00,     14.00,     14.00,     14.00,0,0,0,1,1,1,U2 
H5,840,2017,071040,     14.00,     14.00,     14.00,     14.00,0,0,0,1,1,1,U2 
H5,840,2017,071080,     92.41,      0.00,     14.00,      8.40,0,1,4,6,11,11,U2 
H5,840,2017,071090,     21.00,      7.00,     14.00,     10.50,0,0,0,2,2,2,U2 
H5,840,2017,071120,     16.66,      2.56,      5.94,      4.16,0,0,4,0,4,4,U2 
H5,840,2017,071140,      7.00,      7.00,      7.00,      7.00,0,0,0,1,1,1,U2 
H5,840,2017,071151,     11.09,     11.09,     11.09,     11.09,0,0,1,0,1,1,U2 
H5,840,2017,071159,     17.11,      7.00,     10.11,      8.56,0,0,1,1,2,2,U2 
H5,840,2017,071190,     20.00,      0.00,      8.00,      5.00,0,1,0,3,4,4,U2 
H5,840,2017,071220,     50.00,     21.00,     29.00,     25.00,0,0,0,2,2,2,U2 
H5,840,2017,071231,      4.82,      1.97,      2.85,      2.41,0,0,2,0,2,2,U2 
H5,840,2017,071232,      8.00,      8.00,      8.00,      8.00,0,0,0,1,1,1,U2 
H5,840,2017,071233,      8.00,      8.00,      8.00,      8.00,0,0,0,1,1,1,U2 
H5,840,2017,071239,      4.61,      0.00,      2.73,      1.54,0,1,2,0,3,3,U2 
H5,840,2017,071290,     61.19,      0.00,     29.00,      5.56,0,1,3,7,11,11,U2 
H5,840,2017,071310,      5.07,      0.00,      4.00,      1.69,0,1,2,0,3,3,U2 
H5,840,2017,071320,      3.30,      1.59,      1.71,      1.65,0,0,2,0,2,2,U2 
H5,840,2017,071331,      0.92,      0.00,      0.67,      0.31,0,1,2,0,3,3,U2 
H5,840,2017,071332,      1.87,      0.83,      1.04,      0.94,0,0,2,0,2,2,U2 
H5,840,2017,071333,      3.85,      0.96,      1.44,      1.28,0,0,3,0,3,3,U2 
H5,840,2017,071334,      2.16,      0.56,      1.05,      0.72,0,0,3,0,3,3,U2 
H5,840,2017,071335,      0.00,      0.00,      0.00,      0.00,0,1,0,0,1,1,U2 
H5,840,2017,071339,      2.96,      0.76,      1.43,      0.99,0,0,3,0,3,3,U2 
H5,840,2017,071340,      2.02,      0.18,      1.83,      1.01,0,0,2,0,2,2,U2 
H5,840,2017,071350,      6.29,      2.80,      3.50,      3.15,0,0,2,0,2,2,U2 
H5,840,2017,071360,      4.70,      0.99,      1.86,      1.57,0,0,3,0,3,3,U2 
H5,840,2017,071390,      4.19,      0.00,      1.65,      1.05,0,1,3,0,4,4,U2 
H5,840,2017,071410,     18.00,      7.00,     11.00,      9.00,0,0,0,2,2,2,U2 
H5,840,2017,071420,     10.00,      4.00,      6.00,      5.00,0,0,0,2,2,2,U2 
H5,840,2017,071430,     20.00,      0.00,      8.00,      5.00,0,1,0,3,4,4,U2 
H5,840,2017,071440,     30.00,      0.00,     16.00,      7.50,0,1,0,3,4,4,U2 
H5,840,2017,071450,     30.00,      0.00,     16.00,      7.50,0,1,0,3,4,4,U2 
H5,840,2017,071490,     79.00,      0.00,     20.00,      8.78,0,2,0,7,9,9,U2 
H5,840,2017,080111,      0.00,      0.00,      0.00,      0.00,0,1,0,0,1,1,U2 
H5,840,2017,080112,      0.00,      0.00,      0.00,      0.00,0,1,0,0,1,1,U2 
H5,840,2017,080119,      0.00,      0.00,      0.00,      0.00,0,1,0,0,1,1,U2 
H5,840,2017,080121,      0.00,      0.00,      0.00,      0.00,0,1,0,0,1,1,U2 
H5,840,2017,080122,      0.00,      0.00,      0.00,      0.00,0,1,0,0,1,1,U2 
H5,840,2017,080131,      0.00,      0.00,      0.00,      0.00,0,1,0,0,1,1,U2 
H5,840,2017,080132,      0.00,      0.00,      0.00,      0.00,0,1,0,0,1,1,U2 
H5,840,2017,080211,      1.38,      1.38,      1.38,      1.38,0,0,1,0,1,1,U2 
H5,840,2017,080212,      3.09,      3.09,      3.09,      3.09,0,0,1,0,1,1,U2 
H5,840,2017,080221,      1.24,      1.24,      1.24,      1.24,0,0,1,0,1,1,U2 
H5,840,2017,080222,      1.52,      1.52,      1.52,      1.52,0,0,1,0,1,1,U2 
H5,840,2017,080231,      2.12,      2.12,      2.12,      2.12,0,0,1,0,1,1,U2 
H5,840,2017,080232,      3.27,      3.27,      3.27,      3.27,0,0,1,0,1,1,U2 
H5,840,2017,080241,      0.00,      0.00,      0.00,      0.00,0,1,0,0,1,1,U2 
H5,840,2017,080242,      0.00,      0.00,      0.00,      0.00,0,1,0,0,1,1,U2 
H5,840,2017,080251,      0.10,      0.10,      0.10,      0.10,0,0,1,0,1,1,U2 
H5,840,2017,080252,      0.13,      0.13,      0.13,      0.13,0,0,1,0,1,1,U2 
H5,840,2017,080261,      0.29,      0.29,      0.29,      0.29,0,0,1,0,1,1,U2 
H5,840,2017,080262,      0.35,      0.35,      0.35,      0.35,0,0,1,0,1,1,U2 
H5,840,2017,080270,      1.04,      0.21,      0.82,      0.52,0,0,2,0,2,2,U2 
H5,840,2017,080280,      2.25,      0.46,      1.79,      1.13,0,0,2,0,2,2,U2 
H5,840,2017,080290,      4.27,      0.09,      2.19,      0.71,0,0,6,0,6,6,U2 
H5,840,2017,080310,      1.00,      0.00,      1.00,      0.50,0,1,0,1,2,2,U2 
H5,840,2017,080390,      0.00,      0.00,      0.00,      0.00,0,1,0,0,1,1,U2 
H5,840,2017,080410,     42.26,      0.78,     29.00,     10.57,0,0,3,1,4,4,U2 
H5,840,2017,080420,      5.31,      1.44,      2.04,      1.77,0,0,3,0,3,3,U2 
H5,840,2017,080430,      2.40,      0.51,      1.29,      0.80,0,0,3,0,3,3,U2 
H5,840,2017,080440,      4.20,      4.20,      4.20,      4.20,0,0,1,0,1,1,U2 
H5,840,2017,080450,      7.47,      0.76,      3.35,      2.49,0,0,3,0,3,3,U2 
H5,840,2017,080510,      2.20,      2.20,      2.20,      2.20,0,0,1,0,1,1,U2 
H5,840,2017,080521,      1.31,      1.31,      1.31,      1.31,0,0,1,0,1,1,U2 
H5,840,2017,080522,      1.56,      1.56,      1.56,      1.56,0,0,1,0,1,1,U2 
H5,840,2017,080529,      1.65,      1.65,      1.65,      1.65,0,0,1,0,1,1,U2 
H5,840,2017,080540,      5.69,      1.45,      2.41,      1.90,0,0,3,0,3,3,U2 
H5,840,2017,080550,      3.60,      0.80,      1.54,      1.20,0,0,2,1,3,3,U2 
H5,840,2017,080590,      0.80,      0.80,      0.80,      0.80,0,0,0,1,1,1,U2 
H5,840,2017,080610,      0.00,      0.00,      0.00,      0.00,2,1,0,0,1,3,U2 
H5,840,2017,080620,      3.78,      0.84,      1.64,      1.26,0,0,3,0,3,3,U2 
H5,840,2017,080711,     26.00,      9.00,     17.00,     13.00,0,0,0,2,2,2,U2 
H5,840,2017,080719,     81.00,      1.00,     29.00,     13.50,0,0,0,6,6,6,U2 
H5,840,2017,080720,      5.00,      5.00,      5.00,      5.00,0,0,0,1,1,1,U2 
H5,840,2017,080810,      0.00,      0.00,      0.00,      0.00,0,1,0,0,1,1,U2 
H5,840,2017,080830,      0.28,      0.00,      0.28,      0.14,0,1,1,0,2,2,U2 
H5,840,2017,080840,      0.26,      0.00,      0.26,      0.13,0,1,1,0,2,2,U2 
H5,840,2017,080910,      0.11,      0.11,      0.11,      0.11,0,0,1,0,1,1,U2 
H5,840,2017,080921,      0.00,      0.00,      0.00,      0.00,0,1,0,0,1,1,U2 
H5,840,2017,080929,      0.00,      0.00,      0.00,      0.00,0,1,0,0,1,1,U2 
H5,840,2017,080930,      0.16,      0.00,      0.16,      0.08,0,1,1,0,2,2,U2 
H5,840,2017,080940,      0.30,      0.00,      0.30,      0.15,0,1,1,0,2,2,U2 
H5,840,2017,081010,      0.42,      0.07,      0.36,      0.21,0,0,2,0,2,2,U2 
H5,840,2017,081020,      0.02,      0.00,      0.02,      0.01,0,1,1,0,2,2,U2 
H5,840,2017,081030,      0.00,      0.00,      0.00,      0.00,0,1,0,0,1,1,U2 
H5,840,2017,081040,      0.00,      0.00,      0.00,      0.00,0,1,0,0,1,1,U2 
H5,840,2017,081050,      0.00,      0.00,      0.00,      0.00,0,1,0,0,1,1,U2 
H5,840,2017,081060,      2.00,      2.00,      2.00,      2.00,0,0,0,1,1,1,U2 
H5,840,2017,081070,      2.00,      2.00,      2.00,      2.00,0,0,0,1,1,1,U2 
H5,840,2017,081090,      2.00,      0.00,      2.00,      1.00,0,1,0,1,2,2,U2 
H5,840,2017,081110,     11.00,     11.00,     11.00,     11.00,0,0,0,1,1,1,U2 
H5,840,2017,081120,     13.00,      4.00,      9.00,      6.50,0,0,0,2,2,2,U2 
H5,840,2017,081190,     63.12,      0.00,     14.00,      5.74,0,3,1,7,11,11,U2 
H5,840,2017,081210,      7.87,      7.87,      7.87,      7.87,0,0,1,0,1,1,U2 
H5,840,2017,081290,     14.01,      0.05,     11.00,      2.34,0,0,5,1,6,6,U2 
H5,840,2017,081310,      0.41,      0.41,      0.41,      0.41,0,0,1,0,1,1,U2 
H5,840,2017,081320,     14.57,      0.57,     14.00,      7.28,0,0,1,1,2,2,U2 
H5,840,2017,081330,      0.29,      0.29,      0.29,      0.29,0,0,1,0,1,1,U2 
H5,840,2017,081340,     13.16,      0.34,      6.00,      1.88,0,0,4,3,7,7,U2 
H5,840,2017,081350,     14.00,     14.00,     14.00,     14.00,0,0,0,1,1,1,U2 
H5,840,2017,081400,      1.74,      0.00,      0.87,      0.58,0,1,2,0,3,3,U2 
H5,840,2017,090111,      0.00,      0.00,      0.00,      0.00,0,1,0,0,1,1,U2 
H5,840,2017,090112,      0.00,      0.00,      0.00,      0.00,0,1,0,0,1,1,U2 
H5,840,2017,090121,      0.00,      0.00,      0.00,      0.00,0,1,0,0,1,1,U2 
H5,840,2017,090122,      0.00,      0.00,      0.00,      0.00,0,1,0,0,1,1,U2 
H5,840,2017,090190,      0.33,      0.00,      0.33,      0.16,0,1,1,0,2,2,U2 
H5,840,2017,090210,      6.00,      0.00,      6.00,      3.00,0,1,0,1,2,2,U2 
H5,840,2017,090220,      6.00,      0.00,      6.00,      3.00,0,1,0,1,2,2,U2 
H5,840,2017,090230,      0.00,      0.00,      0.00,      0.00,0,1,0,0,1,1,U2 
H5,840,2017,090240,      0.00,      0.00,      0.00,      0.00,0,1,0,0,1,1,U2 
H5,840,2017,090300,      0.00,      0.00,      0.00,      0.00,0,1,0,0,1,1,U2 
H5,840,2017,090411,      0.00,      0.00,      0.00,      0.00,0,1,0,0,1,1,U2 
H5,840,2017,090412,      0.00,      0.00,      0.00,      0.00,0,1,0,0,1,1,U2 
H5,840,2017,090421,      3.51,      0.00,      1.67,      0.88,0,1,3,0,4,4,U2 
H5,840,2017,090422,      4.46,      0.00,      1.71,      0.89,0,2,3,0,5,5,U2 
H5,840,2017,090510,      0.00,      0.00,      0.00,      0.00,0,1,0,0,1,1,U2 
H5,840,2017,090520,      0.00,      0.00,      0.00,      0.00,0,1,0,0,1,1,U2 
H5,840,2017,090611,      0.00,      0.00,      0.00,      0.00,0,1,0,0,1,1,U2 
H5,840,2017,090619,      0.00,      0.00,      0.00,      0.00,0,1,0,0,1,1,U2 
H5,840,2017,090620,      0.00,      0.00,      0.00,      0.00,0,1,0,0,1,1,U2 
H5,840,2017,090710,      0.00,      0.00,      0.00,      0.00,0,1,0,0,1,1,U2 
H5,840,2017,090720,      0.00,      0.00,      0.00,      0.00,0,1,0,0,1,1,U2 
H5,840,2017,090811,      0.00,      0.00,      0.00,      0.00,0,1,0,0,1,1,U2 
H5,840,2017,090812,      0.00,      0.00,      0.00,      0.00,0,1,0,0,1,1,U2 
H5,840,2017,090821,      0.00,      0.00,      0.00,      0.00,0,1,0,0,1,1,U2 
H5,840,2017,090822,      0.65,      0.00,      0.65,      0.33,0,1,1,0,2,2,U2 
H5,840,2017,090831,      0.00,      0.00,      0.00,      0.00,0,1,0,0,1,1,U2 
H5,840,2017,090832,      0.00,      0.00,      0.00,      0.00,0,1,0,0,1,1,U2 
H5,840,2017,090921,      0.00,      0.00,      0.00,      0.00,0,1,0,0,1,1,U2 
H5,840,2017,090922,      0.00,      0.00,      0.00,      0.00,0,1,0,0,1,1,U2 
H5,840,2017,090931,      0.00,      0.00,      0.00,      0.00,0,1,0,0,1,1,U2 
H5,840,2017,090932,      0.00,      0.00,      0.00,      0.00,0,1,0,0,1,1,U2 
H5,840,2017,090961,      0.00,      0.00,      0.00,      0.00,0,1,0,0,1,1,U2 
H5,840,2017,090962,      0.00,      0.00,      0.00,      0.00,0,1,0,0,1,1,U2 
H5,840,2017,091011,      0.00,      0.00,      0.00,      0.00,0,1,0,0,1,1,U2 
H5,840,2017,091012,      0.31,      0.31,      0.31,      0.31,0,0,1,0,1,1,U2 
H5,840,2017,091020,      0.00,      0.00,      0.00,      0.00,0,1,0,0,1,1,U2 
H5,840,2017,091030,      0.00,      0.00,      0.00,      0.00,0,1,0,0,1,1,U2 
H5,840,2017,091091,      1.00,      1.00,      1.00,      1.00,0,0,0,1,1,1,U2 
H5,840,2017,091099,     11.00,      0.00,      4.00,      1.38,0,4,0,4,8,8,U2 
H5,840,2017,100111,      1.90,      1.90,      1.90,      1.90,0,0,1,0,1,1,U2 
H5,840,2017,100119,      1.80,      1.80,      1.80,      1.80,0,0,1,0,1,1,U2 
H5,840,2017,100191,      2.00,      2.00,      2.00,      2.00,0,0,0,1,1,1,U2 
H5,840,2017,100199,      1.31,      1.31,      1.31,      1.31,0,0,1,0,1,1,U2 
H5,840,2017,100210,      0.00,      0.00,      0.00,      0.00,0,1,0,0,1,1,U2 
H5,840,2017,100290,      0.00,      0.00,      0.00,      0.00,0,1,0,0,1,1,U2 
H5,840,2017,100310,      0.43,      0.43,      0.43,      0.43,0,0,1,0,1,1,U2 
H5,840,2017,100390,      1.17,      0.47,      0.70,      0.59,0,0,2,0,2,2,U2 
H5,840,2017,100410,      0.00,      0.00,      0.00,      0.00,0,1,0,0,1,1,U2 
H5,840,2017,100490,      0.00,      0.00,      0.00,      0.00,0,1,0,0,1,1,U2 
H5,840,2017,100510,      0.00,      0.00,      0.00,      0.00,0,1,0,0,1,1,U2 
H5,840,2017,100590,      1.35,      0.22,      1.12,      0.67,0,0,2,0,2,2,U2 
H5,840,2017,100610,      4.30,      4.30,      4.30,      4.30,0,0,1,0,1,1,U2 
H5,840,2017,100620,      4.30,      1.22,      3.08,      2.15,0,0,2,0,2,2,U2 
H5,840,2017,100630,     13.03,      2.03,     11.00,      6.51,0,0,1,1,2,2,U2 
H5,840,2017,100640,      1.15,      1.15,      1.15,      1.15,0,0,1,0,1,1,U2 
H5,840,2017,100710,      0.38,      0.38,      0.38,      0.38,0,0,1,0,1,1,U2 
H5,840,2017,100790,      0.94,      0.94,      0.94,      0.94,0,0,1,0,1,1,U2 
H5,840,2017,100810,      0.00,      0.00,      0.00,      0.00,0,1,0,0,1,1,U2 
H5,840,2017,100821,      0.69,      0.69,      0.69,      0.69,0,0,1,0,1,1,U2 
H5,840,2017,100829,      0.71,      0.71,      0.71,      0.71,0,0,1,0,1,1,U2 
H5,840,2017,100830,      0.20,      0.20,      0.20,      0.20,0,0,1,0,1,1,U2 
H5,840,2017,100840,      1.00,      1.00,      1.00,      1.00,0,0,0,1,1,1,U2 
H5,840,2017,100850,      1.00,      1.00,      1.00,      1.00,0,0,0,1,1,1,U2 
H5,840,2017,100860,      1.00,      1.00,      1.00,      1.00,0,0,0,1,1,1,U2 
H5,840,2017,100890,      1.00,      1.00,      1.00,      1.00,0,0,0,1,1,1,U2 
H5,840,2017,110100,      1.57,      1.57,      1.57,      1.57,0,0,1,0,1,1,U2 
H5,840,2017,110220,      0.55,      0.55,      0.55,      0.55,0,0,1,0,1,1,U2 
H5,840,2017,110290,     21.48,      0.00,     12.00,      4.30,0,1,2,2,5,5,U2 
H5,840,2017,110311,      1.05,      1.05,      1.05,      1.05,0,0,1,0,1,1,U2 
H5,840,2017,110313,      0.83,      0.83,      0.83,      0.83,0,0,1,0,1,1,U2 
H5,840,2017,110319,     10.69,      0.17,      9.00,      3.56,0,0,2,1,3,3,U2 
H5,840,2017,110320,      0.00,      0.00,      0.00,      0.00,0,1,0,0,1,1,U2 
H5,840,2017,110412,      1.43,      1.43,      1.43,      1.43,0,0,1,0,1,1,U2 
H5,840,2017,110419,      6.01,      1.10,      4.91,      3.01,0,0,2,0,2,2,U2 
H5,840,2017,110422,      0.50,      0.50,      0.50,      0.50,0,0,0,1,1,1,U2 
H5,840,2017,110423,      1.04,      1.04,      1.04,      1.04,0,0,1,0,1,1,U2 
H5,840,2017,110429,      3.00,      1.00,      2.00,      1.50,0,0,0,2,2,2,U2 
H5,840,2017,110430,      4.00,      4.00,      4.00,      4.00,0,0,0,1,1,1,U2 
H5,840,2017,110510,      1.68,      1.68,      1.68,      1.68,0,0,1,0,1,1,U2 
H5,840,2017,110520,      1.02,      1.02,      1.02,      1.02,0,0,1,0,1,1,U2 
H5,840,2017,110610,      8.00,      8.00,      8.00,      8.00,0,0,0,1,1,1,U2 
H5,840,2017,110620,      8.00,      0.00,      8.00,      4.00,0,1,0,1,2,2,U2 
H5,840,2017,110630,     11.00,      2.00,      9.00,      5.50,0,0,0,2,2,2,U2 
H5,840,2017,110710,      0.61,      0.61,      0.61,      0.61,0,0,1,0,1,1,U2 
H5,840,2017,110720,      0.54,      0.54,      0.54,      0.54,0,0,1,0,1,1,U2 
H5,840,2017,110811,      1.39,      1.39,      1.39,      1.39,0,0,1,0,1,1,U2 
H5,840,2017,110812,      0.98,      0.98,      0.98,      0.98,0,0,1,0,1,1,U2 
H5,840,2017,110813,      0.71,      0.71,      0.71,      0.71,0,0,1,0,1,1,U2 
H5,840,2017,110814,      0.00,      0.00,      0.00,      0.00,0,1,0,0,1,1,U2 
H5,840,2017,110819,      0.00,      0.00,      0.00,      0.00,0,1,0,0,1,1,U2 
H5,840,2017,110820,      2.00,      2.00,      2.00,      2.00,0,0,0,1,1,1,U2 
H5,840,2017,110900,      7.00,      1.00,      6.00,      3.50,0,0,0,2,2,2,U2 
H5,840,2017,120110,      0.00,      0.00,      0.00,      0.00,0,1,0,0,1,1,U2 
H5,840,2017,120190,      0.00,      0.00,      0.00,      0.00,0,1,0,0,1,1,U2 
H5,840,2017,120230,    139.80,      4.40,    131.00,     46.60,0,0,2,1,3,3,U2 
H5,840,2017,120241,    179.45,      8.22,    163.00,     59.82,0,0,2,1,3,3,U2 
H5,840,2017,120242,    140.18,      4.59,    131.00,     46.73,0,0,2,1,3,3,U2 
H5,840,2017,120300,      0.00,      0.00,      0.00,      0.00,0,1,0,0,1,1,U2 
H5,840,2017,120400,      0.74,      0.74,      0.74,      0.74,0,0,1,0,1,1,U2 
H5,840,2017,120510,      1.20,      1.20,      1.20,      1.20,0,0,1,0,1,1,U2 
H5,840,2017,120590,      1.37,      1.37,      1.37,      1.37,0,0,1,0,1,1,U2 
H5,840,2017,120600,      0.00,      0.00,      0.00,      0.00,0,1,0,0,1,1,U2 
H5,840,2017,120710,      0.00,      0.00,      0.00,      0.00,0,1,0,0,1,1,U2 
H5,840,2017,120721,      0.47,      0.47,      0.47,      0.47,0,0,1,0,1,1,U2 
H5,840,2017,120729,      1.45,      1.45,      1.45,      1.45,0,0,1,0,1,1,U2 
H5,840,2017,120730,      0.00,      0.00,      0.00,      0.00,0,1,0,0,1,1,U2 
H5,840,2017,120740,      0.00,      0.00,      0.00,      0.00,0,1,0,0,1,1,U2 
H5,840,2017,120750,      0.00,      0.00,      0.00,      0.00,0,1,0,0,1,1,U2 
H5,840,2017,120760,      0.00,      0.00,      0.00,      0.00,0,1,0,0,1,1,U2 
H5,840,2017,120770,      0.17,      0.17,      0.17,      0.17,0,0,1,0,1,1,U2 
H5,840,2017,120791,      0.03,      0.03,      0.03,      0.03,0,0,1,0,1,1,U2 
H5,840,2017,120799,      0.00,      0.00,      0.00,      0.00,0,1,0,0,1,1,U2 
H5,840,2017,120810,      1.00,      1.00,      1.00,      1.00,0,0,0,1,1,1,U2 
H5,840,2017,120890,      1.00,      1.00,      1.00,      1.00,0,0,0,1,1,1,U2 
H5,840,2017,120910,      0.00,      0.00,      0.00,      0.00,0,1,0,0,1,1,U2 
H5,840,2017,120921,      0.40,      0.40,      0.40,      0.40,0,0,1,0,1,1,U2 
H5,840,2017,120922,      0.61,      0.00,      0.61,      0.30,0,1,1,0,2,2,U2 
H5,840,2017,120923,      0.00,      0.00,      0.00,      0.00,0,1,0,0,1,1,U2 
H5,840,2017,120924,      0.30,      0.30,      0.30,      0.30,0,0,1,0,1,1,U2 
H5,840,2017,120925,      0.82,      0.82,      0.82,      0.82,0,0,1,0,1,1,U2 
H5,840,2017,120929,      0.00,      0.00,      0.00,      0.00,0,2,0,0,2,2,U2 
H5,840,2017,120930,      0.02,      0.02,      0.02,      0.02,0,0,1,0,1,1,U2 
H5,840,2017,120991,      0.28,      0.00,      0.20,      0.05,0,3,3,0,6,6,U2 
H5,840,2017,120999,      0.12,      0.00,      0.12,      0.06,0,1,1,0,2,2,U2 
H5,840,2017,121010,      1.37,      1.37,      1.37,      1.37,0,0,1,0,1,1,U2 
H5,840,2017,121020,      1.12,      1.12,      1.12,      1.12,0,0,1,0,1,1,U2 
H5,840,2017,121120,      6.00,      0.00,      6.00,      3.00,0,1,0,1,2,2,U2 
H5,840,2017,121130,      0.00,      0.00,      0.00,      0.00,0,1,0,0,1,1,U2 
H5,840,2017,121140,      0.00,      0.00,      0.00,      0.00,0,1,0,0,1,1,U2 
H5,840,2017,121150,      0.00,      0.00,      0.00,      0.00,0,1,0,0,1,1,U2 
H5,840,2017,121190,     11.58,      0.00,      6.00,      2.32,0,2,1,2,5,5,U2 
H5,840,2017,121221,      0.00,      0.00,      0.00,      0.00,0,1,0,0,1,1,U2 
H5,840,2017,121229,      0.00,      0.00,      0.00,      0.00,0,1,0,0,1,1,U2 
H5,840,2017,121291,      0.43,      0.43,      0.43,      0.43,0,0,1,0,1,1,U2 
H5,840,2017,121292,      0.00,      0.00,      0.00,      0.00,0,1,0,0,1,1,U2 
H5,840,2017,121293,      1.86,      1.86,      1.86,      1.86,0,0,1,0,1,1,U2 
H5,840,2017,121294,      0.00,      0.00,      0.00,      0.00,0,1,0,0,1,1,U2 
H5,840,2017,121299,      1.80,      0.00,      1.80,      0.60,0,2,1,0,3,3,U2 
H5,840,2017,121300,      0.00,      0.00,      0.00,      0.00,0,1,0,0,1,1,U2 
H5,840,2017,121410,      1.00,      1.00,      1.00,      1.00,0,0,0,1,1,1,U2 
H5,840,2017,121490,      0.00,      0.00,      0.00,      0.00,0,1,0,0,1,1,U2 
H5,840,2017,130120,      0.00,      0.00,      0.00,      0.00,0,1,0,0,1,1,U2 
H5,840,2017,130190,      1.00,      0.00,      1.00,      0.50,0,1,0,1,2,2,U2 
H5,840,2017,130211,      0.00,      0.00,      0.00,      0.00,0,1,0,0,1,1,U2 
H5,840,2017,130212,      3.00,      3.00,      3.00,      3.00,0,0,0,1,1,1,U2 
H5,840,2017,130213,      4.12,      4.12,      4.12,      4.12,0,0,1,0,1,1,U2 
H5,840,2017,130214,      1.00,      1.00,      1.00,      1.00,0,0,0,1,1,1,U2 
H5,840,2017,130219,      1.00,      0.00,      1.00,      0.33,0,2,0,1,3,3,U2 
H5,840,2017,130220,      0.00,      0.00,      0.00,      0.00,0,1,0,0,1,1,U2 
H5,840,2017,130231,      0.00,      0.00,      0.00,      0.00,0,1,0,0,1,1,U2 
H5,840,2017,130232,      0.00,      0.00,      0.00,      0.00,0,1,0,0,1,1,U2 
H5,840,2017,130239,      3.00,      3.00,      3.00,      3.00,0,0,0,1,1,1,U2 
H5,840,2017,140110,      0.00,      0.00,      0.00,      0.00,0,1,0,0,1,1,U2 
H5,840,2017,140120,      2.00,      0.00,      2.00,      1.00,0,1,0,1,2,2,U2 
H5,840,2017,140190,      7.00,      3.00,      4.00,      3.50,0,0,0,2,2,2,U2 
H5,840,2017,140420,      0.00,      0.00,      0.00,      0.00,0,1,0,0,1,1,U2 
H5,840,2017,140490,      5.20,      0.00,      2.00,      1.04,0,2,2,1,5,5,U2 
H5,840,2017,150110,      3.87,      3.87,      3.87,      3.87,0,0,1,0,1,1,U2 
H5,840,2017,150120,      4.26,      4.26,      4.26,      4.26,0,0,1,0,1,1,U2 
H5,840,2017,150190,      3.83,      3.83,      3.83,      3.83,0,0,1,0,1,1,U2 
H5,840,2017,150210,      0.60,      0.60,      0.60,      0.60,0,0,1,0,1,1,U2 
H5,840,2017,150290,      0.62,      0.62,      0.62,      0.62,0,0,1,0,1,1,U2 
H5,840,2017,150300,      2.42,      2.42,      2.42,      2.42,0,0,1,0,1,1,U2 
H5,840,2017,150410,      2.00,      0.00,      2.00,      1.00,0,1,0,1,2,2,U2 
H5,840,2017,150420,      6.13,      0.00,      5.68,      2.04,0,1,2,0,3,3,U2 
H5,840,2017,150430,      5.35,      5.35,      5.35,      5.35,0,0,1,0,1,1,U2 
H5,840,2017,150500,      2.22,      0.22,      2.00,      1.11,0,0,1,1,2,2,U2 
H5,840,2017,150600,      2.00,      2.00,      2.00,      2.00,0,0,0,1,1,1,U2 
H5,840,2017,150710,     19.00,     19.00,     19.00,     19.00,0,0,0,1,1,1,U2 
H5,840,2017,150790,     19.00,      0.00,     19.00,      9.50,0,1,0,1,2,2,U2 
H5,840,2017,150810,      5.48,      5.48,      5.48,      5.48,0,0,1,0,1,1,U2 
H5,840,2017,150890,      3.85,      3.85,      3.85,      3.85,0,0,1,0,1,1,U2 
H5,840,2017,150910,      0.78,      0.78,      0.78,      0.78,1,0,1,0,1,2,U2 
H5,840,2017,150990,      0.86,      0.86,      0.86,      0.86,1,0,1,0,1,2,U2 
H5,840,2017,151000,      1.88,      0.00,      1.88,      0.94,1,1,1,0,2,3,U2 
H5,840,2017,151110,      0.00,      0.00,      0.00,      0.00,0,1,0,0,1,1,U2 
H5,840,2017,151190,      0.00,      0.00,      0.00,      0.00,0,1,0,0,1,1,U2 
H5,840,2017,151211,      5.14,      5.14,      5.14,      5.14,0,0,1,0,1,1,U2 
H5,840,2017,151219,      4.71,      4.71,      4.71,      4.71,0,0,1,0,1,1,U2 
H5,840,2017,151221,      6.22,      6.22,      6.22,      6.22,0,0,1,0,1,1,U2 
H5,840,2017,151229,      4.81,      4.81,      4.81,      4.81,0,0,1,0,1,1,U2 
H5,840,2017,151311,      0.00,      0.00,      0.00,      0.00,0,1,0,0,1,1,U2 
H5,840,2017,151319,      0.00,      0.00,      0.00,      0.00,0,1,0,0,1,1,U2 
H5,840,2017,151321,      0.00,      0.00,      0.00,      0.00,0,1,0,0,1,1,U2 
H5,840,2017,151329,      0.00,      0.00,      0.00,      0.00,0,1,0,0,1,1,U2 
H5,840,2017,151411,      6.00,      6.00,      6.00,      6.00,0,0,0,1,1,1,U2 
H5,840,2017,151419,      6.00,      6.00,      6.00,      6.00,0,0,0,1,1,1,U2 
H5,840,2017,151491,      6.00,      0.00,      6.00,      3.00,0,1,0,1,2,2,U2 
H5,840,2017,151499,      7.23,      0.00,      6.00,      2.41,0,1,1,1,3,3,U2 
H5,840,2017,151511,      6.17,      6.17,      6.17,      6.17,0,0,1,0,1,1,U2 
H5,840,2017,151519,      5.37,      5.37,      5.37,      5.37,0,0,1,0,1,1,U2 
H5,840,2017,151521,      3.00,      3.00,      3.00,      3.00,0,0,0,1,1,1,U2 
H5,840,2017,151529,      3.00,      3.00,      3.00,      3.00,0,0,0,1,1,1,U2 
H5,840,2017,151530,      0.00,      0.00,      0.00,      0.00,0,1,0,0,1,1,U2 
H5,840,2017,151550,      0.14,      0.14,      0.14,      0.14,0,0,1,0,1,1,U2 
H5,840,2017,151590,      5.00,      0.00,      3.00,      1.67,0,1,0,2,3,3,U2 
H5,840,2017,151610,      2.04,      2.04,      2.04,      2.04,0,0,1,0,1,1,U2 
H5,840,2017,151620,     12.78,      5.78,      7.00,      6.39,0,0,1,1,2,2,U2 
H5,840,2017,151710,      8.83,      8.83,      8.83,      8.83,0,0,1,0,1,1,U2 
H5,840,2017,151790,     67.77,      5.65,     21.98,     11.29,0,0,4,2,6,6,U2 
H5,840,2017,151800,     16.46,      8.00,      8.46,      8.23,0,0,1,1,2,2,U2 
H5,840,2017,152000,      0.00,      0.00,      0.00,      0.00,0,1,0,0,1,1,U2 
H5,840,2017,152110,      0.00,      0.00,      0.00,      0.00,0,1,0,0,1,1,U2 
H5,840,2017,152190,      4.00,      0.00,      4.00,      2.00,0,1,0,1,2,2,U2 
H5,840,2017,152200,      3.00,      3.00,      3.00,      3.00,0,0,0,1,1,1,U2 
H5,840,2017,160100,      6.17,      0.17,      3.00,      2.06,0,0,1,2,3,3,U2 
H5,840,2017,160210,      7.00,      1.00,      6.00,      3.50,0,0,0,2,2,2,U2 
H5,840,2017,160220,      4.03,      1.03,      3.00,      2.02,0,0,1,1,2,2,U2 
H5,840,2017,160231,      6.00,      6.00,      6.00,      6.00,0,0,0,1,1,1,U2 
H5,840,2017,160232,      6.00,      6.00,      6.00,      6.00,0,0,0,1,1,1,U2 
H5,840,2017,160239,      6.00,      6.00,      6.00,      6.00,0,0,0,1,1,1,U2 
H5,840,2017,160241,      7.25,      0.26,      6.00,      2.42,0,0,2,1,3,3,U2 
H5,840,2017,160242,      1.82,      0.46,      1.37,      0.91,0,0,2,0,2,2,U2 
H5,840,2017,160249,     13.10,      0.28,      6.00,      2.62,0,0,2,3,5,5,U2 
H5,840,2017,160250,     10.00,      0.00,      4.00,      1.67,0,1,0,5,6,6,U2 
H5,840,2017,160290,      8.00,      2.00,      6.00,      4.00,0,0,0,2,2,2,U2 
H5,840,2017,160300,      8.00,      0.00,      8.00,      4.00,0,1,0,1,2,2,U2 
H5,840,2017,160411,      6.00,      0.00,      6.00,      3.00,0,1,0,1,2,2,U2 
H5,840,2017,160412,      4.00,      0.00,      4.00,      1.33,0,2,0,1,3,3,U2 
H5,840,2017,160413,     38.00,      0.00,     20.00,      7.60,0,2,0,3,5,5,U2 
H5,840,2017,160414,     69.22,      0.22,     35.00,      9.89,0,0,1,6,7,7,U2 
H5,840,2017,160415,      3.00,      3.00,      3.00,      3.00,0,0,0,1,1,1,U2 
H5,840,2017,160416,      5.00,      0.00,      5.00,      1.67,0,2,0,1,3,3,U2 
H5,840,2017,160417,     27.00,      0.00,     10.00,      5.40,0,1,0,4,5,5,U2 
H5,840,2017,160418,     10.00,      4.00,      6.00,      5.00,0,0,0,2,2,2,U2 
H5,840,2017,160419,     40.00,      0.00,     10.00,      5.00,0,1,0,7,8,8,U2 
H5,840,2017,160420,     27.00,      0.00,     10.00,      3.00,0,6,0,3,9,9,U2 
H5,840,2017,160431,     15.00,     15.00,     15.00,     15.00,0,0,0,1,1,1,U2 
H5,840,2017,160432,      0.00,      0.00,      0.00,      0.00,0,2,0,0,2,2,U2 
H5,840,2017,160510,     15.00,      0.00,     10.00,      3.75,0,2,0,2,4,4,U2 
H5,840,2017,160521,      5.00,      0.00,      5.00,      2.50,0,1,0,1,2,2,U2 
H5,840,2017,160529,      5.00,      0.00,      5.00,      2.50,0,1,0,1,2,2,U2 
H5,840,2017,160530,     10.00,      0.00,     10.00,      5.00,0,1,0,1,2,2,U2 
H5,840,2017,160540,      0.00,      0.00,      0.00,      0.00,0,2,0,0,2,2,U2 
H5,840,2017,160551,      4.00,      0.00,      4.00,      1.33,0,2,0,1,3,3,U2 
H5,840,2017,160552,      0.00,      0.00,      0.00,      0.00,0,2,0,0,2,2,U2 
H5,840,2017,160553,      0.00,      0.00,      0.00,      0.00,0,2,0,0,2,2,U2 
H5,840,2017,160554,      0.00,      0.00,      0.00,      0.00,0,2,0,0,2,2,U2 
H5,840,2017,160555,      0.00,      0.00,      0.00,      0.00,0,2,0,0,2,2,U2 
H5,840,2017,160556,     10.00,      0.00,     10.00,      1.67,0,5,0,1,6,6,U2 
H5,840,2017,160557,      0.00,      0.00,      0.00,      0.00,0,2,0,0,2,2,U2 
H5,840,2017,160558,      5.00,      0.00,      5.00,      2.50,0,1,0,1,2,2,U2 
H5,840,2017,160559,      0.00,      0.00,      0.00,      0.00,0,2,0,0,2,2,U2 
H5,840,2017,160561,      0.00,      0.00,      0.00,      0.00,0,1,0,0,1,1,U2 
H5,840,2017,160562,      0.00,      0.00,      0.00,      0.00,0,1,0,0,1,1,U2 
H5,840,2017,160563,      0.00,      0.00,      0.00,      0.00,0,1,0,0,1,1,U2 
H5,840,2017,160569,      0.00,      0.00,      0.00,      0.00,0,1,0,0,1,1,U2 
H5,840,2017,170112,     61.75,     61.75,     61.75,     61.75,2,0,1,0,1,3,U2 
H5,840,2017,170113,     31.25,     31.25,     31.25,     31.25,3,0,1,0,1,4,U2 
H5,840,2017,170114,     69.51,     69.51,     69.51,     69.51,3,0,1,0,1,4,U2 
H5,840,2017,170191,    101.50,      5.00,     25.50,     12.69,2,0,3,5,8,10,U2 
H5,840,2017,170199,     58.69,     58.69,     58.69,     58.69,2,0,1,0,1,3,U2 
H5,840,2017,170211,      6.00,      6.00,      6.00,      6.00,0,0,0,1,1,1,U2 
H5,840,2017,170219,      6.00,      6.00,      6.00,      6.00,0,0,0,1,1,1,U2 
H5,840,2017,170220,     19.69,      0.00,      7.69,      4.92,0,1,1,2,4,4,U2 
H5,840,2017,170230,     50.95,      3.90,     35.06,     12.74,0,0,2,2,4,4,U2 
H5,840,2017,170240,    109.16,      5.00,     92.16,     27.29,0,0,1,3,4,4,U2 
H5,840,2017,170250,      9.00,      9.00,      9.00,      9.00,0,0,0,1,1,1,U2 
H5,840,2017,170260,     58.99,      5.00,     41.99,     14.75,0,0,1,3,4,4,U2 
H5,840,2017,170290,    142.30,      3.60,     38.46,     15.81,2,0,5,4,9,11,U2 
H5,840,2017,170310,      0.05,      0.05,      0.05,      0.05,1,0,1,0,1,2,U2 
H5,840,2017,170390,      0.06,      0.06,      0.06,      0.06,1,0,1,0,1,2,U2 
H5,840,2017,170410,      4.00,      4.00,      4.00,      4.00,0,0,0,1,1,1,U2 
H5,840,2017,170490,    130.71,      0.00,     21.24,     11.88,0,1,3,7,11,11,U2 
H5,840,2017,180100,      0.00,      0.00,      0.00,      0.00,0,1,0,0,1,1,U2 
H5,840,2017,180200,      0.00,      0.00,      0.00,      0.00,0,1,0,0,1,1,U2 
H5,840,2017,180310,      0.00,      0.00,      0.00,      0.00,0,1,0,0,1,1,U2 
H5,840,2017,180320,      0.09,      0.09,      0.09,      0.09,0,0,1,0,1,1,U2 
H5,840,2017,180400,      0.00,      0.00,      0.00,      0.00,0,1,0,0,1,1,U2 
H5,840,2017,180500,      0.19,      0.19,      0.19,      0.19,0,0,1,0,1,1,U2 
H5,840,2017,180610,    134.65,      0.00,     16.07,     10.36,0,2,5,6,13,13,U2 
H5,840,2017,180620,    350.94,      0.00,     24.35,     12.53,0,1,12,15,28,28,U2 
H5,840,2017,180631,      5.00,      5.00,      5.00,      5.00,0,0,0,1,1,1,U2 
H5,840,2017,180632,    113.32,      4.00,     14.82,      8.72,0,0,6,7,13,13,U2 
H5,840,2017,180690,    146.90,      3.00,     15.12,      8.64,0,0,9,8,17,17,U2 
H5,840,2017,190110,    395.95,      6.00,     27.85,     18.00,0,0,7,15,22,22,U2 
H5,840,2017,190120,    268.41,      8.00,     28.73,     16.78,0,0,6,10,16,16,U2 
H5,840,2017,190190,    354.16,      0.00,     58.64,     17.71,1,1,6,13,20,21,U2 
H5,840,2017,190211,      6.00,      0.00,      6.00,      3.00,0,1,0,1,2,2,U2 
H5,840,2017,190219,      6.00,      0.00,      6.00,      3.00,0,1,0,1,2,2,U2 
H5,840,2017,190220,      6.00,      6.00,      6.00,      6.00,0,0,0,1,1,1,U2 
H5,840,2017,190230,      6.00,      6.00,      6.00,      6.00,0,0,0,1,1,1,U2 
H5,840,2017,190240,      6.00,      6.00,      6.00,      6.00,0,0,0,1,1,1,U2 
H5,840,2017,190300,      0.67,      0.00,      0.67,      0.33,0,1,1,0,2,2,U2 
H5,840,2017,190410,      1.00,      1.00,      1.00,      1.00,0,0,0,1,1,1,U2 
H5,840,2017,190420,     19.00,      5.00,     14.00,      9.50,0,0,0,2,2,2,U2 
H5,840,2017,190430,     14.00,     14.00,     14.00,     14.00,0,0,0,1,1,1,U2 
H5,840,2017,190490,     14.00,     14.00,     14.00,     14.00,0,0,0,1,1,1,U2 
H5,840,2017,190510,      0.00,      0.00,      0.00,      0.00,0,1,0,0,1,1,U2 
H5,840,2017,190520,      0.00,      0.00,      0.00,      0.00,0,1,0,0,1,1,U2 
H5,840,2017,190531,      0.00,      0.00,      0.00,      0.00,0,1,0,0,1,1,U2 
H5,840,2017,190532,      0.00,      0.00,      0.00,      0.00,0,1,0,0,1,1,U2 
H5,840,2017,190540,      0.00,      0.00,      0.00,      0.00,0,1,0,0,1,1,U2 
H5,840,2017,190590,      4.00,      0.00,      4.00,      2.00,0,1,0,1,2,2,U2 
H5,840,2017,200110,      9.00,      9.00,      9.00,      9.00,0,0,0,1,1,1,U2 
H5,840,2017,200190,     88.52,      0.84,     14.00,      6.81,0,0,3,10,13,13,U2 
H5,840,2017,200210,     12.00,     12.00,     12.00,     12.00,0,0,0,1,1,1,U2 
H5,840,2017,200290,     22.00,     11.00,     11.00,     11.00,0,0,0,2,2,2,U2 
H5,840,2017,200310,     11.56,     11.56,     11.56,     11.56,0,0,1,0,1,1,U2 
H5,840,2017,200390,     10.59,      0.00,     10.59,      5.30,0,1,1,0,2,2,U2 
H5,840,2017,200410,     14.00,      6.00,      8.00,      7.00,0,0,0,2,2,2,U2 
H5,840,2017,200490,     15.00,      1.00,     11.00,      5.00,0,0,1,2,3,3,U2 
H5,840,2017,200510,     11.00,     11.00,     11.00,     11.00,0,0,0,1,1,1,U2 
H5,840,2017,200520,      6.00,      6.00,      6.00,      6.00,0,0,0,1,1,1,U2 
H5,840,2017,200540,      0.00,      0.00,      0.00,      0.00,0,1,0,0,1,1,U2 
H5,840,2017,200551,      3.49,      1.46,      2.04,      1.75,0,0,2,0,2,2,U2 
H5,840,2017,200559,      1.24,      1.24,      1.24,      1.24,0,0,1,0,1,1,U2 
H5,840,2017,200560,     14.00,     14.00,     14.00,     14.00,0,0,0,1,1,1,U2 
H5,840,2017,200570,     54.87,      1.94,      5.29,      3.43,0,0,16,0,16,16,U2 
H5,840,2017,200580,      5.00,      5.00,      5.00,      5.00,0,0,0,1,1,1,U2 
H5,840,2017,200591,     11.00,      0.00,     11.00,      5.50,0,1,0,1,2,2,U2 
H5,840,2017,200599,     61.48,      0.00,     14.00,      6.83,0,1,1,7,9,9,U2 
H5,840,2017,200600,     55.00,      1.74,     16.00,      7.86,0,0,2,5,7,7,U2 
H5,840,2017,200710,     12.00,     12.00,     12.00,     12.00,0,0,0,1,1,1,U2 
H5,840,2017,200791,     18.00,      3.00,     11.00,      6.00,0,0,0,3,3,3,U2 
H5,840,2017,200799,     80.00,      0.00,     14.00,      5.00,0,1,0,15,16,16,U2 
H5,840,2017,200811,    402.90,      0.00,    131.00,     44.77,0,2,4,3,9,9,U2 
H5,840,2017,200819,     54.35,      0.00,     22.00,      6.04,0,1,4,4,9,9,U2 
H5,840,2017,200820,      0.26,      0.26,      0.26,      0.26,0,0,1,0,1,1,U2 
H5,840,2017,200830,     75.58,      0.00,     14.00,      4.72,0,1,10,5,16,16,U2 
H5,840,2017,200840,     15.00,     15.00,     15.00,     15.00,0,0,0,1,1,1,U2 
H5,840,2017,200850,     39.00,     10.00,     29.00,     19.50,0,0,0,2,2,2,U2 
H5,840,2017,200860,      7.98,      7.98,      7.98,      7.98,0,0,1,0,1,1,U2 
H5,840,2017,200870,     33.00,     16.00,     17.00,     16.50,0,0,0,2,2,2,U2 
H5,840,2017,200880,     11.00,     11.00,     11.00,     11.00,0,0,0,1,1,1,U2 
H5,840,2017,200891,      0.90,      0.90,      0.90,      0.90,0,0,0,1,1,1,U2 
H5,840,2017,200893,      4.00,      4.00,      4.00,      4.00,0,0,0,1,1,1,U2 
H5,840,2017,200897,     19.00,      5.00,     14.00,      9.50,0,0,0,2,2,2,U2 
H5,840,2017,200899,    128.02,      0.00,     22.00,      5.57,0,2,3,18,23,23,U2 
H5,840,2017,200911,,,,,1,0,0,0,0,1,U2 
H5,840,2017,200912,,,,,2,0,0,0,0,2,U2 
H5,840,2017,200919,,,,,1,0,0,0,0,1,U2 
H5,840,2017,200921,,,,,2,0,0,0,0,2,U2 
H5,840,2017,200929,,,,,1,0,0,0,0,1,U2 
H5,840,2017,200931,      1.37,      1.37,      1.37,      1.37,3,0,1,0,1,4,U2 
H5,840,2017,200939,      0.70,      0.70,      0.70,      0.70,2,0,1,0,1,3,U2 
H5,840,2017,200941,,,,,2,0,0,0,0,2,U2 
H5,840,2017,200949,,,,,2,0,0,0,0,2,U2 
H5,840,2017,200950,,,,,1,0,0,0,0,1,U2 
H5,840,2017,200961,,,,,1,0,0,0,0,1,U2 
H5,840,2017,200969,,,,,1,0,0,0,0,1,U2 
H5,840,2017,200971,      0.00,      0.00,      0.00,      0.00,0,1,0,0,1,1,U2 
H5,840,2017,200979,      0.00,      0.00,      0.00,      0.00,0,1,0,0,1,1,U2 
H5,840,2017,200981,,,,,1,0,0,0,0,1,U2 
H5,840,2017,200989,      0.00,      0.00,      0.00,      0.00,3,1,0,0,1,4,U2 
H5,840,2017,200990,,,,,2,0,0,0,0,2,U2 
H5,840,2017,210111,      0.00,      0.00,      0.00,      0.00,0,2,0,0,2,2,U2 
H5,840,2017,210112,     89.75,      8.00,     13.92,     11.22,0,0,3,5,8,8,U2 
H5,840,2017,210120,     90.28,      0.00,     14.09,     10.03,0,1,3,5,9,9,U2 
H5,840,2017,210130,      0.66,      0.66,      0.66,      0.66,0,0,1,0,1,1,U2 
H5,840,2017,210210,      6.00,      6.00,      6.00,      6.00,0,0,0,1,1,1,U2 
H5,840,2017,210220,      9.00,      0.00,      6.00,      3.00,0,1,0,2,3,3,U2 
H5,840,2017,210230,      0.00,      0.00,      0.00,      0.00,0,1,0,0,1,1,U2 
H5,840,2017,210310,      3.00,      3.00,      3.00,      3.00,0,0,0,1,1,1,U2 
H5,840,2017,210320,     17.00,      6.00,     11.00,      8.50,0,0,0,2,2,2,U2 
H5,840,2017,210330,      1.56,      0.00,      1.56,      0.78,0,1,1,0,2,2,U2 
H5,840,2017,210390,     47.04,      0.00,     18.04,      6.72,0,1,1,5,7,7,U2 
H5,840,2017,210410,      3.00,      3.00,      3.00,      3.00,0,0,0,1,1,1,U2 
H5,840,2017,210420,      8.00,      2.00,      6.00,      4.00,0,0,0,2,2,2,U2 
H5,840,2017,210500,    167.41,     17.00,     35.20,     23.92,0,0,2,5,7,7,U2 
H5,840,2017,210610,      6.00,      6.00,      6.00,      6.00,0,0,0,1,1,1,U2 
H5,840,2017,210690,    402.40,      0.00,     40.49,     10.32,3,1,25,13,39,42,U2 
H5,840,2017,220110,      0.84,      0.84,      0.84,      0.84,0,0,1,0,1,1,U2 
H5,840,2017,220190,      0.00,      0.00,      0.00,      0.00,0,1,0,0,1,1,U2 
H5,840,2017,220210,      0.20,      0.20,      0.20,      0.20,0,0,1,0,1,1,U2 
H5,840,2017,220291,      0.22,      0.22,      0.22,      0.22,0,0,1,0,1,1,U2 
H5,840,2017,220299,     96.69,      0.17,     34.97,     13.81,2,0,4,3,7,9,U2 
H5,840,2017,220300,      0.00,      0.00,      0.00,      0.00,0,1,0,0,1,1,U2 
H5,840,2017,220410,      2.65,      2.65,      2.65,      2.65,0,0,1,0,1,1,U2 
H5,840,2017,220421,     12.93,      1.25,      4.69,      2.59,0,0,5,0,5,5,U2 
H5,840,2017,220422,     35.35,      4.42,     11.78,      8.84,0,0,4,0,4,4,U2 
H5,840,2017,220429,     40.73,     15.67,     25.07,     20.37,0,0,2,0,2,2,U2 
H5,840,2017,220430,     12.08,     12.08,     12.08,     12.08,0,0,1,0,1,1,U2 
H5,840,2017,220510,      3.40,      1.55,      1.86,      1.70,0,0,2,0,2,2,U2 
H5,840,2017,220590,      9.69,      2.95,      3.54,      3.23,0,0,3,0,3,3,U2 
H5,840,2017,220600,     24.94,      0.30,     10.37,      4.99,0,0,5,0,5,5,U2 
H5,840,2017,220710,     13.47,      2.00,     11.47,      6.74,0,0,1,1,2,2,U2 
H5,840,2017,220720,      1.00,      1.00,      1.00,      1.00,0,0,0,1,1,1,U2 
H5,840,2017,220820,      0.00,      0.00,      0.00,      0.00,0,6,0,0,6,6,U2 
H5,840,2017,220830,      0.00,      0.00,      0.00,      0.00,0,2,0,0,2,2,U2 
H5,840,2017,220840,      2.82,      0.00,      1.41,      0.71,0,2,2,0,4,4,U2 
H5,840,2017,220850,      0.00,      0.00,      0.00,      0.00,0,1,0,0,1,1,U2 
H5,840,2017,220860,      0.00,      0.00,      0.00,      0.00,0,3,0,0,3,3,U2 
H5,840,2017,220870,      0.00,      0.00,      0.00,      0.00,0,1,0,0,1,1,U2 
H5,840,2017,220890,      1.28,      0.00,      1.28,      0.07,0,17,1,0,18,18,U2 
H5,840,2017,220900,      0.15,      0.15,      0.15,      0.15,0,0,1,0,1,1,U2 
H5,840,2017,230110,      0.00,      0.00,      0.00,      0.00,0,1,0,0,1,1,U2 
H5,840,2017,230120,      0.00,      0.00,      0.00,      0.00,0,1,0,0,1,1,U2 
H5,840,2017,230210,      0.00,      0.00,      0.00,      0.00,0,1,0,0,1,1,U2 
H5,840,2017,230230,      0.00,      0.00,      0.00,      0.00,0,1,0,0,1,1,U2 
H5,840,2017,230240,      0.00,      0.00,      0.00,      0.00,0,1,0,0,1,1,U2 
H5,840,2017,230250,      1.00,      1.00,      1.00,      1.00,0,0,0,1,1,1,U2 
H5,840,2017,230310,      1.00,      1.00,      1.00,      1.00,0,0,0,1,1,1,U2 
H5,840,2017,230320,      0.00,      0.00,      0.00,      0.00,0,1,0,0,1,1,U2 
H5,840,2017,230330,      0.00,      0.00,      0.00,      0.00,0,1,0,0,1,1,U2 
H5,840,2017,230400,      1.09,      1.09,      1.09,      1.09,0,0,1,0,1,1,U2 
H5,840,2017,230500,      0.76,      0.76,      0.76,      0.76,0,0,1,0,1,1,U2 
H5,840,2017,230610,      1.03,      1.03,      1.03,      1.03,0,0,1,0,1,1,U2 
H5,840,2017,230620,      0.33,      0.33,      0.33,      0.33,0,0,1,0,1,1,U2 
H5,840,2017,230630,      1.97,      1.97,      1.97,      1.97,0,0,1,0,1,1,U2 
H5,840,2017,230641,      0.64,      0.64,      0.64,      0.64,0,0,1,0,1,1,U2 
H5,840,2017,230649,      0.65,      0.65,      0.65,      0.65,0,0,1,0,1,1,U2 
H5,840,2017,230650,      2.13,      2.13,      2.13,      2.13,0,0,1,0,1,1,U2 
H5,840,2017,230660,      2.50,      2.50,      2.50,      2.50,0,0,1,0,1,1,U2 
H5,840,2017,230690,      1.84,      1.84,      1.84,      1.84,0,0,1,0,1,1,U2 
H5,840,2017,230700,      0.00,      0.00,      0.00,      0.00,0,1,0,0,1,1,U2 
H5,840,2017,230800,      3.00,      0.00,      1.00,      0.75,0,1,0,3,4,4,U2 
H5,840,2017,230910,      0.00,      0.00,      0.00,      0.00,0,1,0,0,1,1,U2 
H5,840,2017,230990,    246.13,      0.00,    107.57,     24.61,0,1,2,7,10,10,U2 
H5,840,2017,240110,    364.45,      0.00,    350.00,     40.49,0,5,3,1,9,9,U2 
H5,840,2017,240120,    813.84,      0.00,    350.00,     54.26,0,7,6,2,15,15,U2 
H5,840,2017,240130,    672.87,      0.00,    350.00,     51.76,0,8,4,1,13,13,U2 
H5,840,2017,240210,     13.51,      2.53,      8.45,      4.50,0,0,3,0,3,3,U2 
H5,840,2017,240220,   9000.00,   3000.00,   3000.00,   3000.00,0,0,3,0,3,3,U2 
H5,840,2017,240290,      5.72,      5.72,      5.72,      5.72,0,0,1,0,1,1,U2 
H5,840,2017,240311,      3.20,      3.20,      3.20,      3.20,0,0,1,0,1,1,U2 
H5,840,2017,240319,    354.01,      1.34,    350.00,     88.50,0,0,3,1,4,4,U2 
H5,840,2017,240391,    377.90,      5.45,    350.00,     94.47,0,0,3,1,4,4,U2 
H5,840,2017,240399,    355.26,      1.75,    350.00,     88.81,0,0,3,1,4,4,U2 
H5,840,2017,250100,      0.00,      0.00,      0.00,      0.00,0,1,0,0,1,1,U2 
H5,840,2017,250200,      0.00,      0.00,      0.00,      0.00,0,1,0,0,1,1,U2 
H5,840,2017,250300,      0.00,      0.00,      0.00,      0.00,0,1,0,0,1,1,U2 
H5,840,2017,250410,      0.00,      0.00,      0.00,      0.00,0,2,0,0,2,2,U2 
H5,840,2017,250490,      0.00,      0.00,      0.00,      0.00,0,1,0,0,1,1,U2 
H5,840,2017,250510,      0.00,      0.00,      0.00,      0.00,0,2,0,0,2,2,U2 
H5,840,2017,250590,      0.00,      0.00,      0.00,      0.00,0,1,0,0,1,1,U2 
H5,840,2017,250610,      0.00,      0.00,      0.00,      0.00,0,1,0,0,1,1,U2 
H5,840,2017,250620,      0.00,      0.00,      0.00,      0.00,0,1,0,0,1,1,U2 
H5,840,2017,250700,      0.00,      0.00,      0.00,      0.00,0,1,0,0,1,1,U2 
H5,840,2017,250810,      0.00,      0.00,      0.00,      0.00,0,1,0,0,1,1,U2 
H5,840,2017,250830,      0.00,      0.00,      0.00,      0.00,0,1,0,0,1,1,U2 
H5,840,2017,250840,      0.00,      0.00,      0.00,      0.00,0,1,0,0,1,1,U2 
H5,840,2017,250850,      0.00,      0.00,      0.00,      0.00,0,1,0,0,1,1,U2 
H5,840,2017,250860,      0.00,      0.00,      0.00,      0.00,0,1,0,0,1,1,U2 
H5,840,2017,250870,      0.00,      0.00,      0.00,      0.00,0,1,0,0,1,1,U2 
H5,840,2017,250900,      0.00,      0.00,      0.00,      0.00,0,2,0,0,2,2,U2 
H5,840,2017,251010,      0.00,      0.00,      0.00,      0.00,0,1,0,0,1,1,U2 
H5,840,2017,251020,      0.00,      0.00,      0.00,      0.00,0,1,0,0,1,1,U2 
H5,840,2017,251110,      0.58,      0.00,      0.58,      0.29,0,1,1,0,2,2,U2 
H5,840,2017,251120,      0.00,      0.00,      0.00,      0.00,0,1,0,0,1,1,U2 
H5,840,2017,251200,      0.00,      0.00,      0.00,      0.00,0,1,0,0,1,1,U2 
H5,840,2017,251310,      0.00,      0.00,      0.00,      0.00,0,1,0,0,1,1,U2 
H5,840,2017,251320,      0.00,      0.00,      0.00,      0.00,0,2,0,0,2,2,U2 
H5,840,2017,251400,      0.00,      0.00,      0.00,      0.00,0,1,0,0,1,1,U2 
H5,840,2017,251511,      0.00,      0.00,      0.00,      0.00,0,1,0,0,1,1,U2 
H5,840,2017,251512,      3.00,      0.00,      3.00,      1.50,0,1,0,1,2,2,U2 
H5,840,2017,251520,      3.00,      3.00,      3.00,      3.00,0,0,0,1,1,1,U2 
H5,840,2017,251611,      0.00,      0.00,      0.00,      0.00,0,1,0,0,1,1,U2 
H5,840,2017,251612,      2.00,      2.00,      2.00,      2.00,0,0,0,1,1,1,U2 
H5,840,2017,251620,      3.00,      0.00,      3.00,      1.50,0,1,0,1,2,2,U2 
H5,840,2017,251690,      3.00,      3.00,      3.00,      3.00,0,0,0,1,1,1,U2 
H5,840,2017,251710,      0.00,      0.00,      0.00,      0.00,0,1,0,0,1,1,U2 
H5,840,2017,251720,      0.00,      0.00,      0.00,      0.00,0,1,0,0,1,1,U2 
H5,840,2017,251730,      0.00,      0.00,      0.00,      0.00,0,1,0,0,1,1,U2 
H5,840,2017,251741,      0.00,      0.00,      0.00,      0.00,0,1,0,0,1,1,U2 
H5,840,2017,251749,      0.00,      0.00,      0.00,      0.00,0,1,0,0,1,1,U2 
H5,840,2017,251810,      0.00,      0.00,      0.00,      0.00,0,1,0,0,1,1,U2 
H5,840,2017,251820,      3.00,      3.00,      3.00,      3.00,0,0,0,1,1,1,U2 
H5,840,2017,251830,      0.00,      0.00,      0.00,      0.00,0,1,0,0,1,1,U2 
H5,840,2017,251910,      0.00,      0.00,      0.00,      0.00,0,1,0,0,1,1,U2 
H5,840,2017,251990,      0.00,      0.00,      0.00,      0.00,0,3,0,0,3,3,U2 
H5,840,2017,252010,      0.00,      0.00,      0.00,      0.00,0,1,0,0,1,1,U2 
H5,840,2017,252020,      0.00,      0.00,      0.00,      0.00,0,1,0,0,1,1,U2 
H5,840,2017,252100,      0.00,      0.00,      0.00,      0.00,0,1,0,0,1,1,U2 
H5,840,2017,252210,      0.00,      0.00,      0.00,      0.00,0,1,0,0,1,1,U2 
H5,840,2017,252220,      0.00,      0.00,      0.00,      0.00,0,1,0,0,1,1,U2 
H5,840,2017,252230,      0.00,      0.00,      0.00,      0.00,0,1,0,0,1,1,U2 
H5,840,2017,252310,      0.00,      0.00,      0.00,      0.00,0,1,0,0,1,1,U2 
H5,840,2017,252321,      0.00,      0.00,      0.00,      0.00,0,1,0,0,1,1,U2 
H5,840,2017,252329,      0.00,      0.00,      0.00,      0.00,0,1,0,0,1,1,U2 
H5,840,2017,252330,      0.00,      0.00,      0.00,      0.00,0,1,0,0,1,1,U2 
H5,840,2017,252390,      0.00,      0.00,      0.00,      0.00,0,1,0,0,1,1,U2 
H5,840,2017,252410,      0.00,      0.00,      0.00,      0.00,0,1,0,0,1,1,U2 
H5,840,2017,252490,      0.00,      0.00,      0.00,      0.00,0,1,0,0,1,1,U2 
H5,840,2017,252510,      0.00,      0.00,      0.00,      0.00,0,1,0,0,1,1,U2 
H5,840,2017,252520,      0.00,      0.00,      0.00,      0.00,0,1,0,0,1,1,U2 
H5,840,2017,252530,      0.00,      0.00,      0.00,      0.00,0,1,0,0,1,1,U2 
H5,840,2017,252610,      0.00,      0.00,      0.00,      0.00,0,1,0,0,1,1,U2 
H5,840,2017,252620,      0.00,      0.00,      0.00,      0.00,0,1,0,0,1,1,U2 
H5,840,2017,252800,      0.00,      0.00,      0.00,      0.00,0,1,0,0,1,1,U2 
H5,840,2017,252910,      0.00,      0.00,      0.00,      0.00,0,1,0,0,1,1,U2 
H5,840,2017,252921,      0.00,      0.00,      0.00,      0.00,0,1,0,0,1,1,U2 
H5,840,2017,252922,      0.00,      0.00,      0.00,      0.00,0,1,0,0,1,1,U2 
H5,840,2017,252930,      0.00,      0.00,      0.00,      0.00,0,1,0,0,1,1,U2 
H5,840,2017,253010,      0.00,      0.00,      0.00,      0.00,0,1,0,0,1,1,U2 
H5,840,2017,253020,      0.00,      0.00,      0.00,      0.00,0,2,0,0,2,2,U2 
H5,840,2017,253090,      2.00,      0.00,      2.00,      0.67,0,2,0,1,3,3,U2 
H5,840,2017,260111,      0.00,      0.00,      0.00,      0.00,0,1,0,0,1,1,U2 
H5,840,2017,260112,      0.00,      0.00,      0.00,      0.00,0,1,0,0,1,1,U2 
H5,840,2017,260120,      0.00,      0.00,      0.00,      0.00,0,1,0,0,1,1,U2 
H5,840,2017,260200,      0.00,      0.00,      0.00,      0.00,0,1,0,0,1,1,U2 
H5,840,2017,260300,      1.10,      1.10,      1.10,      1.10,0,0,1,0,1,1,U2 
H5,840,2017,260400,      0.00,      0.00,      0.00,      0.00,0,1,0,0,1,1,U2 
H5,840,2017,260500,      0.00,      0.00,      0.00,      0.00,0,1,0,0,1,1,U2 
H5,840,2017,260600,      0.00,      0.00,      0.00,      0.00,0,1,0,0,1,1,U2 
H5,840,2017,260700,      0.56,      0.56,      0.56,      0.56,0,0,1,0,1,1,U2 
H5,840,2017,260800,      0.00,      0.00,      0.00,      0.00,0,1,0,0,1,1,U2 
H5,840,2017,260900,      0.00,      0.00,      0.00,      0.00,0,1,0,0,1,1,U2 
H5,840,2017,261000,      0.00,      0.00,      0.00,      0.00,0,1,0,0,1,1,U2 
H5,840,2017,261100,      3.37,      0.00,      3.37,      1.68,0,1,1,0,2,2,U2 
H5,840,2017,261210,      0.00,      0.00,      0.00,      0.00,0,1,0,0,1,1,U2 
H5,840,2017,261220,      0.00,      0.00,      0.00,      0.00,0,1,0,0,1,1,U2 
H5,840,2017,261310,      3.12,      3.12,      3.12,      3.12,0,0,1,0,1,1,U2 
H5,840,2017,261390,      2.04,      2.04,      2.04,      2.04,0,0,1,0,1,1,U2 
H5,840,2017,261400,      0.00,      0.00,      0.00,      0.00,0,2,0,0,2,2,U2 
H5,840,2017,261510,      0.00,      0.00,      0.00,      0.00,0,1,0,0,1,1,U2 
H5,840,2017,261590,      0.00,      0.00,      0.00,      0.00,0,2,0,0,2,2,U2 
H5,840,2017,261610,      0.26,      0.26,      0.26,      0.26,0,0,1,0,1,1,U2 
H5,840,2017,261690,      0.50,      0.50,      0.50,      0.50,0,0,1,0,1,1,U2 
H5,840,2017,261710,      0.00,      0.00,      0.00,      0.00,0,1,0,0,1,1,U2 
H5,840,2017,261790,      0.00,      0.00,      0.00,      0.00,0,1,0,0,1,1,U2 
H5,840,2017,261800,      0.00,      0.00,      0.00,      0.00,0,1,0,0,1,1,U2 
H5,840,2017,261900,      0.00,      0.00,      0.00,      0.00,0,2,0,0,2,2,U2 
H5,840,2017,262011,      0.00,      0.00,      0.00,      0.00,0,1,0,0,1,1,U2 
H5,840,2017,262019,      2.55,      0.00,      2.55,      1.27,0,1,1,0,2,2,U2 
H5,840,2017,262021,      0.00,      0.00,      0.00,      0.00,0,1,0,0,1,1,U2 
H5,840,2017,262029,      0.00,      0.00,      0.00,      0.00,0,1,0,0,1,1,U2 
H5,840,2017,262030,      0.00,      0.00,      0.00,      0.00,0,1,0,0,1,1,U2 
H5,840,2017,262040,      0.00,      0.00,      0.00,      0.00,0,1,0,0,1,1,U2 
H5,840,2017,262060,      5.00,      0.00,      5.00,      2.50,0,1,0,1,2,2,U2 
H5,840,2017,262091,      0.00,      0.00,      0.00,      0.00,0,1,0,0,1,1,U2 
H5,840,2017,262099,     18.64,      0.00,     18.64,      3.11,0,5,1,0,6,6,U2 
H5,840,2017,262110,      0.00,      0.00,      0.00,      0.00,0,1,0,0,1,1,U2 
H5,840,2017,262190,      0.00,      0.00,      0.00,      0.00,0,1,0,0,1,1,U2 
H5,840,2017,270111,      0.00,      0.00,      0.00,      0.00,0,1,0,0,1,1,U2 
H5,840,2017,270112,      0.00,      0.00,      0.00,      0.00,0,1,0,0,1,1,U2 
H5,840,2017,270119,      0.00,      0.00,      0.00,      0.00,0,1,0,0,1,1,U2 
H5,840,2017,270120,      0.00,      0.00,      0.00,      0.00,0,1,0,0,1,1,U2 
H5,840,2017,270210,      0.00,      0.00,      0.00,      0.00,0,1,0,0,1,1,U2 
H5,840,2017,270220,      0.00,      0.00,      0.00,      0.00,0,1,0,0,1,1,U2 
H5,840,2017,270300,      0.00,      0.00,      0.00,      0.00,0,1,0,0,1,1,U2 
H5,840,2017,270400,      0.00,      0.00,      0.00,      0.00,0,1,0,0,1,1,U2 
H5,840,2017,270500,      0.00,      0.00,      0.00,      0.00,0,1,0,0,1,1,U2 
H5,840,2017,270600,      0.00,      0.00,      0.00,      0.00,0,1,0,0,1,1,U2 
H5,840,2017,270710,      0.00,      0.00,      0.00,      0.00,0,1,0,0,1,1,U2 
H5,840,2017,270720,      0.00,      0.00,      0.00,      0.00,0,1,0,0,1,1,U2 
H5,840,2017,270730,      0.00,      0.00,      0.00,      0.00,0,1,0,0,1,1,U2 
H5,840,2017,270740,      0.00,      0.00,      0.00,      0.00,0,1,0,0,1,1,U2 
H5,840,2017,270750,      0.00,      0.00,      0.00,      0.00,0,1,0,0,1,1,U2 
H5,840,2017,270791,      0.00,      0.00,      0.00,      0.00,0,1,0,0,1,1,U2 
H5,840,2017,270799,     29.53,      0.00,     19.31,      4.22,0,4,3,0,7,7,U2 
H5,840,2017,270810,      0.00,      0.00,      0.00,      0.00,0,1,0,0,1,1,U2 
H5,840,2017,270820,      0.00,      0.00,      0.00,      0.00,0,1,0,0,1,1,U2 
H5,840,2017,270900,,,,,2,0,0,0,0,2,U2 
H5,840,2017,271000,,,,,,,,,,,U2 
H5,840,2017,271012,      7.00,      7.00,      7.00,      7.00,4,0,0,1,1,5,U2 
H5,840,2017,271019,     20.24,      5.00,      8.24,      6.75,8,0,1,2,3,11,U2 
H5,840,2017,271020,,,,,4,0,0,0,0,4,U2 
H5,840,2017,271091,,,,,1,0,0,0,0,1,U2 
H5,840,2017,271099,     23.70,      5.00,     11.70,      7.90,6,0,1,2,3,9,U2 
H5,840,2017,271111,      0.00,      0.00,      0.00,      0.00,0,1,0,0,1,1,U2 
H5,840,2017,271112,      0.00,      0.00,      0.00,      0.00,0,1,0,0,1,1,U2 
H5,840,2017,271113,      0.00,      0.00,      0.00,      0.00,0,1,0,0,1,1,U2 
H5,840,2017,271114,      0.00,      0.00,      0.00,      0.00,0,1,0,0,1,1,U2 
H5,840,2017,271119,      0.00,      0.00,      0.00,      0.00,0,1,0,0,1,1,U2 
H5,840,2017,271121,      0.00,      0.00,      0.00,      0.00,0,1,0,0,1,1,U2 
H5,840,2017,271129,      0.00,      0.00,      0.00,      0.00,0,1,0,0,1,1,U2 
H5,840,2017,271210,      0.00,      0.00,      0.00,      0.00,0,1,0,0,1,1,U2 
H5,840,2017,271220,      0.00,      0.00,      0.00,      0.00,0,1,0,0,1,1,U2 
H5,840,2017,271290,      0.00,      0.00,      0.00,      0.00,0,2,0,0,2,2,U2 
H5,840,2017,271311,      0.00,      0.00,      0.00,      0.00,0,1,0,0,1,1,U2 
H5,840,2017,271312,      0.00,      0.00,      0.00,      0.00,0,1,0,0,1,1,U2 
H5,840,2017,271320,      0.00,      0.00,      0.00,      0.00,0,1,0,0,1,1,U2 
H5,840,2017,271390,      0.00,      0.00,      0.00,      0.00,0,1,0,0,1,1,U2 
H5,840,2017,271410,      0.00,      0.00,      0.00,      0.00,0,1,0,0,1,1,U2 
H5,840,2017,271490,      0.00,      0.00,      0.00,      0.00,0,1,0,0,1,1,U2 
H5,840,2017,271500,      0.00,      0.00,      0.00,      0.00,0,1,0,0,1,1,U2 
H5,840,2017,271600,      0.00,      0.00,      0.00,      0.00,0,1,0,0,1,1,U2 
H5,840,2017,280110,      0.00,      0.00,      0.00,      0.00,0,1,0,0,1,1,U2 
H5,840,2017,280120,      0.00,      0.00,      0.00,      0.00,0,1,0,0,1,1,U2 
H5,840,2017,280130,      8.00,      3.00,      5.00,      4.00,0,0,0,2,2,2,U2 
H5,840,2017,280200,      0.00,      0.00,      0.00,      0.00,0,1,0,0,1,1,U2 
H5,840,2017,280300,      0.00,      0.00,      0.00,      0.00,0,1,0,0,1,1,U2 
H5,840,2017,280410,      3.00,      3.00,      3.00,      3.00,0,0,0,1,1,1,U2 
H5,840,2017,280421,      3.00,      3.00,      3.00,      3.00,0,0,0,1,1,1,U2 
H5,840,2017,280429,      3.00,      3.00,      3.00,      3.00,0,0,0,1,1,1,U2 
H5,840,2017,280430,      3.00,      3.00,      3.00,      3.00,0,0,0,1,1,1,U2 
H5,840,2017,280440,      3.00,      3.00,      3.00,      3.00,0,0,0,1,1,1,U2 
H5,840,2017,280450,      0.00,      0.00,      0.00,      0.00,0,1,0,0,1,1,U2 
H5,840,2017,280461,      0.00,      0.00,      0.00,      0.00,0,1,0,0,1,1,U2 
H5,840,2017,280469,     10.00,      5.00,      5.00,      5.00,0,0,0,2,2,2,U2 
H5,840,2017,280470,      0.00,      0.00,      0.00,      0.00,0,1,0,0,1,1,U2 
H5,840,2017,280480,      0.00,      0.00,      0.00,      0.00,0,1,0,0,1,1,U2 
H5,840,2017,280490,      0.00,      0.00,      0.00,      0.00,0,1,0,0,1,1,U2 
H5,840,2017,280511,      5.00,      5.00,      5.00,      5.00,0,0,0,1,1,1,U2 
H5,840,2017,280512,      3.00,      3.00,      3.00,      3.00,0,0,0,1,1,1,U2 
H5,840,2017,280519,      8.00,      0.00,      5.00,      2.67,0,1,0,2,3,3,U2 
H5,840,2017,280530,      5.00,      5.00,      5.00,      5.00,0,0,0,1,1,1,U2 
H5,840,2017,280540,      1.00,      1.00,      1.00,      1.00,0,0,0,1,1,1,U2 
H5,840,2017,280610,      0.00,      0.00,      0.00,      0.00,0,1,0,0,1,1,U2 
H5,840,2017,280620,      4.00,      4.00,      4.00,      4.00,0,0,0,1,1,1,U2 
H5,840,2017,280700,      0.00,      0.00,      0.00,      0.00,0,1,0,0,1,1,U2 
H5,840,2017,280800,      0.00,      0.00,      0.00,      0.00,0,1,0,0,1,1,U2 
H5,840,2017,280910,      0.00,      0.00,      0.00,      0.00,0,1,0,0,1,1,U2 
H5,840,2017,280920,      0.00,      0.00,      0.00,      0.00,0,1,0,0,1,1,U2 
H5,840,2017,281000,      1.00,      1.00,      1.00,      1.00,0,0,0,1,1,1,U2 
H5,840,2017,281111,      0.00,      0.00,      0.00,      0.00,0,1,0,0,1,1,U2 
H5,840,2017,281112,      4.00,      4.00,      4.00,      4.00,0,0,0,1,1,1,U2 
H5,840,2017,281119,      6.00,      0.00,      4.00,      2.00,0,1,0,2,3,3,U2 
H5,840,2017,281121,      3.00,      3.00,      3.00,      3.00,0,0,0,1,1,1,U2 
H5,840,2017,281122,      3.00,      0.00,      3.00,      1.50,0,1,0,1,2,2,U2 
H5,840,2017,281129,      7.00,      0.00,      4.00,      1.75,0,2,0,2,4,4,U2 
H5,840,2017,281211,      3.00,      3.00,      3.00,      3.00,0,0,0,1,1,1,U2 
H5,840,2017,281212,      3.00,      3.00,      3.00,      3.00,0,0,0,1,1,1,U2 
H5,840,2017,281213,      3.00,      3.00,      3.00,      3.00,0,0,0,1,1,1,U2 
H5,840,2017,281214,      0.00,      0.00,      0.00,      0.00,0,1,0,0,1,1,U2 
H5,840,2017,281215,      3.00,      3.00,      3.00,      3.00,0,0,0,1,1,1,U2 
H5,840,2017,281216,      3.00,      3.00,      3.00,      3.00,0,0,0,1,1,1,U2 
H5,840,2017,281217,      3.00,      3.00,      3.00,      3.00,0,0,0,1,1,1,U2 
H5,840,2017,281219,      3.00,      3.00,      3.00,      3.00,0,0,0,1,1,1,U2 
H5,840,2017,281290,      3.00,      3.00,      3.00,      3.00,0,0,0,1,1,1,U2 
H5,840,2017,281310,      3.00,      3.00,      3.00,      3.00,0,0,0,1,1,1,U2 
H5,840,2017,281390,      3.00,      0.00,      3.00,      1.00,0,2,0,1,3,3,U2 
H5,840,2017,281410,      0.00,      0.00,      0.00,      0.00,0,1,0,0,1,1,U2 
H5,840,2017,281420,      0.00,      0.00,      0.00,      0.00,0,1,0,0,1,1,U2 
H5,840,2017,281511,      0.00,      0.00,      0.00,      0.00,0,1,0,0,1,1,U2 
H5,840,2017,281512,      0.00,      0.00,      0.00,      0.00,0,1,0,0,1,1,U2 
H5,840,2017,281520,      0.00,      0.00,      0.00,      0.00,0,1,0,0,1,1,U2 
H5,840,2017,281530,      3.00,      3.00,      3.00,      3.00,0,0,0,1,1,1,U2 
H5,840,2017,281610,      3.00,      3.00,      3.00,      3.00,0,0,0,1,1,1,U2 
H5,840,2017,281640,      6.00,      2.00,      4.00,      3.00,0,0,0,2,2,2,U2 
H5,840,2017,281700,      0.00,      0.00,      0.00,      0.00,0,1,0,0,1,1,U2 
H5,840,2017,281810,      1.00,      0.00,      1.00,      0.50,0,1,0,1,2,2,U2 
H5,840,2017,281820,      0.00,      0.00,      0.00,      0.00,0,1,0,0,1,1,U2 
H5,840,2017,281830,      0.00,      0.00,      0.00,      0.00,0,1,0,0,1,1,U2 
H5,840,2017,281910,      3.00,      3.00,      3.00,      3.00,0,0,0,1,1,1,U2 
H5,840,2017,281990,      3.00,      3.00,      3.00,      3.00,0,0,0,1,1,1,U2 
H5,840,2017,282010,      4.00,      4.00,      4.00,      4.00,0,0,0,1,1,1,U2 
H5,840,2017,282090,      4.00,      4.00,      4.00,      4.00,0,0,0,1,1,1,U2 
H5,840,2017,282110,      3.00,      3.00,      3.00,      3.00,0,0,0,1,1,1,U2 
H5,840,2017,282120,      5.00,      5.00,      5.00,      5.00,0,0,0,1,1,1,U2 
H5,840,2017,282200,      0.10,      0.10,      0.10,      0.10,0,0,0,1,1,1,U2 
H5,840,2017,282300,      5.00,      5.00,      5.00,      5.00,0,0,0,1,1,1,U2 
H5,840,2017,282410,      3.00,      3.00,      3.00,      3.00,0,0,0,1,1,1,U2 
H5,840,2017,282490,     12.00,      3.00,      5.00,      4.00,0,0,0,3,3,3,U2 
H5,840,2017,282510,      3.00,      3.00,      3.00,      3.00,0,0,0,1,1,1,U2 
H5,840,2017,282520,      3.00,      3.00,      3.00,      3.00,0,0,0,1,1,1,U2 
H5,840,2017,282530,      5.00,      5.00,      5.00,      5.00,0,0,0,1,1,1,U2 
H5,840,2017,282540,      0.00,      0.00,      0.00,      0.00,0,1,0,0,1,1,U2 
H5,840,2017,282550,     12.00,      3.00,      5.00,      4.00,0,0,0,3,3,3,U2 
H5,840,2017,282560,      3.00,      3.00,      3.00,      3.00,0,0,0,1,1,1,U2 
H5,840,2017,282570,      3.00,      3.00,      3.00,      3.00,0,0,0,1,1,1,U2 
H5,840,2017,282580,      0.00,      0.00,      0.00,      0.00,0,1,0,0,1,1,U2 
H5,840,2017,282590,     18.00,      0.00,      5.00,      3.00,0,1,0,5,6,6,U2 
H5,840,2017,282612,      0.00,      0.00,      0.00,      0.00,0,1,0,0,1,1,U2 
H5,840,2017,282619,      9.00,      3.00,      3.00,      3.00,0,0,0,3,3,3,U2 
H5,840,2017,282630,      0.00,      0.00,      0.00,      0.00,0,1,0,0,1,1,U2 
H5,840,2017,282690,      7.00,      3.00,      4.00,      3.50,0,0,0,2,2,2,U2 
H5,840,2017,282710,      2.00,      2.00,      2.00,      2.00,0,0,0,1,1,1,U2 
H5,840,2017,282720,      0.00,      0.00,      0.00,      0.00,0,1,0,0,1,1,U2 
H5,840,2017,282731,      1.00,      1.00,      1.00,      1.00,0,0,0,1,1,1,U2 
H5,840,2017,282732,      0.00,      0.00,      0.00,      0.00,0,1,0,0,1,1,U2 
H5,840,2017,282735,      3.00,      3.00,      3.00,      3.00,0,0,0,1,1,1,U2 
H5,840,2017,282739,     33.00,      1.00,      5.00,      3.67,0,0,0,9,9,9,U2 
H5,840,2017,282741,      3.00,      3.00,      3.00,      3.00,0,0,0,1,1,1,U2 
H5,840,2017,282749,     10.00,      5.00,      5.00,      5.00,0,0,0,2,2,2,U2 
H5,840,2017,282751,      0.00,      0.00,      0.00,      0.00,0,1,0,0,1,1,U2 
H5,840,2017,282759,      3.00,      0.00,      3.00,      1.50,0,1,0,1,2,2,U2 
H5,840,2017,282760,      6.00,      0.00,      4.00,      2.00,0,1,0,2,3,3,U2 
H5,840,2017,282810,      2.00,      2.00,      2.00,      2.00,0,0,0,1,1,1,U2 
H5,840,2017,282890,      3.00,      3.00,      3.00,      3.00,0,0,0,1,1,1,U2 
H5,840,2017,282911,      0.00,      0.00,      0.00,      0.00,0,1,0,0,1,1,U2 
H5,840,2017,282919,      3.00,      3.00,      3.00,      3.00,0,0,0,1,1,1,U2 
H5,840,2017,282990,      6.00,      0.00,      3.00,      1.50,0,2,0,2,4,4,U2 
H5,840,2017,283010,      3.00,      3.00,      3.00,      3.00,0,0,0,1,1,1,U2 
H5,840,2017,283090,      8.00,      0.00,      3.00,      2.00,0,1,0,3,4,4,U2 
H5,840,2017,283110,      5.00,      0.00,      5.00,      2.50,0,1,0,1,2,2,U2 
H5,840,2017,283190,      5.00,      5.00,      5.00,      5.00,0,0,0,1,1,1,U2 
H5,840,2017,283210,      1.00,      1.00,      1.00,      1.00,0,0,0,1,1,1,U2 
H5,840,2017,283220,      3.00,      3.00,      3.00,      3.00,0,0,0,1,1,1,U2 
H5,840,2017,283230,      4.00,      1.00,      3.00,      2.00,0,0,0,2,2,2,U2 
H5,840,2017,283311,      0.40,      0.00,      0.40,      0.20,0,1,0,1,2,2,U2 
H5,840,2017,283319,      0.00,      0.00,      0.00,      0.00,0,1,0,0,1,1,U2 
H5,840,2017,283321,      3.00,      3.00,      3.00,      3.00,0,0,0,1,1,1,U2 
H5,840,2017,283322,      0.00,      0.00,      0.00,      0.00,0,1,0,0,1,1,U2 
H5,840,2017,283324,      3.00,      3.00,      3.00,      3.00,0,0,0,1,1,1,U2 
H5,840,2017,283325,      1.00,      1.00,      1.00,      1.00,0,0,0,1,1,1,U2 
H5,840,2017,283327,      0.60,      0.60,      0.60,      0.60,0,0,0,1,1,1,U2 
H5,840,2017,283329,     13.00,      0.00,      5.00,      2.17,0,1,0,5,6,6,U2 
H5,840,2017,283330,      1.00,      1.00,      1.00,      1.00,0,0,0,1,1,1,U2 
H5,840,2017,283340,      6.00,      3.00,      3.00,      3.00,0,0,0,2,2,2,U2 
H5,840,2017,283410,      8.00,      3.00,      5.00,      4.00,0,0,0,2,2,2,U2 
H5,840,2017,283421,      0.00,      0.00,      0.00,      0.00,0,1,0,0,1,1,U2 
H5,840,2017,283429,     12.00,      0.00,      5.00,      3.00,0,1,0,3,4,4,U2 
H5,840,2017,283510,      3.00,      3.00,      3.00,      3.00,0,0,0,1,1,1,U2 
H5,840,2017,283522,      1.00,      1.00,      1.00,      1.00,0,0,0,1,1,1,U2 
H5,840,2017,283524,      3.00,      3.00,      3.00,      3.00,0,0,0,1,1,1,U2 
H5,840,2017,283525,      0.00,      0.00,      0.00,      0.00,0,1,0,0,1,1,U2 
H5,840,2017,283526,      0.00,      0.00,      0.00,      0.00,0,1,0,0,1,1,U2 
H5,840,2017,283529,      7.00,      0.00,      4.00,      1.75,0,1,0,3,4,4,U2 
H5,840,2017,283531,      1.00,      1.00,      1.00,      1.00,0,0,0,1,1,1,U2 
H5,840,2017,283539,      6.00,      3.00,      3.00,      3.00,0,0,0,2,2,2,U2 
H5,840,2017,283620,      1.00,      1.00,      1.00,      1.00,0,0,0,1,1,1,U2 
H5,840,2017,283630,      0.00,      0.00,      0.00,      0.00,0,1,0,0,1,1,U2 
H5,840,2017,283640,      2.00,      1.00,      1.00,      1.00,0,0,0,2,2,2,U2 
H5,840,2017,283650,      0.00,      0.00,      0.00,      0.00,0,1,0,0,1,1,U2 
H5,840,2017,283660,      2.00,      2.00,      2.00,      2.00,0,0,0,1,1,1,U2 
H5,840,2017,283691,      3.00,      3.00,      3.00,      3.00,0,0,0,1,1,1,U2 
H5,840,2017,283692,      4.00,      4.00,      4.00,      4.00,0,0,0,1,1,1,U2 
H5,840,2017,283699,     13.50,      0.50,      5.00,      2.70,0,0,0,5,5,5,U2 
H5,840,2017,283711,      0.00,      0.00,      0.00,      0.00,0,1,0,0,1,1,U2 
H5,840,2017,283719,      0.00,      0.00,      0.00,      0.00,0,1,0,0,1,1,U2 
H5,840,2017,283720,      2.00,      1.00,      1.00,      1.00,0,0,0,2,2,2,U2 
H5,840,2017,283911,      1.00,      1.00,      1.00,      1.00,0,0,0,1,1,1,U2 
H5,840,2017,283919,      1.00,      1.00,      1.00,      1.00,0,0,0,1,1,1,U2 
H5,840,2017,283990,      6.00,      3.00,      3.00,      3.00,0,0,0,2,2,2,U2 
H5,840,2017,284011,      0.30,      0.30,      0.30,      0.30,0,0,0,1,1,1,U2 
H5,840,2017,284019,      0.10,      0.10,      0.10,      0.10,0,0,0,1,1,1,U2 
H5,840,2017,284020,      3.00,      3.00,      3.00,      3.00,0,0,0,1,1,1,U2 
H5,840,2017,284030,      3.00,      3.00,      3.00,      3.00,0,0,0,1,1,1,U2 
H5,840,2017,284130,      2.00,      2.00,      2.00,      2.00,0,0,0,1,1,1,U2 
H5,840,2017,284150,      4.00,      1.00,      3.00,      2.00,0,0,0,2,2,2,U2 
H5,840,2017,284161,      5.00,      5.00,      5.00,      5.00,0,0,0,1,1,1,U2 
H5,840,2017,284169,      5.00,      5.00,      5.00,      5.00,0,0,0,1,1,1,U2 
H5,840,2017,284170,      7.00,      3.00,      4.00,      3.50,0,0,0,2,2,2,U2 
H5,840,2017,284180,      5.00,      5.00,      5.00,      5.00,0,0,0,1,1,1,U2 
H5,840,2017,284190,     20.00,      3.00,      5.00,      3.33,0,0,0,6,6,6,U2 
H5,840,2017,284210,      3.00,      3.00,      3.00,      3.00,0,0,0,1,1,1,U2 
H5,840,2017,284290,      6.00,      3.00,      3.00,      3.00,0,0,0,2,2,2,U2 
H5,840,2017,284310,      5.00,      5.00,      5.00,      5.00,0,0,0,1,1,1,U2 
H5,840,2017,284321,      3.00,      3.00,      3.00,      3.00,0,0,0,1,1,1,U2 
H5,840,2017,284329,      3.00,      3.00,      3.00,      3.00,0,0,0,1,1,1,U2 
H5,840,2017,284330,      5.00,      5.00,      5.00,      5.00,0,0,0,1,1,1,U2 
H5,840,2017,284390,      3.00,      3.00,      3.00,      3.00,0,0,0,1,1,1,U2 
H5,840,2017,284410,     10.00,      0.00,      5.00,      3.33,0,1,0,2,3,3,U2 
H5,840,2017,284420,      0.00,      0.00,      0.00,      0.00,0,1,0,0,1,1,U2 
H5,840,2017,284430,     10.00,      0.00,      5.00,      3.33,0,1,0,2,3,3,U2 
H5,840,2017,284440,      0.00,      0.00,      0.00,      0.00,0,1,0,0,1,1,U2 
H5,840,2017,284450,      0.00,      0.00,      0.00,      0.00,0,1,0,0,1,1,U2 
H5,840,2017,284510,      0.00,      0.00,      0.00,      0.00,0,1,0,0,1,1,U2 
H5,840,2017,284590,      0.00,      0.00,      0.00,      0.00,0,1,0,0,1,1,U2 
H5,840,2017,284610,      5.00,      5.00,      5.00,      5.00,0,0,0,1,1,1,U2 
H5,840,2017,284690,      3.00,      0.00,      3.00,      1.00,0,2,0,1,3,3,U2 
H5,840,2017,284700,      3.00,      3.00,      3.00,      3.00,0,0,0,1,1,1,U2 
H5,840,2017,284910,      1.00,      1.00,      1.00,      1.00,0,0,0,1,1,1,U2 
H5,840,2017,284920,      0.50,      0.00,      0.50,      0.25,0,1,0,1,2,2,U2 
H5,840,2017,284990,     15.00,      3.00,      5.00,      3.75,0,0,0,4,4,4,U2 
H5,840,2017,285000,     17.00,      0.00,      5.00,      3.40,0,1,0,4,5,5,U2 
H5,840,2017,285210,      3.00,      0.00,      3.00,      1.50,0,1,0,1,2,2,U2 
H5,840,2017,285290,      3.00,      0.00,      3.00,      1.50,0,1,0,1,2,2,U2 
H5,840,2017,285310,      2.00,      2.00,      2.00,      2.00,0,0,0,1,1,1,U2 
H5,840,2017,285390,      4.00,      0.00,      2.00,      1.33,0,1,0,2,3,3,U2 
H5,840,2017,290110,      0.00,      0.00,      0.00,      0.00,0,4,0,0,4,4,U2 
H5,840,2017,290121,      0.00,      0.00,      0.00,      0.00,0,1,0,0,1,1,U2 
H5,840,2017,290122,      0.00,      0.00,      0.00,      0.00,0,1,0,0,1,1,U2 
H5,840,2017,290123,      0.00,      0.00,      0.00,      0.00,0,1,0,0,1,1,U2 
H5,840,2017,290124,      0.00,      0.00,      0.00,      0.00,0,3,0,0,3,3,U2 
H5,840,2017,290129,      0.00,      0.00,      0.00,      0.00,0,2,0,0,2,2,U2 
H5,840,2017,290211,      0.00,      0.00,      0.00,      0.00,0,1,0,0,1,1,U2 
H5,840,2017,290219,      0.00,      0.00,      0.00,      0.00,0,1,0,0,1,1,U2 
H5,840,2017,290220,      0.00,      0.00,      0.00,      0.00,0,1,0,0,1,1,U2 
H5,840,2017,290230,      0.00,      0.00,      0.00,      0.00,0,1,0,0,1,1,U2 
H5,840,2017,290241,      0.00,      0.00,      0.00,      0.00,0,1,0,0,1,1,U2 
H5,840,2017,290242,      0.00,      0.00,      0.00,      0.00,0,1,0,0,1,1,U2 
H5,840,2017,290243,      0.00,      0.00,      0.00,      0.00,0,1,0,0,1,1,U2 
H5,840,2017,290244,      0.00,      0.00,      0.00,      0.00,0,1,0,0,1,1,U2 
H5,840,2017,290250,      0.00,      0.00,      0.00,      0.00,0,1,0,0,1,1,U2 
H5,840,2017,290260,      0.00,      0.00,      0.00,      0.00,0,1,0,0,1,1,U2 
H5,840,2017,290270,      0.00,      0.00,      0.00,      0.00,0,1,0,0,1,1,U2 
H5,840,2017,290290,      0.00,      0.00,      0.00,      0.00,0,6,0,0,6,6,U2 
H5,840,2017,290311,      5.00,      5.00,      5.00,      5.00,0,0,0,1,1,1,U2 
H5,840,2017,290312,      3.00,      3.00,      3.00,      3.00,0,0,0,1,1,1,U2 
H5,840,2017,290313,      5.00,      5.00,      5.00,      5.00,0,0,0,1,1,1,U2 
H5,840,2017,290314,      2.00,      2.00,      2.00,      2.00,0,0,0,1,1,1,U2 
H5,840,2017,290315,      5.00,      5.00,      5.00,      5.00,0,0,0,1,1,1,U2 
H5,840,2017,290319,     13.00,      0.00,      5.00,      3.25,0,1,0,3,4,4,U2 
H5,840,2017,290321,      5.00,      5.00,      5.00,      5.00,0,0,0,1,1,1,U2 
H5,840,2017,290322,      4.00,      4.00,      4.00,      4.00,0,0,0,1,1,1,U2 
H5,840,2017,290323,      3.00,      3.00,      3.00,      3.00,0,0,0,1,1,1,U2 
H5,840,2017,290329,      5.00,      5.00,      5.00,      5.00,0,0,0,1,1,1,U2 
H5,840,2017,290331,      5.00,      5.00,      5.00,      5.00,0,0,0,1,1,1,U2 
H5,840,2017,290339,      3.00,      0.00,      3.00,      1.50,0,1,0,1,2,2,U2 
H5,840,2017,290371,      3.00,      3.00,      3.00,      3.00,0,0,0,1,1,1,U2 
H5,840,2017,290372,      3.00,      3.00,      3.00,      3.00,0,0,0,1,1,1,U2 
H5,840,2017,290373,      3.00,      3.00,      3.00,      3.00,0,0,0,1,1,1,U2 
H5,840,2017,290374,      3.00,      3.00,      3.00,      3.00,0,0,0,1,1,1,U2 
H5,840,2017,290375,      3.00,      3.00,      3.00,      3.00,0,0,0,1,1,1,U2 
H5,840,2017,290376,      3.00,      3.00,      3.00,      3.00,0,0,0,1,1,1,U2 
H5,840,2017,290377,      3.00,      3.00,      3.00,      3.00,0,0,0,1,1,1,U2 
H5,840,2017,290378,      3.00,      3.00,      3.00,      3.00,0,0,0,1,1,1,U2 
H5,840,2017,290379,      3.00,      0.00,      3.00,      1.50,0,1,0,1,2,2,U2 
H5,840,2017,290381,      5.00,      5.00,      5.00,      5.00,0,0,0,1,1,1,U2 
H5,840,2017,290382,      5.00,      5.00,      5.00,      5.00,0,0,0,1,1,1,U2 
H5,840,2017,290383,      5.00,      5.00,      5.00,      5.00,0,0,0,1,1,1,U2 
H5,840,2017,290389,     26.00,      0.00,      5.00,      3.25,0,2,0,6,8,8,U2 
H5,840,2017,290391,     15.00,      5.00,      5.00,      5.00,0,0,0,3,3,3,U2 
H5,840,2017,290392,      5.00,      5.00,      5.00,      5.00,0,0,0,1,1,1,U2 
H5,840,2017,290393,      5.00,      5.00,      5.00,      5.00,0,0,0,1,1,1,U2 
H5,840,2017,290394,      5.00,      5.00,      5.00,      5.00,0,0,0,1,1,1,U2 
H5,840,2017,290399,     35.00,      0.00,      5.00,      3.89,0,2,0,7,9,9,U2 
H5,840,2017,290410,     34.00,      4.00,      5.00,      4.86,0,0,0,7,7,7,U2 
H5,840,2017,290420,     35.00,      0.00,      5.00,      4.38,0,1,0,7,8,8,U2 
H5,840,2017,290431,      3.00,      3.00,      3.00,      3.00,0,0,0,1,1,1,U2 
H5,840,2017,290432,      3.00,      3.00,      3.00,      3.00,0,0,0,1,1,1,U2 
H5,840,2017,290433,      3.00,      3.00,      3.00,      3.00,0,0,0,1,1,1,U2 
H5,840,2017,290434,      3.00,      3.00,      3.00,      3.00,0,0,0,1,1,1,U2 
H5,840,2017,290435,      3.00,      3.00,      3.00,      3.00,0,0,0,1,1,1,U2 
H5,840,2017,290436,      3.00,      3.00,      3.00,      3.00,0,0,0,1,1,1,U2 
H5,840,2017,290491,      3.00,      3.00,      3.00,      3.00,0,0,0,1,1,1,U2 
H5,840,2017,290499,     43.00,      3.00,      5.00,      4.78,0,0,0,9,9,9,U2 
H5,840,2017,290511,      5.00,      0.00,      5.00,      2.50,0,1,0,1,2,2,U2 
H5,840,2017,290512,      5.00,      5.00,      5.00,      5.00,0,0,0,1,1,1,U2 
H5,840,2017,290513,      5.00,      5.00,      5.00,      5.00,0,0,0,1,1,1,U2 
H5,840,2017,290514,      5.00,      0.00,      5.00,      2.50,0,1,0,1,2,2,U2 
H5,840,2017,290516,      3.00,      3.00,      3.00,      3.00,0,0,0,1,1,1,U2 
H5,840,2017,290517,      5.00,      5.00,      5.00,      5.00,0,0,0,1,1,1,U2 
H5,840,2017,290519,      8.00,      3.00,      5.00,      4.00,0,0,0,2,2,2,U2 
H5,840,2017,290522,     10.00,      3.00,      4.00,      3.33,0,0,0,3,3,3,U2 
H5,840,2017,290529,      8.00,      3.00,      5.00,      4.00,0,0,0,2,2,2,U2 
H5,840,2017,290531,      5.00,      5.00,      5.00,      5.00,0,0,0,1,1,1,U2 
H5,840,2017,290532,      5.00,      5.00,      5.00,      5.00,0,0,0,1,1,1,U2 
H5,840,2017,290539,     15.00,      0.00,      5.00,      3.75,0,1,0,3,4,4,U2 
H5,840,2017,290541,      3.00,      3.00,      3.00,      3.00,0,0,0,1,1,1,U2 
H5,840,2017,290542,      3.00,      3.00,      3.00,      3.00,0,0,0,1,1,1,U2 
H5,840,2017,290543,      4.00,      4.00,      4.00,      4.00,0,0,0,1,1,1,U2 
H5,840,2017,290544,      4.00,      4.00,      4.00,      4.00,0,0,0,1,1,1,U2 
H5,840,2017,290545,      0.58,      0.58,      0.58,      0.58,0,0,1,0,1,1,U2 
H5,840,2017,290549,     18.00,      0.00,      5.00,      3.60,0,1,0,4,5,5,U2 
H5,840,2017,290551,      0.00,      0.00,      0.00,      0.00,0,1,0,0,1,1,U2 
H5,840,2017,290559,     10.00,      0.00,      5.00,      3.33,0,1,0,2,3,3,U2 
H5,840,2017,290611,      2.00,      2.00,      2.00,      2.00,0,0,0,1,1,1,U2 
H5,840,2017,290612,      5.00,      5.00,      5.00,      5.00,0,0,0,1,1,1,U2 
H5,840,2017,290613,      3.00,      0.00,      3.00,      1.50,0,1,0,1,2,2,U2 
H5,840,2017,290619,     10.00,      0.00,      5.00,      3.33,0,1,0,2,3,3,U2 
H5,840,2017,290621,      5.00,      5.00,      5.00,      5.00,0,0,0,1,1,1,U2 
H5,840,2017,290629,     15.00,      0.00,      5.00,      3.75,0,1,0,3,4,4,U2 
H5,840,2017,290711,      5.00,      5.00,      5.00,      5.00,0,0,0,1,1,1,U2 
H5,840,2017,290712,      4.00,      4.00,      4.00,      4.00,0,0,0,1,1,1,U2 
H5,840,2017,290713,      5.00,      5.00,      5.00,      5.00,0,0,0,1,1,1,U2 
H5,840,2017,290715,     10.00,      0.00,      5.00,      3.33,0,1,0,2,3,3,U2 
H5,840,2017,290719,     19.00,      0.00,      5.00,      3.80,0,1,0,4,5,5,U2 
H5,840,2017,290721,      5.00,      5.00,      5.00,      5.00,0,0,0,1,1,1,U2 
H5,840,2017,290722,     10.00,      5.00,      5.00,      5.00,0,0,0,2,2,2,U2 
H5,840,2017,290723,      5.00,      5.00,      5.00,      5.00,0,0,0,1,1,1,U2 
H5,840,2017,290729,     16.00,      0.00,      5.00,      3.20,0,1,0,4,5,5,U2 
H5,840,2017,290811,      5.00,      5.00,      5.00,      5.00,0,0,0,1,1,1,U2 
H5,840,2017,290819,     30.00,      0.00,      5.00,      4.29,0,1,0,6,7,7,U2 
H5,840,2017,290891,      5.00,      5.00,      5.00,      5.00,0,0,0,1,1,1,U2 
H5,840,2017,290892,      5.00,      5.00,      5.00,      5.00,0,0,0,1,1,1,U2 
H5,840,2017,290899,     50.00,      0.00,      5.00,      4.55,0,1,0,10,11,11,U2 
H5,840,2017,290911,      1.00,      1.00,      1.00,      1.00,0,0,0,1,1,1,U2 
H5,840,2017,290919,     15.00,      0.00,      5.00,      3.75,0,1,0,3,4,4,U2 
H5,840,2017,290920,      3.00,      3.00,      3.00,      3.00,0,0,0,1,1,1,U2 
H5,840,2017,290930,     35.00,      0.00,      5.00,      4.38,0,1,0,7,8,8,U2 
H5,840,2017,290941,      5.00,      5.00,      5.00,      5.00,0,0,0,1,1,1,U2 
H5,840,2017,290943,      5.00,      5.00,      5.00,      5.00,0,0,0,1,1,1,U2 
H5,840,2017,290944,      5.00,      5.00,      5.00,      5.00,0,0,0,1,1,1,U2 
H5,840,2017,290949,     18.00,      0.00,      5.00,      3.00,0,2,0,4,6,6,U2 
H5,840,2017,290950,     24.00,      4.00,      5.00,      4.80,0,0,0,5,5,5,U2 
H5,840,2017,290960,     13.00,      3.00,      5.00,      4.33,0,0,0,3,3,3,U2 
H5,840,2017,291010,      5.00,      5.00,      5.00,      5.00,0,0,0,1,1,1,U2 
H5,840,2017,291020,      5.00,      5.00,      5.00,      5.00,0,0,0,1,1,1,U2 
H5,840,2017,291030,      3.00,      3.00,      3.00,      3.00,0,0,0,1,1,1,U2 
H5,840,2017,291040,      4.00,      4.00,      4.00,      4.00,0,0,0,1,1,1,U2 
H5,840,2017,291050,      4.00,      4.00,      4.00,      4.00,0,0,0,1,1,1,U2 
H5,840,2017,291090,     13.00,      4.00,      5.00,      4.33,0,0,0,3,3,3,U2 
H5,840,2017,291100,      5.00,      0.00,      5.00,      2.50,0,1,0,1,2,2,U2 
H5,840,2017,291211,      2.00,      2.00,      2.00,      2.00,0,0,0,1,1,1,U2 
H5,840,2017,291212,      5.00,      5.00,      5.00,      5.00,0,0,0,1,1,1,U2 
H5,840,2017,291219,     27.00,      3.00,      5.00,      4.50,0,0,0,6,6,6,U2 
H5,840,2017,291221,      5.00,      5.00,      5.00,      5.00,0,0,0,1,1,1,U2 
H5,840,2017,291229,     10.00,      0.00,      5.00,      3.33,0,1,0,2,3,3,U2 
H5,840,2017,291241,      5.00,      5.00,      5.00,      5.00,0,0,0,1,1,1,U2 
H5,840,2017,291242,      5.00,      5.00,      5.00,      5.00,0,0,0,1,1,1,U2 
H5,840,2017,291249,     23.00,      0.00,      5.00,      3.83,0,1,0,5,6,6,U2 
H5,840,2017,291250,      5.00,      0.00,      5.00,      2.50,0,1,0,1,2,2,U2 
H5,840,2017,291260,      5.00,      5.00,      5.00,      5.00,0,0,0,1,1,1,U2 
H5,840,2017,291300,     10.00,      0.00,      5.00,      3.33,0,1,0,2,3,3,U2 
H5,840,2017,291411,      5.00,      0.00,      5.00,      2.50,0,1,0,1,2,2,U2 
H5,840,2017,291412,      3.00,      3.00,      3.00,      3.00,0,0,0,1,1,1,U2 
H5,840,2017,291413,      4.00,      4.00,      4.00,      4.00,0,0,0,1,1,1,U2 
H5,840,2017,291419,      4.00,      4.00,      4.00,      4.00,0,0,0,1,1,1,U2 
H5,840,2017,291422,     10.00,      5.00,      5.00,      5.00,0,0,0,2,2,2,U2 
H5,840,2017,291423,      5.00,      5.00,      5.00,      5.00,0,0,0,1,1,1,U2 
H5,840,2017,291429,     10.00,      0.00,      4.00,      2.50,0,1,0,3,4,4,U2 
H5,840,2017,291431,      5.00,      5.00,      5.00,      5.00,0,0,0,1,1,1,U2 
H5,840,2017,291439,      5.00,      0.00,      5.00,      2.50,0,1,0,1,2,2,U2 
H5,840,2017,291440,     18.00,      0.00,      5.00,      3.60,0,1,0,4,5,5,U2 
H5,840,2017,291450,      9.00,      0.00,      5.00,      3.00,0,1,0,2,3,3,U2 
H5,840,2017,291461,      0.00,      0.00,      0.00,      0.00,0,1,0,0,1,1,U2 
H5,840,2017,291462,      5.00,      5.00,      5.00,      5.00,0,0,0,1,1,1,U2 
H5,840,2017,291469,     15.00,      0.00,      5.00,      3.75,0,1,0,3,4,4,U2 
H5,840,2017,291471,      4.00,      4.00,      4.00,      4.00,0,0,0,1,1,1,U2 
H5,840,2017,291479,     14.00,      0.00,      5.00,      2.80,0,2,0,3,5,5,U2 
H5,840,2017,291511,      5.00,      5.00,      5.00,      5.00,0,0,0,1,1,1,U2 
H5,840,2017,291512,      5.00,      5.00,      5.00,      5.00,0,0,0,1,1,1,U2 
H5,840,2017,291513,      8.00,      3.00,      5.00,      4.00,0,0,0,2,2,2,U2 
H5,840,2017,291521,      1.00,      1.00,      1.00,      1.00,0,0,0,1,1,1,U2 
H5,840,2017,291524,      3.00,      3.00,      3.00,      3.00,0,0,0,1,1,1,U2 
H5,840,2017,291529,      9.00,      0.00,      4.00,      2.25,0,1,0,3,4,4,U2 
H5,840,2017,291531,      3.00,      3.00,      3.00,      3.00,0,0,0,1,1,1,U2 
H5,840,2017,291532,      3.00,      3.00,      3.00,      3.00,0,0,0,1,1,1,U2 
H5,840,2017,291533,      5.00,      5.00,      5.00,      5.00,0,0,0,1,1,1,U2 
H5,840,2017,291536,      5.00,      5.00,      5.00,      5.00,0,0,0,1,1,1,U2 
H5,840,2017,291539,     47.00,      0.00,      5.00,      4.27,0,1,0,10,11,11,U2 
H5,840,2017,291540,     14.00,      1.00,      5.00,      3.50,0,0,0,4,4,4,U2 
H5,840,2017,291550,     12.00,      3.00,      5.00,      4.00,0,0,0,3,3,3,U2 
H5,840,2017,291560,      7.00,      2.00,      5.00,      3.50,0,0,0,2,2,2,U2 
H5,840,2017,291570,      5.00,      5.00,      5.00,      5.00,0,0,0,1,1,1,U2 
H5,840,2017,291590,     21.00,      3.00,      5.00,      4.20,0,0,0,5,5,5,U2 
H5,840,2017,291611,      4.00,      4.00,      4.00,      4.00,0,0,0,1,1,1,U2 
H5,840,2017,291612,      9.00,      3.00,      6.00,      4.50,0,0,0,2,2,2,U2 
H5,840,2017,291613,      4.00,      4.00,      4.00,      4.00,0,0,0,1,1,1,U2 
H5,840,2017,291614,      3.00,      0.00,      3.00,      1.50,0,1,0,1,2,2,U2 
H5,840,2017,291615,     10.00,      4.00,      6.00,      5.00,0,0,0,2,2,2,U2 
H5,840,2017,291616,      3.00,      3.00,      3.00,      3.00,0,0,0,1,1,1,U2 
H5,840,2017,291619,     16.00,      3.00,      6.00,      4.00,0,0,0,4,4,4,U2 
H5,840,2017,291620,      3.00,      0.00,      3.00,      1.50,0,1,0,1,2,2,U2 
H5,840,2017,291631,     24.00,      6.00,      6.00,      6.00,0,0,0,4,4,4,U2 
H5,840,2017,291632,     12.00,      6.00,      6.00,      6.00,0,0,0,2,2,2,U2 
H5,840,2017,291634,     18.00,      0.00,      6.00,      4.50,0,1,0,3,4,4,U2 
H5,840,2017,291639,     54.00,      0.00,      6.00,      4.50,0,3,0,9,12,12,U2 
H5,840,2017,291711,      3.00,      3.00,      3.00,      3.00,0,0,0,1,1,1,U2 
H5,840,2017,291712,     18.00,      6.00,      6.00,      6.00,0,0,0,3,3,3,U2 
H5,840,2017,291713,      4.00,      4.00,      4.00,      4.00,0,0,0,1,1,1,U2 
H5,840,2017,291714,     10.00,      4.00,      6.00,      5.00,0,0,0,2,2,2,U2 
H5,840,2017,291719,     48.00,      0.00,      6.00,      4.80,0,1,0,9,10,10,U2 
H5,840,2017,291720,      4.00,      4.00,      4.00,      4.00,0,0,0,1,1,1,U2 
H5,840,2017,291732,      6.00,      6.00,      6.00,      6.00,0,0,0,1,1,1,U2 
H5,840,2017,291733,      6.00,      6.00,      6.00,      6.00,0,0,0,1,1,1,U2 
H5,840,2017,291734,      6.00,      6.00,      6.00,      6.00,0,0,0,1,1,1,U2 
H5,840,2017,291735,      6.00,      6.00,      6.00,      6.00,0,0,0,1,1,1,U2 
H5,840,2017,291736,      6.00,      6.00,      6.00,      6.00,0,0,0,1,1,1,U2 
H5,840,2017,291737,      6.00,      6.00,      6.00,      6.00,0,0,0,1,1,1,U2 
H5,840,2017,291739,     36.00,      0.00,      6.00,      4.50,0,2,0,6,8,8,U2 
H5,840,2017,291811,      8.00,      3.00,      5.00,      4.00,0,0,0,2,2,2,U2 
H5,840,2017,291812,      0.00,      0.00,      0.00,      0.00,0,1,0,0,1,1,U2 
H5,840,2017,291813,      4.00,      0.00,      4.00,      1.00,0,3,0,1,4,4,U2 
H5,840,2017,291814,      6.00,      6.00,      6.00,      6.00,0,0,0,1,1,1,U2 
H5,840,2017,291815,      9.00,      3.00,      6.00,      4.50,0,0,0,2,2,2,U2 
H5,840,2017,291816,      9.00,      3.00,      6.00,      4.50,0,0,0,2,2,2,U2 
H5,840,2017,291817,      5.00,      5.00,      5.00,      5.00,0,0,0,1,1,1,U2 
H5,840,2017,291818,      6.00,      6.00,      6.00,      6.00,0,0,0,1,1,1,U2 
H5,840,2017,291819,     31.00,      0.00,      6.00,      4.43,0,1,0,6,7,7,U2 
H5,840,2017,291821,     12.00,      6.00,      6.00,      6.00,0,0,0,2,2,2,U2 
H5,840,2017,291822,     12.00,      6.00,      6.00,      6.00,0,0,0,2,2,2,U2 
H5,840,2017,291823,     24.00,      6.00,      6.00,      6.00,0,0,0,4,4,4,U2 
H5,840,2017,291829,     41.00,      0.00,      6.00,      4.10,0,2,0,8,10,10,U2 
H5,840,2017,291830,     20.00,      0.00,      6.00,      3.33,0,2,0,4,6,6,U2 
H5,840,2017,291891,      6.00,      6.00,      6.00,      6.00,0,0,0,1,1,1,U2 
H5,840,2017,291899,     45.00,      0.00,      6.00,      4.50,0,2,0,8,10,10,U2 
H5,840,2017,291910,      3.00,      3.00,      3.00,      3.00,0,0,0,1,1,1,U2 
H5,840,2017,291990,     15.00,      0.00,      6.00,      3.75,0,1,0,3,4,4,U2 
H5,840,2017,292011,      0.00,      0.00,      0.00,      0.00,0,1,0,0,1,1,U2 
H5,840,2017,292019,     15.00,      3.00,      6.00,      5.00,0,0,0,3,3,3,U2 
H5,840,2017,292021,      3.00,      3.00,      3.00,      3.00,0,0,0,1,1,1,U2 
H5,840,2017,292022,      3.00,      3.00,      3.00,      3.00,0,0,0,1,1,1,U2 
H5,840,2017,292023,      3.00,      3.00,      3.00,      3.00,0,0,0,1,1,1,U2 
H5,840,2017,292024,      3.00,      3.00,      3.00,      3.00,0,0,0,1,1,1,U2 
H5,840,2017,292029,      3.00,      3.00,      3.00,      3.00,0,0,0,1,1,1,U2 
H5,840,2017,292030,      3.00,      3.00,      3.00,      3.00,0,0,0,1,1,1,U2 
H5,840,2017,292090,     15.00,      3.00,      6.00,      5.00,0,0,0,3,3,3,U2 
H5,840,2017,292111,      3.00,      3.00,      3.00,      3.00,0,0,0,1,1,1,U2 
H5,840,2017,292112,      0.00,      0.00,      0.00,      0.00,0,1,0,0,1,1,U2 
H5,840,2017,292113,      0.00,      0.00,      0.00,      0.00,0,1,0,0,1,1,U2 
H5,840,2017,292114,      6.00,      6.00,      6.00,      6.00,0,0,0,1,1,1,U2 
H5,840,2017,292119,      9.00,      0.00,      6.00,      3.00,0,1,0,2,3,3,U2 
H5,840,2017,292121,      5.00,      5.00,      5.00,      5.00,0,0,0,1,1,1,U2 
H5,840,2017,292122,     18.00,      6.00,      6.00,      6.00,0,0,0,3,3,3,U2 
H5,840,2017,292129,      6.00,      6.00,      6.00,      6.00,0,0,0,1,1,1,U2 
H5,840,2017,292130,     15.00,      0.00,      6.00,      3.75,0,1,0,3,4,4,U2 
H5,840,2017,292141,     12.00,      6.00,      6.00,      6.00,0,0,0,2,2,2,U2 
H5,840,2017,292142,     53.00,      0.00,      6.00,      4.82,0,2,0,9,11,11,U2 
H5,840,2017,292143,     35.00,      0.00,      6.00,      4.38,0,2,0,6,8,8,U2 
H5,840,2017,292144,     18.00,      0.00,      6.00,      4.50,0,1,0,3,4,4,U2 
H5,840,2017,292145,     23.00,      0.00,      6.00,      4.60,0,1,0,4,5,5,U2 
H5,840,2017,292146,      0.00,      0.00,      0.00,      0.00,0,1,0,0,1,1,U2 
H5,840,2017,292149,     35.00,      0.00,      6.00,      5.00,0,1,0,6,7,7,U2 
H5,840,2017,292151,     24.00,      6.00,      6.00,      6.00,0,0,0,4,4,4,U2 
H5,840,2017,292159,     29.00,      0.00,      6.00,      4.14,0,2,0,5,7,7,U2 
H5,840,2017,292211,      6.00,      6.00,      6.00,      6.00,0,0,0,1,1,1,U2 
H5,840,2017,292212,      6.00,      6.00,      6.00,      6.00,0,0,0,1,1,1,U2 
H5,840,2017,292214,      0.00,      0.00,      0.00,      0.00,0,1,0,0,1,1,U2 
H5,840,2017,292215,      6.00,      6.00,      6.00,      6.00,0,0,0,1,1,1,U2 
H5,840,2017,292216,      6.00,      6.00,      6.00,      6.00,0,0,0,1,1,1,U2 
H5,840,2017,292217,      6.00,      6.00,      6.00,      6.00,0,0,0,1,1,1,U2 
H5,840,2017,292218,      6.00,      6.00,      6.00,      6.00,0,0,0,1,1,1,U2 
H5,840,2017,292219,     35.00,      0.00,      6.00,      5.00,0,1,0,6,7,7,U2 
H5,840,2017,292221,     17.00,      0.00,      6.00,      4.25,0,1,0,3,4,4,U2 
H5,840,2017,292229,     47.00,      0.00,      6.00,      3.92,0,4,0,8,12,12,U2 
H5,840,2017,292231,      0.00,      0.00,      0.00,      0.00,0,1,0,0,1,1,U2 
H5,840,2017,292239,     29.00,      0.00,      6.00,      4.14,0,2,0,5,7,7,U2 
H5,840,2017,292241,      3.00,      3.00,      3.00,      3.00,0,0,0,1,1,1,U2 
H5,840,2017,292242,      9.00,      3.00,      6.00,      4.50,0,0,0,2,2,2,U2 
H5,840,2017,292243,     12.00,      6.00,      6.00,      6.00,0,0,0,2,2,2,U2 
H5,840,2017,292244,      0.00,      0.00,      0.00,      0.00,0,1,0,0,1,1,U2 
H5,840,2017,292249,     30.00,      0.00,      6.00,      3.75,0,2,0,6,8,8,U2 
H5,840,2017,292250,     53.00,      0.00,      6.00,      4.82,0,2,0,9,11,11,U2 
H5,840,2017,292310,      3.00,      3.00,      3.00,      3.00,0,0,0,1,1,1,U2 
H5,840,2017,292320,      5.00,      0.00,      5.00,      2.50,0,1,0,1,2,2,U2 
H5,840,2017,292330,      6.00,      6.00,      6.00,      6.00,0,0,0,1,1,1,U2 
H5,840,2017,292340,      6.00,      6.00,      6.00,      6.00,0,0,0,1,1,1,U2 
H5,840,2017,292390,      6.00,      6.00,      6.00,      6.00,0,0,0,1,1,1,U2 
H5,840,2017,292411,      0.00,      0.00,      0.00,      0.00,0,1,0,0,1,1,U2 
H5,840,2017,292412,      3.00,      3.00,      3.00,      3.00,0,0,0,1,1,1,U2 
H5,840,2017,292419,      9.00,      3.00,      6.00,      4.50,0,0,0,2,2,2,U2 
H5,840,2017,292421,     36.00,      0.00,      6.00,      4.50,0,2,0,6,8,8,U2 
H5,840,2017,292423,     18.00,      6.00,      6.00,      6.00,0,0,0,3,3,3,U2 
H5,840,2017,292424,      0.00,      0.00,      0.00,      0.00,0,1,0,0,1,1,U2 
H5,840,2017,292425,      6.00,      6.00,      6.00,      6.00,0,0,0,1,1,1,U2 
H5,840,2017,292429,     76.00,      0.00,      6.00,      3.62,0,8,0,13,21,21,U2 
H5,840,2017,292511,      6.00,      6.00,      6.00,      6.00,0,0,0,1,1,1,U2 
H5,840,2017,292512,      0.00,      0.00,      0.00,      0.00,0,1,0,0,1,1,U2 
H5,840,2017,292519,     15.00,      0.00,      6.00,      3.00,0,2,0,3,5,5,U2 
H5,840,2017,292521,      6.00,      6.00,      6.00,      6.00,0,0,0,1,1,1,U2 
H5,840,2017,292529,     21.00,      0.00,      6.00,      3.50,0,2,0,4,6,6,U2 
H5,840,2017,292610,      6.00,      6.00,      6.00,      6.00,0,0,0,1,1,1,U2 
H5,840,2017,292620,      0.00,      0.00,      0.00,      0.00,0,1,0,0,1,1,U2 
H5,840,2017,292630,      6.00,      0.00,      6.00,      3.00,0,1,0,1,2,2,U2 
H5,840,2017,292640,      6.00,      6.00,      6.00,      6.00,0,0,0,1,1,1,U2 
H5,840,2017,292690,     66.00,      0.00,      6.00,      4.13,0,5,0,11,16,16,U2 
H5,840,2017,292700,     32.00,      0.00,      6.00,      4.00,0,2,0,6,8,8,U2 
H5,840,2017,292800,     18.00,      0.00,      6.00,      3.60,0,1,0,4,5,5,U2 
H5,840,2017,292910,     41.00,      0.00,      6.00,      5.13,0,1,0,7,8,8,U2 
H5,840,2017,292990,     18.00,      0.00,      6.00,      4.50,0,1,0,3,4,4,U2 
H5,840,2017,293020,     15.00,      0.00,      6.00,      3.75,0,1,0,3,4,4,U2 
H5,840,2017,293030,      3.00,      0.00,      3.00,      1.50,0,1,0,1,2,2,U2 
H5,840,2017,293040,      0.00,      0.00,      0.00,      0.00,0,1,0,0,1,1,U2 
H5,840,2017,293060,      3.00,      3.00,      3.00,      3.00,0,0,0,1,1,1,U2 
H5,840,2017,293070,      3.00,      3.00,      3.00,      3.00,0,0,0,1,1,1,U2 
H5,840,2017,293080,      6.00,      6.00,      6.00,      6.00,0,0,0,1,1,1,U2 
H5,840,2017,293090,     34.00,      0.00,      6.00,      3.09,0,4,0,7,11,11,U2 
H5,840,2017,293110,      3.00,      3.00,      3.00,      3.00,0,0,0,1,1,1,U2 
H5,840,2017,293120,      3.00,      3.00,      3.00,      3.00,0,0,0,1,1,1,U2 
H5,840,2017,293131,      3.00,      3.00,      3.00,      3.00,0,0,0,1,1,1,U2 
H5,840,2017,293132,      3.00,      3.00,      3.00,      3.00,0,0,0,1,1,1,U2 
H5,840,2017,293133,      3.00,      3.00,      3.00,      3.00,0,0,0,1,1,1,U2 
H5,840,2017,293134,      3.00,      3.00,      3.00,      3.00,0,0,0,1,1,1,U2 
H5,840,2017,293135,      3.00,      3.00,      3.00,      3.00,0,0,0,1,1,1,U2 
H5,840,2017,293136,      3.00,      3.00,      3.00,      3.00,0,0,0,1,1,1,U2 
H5,840,2017,293137,      3.00,      3.00,      3.00,      3.00,0,0,0,1,1,1,U2 
H5,840,2017,293138,      3.00,      3.00,      3.00,      3.00,0,0,0,1,1,1,U2 
H5,840,2017,293139,      3.00,      3.00,      3.00,      3.00,0,0,0,1,1,1,U2 
H5,840,2017,293190,     38.00,      0.00,      6.00,      4.22,0,2,0,7,9,9,U2 
H5,840,2017,293211,      3.00,      3.00,      3.00,      3.00,0,0,0,1,1,1,U2 
H5,840,2017,293212,      0.00,      0.00,      0.00,      0.00,0,1,0,0,1,1,U2 
H5,840,2017,293213,      3.00,      3.00,      3.00,      3.00,0,0,0,1,1,1,U2 
H5,840,2017,293214,      3.00,      3.00,      3.00,      3.00,0,0,0,1,1,1,U2 
H5,840,2017,293219,      9.00,      3.00,      6.00,      4.50,0,0,0,2,2,2,U2 
H5,840,2017,293220,     39.00,      3.00,      6.00,      5.57,0,0,0,7,7,7,U2 
H5,840,2017,293291,      6.00,      6.00,      6.00,      6.00,0,0,0,1,1,1,U2 
H5,840,2017,293292,      6.00,      6.00,      6.00,      6.00,0,0,0,1,1,1,U2 
H5,840,2017,293293,      4.00,      4.00,      4.00,      4.00,0,0,0,1,1,1,U2 
H5,840,2017,293294,      6.00,      6.00,      6.00,      6.00,0,0,0,1,1,1,U2 
H5,840,2017,293295,      0.00,      0.00,      0.00,      0.00,0,1,0,0,1,1,U2 
H5,840,2017,293299,     38.00,      0.00,      6.00,      3.80,0,3,0,7,10,10,U2 
H5,840,2017,293311,      6.00,      6.00,      6.00,      6.00,0,0,0,1,1,1,U2 
H5,840,2017,293319,     44.00,      0.00,      6.00,      3.67,0,4,0,8,12,12,U2 
H5,840,2017,293321,      6.00,      6.00,      6.00,      6.00,0,0,0,1,1,1,U2 
H5,840,2017,293329,     32.00,      0.00,      6.00,      4.00,0,2,0,6,8,8,U2 
H5,840,2017,293331,      0.00,      0.00,      0.00,      0.00,0,1,0,0,1,1,U2 
H5,840,2017,293332,     12.00,      6.00,      6.00,      6.00,0,0,0,2,2,2,U2 
H5,840,2017,293333,      0.00,      0.00,      0.00,      0.00,0,1,0,0,1,1,U2 
H5,840,2017,293339,     58.00,      0.00,      6.00,      4.83,0,2,0,10,12,12,U2 
H5,840,2017,293341,      0.00,      0.00,      0.00,      0.00,0,1,0,0,1,1,U2 
H5,840,2017,293349,     47.00,      0.00,      6.00,      5.22,0,1,0,8,9,9,U2 
H5,840,2017,293352,      0.00,      0.00,      0.00,      0.00,0,2,0,0,2,2,U2 
H5,840,2017,293353,      0.00,      0.00,      0.00,      0.00,0,1,0,0,1,1,U2 
H5,840,2017,293354,      3.00,      3.00,      3.00,      3.00,0,0,0,1,1,1,U2 
H5,840,2017,293355,      0.00,      0.00,      0.00,      0.00,0,1,0,0,1,1,U2 
H5,840,2017,293359,     69.00,      0.00,      6.00,      5.31,0,1,0,12,13,13,U2 
H5,840,2017,293361,      3.00,      3.00,      3.00,      3.00,0,0,0,1,1,1,U2 
H5,840,2017,293369,      9.00,      0.00,      6.00,      3.00,0,1,0,2,3,3,U2 
H5,840,2017,293371,      6.00,      6.00,      6.00,      6.00,0,0,0,1,1,1,U2 
H5,840,2017,293372,      0.00,      0.00,      0.00,      0.00,0,1,0,0,1,1,U2 
H5,840,2017,293379,     27.00,      0.00,      6.00,      3.86,0,2,0,5,7,7,U2 
H5,840,2017,293391,      0.00,      0.00,      0.00,      0.00,0,1,0,0,1,1,U2 
H5,840,2017,293392,      0.00,      0.00,      0.00,      0.00,0,1,0,0,1,1,U2 
H5,840,2017,293399,    107.00,      0.00,      6.00,      3.69,0,10,0,19,29,29,U2 
H5,840,2017,293410,     18.00,      0.00,      6.00,      4.50,0,1,0,3,4,4,U2 
H5,840,2017,293420,     47.00,      0.00,      6.00,      5.22,0,1,0,8,9,9,U2 
H5,840,2017,293430,     30.00,      0.00,      6.00,      5.00,0,1,0,5,6,6,U2 
H5,840,2017,293491,      0.00,      0.00,      0.00,      0.00,0,1,0,0,1,1,U2 
H5,840,2017,293499,     80.00,      0.00,      6.00,      4.21,0,5,0,14,19,19,U2 
H5,840,2017,293510,      6.00,      6.00,      6.00,      6.00,0,0,0,1,1,1,U2 
H5,840,2017,293520,      6.00,      6.00,      6.00,      6.00,0,0,0,1,1,1,U2 
H5,840,2017,293530,      6.00,      6.00,      6.00,      6.00,0,0,0,1,1,1,U2 
H5,840,2017,293540,      6.00,      6.00,      6.00,      6.00,0,0,0,1,1,1,U2 
H5,840,2017,293550,      6.00,      6.00,      6.00,      6.00,0,0,0,1,1,1,U2 
H5,840,2017,293590,     54.00,      0.00,      6.00,      3.86,0,5,0,9,14,14,U2 
H5,840,2017,293621,      0.00,      0.00,      0.00,      0.00,0,1,0,0,1,1,U2 
H5,840,2017,293622,      0.00,      0.00,      0.00,      0.00,0,1,0,0,1,1,U2 
H5,840,2017,293623,      0.00,      0.00,      0.00,      0.00,0,1,0,0,1,1,U2 
H5,840,2017,293624,      0.00,      0.00,      0.00,      0.00,0,1,0,0,1,1,U2 
H5,840,2017,293625,      0.00,      0.00,      0.00,      0.00,0,1,0,0,1,1,U2 
H5,840,2017,293626,      0.00,      0.00,      0.00,      0.00,0,1,0,0,1,1,U2 
H5,840,2017,293627,      0.00,      0.00,      0.00,      0.00,0,1,0,0,1,1,U2 
H5,840,2017,293628,      0.00,      0.00,      0.00,      0.00,0,1,0,0,1,1,U2 
H5,840,2017,293629,      0.00,      0.00,      0.00,      0.00,0,4,0,0,4,4,U2 
H5,840,2017,293690,      0.00,      0.00,      0.00,      0.00,0,1,0,0,1,1,U2 
H5,840,2017,293711,      0.00,      0.00,      0.00,      0.00,0,1,0,0,1,1,U2 
H5,840,2017,293712,      0.00,      0.00,      0.00,      0.00,0,1,0,0,1,1,U2 
H5,840,2017,293719,      0.00,      0.00,      0.00,      0.00,0,1,0,0,1,1,U2 
H5,840,2017,293721,      0.00,      0.00,      0.00,      0.00,0,1,0,0,1,1,U2 
H5,840,2017,293722,      0.00,      0.00,      0.00,      0.00,0,1,0,0,1,1,U2 
H5,840,2017,293723,      0.00,      0.00,      0.00,      0.00,0,3,0,0,3,3,U2 
H5,840,2017,293729,      0.00,      0.00,      0.00,      0.00,0,2,0,0,2,2,U2 
H5,840,2017,293750,      0.00,      0.00,      0.00,      0.00,0,1,0,0,1,1,U2 
H5,840,2017,293790,      0.00,      0.00,      0.00,      0.00,0,6,0,0,6,6,U2 
H5,840,2017,293810,      1.00,      1.00,      1.00,      1.00,0,0,0,1,1,1,U2 
H5,840,2017,293890,      3.00,      3.00,      3.00,      3.00,0,0,0,1,1,1,U2 
H5,840,2017,293911,      0.00,      0.00,      0.00,      0.00,0,1,0,0,1,1,U2 
H5,840,2017,293919,      0.00,      0.00,      0.00,      0.00,0,3,0,0,3,3,U2 
H5,840,2017,293920,      0.00,      0.00,      0.00,      0.00,0,1,0,0,1,1,U2 
H5,840,2017,293930,      0.00,      0.00,      0.00,      0.00,0,1,0,0,1,1,U2 
H5,840,2017,293941,      0.00,      0.00,      0.00,      0.00,0,1,0,0,1,1,U2 
H5,840,2017,293942,      0.00,      0.00,      0.00,      0.00,0,1,0,0,1,1,U2 
H5,840,2017,293943,      0.00,      0.00,      0.00,      0.00,0,1,0,0,1,1,U2 
H5,840,2017,293944,      0.00,      0.00,      0.00,      0.00,0,1,0,0,1,1,U2 
H5,840,2017,293949,      0.00,      0.00,      0.00,      0.00,0,1,0,0,1,1,U2 
H5,840,2017,293951,      0.00,      0.00,      0.00,      0.00,0,1,0,0,1,1,U2 
H5,840,2017,293959,      0.00,      0.00,      0.00,      0.00,0,1,0,0,1,1,U2 
H5,840,2017,293961,      0.00,      0.00,      0.00,      0.00,0,1,0,0,1,1,U2 
H5,840,2017,293962,      0.00,      0.00,      0.00,      0.00,0,1,0,0,1,1,U2 
H5,840,2017,293963,      0.00,      0.00,      0.00,      0.00,0,1,0,0,1,1,U2 
H5,840,2017,293969,      0.00,      0.00,      0.00,      0.00,0,1,0,0,1,1,U2 
H5,840,2017,293971,      0.00,      0.00,      0.00,      0.00,0,1,0,0,1,1,U2 
H5,840,2017,293979,      0.00,      0.00,      0.00,      0.00,0,1,0,0,1,1,U2 
H5,840,2017,293980,      6.00,      6.00,      6.00,      6.00,0,0,0,1,1,1,U2 
H5,840,2017,294000,      5.00,      0.00,      5.00,      2.50,0,1,0,1,2,2,U2 
H5,840,2017,294110,      0.00,      0.00,      0.00,      0.00,0,4,0,0,4,4,U2 
H5,840,2017,294120,      3.00,      0.00,      3.00,      1.50,0,1,0,1,2,2,U2 
H5,840,2017,294130,      0.00,      0.00,      0.00,      0.00,0,1,0,0,1,1,U2 
H5,840,2017,294140,      0.00,      0.00,      0.00,      0.00,0,1,0,0,1,1,U2 
H5,840,2017,294150,      0.00,      0.00,      0.00,      0.00,0,1,0,0,1,1,U2 
H5,840,2017,294190,      0.00,      0.00,      0.00,      0.00,0,3,0,0,3,3,U2 
H5,840,2017,294200,     21.00,      0.00,      6.00,      4.20,0,1,0,4,5,5,U2 
H5,840,2017,300120,      0.00,      0.00,      0.00,      0.00,0,1,0,0,1,1,U2 
H5,840,2017,300190,      0.00,      0.00,      0.00,      0.00,0,1,0,0,1,1,U2 
H5,840,2017,300211,      0.00,      0.00,      0.00,      0.00,0,1,0,0,1,1,U2 
H5,840,2017,300212,      0.00,      0.00,      0.00,      0.00,0,1,0,0,1,1,U2 
H5,840,2017,300213,      0.00,      0.00,      0.00,      0.00,0,1,0,0,1,1,U2 
H5,840,2017,300214,      0.00,      0.00,      0.00,      0.00,0,1,0,0,1,1,U2 
H5,840,2017,300215,      0.00,      0.00,      0.00,      0.00,0,1,0,0,1,1,U2 
H5,840,2017,300219,      0.00,      0.00,      0.00,      0.00,0,1,0,0,1,1,U2 
H5,840,2017,300220,      0.00,      0.00,      0.00,      0.00,0,1,0,0,1,1,U2 
H5,840,2017,300230,      0.00,      0.00,      0.00,      0.00,0,1,0,0,1,1,U2 
H5,840,2017,300290,      0.00,      0.00,      0.00,      0.00,0,2,0,0,2,2,U2 
H5,840,2017,300310,      0.00,      0.00,      0.00,      0.00,0,1,0,0,1,1,U2 
H5,840,2017,300320,      0.00,      0.00,      0.00,      0.00,0,1,0,0,1,1,U2 
H5,840,2017,300331,      0.00,      0.00,      0.00,      0.00,0,1,0,0,1,1,U2 
H5,840,2017,300339,      0.00,      0.00,      0.00,      0.00,0,2,0,0,2,2,U2 
H5,840,2017,300341,      0.00,      0.00,      0.00,      0.00,0,1,0,0,1,1,U2 
H5,840,2017,300342,      0.00,      0.00,      0.00,      0.00,0,1,0,0,1,1,U2 
H5,840,2017,300343,      0.00,      0.00,      0.00,      0.00,0,1,0,0,1,1,U2 
H5,840,2017,300349,      0.00,      0.00,      0.00,      0.00,0,1,0,0,1,1,U2 
H5,840,2017,300360,      0.00,      0.00,      0.00,      0.00,0,1,0,0,1,1,U2 
H5,840,2017,300390,      0.00,      0.00,      0.00,      0.00,0,1,0,0,1,1,U2 
H5,840,2017,300410,      0.00,      0.00,      0.00,      0.00,0,2,0,0,2,2,U2 
H5,840,2017,300420,      0.00,      0.00,      0.00,      0.00,0,1,0,0,1,1,U2 
H5,840,2017,300431,      0.00,      0.00,      0.00,      0.00,0,1,0,0,1,1,U2 
H5,840,2017,300432,      0.00,      0.00,      0.00,      0.00,0,1,0,0,1,1,U2 
H5,840,2017,300439,      0.00,      0.00,      0.00,      0.00,0,1,0,0,1,1,U2 
H5,840,2017,300441,      0.00,      0.00,      0.00,      0.00,0,1,0,0,1,1,U2 
H5,840,2017,300442,      0.00,      0.00,      0.00,      0.00,0,1,0,0,1,1,U2 
H5,840,2017,300443,      0.00,      0.00,      0.00,      0.00,0,1,0,0,1,1,U2 
H5,840,2017,300449,      0.00,      0.00,      0.00,      0.00,0,1,0,0,1,1,U2 
H5,840,2017,300450,      0.00,      0.00,      0.00,      0.00,0,5,0,0,5,5,U2 
H5,840,2017,300460,      0.00,      0.00,      0.00,      0.00,0,1,0,0,1,1,U2 
H5,840,2017,300490,      0.00,      0.00,      0.00,      0.00,0,2,0,0,2,2,U2 
H5,840,2017,300510,      0.00,      0.00,      0.00,      0.00,0,2,0,0,2,2,U2 
H5,840,2017,300590,      0.00,      0.00,      0.00,      0.00,0,2,0,0,2,2,U2 
H5,840,2017,300610,      0.00,      0.00,      0.00,      0.00,0,1,0,0,1,1,U2 
H5,840,2017,300620,      0.00,      0.00,      0.00,      0.00,0,1,0,0,1,1,U2 
H5,840,2017,300630,      0.00,      0.00,      0.00,      0.00,0,2,0,0,2,2,U2 
H5,840,2017,300640,      0.00,      0.00,      0.00,      0.00,0,1,0,0,1,1,U2 
H5,840,2017,300650,      0.00,      0.00,      0.00,      0.00,0,1,0,0,1,1,U2 
H5,840,2017,300660,      0.00,      0.00,      0.00,      0.00,0,1,0,0,1,1,U2 
H5,840,2017,300670,      5.00,      5.00,      5.00,      5.00,0,0,0,1,1,1,U2 
H5,840,2017,300691,      4.00,      4.00,      4.00,      4.00,0,0,0,1,1,1,U2 
H5,840,2017,300692,      0.00,      0.00,      0.00,      0.00,0,1,0,0,1,1,U2 
H5,840,2017,310100,      0.00,      0.00,      0.00,      0.00,0,1,0,0,1,1,U2 
H5,840,2017,310210,      0.00,      0.00,      0.00,      0.00,0,1,0,0,1,1,U2 
H5,840,2017,310221,      0.00,      0.00,      0.00,      0.00,0,1,0,0,1,1,U2 
H5,840,2017,310229,      0.00,      0.00,      0.00,      0.00,0,1,0,0,1,1,U2 
H5,840,2017,310230,      0.00,      0.00,      0.00,      0.00,0,1,0,0,1,1,U2 
H5,840,2017,310240,      0.00,      0.00,      0.00,      0.00,0,1,0,0,1,1,U2 
H5,840,2017,310250,      0.00,      0.00,      0.00,      0.00,0,1,0,0,1,1,U2 
H5,840,2017,310260,      0.00,      0.00,      0.00,      0.00,0,1,0,0,1,1,U2 
H5,840,2017,310280,      0.00,      0.00,      0.00,      0.00,0,1,0,0,1,1,U2 
H5,840,2017,310290,      0.00,      0.00,      0.00,      0.00,0,1,0,0,1,1,U2 
H5,840,2017,310311,      0.00,      0.00,      0.00,      0.00,0,1,0,0,1,1,U2 
H5,840,2017,310319,      0.00,      0.00,      0.00,      0.00,0,1,0,0,1,1,U2 
H5,840,2017,310390,      0.00,      0.00,      0.00,      0.00,0,1,0,0,1,1,U2 
H5,840,2017,310420,      0.00,      0.00,      0.00,      0.00,0,1,0,0,1,1,U2 
H5,840,2017,310430,      0.00,      0.00,      0.00,      0.00,0,1,0,0,1,1,U2 
H5,840,2017,310490,      0.00,      0.00,      0.00,      0.00,0,1,0,0,1,1,U2 
H5,840,2017,310510,      0.00,      0.00,      0.00,      0.00,0,1,0,0,1,1,U2 
H5,840,2017,310520,      0.00,      0.00,      0.00,      0.00,0,1,0,0,1,1,U2 
H5,840,2017,310530,      0.00,      0.00,      0.00,      0.00,0,1,0,0,1,1,U2 
H5,840,2017,310540,      0.00,      0.00,      0.00,      0.00,0,1,0,0,1,1,U2 
H5,840,2017,310551,      0.00,      0.00,      0.00,      0.00,0,1,0,0,1,1,U2 
H5,840,2017,310559,      0.00,      0.00,      0.00,      0.00,0,1,0,0,1,1,U2 
H5,840,2017,310560,      0.00,      0.00,      0.00,      0.00,0,1,0,0,1,1,U2 
H5,840,2017,310590,      0.00,      0.00,      0.00,      0.00,0,1,0,0,1,1,U2 
H5,840,2017,320110,      0.00,      0.00,      0.00,      0.00,0,1,0,0,1,1,U2 
H5,840,2017,320120,      0.00,      0.00,      0.00,      0.00,0,1,0,0,1,1,U2 
H5,840,2017,320190,      4.00,      0.00,      3.00,      1.33,0,1,0,2,3,3,U2 
H5,840,2017,320210,     12.00,      6.00,      6.00,      6.00,0,0,0,2,2,2,U2 
H5,840,2017,320290,      5.00,      0.00,      5.00,      2.50,0,1,0,1,2,2,U2 
H5,840,2017,320300,      3.00,      0.00,      3.00,      1.00,0,2,0,1,3,3,U2 
H5,840,2017,320411,     24.00,      0.00,      6.00,      4.80,0,1,0,4,5,5,U2 
H5,840,2017,320412,     30.00,      0.00,      6.00,      4.29,0,2,0,5,7,7,U2 
H5,840,2017,320413,     30.00,      0.00,      6.00,      5.00,0,1,0,5,6,6,U2 
H5,840,2017,320414,     30.00,      6.00,      6.00,      6.00,0,0,0,5,5,5,U2 
H5,840,2017,320415,     36.00,      0.00,      6.00,      5.14,0,1,0,6,7,7,U2 
H5,840,2017,320416,     24.00,      6.00,      6.00,      6.00,0,0,0,4,4,4,U2 
H5,840,2017,320417,     24.00,      0.00,      6.00,      4.00,0,2,0,4,6,6,U2 
H5,840,2017,320419,     39.00,      0.00,      6.00,      4.88,0,1,0,7,8,8,U2 
H5,840,2017,320420,     12.00,      0.00,      6.00,      4.00,0,1,0,2,3,3,U2 
H5,840,2017,320490,      5.00,      5.00,      5.00,      5.00,0,0,0,1,1,1,U2 
H5,840,2017,320500,     18.00,      0.00,      6.00,      4.50,0,1,0,3,4,4,U2 
H5,840,2017,320611,      6.00,      6.00,      6.00,      6.00,0,0,0,1,1,1,U2 
H5,840,2017,320619,      6.00,      6.00,      6.00,      6.00,0,0,0,1,1,1,U2 
H5,840,2017,320620,      3.00,      3.00,      3.00,      3.00,0,0,0,1,1,1,U2 
H5,840,2017,320641,      1.00,      1.00,      1.00,      1.00,0,0,0,1,1,1,U2 
H5,840,2017,320642,      2.00,      2.00,      2.00,      2.00,0,0,0,1,1,1,U2 
H5,840,2017,320649,     18.00,      0.00,      6.00,      3.00,0,1,0,5,6,6,U2 
H5,840,2017,320650,      6.00,      6.00,      6.00,      6.00,0,0,0,1,1,1,U2 
H5,840,2017,320710,      3.00,      3.00,      3.00,      3.00,0,0,0,1,1,1,U2 
H5,840,2017,320720,      4.00,      4.00,      4.00,      4.00,0,0,0,1,1,1,U2 
H5,840,2017,320730,      3.00,      3.00,      3.00,      3.00,0,0,0,1,1,1,U2 
H5,840,2017,320740,     12.00,      6.00,      6.00,      6.00,0,0,0,2,2,2,U2 
H5,840,2017,320810,      3.00,      3.00,      3.00,      3.00,0,0,0,1,1,1,U2 
H5,840,2017,320820,      3.00,      3.00,      3.00,      3.00,0,0,0,1,1,1,U2 
H5,840,2017,320890,      3.00,      3.00,      3.00,      3.00,0,0,0,1,1,1,U2 
H5,840,2017,320910,      5.00,      5.00,      5.00,      5.00,0,0,0,1,1,1,U2 
H5,840,2017,320990,      5.00,      5.00,      5.00,      5.00,0,0,0,1,1,1,U2 
H5,840,2017,321000,      1.00,      1.00,      1.00,      1.00,0,0,0,1,1,1,U2 
H5,840,2017,321100,      3.00,      3.00,      3.00,      3.00,0,0,0,1,1,1,U2 
H5,840,2017,321210,      4.00,      4.00,      4.00,      4.00,0,0,0,1,1,1,U2 
H5,840,2017,321290,      3.00,      3.00,      3.00,      3.00,0,0,0,1,1,1,U2 
H5,840,2017,321310,      6.00,      6.00,      6.00,      6.00,0,0,0,1,1,1,U2 
H5,840,2017,321390,      3.00,      3.00,      3.00,      3.00,0,0,0,1,1,1,U2 
H5,840,2017,321410,      3.00,      3.00,      3.00,      3.00,0,0,0,1,1,1,U2 
H5,840,2017,321490,      6.00,      0.00,      6.00,      3.00,0,1,0,1,2,2,U2 
H5,840,2017,321511,      3.00,      1.00,      1.00,      1.00,0,0,0,3,3,3,U2 
H5,840,2017,321519,      3.00,      1.00,      1.00,      1.00,0,0,0,3,3,3,U2 
H5,840,2017,321590,      4.00,      1.00,      3.00,      2.00,0,0,0,2,2,2,U2 
H5,840,2017,330112,      2.00,      2.00,      2.00,      2.00,0,0,0,1,1,1,U2 
H5,840,2017,330113,      3.00,      3.00,      3.00,      3.00,0,0,0,1,1,1,U2 
H5,840,2017,330119,      2.00,      0.00,      2.00,      1.00,0,1,0,1,2,2,U2 
H5,840,2017,330124,      4.00,      4.00,      4.00,      4.00,0,0,0,1,1,1,U2 
H5,840,2017,330125,      0.00,      0.00,      0.00,      0.00,0,1,0,0,1,1,U2 
H5,840,2017,330129,      2.00,      0.00,      1.00,      0.67,0,1,0,2,3,3,U2 
H5,840,2017,330130,      0.00,      0.00,      0.00,      0.00,0,1,0,0,1,1,U2 
H5,840,2017,330190,      3.00,      0.00,      3.00,      1.50,0,1,0,1,2,2,U2 
H5,840,2017,330210,      5.43,      0.00,      2.99,      1.09,0,3,2,0,5,5,U2 
H5,840,2017,330290,      0.00,      0.00,      0.00,      0.00,0,2,0,0,2,2,U2 
H5,840,2017,330300,      0.00,      0.00,      0.00,      0.00,0,3,0,0,3,3,U2 
H5,840,2017,330410,      0.00,      0.00,      0.00,      0.00,0,1,0,0,1,1,U2 
H5,840,2017,330420,      0.00,      0.00,      0.00,      0.00,0,1,0,0,1,1,U2 
H5,840,2017,330430,      0.00,      0.00,      0.00,      0.00,0,1,0,0,1,1,U2 
H5,840,2017,330491,      0.00,      0.00,      0.00,      0.00,0,1,0,0,1,1,U2 
H5,840,2017,330499,      0.00,      0.00,      0.00,      0.00,0,2,0,0,2,2,U2 
H5,840,2017,330510,      0.00,      0.00,      0.00,      0.00,0,1,0,0,1,1,U2 
H5,840,2017,330520,      0.00,      0.00,      0.00,      0.00,0,1,0,0,1,1,U2 
H5,840,2017,330530,      0.00,      0.00,      0.00,      0.00,0,1,0,0,1,1,U2 
H5,840,2017,330590,      0.00,      0.00,      0.00,      0.00,0,1,0,0,1,1,U2 
H5,840,2017,330610,      0.00,      0.00,      0.00,      0.00,0,1,0,0,1,1,U2 
H5,840,2017,330620,      0.00,      0.00,      0.00,      0.00,0,1,0,0,1,1,U2 
H5,840,2017,330690,      0.00,      0.00,      0.00,      0.00,0,1,0,0,1,1,U2 
H5,840,2017,330710,      8.00,      4.00,      4.00,      4.00,0,0,0,2,2,2,U2 
H5,840,2017,330720,      4.00,      4.00,      4.00,      4.00,0,0,0,1,1,1,U2 
H5,840,2017,330730,      9.00,      4.00,      5.00,      4.50,0,0,0,2,2,2,U2 
H5,840,2017,330741,      2.00,      2.00,      2.00,      2.00,0,0,0,1,1,1,U2 
H5,840,2017,330749,      6.00,      6.00,      6.00,      6.00,0,0,0,1,1,1,U2 
H5,840,2017,330790,      5.00,      5.00,      5.00,      5.00,0,0,0,1,1,1,U2 
H5,840,2017,340111,      0.00,      0.00,      0.00,      0.00,0,2,0,0,2,2,U2 
H5,840,2017,340119,      0.00,      0.00,      0.00,      0.00,0,1,0,0,1,1,U2 
H5,840,2017,340120,      0.00,      0.00,      0.00,      0.00,0,1,0,0,1,1,U2 
H5,840,2017,340130,      4.00,      0.00,      4.00,      2.00,0,1,0,1,2,2,U2 
H5,840,2017,340211,     13.00,      3.00,      6.00,      4.33,0,0,0,3,3,3,U2 
H5,840,2017,340212,      8.00,      4.00,      4.00,      4.00,0,0,0,2,2,2,U2 
H5,840,2017,340213,     11.00,      3.00,      4.00,      3.67,0,0,0,3,3,3,U2 
H5,840,2017,340219,      7.00,      3.00,      4.00,      3.50,0,0,0,2,2,2,U2 
H5,840,2017,340220,      4.00,      0.00,      4.00,      2.00,0,1,0,1,2,2,U2 
H5,840,2017,340290,     10.00,      3.00,      4.00,      3.33,0,0,0,3,3,3,U2 
H5,840,2017,340311,      7.20,      0.20,      6.00,      2.40,0,0,0,3,3,3,U2 
H5,840,2017,340319,      5.20,      0.20,      5.00,      2.60,0,0,0,2,2,2,U2 
H5,840,2017,340391,     12.00,      6.00,      6.00,      6.00,0,0,0,2,2,2,U2 
H5,840,2017,340399,      6.00,      6.00,      6.00,      6.00,0,0,0,1,1,1,U2 
H5,840,2017,340420,      0.00,      0.00,      0.00,      0.00,0,1,0,0,1,1,U2 
H5,840,2017,340490,      0.00,      0.00,      0.00,      0.00,0,2,0,0,2,2,U2 
H5,840,2017,340510,      0.00,      0.00,      0.00,      0.00,0,1,0,0,1,1,U2 
H5,840,2017,340520,      0.00,      0.00,      0.00,      0.00,0,1,0,0,1,1,U2 
H5,840,2017,340530,      0.00,      0.00,      0.00,      0.00,0,1,0,0,1,1,U2 
H5,840,2017,340540,      0.00,      0.00,      0.00,      0.00,0,1,0,0,1,1,U2 
H5,840,2017,340590,      0.00,      0.00,      0.00,      0.00,0,1,0,0,1,1,U2 
H5,840,2017,340600,      0.00,      0.00,      0.00,      0.00,0,1,0,0,1,1,U2 
H5,840,2017,340700,      0.00,      0.00,      0.00,      0.00,0,2,0,0,2,2,U2 
H5,840,2017,350110,      0.05,      0.00,      0.05,      0.03,0,1,1,0,2,2,U2 
H5,840,2017,350190,      6.05,      0.05,      6.00,      3.03,0,0,1,1,2,2,U2 
H5,840,2017,350211,      5.89,      5.89,      5.89,      5.89,0,0,1,0,1,1,U2 
H5,840,2017,350219,      8.26,      8.26,      8.26,      8.26,0,0,1,0,1,1,U2 
H5,840,2017,350220,      0.00,      0.00,      0.00,      0.00,0,1,0,0,1,1,U2 
H5,840,2017,350290,      0.00,      0.00,      0.00,      0.00,0,1,0,0,1,1,U2 
H5,840,2017,350300,     13.64,      1.70,      4.27,      3.41,0,0,4,0,4,4,U2 
H5,840,2017,350400,      9.00,      4.00,      5.00,      4.50,0,0,0,2,2,2,U2 
H5,840,2017,350510,      0.70,      0.70,      0.70,      0.70,0,0,1,0,1,1,U2 
H5,840,2017,350520,      5.32,      5.32,      5.32,      5.32,0,0,1,0,1,1,U2 
H5,840,2017,350610,      8.00,      2.00,      6.00,      4.00,0,0,0,2,2,2,U2 
H5,840,2017,350691,      3.00,      1.00,      2.00,      1.50,0,0,0,2,2,2,U2 
H5,840,2017,350699,      2.00,      2.00,      2.00,      2.00,0,0,0,1,1,1,U2 
H5,840,2017,350710,      0.00,      0.00,      0.00,      0.00,0,1,0,0,1,1,U2 
H5,840,2017,350790,      0.00,      0.00,      0.00,      0.00,0,2,0,0,2,2,U2 
H5,840,2017,360100,      6.00,      6.00,      6.00,      6.00,0,0,0,1,1,1,U2 
H5,840,2017,360200,      0.00,      0.00,      0.00,      0.00,0,1,0,0,1,1,U2 
H5,840,2017,360300,      7.20,      0.20,      4.00,      2.40,0,0,0,3,3,3,U2 
H5,840,2017,360410,      7.00,      2.00,      5.00,      3.50,0,0,0,2,2,2,U2 
H5,840,2017,360490,      6.00,      6.00,      6.00,      6.00,0,0,0,1,1,1,U2 
H5,840,2017,360500,      0.00,      0.00,      0.00,      0.00,0,1,0,0,1,1,U2 
H5,840,2017,360610,      0.00,      0.00,      0.00,      0.00,0,1,0,0,1,1,U2 
H5,840,2017,360690,     10.00,      0.00,      5.00,      3.33,0,1,0,2,3,3,U2 
H5,840,2017,370110,      3.00,      3.00,      3.00,      3.00,0,0,0,1,1,1,U2 
H5,840,2017,370120,      3.00,      3.00,      3.00,      3.00,0,0,0,1,1,1,U2 
H5,840,2017,370130,      0.00,      0.00,      0.00,      0.00,0,1,0,0,1,1,U2 
H5,840,2017,370191,      3.00,      3.00,      3.00,      3.00,0,0,0,1,1,1,U2 
H5,840,2017,370199,      5.00,      2.00,      3.00,      2.50,0,0,0,2,2,2,U2 
H5,840,2017,370210,      3.00,      3.00,      3.00,      3.00,0,0,0,1,1,1,U2 
H5,840,2017,370231,      3.00,      3.00,      3.00,      3.00,0,0,0,1,1,1,U2 
H5,840,2017,370232,      3.00,      3.00,      3.00,      3.00,0,0,0,1,1,1,U2 
H5,840,2017,370239,      3.00,      3.00,      3.00,      3.00,0,0,0,1,1,1,U2 
H5,840,2017,370241,      3.00,      3.00,      3.00,      3.00,0,0,0,1,1,1,U2 
H5,840,2017,370242,      3.00,      3.00,      3.00,      3.00,0,0,0,1,1,1,U2 
H5,840,2017,370243,      3.00,      3.00,      3.00,      3.00,0,0,0,1,1,1,U2 
H5,840,2017,370244,      3.00,      3.00,      3.00,      3.00,0,0,0,1,1,1,U2 
H5,840,2017,370252,      3.00,      3.00,      3.00,      3.00,0,0,0,1,1,1,U2 
H5,840,2017,370253,      3.00,      3.00,      3.00,      3.00,0,0,0,1,1,1,U2 
H5,840,2017,370254,      3.00,      3.00,      3.00,      3.00,0,0,0,1,1,1,U2 
H5,840,2017,370255,      0.00,      0.00,      0.00,      0.00,0,1,0,0,1,1,U2 
H5,840,2017,370256,      0.00,      0.00,      0.00,      0.00,0,1,0,0,1,1,U2 
H5,840,2017,370296,      3.00,      3.00,      3.00,      3.00,0,0,0,1,1,1,U2 
H5,840,2017,370297,      0.00,      0.00,      0.00,      0.00,0,1,0,0,1,1,U2 
H5,840,2017,370298,      3.00,      3.00,      3.00,      3.00,0,0,0,1,1,1,U2 
H5,840,2017,370310,      6.00,      3.00,      3.00,      3.00,0,0,0,2,2,2,U2 
H5,840,2017,370320,      6.00,      3.00,      3.00,      3.00,0,0,0,2,2,2,U2 
H5,840,2017,370390,      5.00,      2.00,      3.00,      2.50,0,0,0,2,2,2,U2 
H5,840,2017,370400,      0.00,      0.00,      0.00,      0.00,0,1,0,0,1,1,U2 
H5,840,2017,370500,      0.00,      0.00,      0.00,      0.00,0,1,0,0,1,1,U2 
H5,840,2017,370610,      1.00,      0.00,      1.00,      0.50,0,1,0,1,2,2,U2 
H5,840,2017,370690,      0.00,      0.00,      0.00,      0.00,0,1,0,0,1,1,U2 
H5,840,2017,370710,      3.00,      3.00,      3.00,      3.00,0,0,0,1,1,1,U2 
H5,840,2017,370790,      5.00,      0.00,      4.00,      1.67,0,1,0,2,3,3,U2 
H5,840,2017,380110,      3.00,      0.00,      3.00,      1.50,0,1,0,1,2,2,U2 
H5,840,2017,380120,      0.00,      0.00,      0.00,      0.00,0,1,0,0,1,1,U2 
H5,840,2017,380130,      4.00,      4.00,      4.00,      4.00,0,0,0,1,1,1,U2 
H5,840,2017,380190,      4.00,      4.00,      4.00,      4.00,0,0,0,1,1,1,U2 
H5,840,2017,380210,      4.00,      4.00,      4.00,      4.00,0,0,0,1,1,1,U2 
H5,840,2017,380290,     11.00,      2.00,      5.00,      3.67,0,0,0,3,3,3,U2 
H5,840,2017,380300,      0.00,      0.00,      0.00,      0.00,0,1,0,0,1,1,U2 
H5,840,2017,380400,      3.00,      0.00,      3.00,      1.50,0,1,0,1,2,2,U2 
H5,840,2017,380510,      5.00,      5.00,      5.00,      5.00,0,0,0,1,1,1,U2 
H5,840,2017,380590,      3.00,      0.00,      3.00,      1.50,0,1,0,1,2,2,U2 
H5,840,2017,380610,      5.00,      5.00,      5.00,      5.00,0,0,0,1,1,1,U2 
H5,840,2017,380620,      3.00,      3.00,      3.00,      3.00,0,0,0,1,1,1,U2 
H5,840,2017,380630,      6.00,      6.00,      6.00,      6.00,0,0,0,1,1,1,U2 
H5,840,2017,380690,      4.00,      4.00,      4.00,      4.00,0,0,0,1,1,1,U2 
H5,840,2017,380700,      0.10,      0.10,      0.10,      0.10,0,0,0,1,1,1,U2 
H5,840,2017,380852,      6.00,      6.00,      6.00,      6.00,0,0,0,1,1,1,U2 
H5,840,2017,380859,     16.00,      5.00,      6.00,      5.33,0,0,0,3,3,3,U2 
H5,840,2017,380861,     11.00,      5.00,      6.00,      5.50,0,0,0,2,2,2,U2 
H5,840,2017,380862,     11.00,      5.00,      6.00,      5.50,0,0,0,2,2,2,U2 
H5,840,2017,380869,     11.00,      5.00,      6.00,      5.50,0,0,0,2,2,2,U2 
H5,840,2017,380891,     18.00,      0.00,      6.00,      3.60,0,1,0,4,5,5,U2 
H5,840,2017,380892,     19.00,      0.00,      6.00,      3.17,0,2,0,4,6,6,U2 
H5,840,2017,380893,     16.00,      0.00,      6.00,      4.00,0,1,0,3,4,4,U2 
H5,840,2017,380894,     11.00,      5.00,      6.00,      5.50,0,0,0,2,2,2,U2 
H5,840,2017,380899,     16.00,      0.00,      6.00,      3.20,0,2,0,3,5,5,U2 
H5,840,2017,380910,      5.85,      5.85,      5.85,      5.85,0,0,1,0,1,1,U2 
H5,840,2017,380991,      6.00,      6.00,      6.00,      6.00,0,0,0,1,1,1,U2 
H5,840,2017,380992,     12.00,      6.00,      6.00,      6.00,0,0,0,2,2,2,U2 
H5,840,2017,380993,     12.00,      6.00,      6.00,      6.00,0,0,0,2,2,2,U2 
H5,840,2017,381010,      5.00,      5.00,      5.00,      5.00,0,0,0,1,1,1,U2 
H5,840,2017,381090,     11.00,      0.00,      6.00,      3.67,0,1,0,2,3,3,U2 
H5,840,2017,381111,      0.00,      0.00,      0.00,      0.00,0,2,0,0,2,2,U2 
H5,840,2017,381119,      6.00,      6.00,      6.00,      6.00,0,0,0,1,1,1,U2 
H5,840,2017,381121,      6.00,      6.00,      6.00,      6.00,0,0,0,1,1,1,U2 
H5,840,2017,381129,      6.00,      6.00,      6.00,      6.00,0,0,0,1,1,1,U2 
H5,840,2017,381190,      6.00,      6.00,      6.00,      6.00,0,0,0,1,1,1,U2 
H5,840,2017,381210,     11.00,      5.00,      6.00,      5.50,0,0,0,2,2,2,U2 
H5,840,2017,381220,     11.00,      5.00,      6.00,      5.50,0,0,0,2,2,2,U2 
H5,840,2017,381231,      6.00,      6.00,      6.00,      6.00,0,0,0,1,1,1,U2 
H5,840,2017,381239,     17.00,      0.00,      6.00,      3.40,0,2,0,3,5,5,U2 
H5,840,2017,381300,      3.00,      0.00,      3.00,      1.50,0,1,0,1,2,2,U2 
H5,840,2017,381400,     18.00,      6.00,      6.00,      6.00,0,0,0,3,3,3,U2 
H5,840,2017,381511,      0.00,      0.00,      0.00,      0.00,0,1,0,0,1,1,U2 
H5,840,2017,381512,      0.00,      0.00,      0.00,      0.00,0,1,0,0,1,1,U2 
H5,840,2017,381519,      0.00,      0.00,      0.00,      0.00,0,1,0,0,1,1,U2 
H5,840,2017,381590,     13.00,      0.00,      6.00,      3.25,0,1,0,3,4,4,U2 
H5,840,2017,381600,      3.00,      3.00,      3.00,      3.00,0,0,0,1,1,1,U2 
H5,840,2017,381700,     18.00,      6.00,      6.00,      6.00,0,0,0,3,3,3,U2 
H5,840,2017,381800,      0.00,      0.00,      0.00,      0.00,0,1,0,0,1,1,U2 
H5,840,2017,381900,      6.00,      6.00,      6.00,      6.00,0,0,0,1,1,1,U2 
H5,840,2017,382000,      6.00,      6.00,      6.00,      6.00,0,0,0,1,1,1,U2 
H5,840,2017,382100,      5.00,      5.00,      5.00,      5.00,0,0,0,1,1,1,U2 
H5,840,2017,382200,      0.00,      0.00,      0.00,      0.00,0,3,0,0,3,3,U2 
H5,840,2017,382311,      6.06,      6.06,      6.06,      6.06,0,0,1,0,1,1,U2 
H5,840,2017,382312,      4.98,      4.98,      4.98,      4.98,0,0,1,0,1,1,U2 
H5,840,2017,382313,      3.00,      3.00,      3.00,      3.00,0,0,0,1,1,1,U2 
H5,840,2017,382319,      5.00,      2.00,      3.00,      2.50,0,0,0,2,2,2,U2 
H5,840,2017,382370,      9.00,      2.00,      5.00,      3.00,0,0,0,3,3,3,U2 
H5,840,2017,382410,      6.00,      6.00,      6.00,      6.00,0,0,0,1,1,1,U2 
H5,840,2017,382430,      3.00,      3.00,      3.00,      3.00,0,0,0,1,1,1,U2 
H5,840,2017,382440,     11.00,      0.00,      6.00,      3.67,0,1,0,2,3,3,U2 
H5,840,2017,382450,      0.00,      0.00,      0.00,      0.00,0,1,0,0,1,1,U2 
H5,840,2017,382460,      4.00,      4.00,      4.00,      4.00,0,0,0,1,1,1,U2 
H5,840,2017,382471,      3.00,      3.00,      3.00,      3.00,0,0,0,1,1,1,U2 
H5,840,2017,382472,      3.00,      3.00,      3.00,      3.00,0,0,0,1,1,1,U2 
H5,840,2017,382473,      3.00,      3.00,      3.00,      3.00,0,0,0,1,1,1,U2 
H5,840,2017,382474,      3.00,      3.00,      3.00,      3.00,0,0,0,1,1,1,U2 
H5,840,2017,382475,      6.00,      6.00,      6.00,      6.00,0,0,0,1,1,1,U2 
H5,840,2017,382476,      6.00,      6.00,      6.00,      6.00,0,0,0,1,1,1,U2 
H5,840,2017,382477,      3.00,      3.00,      3.00,      3.00,0,0,0,1,1,1,U2 
H5,840,2017,382478,      3.00,      3.00,      3.00,      3.00,0,0,0,1,1,1,U2 
H5,840,2017,382479,      9.00,      3.00,      6.00,      4.50,0,0,0,2,2,2,U2 
H5,840,2017,382481,      5.00,      5.00,      5.00,      5.00,0,0,0,1,1,1,U2 
H5,840,2017,382482,      9.00,      3.00,      6.00,      4.50,0,0,0,2,2,2,U2 
H5,840,2017,382483,      5.00,      5.00,      5.00,      5.00,0,0,0,1,1,1,U2 
H5,840,2017,382484,      6.00,      6.00,      6.00,      6.00,0,0,0,1,1,1,U2 
H5,840,2017,382485,      6.00,      6.00,      6.00,      6.00,0,0,0,1,1,1,U2 
H5,840,2017,382486,      6.00,      6.00,      6.00,      6.00,0,0,0,1,1,1,U2 
H5,840,2017,382487,      3.00,      3.00,      3.00,      3.00,0,0,0,1,1,1,U2 
H5,840,2017,382488,      6.00,      6.00,      6.00,      6.00,0,0,0,1,1,1,U2 
H5,840,2017,382491,      5.00,      5.00,      5.00,      5.00,0,0,0,1,1,1,U2 
H5,840,2017,382499,     75.00,      0.00,      6.00,      3.75,0,5,0,15,20,20,U2 
H5,840,2017,382510,      0.00,      0.00,      0.00,      0.00,0,1,0,0,1,1,U2 
H5,840,2017,382520,      0.00,      0.00,      0.00,      0.00,0,1,0,0,1,1,U2 
H5,840,2017,382530,      0.00,      0.00,      0.00,      0.00,0,1,0,0,1,1,U2 
H5,840,2017,382541,      0.00,      0.00,      0.00,      0.00,0,1,0,0,1,1,U2 
H5,840,2017,382549,      0.00,      0.00,      0.00,      0.00,0,1,0,0,1,1,U2 
H5,840,2017,382550,      0.00,      0.00,      0.00,      0.00,0,1,0,0,1,1,U2 
H5,840,2017,382561,      0.00,      0.00,      0.00,      0.00,0,1,0,0,1,1,U2 
H5,840,2017,382569,      0.00,      0.00,      0.00,      0.00,0,1,0,0,1,1,U2 
H5,840,2017,382590,      0.00,      0.00,      0.00,      0.00,0,1,0,0,1,1,U2 
H5,840,2017,382600,     10.00,      4.00,      6.00,      5.00,0,0,0,2,2,2,U2 
H5,840,2017,390110,     12.00,      6.00,      6.00,      6.00,0,0,0,2,2,2,U2 
H5,840,2017,390120,     12.00,      6.00,      6.00,      6.00,0,0,0,2,2,2,U2 
H5,840,2017,390130,      5.00,      0.00,      5.00,      2.50,0,1,0,1,2,2,U2 
H5,840,2017,390140,      6.00,      6.00,      6.00,      6.00,0,0,0,1,1,1,U2 
H5,840,2017,390190,     12.00,      0.00,      6.00,      4.00,0,1,0,2,3,3,U2 
H5,840,2017,390210,      6.00,      6.00,      6.00,      6.00,0,0,0,1,1,1,U2 
H5,840,2017,390220,      6.00,      0.00,      6.00,      3.00,0,1,0,1,2,2,U2 
H5,840,2017,390230,      6.00,      6.00,      6.00,      6.00,0,0,0,1,1,1,U2 
H5,840,2017,390290,      6.00,      6.00,      6.00,      6.00,0,0,0,1,1,1,U2 
H5,840,2017,390311,      6.00,      6.00,      6.00,      6.00,0,0,0,1,1,1,U2 
H5,840,2017,390319,      6.00,      6.00,      6.00,      6.00,0,0,0,1,1,1,U2 
H5,840,2017,390320,      6.00,      6.00,      6.00,      6.00,0,0,0,1,1,1,U2 
H5,840,2017,390330,      6.00,      6.00,      6.00,      6.00,0,0,0,1,1,1,U2 
H5,840,2017,390390,     12.00,      6.00,      6.00,      6.00,0,0,0,2,2,2,U2 
H5,840,2017,390410,      6.00,      6.00,      6.00,      6.00,0,0,0,1,1,1,U2 
H5,840,2017,390421,      6.00,      6.00,      6.00,      6.00,0,0,0,1,1,1,U2 
H5,840,2017,390422,      6.00,      6.00,      6.00,      6.00,0,0,0,1,1,1,U2 
H5,840,2017,390430,      5.00,      0.00,      5.00,      2.50,0,1,0,1,2,2,U2 
H5,840,2017,390440,      5.00,      5.00,      5.00,      5.00,0,0,0,1,1,1,U2 
H5,840,2017,390450,      6.00,      6.00,      6.00,      6.00,0,0,0,1,1,1,U2 
H5,840,2017,390461,      5.00,      5.00,      5.00,      5.00,0,0,0,1,1,1,U2 
H5,840,2017,390469,      6.00,      0.00,      6.00,      3.00,0,1,0,1,2,2,U2 
H5,840,2017,390490,      6.00,      0.00,      6.00,      3.00,0,1,0,1,2,2,U2 
H5,840,2017,390512,      4.00,      4.00,      4.00,      4.00,0,0,0,1,1,1,U2 
H5,840,2017,390519,      4.00,      4.00,      4.00,      4.00,0,0,0,1,1,1,U2 
H5,840,2017,390521,      4.00,      4.00,      4.00,      4.00,0,0,0,1,1,1,U2 
H5,840,2017,390529,      4.00,      4.00,      4.00,      4.00,0,0,0,1,1,1,U2 
H5,840,2017,390530,      3.00,      3.00,      3.00,      3.00,0,0,0,1,1,1,U2 
H5,840,2017,390591,      9.00,      4.00,      5.00,      4.50,0,0,0,2,2,2,U2 
H5,840,2017,390599,      5.00,      0.00,      5.00,      2.50,0,1,0,1,2,2,U2 
H5,840,2017,390610,      6.00,      6.00,      6.00,      6.00,0,0,0,1,1,1,U2 
H5,840,2017,390690,     10.00,      0.00,      6.00,      3.33,0,1,0,2,3,3,U2 
H5,840,2017,390710,      6.00,      6.00,      6.00,      6.00,0,0,0,1,1,1,U2 
H5,840,2017,390720,      6.00,      6.00,      6.00,      6.00,0,0,0,1,1,1,U2 
H5,840,2017,390730,      6.00,      6.00,      6.00,      6.00,0,0,0,1,1,1,U2 
H5,840,2017,390740,      5.00,      5.00,      5.00,      5.00,0,0,0,1,1,1,U2 
H5,840,2017,390750,      6.00,      6.00,      6.00,      6.00,0,0,0,1,1,1,U2 
H5,840,2017,390761,      6.00,      6.00,      6.00,      6.00,0,0,0,1,1,1,U2 
H5,840,2017,390769,      6.00,      6.00,      6.00,      6.00,0,0,0,1,1,1,U2 
H5,840,2017,390770,      6.00,      6.00,      6.00,      6.00,0,0,0,1,1,1,U2 
H5,840,2017,390791,     11.00,      0.00,      6.00,      3.67,0,1,0,2,3,3,U2 
H5,840,2017,390799,     10.00,      4.00,      6.00,      5.00,0,0,0,2,2,2,U2 
H5,840,2017,390810,      6.00,      6.00,      6.00,      6.00,0,0,0,1,1,1,U2 
H5,840,2017,390890,      6.00,      0.00,      6.00,      3.00,0,1,0,1,2,2,U2 
H5,840,2017,390910,      6.00,      6.00,      6.00,      6.00,0,0,0,1,1,1,U2 
H5,840,2017,390920,      6.00,      6.00,      6.00,      6.00,0,0,0,1,1,1,U2 
H5,840,2017,390931,      6.00,      6.00,      6.00,      6.00,0,0,0,1,1,1,U2 
H5,840,2017,390939,      6.00,      6.00,      6.00,      6.00,0,0,0,1,1,1,U2 
H5,840,2017,390940,      6.00,      6.00,      6.00,      6.00,0,0,0,1,1,1,U2 
H5,840,2017,390950,      8.00,      0.00,      6.00,      2.67,0,1,0,2,3,3,U2 
H5,840,2017,391000,      3.00,      3.00,      3.00,      3.00,0,0,0,1,1,1,U2 
H5,840,2017,391110,      6.00,      6.00,      6.00,      6.00,0,0,0,1,1,1,U2 
H5,840,2017,391190,     17.00,      0.00,      6.00,      2.43,0,4,0,3,7,7,U2 
H5,840,2017,391211,      5.00,      5.00,      5.00,      5.00,0,0,0,1,1,1,U2 
H5,840,2017,391212,      5.00,      5.00,      5.00,      5.00,0,0,0,1,1,1,U2 
H5,840,2017,391220,      5.00,      5.00,      5.00,      5.00,0,0,0,1,1,1,U2 
H5,840,2017,391231,      6.00,      6.00,      6.00,      6.00,0,0,0,1,1,1,U2 
H5,840,2017,391239,      4.00,      4.00,      4.00,      4.00,0,0,0,1,1,1,U2 
H5,840,2017,391290,      5.00,      5.00,      5.00,      5.00,0,0,0,1,1,1,U2 
H5,840,2017,391310,      4.00,      4.00,      4.00,      4.00,0,0,0,1,1,1,U2 
H5,840,2017,391390,     11.00,      0.00,      6.00,      3.67,0,1,0,2,3,3,U2 
H5,840,2017,391400,      3.00,      0.00,      3.00,      1.50,0,1,0,1,2,2,U2 
H5,840,2017,391510,      0.00,      0.00,      0.00,      0.00,0,1,0,0,1,1,U2 
H5,840,2017,391520,      0.00,      0.00,      0.00,      0.00,0,1,0,0,1,1,U2 
H5,840,2017,391530,      0.00,      0.00,      0.00,      0.00,0,1,0,0,1,1,U2 
H5,840,2017,391590,      0.00,      0.00,      0.00,      0.00,0,1,0,0,1,1,U2 
H5,840,2017,391610,      5.00,      5.00,      5.00,      5.00,0,0,0,1,1,1,U2 
H5,840,2017,391620,      5.00,      5.00,      5.00,      5.00,0,0,0,1,1,1,U2 
H5,840,2017,391690,     20.00,      3.00,      6.00,      5.00,0,0,0,4,4,4,U2 
H5,840,2017,391710,     10.00,      0.00,      6.00,      3.33,0,1,0,2,3,3,U2 
H5,840,2017,391721,      3.00,      3.00,      3.00,      3.00,0,0,0,1,1,1,U2 
H5,840,2017,391722,      3.00,      3.00,      3.00,      3.00,0,0,0,1,1,1,U2 
H5,840,2017,391723,      3.00,      3.00,      3.00,      3.00,0,0,0,1,1,1,U2 
H5,840,2017,391729,      3.00,      3.00,      3.00,      3.00,0,0,0,1,1,1,U2 
H5,840,2017,391731,      3.00,      3.00,      3.00,      3.00,0,0,0,1,1,1,U2 
H5,840,2017,391732,      3.00,      3.00,      3.00,      3.00,0,0,0,1,1,1,U2 
H5,840,2017,391733,      3.00,      3.00,      3.00,      3.00,0,0,0,1,1,1,U2 
H5,840,2017,391739,      3.00,      3.00,      3.00,      3.00,0,0,0,1,1,1,U2 
H5,840,2017,391740,      5.00,      5.00,      5.00,      5.00,0,0,0,1,1,1,U2 
H5,840,2017,391810,     29.00,      4.00,      6.00,      4.83,0,0,0,6,6,6,U2 
H5,840,2017,391890,     20.00,      4.00,      6.00,      5.00,0,0,0,4,4,4,U2 
H5,840,2017,391910,     11.00,      5.00,      6.00,      5.50,0,0,0,2,2,2,U2 
H5,840,2017,391990,     11.00,      5.00,      6.00,      5.50,0,0,0,2,2,2,U2 
H5,840,2017,392010,      4.00,      4.00,      4.00,      4.00,0,0,0,1,1,1,U2 
H5,840,2017,392020,      4.00,      4.00,      4.00,      4.00,0,0,0,1,1,1,U2 
H5,840,2017,392030,      5.00,      5.00,      5.00,      5.00,0,0,0,1,1,1,U2 
H5,840,2017,392043,      7.00,      3.00,      4.00,      3.50,0,0,0,2,2,2,U2 
H5,840,2017,392049,      5.00,      5.00,      5.00,      5.00,0,0,0,1,1,1,U2 
H5,840,2017,392051,     12.00,      6.00,      6.00,      6.00,0,0,0,2,2,2,U2 
H5,840,2017,392059,     12.00,      0.00,      6.00,      4.00,0,1,0,2,3,3,U2 
H5,840,2017,392061,      5.00,      5.00,      5.00,      5.00,0,0,0,1,1,1,U2 
H5,840,2017,392062,      4.00,      4.00,      4.00,      4.00,0,0,0,1,1,1,U2 
H5,840,2017,392063,      9.00,      4.00,      5.00,      4.50,0,0,0,2,2,2,U2 
H5,840,2017,392069,      4.00,      4.00,      4.00,      4.00,0,0,0,1,1,1,U2 
H5,840,2017,392071,      6.00,      6.00,      6.00,      6.00,0,0,0,1,1,1,U2 
H5,840,2017,392073,      2.00,      2.00,      2.00,      2.00,0,0,0,1,1,1,U2 
H5,840,2017,392079,     12.00,      3.00,      6.00,      4.00,0,0,0,3,3,3,U2 
H5,840,2017,392091,      4.00,      4.00,      4.00,      4.00,0,0,0,1,1,1,U2 
H5,840,2017,392092,      4.00,      4.00,      4.00,      4.00,0,0,0,1,1,1,U2 
H5,840,2017,392093,      5.00,      5.00,      5.00,      5.00,0,0,0,1,1,1,U2 
H5,840,2017,392094,      5.00,      5.00,      5.00,      5.00,0,0,0,1,1,1,U2 
H5,840,2017,392099,     15.00,      4.00,      6.00,      5.00,0,0,0,3,3,3,U2 
H5,840,2017,392111,      5.00,      5.00,      5.00,      5.00,0,0,0,1,1,1,U2 
H5,840,2017,392112,     21.00,      4.00,      6.00,      5.25,0,0,0,4,4,4,U2 
H5,840,2017,392113,     19.00,      4.00,      6.00,      4.75,0,0,0,4,4,4,U2 
H5,840,2017,392114,      6.00,      6.00,      6.00,      6.00,0,0,0,1,1,1,U2 
H5,840,2017,392119,      6.00,      6.00,      6.00,      6.00,0,0,0,1,1,1,U2 
H5,840,2017,392190,     39.00,      4.00,      6.00,      4.88,0,0,0,8,8,8,U2 
H5,840,2017,392210,      6.00,      6.00,      6.00,      6.00,0,0,0,1,1,1,U2 
H5,840,2017,392220,      6.00,      6.00,      6.00,      6.00,0,0,0,1,1,1,U2 
H5,840,2017,392290,      6.00,      6.00,      6.00,      6.00,0,0,0,1,1,1,U2 
H5,840,2017,392310,      5.00,      2.00,      3.00,      2.50,0,0,0,2,2,2,U2 
H5,840,2017,392321,      3.00,      3.00,      3.00,      3.00,0,0,0,1,1,1,U2 
H5,840,2017,392329,      3.00,      3.00,      3.00,      3.00,0,0,0,1,1,1,U2 
H5,840,2017,392330,      3.00,      3.00,      3.00,      3.00,0,0,0,1,1,1,U2 
H5,840,2017,392340,      5.00,      5.00,      5.00,      5.00,0,0,0,1,1,1,U2 
H5,840,2017,392350,      5.00,      5.00,      5.00,      5.00,0,0,0,1,1,1,U2 
H5,840,2017,392390,      3.00,      3.00,      3.00,      3.00,0,0,0,1,1,1,U2 
H5,840,2017,392410,     17.00,      3.00,      6.00,      4.25,0,0,0,4,4,4,U2 
H5,840,2017,392490,     12.00,      3.00,      3.00,      3.00,0,0,0,4,4,4,U2 
H5,840,2017,392510,      6.00,      6.00,      6.00,      6.00,0,0,0,1,1,1,U2 
H5,840,2017,392520,      5.00,      5.00,      5.00,      5.00,0,0,0,1,1,1,U2 
H5,840,2017,392530,      8.00,      3.00,      5.00,      4.00,0,0,0,2,2,2,U2 
H5,840,2017,392590,      5.00,      5.00,      5.00,      5.00,0,0,0,1,1,1,U2 
H5,840,2017,392610,      5.00,      5.00,      5.00,      5.00,0,0,0,1,1,1,U2 
H5,840,2017,392620,     14.00,      0.00,      6.00,      2.33,0,3,0,3,6,6,U2 
H5,840,2017,392630,     11.00,      5.00,      6.00,      5.50,0,0,0,2,2,2,U2 
H5,840,2017,392640,      5.00,      5.00,      5.00,      5.00,0,0,0,1,1,1,U2 
H5,840,2017,392690,    101.00,      0.00,      6.00,      3.88,0,2,0,24,26,26,U2 
H5,840,2017,400110,      0.00,      0.00,      0.00,      0.00,0,1,0,0,1,1,U2 
H5,840,2017,400121,      0.00,      0.00,      0.00,      0.00,0,1,0,0,1,1,U2 
H5,840,2017,400122,      0.00,      0.00,      0.00,      0.00,0,1,0,0,1,1,U2 
H5,840,2017,400129,      0.00,      0.00,      0.00,      0.00,0,1,0,0,1,1,U2 
H5,840,2017,400130,      0.00,      0.00,      0.00,      0.00,0,1,0,0,1,1,U2 
H5,840,2017,400211,      0.00,      0.00,      0.00,      0.00,0,1,0,0,1,1,U2 
H5,840,2017,400219,      0.00,      0.00,      0.00,      0.00,0,1,0,0,1,1,U2 
H5,840,2017,400220,      0.00,      0.00,      0.00,      0.00,0,1,0,0,1,1,U2 
H5,840,2017,400231,      0.00,      0.00,      0.00,      0.00,0,1,0,0,1,1,U2 
H5,840,2017,400239,      0.00,      0.00,      0.00,      0.00,0,1,0,0,1,1,U2 
H5,840,2017,400241,      0.00,      0.00,      0.00,      0.00,0,1,0,0,1,1,U2 
H5,840,2017,400249,      0.00,      0.00,      0.00,      0.00,0,1,0,0,1,1,U2 
H5,840,2017,400251,      0.00,      0.00,      0.00,      0.00,0,1,0,0,1,1,U2 
H5,840,2017,400259,      0.00,      0.00,      0.00,      0.00,0,1,0,0,1,1,U2 
H5,840,2017,400260,      0.00,      0.00,      0.00,      0.00,0,1,0,0,1,1,U2 
H5,840,2017,400270,      0.00,      0.00,      0.00,      0.00,0,1,0,0,1,1,U2 
H5,840,2017,400280,      0.00,      0.00,      0.00,      0.00,0,1,0,0,1,1,U2 
H5,840,2017,400291,      0.00,      0.00,      0.00,      0.00,0,1,0,0,1,1,U2 
H5,840,2017,400299,      0.00,      0.00,      0.00,      0.00,0,1,0,0,1,1,U2 
H5,840,2017,400300,      0.00,      0.00,      0.00,      0.00,0,1,0,0,1,1,U2 
H5,840,2017,400400,      0.00,      0.00,      0.00,      0.00,0,1,0,0,1,1,U2 
H5,840,2017,400510,      0.00,      0.00,      0.00,      0.00,0,1,0,0,1,1,U2 
H5,840,2017,400520,      0.00,      0.00,      0.00,      0.00,0,1,0,0,1,1,U2 
H5,840,2017,400591,      0.00,      0.00,      0.00,      0.00,0,1,0,0,1,1,U2 
H5,840,2017,400599,      0.00,      0.00,      0.00,      0.00,0,1,0,0,1,1,U2 
H5,840,2017,400610,      2.00,      2.00,      2.00,      2.00,0,0,0,1,1,1,U2 
H5,840,2017,400690,      2.00,      0.00,      2.00,      1.00,0,1,0,1,2,2,U2 
H5,840,2017,400700,      0.00,      0.00,      0.00,      0.00,0,1,0,0,1,1,U2 
H5,840,2017,400811,      3.00,      0.00,      3.00,      1.50,0,1,0,1,2,2,U2 
H5,840,2017,400819,      6.00,      0.00,      3.00,      1.50,0,2,0,2,4,4,U2 
H5,840,2017,400821,      0.00,      0.00,      0.00,      0.00,0,1,0,0,1,1,U2 
H5,840,2017,400829,      4.00,      2.00,      2.00,      2.00,0,0,0,2,2,2,U2 
H5,840,2017,400911,      2.00,      2.00,      2.00,      2.00,0,0,0,1,1,1,U2 
H5,840,2017,400912,      2.00,      2.00,      2.00,      2.00,0,0,0,1,1,1,U2 
H5,840,2017,400921,      2.00,      2.00,      2.00,      2.00,0,0,0,1,1,1,U2 
H5,840,2017,400922,      2.00,      2.00,      2.00,      2.00,0,0,0,1,1,1,U2 
H5,840,2017,400931,      2.00,      2.00,      2.00,      2.00,0,0,0,1,1,1,U2 
H5,840,2017,400932,      2.00,      2.00,      2.00,      2.00,0,0,0,1,1,1,U2 
H5,840,2017,400941,      2.00,      2.00,      2.00,      2.00,0,0,0,1,1,1,U2 
H5,840,2017,400942,      2.00,      2.00,      2.00,      2.00,0,0,0,1,1,1,U2 
H5,840,2017,401011,      3.00,      3.00,      3.00,      3.00,0,0,0,1,1,1,U2 
H5,840,2017,401012,     19.00,      1.00,      8.00,      4.75,0,0,0,4,4,4,U2 
H5,840,2017,401019,     22.00,      1.00,      8.00,      4.40,0,0,0,5,5,5,U2 
H5,840,2017,401031,      5.00,      2.00,      3.00,      2.50,0,0,0,2,2,2,U2 
H5,840,2017,401032,      5.00,      2.00,      3.00,      2.50,0,0,0,2,2,2,U2 
H5,840,2017,401033,      5.00,      2.00,      3.00,      2.50,0,0,0,2,2,2,U2 
H5,840,2017,401034,      5.00,      2.00,      3.00,      2.50,0,0,0,2,2,2,U2 
H5,840,2017,401035,     22.00,      1.00,      8.00,      4.40,0,0,0,5,5,5,U2 
H5,840,2017,401036,     22.00,      1.00,      8.00,      4.40,0,0,0,5,5,5,U2 
H5,840,2017,401039,     27.00,      1.00,      8.00,      3.86,0,0,0,7,7,7,U2 
H5,840,2017,401110,      7.00,      3.00,      4.00,      3.50,0,0,0,2,2,2,U2 
H5,840,2017,401120,      7.00,      3.00,      4.00,      3.50,0,0,0,2,2,2,U2 
H5,840,2017,401130,      0.00,      0.00,      0.00,      0.00,0,1,0,0,1,1,U2 
H5,840,2017,401140,      0.00,      0.00,      0.00,      0.00,0,1,0,0,1,1,U2 
H5,840,2017,401150,      0.00,      0.00,      0.00,      0.00,0,1,0,0,1,1,U2 
H5,840,2017,401170,      0.00,      0.00,      0.00,      0.00,0,1,0,0,1,1,U2 
H5,840,2017,401180,      7.00,      0.00,      4.00,      2.33,0,1,0,2,3,3,U2 
H5,840,2017,401190,      7.00,      0.00,      4.00,      2.33,0,1,0,2,3,3,U2 
H5,840,2017,401211,      7.00,      3.00,      4.00,      3.50,0,0,0,2,2,2,U2 
H5,840,2017,401212,      7.00,      3.00,      4.00,      3.50,0,0,0,2,2,2,U2 
H5,840,2017,401213,      0.00,      0.00,      0.00,      0.00,0,1,0,0,1,1,U2 
H5,840,2017,401219,      7.00,      0.00,      4.00,      2.33,0,1,0,2,3,3,U2 
H5,840,2017,401220,      0.00,      0.00,      0.00,      0.00,0,5,0,0,5,5,U2 
H5,840,2017,401290,      6.00,      0.00,      4.00,      1.20,0,3,0,2,5,5,U2 
H5,840,2017,401310,      3.00,      3.00,      3.00,      3.00,0,0,0,1,1,1,U2 
H5,840,2017,401320,      0.00,      0.00,      0.00,      0.00,0,1,0,0,1,1,U2 
H5,840,2017,401390,      3.00,      0.00,      3.00,      1.50,0,1,0,1,2,2,U2 
H5,840,2017,401410,      0.00,      0.00,      0.00,      0.00,0,1,0,0,1,1,U2 
H5,840,2017,401490,      4.00,      0.00,      4.00,      2.00,0,1,0,1,2,2,U2 
H5,840,2017,401511,      0.00,      0.00,      0.00,      0.00,0,1,0,0,1,1,U2 
H5,840,2017,401519,     17.00,      0.00,     14.00,      5.67,0,1,0,2,3,3,U2 
H5,840,2017,401590,      4.00,      4.00,      4.00,      4.00,0,0,0,1,1,1,U2 
H5,840,2017,401610,      0.00,      0.00,      0.00,      0.00,0,1,0,0,1,1,U2 
H5,840,2017,401691,      2.00,      2.00,      2.00,      2.00,0,0,0,1,1,1,U2 
H5,840,2017,401692,      4.00,      4.00,      4.00,      4.00,0,0,0,1,1,1,U2 
H5,840,2017,401693,      4.00,      2.00,      2.00,      2.00,0,0,0,2,2,2,U2 
H5,840,2017,401694,      4.00,      4.00,      4.00,      4.00,0,0,0,1,1,1,U2 
H5,840,2017,401695,      4.00,      4.00,      4.00,      4.00,0,0,0,1,1,1,U2 
H5,840,2017,401699,     19.00,      0.00,      4.00,      2.11,0,2,0,7,9,9,U2 
H5,840,2017,401700,      2.00,      2.00,      2.00,      2.00,0,0,0,1,1,1,U2 
H5,840,2017,410120,     15.00,      0.00,      5.00,      2.14,0,2,0,5,7,7,U2 
H5,840,2017,410150,     15.00,      0.00,      5.00,      2.14,0,2,0,5,7,7,U2 
H5,840,2017,410190,     13.00,      0.00,      5.00,      2.60,0,1,0,4,5,5,U2 
H5,840,2017,410210,      2.00,      0.00,      2.00,      0.67,0,2,0,1,3,3,U2 
H5,840,2017,410221,      0.00,      0.00,      0.00,      0.00,0,1,0,0,1,1,U2 
H5,840,2017,410229,      2.00,      0.00,      2.00,      0.67,0,2,0,1,3,3,U2 
H5,840,2017,410320,      5.00,      0.00,      5.00,      1.67,0,2,0,1,3,3,U2 
H5,840,2017,410330,      4.00,      0.00,      4.00,      2.00,0,1,0,1,2,2,U2 
H5,840,2017,410390,      6.00,      0.00,      3.00,      1.50,0,2,0,2,4,4,U2 
H5,840,2017,410411,     12.00,      0.00,      5.00,      2.40,0,1,0,4,5,5,U2 
H5,840,2017,410419,     12.00,      0.00,      5.00,      2.40,0,1,0,4,5,5,U2 
H5,840,2017,410441,     12.00,      0.00,      5.00,      2.40,0,1,0,4,5,5,U2 
H5,840,2017,410449,     12.00,      0.00,      5.00,      2.40,0,1,0,4,5,5,U2 
H5,840,2017,410510,      4.00,      2.00,      2.00,      2.00,0,0,0,2,2,2,U2 
H5,840,2017,410530,      2.00,      2.00,      2.00,      2.00,0,0,0,1,1,1,U2 
H5,840,2017,410621,      4.00,      2.00,      2.00,      2.00,0,0,0,2,2,2,U2 
H5,840,2017,410622,      2.00,      2.00,      2.00,      2.00,0,0,0,1,1,1,U2 
H5,840,2017,410631,      8.00,      4.00,      4.00,      4.00,0,0,0,2,2,2,U2 
H5,840,2017,410632,      4.00,      4.00,      4.00,      4.00,0,0,0,1,1,1,U2 
H5,840,2017,410640,      0.00,      0.00,      0.00,      0.00,0,1,0,0,1,1,U2 
H5,840,2017,410691,      3.00,      3.00,      3.00,      3.00,0,0,0,1,1,1,U2 
H5,840,2017,410692,      3.00,      3.00,      3.00,      3.00,0,0,0,1,1,1,U2 
H5,840,2017,410711,     19.00,      0.00,      5.00,      2.38,0,1,0,7,8,8,U2 
H5,840,2017,410712,     19.00,      0.00,      5.00,      2.38,0,1,0,7,8,8,U2 
H5,840,2017,410719,     21.00,      0.00,      5.00,      2.63,0,1,0,7,8,8,U2 
H5,840,2017,410791,     14.00,      2.00,      5.00,      2.80,0,0,0,5,5,5,U2 
H5,840,2017,410792,     14.00,      2.00,      5.00,      2.80,0,0,0,5,5,5,U2 
H5,840,2017,410799,     16.00,      2.00,      5.00,      3.20,0,0,0,5,5,5,U2 
H5,840,2017,411200,      4.00,      2.00,      2.00,      2.00,0,0,0,2,2,2,U2 
H5,840,2017,411310,      4.00,      2.00,      2.00,      2.00,0,0,0,2,2,2,U2 
H5,840,2017,411320,      4.00,      4.00,      4.00,      4.00,0,0,0,1,1,1,U2 
H5,840,2017,411330,      0.00,      0.00,      0.00,      0.00,0,2,0,0,2,2,U2 
H5,840,2017,411390,      4.00,      1.00,      3.00,      2.00,0,0,0,2,2,2,U2 
H5,840,2017,411410,      3.00,      3.00,      3.00,      3.00,0,0,0,1,1,1,U2 
H5,840,2017,411420,      6.00,      1.00,      3.00,      2.00,0,0,0,3,3,3,U2 
H5,840,2017,411510,      0.00,      0.00,      0.00,      0.00,0,1,0,0,1,1,U2 
H5,840,2017,411520,      0.00,      0.00,      0.00,      0.00,0,1,0,0,1,1,U2 
H5,840,2017,420100,      4.00,      2.00,      2.00,      2.00,0,0,0,2,2,2,U2 
H5,840,2017,420211,      8.00,      8.00,      8.00,      8.00,0,0,0,1,1,1,U2 
H5,840,2017,420212,     85.00,      5.00,     20.00,     14.17,0,0,0,6,6,6,U2 
H5,840,2017,420219,     20.00,     20.00,     20.00,     20.00,0,0,0,1,1,1,U2 
H5,840,2017,420221,     24.00,      5.00,     10.00,      8.00,0,0,0,3,3,3,U2 
H5,840,2017,420222,     83.00,      5.00,     17.00,     10.38,0,0,0,8,8,8,U2 
H5,840,2017,420229,     35.00,      3.00,     20.00,      8.75,0,0,0,4,4,4,U2 
H5,840,2017,420231,     11.00,      3.00,      8.00,      5.50,0,0,0,2,2,2,U2 
H5,840,2017,420232,     87.15,      0.00,     20.00,     10.89,0,1,1,6,8,8,U2 
H5,840,2017,420239,     35.00,      3.00,     20.00,      8.75,0,0,0,4,4,4,U2 
H5,840,2017,420291,      8.00,      4.00,      4.00,      4.00,0,0,0,2,2,2,U2 
H5,840,2017,420292,    177.00,      3.00,     20.00,     11.80,0,0,0,15,15,15,U2 
H5,840,2017,420299,     34.00,      0.00,     20.00,      6.80,0,1,0,4,5,5,U2 
H5,840,2017,420310,     10.00,      4.00,      6.00,      5.00,0,0,0,2,2,2,U2 
H5,840,2017,420321,     15.00,      0.00,      5.00,      2.50,0,2,0,4,6,6,U2 
H5,840,2017,420329,    104.00,     12.00,     14.00,     13.00,0,0,0,8,8,8,U2 
H5,840,2017,420330,      2.00,      2.00,      2.00,      2.00,0,0,0,1,1,1,U2 
H5,840,2017,420340,      4.00,      0.00,      4.00,      2.00,0,1,0,1,2,2,U2 
H5,840,2017,420500,      7.00,      0.00,      4.00,      1.17,0,3,0,3,6,6,U2 
H5,840,2017,420600,      6.00,      0.00,      3.00,      2.00,0,1,0,2,3,3,U2 
H5,840,2017,430110,      0.00,      0.00,      0.00,      0.00,0,1,0,0,1,1,U2 
H5,840,2017,430130,      0.00,      0.00,      0.00,      0.00,0,1,0,0,1,1,U2 
H5,840,2017,430160,      5.00,      0.00,      5.00,      2.50,0,1,0,1,2,2,U2 
H5,840,2017,430180,      0.00,      0.00,      0.00,      0.00,0,1,0,0,1,1,U2 
H5,840,2017,430190,      0.00,      0.00,      0.00,      0.00,0,1,0,0,1,1,U2 
H5,840,2017,430211,      2.00,      2.00,      2.00,      2.00,0,0,0,1,1,1,U2 
H5,840,2017,430219,     16.00,      1.00,      5.00,      2.29,0,0,0,7,7,7,U2 
H5,840,2017,430220,      6.00,      1.00,      3.00,      2.00,0,0,0,3,3,3,U2 
H5,840,2017,430230,      5.00,      5.00,      5.00,      5.00,0,0,0,1,1,1,U2 
H5,840,2017,430310,      4.00,      4.00,      4.00,      4.00,0,0,0,1,1,1,U2 
H5,840,2017,430390,      0.00,      0.00,      0.00,      0.00,0,1,0,0,1,1,U2 
H5,840,2017,430400,      6.00,      6.00,      6.00,      6.00,0,0,0,1,1,1,U2 
H5,840,2017,440111,,,,,1,0,0,0,0,1,U2 
H5,840,2017,440112,,,,,1,0,0,0,0,1,U2 
H5,840,2017,440121,      0.00,      0.00,      0.00,      0.00,0,1,0,0,1,1,U2 
H5,840,2017,440122,      0.00,      0.00,      0.00,      0.00,0,1,0,0,1,1,U2 
H5,840,2017,440131,      0.00,      0.00,      0.00,      0.00,0,1,0,0,1,1,U2 
H5,840,2017,440139,      0.00,      0.00,      0.00,      0.00,0,2,0,0,2,2,U2 
H5,840,2017,440140,,,,,1,0,0,0,0,1,U2 
H5,840,2017,440210,      0.00,      0.00,      0.00,      0.00,0,1,0,0,1,1,U2 
H5,840,2017,440290,      0.00,      0.00,      0.00,      0.00,0,1,0,0,1,1,U2 
H5,840,2017,440311,,,,,1,0,0,0,0,1,U2 
H5,840,2017,440312,,,,,1,0,0,0,0,1,U2 
H5,840,2017,440321,,,,,1,0,0,0,0,1,U2 
H5,840,2017,440322,,,,,1,0,0,0,0,1,U2 
H5,840,2017,440323,,,,,1,0,0,0,0,1,U2 
H5,840,2017,440324,,,,,1,0,0,0,0,1,U2 
H5,840,2017,440325,,,,,1,0,0,0,0,1,U2 
H5,840,2017,440326,,,,,1,0,0,0,0,1,U2 
H5,840,2017,440341,      0.00,      0.00,      0.00,      0.00,0,1,0,0,1,1,U2 
H5,840,2017,440349,      0.00,      0.00,      0.00,      0.00,0,1,0,0,1,1,U2 
H5,840,2017,440391,      0.00,      0.00,      0.00,      0.00,0,1,0,0,1,1,U2 
H5,840,2017,440393,,,,,1,0,0,0,0,1,U2 
H5,840,2017,440394,,,,,1,0,0,0,0,1,U2 
H5,840,2017,440395,,,,,1,0,0,0,0,1,U2 
H5,840,2017,440396,,,,,1,0,0,0,0,1,U2 
H5,840,2017,440397,,,,,1,0,0,0,0,1,U2 
H5,840,2017,440398,,,,,1,0,0,0,0,1,U2 
H5,840,2017,440399,      0.00,      0.00,      0.00,      0.00,0,1,0,0,1,1,U2 
H5,840,2017,440410,      0.00,      0.00,      0.00,      0.00,0,1,0,0,1,1,U2 
H5,840,2017,440420,      0.00,      0.00,      0.00,      0.00,0,1,0,0,1,1,U2 
H5,840,2017,440500,      3.00,      3.00,      3.00,      3.00,0,0,0,1,1,1,U2 
H5,840,2017,440611,,,,,1,0,0,0,0,1,U2 
H5,840,2017,440612,,,,,1,0,0,0,0,1,U2 
H5,840,2017,440691,,,,,1,0,0,0,0,1,U2 
H5,840,2017,440692,,,,,1,0,0,0,0,1,U2 
H5,840,2017,440711,,,,,1,0,0,0,0,1,U2 
H5,840,2017,440712,,,,,1,0,0,0,0,1,U2 
H5,840,2017,440719,,,,,1,0,0,0,0,1,U2 
H5,840,2017,440721,      0.00,      0.00,      0.00,      0.00,0,1,0,0,1,1,U2 
H5,840,2017,440722,      0.00,      0.00,      0.00,      0.00,0,1,0,0,1,1,U2 
H5,840,2017,440725,      0.00,      0.00,      0.00,      0.00,0,1,0,0,1,1,U2 
H5,840,2017,440726,      0.00,      0.00,      0.00,      0.00,0,1,0,0,1,1,U2 
H5,840,2017,440727,      0.00,      0.00,      0.00,      0.00,0,1,0,0,1,1,U2 
H5,840,2017,440728,      0.00,      0.00,      0.00,      0.00,0,1,0,0,1,1,U2 
H5,840,2017,440729,      0.00,      0.00,      0.00,      0.00,0,1,0,0,1,1,U2 
H5,840,2017,440791,      0.00,      0.00,      0.00,      0.00,0,1,0,0,1,1,U2 
H5,840,2017,440792,      0.00,      0.00,      0.00,      0.00,0,1,0,0,1,1,U2 
H5,840,2017,440793,      0.00,      0.00,      0.00,      0.00,0,1,0,0,1,1,U2 
H5,840,2017,440794,      0.00,      0.00,      0.00,      0.00,0,1,0,0,1,1,U2 
H5,840,2017,440795,      0.00,      0.00,      0.00,      0.00,0,1,0,0,1,1,U2 
H5,840,2017,440796,,,,,1,0,0,0,0,1,U2 
H5,840,2017,440797,,,,,1,0,0,0,0,1,U2 
H5,840,2017,440799,      0.00,      0.00,      0.00,      0.00,0,1,0,0,1,1,U2 
H5,840,2017,440810,      0.00,      0.00,      0.00,      0.00,0,1,0,0,1,1,U2 
H5,840,2017,440831,      0.00,      0.00,      0.00,      0.00,0,1,0,0,1,1,U2 
H5,840,2017,440839,      0.00,      0.00,      0.00,      0.00,0,1,0,0,1,1,U2 
H5,840,2017,440890,      0.00,      0.00,      0.00,      0.00,0,1,0,0,1,1,U2 
H5,840,2017,440910,      7.00,      0.00,      4.00,      0.78,0,7,0,2,9,9,U2 
H5,840,2017,440921,      3.00,      0.00,      3.00,      1.50,0,1,0,1,2,2,U2 
H5,840,2017,440922,      7.00,      0.00,      4.00,      0.88,0,6,0,2,8,8,U2 
H5,840,2017,440929,      7.00,      0.00,      4.00,      0.88,0,6,0,2,8,8,U2 
H5,840,2017,441011,      0.00,      0.00,      0.00,      0.00,0,1,0,0,1,1,U2 
H5,840,2017,441012,      0.00,      0.00,      0.00,      0.00,0,1,0,0,1,1,U2 
H5,840,2017,441019,      0.00,      0.00,      0.00,      0.00,0,1,0,0,1,1,U2 
H5,840,2017,441090,      0.00,      0.00,      0.00,      0.00,0,1,0,0,1,1,U2 
H5,840,2017,441112,      8.07,      0.00,      5.07,      1.61,0,3,1,1,5,5,U2 
H5,840,2017,441113,      7.44,      0.00,      4.44,      1.49,0,3,1,1,5,5,U2 
H5,840,2017,441114,      7.55,      0.00,      4.55,      1.51,0,3,1,1,5,5,U2 
H5,840,2017,441192,      6.00,      0.00,      6.00,      1.50,0,3,0,1,4,4,U2 
H5,840,2017,441193,     20.01,      0.00,     17.01,      4.00,0,3,1,1,5,5,U2 
H5,840,2017,441194,      0.00,      0.00,      0.00,      0.00,0,1,0,0,1,1,U2 
H5,840,2017,441210,      8.00,      0.00,      8.00,      4.00,0,1,0,1,2,2,U2 
H5,840,2017,441231,     40.00,      0.00,      8.00,      6.67,0,1,0,5,6,6,U2 
H5,840,2017,441233,,,,,1,0,0,0,0,1,U2 
H5,840,2017,441234,,,,,1,0,0,0,0,1,U2 
H5,840,2017,441239,     16.00,      0.00,      8.00,      4.00,0,1,0,3,4,4,U2 
H5,840,2017,441294,     32.00,      0.00,      8.00,      3.56,0,4,0,5,9,9,U2 
H5,840,2017,441299,     32.00,      0.00,      8.00,      2.91,0,6,0,5,11,11,U2 
H5,840,2017,441300,      3.00,      3.00,      3.00,      3.00,0,0,0,1,1,1,U2 
H5,840,2017,441400,      3.00,      3.00,      3.00,      3.00,0,0,0,1,1,1,U2 
H5,840,2017,441510,     10.00,      0.00,     10.00,      3.33,0,2,0,1,3,3,U2 
H5,840,2017,441520,     10.00,      0.00,     10.00,      5.00,0,1,0,1,2,2,U2 
H5,840,2017,441600,      3.00,      0.00,      3.00,      1.00,0,2,0,1,3,3,U2 
H5,840,2017,441700,      5.00,      0.00,      5.00,      1.25,0,3,0,1,4,4,U2 
H5,840,2017,441810,      3.00,      3.00,      3.00,      3.00,0,0,0,1,1,1,U2 
H5,840,2017,441820,      8.00,      4.00,      4.00,      4.00,0,0,0,2,2,2,U2 
H5,840,2017,441840,      3.00,      3.00,      3.00,      3.00,0,0,0,1,1,1,U2 
H5,840,2017,441850,      0.00,      0.00,      0.00,      0.00,0,1,0,0,1,1,U2 
H5,840,2017,441860,      3.00,      3.00,      3.00,      3.00,0,0,0,1,1,1,U2 
H5,840,2017,441873,     19.00,      0.00,      8.00,      2.71,0,3,0,4,7,7,U2 
H5,840,2017,441874,      8.00,      0.00,      8.00,      2.67,0,2,0,1,3,3,U2 
H5,840,2017,441875,      8.00,      3.00,      5.00,      4.00,0,0,0,2,2,2,U2 
H5,840,2017,441879,      3.00,      3.00,      3.00,      3.00,0,0,0,1,1,1,U2 
H5,840,2017,441891,      3.00,      0.00,      3.00,      1.50,0,1,0,1,2,2,U2 
H5,840,2017,441899,      3.00,      0.00,      3.00,      1.50,0,1,0,1,2,2,U2 
H5,840,2017,441911,      3.00,      3.00,      3.00,      3.00,0,0,0,1,1,1,U2 
H5,840,2017,441912,      3.00,      3.00,      3.00,      3.00,0,0,0,1,1,1,U2 
H5,840,2017,441919,      8.00,      3.00,      5.00,      4.00,0,0,0,2,2,2,U2 
H5,840,2017,441990,      8.00,      3.00,      5.00,      4.00,0,0,0,2,2,2,U2 
H5,840,2017,442010,      3.00,      3.00,      3.00,      3.00,0,0,0,1,1,1,U2 
H5,840,2017,442090,      7.00,      0.00,      4.00,      1.75,0,2,0,2,4,4,U2 
H5,840,2017,442110,      3.00,      3.00,      3.00,      3.00,0,0,0,1,1,1,U2 
H5,840,2017,442191,     33.48,      0.00,     10.00,      2.58,0,6,1,6,13,13,U2 
H5,840,2017,442199,     34.59,      0.00,     10.00,      2.47,0,7,1,6,14,14,U2 
H5,840,2017,450110,      0.00,      0.00,      0.00,      0.00,0,1,0,0,1,1,U2 
H5,840,2017,450190,      0.00,      0.00,      0.00,      0.00,0,2,0,0,2,2,U2 
H5,840,2017,450200,      0.00,      0.00,      0.00,      0.00,0,1,0,0,1,1,U2 
H5,840,2017,450310,      0.00,      0.00,      0.00,      0.00,0,4,0,0,4,4,U2 
H5,840,2017,450390,     14.00,      0.00,     14.00,      4.67,0,2,0,1,3,3,U2 
H5,840,2017,450410,      0.00,      0.00,      0.00,      0.00,0,7,0,0,7,7,U2 
H5,840,2017,450490,      0.00,      0.00,      0.00,      0.00,0,1,0,0,1,1,U2 
H5,840,2017,460121,     11.00,      0.00,      8.00,      3.67,0,1,0,2,3,3,U2 
H5,840,2017,460122,     11.00,      0.00,      8.00,      3.67,0,1,0,2,3,3,U2 
H5,840,2017,460129,     15.00,      0.00,      8.00,      3.75,0,1,0,3,4,4,U2 
H5,840,2017,460192,      8.00,      2.00,      6.00,      4.00,0,0,0,2,2,2,U2 
H5,840,2017,460193,      8.00,      0.00,      6.00,      2.67,0,1,0,2,3,3,U2 
H5,840,2017,460194,      8.00,      0.00,      6.00,      2.67,0,1,0,2,3,3,U2 
H5,840,2017,460199,      5.00,      2.00,      3.00,      2.50,0,0,0,2,2,2,U2 
H5,840,2017,460211,     27.00,      0.00,     10.00,      4.50,0,2,0,4,6,6,U2 
H5,840,2017,460212,     43.00,      0.00,     18.00,      6.14,0,2,0,5,7,7,U2 
H5,840,2017,460219,     64.00,      0.00,     18.00,      4.57,0,4,0,10,14,14,U2 
H5,840,2017,460290,      3.00,      3.00,      3.00,      3.00,0,0,0,1,1,1,U2 
H5,840,2017,470100,      0.00,      0.00,      0.00,      0.00,0,1,0,0,1,1,U2 
H5,840,2017,470200,      0.00,      0.00,      0.00,      0.00,0,1,0,0,1,1,U2 
H5,840,2017,470311,      0.00,      0.00,      0.00,      0.00,0,1,0,0,1,1,U2 
H5,840,2017,470319,      0.00,      0.00,      0.00,      0.00,0,1,0,0,1,1,U2 
H5,840,2017,470321,      0.00,      0.00,      0.00,      0.00,0,1,0,0,1,1,U2 
H5,840,2017,470329,      0.00,      0.00,      0.00,      0.00,0,1,0,0,1,1,U2 
H5,840,2017,470411,      0.00,      0.00,      0.00,      0.00,0,1,0,0,1,1,U2 
H5,840,2017,470419,      0.00,      0.00,      0.00,      0.00,0,1,0,0,1,1,U2 
H5,840,2017,470421,      0.00,      0.00,      0.00,      0.00,0,1,0,0,1,1,U2 
H5,840,2017,470429,      0.00,      0.00,      0.00,      0.00,0,1,0,0,1,1,U2 
H5,840,2017,470500,      0.00,      0.00,      0.00,      0.00,0,1,0,0,1,1,U2 
H5,840,2017,470610,      0.00,      0.00,      0.00,      0.00,0,1,0,0,1,1,U2 
H5,840,2017,470620,      0.00,      0.00,      0.00,      0.00,0,1,0,0,1,1,U2 
H5,840,2017,470630,      0.00,      0.00,      0.00,      0.00,0,1,0,0,1,1,U2 
H5,840,2017,470691,      0.00,      0.00,      0.00,      0.00,0,1,0,0,1,1,U2 
H5,840,2017,470692,      0.00,      0.00,      0.00,      0.00,0,1,0,0,1,1,U2 
H5,840,2017,470693,      0.00,      0.00,      0.00,      0.00,0,1,0,0,1,1,U2 
H5,840,2017,470710,      0.00,      0.00,      0.00,      0.00,0,1,0,0,1,1,U2 
H5,840,2017,470720,      0.00,      0.00,      0.00,      0.00,0,1,0,0,1,1,U2 
H5,840,2017,470730,      0.00,      0.00,      0.00,      0.00,0,1,0,0,1,1,U2 
H5,840,2017,470790,      0.00,      0.00,      0.00,      0.00,0,1,0,0,1,1,U2 
H5,840,2017,480100,      0.00,      0.00,      0.00,      0.00,0,1,0,0,1,1,U2 
H5,840,2017,480210,      0.00,      0.00,      0.00,      0.00,0,1,0,0,1,1,U2 
H5,840,2017,480220,      0.00,      0.00,      0.00,      0.00,0,3,0,0,3,3,U2 
H5,840,2017,480240,      0.00,      0.00,      0.00,      0.00,0,1,0,0,1,1,U2 
H5,840,2017,480254,      0.00,      0.00,      0.00,      0.00,0,5,0,0,5,5,U2 
H5,840,2017,480255,      0.00,      0.00,      0.00,      0.00,0,6,0,0,6,6,U2 
H5,840,2017,480256,      0.00,      0.00,      0.00,      0.00,0,6,0,0,6,6,U2 
H5,840,2017,480257,      0.00,      0.00,      0.00,      0.00,0,4,0,0,4,4,U2 
H5,840,2017,480258,      0.00,      0.00,      0.00,      0.00,0,4,0,0,4,4,U2 
H5,840,2017,480261,      0.00,      0.00,      0.00,      0.00,0,5,0,0,5,5,U2 
H5,840,2017,480262,      0.00,      0.00,      0.00,      0.00,0,5,0,0,5,5,U2 
H5,840,2017,480269,      0.00,      0.00,      0.00,      0.00,0,3,0,0,3,3,U2 
H5,840,2017,480300,      0.00,      0.00,      0.00,      0.00,0,2,0,0,2,2,U2 
H5,840,2017,480411,      0.00,      0.00,      0.00,      0.00,0,1,0,0,1,1,U2 
H5,840,2017,480419,      0.00,      0.00,      0.00,      0.00,0,1,0,0,1,1,U2 
H5,840,2017,480421,      0.00,      0.00,      0.00,      0.00,0,1,0,0,1,1,U2 
H5,840,2017,480429,      0.00,      0.00,      0.00,      0.00,0,1,0,0,1,1,U2 
H5,840,2017,480431,      0.00,      0.00,      0.00,      0.00,0,4,0,0,4,4,U2 
H5,840,2017,480439,      0.00,      0.00,      0.00,      0.00,0,3,0,0,3,3,U2 
H5,840,2017,480441,      0.00,      0.00,      0.00,      0.00,0,2,0,0,2,2,U2 
H5,840,2017,480442,      0.00,      0.00,      0.00,      0.00,0,1,0,0,1,1,U2 
H5,840,2017,480449,      0.00,      0.00,      0.00,      0.00,0,1,0,0,1,1,U2 
H5,840,2017,480451,      0.00,      0.00,      0.00,      0.00,0,1,0,0,1,1,U2 
H5,840,2017,480452,      0.00,      0.00,      0.00,      0.00,0,1,0,0,1,1,U2 
H5,840,2017,480459,      0.00,      0.00,      0.00,      0.00,0,1,0,0,1,1,U2 
H5,840,2017,480511,      0.00,      0.00,      0.00,      0.00,0,1,0,0,1,1,U2 
H5,840,2017,480512,      0.00,      0.00,      0.00,      0.00,0,2,0,0,2,2,U2 
H5,840,2017,480519,      0.00,      0.00,      0.00,      0.00,0,2,0,0,2,2,U2 
H5,840,2017,480524,      0.00,      0.00,      0.00,      0.00,0,3,0,0,3,3,U2 
H5,840,2017,480525,      0.00,      0.00,      0.00,      0.00,0,1,0,0,1,1,U2 
H5,840,2017,480530,      0.00,      0.00,      0.00,      0.00,0,1,0,0,1,1,U2 
H5,840,2017,480540,      0.00,      0.00,      0.00,      0.00,0,1,0,0,1,1,U2 
H5,840,2017,480550,      0.00,      0.00,      0.00,      0.00,0,1,0,0,1,1,U2 
H5,840,2017,480591,      0.00,      0.00,      0.00,      0.00,0,5,0,0,5,5,U2 
H5,840,2017,480592,      0.00,      0.00,      0.00,      0.00,0,2,0,0,2,2,U2 
H5,840,2017,480593,      0.00,      0.00,      0.00,      0.00,0,2,0,0,2,2,U2 
H5,840,2017,480610,      0.00,      0.00,      0.00,      0.00,0,1,0,0,1,1,U2 
H5,840,2017,480620,      0.00,      0.00,      0.00,      0.00,0,1,0,0,1,1,U2 
H5,840,2017,480630,      0.00,      0.00,      0.00,      0.00,0,1,0,0,1,1,U2 
H5,840,2017,480640,      0.00,      0.00,      0.00,      0.00,0,1,0,0,1,1,U2 
H5,840,2017,480700,      0.00,      0.00,      0.00,      0.00,0,4,0,0,4,4,U2 
H5,840,2017,480810,      0.00,      0.00,      0.00,      0.00,0,1,0,0,1,1,U2 
H5,840,2017,480840,      0.00,      0.00,      0.00,      0.00,0,1,0,0,1,1,U2 
H5,840,2017,480890,      0.00,      0.00,      0.00,      0.00,0,3,0,0,3,3,U2 
H5,840,2017,480920,      0.00,      0.00,      0.00,      0.00,0,2,0,0,2,2,U2 
H5,840,2017,480990,      0.00,      0.00,      0.00,      0.00,0,5,0,0,5,5,U2 
H5,840,2017,481013,      0.00,      0.00,      0.00,      0.00,0,7,0,0,7,7,U2 
H5,840,2017,481014,      0.00,      0.00,      0.00,      0.00,0,7,0,0,7,7,U2 
H5,840,2017,481019,      0.00,      0.00,      0.00,      0.00,0,4,0,0,4,4,U2 
H5,840,2017,481022,      0.00,      0.00,      0.00,      0.00,0,4,0,0,4,4,U2 
H5,840,2017,481029,      0.00,      0.00,      0.00,      0.00,0,4,0,0,4,4,U2 
H5,840,2017,481031,      0.00,      0.00,      0.00,      0.00,0,3,0,0,3,3,U2 
H5,840,2017,481032,      0.00,      0.00,      0.00,      0.00,0,3,0,0,3,3,U2 
H5,840,2017,481039,      0.00,      0.00,      0.00,      0.00,0,4,0,0,4,4,U2 
H5,840,2017,481092,      0.00,      0.00,      0.00,      0.00,0,4,0,0,4,4,U2 
H5,840,2017,481099,      0.00,      0.00,      0.00,      0.00,0,3,0,0,3,3,U2 
H5,840,2017,481110,      0.00,      0.00,      0.00,      0.00,0,2,0,0,2,2,U2 
H5,840,2017,481141,      0.00,      0.00,      0.00,      0.00,0,3,0,0,3,3,U2 
H5,840,2017,481149,      0.00,      0.00,      0.00,      0.00,0,3,0,0,3,3,U2 
H5,840,2017,481151,      0.00,      0.00,      0.00,      0.00,0,3,0,0,3,3,U2 
H5,840,2017,481159,      0.00,      0.00,      0.00,      0.00,0,3,0,0,3,3,U2 
H5,840,2017,481160,      0.00,      0.00,      0.00,      0.00,0,2,0,0,2,2,U2 
H5,840,2017,481190,      0.00,      0.00,      0.00,      0.00,0,7,0,0,7,7,U2 
H5,840,2017,481200,      0.00,      0.00,      0.00,      0.00,0,1,0,0,1,1,U2 
H5,840,2017,481310,      0.00,      0.00,      0.00,      0.00,0,1,0,0,1,1,U2 
H5,840,2017,481320,      0.00,      0.00,      0.00,      0.00,0,1,0,0,1,1,U2 
H5,840,2017,481390,      0.00,      0.00,      0.00,      0.00,0,1,0,0,1,1,U2 
H5,840,2017,481420,      0.00,      0.00,      0.00,      0.00,0,1,0,0,1,1,U2 
H5,840,2017,481490,      0.00,      0.00,      0.00,      0.00,0,1,0,0,1,1,U2 
H5,840,2017,481620,      0.00,      0.00,      0.00,      0.00,0,1,0,0,1,1,U2 
H5,840,2017,481690,      0.00,      0.00,      0.00,      0.00,0,1,0,0,1,1,U2 
H5,840,2017,481710,      0.00,      0.00,      0.00,      0.00,0,1,0,0,1,1,U2 
H5,840,2017,481720,      0.00,      0.00,      0.00,      0.00,0,2,0,0,2,2,U2 
H5,840,2017,481730,      0.00,      0.00,      0.00,      0.00,0,1,0,0,1,1,U2 
H5,840,2017,481810,      0.00,      0.00,      0.00,      0.00,0,1,0,0,1,1,U2 
H5,840,2017,481820,      0.00,      0.00,      0.00,      0.00,0,1,0,0,1,1,U2 
H5,840,2017,481830,      0.00,      0.00,      0.00,      0.00,0,1,0,0,1,1,U2 
H5,840,2017,481850,      0.00,      0.00,      0.00,      0.00,0,1,0,0,1,1,U2 
H5,840,2017,481890,      0.00,      0.00,      0.00,      0.00,0,1,0,0,1,1,U2 
H5,840,2017,481910,      0.00,      0.00,      0.00,      0.00,0,1,0,0,1,1,U2 
H5,840,2017,481920,      0.00,      0.00,      0.00,      0.00,0,1,0,0,1,1,U2 
H5,840,2017,481930,      0.00,      0.00,      0.00,      0.00,0,1,0,0,1,1,U2 
H5,840,2017,481940,      0.00,      0.00,      0.00,      0.00,0,1,0,0,1,1,U2 
H5,840,2017,481950,      0.00,      0.00,      0.00,      0.00,0,3,0,0,3,3,U2 
H5,840,2017,481960,      0.00,      0.00,      0.00,      0.00,0,1,0,0,1,1,U2 
H5,840,2017,482010,      0.00,      0.00,      0.00,      0.00,0,2,0,0,2,2,U2 
H5,840,2017,482020,      0.00,      0.00,      0.00,      0.00,0,1,0,0,1,1,U2 
H5,840,2017,482030,      0.00,      0.00,      0.00,      0.00,0,1,0,0,1,1,U2 
H5,840,2017,482040,      0.00,      0.00,      0.00,      0.00,0,1,0,0,1,1,U2 
H5,840,2017,482050,      0.00,      0.00,      0.00,      0.00,0,1,0,0,1,1,U2 
H5,840,2017,482090,      0.00,      0.00,      0.00,      0.00,0,1,0,0,1,1,U2 
H5,840,2017,482110,      0.00,      0.00,      0.00,      0.00,0,2,0,0,2,2,U2 
H5,840,2017,482190,      0.00,      0.00,      0.00,      0.00,0,2,0,0,2,2,U2 
H5,840,2017,482210,      0.00,      0.00,      0.00,      0.00,0,1,0,0,1,1,U2 
H5,840,2017,482290,      0.00,      0.00,      0.00,      0.00,0,1,0,0,1,1,U2 
H5,840,2017,482320,      0.00,      0.00,      0.00,      0.00,0,2,0,0,2,2,U2 
H5,840,2017,482340,      0.00,      0.00,      0.00,      0.00,0,1,0,0,1,1,U2 
H5,840,2017,482361,      0.00,      0.00,      0.00,      0.00,0,1,0,0,1,1,U2 
H5,840,2017,482369,      0.00,      0.00,      0.00,      0.00,0,1,0,0,1,1,U2 
H5,840,2017,482370,      0.00,      0.00,      0.00,      0.00,0,1,0,0,1,1,U2 
H5,840,2017,482390,      0.00,      0.00,      0.00,      0.00,0,10,0,0,10,10,U2 
H5,840,2017,490110,      0.00,      0.00,      0.00,      0.00,0,1,0,0,1,1,U2 
H5,840,2017,490191,      0.00,      0.00,      0.00,      0.00,0,1,0,0,1,1,U2 
H5,840,2017,490199,      0.00,      0.00,      0.00,      0.00,0,1,0,0,1,1,U2 
H5,840,2017,490210,      0.00,      0.00,      0.00,      0.00,0,1,0,0,1,1,U2 
H5,840,2017,490290,      0.00,      0.00,      0.00,      0.00,0,2,0,0,2,2,U2 
H5,840,2017,490300,      0.00,      0.00,      0.00,      0.00,0,1,0,0,1,1,U2 
H5,840,2017,490400,      0.00,      0.00,      0.00,      0.00,0,1,0,0,1,1,U2 
H5,840,2017,490510,      0.00,      0.00,      0.00,      0.00,0,1,0,0,1,1,U2 
H5,840,2017,490591,      0.00,      0.00,      0.00,      0.00,0,1,0,0,1,1,U2 
H5,840,2017,490599,      0.00,      0.00,      0.00,      0.00,0,1,0,0,1,1,U2 
H5,840,2017,490600,      0.00,      0.00,      0.00,      0.00,0,1,0,0,1,1,U2 
H5,840,2017,490700,      0.00,      0.00,      0.00,      0.00,0,1,0,0,1,1,U2 
H5,840,2017,490810,      0.00,      0.00,      0.00,      0.00,0,1,0,0,1,1,U2 
H5,840,2017,490890,      0.00,      0.00,      0.00,      0.00,0,1,0,0,1,1,U2 
H5,840,2017,490900,      0.00,      0.00,      0.00,      0.00,0,2,0,0,2,2,U2 
H5,840,2017,491000,      0.00,      0.00,      0.00,      0.00,0,3,0,0,3,3,U2 
H5,840,2017,491110,      0.00,      0.00,      0.00,      0.00,0,1,0,0,1,1,U2 
H5,840,2017,491191,      0.00,      0.00,      0.00,      0.00,0,5,0,0,5,5,U2 
H5,840,2017,491199,      0.00,      0.00,      0.00,      0.00,0,3,0,0,3,3,U2 
H5,840,2017,500100,      0.00,      0.00,      0.00,      0.00,0,1,0,0,1,1,U2 
H5,840,2017,500200,      0.00,      0.00,      0.00,      0.00,0,1,0,0,1,1,U2 
H5,840,2017,500300,      2.00,      0.00,      2.00,      1.00,0,1,0,1,2,2,U2 
H5,840,2017,500400,      0.00,      0.00,      0.00,      0.00,0,1,0,0,1,1,U2 
H5,840,2017,500500,      0.00,      0.00,      0.00,      0.00,0,1,0,0,1,1,U2 
H5,840,2017,500600,      0.00,      0.00,      0.00,      0.00,0,2,0,0,2,2,U2 
H5,840,2017,500710,      3.80,      0.80,      3.00,      1.90,0,0,0,2,2,2,U2 
H5,840,2017,500720,      0.00,      0.00,      0.00,      0.00,0,1,0,0,1,1,U2 
H5,840,2017,500790,      3.80,      0.80,      3.00,      1.90,0,0,0,2,2,2,U2 
H5,840,2017,510111,      2.47,      0.00,      2.47,      0.49,0,4,1,0,5,5,U2 
H5,840,2017,510119,      4.05,      0.00,      4.05,      0.81,0,4,1,0,5,5,U2 
H5,840,2017,510121,     13.61,      0.00,      7.29,      1.94,0,5,2,0,7,7,U2 
H5,840,2017,510129,     17.52,      0.00,      9.29,      2.50,0,5,2,0,7,7,U2 
H5,840,2017,510130,      8.64,      0.00,      6.00,      1.44,0,4,2,0,6,6,U2 
H5,840,2017,510211,      4.09,      0.04,      4.04,      2.04,0,0,2,0,2,2,U2 
H5,840,2017,510219,      5.04,      0.00,      4.32,      1.26,0,1,2,1,4,4,U2 
H5,840,2017,510220,      0.00,      0.00,      0.00,      0.00,0,1,0,0,1,1,U2 
H5,840,2017,510310,      0.50,      0.50,      0.50,      0.50,0,0,1,0,1,1,U2 
H5,840,2017,510320,      0.92,      0.92,      0.92,      0.92,0,0,1,0,1,1,U2 
H5,840,2017,510330,      7.00,      7.00,      7.00,      7.00,0,0,0,1,1,1,U2 
H5,840,2017,510400,      0.00,      0.00,      0.00,      0.00,0,1,0,0,1,1,U2 
H5,840,2017,510510,      6.24,      6.24,      6.24,      6.24,0,0,1,0,1,1,U2 
H5,840,2017,510521,      3.44,      3.44,      3.44,      3.44,0,0,1,0,1,1,U2 
H5,840,2017,510529,      3.47,      3.47,      3.47,      3.47,0,0,1,0,1,1,U2 
H5,840,2017,510531,      5.59,      5.59,      5.59,      5.59,0,0,1,0,1,1,U2 
H5,840,2017,510539,      5.89,      5.89,      5.89,      5.89,0,0,1,0,1,1,U2 
H5,840,2017,510540,      0.00,      0.00,      0.00,      0.00,0,1,0,0,1,1,U2 
H5,840,2017,510610,      6.00,      6.00,      6.00,      6.00,0,0,0,1,1,1,U2 
H5,840,2017,510620,      6.00,      6.00,      6.00,      6.00,0,0,0,1,1,1,U2 
H5,840,2017,510710,     12.00,      6.00,      6.00,      6.00,0,0,0,2,2,2,U2 
H5,840,2017,510720,     12.00,      6.00,      6.00,      6.00,0,0,0,2,2,2,U2 
H5,840,2017,510810,     12.00,      4.00,      4.00,      4.00,0,0,0,3,3,3,U2 
H5,840,2017,510820,     12.00,      4.00,      4.00,      4.00,0,0,0,3,3,3,U2 
H5,840,2017,510910,     16.00,      0.00,      6.00,      4.00,0,1,0,3,4,4,U2 
H5,840,2017,510990,     16.00,      0.00,      6.00,      4.00,0,1,0,3,4,4,U2 
H5,840,2017,511000,      0.00,      0.00,      0.00,      0.00,0,1,0,0,1,1,U2 
H5,840,2017,511111,     42.00,      7.00,     25.00,     14.00,0,0,0,3,3,3,U2 
H5,840,2017,511119,     42.00,      7.00,     25.00,     14.00,0,0,0,3,3,3,U2 
H5,840,2017,511120,     39.00,      7.00,     25.00,     13.00,0,0,0,3,3,3,U2 
H5,840,2017,511130,     39.00,      7.00,     25.00,     13.00,0,0,0,3,3,3,U2 
H5,840,2017,511190,     45.00,      6.00,     25.00,     11.25,0,0,0,4,4,4,U2 
H5,840,2017,511211,     57.00,      7.00,     25.00,     19.00,0,0,0,3,3,3,U2 
H5,840,2017,511219,     57.00,      7.00,     25.00,     19.00,0,0,0,3,3,3,U2 
H5,840,2017,511220,     39.00,      7.00,     25.00,     13.00,0,0,0,3,3,3,U2 
H5,840,2017,511230,     39.00,      7.00,     25.00,     13.00,0,0,0,3,3,3,U2 
H5,840,2017,511290,     45.00,      6.00,     25.00,     11.25,0,0,0,4,4,4,U2 
H5,840,2017,511300,      2.00,      2.00,      2.00,      2.00,0,0,0,1,1,1,U2 
H5,840,2017,520100,     79.84,      0.00,     17.68,      6.65,0,3,9,0,12,12,U2 
H5,840,2017,520210,      0.00,      0.00,      0.00,      0.00,0,1,0,0,1,1,U2 
H5,840,2017,520291,      4.00,      4.00,      4.00,      4.00,0,0,0,1,1,1,U2 
H5,840,2017,520299,      7.03,      0.00,      7.03,      1.76,0,3,1,0,4,4,U2 
H5,840,2017,520300,     30.80,      4.00,     16.80,      7.70,0,0,1,3,4,4,U2 
H5,840,2017,520411,      4.00,      4.00,      4.00,      4.00,0,0,0,1,1,1,U2 
H5,840,2017,520419,      4.00,      4.00,      4.00,      4.00,0,0,0,1,1,1,U2 
H5,840,2017,520420,      4.00,      4.00,      4.00,      4.00,0,0,0,1,1,1,U2 
H5,840,2017,520511,      8.00,      3.00,      5.00,      4.00,0,0,0,2,2,2,U2 
H5,840,2017,520512,     11.00,      5.00,      6.00,      5.50,0,0,0,2,2,2,U2 
H5,840,2017,520513,     13.00,      6.00,      7.00,      6.50,0,0,0,2,2,2,U2 
H5,840,2017,520514,     15.00,      7.00,      8.00,      7.50,0,0,0,2,2,2,U2 
H5,840,2017,520515,     21.00,      9.00,     12.00,     10.50,0,0,0,2,2,2,U2 
H5,840,2017,520521,      5.00,      5.00,      5.00,      5.00,0,0,0,1,1,1,U2 
H5,840,2017,520522,      7.00,      7.00,      7.00,      7.00,0,0,0,1,1,1,U2 
H5,840,2017,520523,      8.00,      8.00,      8.00,      8.00,0,0,0,1,1,1,U2 
H5,840,2017,520524,      9.00,      9.00,      9.00,      9.00,0,0,0,1,1,1,U2 
H5,840,2017,520526,     12.00,     12.00,     12.00,     12.00,0,0,0,1,1,1,U2 
H5,840,2017,520527,     12.00,     12.00,     12.00,     12.00,0,0,0,1,1,1,U2 
H5,840,2017,520528,     12.00,     12.00,     12.00,     12.00,0,0,0,1,1,1,U2 
H5,840,2017,520531,      5.00,      5.00,      5.00,      5.00,0,0,0,1,1,1,U2 
H5,840,2017,520532,      7.00,      7.00,      7.00,      7.00,0,0,0,1,1,1,U2 
H5,840,2017,520533,      8.00,      8.00,      8.00,      8.00,0,0,0,1,1,1,U2 
H5,840,2017,520534,      9.00,      9.00,      9.00,      9.00,0,0,0,1,1,1,U2 
H5,840,2017,520535,     12.00,     12.00,     12.00,     12.00,0,0,0,1,1,1,U2 
H5,840,2017,520541,      5.00,      5.00,      5.00,      5.00,0,0,0,1,1,1,U2 
H5,840,2017,520542,      6.00,      6.00,      6.00,      6.00,0,0,0,1,1,1,U2 
H5,840,2017,520543,      8.00,      8.00,      8.00,      8.00,0,0,0,1,1,1,U2 
H5,840,2017,520544,      9.00,      9.00,      9.00,      9.00,0,0,0,1,1,1,U2 
H5,840,2017,520546,     12.00,     12.00,     12.00,     12.00,0,0,0,1,1,1,U2 
H5,840,2017,520547,     12.00,     12.00,     12.00,     12.00,0,0,0,1,1,1,U2 
H5,840,2017,520548,     12.00,     12.00,     12.00,     12.00,0,0,0,1,1,1,U2 
H5,840,2017,520611,      9.00,      9.00,      9.00,      9.00,0,0,0,1,1,1,U2 
H5,840,2017,520612,      9.00,      9.00,      9.00,      9.00,0,0,0,1,1,1,U2 
H5,840,2017,520613,      9.00,      9.00,      9.00,      9.00,0,0,0,1,1,1,U2 
H5,840,2017,520614,      9.00,      9.00,      9.00,      9.00,0,0,0,1,1,1,U2 
H5,840,2017,520615,      9.00,      9.00,      9.00,      9.00,0,0,0,1,1,1,U2 
H5,840,2017,520621,      9.00,      9.00,      9.00,      9.00,0,0,0,1,1,1,U2 
H5,840,2017,520622,      9.00,      9.00,      9.00,      9.00,0,0,0,1,1,1,U2 
H5,840,2017,520623,      9.00,      9.00,      9.00,      9.00,0,0,0,1,1,1,U2 
H5,840,2017,520624,      9.00,      9.00,      9.00,      9.00,0,0,0,1,1,1,U2 
H5,840,2017,520625,      9.00,      9.00,      9.00,      9.00,0,0,0,1,1,1,U2 
H5,840,2017,520631,      9.00,      9.00,      9.00,      9.00,0,0,0,1,1,1,U2 
H5,840,2017,520632,      9.00,      9.00,      9.00,      9.00,0,0,0,1,1,1,U2 
H5,840,2017,520633,      9.00,      9.00,      9.00,      9.00,0,0,0,1,1,1,U2 
H5,840,2017,520634,      9.00,      9.00,      9.00,      9.00,0,0,0,1,1,1,U2 
H5,840,2017,520635,      9.00,      9.00,      9.00,      9.00,0,0,0,1,1,1,U2 
H5,840,2017,520641,      9.00,      9.00,      9.00,      9.00,0,0,0,1,1,1,U2 
H5,840,2017,520642,      9.00,      9.00,      9.00,      9.00,0,0,0,1,1,1,U2 
H5,840,2017,520643,      9.00,      9.00,      9.00,      9.00,0,0,0,1,1,1,U2 
H5,840,2017,520644,      9.00,      9.00,      9.00,      9.00,0,0,0,1,1,1,U2 
H5,840,2017,520645,      9.00,      9.00,      9.00,      9.00,0,0,0,1,1,1,U2 
H5,840,2017,520710,      0.00,      0.00,      0.00,      0.00,0,1,0,0,1,1,U2 
H5,840,2017,520790,      5.00,      5.00,      5.00,      5.00,0,0,0,1,1,1,U2 
H5,840,2017,520811,     26.00,      0.00,     10.00,      6.50,0,1,0,3,4,4,U2 
H5,840,2017,520812,     26.00,      7.00,     10.00,      8.67,0,0,0,3,3,3,U2 
H5,840,2017,520813,      7.00,      7.00,      7.00,      7.00,0,0,0,1,1,1,U2 
H5,840,2017,520819,     33.00,      7.00,     10.00,      8.25,0,0,0,4,4,4,U2 
H5,840,2017,520821,     29.00,      8.00,     11.00,      9.67,0,0,0,3,3,3,U2 
H5,840,2017,520822,     27.00,      8.00,     11.00,      9.00,0,0,0,3,3,3,U2 
H5,840,2017,520823,      9.00,      9.00,      9.00,      9.00,0,0,0,1,1,1,U2 
H5,840,2017,520829,     38.00,      7.00,     13.00,      9.50,0,0,0,4,4,4,U2 
H5,840,2017,520831,     32.00,      3.00,     12.00,      8.00,0,0,0,4,4,4,U2 
H5,840,2017,520832,     31.00,      3.00,     12.00,      7.75,0,0,0,4,4,4,U2 
H5,840,2017,520833,     10.00,     10.00,     10.00,     10.00,0,0,0,1,1,1,U2 
H5,840,2017,520839,     36.00,      7.00,     12.00,      9.00,0,0,0,4,4,4,U2 
H5,840,2017,520841,     36.00,      3.00,     14.00,      9.00,0,0,0,4,4,4,U2 
H5,840,2017,520842,     36.00,      3.00,     14.00,      9.00,0,0,0,4,4,4,U2 
H5,840,2017,520843,      0.00,      0.00,      0.00,      0.00,0,1,0,0,1,1,U2 
H5,840,2017,520849,     31.00,      0.00,     14.00,      7.75,0,1,0,3,4,4,U2 
H5,840,2017,520851,     34.00,      3.00,     12.00,      8.50,0,0,0,4,4,4,U2 
H5,840,2017,520852,     32.00,      3.00,     12.00,      8.00,0,0,0,4,4,4,U2 
H5,840,2017,520859,     44.00,      6.00,     11.00,      8.80,0,0,0,5,5,5,U2 
H5,840,2017,520911,      6.00,      6.00,      6.00,      6.00,0,0,0,1,1,1,U2 
H5,840,2017,520912,      6.00,      6.00,      6.00,      6.00,0,0,0,1,1,1,U2 
H5,840,2017,520919,      6.00,      6.00,      6.00,      6.00,0,0,0,1,1,1,U2 
H5,840,2017,520921,      7.00,      7.00,      7.00,      7.00,0,0,0,1,1,1,U2 
H5,840,2017,520922,      7.00,      7.00,      7.00,      7.00,0,0,0,1,1,1,U2 
H5,840,2017,520929,      7.00,      7.00,      7.00,      7.00,0,0,0,1,1,1,U2 
H5,840,2017,520931,     11.00,      3.00,      8.00,      5.50,0,0,0,2,2,2,U2 
H5,840,2017,520932,      8.00,      8.00,      8.00,      8.00,0,0,0,1,1,1,U2 
H5,840,2017,520939,      8.00,      8.00,      8.00,      8.00,0,0,0,1,1,1,U2 
H5,840,2017,520941,     10.00,      3.00,      7.00,      5.00,0,0,0,2,2,2,U2 
H5,840,2017,520942,      8.00,      8.00,      8.00,      8.00,0,0,0,1,1,1,U2 
H5,840,2017,520943,      8.00,      8.00,      8.00,      8.00,0,0,0,1,1,1,U2 
H5,840,2017,520949,      8.00,      8.00,      8.00,      8.00,0,0,0,1,1,1,U2 
H5,840,2017,520951,     11.00,      3.00,      8.00,      5.50,0,0,0,2,2,2,U2 
H5,840,2017,520952,      8.00,      8.00,      8.00,      8.00,0,0,0,1,1,1,U2 
H5,840,2017,520959,      8.00,      8.00,      8.00,      8.00,0,0,0,1,1,1,U2 
H5,840,2017,521011,     31.00,      8.00,     13.00,     10.33,0,0,0,3,3,3,U2 
H5,840,2017,521019,     44.00,      8.00,     10.00,      8.80,0,0,0,5,5,5,U2 
H5,840,2017,521021,     31.00,      8.00,     12.00,     10.33,0,0,0,3,3,3,U2 
H5,840,2017,521029,     53.00,      8.00,     14.00,     10.60,0,0,0,5,5,5,U2 
H5,840,2017,521031,     37.00,     10.00,     15.00,     12.33,0,0,0,3,3,3,U2 
H5,840,2017,521032,     10.00,     10.00,     10.00,     10.00,0,0,0,1,1,1,U2 
H5,840,2017,521039,     42.00,      8.00,     12.00,     10.50,0,0,0,4,4,4,U2 
H5,840,2017,521041,     37.00,     10.00,     15.00,     12.33,0,0,0,3,3,3,U2 
H5,840,2017,521049,     55.00,     10.00,     15.00,     11.00,0,0,0,5,5,5,U2 
H5,840,2017,521051,     37.00,     10.00,     15.00,     12.33,0,0,0,3,3,3,U2 
H5,840,2017,521059,     45.00,      7.00,     10.00,      9.00,0,0,0,5,5,5,U2 
H5,840,2017,521111,      7.00,      7.00,      7.00,      7.00,0,0,0,1,1,1,U2 
H5,840,2017,521112,      7.00,      7.00,      7.00,      7.00,0,0,0,1,1,1,U2 
H5,840,2017,521119,      7.00,      7.00,      7.00,      7.00,0,0,0,1,1,1,U2 
H5,840,2017,521120,     24.00,      8.00,      8.00,      8.00,0,0,0,3,3,3,U2 
H5,840,2017,521131,      8.00,      8.00,      8.00,      8.00,0,0,0,1,1,1,U2 
H5,840,2017,521132,      8.00,      8.00,      8.00,      8.00,0,0,0,1,1,1,U2 
H5,840,2017,521139,      8.00,      8.00,      8.00,      8.00,0,0,0,1,1,1,U2 
H5,840,2017,521141,      8.00,      8.00,      8.00,      8.00,0,0,0,1,1,1,U2 
H5,840,2017,521142,      8.00,      8.00,      8.00,      8.00,0,0,0,1,1,1,U2 
H5,840,2017,521143,      8.00,      8.00,      8.00,      8.00,0,0,0,1,1,1,U2 
H5,840,2017,521149,      8.00,      8.00,      8.00,      8.00,0,0,0,1,1,1,U2 
H5,840,2017,521151,      0.00,      0.00,      0.00,      0.00,0,1,0,0,1,1,U2 
H5,840,2017,521152,      8.00,      8.00,      8.00,      8.00,0,0,0,1,1,1,U2 
H5,840,2017,521159,      8.00,      8.00,      8.00,      8.00,0,0,0,1,1,1,U2 
H5,840,2017,521211,     23.00,      7.00,     16.00,     11.50,0,0,0,2,2,2,U2 
H5,840,2017,521212,     23.00,      7.00,     16.00,     11.50,0,0,0,2,2,2,U2 
H5,840,2017,521213,     23.00,      7.00,     16.00,     11.50,0,0,0,2,2,2,U2 
H5,840,2017,521214,     23.00,      7.00,     16.00,     11.50,0,0,0,2,2,2,U2 
H5,840,2017,521215,      7.00,      0.00,      7.00,      3.50,0,1,0,1,2,2,U2 
H5,840,2017,521221,     23.00,      7.00,     16.00,     11.50,0,0,0,2,2,2,U2 
H5,840,2017,521222,     23.00,      7.00,     16.00,     11.50,0,0,0,2,2,2,U2 
H5,840,2017,521223,     23.00,      7.00,     16.00,     11.50,0,0,0,2,2,2,U2 
H5,840,2017,521224,     23.00,      7.00,     16.00,     11.50,0,0,0,2,2,2,U2 
H5,840,2017,521225,      0.00,      0.00,      0.00,      0.00,0,2,0,0,2,2,U2 
H5,840,2017,530110,      0.00,      0.00,      0.00,      0.00,0,1,0,0,1,1,U2 
H5,840,2017,530121,      0.07,      0.07,      0.07,      0.07,0,0,1,0,1,1,U2 
H5,840,2017,530129,      3.00,      3.00,      3.00,      3.00,0,0,0,1,1,1,U2 
H5,840,2017,530130,      0.00,      0.00,      0.00,      0.00,0,1,0,0,1,1,U2 
H5,840,2017,530210,      0.00,      0.00,      0.00,      0.00,0,1,0,0,1,1,U2 
H5,840,2017,530290,      0.00,      0.00,      0.00,      0.00,0,1,0,0,1,1,U2 
H5,840,2017,530310,      0.00,      0.00,      0.00,      0.00,0,1,0,0,1,1,U2 
H5,840,2017,530390,      0.00,      0.00,      0.00,      0.00,0,1,0,0,1,1,U2 
H5,840,2017,530500,      0.00,      0.00,      0.00,      0.00,0,1,0,0,1,1,U2 
H5,840,2017,530610,      0.00,      0.00,      0.00,      0.00,0,1,0,0,1,1,U2 
H5,840,2017,530620,      0.00,      0.00,      0.00,      0.00,0,1,0,0,1,1,U2 
H5,840,2017,530710,      0.00,      0.00,      0.00,      0.00,0,1,0,0,1,1,U2 
H5,840,2017,530720,      0.00,      0.00,      0.00,      0.00,0,1,0,0,1,1,U2 
H5,840,2017,530810,      0.00,      0.00,      0.00,      0.00,0,1,0,0,1,1,U2 
H5,840,2017,530820,      0.00,      0.00,      0.00,      0.00,0,1,0,0,1,1,U2 
H5,840,2017,530890,      2.00,      0.00,      2.00,      1.00,0,1,0,1,2,2,U2 
H5,840,2017,530911,      0.00,      0.00,      0.00,      0.00,0,1,0,0,1,1,U2 
H5,840,2017,530919,      0.00,      0.00,      0.00,      0.00,0,1,0,0,1,1,U2 
H5,840,2017,530921,     20.00,      0.00,     14.00,      6.67,0,1,0,2,3,3,U2 
H5,840,2017,530929,     14.00,      0.00,     14.00,      4.67,0,2,0,1,3,3,U2 
H5,840,2017,531010,      0.00,      0.00,      0.00,      0.00,0,1,0,0,1,1,U2 
H5,840,2017,531090,      0.00,      0.00,      0.00,      0.00,0,1,0,0,1,1,U2 
H5,840,2017,531100,     16.00,      0.00,     14.00,      4.00,0,2,0,2,4,4,U2 
H5,840,2017,540110,     11.00,     11.00,     11.00,     11.00,0,0,0,1,1,1,U2 
H5,840,2017,540120,     11.00,     11.00,     11.00,     11.00,0,0,0,1,1,1,U2 
H5,840,2017,540211,     16.00,      8.00,      8.00,      8.00,0,0,0,2,2,2,U2 
H5,840,2017,540219,     16.00,      8.00,      8.00,      8.00,0,0,0,2,2,2,U2 
H5,840,2017,540220,     15.00,      7.00,      8.00,      7.50,0,0,0,2,2,2,U2 
H5,840,2017,540231,     16.00,      8.00,      8.00,      8.00,0,0,0,2,2,2,U2 
H5,840,2017,540232,     16.00,      8.00,      8.00,      8.00,0,0,0,2,2,2,U2 
H5,840,2017,540233,     16.00,      8.00,      8.00,      8.00,0,0,0,2,2,2,U2 
H5,840,2017,540234,     16.00,      8.00,      8.00,      8.00,0,0,0,2,2,2,U2 
H5,840,2017,540239,     16.00,      8.00,      8.00,      8.00,0,0,0,2,2,2,U2 
H5,840,2017,540244,      8.00,      8.00,      8.00,      8.00,0,0,0,1,1,1,U2 
H5,840,2017,540245,      8.00,      0.00,      8.00,      4.00,0,1,0,1,2,2,U2 
H5,840,2017,540246,      8.00,      8.00,      8.00,      8.00,0,0,0,1,1,1,U2 
H5,840,2017,540247,     16.00,      8.00,      8.00,      8.00,0,0,0,2,2,2,U2 
H5,840,2017,540248,      8.00,      8.00,      8.00,      8.00,0,0,0,1,1,1,U2 
H5,840,2017,540249,      8.00,      0.00,      8.00,      4.00,0,1,0,1,2,2,U2 
H5,840,2017,540251,      8.00,      8.00,      8.00,      8.00,0,0,0,1,1,1,U2 
H5,840,2017,540252,     16.00,      8.00,      8.00,      8.00,0,0,0,2,2,2,U2 
H5,840,2017,540253,      8.00,      8.00,      8.00,      8.00,0,0,0,1,1,1,U2 
H5,840,2017,540259,      8.00,      8.00,      8.00,      8.00,0,0,0,1,1,1,U2 
H5,840,2017,540261,      7.00,      7.00,      7.00,      7.00,0,0,0,1,1,1,U2 
H5,840,2017,540262,      7.00,      7.00,      7.00,      7.00,0,0,0,1,1,1,U2 
H5,840,2017,540263,      7.00,      7.00,      7.00,      7.00,0,0,0,1,1,1,U2 
H5,840,2017,540269,      7.00,      7.00,      7.00,      7.00,0,0,0,1,1,1,U2 
H5,840,2017,540310,     19.00,      9.00,     10.00,      9.50,0,0,0,2,2,2,U2 
H5,840,2017,540331,     10.00,     10.00,     10.00,     10.00,0,0,0,1,1,1,U2 
H5,840,2017,540332,     10.00,     10.00,     10.00,     10.00,0,0,0,1,1,1,U2 
H5,840,2017,540333,      8.00,      8.00,      8.00,      8.00,0,0,0,1,1,1,U2 
H5,840,2017,540339,     18.00,      8.00,     10.00,      9.00,0,0,0,2,2,2,U2 
H5,840,2017,540341,      9.00,      9.00,      9.00,      9.00,0,0,0,1,1,1,U2 
H5,840,2017,540342,      8.00,      8.00,      8.00,      8.00,0,0,0,1,1,1,U2 
H5,840,2017,540349,     16.00,      7.00,      9.00,      8.00,0,0,0,2,2,2,U2 
H5,840,2017,540411,      6.00,      6.00,      6.00,      6.00,0,0,0,1,1,1,U2 
H5,840,2017,540412,     12.00,      6.00,      6.00,      6.00,0,0,0,2,2,2,U2 
H5,840,2017,540419,      8.00,      2.00,      6.00,      4.00,0,0,0,2,2,2,U2 
H5,840,2017,540490,      0.00,      0.00,      0.00,      0.00,0,1,0,0,1,1,U2 
H5,840,2017,540500,     11.00,      5.00,      6.00,      5.50,0,0,0,2,2,2,U2 
H5,840,2017,540600,     14.00,      7.00,      7.00,      7.00,0,0,0,2,2,2,U2 
H5,840,2017,540710,     13.00,     13.00,     13.00,     13.00,0,0,0,1,1,1,U2 
H5,840,2017,540720,      0.00,      0.00,      0.00,      0.00,0,1,0,0,1,1,U2 
H5,840,2017,540730,      8.00,      0.00,      8.00,      4.00,0,1,0,1,2,2,U2 
H5,840,2017,540741,     13.00,     13.00,     13.00,     13.00,0,0,0,1,1,1,U2 
H5,840,2017,540742,     14.00,     14.00,     14.00,     14.00,0,0,0,1,1,1,U2 
H5,840,2017,540743,     20.28,      8.00,     12.28,     10.14,0,0,1,1,2,2,U2 
H5,840,2017,540744,     12.00,     12.00,     12.00,     12.00,0,0,0,1,1,1,U2 
H5,840,2017,540751,     14.00,     14.00,     14.00,     14.00,0,0,0,1,1,1,U2 
H5,840,2017,540752,     34.57,     14.00,     20.57,     17.29,0,0,1,1,2,2,U2 
H5,840,2017,540753,     31.52,     12.00,     19.52,     15.76,0,0,1,1,2,2,U2 
H5,840,2017,540754,     14.00,     14.00,     14.00,     14.00,0,0,0,1,1,1,U2 
H5,840,2017,540761,     93.90,     12.71,     20.24,     15.65,0,0,4,2,6,6,U2 
H5,840,2017,540769,     50.00,      0.00,     14.00,     10.00,0,1,0,4,5,5,U2 
H5,840,2017,540771,     14.00,     14.00,     14.00,     14.00,0,0,0,1,1,1,U2 
H5,840,2017,540772,     14.00,     14.00,     14.00,     14.00,0,0,0,1,1,1,U2 
H5,840,2017,540773,      8.00,      0.00,      8.00,      4.00,0,1,0,1,2,2,U2 
H5,840,2017,540774,     14.00,     14.00,     14.00,     14.00,0,0,0,1,1,1,U2 
H5,840,2017,540781,     14.00,     14.00,     14.00,     14.00,0,0,0,1,1,1,U2 
H5,840,2017,540782,     14.00,     14.00,     14.00,     14.00,0,0,0,1,1,1,U2 
H5,840,2017,540783,      8.00,      8.00,      8.00,      8.00,0,0,0,1,1,1,U2 
H5,840,2017,540784,     14.00,     14.00,     14.00,     14.00,0,0,0,1,1,1,U2 
H5,840,2017,540791,     51.00,     12.00,     25.00,     17.00,0,0,0,3,3,3,U2 
H5,840,2017,540792,     51.00,     12.00,     25.00,     17.00,0,0,0,3,3,3,U2 
H5,840,2017,540793,     49.00,      0.00,     25.00,     12.25,0,1,0,3,4,4,U2 
H5,840,2017,540794,     26.00,      0.00,     14.00,      8.67,0,1,0,2,3,3,U2 
H5,840,2017,540810,     14.00,     14.00,     14.00,     14.00,0,0,0,1,1,1,U2 
H5,840,2017,540821,     14.00,     14.00,     14.00,     14.00,0,0,0,1,1,1,U2 
H5,840,2017,540822,     28.00,     14.00,     14.00,     14.00,0,0,0,2,2,2,U2 
H5,840,2017,540823,     24.00,      0.00,     12.00,      6.00,0,2,0,2,4,4,U2 
H5,840,2017,540824,     24.00,     12.00,     12.00,     12.00,0,0,0,2,2,2,U2 
H5,840,2017,540831,     51.00,     12.00,     25.00,     17.00,0,0,0,3,3,3,U2 
H5,840,2017,540832,     52.00,      6.00,     19.00,     13.00,0,0,0,4,4,4,U2 
H5,840,2017,540833,     60.80,      6.00,     19.00,     12.16,0,0,1,4,5,5,U2 
H5,840,2017,540834,     24.00,      0.00,     12.00,      6.00,0,2,0,2,4,4,U2 
H5,840,2017,550110,      7.00,      7.00,      7.00,      7.00,0,0,0,1,1,1,U2 
H5,840,2017,550120,      7.00,      7.00,      7.00,      7.00,0,0,0,1,1,1,U2 
H5,840,2017,550130,      7.00,      7.00,      7.00,      7.00,0,0,0,1,1,1,U2 
H5,840,2017,550140,      7.00,      7.00,      7.00,      7.00,0,0,0,1,1,1,U2 
H5,840,2017,550190,      7.00,      7.00,      7.00,      7.00,0,0,0,1,1,1,U2 
H5,840,2017,550210,      7.00,      7.00,      7.00,      7.00,0,0,0,1,1,1,U2 
H5,840,2017,550290,      7.00,      7.00,      7.00,      7.00,0,0,0,1,1,1,U2 
H5,840,2017,550311,      4.00,      4.00,      4.00,      4.00,0,0,0,1,1,1,U2 
H5,840,2017,550319,      4.00,      0.00,      4.00,      2.00,0,1,0,1,2,2,U2 
H5,840,2017,550320,      4.00,      4.00,      4.00,      4.00,0,0,0,1,1,1,U2 
H5,840,2017,550330,      4.00,      4.00,      4.00,      4.00,0,0,0,1,1,1,U2 
H5,840,2017,550340,      4.00,      4.00,      4.00,      4.00,0,0,0,1,1,1,U2 
H5,840,2017,550390,      4.00,      0.00,      4.00,      2.00,0,1,0,1,2,2,U2 
H5,840,2017,550410,      4.00,      4.00,      4.00,      4.00,0,0,0,1,1,1,U2 
H5,840,2017,550490,      4.00,      4.00,      4.00,      4.00,0,0,0,1,1,1,U2 
H5,840,2017,550510,      0.00,      0.00,      0.00,      0.00,0,1,0,0,1,1,U2 
H5,840,2017,550520,      0.00,      0.00,      0.00,      0.00,0,1,0,0,1,1,U2 
H5,840,2017,550610,      5.00,      5.00,      5.00,      5.00,0,0,0,1,1,1,U2 
H5,840,2017,550620,      5.00,      5.00,      5.00,      5.00,0,0,0,1,1,1,U2 
H5,840,2017,550630,      5.00,      5.00,      5.00,      5.00,0,0,0,1,1,1,U2 
H5,840,2017,550640,      5.00,      5.00,      5.00,      5.00,0,0,0,1,1,1,U2 
H5,840,2017,550690,      5.00,      5.00,      5.00,      5.00,0,0,0,1,1,1,U2 
H5,840,2017,550700,      5.00,      5.00,      5.00,      5.00,0,0,0,1,1,1,U2 
H5,840,2017,550810,     11.00,     11.00,     11.00,     11.00,0,0,0,1,1,1,U2 
H5,840,2017,550820,     11.00,     11.00,     11.00,     11.00,0,0,0,1,1,1,U2 
H5,840,2017,550911,      9.00,      9.00,      9.00,      9.00,0,0,0,1,1,1,U2 
H5,840,2017,550912,     10.00,     10.00,     10.00,     10.00,0,0,0,1,1,1,U2 
H5,840,2017,550921,      9.00,      9.00,      9.00,      9.00,0,0,0,1,1,1,U2 
H5,840,2017,550922,     10.00,     10.00,     10.00,     10.00,0,0,0,1,1,1,U2 
H5,840,2017,550931,      9.00,      9.00,      9.00,      9.00,0,0,0,1,1,1,U2 
H5,840,2017,550932,     10.00,     10.00,     10.00,     10.00,0,0,0,1,1,1,U2 
H5,840,2017,550941,      9.00,      9.00,      9.00,      9.00,0,0,0,1,1,1,U2 
H5,840,2017,550942,      7.00,      7.00,      7.00,      7.00,0,0,0,1,1,1,U2 
H5,840,2017,550951,     19.00,      9.00,     10.00,      9.50,0,0,0,2,2,2,U2 
H5,840,2017,550952,     12.00,     12.00,     12.00,     12.00,0,0,0,1,1,1,U2 
H5,840,2017,550953,     13.00,     13.00,     13.00,     13.00,0,0,0,1,1,1,U2 
H5,840,2017,550959,     13.00,     13.00,     13.00,     13.00,0,0,0,1,1,1,U2 
H5,840,2017,550961,     13.00,     13.00,     13.00,     13.00,0,0,0,1,1,1,U2 
H5,840,2017,550962,     12.00,     12.00,     12.00,     12.00,0,0,0,1,1,1,U2 
H5,840,2017,550969,     32.00,      9.00,     13.00,     10.67,0,0,0,3,3,3,U2 
H5,840,2017,550991,     12.00,     12.00,     12.00,     12.00,0,0,0,1,1,1,U2 
H5,840,2017,550992,      7.00,      7.00,      7.00,      7.00,0,0,0,1,1,1,U2 
H5,840,2017,550999,     32.00,      9.00,     13.00,     10.67,0,0,0,3,3,3,U2 
H5,840,2017,551011,      9.00,      9.00,      9.00,      9.00,0,0,0,1,1,1,U2 
H5,840,2017,551012,     10.00,     10.00,     10.00,     10.00,0,0,0,1,1,1,U2 
H5,840,2017,551020,     10.00,     10.00,     10.00,     10.00,0,0,0,1,1,1,U2 
H5,840,2017,551030,      7.00,      7.00,      7.00,      7.00,0,0,0,1,1,1,U2 
H5,840,2017,551090,     32.00,      9.00,     13.00,     10.67,0,0,0,3,3,3,U2 
H5,840,2017,551110,      7.00,      7.00,      7.00,      7.00,0,0,0,1,1,1,U2 
H5,840,2017,551120,      7.00,      7.00,      7.00,      7.00,0,0,0,1,1,1,U2 
H5,840,2017,551130,      7.00,      7.00,      7.00,      7.00,0,0,0,1,1,1,U2 
H5,840,2017,551211,     12.00,     12.00,     12.00,     12.00,0,0,0,1,1,1,U2 
H5,840,2017,551219,     13.00,     13.00,     13.00,     13.00,0,0,0,1,1,1,U2 
H5,840,2017,551221,     12.00,     12.00,     12.00,     12.00,0,0,0,1,1,1,U2 
H5,840,2017,551229,     12.00,     12.00,     12.00,     12.00,0,0,0,1,1,1,U2 
H5,840,2017,551291,     14.00,     14.00,     14.00,     14.00,0,0,0,1,1,1,U2 
H5,840,2017,551299,     12.00,     12.00,     12.00,     12.00,0,0,0,1,1,1,U2 
H5,840,2017,551311,     14.00,     14.00,     14.00,     14.00,0,0,0,1,1,1,U2 
H5,840,2017,551312,     14.00,     14.00,     14.00,     14.00,0,0,0,1,1,1,U2 
H5,840,2017,551313,     14.00,     14.00,     14.00,     14.00,0,0,0,1,1,1,U2 
H5,840,2017,551319,     14.00,     14.00,     14.00,     14.00,0,0,0,1,1,1,U2 
H5,840,2017,551321,     14.00,     14.00,     14.00,     14.00,0,0,0,1,1,1,U2 
H5,840,2017,551323,     14.00,     14.00,     14.00,     14.00,0,0,0,1,1,1,U2 
H5,840,2017,551329,     14.00,     14.00,     14.00,     14.00,0,0,0,1,1,1,U2 
H5,840,2017,551331,     14.00,     14.00,     14.00,     14.00,0,0,0,1,1,1,U2 
H5,840,2017,551339,     14.00,     14.00,     14.00,     14.00,0,0,0,1,1,1,U2 
H5,840,2017,551341,     14.00,     14.00,     14.00,     14.00,0,0,0,1,1,1,U2 
H5,840,2017,551349,     35.00,      8.00,     14.00,     11.67,0,0,0,3,3,3,U2 
H5,840,2017,551411,     14.00,     14.00,     14.00,     14.00,0,0,0,1,1,1,U2 
H5,840,2017,551412,     14.00,     14.00,     14.00,     14.00,0,0,0,1,1,1,U2 
H5,840,2017,551419,     22.00,      8.00,     14.00,     11.00,0,0,0,2,2,2,U2 
H5,840,2017,551421,     14.00,     14.00,     14.00,     14.00,0,0,0,1,1,1,U2 
H5,840,2017,551422,     14.00,     14.00,     14.00,     14.00,0,0,0,1,1,1,U2 
H5,840,2017,551423,     14.00,     14.00,     14.00,     14.00,0,0,0,1,1,1,U2 
H5,840,2017,551429,     12.00,     12.00,     12.00,     12.00,0,0,0,1,1,1,U2 
H5,840,2017,551430,     40.00,      0.00,     14.00,     10.00,0,1,0,3,4,4,U2 
H5,840,2017,551441,     14.00,     14.00,     14.00,     14.00,0,0,0,1,1,1,U2 
H5,840,2017,551442,     14.00,     14.00,     14.00,     14.00,0,0,0,1,1,1,U2 
H5,840,2017,551443,      0.00,      0.00,      0.00,      0.00,0,1,0,0,1,1,U2 
H5,840,2017,551449,      8.00,      8.00,      8.00,      8.00,0,0,0,1,1,1,U2 
H5,840,2017,551511,     14.00,     14.00,     14.00,     14.00,0,0,0,1,1,1,U2 
H5,840,2017,551512,     12.00,     12.00,     12.00,     12.00,0,0,0,1,1,1,U2 
H5,840,2017,551513,     37.00,     12.00,     25.00,     18.50,0,0,0,2,2,2,U2 
H5,840,2017,551519,     12.00,     12.00,     12.00,     12.00,0,0,0,1,1,1,U2 
H5,840,2017,551521,      0.00,      0.00,      0.00,      0.00,0,1,0,0,1,1,U2 
H5,840,2017,551522,     32.00,     12.00,     20.00,     16.00,0,0,0,2,2,2,U2 
H5,840,2017,551529,      0.00,      0.00,      0.00,      0.00,0,1,0,0,1,1,U2 
H5,840,2017,551591,     12.00,     12.00,     12.00,     12.00,0,0,0,1,1,1,U2 
H5,840,2017,551599,     45.00,      8.00,     25.00,     15.00,0,0,0,3,3,3,U2 
H5,840,2017,551611,     14.00,     14.00,     14.00,     14.00,0,0,0,1,1,1,U2 
H5,840,2017,551612,     14.00,     14.00,     14.00,     14.00,0,0,0,1,1,1,U2 
H5,840,2017,551613,     14.00,     14.00,     14.00,     14.00,0,0,0,1,1,1,U2 
H5,840,2017,551614,     10.00,     10.00,     10.00,     10.00,0,0,0,1,1,1,U2 
H5,840,2017,551621,     14.00,     14.00,     14.00,     14.00,0,0,0,1,1,1,U2 
H5,840,2017,551622,     14.00,     14.00,     14.00,     14.00,0,0,0,1,1,1,U2 
H5,840,2017,551623,      8.00,      8.00,      8.00,      8.00,0,0,0,1,1,1,U2 
H5,840,2017,551624,     14.00,     14.00,     14.00,     14.00,0,0,0,1,1,1,U2 
H5,840,2017,551631,     31.00,     12.00,     19.00,     15.50,0,0,0,2,2,2,U2 
H5,840,2017,551632,     37.00,     12.00,     25.00,     18.50,0,0,0,2,2,2,U2 
H5,840,2017,551633,     37.00,     12.00,     25.00,     18.50,0,0,0,2,2,2,U2 
H5,840,2017,551634,     31.00,     12.00,     19.00,     15.50,0,0,0,2,2,2,U2 
H5,840,2017,551641,     14.00,     14.00,     14.00,     14.00,0,0,0,1,1,1,U2 
H5,840,2017,551642,     12.00,     12.00,     12.00,     12.00,0,0,0,1,1,1,U2 
H5,840,2017,551643,      0.00,      0.00,      0.00,      0.00,0,1,0,0,1,1,U2 
H5,840,2017,551644,      8.00,      8.00,      8.00,      8.00,0,0,0,1,1,1,U2 
H5,840,2017,551691,     12.00,     12.00,     12.00,     12.00,0,0,0,1,1,1,U2 
H5,840,2017,551692,     12.00,     12.00,     12.00,     12.00,0,0,0,1,1,1,U2 
H5,840,2017,551693,      8.00,      8.00,      8.00,      8.00,0,0,0,1,1,1,U2 
H5,840,2017,551694,     12.00,     12.00,     12.00,     12.00,0,0,0,1,1,1,U2 
H5,840,2017,560121,      3.00,      3.00,      3.00,      3.00,0,0,0,1,1,1,U2 
H5,840,2017,560122,      6.00,      6.00,      6.00,      6.00,0,0,0,1,1,1,U2 
H5,840,2017,560129,      4.00,      4.00,      4.00,      4.00,0,0,0,1,1,1,U2 
H5,840,2017,560130,      0.00,      0.00,      0.00,      0.00,0,1,0,0,1,1,U2 
H5,840,2017,560210,     22.00,     10.00,     12.00,     11.00,0,0,0,2,2,2,U2 
H5,840,2017,560221,     10.11,     10.11,     10.11,     10.11,0,0,1,0,1,1,U2 
H5,840,2017,560229,      6.00,      6.00,      6.00,      6.00,0,0,0,1,1,1,U2 
H5,840,2017,560290,     24.96,      0.00,     18.96,      8.32,0,1,1,1,3,3,U2 
H5,840,2017,560311,      0.00,      0.00,      0.00,      0.00,0,1,0,0,1,1,U2 
H5,840,2017,560312,      0.00,      0.00,      0.00,      0.00,0,1,0,0,1,1,U2 
H5,840,2017,560313,      0.00,      0.00,      0.00,      0.00,0,1,0,0,1,1,U2 
H5,840,2017,560314,      0.00,      0.00,      0.00,      0.00,0,2,0,0,2,2,U2 
H5,840,2017,560391,      0.00,      0.00,      0.00,      0.00,0,1,0,0,1,1,U2 
H5,840,2017,560392,      0.00,      0.00,      0.00,      0.00,0,1,0,0,1,1,U2 
H5,840,2017,560393,      0.00,      0.00,      0.00,      0.00,0,1,0,0,1,1,U2 
H5,840,2017,560394,      0.00,      0.00,      0.00,      0.00,0,3,0,0,3,3,U2 
H5,840,2017,560410,      6.00,      6.00,      6.00,      6.00,0,0,0,1,1,1,U2 
H5,840,2017,560490,     13.00,      5.00,      8.00,      6.50,0,0,0,2,2,2,U2 
H5,840,2017,560500,     20.00,      7.00,     13.00,     10.00,0,0,0,2,2,2,U2 
H5,840,2017,560600,      8.00,      8.00,      8.00,      8.00,0,0,0,1,1,1,U2 
H5,840,2017,560721,      0.00,      0.00,      0.00,      0.00,0,1,0,0,1,1,U2 
H5,840,2017,560729,      3.00,      3.00,      3.00,      3.00,0,0,0,1,1,1,U2 
H5,840,2017,560741,      6.00,      2.00,      4.00,      3.00,0,0,0,2,2,2,U2 
H5,840,2017,560749,     20.10,      2.00,      8.10,      5.03,0,0,1,3,4,4,U2 
H5,840,2017,560750,     23.16,      3.00,     13.16,      7.72,0,0,1,2,3,3,U2 
H5,840,2017,560790,      9.00,      0.00,      6.00,      1.80,0,3,0,2,5,5,U2 
H5,840,2017,560811,      8.00,      8.00,      8.00,      8.00,0,0,0,1,1,1,U2 
H5,840,2017,560819,     13.00,      5.00,      8.00,      6.50,0,0,0,2,2,2,U2 
H5,840,2017,560890,     41.00,      5.00,     14.00,     10.25,0,0,0,4,4,4,U2 
H5,840,2017,560900,      9.00,      0.00,      4.00,      2.25,0,1,0,3,4,4,U2 
H5,840,2017,570110,      4.00,      0.00,      4.00,      1.00,0,3,0,1,4,4,U2 
H5,840,2017,570190,      0.00,      0.00,      0.00,      0.00,0,2,0,0,2,2,U2 
H5,840,2017,570210,      0.00,      0.00,      0.00,      0.00,0,2,0,0,2,2,U2 
H5,840,2017,570220,      0.00,      0.00,      0.00,      0.00,0,2,0,0,2,2,U2 
H5,840,2017,570231,     12.00,      4.00,      8.00,      6.00,0,0,0,2,2,2,U2 
H5,840,2017,570232,     15.00,      7.00,      8.00,      7.50,0,0,0,2,2,2,U2 
H5,840,2017,570239,      3.00,      0.00,      3.00,      1.50,0,1,0,1,2,2,U2 
H5,840,2017,570241,      0.00,      0.00,      0.00,      0.00,0,2,0,0,2,2,U2 
H5,840,2017,570242,      0.00,      0.00,      0.00,      0.00,0,2,0,0,2,2,U2 
H5,840,2017,570249,      4.00,      0.00,      4.00,      1.33,0,2,0,1,3,3,U2 
H5,840,2017,570250,     22.00,      2.00,      6.00,      4.40,0,0,0,5,5,5,U2 
H5,840,2017,570291,      7.00,      0.00,      4.00,      2.33,0,1,0,2,3,3,U2 
H5,840,2017,570292,      4.00,      2.00,      2.00,      2.00,0,0,0,2,2,2,U2 
H5,840,2017,570299,     14.00,      2.00,      6.00,      4.67,0,0,0,3,3,3,U2 
H5,840,2017,570310,     12.00,      6.00,      6.00,      6.00,0,0,0,2,2,2,U2 
H5,840,2017,570320,     11.00,      5.00,      6.00,      5.50,0,0,0,2,2,2,U2 
H5,840,2017,570330,     12.00,      6.00,      6.00,      6.00,0,0,0,2,2,2,U2 
H5,840,2017,570390,      3.00,      3.00,      3.00,      3.00,0,0,0,1,1,1,U2 
H5,840,2017,570410,      4.00,      4.00,      4.00,      4.00,0,0,0,1,1,1,U2 
H5,840,2017,570420,      0.00,      0.00,      0.00,      0.00,0,1,0,0,1,1,U2 
H5,840,2017,570490,      0.00,      0.00,      0.00,      0.00,0,1,0,0,1,1,U2 
H5,840,2017,570500,      3.00,      0.00,      3.00,      1.50,0,1,0,1,2,2,U2 
H5,840,2017,580110,      0.00,      0.00,      0.00,      0.00,0,1,0,0,1,1,U2 
H5,840,2017,580121,     20.00,     20.00,     20.00,     20.00,0,0,0,1,1,1,U2 
H5,840,2017,580122,     30.00,     10.00,     20.00,     15.00,0,0,0,2,2,2,U2 
H5,840,2017,580123,     10.00,     10.00,     10.00,     10.00,0,0,0,1,1,1,U2 
H5,840,2017,580126,      0.00,      0.00,      0.00,      0.00,0,1,0,0,1,1,U2 
H5,840,2017,580127,     28.00,     10.00,     18.00,     14.00,0,0,0,2,2,2,U2 
H5,840,2017,580131,     17.00,     17.00,     17.00,     17.00,0,0,0,1,1,1,U2 
H5,840,2017,580132,     14.00,     14.00,     14.00,     14.00,0,0,0,1,1,1,U2 
H5,840,2017,580133,      9.00,      9.00,      9.00,      9.00,0,0,0,1,1,1,U2 
H5,840,2017,580136,      9.00,      9.00,      9.00,      9.00,0,0,0,1,1,1,U2 
H5,840,2017,580137,     31.00,     14.00,     17.00,     15.50,0,0,0,2,2,2,U2 
H5,840,2017,580190,      5.00,      2.00,      3.00,      2.50,0,0,0,2,2,2,U2 
H5,840,2017,580211,      9.00,      9.00,      9.00,      9.00,0,0,0,1,1,1,U2 
H5,840,2017,580219,      9.00,      9.00,      9.00,      9.00,0,0,0,1,1,1,U2 
H5,840,2017,580220,     14.00,     14.00,     14.00,     14.00,0,0,0,1,1,1,U2 
H5,840,2017,580230,      6.00,      6.00,      6.00,      6.00,0,0,0,1,1,1,U2 
H5,840,2017,580300,     23.00,      0.00,     16.00,      3.83,0,4,0,2,6,6,U2 
H5,840,2017,580410,      6.00,      0.00,      6.00,      3.00,0,1,0,1,2,2,U2 
H5,840,2017,580421,     12.00,     12.00,     12.00,     12.00,0,0,0,1,1,1,U2 
H5,840,2017,580429,     13.00,      5.00,      8.00,      6.50,0,0,0,2,2,2,U2 
H5,840,2017,580430,     13.00,     13.00,     13.00,     13.00,0,0,0,1,1,1,U2 
H5,840,2017,580500,      0.00,      0.00,      0.00,      0.00,0,5,0,0,5,5,U2 
H5,840,2017,580610,     25.00,      3.00,      8.00,      6.25,0,0,0,4,4,4,U2 
H5,840,2017,580620,      7.00,      7.00,      7.00,      7.00,0,0,0,1,1,1,U2 
H5,840,2017,580631,      8.00,      8.00,      8.00,      8.00,0,0,0,1,1,1,U2 
H5,840,2017,580632,     12.00,      6.00,      6.00,      6.00,0,0,0,2,2,2,U2 
H5,840,2017,580639,     10.00,      0.00,      6.00,      3.33,0,1,0,2,3,3,U2 
H5,840,2017,580640,      8.00,      8.00,      8.00,      8.00,0,0,0,1,1,1,U2 
H5,840,2017,580710,     14.00,      3.00,      7.00,      4.67,0,0,0,3,3,3,U2 
H5,840,2017,580790,     14.00,      3.00,      7.00,      4.67,0,0,0,3,3,3,U2 
H5,840,2017,580810,     14.00,      0.00,      7.00,      2.80,0,2,0,3,5,5,U2 
H5,840,2017,580890,      3.00,      3.00,      3.00,      3.00,0,0,0,1,1,1,U2 
H5,840,2017,580900,     14.00,     14.00,     14.00,     14.00,0,0,0,1,1,1,U2 
H5,840,2017,581010,     14.00,     14.00,     14.00,     14.00,0,0,0,1,1,1,U2 
H5,840,2017,581091,,,,,1,0,0,0,0,1,U2 
H5,840,2017,581092,     11.00,      4.00,      7.00,      5.50,0,0,0,2,2,2,U2 
H5,840,2017,581099,     11.00,      4.00,      7.00,      5.50,0,0,0,2,2,2,U2 
H5,840,2017,581100,     27.00,      0.00,     13.00,      6.75,0,1,0,3,4,4,U2 
H5,840,2017,590110,     11.00,      4.00,      7.00,      5.50,0,0,0,2,2,2,U2 
H5,840,2017,590190,     11.00,      4.00,      7.00,      5.50,0,0,0,2,2,2,U2 
H5,840,2017,590210,      5.00,      5.00,      5.00,      5.00,0,0,0,1,1,1,U2 
H5,840,2017,590220,      5.00,      5.00,      5.00,      5.00,0,0,0,1,1,1,U2 
H5,840,2017,590290,      0.00,      0.00,      0.00,      0.00,0,1,0,0,1,1,U2 
H5,840,2017,590310,     25.00,      0.00,     14.00,      4.17,0,2,0,4,6,6,U2 
H5,840,2017,590320,     19.00,      0.00,      8.00,      3.17,0,2,0,4,6,6,U2 
H5,840,2017,590390,     19.00,      0.00,      8.00,      3.17,0,2,0,4,6,6,U2 
H5,840,2017,590410,      0.00,      0.00,      0.00,      0.00,0,1,0,0,1,1,U2 
H5,840,2017,590490,      0.00,      0.00,      0.00,      0.00,0,2,0,0,2,2,U2 
H5,840,2017,590500,      0.00,      0.00,      0.00,      0.00,0,2,0,0,2,2,U2 
H5,840,2017,590610,      2.00,      2.00,      2.00,      2.00,0,0,0,1,1,1,U2 
H5,840,2017,590691,     11.00,      0.00,      7.00,      2.75,0,1,0,3,4,4,U2 
H5,840,2017,590699,      5.00,      0.00,      3.00,      1.25,0,2,0,2,4,4,U2 
H5,840,2017,590700,     16.00,      0.00,      8.00,      2.67,0,4,0,2,6,6,U2 
H5,840,2017,590800,      3.00,      3.00,      3.00,      3.00,0,0,0,1,1,1,U2 
H5,840,2017,590900,      3.00,      0.00,      3.00,      1.50,0,1,0,1,2,2,U2 
H5,840,2017,591000,      6.00,      2.00,      4.00,      3.00,0,0,0,2,2,2,U2 
H5,840,2017,591110,      5.00,      2.00,      3.00,      2.50,0,0,0,2,2,2,U2 
H5,840,2017,591120,      3.00,      0.00,      3.00,      1.00,0,2,0,1,3,3,U2 
H5,840,2017,591131,      3.00,      3.00,      3.00,      3.00,0,0,0,1,1,1,U2 
H5,840,2017,591132,      3.00,      3.00,      3.00,      3.00,0,0,0,1,1,1,U2 
H5,840,2017,591140,      8.00,      8.00,      8.00,      8.00,0,0,0,1,1,1,U2 
H5,840,2017,591190,      3.00,      3.00,      3.00,      3.00,0,0,0,1,1,1,U2 
H5,840,2017,600110,     26.00,      9.00,     17.00,     13.00,0,0,0,2,2,2,U2 
H5,840,2017,600121,      9.00,      9.00,      9.00,      9.00,0,0,0,1,1,1,U2 
H5,840,2017,600122,     17.00,     17.00,     17.00,     17.00,0,0,0,1,1,1,U2 
H5,840,2017,600129,      7.00,      7.00,      7.00,      7.00,0,0,0,1,1,1,U2 
H5,840,2017,600191,     18.00,     18.00,     18.00,     18.00,0,0,0,1,1,1,U2 
H5,840,2017,600192,     17.00,     17.00,     17.00,     17.00,0,0,0,1,1,1,U2 
H5,840,2017,600199,     11.00,      4.00,      7.00,      5.50,0,0,0,2,2,2,U2 
H5,840,2017,600240,     16.00,      8.00,      8.00,      8.00,0,0,0,2,2,2,U2 
H5,840,2017,600290,     16.00,      8.00,      8.00,      8.00,0,0,0,2,2,2,U2 
H5,840,2017,600310,     20.00,      6.00,     14.00,     10.00,0,0,0,2,2,2,U2 
H5,840,2017,600320,     22.00,      8.00,     14.00,     11.00,0,0,0,2,2,2,U2 
H5,840,2017,600330,     21.00,      7.00,     14.00,     10.50,0,0,0,2,2,2,U2 
H5,840,2017,600340,     21.00,      7.00,     14.00,     10.50,0,0,0,2,2,2,U2 
H5,840,2017,600390,     20.00,      6.00,     14.00,     10.00,0,0,0,2,2,2,U2 
H5,840,2017,600410,     12.00,     12.00,     12.00,     12.00,0,0,0,1,1,1,U2 
H5,840,2017,600490,     19.00,      7.00,     12.00,      9.50,0,0,0,2,2,2,U2 
H5,840,2017,600521,     10.00,     10.00,     10.00,     10.00,0,0,0,1,1,1,U2 
H5,840,2017,600522,     10.00,     10.00,     10.00,     10.00,0,0,0,1,1,1,U2 
H5,840,2017,600523,     10.00,     10.00,     10.00,     10.00,0,0,0,1,1,1,U2 
H5,840,2017,600524,     10.00,     10.00,     10.00,     10.00,0,0,0,1,1,1,U2 
H5,840,2017,600535,     10.00,     10.00,     10.00,     10.00,0,0,0,1,1,1,U2 
H5,840,2017,600536,     10.00,     10.00,     10.00,     10.00,0,0,0,1,1,1,U2 
H5,840,2017,600537,     10.00,     10.00,     10.00,     10.00,0,0,0,1,1,1,U2 
H5,840,2017,600538,     10.00,     10.00,     10.00,     10.00,0,0,0,1,1,1,U2 
H5,840,2017,600539,     10.00,     10.00,     10.00,     10.00,0,0,0,1,1,1,U2 
H5,840,2017,600541,     10.00,     10.00,     10.00,     10.00,0,0,0,1,1,1,U2 
H5,840,2017,600542,     10.00,     10.00,     10.00,     10.00,0,0,0,1,1,1,U2 
H5,840,2017,600543,     10.00,     10.00,     10.00,     10.00,0,0,0,1,1,1,U2 
H5,840,2017,600544,     10.00,     10.00,     10.00,     10.00,0,0,0,1,1,1,U2 
H5,840,2017,600590,     20.00,     10.00,     10.00,     10.00,0,0,0,2,2,2,U2 
H5,840,2017,600610,     10.00,     10.00,     10.00,     10.00,0,0,0,1,1,1,U2 
H5,840,2017,600621,     20.00,     10.00,     10.00,     10.00,0,0,0,2,2,2,U2 
H5,840,2017,600622,     20.00,     10.00,     10.00,     10.00,0,0,0,2,2,2,U2 
H5,840,2017,600623,     20.00,     10.00,     10.00,     10.00,0,0,0,2,2,2,U2 
H5,840,2017,600624,     20.00,     10.00,     10.00,     10.00,0,0,0,2,2,2,U2 
H5,840,2017,600631,     10.00,     10.00,     10.00,     10.00,0,0,0,1,1,1,U2 
H5,840,2017,600632,     10.00,     10.00,     10.00,     10.00,0,0,0,1,1,1,U2 
H5,840,2017,600633,     10.00,     10.00,     10.00,     10.00,0,0,0,1,1,1,U2 
H5,840,2017,600634,     10.00,     10.00,     10.00,     10.00,0,0,0,1,1,1,U2 
H5,840,2017,600641,     10.00,     10.00,     10.00,     10.00,0,0,0,1,1,1,U2 
H5,840,2017,600642,     10.00,     10.00,     10.00,     10.00,0,0,0,1,1,1,U2 
H5,840,2017,600643,     10.00,     10.00,     10.00,     10.00,0,0,0,1,1,1,U2 
H5,840,2017,600644,     10.00,     10.00,     10.00,     10.00,0,0,0,1,1,1,U2 
H5,840,2017,600690,      7.00,      0.00,      7.00,      3.50,0,1,0,1,2,2,U2 
H5,840,2017,610120,     15.00,     15.00,     15.00,     15.00,0,0,0,1,1,1,U2 
H5,840,2017,610130,     44.75,      5.00,     28.00,     14.92,0,0,1,2,3,3,U2 
H5,840,2017,610190,     23.79,      0.90,     17.89,      7.93,0,0,1,2,3,3,U2 
H5,840,2017,610210,     17.25,     17.25,     17.25,     17.25,0,0,1,0,1,1,U2 
H5,840,2017,610220,     15.00,     15.00,     15.00,     15.00,0,0,0,1,1,1,U2 
H5,840,2017,610230,     54.71,      5.00,     28.00,     18.24,0,0,1,2,3,3,U2 
H5,840,2017,610290,      5.90,      0.90,      5.00,      2.95,0,0,0,2,2,2,U2 
H5,840,2017,610310,     75.51,      0.00,     28.00,      9.44,0,2,2,4,8,8,U2 
H5,840,2017,610322,,,,,1,0,0,0,0,1,U2 
H5,840,2017,610323,,,,,1,0,0,0,0,1,U2 
H5,840,2017,610329,,,,,3,0,0,0,0,3,U2 
H5,840,2017,610331,     10.45,     10.45,     10.45,     10.45,0,0,1,0,1,1,U2 
H5,840,2017,610332,     13.00,     13.00,     13.00,     13.00,0,0,0,1,1,1,U2 
H5,840,2017,610333,     39.87,     11.87,     28.00,     19.93,0,0,1,1,2,2,U2 
H5,840,2017,610339,     19.90,      0.90,     14.00,      6.63,0,0,0,3,3,3,U2 
H5,840,2017,610341,     31.02,     13.00,     18.02,     15.51,0,0,1,1,2,2,U2 
H5,840,2017,610342,     26.00,     10.00,     16.00,     13.00,0,0,0,2,2,2,U2 
H5,840,2017,610343,     60.20,     14.00,     28.00,     20.07,0,0,1,2,3,3,U2 
H5,840,2017,610349,     46.90,      0.90,     28.00,     11.73,0,0,0,4,4,4,U2 
H5,840,2017,610413,     14.00,      0.00,     14.00,      7.00,0,1,0,1,2,2,U2 
H5,840,2017,610419,     35.90,      0.00,     13.00,      5.98,0,1,0,5,6,6,U2 
H5,840,2017,610422,,,,,1,0,0,0,0,1,U2 
H5,840,2017,610423,,,,,1,0,0,0,0,1,U2 
H5,840,2017,610429,,,,,3,0,0,0,0,3,U2 
H5,840,2017,610431,     16.84,     16.84,     16.84,     16.84,0,0,1,0,1,1,U2 
H5,840,2017,610432,     14.00,     14.00,     14.00,     14.00,0,0,0,1,1,1,U2 
H5,840,2017,610433,     46.79,     18.79,     28.00,     23.40,0,0,1,1,2,2,U2 
H5,840,2017,610439,     24.00,      0.00,     24.00,     12.00,0,1,0,1,2,2,U2 
H5,840,2017,610441,     13.00,     13.00,     13.00,     13.00,0,0,0,1,1,1,U2 
H5,840,2017,610442,     11.00,     11.00,     11.00,     11.00,0,0,0,1,1,1,U2 
H5,840,2017,610443,     30.00,     14.00,     16.00,     15.00,0,0,0,2,2,2,U2 
H5,840,2017,610444,     28.00,     14.00,     14.00,     14.00,0,0,0,2,2,2,U2 
H5,840,2017,610449,      5.90,      0.90,      5.00,      2.95,0,0,0,2,2,2,U2 
H5,840,2017,610451,     14.00,     14.00,     14.00,     14.00,0,0,0,1,1,1,U2 
H5,840,2017,610452,      8.00,      8.00,      8.00,      8.00,0,0,0,1,1,1,U2 
H5,840,2017,610453,     30.00,     14.00,     16.00,     15.00,0,0,0,2,2,2,U2 
H5,840,2017,610459,     13.90,      0.90,      8.00,      4.63,0,0,0,3,3,3,U2 
H5,840,2017,610461,     14.00,     14.00,     14.00,     14.00,0,0,0,1,1,1,U2 
H5,840,2017,610462,     24.00,     10.00,     14.00,     12.00,0,0,0,2,2,2,U2 
H5,840,2017,610463,     56.00,     14.00,     28.00,     18.67,0,0,0,3,3,3,U2 
H5,840,2017,610469,     46.90,      0.90,     28.00,     11.73,0,0,0,4,4,4,U2 
H5,840,2017,610510,     19.00,     19.00,     19.00,     19.00,0,0,0,1,1,1,U2 
H5,840,2017,610520,     45.00,     13.00,     32.00,     22.50,0,0,0,2,2,2,U2 
H5,840,2017,610590,     19.90,      0.90,     14.00,      6.63,0,0,0,3,3,3,U2 
H5,840,2017,610610,     19.00,     19.00,     19.00,     19.00,0,0,0,1,1,1,U2 
H5,840,2017,610620,     46.00,     14.00,     32.00,     23.00,0,0,0,2,2,2,U2 
H5,840,2017,610690,     22.90,      0.90,     13.00,      5.72,0,0,0,4,4,4,U2 
H5,840,2017,610711,      7.00,      7.00,      7.00,      7.00,0,0,0,1,1,1,U2 
H5,840,2017,610712,     14.00,     14.00,     14.00,     14.00,0,0,0,1,1,1,U2 
H5,840,2017,610719,      5.90,      0.90,      5.00,      2.95,0,0,0,2,2,2,U2 
H5,840,2017,610721,      8.00,      8.00,      8.00,      8.00,0,0,0,1,1,1,U2 
H5,840,2017,610722,     16.00,     16.00,     16.00,     16.00,0,0,0,1,1,1,U2 
H5,840,2017,610729,     13.90,      0.90,      8.00,      4.63,0,0,0,3,3,3,U2 
H5,840,2017,610791,      8.00,      8.00,      8.00,      8.00,0,0,0,1,1,1,U2 
H5,840,2017,610799,     31.80,      0.80,     14.00,      7.95,0,0,0,4,4,4,U2 
H5,840,2017,610811,     14.00,     14.00,     14.00,     14.00,0,0,0,1,1,1,U2 
H5,840,2017,610819,      7.00,      1.00,      6.00,      3.50,0,0,0,2,2,2,U2 
H5,840,2017,610821,      7.00,      7.00,      7.00,      7.00,0,0,0,1,1,1,U2 
H5,840,2017,610822,     23.00,      8.00,     15.00,     11.50,0,0,0,2,2,2,U2 
H5,840,2017,610829,     15.00,      2.00,     13.00,      7.50,0,0,0,2,2,2,U2 
H5,840,2017,610831,      8.00,      8.00,      8.00,      8.00,0,0,0,1,1,1,U2 
H5,840,2017,610832,     16.00,     16.00,     16.00,     16.00,0,0,0,1,1,1,U2 
H5,840,2017,610839,     11.60,      0.60,      8.00,      3.87,0,0,0,3,3,3,U2 
H5,840,2017,610891,      8.00,      8.00,      8.00,      8.00,0,0,0,1,1,1,U2 
H5,840,2017,610892,     16.00,     16.00,     16.00,     16.00,0,0,0,1,1,1,U2 
H5,840,2017,610899,     11.60,      0.60,      8.00,      3.87,0,0,0,3,3,3,U2 
H5,840,2017,610910,     16.00,     16.00,     16.00,     16.00,0,0,0,1,1,1,U2 
H5,840,2017,610990,     55.00,      2.00,     32.00,     13.75,0,0,0,4,4,4,U2 
H5,840,2017,611011,     16.00,     16.00,     16.00,     16.00,0,0,0,1,1,1,U2 
H5,840,2017,611012,     20.00,      4.00,     16.00,     10.00,0,0,0,2,2,2,U2 
H5,840,2017,611019,     16.00,     16.00,     16.00,     16.00,0,0,0,1,1,1,U2 
H5,840,2017,611020,     21.00,      5.00,     16.00,     10.50,0,0,0,2,2,2,U2 
H5,840,2017,611030,     61.00,      6.00,     32.00,     15.25,0,0,0,4,4,4,U2 
H5,840,2017,611090,      6.90,      0.90,      6.00,      3.45,0,0,0,2,2,2,U2 
H5,840,2017,611120,     80.00,      8.00,     19.00,     13.33,0,0,0,6,6,6,U2 
H5,840,2017,611130,    138.00,     16.00,     32.00,     27.60,0,0,0,5,5,5,U2 
H5,840,2017,611190,     89.90,      0.00,     26.00,     11.24,0,1,0,7,8,8,U2 
H5,840,2017,611211,     14.00,     14.00,     14.00,     14.00,0,0,0,1,1,1,U2 
H5,840,2017,611212,     28.00,     28.00,     28.00,     28.00,0,0,0,1,1,1,U2 
H5,840,2017,611219,     52.00,      3.00,     28.00,     17.33,0,0,0,3,3,3,U2 
H5,840,2017,611220,     36.00,      8.00,     28.00,     18.00,0,0,0,2,2,2,U2 
H5,840,2017,611231,     25.00,     25.00,     25.00,     25.00,0,0,0,1,1,1,U2 
H5,840,2017,611239,     13.00,     13.00,     13.00,     13.00,0,0,0,1,1,1,U2 
H5,840,2017,611241,     24.00,     24.00,     24.00,     24.00,0,0,0,1,1,1,U2 
H5,840,2017,611249,     13.00,     13.00,     13.00,     13.00,0,0,0,1,1,1,U2 
H5,840,2017,611300,     10.00,      3.00,      7.00,      5.00,0,0,0,2,2,2,U2 
H5,840,2017,611420,     10.00,     10.00,     10.00,     10.00,0,0,0,1,1,1,U2 
H5,840,2017,611430,     74.00,     14.00,     32.00,     24.67,0,0,0,3,3,3,U2 
H5,840,2017,611490,     17.90,      0.90,     12.00,      5.97,0,0,0,3,3,3,U2 
H5,840,2017,611510,     80.00,      0.00,     16.00,     11.43,0,1,0,6,7,7,U2 
H5,840,2017,611521,     16.00,     16.00,     16.00,     16.00,0,0,0,1,1,1,U2 
H5,840,2017,611522,     14.00,     14.00,     14.00,     14.00,0,0,0,1,1,1,U2 
H5,840,2017,611529,     18.00,      2.00,     16.00,      9.00,0,0,0,2,2,2,U2 
H5,840,2017,611530,     16.00,      2.00,     14.00,      8.00,0,0,0,2,2,2,U2 
H5,840,2017,611594,     11.00,     11.00,     11.00,     11.00,0,0,0,1,1,1,U2 
H5,840,2017,611595,     23.00,     10.00,     13.00,     11.50,0,0,0,2,2,2,U2 
H5,840,2017,611596,     32.00,     14.00,     18.00,     16.00,0,0,0,2,2,2,U2 
H5,840,2017,611599,     42.00,      1.00,     18.00,     10.50,0,0,0,4,4,4,U2 
H5,840,2017,611610,    104.00,      0.00,     23.00,     10.40,0,1,0,9,10,10,U2 
H5,840,2017,611691,      7.55,      7.55,      7.55,      7.55,0,0,1,0,1,1,U2 
H5,840,2017,611692,     66.00,      0.00,     23.00,     11.00,0,1,0,5,6,6,U2 
H5,840,2017,611693,     56.41,      0.00,     18.00,      9.40,0,1,2,3,6,6,U2 
H5,840,2017,611699,     41.00,      0.00,     18.00,      6.83,0,2,0,4,6,6,U2 
H5,840,2017,611710,     30.00,      1.00,     11.00,      7.50,0,0,0,4,4,4,U2 
H5,840,2017,611780,     36.00,      1.00,     14.00,      7.20,0,0,0,5,5,5,U2 
H5,840,2017,611790,     16.00,      2.00,     14.00,      8.00,0,0,0,2,2,2,U2 
H5,840,2017,620111,     17.08,     17.08,     17.08,     17.08,0,0,1,0,1,1,U2 
H5,840,2017,620112,     13.00,      4.00,      9.00,      6.50,0,0,0,2,2,2,U2 
H5,840,2017,620113,     52.34,      4.00,     27.00,     17.45,0,0,1,2,3,3,U2 
H5,840,2017,620119,      2.00,      0.00,      2.00,      1.00,0,1,0,1,2,2,U2 
H5,840,2017,620191,     57.06,      8.00,     20.53,     14.27,0,0,2,2,4,4,U2 
H5,840,2017,620192,     38.00,      4.00,      9.00,      6.33,0,0,0,6,6,6,U2 
H5,840,2017,620193,    146.35,      4.00,     27.00,     14.63,0,0,2,8,10,10,U2 
H5,840,2017,620199,      8.00,      0.00,      4.00,      2.00,0,2,0,2,4,4,U2 
H5,840,2017,620211,     17.01,     17.01,     17.01,     17.01,0,0,1,0,1,1,U2 
H5,840,2017,620212,     12.00,      4.00,      8.00,      6.00,0,0,0,2,2,2,U2 
H5,840,2017,620213,     52.20,      4.00,     27.00,     17.40,0,0,1,2,3,3,U2 
H5,840,2017,620219,      2.00,      0.00,      2.00,      1.00,0,1,0,1,2,2,U2 
H5,840,2017,620291,     61.84,     14.00,     16.92,     15.46,0,0,2,2,4,4,U2 
H5,840,2017,620292,     36.00,      4.00,      8.00,      6.00,0,0,0,6,6,6,U2 
H5,840,2017,620293,    148.92,      4.00,     27.00,     14.89,0,0,2,8,10,10,U2 
H5,840,2017,620299,      4.00,      0.00,      2.00,      1.00,0,2,0,2,4,4,U2 
H5,840,2017,620311,     48.00,      7.00,     17.00,     12.00,0,0,0,4,4,4,U2 
H5,840,2017,620312,     44.00,     17.00,     27.00,     22.00,0,0,0,2,2,2,U2 
H5,840,2017,620319,     59.88,      3.00,     22.88,     11.98,0,0,1,4,5,5,U2 
H5,840,2017,620322,      7.00,      7.00,      7.00,      7.00,1,0,0,1,1,2,U2 
H5,840,2017,620323,,,,,1,0,0,0,0,1,U2 
H5,840,2017,620329,,,,,4,0,0,0,0,4,U2 
H5,840,2017,620331,     34.00,     17.00,     17.00,     17.00,0,0,0,2,2,2,U2 
H5,840,2017,620332,     11.00,      2.00,      9.00,      5.50,0,0,0,2,2,2,U2 
H5,840,2017,620333,     49.00,     22.00,     27.00,     24.50,0,0,0,2,2,2,U2 
H5,840,2017,620339,     56.00,      1.00,     27.00,     14.00,0,0,0,4,4,4,U2 
H5,840,2017,620341,     98.15,      7.00,     17.04,     12.27,0,0,4,4,8,8,U2 
H5,840,2017,620342,     52.00,      0.00,     16.00,      8.67,0,2,0,4,6,6,U2 
H5,840,2017,620343,    165.41,      0.00,     27.00,     12.72,0,2,2,9,13,13,U2 
H5,840,2017,620349,     86.00,      0.00,     27.00,      9.56,0,2,0,7,9,9,U2 
H5,840,2017,620411,     14.00,     14.00,     14.00,     14.00,0,0,0,1,1,1,U2 
H5,840,2017,620412,     14.00,     14.00,     14.00,     14.00,0,0,0,1,1,1,U2 
H5,840,2017,620413,     44.21,     17.00,     27.21,     22.11,0,0,1,1,2,2,U2 
H5,840,2017,620419,     51.79,      1.00,     27.79,     12.95,0,0,1,3,4,4,U2 
H5,840,2017,620421,,,,,1,0,0,0,0,1,U2 
H5,840,2017,620422,      7.00,      7.00,      7.00,      7.00,1,0,0,1,1,2,U2 
H5,840,2017,620423,,,,,1,0,0,0,0,1,U2 
H5,840,2017,620429,,,,,2,0,0,0,0,2,U2 
H5,840,2017,620431,     24.00,      7.00,     17.00,     12.00,0,0,0,2,2,2,U2 
H5,840,2017,620432,     11.00,      2.00,      9.00,      5.50,0,0,0,2,2,2,U2 
H5,840,2017,620433,     58.47,      2.00,     27.00,     14.62,0,0,1,3,4,4,U2 
H5,840,2017,620439,     51.63,      1.00,     27.00,     12.91,0,0,1,3,4,4,U2 
H5,840,2017,620441,     20.00,      7.00,     13.00,     10.00,0,0,0,2,2,2,U2 
H5,840,2017,620442,     24.00,      5.00,     11.00,      8.00,0,0,0,3,3,3,U2 
H5,840,2017,620443,     48.00,      7.00,     16.00,     12.00,0,0,0,4,4,4,U2 
H5,840,2017,620444,     35.00,      8.00,     16.00,     11.67,0,0,0,3,3,3,U2 
H5,840,2017,620449,     12.00,      6.00,      6.00,      6.00,0,0,0,2,2,2,U2 
H5,840,2017,620451,     14.00,     14.00,     14.00,     14.00,0,0,0,1,1,1,U2 
H5,840,2017,620452,     16.00,      8.00,      8.00,      8.00,0,0,0,2,2,2,U2 
H5,840,2017,620453,     41.00,     11.00,     16.00,     13.67,0,0,0,3,3,3,U2 
H5,840,2017,620459,     47.00,      6.00,     16.00,     11.75,0,0,0,4,4,4,U2 
H5,840,2017,620461,     40.00,      7.00,     13.00,     10.00,0,0,0,4,4,4,U2 
H5,840,2017,620462,     55.00,      0.00,     16.00,      7.86,0,2,0,5,7,7,U2 
H5,840,2017,620463,    149.00,      0.00,     28.00,     11.46,0,2,0,11,13,13,U2 
H5,840,2017,620469,    128.00,      1.00,     28.00,     10.67,0,0,0,12,12,12,U2 
H5,840,2017,620520,     27.00,      8.00,     19.00,     13.50,0,0,0,2,2,2,U2 
H5,840,2017,620530,     61.22,     12.00,     27.24,     20.41,0,0,2,1,3,3,U2 
H5,840,2017,620590,     36.00,      1.00,     17.00,      7.20,0,0,0,5,5,5,U2 
H5,840,2017,620610,      6.00,      6.00,      6.00,      6.00,0,0,0,1,1,1,U2 
H5,840,2017,620620,     32.00,      7.00,     17.00,     10.67,0,0,0,3,3,3,U2 
H5,840,2017,620630,     27.00,      3.00,     15.00,      9.00,0,0,0,3,3,3,U2 
H5,840,2017,620640,     56.87,      4.00,     26.00,     14.22,0,0,1,3,4,4,U2 
H5,840,2017,620690,      6.00,      6.00,      6.00,      6.00,0,0,0,1,1,1,U2 
H5,840,2017,620711,      6.00,      6.00,      6.00,      6.00,0,0,0,1,1,1,U2 
H5,840,2017,620719,     11.00,      1.00,     10.00,      5.50,0,0,0,2,2,2,U2 
H5,840,2017,620721,      8.00,      8.00,      8.00,      8.00,0,0,0,1,1,1,U2 
H5,840,2017,620722,     16.00,     16.00,     16.00,     16.00,0,0,0,1,1,1,U2 
H5,840,2017,620729,      8.00,      1.00,      7.00,      4.00,0,0,0,2,2,2,U2 
H5,840,2017,620791,     14.00,      6.00,      8.00,      7.00,0,0,0,2,2,2,U2 
H5,840,2017,620799,     46.00,      1.00,     14.00,      7.67,0,0,0,6,6,6,U2 
H5,840,2017,620811,     14.00,     14.00,     14.00,     14.00,0,0,0,1,1,1,U2 
H5,840,2017,620819,     20.00,      1.00,     11.00,      6.67,0,0,0,3,3,3,U2 
H5,840,2017,620821,      8.00,      8.00,      8.00,      8.00,0,0,0,1,1,1,U2 
H5,840,2017,620822,     16.00,     16.00,     16.00,     16.00,0,0,0,1,1,1,U2 
H5,840,2017,620829,      8.00,      1.00,      7.00,      4.00,0,0,0,2,2,2,U2 
H5,840,2017,620891,     18.00,      7.00,     11.00,      9.00,0,0,0,2,2,2,U2 
H5,840,2017,620892,     16.00,     16.00,     16.00,     16.00,0,0,0,1,1,1,U2 
H5,840,2017,620899,     18.00,      1.00,      8.00,      4.50,0,0,0,4,4,4,U2 
H5,840,2017,620920,     48.00,      9.00,     14.00,     12.00,0,0,0,4,4,4,U2 
H5,840,2017,620930,     66.00,     16.00,     28.00,     22.00,0,0,0,3,3,3,U2 
H5,840,2017,620990,     67.43,      0.00,     22.00,     11.24,0,1,1,4,6,6,U2 
H5,840,2017,621010,     26.00,      0.00,     16.00,      6.50,0,1,0,3,4,4,U2 
H5,840,2017,621020,     19.00,      3.00,      7.00,      4.75,0,0,0,4,4,4,U2 
H5,840,2017,621030,     19.00,      3.00,      7.00,      4.75,0,0,0,4,4,4,U2 
H5,840,2017,621040,     38.00,      3.00,      7.00,      4.75,0,0,0,8,8,8,U2 
H5,840,2017,621050,     38.00,      3.00,      7.00,      4.75,0,0,0,8,8,8,U2 
H5,840,2017,621111,     38.00,      4.00,     27.00,     12.67,0,0,0,3,3,3,U2 
H5,840,2017,621112,     19.00,      1.00,     11.00,      6.33,0,0,0,3,3,3,U2 
H5,840,2017,621120,    246.70,      0.70,     28.00,     16.45,0,0,0,15,15,15,U2 
H5,840,2017,621132,     16.00,      8.00,      8.00,      8.00,0,0,0,2,2,2,U2 
H5,840,2017,621133,     32.00,     16.00,     16.00,     16.00,0,0,0,2,2,2,U2 
H5,840,2017,621139,     29.00,      0.50,     12.00,      4.83,0,0,0,6,6,6,U2 
H5,840,2017,621142,     16.00,      8.00,      8.00,      8.00,0,0,0,2,2,2,U2 
H5,840,2017,621143,     32.00,     16.00,     16.00,     16.00,0,0,0,2,2,2,U2 
H5,840,2017,621149,     40.00,      1.00,     12.00,      6.67,0,0,0,6,6,6,U2 
H5,840,2017,621210,     38.00,      2.00,     16.00,      9.50,0,0,0,4,4,4,U2 
H5,840,2017,621220,     20.00,     20.00,     20.00,     20.00,0,0,0,1,1,1,U2 
H5,840,2017,621230,     23.00,     23.00,     23.00,     23.00,0,0,0,1,1,1,U2 
H5,840,2017,621290,      6.00,      6.00,      6.00,      6.00,0,0,0,1,1,1,U2 
H5,840,2017,621320,     20.00,      7.00,     13.00,     10.00,0,0,0,2,2,2,U2 
H5,840,2017,621390,     19.00,      1.00,     10.00,      4.75,0,0,0,4,4,4,U2 
H5,840,2017,621410,      4.00,      1.00,      3.00,      2.00,0,0,0,2,2,2,U2 
H5,840,2017,621420,      6.00,      6.00,      6.00,      6.00,0,0,0,1,1,1,U2 
H5,840,2017,621430,      5.00,      5.00,      5.00,      5.00,0,0,0,1,1,1,U2 
H5,840,2017,621440,      5.00,      5.00,      5.00,      5.00,0,0,0,1,1,1,U2 
H5,840,2017,621490,     11.00,     11.00,     11.00,     11.00,0,0,0,1,1,1,U2 
H5,840,2017,621510,      7.00,      7.00,      7.00,      7.00,0,0,0,1,1,1,U2 
H5,840,2017,621520,     13.71,     13.71,     13.71,     13.71,0,0,1,0,1,1,U2 
H5,840,2017,621590,      5.00,      5.00,      5.00,      5.00,0,0,0,1,1,1,U2 
H5,840,2017,621600,    171.02,      0.00,     23.00,      8.55,0,3,4,13,20,20,U2 
H5,840,2017,621710,     30.00,      2.00,     14.00,     10.00,0,0,0,3,3,3,U2 
H5,840,2017,621790,     16.00,      2.00,     14.00,      8.00,0,0,0,2,2,2,U2 
H5,840,2017,630110,     11.00,     11.00,     11.00,     11.00,0,0,0,1,1,1,U2 
H5,840,2017,630120,      0.00,      0.00,      0.00,      0.00,0,1,0,0,1,1,U2 
H5,840,2017,630130,      8.00,      8.00,      8.00,      8.00,0,0,0,1,1,1,U2 
H5,840,2017,630140,      8.00,      8.00,      8.00,      8.00,0,0,0,1,1,1,U2 
H5,840,2017,630190,      7.00,      7.00,      7.00,      7.00,0,0,0,1,1,1,U2 
H5,840,2017,630210,      6.00,      6.00,      6.00,      6.00,0,0,0,1,1,1,U2 
H5,840,2017,630221,     39.00,      2.00,     20.00,      9.75,0,0,0,4,4,4,U2 
H5,840,2017,630222,     25.00,     11.00,     14.00,     12.50,0,0,0,2,2,2,U2 
H5,840,2017,630229,      4.00,      4.00,      4.00,      4.00,0,0,0,1,1,1,U2 
H5,840,2017,630231,     40.00,      3.00,     20.00,     10.00,0,0,0,4,4,4,U2 
H5,840,2017,630232,     25.00,     11.00,     14.00,     12.50,0,0,0,2,2,2,U2 
H5,840,2017,630239,      4.00,      4.00,      4.00,      4.00,0,0,0,1,1,1,U2 
H5,840,2017,630240,     12.00,      6.00,      6.00,      6.00,0,0,0,2,2,2,U2 
H5,840,2017,630251,     21.00,      4.00,      6.00,      5.25,0,0,0,4,4,4,U2 
H5,840,2017,630253,     11.00,     11.00,     11.00,     11.00,0,0,0,1,1,1,U2 
H5,840,2017,630259,     13.00,      0.00,      8.00,      4.33,0,1,0,2,3,3,U2 
H5,840,2017,630260,      9.00,      9.00,      9.00,      9.00,0,0,0,1,1,1,U2 
H5,840,2017,630291,      9.00,      9.00,      9.00,      9.00,0,0,0,1,1,1,U2 
H5,840,2017,630293,     15.00,      6.00,      9.00,      7.50,0,0,0,2,2,2,U2 
H5,840,2017,630299,     10.00,      0.00,      8.00,      3.33,0,1,0,2,3,3,U2 
H5,840,2017,630312,     11.00,     11.00,     11.00,     11.00,0,0,0,1,1,1,U2 
H5,840,2017,630319,     16.00,      6.00,     10.00,      8.00,0,0,0,2,2,2,U2 
H5,840,2017,630391,     10.00,     10.00,     10.00,     10.00,0,0,0,1,1,1,U2 
H5,840,2017,630392,     22.00,     11.00,     11.00,     11.00,0,0,0,2,2,2,U2 
H5,840,2017,630399,     11.00,     11.00,     11.00,     11.00,0,0,0,1,1,1,U2 
H5,840,2017,630411,     23.00,      5.00,     12.00,      7.67,0,0,0,3,3,3,U2 
H5,840,2017,630419,     42.00,      4.00,     14.00,      8.40,0,0,0,5,5,5,U2 
H5,840,2017,630420,,,,,1,0,0,0,0,1,U2 
H5,840,2017,630491,      5.00,      5.00,      5.00,      5.00,0,0,0,1,1,1,U2 
H5,840,2017,630492,      6.00,      6.00,      6.00,      6.00,0,0,0,1,1,1,U2 
H5,840,2017,630493,      9.00,      9.00,      9.00,      9.00,0,0,0,1,1,1,U2 
H5,840,2017,630499,     42.00,      3.00,     11.00,      7.00,0,0,0,6,6,6,U2 
H5,840,2017,630510,      0.00,      0.00,      0.00,      0.00,0,1,0,0,1,1,U2 
H5,840,2017,630520,      6.00,      6.00,      6.00,      6.00,0,0,0,1,1,1,U2 
H5,840,2017,630532,      8.00,      8.00,      8.00,      8.00,0,0,0,1,1,1,U2 
H5,840,2017,630533,      8.00,      8.00,      8.00,      8.00,0,0,0,1,1,1,U2 
H5,840,2017,630539,      8.00,      8.00,      8.00,      8.00,0,0,0,1,1,1,U2 
H5,840,2017,630590,      6.00,      6.00,      6.00,      6.00,0,0,0,1,1,1,U2 
H5,840,2017,630612,      8.00,      8.00,      8.00,      8.00,0,0,0,1,1,1,U2 
H5,840,2017,630619,     13.00,      5.00,      8.00,      6.50,0,0,0,2,2,2,U2 
H5,840,2017,630622,      8.00,      0.00,      8.00,      4.00,0,1,0,1,2,2,U2 
H5,840,2017,630629,     10.00,      2.00,      8.00,      5.00,0,0,0,2,2,2,U2 
H5,840,2017,630630,      0.00,      0.00,      0.00,      0.00,0,1,0,0,1,1,U2 
H5,840,2017,630640,      6.00,      3.00,      3.00,      3.00,0,0,0,2,2,2,U2 
H5,840,2017,630690,      7.00,      3.00,      4.00,      3.50,0,0,0,2,2,2,U2 
H5,840,2017,630710,      9.00,      4.00,      5.00,      4.50,0,0,0,2,2,2,U2 
H5,840,2017,630720,      4.00,      4.00,      4.00,      4.00,0,0,0,1,1,1,U2 
H5,840,2017,630790,     34.00,      0.00,      7.00,      3.40,0,4,0,6,10,10,U2 
H5,840,2017,630800,     11.00,     11.00,     11.00,     11.00,0,0,0,1,1,1,U2 
H5,840,2017,630900,      0.00,      0.00,      0.00,      0.00,0,1,0,0,1,1,U2 
H5,840,2017,631010,      0.00,      0.00,      0.00,      0.00,0,2,0,0,2,2,U2 
H5,840,2017,631090,     11.27,      0.00,     11.27,      5.64,0,1,1,0,2,2,U2 
H5,840,2017,640110,     37.00,     37.00,     37.00,     37.00,0,0,0,1,1,1,U2 
H5,840,2017,640192,     41.00,      0.00,     37.00,     13.67,0,1,0,2,3,3,U2 
H5,840,2017,640199,    136.00,      0.00,     37.00,     27.20,0,1,0,4,5,5,U2 
H5,840,2017,640212,      0.00,      0.00,      0.00,      0.00,0,1,0,0,1,1,U2 
H5,840,2017,640219,     76.65,      0.00,     35.82,     12.77,0,1,2,3,6,6,U2 
H5,840,2017,640220,      0.00,      0.00,      0.00,      0.00,0,1,0,0,1,1,U2 
H5,840,2017,640291,    360.51,      6.00,     48.00,     27.73,0,0,4,9,13,13,U2 
H5,840,2017,640299,    472.31,      3.00,     48.33,     23.62,0,0,4,16,20,20,U2 
H5,840,2017,640312,      0.00,      0.00,      0.00,      0.00,0,2,0,0,2,2,U2 
H5,840,2017,640319,     27.00,      0.00,     10.00,      4.50,0,2,0,4,6,6,U2 
H5,840,2017,640320,      0.00,      0.00,      0.00,      0.00,0,1,0,0,1,1,U2 
H5,840,2017,640340,     13.00,      5.00,      8.00,      6.50,0,0,0,2,2,2,U2 
H5,840,2017,640351,     23.00,      0.00,     10.00,      5.75,0,1,0,3,4,4,U2 
H5,840,2017,640359,     25.00,      0.00,     10.00,      5.00,0,1,0,4,5,5,U2 
H5,840,2017,640391,     23.00,      0.00,     10.00,      5.75,0,1,0,3,4,4,U2 
H5,840,2017,640399,     38.00,      0.00,     10.00,      6.33,0,1,0,5,6,6,U2 
H5,840,2017,640411,    277.25,      7.00,     48.00,     19.80,0,0,2,12,14,14,U2 
H5,840,2017,640419,    415.62,      7.00,     48.00,     18.89,0,0,2,20,22,22,U2 
H5,840,2017,640420,     62.00,     10.00,     37.00,     20.67,0,0,0,3,3,3,U2 
H5,840,2017,640510,     10.00,     10.00,     10.00,     10.00,0,0,0,1,1,1,U2 
H5,840,2017,640520,     21.00,      2.00,     12.00,      7.00,0,0,0,3,3,3,U2 
H5,840,2017,640590,     15.00,      3.00,     12.00,      7.50,0,0,0,2,2,2,U2 
H5,840,2017,640610,    130.00,      0.00,     33.00,      9.29,2,3,0,11,14,16,U2 
H5,840,2017,640620,      2.00,      2.00,      2.00,      2.00,0,0,0,1,1,1,U2 
H5,840,2017,640690,     21.00,      0.00,     14.00,      4.20,0,2,0,3,5,5,U2 
H5,840,2017,650100,     10.76,      0.00,     10.76,      5.38,1,1,1,0,2,3,U2 
H5,840,2017,650200,     14.26,      0.00,      6.00,      3.56,0,1,1,2,4,4,U2 
H5,840,2017,650400,     19.76,      6.00,      7.76,      6.59,0,0,1,2,3,3,U2 
H5,840,2017,650500,     80.47,      0.00,      9.12,      6.19,0,1,6,6,13,13,U2 
H5,840,2017,650610,      0.00,      0.00,      0.00,      0.00,0,2,0,0,2,2,U2 
H5,840,2017,650691,      0.00,      0.00,      0.00,      0.00,0,1,0,0,1,1,U2 
H5,840,2017,650699,     11.00,      3.00,      8.00,      5.50,0,0,0,2,2,2,U2 
H5,840,2017,650700,      0.00,      0.00,      0.00,      0.00,0,1,0,0,1,1,U2 
H5,840,2017,660110,      6.00,      6.00,      6.00,      6.00,0,0,0,1,1,1,U2 
H5,840,2017,660191,      0.00,      0.00,      0.00,      0.00,0,1,0,0,1,1,U2 
H5,840,2017,660199,      8.00,      8.00,      8.00,      8.00,0,0,0,1,1,1,U2 
H5,840,2017,660200,      4.00,      4.00,      4.00,      4.00,0,0,0,1,1,1,U2 
H5,840,2017,660320,     12.00,      0.00,     12.00,      6.00,0,1,0,1,2,2,U2 
H5,840,2017,660390,      5.00,      0.00,      5.00,      2.50,0,1,0,1,2,2,U2 
H5,840,2017,670100,      8.00,      4.00,      4.00,      4.00,0,0,0,2,2,2,U2 
H5,840,2017,670210,     11.00,      3.00,      8.00,      5.50,0,0,0,2,2,2,U2 
H5,840,2017,670290,     30.00,      4.00,     17.00,     10.00,0,0,0,3,3,3,U2 
H5,840,2017,670300,      0.00,      0.00,      0.00,      0.00,0,2,0,0,2,2,U2 
H5,840,2017,670411,      0.00,      0.00,      0.00,      0.00,0,1,0,0,1,1,U2 
H5,840,2017,670419,      0.00,      0.00,      0.00,      0.00,0,1,0,0,1,1,U2 
H5,840,2017,670420,      0.00,      0.00,      0.00,      0.00,0,1,0,0,1,1,U2 
H5,840,2017,670490,      0.00,      0.00,      0.00,      0.00,0,1,0,0,1,1,U2 
H5,840,2017,680100,      2.00,      2.00,      2.00,      2.00,0,0,0,1,1,1,U2 
H5,840,2017,680210,      4.00,      4.00,      4.00,      4.00,0,0,0,1,1,1,U2 
H5,840,2017,680221,      5.00,      1.00,      4.00,      2.50,0,0,0,2,2,2,U2 
H5,840,2017,680223,      3.00,      3.00,      3.00,      3.00,0,0,0,1,1,1,U2 
H5,840,2017,680229,     10.00,      4.00,      6.00,      5.00,0,0,0,2,2,2,U2 
H5,840,2017,680291,     17.00,      2.00,      4.00,      3.40,0,0,0,5,5,5,U2 
H5,840,2017,680292,      4.00,      4.00,      4.00,      4.00,0,0,0,1,1,1,U2 
H5,840,2017,680293,      3.00,      3.00,      3.00,      3.00,0,0,0,1,1,1,U2 
H5,840,2017,680299,      6.00,      6.00,      6.00,      6.00,0,0,0,1,1,1,U2 
H5,840,2017,680300,      3.00,      0.00,      3.00,      1.50,0,1,0,1,2,2,U2 
H5,840,2017,680410,      0.00,      0.00,      0.00,      0.00,0,1,0,0,1,1,U2 
H5,840,2017,680421,      0.00,      0.00,      0.00,      0.00,0,1,0,0,1,1,U2 
H5,840,2017,680422,      2.72,      0.00,      2.72,      0.91,0,2,1,0,3,3,U2 
H5,840,2017,680423,      0.00,      0.00,      0.00,      0.00,0,1,0,0,1,1,U2 
H5,840,2017,680430,      0.00,      0.00,      0.00,      0.00,0,1,0,0,1,1,U2 
H5,840,2017,680510,      0.00,      0.00,      0.00,      0.00,0,1,0,0,1,1,U2 
H5,840,2017,680520,      0.00,      0.00,      0.00,      0.00,0,1,0,0,1,1,U2 
H5,840,2017,680530,      0.00,      0.00,      0.00,      0.00,0,2,0,0,2,2,U2 
H5,840,2017,680610,      3.00,      3.00,      3.00,      3.00,0,0,0,1,1,1,U2 
H5,840,2017,680620,      0.00,      0.00,      0.00,      0.00,0,1,0,0,1,1,U2 
H5,840,2017,680690,      0.00,      0.00,      0.00,      0.00,0,1,0,0,1,1,U2 
H5,840,2017,680710,      0.00,      0.00,      0.00,      0.00,0,1,0,0,1,1,U2 
H5,840,2017,680790,      2.00,      2.00,      2.00,      2.00,0,0,0,1,1,1,U2 
H5,840,2017,680800,      0.00,      0.00,      0.00,      0.00,0,1,0,0,1,1,U2 
H5,840,2017,680911,      0.00,      0.00,      0.00,      0.00,0,1,0,0,1,1,U2 
H5,840,2017,680919,      3.00,      3.00,      3.00,      3.00,0,0,0,1,1,1,U2 
H5,840,2017,680990,      0.00,      0.00,      0.00,      0.00,0,1,0,0,1,1,U2 
H5,840,2017,681011,      3.00,      3.00,      3.00,      3.00,0,0,0,1,1,1,U2 
H5,840,2017,681019,     16.00,      3.00,      9.00,      5.33,0,0,0,3,3,3,U2 
H5,840,2017,681091,      0.00,      0.00,      0.00,      0.00,0,1,0,0,1,1,U2 
H5,840,2017,681099,      0.00,      0.00,      0.00,      0.00,0,1,0,0,1,1,U2 
H5,840,2017,681140,      0.00,      0.00,      0.00,      0.00,0,1,0,0,1,1,U2 
H5,840,2017,681181,      0.00,      0.00,      0.00,      0.00,0,1,0,0,1,1,U2 
H5,840,2017,681182,      0.00,      0.00,      0.00,      0.00,0,1,0,0,1,1,U2 
H5,840,2017,681189,      0.00,      0.00,      0.00,      0.00,0,2,0,0,2,2,U2 
H5,840,2017,681280,      8.00,      0.00,      8.00,      4.00,0,1,0,1,2,2,U2 
H5,840,2017,681291,      8.00,      0.00,      8.00,      4.00,0,1,0,1,2,2,U2 
H5,840,2017,681292,      0.00,      0.00,      0.00,      0.00,0,1,0,0,1,1,U2 
H5,840,2017,681293,      0.00,      0.00,      0.00,      0.00,0,1,0,0,1,1,U2 
H5,840,2017,681299,      0.00,      0.00,      0.00,      0.00,0,1,0,0,1,1,U2 
H5,840,2017,681320,      0.00,      0.00,      0.00,      0.00,0,1,0,0,1,1,U2 
H5,840,2017,681381,      0.00,      0.00,      0.00,      0.00,0,1,0,0,1,1,U2 
H5,840,2017,681389,      0.00,      0.00,      0.00,      0.00,0,1,0,0,1,1,U2 
H5,840,2017,681410,      2.00,      2.00,      2.00,      2.00,0,0,0,1,1,1,U2 
H5,840,2017,681490,      2.00,      2.00,      2.00,      2.00,0,0,0,1,1,1,U2 
H5,840,2017,681510,      0.00,      0.00,      0.00,      0.00,0,1,0,0,1,1,U2 
H5,840,2017,681520,      0.00,      0.00,      0.00,      0.00,0,1,0,0,1,1,U2 
H5,840,2017,681591,      0.00,      0.00,      0.00,      0.00,0,1,0,0,1,1,U2 
H5,840,2017,681599,      0.00,      0.00,      0.00,      0.00,0,2,0,0,2,2,U2 
H5,840,2017,690100,      0.00,      0.00,      0.00,      0.00,0,1,0,0,1,1,U2 
H5,840,2017,690210,      0.00,      0.00,      0.00,      0.00,0,2,0,0,2,2,U2 
H5,840,2017,690220,      0.00,      0.00,      0.00,      0.00,0,2,0,0,2,2,U2 
H5,840,2017,690290,      0.00,      0.00,      0.00,      0.00,0,2,0,0,2,2,U2 
H5,840,2017,690310,      0.00,      0.00,      0.00,      0.00,0,1,0,0,1,1,U2 
H5,840,2017,690320,      0.00,      0.00,      0.00,      0.00,0,1,0,0,1,1,U2 
H5,840,2017,690390,      0.00,      0.00,      0.00,      0.00,0,1,0,0,1,1,U2 
H5,840,2017,690410,      0.00,      0.00,      0.00,      0.00,0,1,0,0,1,1,U2 
H5,840,2017,690490,      0.00,      0.00,      0.00,      0.00,0,1,0,0,1,1,U2 
H5,840,2017,690510,     13.00,     13.00,     13.00,     13.00,0,0,0,1,1,1,U2 
H5,840,2017,690590,      3.00,      3.00,      3.00,      3.00,0,0,0,1,1,1,U2 
H5,840,2017,690600,      0.00,      0.00,      0.00,      0.00,0,1,0,0,1,1,U2 
H5,840,2017,690721,     46.00,      8.00,     10.00,      9.20,0,0,0,5,5,5,U2 
H5,840,2017,690722,     46.00,      8.00,     10.00,      9.20,0,0,0,5,5,5,U2 
H5,840,2017,690723,     46.00,      8.00,     10.00,      9.20,0,0,0,5,5,5,U2 
H5,840,2017,690730,     46.00,      8.00,     10.00,      9.20,0,0,0,5,5,5,U2 
H5,840,2017,690740,     46.00,      8.00,     10.00,      9.20,0,0,0,5,5,5,U2 
H5,840,2017,690911,      4.00,      0.00,      4.00,      2.00,0,1,0,1,2,2,U2 
H5,840,2017,690912,      4.00,      4.00,      4.00,      4.00,0,0,0,1,1,1,U2 
H5,840,2017,690919,      4.00,      0.00,      4.00,      2.00,0,1,0,1,2,2,U2 
H5,840,2017,690990,      4.00,      4.00,      4.00,      4.00,0,0,0,1,1,1,U2 
H5,840,2017,691010,      5.00,      5.00,      5.00,      5.00,0,0,0,1,1,1,U2 
H5,840,2017,691090,      5.00,      5.00,      5.00,      5.00,0,0,0,1,1,1,U2 
H5,840,2017,691110,    153.00,      6.00,     26.00,     12.75,0,0,0,12,12,12,U2 
H5,840,2017,691190,      5.00,      5.00,      5.00,      5.00,0,0,0,1,1,1,U2 
H5,840,2017,691200,     82.70,      0.70,     28.00,      8.27,0,0,0,10,10,10,U2 
H5,840,2017,691310,      3.00,      0.00,      3.00,      1.00,0,2,0,1,3,3,U2 
H5,840,2017,691390,      6.00,      0.00,      6.00,      1.50,0,3,0,1,4,4,U2 
H5,840,2017,691410,      9.00,      0.00,      9.00,      4.50,0,1,0,1,2,2,U2 
H5,840,2017,691490,      5.00,      0.00,      5.00,      2.50,0,1,0,1,2,2,U2 
H5,840,2017,700100,      3.00,      0.00,      3.00,      1.00,0,2,0,1,3,3,U2 
H5,840,2017,700210,      3.00,      0.00,      3.00,      1.50,0,1,0,1,2,2,U2 
H5,840,2017,700220,      6.00,      0.00,      6.00,      3.00,0,1,0,1,2,2,U2 
H5,840,2017,700231,      0.00,      0.00,      0.00,      0.00,0,1,0,0,1,1,U2 
H5,840,2017,700232,      6.00,      6.00,      6.00,      6.00,0,0,0,1,1,1,U2 
H5,840,2017,700239,      6.00,      6.00,      6.00,      6.00,0,0,0,1,1,1,U2 
H5,840,2017,700312,      1.00,      1.00,      1.00,      1.00,0,0,0,1,1,1,U2 
H5,840,2017,700319,      1.00,      1.00,      1.00,      1.00,0,0,0,1,1,1,U2 
H5,840,2017,700320,      1.00,      1.00,      1.00,      1.00,0,0,0,1,1,1,U2 
H5,840,2017,700330,      6.00,      6.00,      6.00,      6.00,0,0,0,1,1,1,U2 
H5,840,2017,700420,      8.90,      0.00,      7.00,      2.97,0,1,1,1,3,3,U2 
H5,840,2017,700490,      5.08,      0.00,      5.00,      0.63,0,6,1,1,8,8,U2 
H5,840,2017,700510,      4.00,      0.00,      4.00,      2.00,0,1,0,1,2,2,U2 
H5,840,2017,700521,      8.23,      3.23,      5.00,      4.12,0,0,1,1,2,2,U2 
H5,840,2017,700529,     10.74,      0.00,      4.00,      2.15,0,2,2,1,5,5,U2 
H5,840,2017,700530,      1.94,      1.94,      1.94,      1.94,0,0,1,0,1,1,U2 
H5,840,2017,700600,     18.00,      4.00,      8.00,      6.00,0,0,0,3,3,3,U2 
H5,840,2017,700711,      5.00,      5.00,      5.00,      5.00,0,0,0,1,1,1,U2 
H5,840,2017,700719,      5.00,      5.00,      5.00,      5.00,0,0,0,1,1,1,U2 
H5,840,2017,700721,      8.00,      4.00,      4.00,      4.00,0,0,0,2,2,2,U2 
H5,840,2017,700729,      4.00,      4.00,      4.00,      4.00,0,0,0,1,1,1,U2 
H5,840,2017,700800,      3.00,      3.00,      3.00,      3.00,0,0,0,1,1,1,U2 
H5,840,2017,700910,      3.00,      3.00,      3.00,      3.00,0,0,0,1,1,1,U2 
H5,840,2017,700991,     13.00,      6.00,      7.00,      6.50,0,0,0,2,2,2,U2 
H5,840,2017,700992,     13.00,      6.00,      7.00,      6.50,0,0,0,2,2,2,U2 
H5,840,2017,701010,      0.00,      0.00,      0.00,      0.00,0,1,0,0,1,1,U2 
H5,840,2017,701020,      7.00,      2.00,      5.00,      3.50,0,0,0,2,2,2,U2 
H5,840,2017,701090,      7.00,      0.00,      5.00,      1.75,0,2,0,2,4,4,U2 
H5,840,2017,701110,      4.00,      0.00,      4.00,      2.00,0,1,0,1,2,2,U2 
H5,840,2017,701120,     10.00,      0.00,      5.00,      3.33,0,1,0,2,3,3,U2 
H5,840,2017,701190,      6.00,      6.00,      6.00,      6.00,0,0,0,1,1,1,U2 
H5,840,2017,701310,     32.00,      6.00,     26.00,     16.00,0,0,0,2,2,2,U2 
H5,840,2017,701322,     39.00,      3.00,     15.00,      9.75,0,0,0,4,4,4,U2 
H5,840,2017,701328,     90.00,      5.00,     28.00,     12.86,0,0,0,7,7,7,U2 
H5,840,2017,701333,     39.00,      3.00,     15.00,      9.75,0,0,0,4,4,4,U2 
H5,840,2017,701337,     90.00,      5.00,     28.00,     12.86,0,0,0,7,7,7,U2 
H5,840,2017,701341,     45.00,      6.00,     15.00,     11.25,0,0,0,4,4,4,U2 
H5,840,2017,701342,     52.00,      7.00,     22.00,     13.00,0,0,0,4,4,4,U2 
H5,840,2017,701349,     74.00,      7.00,     22.00,     12.33,0,0,0,6,6,6,U2 
H5,840,2017,701391,     50.00,      6.00,     20.00,     12.50,0,0,0,4,4,4,U2 
H5,840,2017,701399,    150.00,      6.00,     38.00,     15.00,0,0,0,10,10,10,U2 
H5,840,2017,701400,     15.00,      3.00,      5.00,      3.75,0,0,0,4,4,4,U2 
H5,840,2017,701510,      0.00,      0.00,      0.00,      0.00,0,1,0,0,1,1,U2 
H5,840,2017,701590,      0.00,      0.00,      0.00,      0.00,0,3,0,0,3,3,U2 
H5,840,2017,701610,      2.00,      2.00,      2.00,      2.00,0,0,0,1,1,1,U2 
H5,840,2017,701690,     13.00,      5.00,      8.00,      6.50,0,0,0,2,2,2,U2 
H5,840,2017,701710,      4.00,      0.00,      4.00,      2.00,0,1,0,1,2,2,U2 
H5,840,2017,701720,      6.00,      6.00,      6.00,      6.00,0,0,0,1,1,1,U2 
H5,840,2017,701790,      6.00,      0.00,      6.00,      3.00,0,1,0,1,2,2,U2 
H5,840,2017,701810,      4.00,      0.00,      4.00,      1.33,0,2,0,1,3,3,U2 
H5,840,2017,701820,      5.00,      5.00,      5.00,      5.00,0,0,0,1,1,1,U2 
H5,840,2017,701890,      9.00,      3.00,      6.00,      4.50,0,0,0,2,2,2,U2 
H5,840,2017,701911,      4.00,      4.00,      4.00,      4.00,0,0,0,1,1,1,U2 
H5,840,2017,701912,      4.00,      4.00,      4.00,      4.00,0,0,0,1,1,1,U2 
H5,840,2017,701919,     21.00,      0.00,      7.00,      3.00,0,3,0,4,7,7,U2 
H5,840,2017,701931,      4.00,      4.00,      4.00,      4.00,0,0,0,1,1,1,U2 
H5,840,2017,701932,      4.00,      4.00,      4.00,      4.00,0,0,0,1,1,1,U2 
H5,840,2017,701939,      8.00,      4.00,      4.00,      4.00,0,0,0,2,2,2,U2 
H5,840,2017,701940,     20.00,      0.00,      7.00,      3.33,0,3,0,3,6,6,U2 
H5,840,2017,701951,      6.00,      0.00,      6.00,      3.00,0,1,0,1,2,2,U2 
H5,840,2017,701952,     14.00,      0.00,      7.00,      3.50,0,2,0,2,4,4,U2 
H5,840,2017,701959,     14.00,      0.00,      7.00,      3.50,0,2,0,2,4,4,U2 
H5,840,2017,701990,      8.00,      4.00,      4.00,      4.00,0,0,0,2,2,2,U2 
H5,840,2017,702000,     11.00,      0.00,      6.00,      3.67,0,1,0,2,3,3,U2 
H5,840,2017,710110,      0.00,      0.00,      0.00,      0.00,0,2,0,0,2,2,U2 
H5,840,2017,710121,      0.00,      0.00,      0.00,      0.00,0,1,0,0,1,1,U2 
H5,840,2017,710122,      0.00,      0.00,      0.00,      0.00,0,2,0,0,2,2,U2 
H5,840,2017,710210,      0.00,      0.00,      0.00,      0.00,0,1,0,0,1,1,U2 
H5,840,2017,710221,      0.00,      0.00,      0.00,      0.00,0,3,0,0,3,3,U2 
H5,840,2017,710229,      0.00,      0.00,      0.00,      0.00,0,1,0,0,1,1,U2 
H5,840,2017,710231,      0.00,      0.00,      0.00,      0.00,0,1,0,0,1,1,U2 
H5,840,2017,710239,      0.00,      0.00,      0.00,      0.00,0,1,0,0,1,1,U2 
H5,840,2017,710310,     10.00,      0.00,     10.00,      5.00,0,1,0,1,2,2,U2 
H5,840,2017,710391,      0.00,      0.00,      0.00,      0.00,0,1,0,0,1,1,U2 
H5,840,2017,710399,     10.00,      0.00,     10.00,      5.00,0,1,0,1,2,2,U2 
H5,840,2017,710410,      3.00,      3.00,      3.00,      3.00,0,0,0,1,1,1,U2 
H5,840,2017,710420,      3.00,      3.00,      3.00,      3.00,0,0,0,1,1,1,U2 
H5,840,2017,710490,      6.00,      0.00,      6.00,      3.00,0,1,0,1,2,2,U2 
H5,840,2017,710510,      0.00,      0.00,      0.00,      0.00,0,1,0,0,1,1,U2 
H5,840,2017,710590,      0.00,      0.00,      0.00,      0.00,0,1,0,0,1,1,U2 
H5,840,2017,710610,      0.00,      0.00,      0.00,      0.00,0,1,0,0,1,1,U2 
H5,840,2017,710691,      3.00,      0.00,      3.00,      1.50,0,1,0,1,2,2,U2 
H5,840,2017,710692,      3.00,      0.00,      3.00,      1.50,0,1,0,1,2,2,U2 
H5,840,2017,710700,      3.00,      3.00,      3.00,      3.00,0,0,0,1,1,1,U2 
H5,840,2017,710811,      0.00,      0.00,      0.00,      0.00,0,1,0,0,1,1,U2 
H5,840,2017,710812,      4.00,      0.00,      4.00,      2.00,0,1,0,1,2,2,U2 
H5,840,2017,710813,      4.00,      0.00,      4.00,      1.33,0,2,0,1,3,3,U2 
H5,840,2017,710820,      0.00,      0.00,      0.00,      0.00,0,1,0,0,1,1,U2 
H5,840,2017,710900,      6.00,      6.00,      6.00,      6.00,0,0,0,1,1,1,U2 
H5,840,2017,711011,      0.00,      0.00,      0.00,      0.00,0,1,0,0,1,1,U2 
H5,840,2017,711019,      0.00,      0.00,      0.00,      0.00,0,1,0,0,1,1,U2 
H5,840,2017,711021,      0.00,      0.00,      0.00,      0.00,0,1,0,0,1,1,U2 
H5,840,2017,711029,      0.00,      0.00,      0.00,      0.00,0,1,0,0,1,1,U2 
H5,840,2017,711031,      0.00,      0.00,      0.00,      0.00,0,1,0,0,1,1,U2 
H5,840,2017,711039,      0.00,      0.00,      0.00,      0.00,0,1,0,0,1,1,U2 
H5,840,2017,711041,      0.00,      0.00,      0.00,      0.00,0,1,0,0,1,1,U2 
H5,840,2017,711049,      0.00,      0.00,      0.00,      0.00,0,1,0,0,1,1,U2 
H5,840,2017,711100,     10.00,     10.00,     10.00,     10.00,0,0,0,1,1,1,U2 
H5,840,2017,711230,      0.00,      0.00,      0.00,      0.00,0,1,0,0,1,1,U2 
H5,840,2017,711291,      0.00,      0.00,      0.00,      0.00,0,1,0,0,1,1,U2 
H5,840,2017,711292,      0.00,      0.00,      0.00,      0.00,0,1,0,0,1,1,U2 
H5,840,2017,711299,      0.00,      0.00,      0.00,      0.00,0,1,0,0,1,1,U2 
H5,840,2017,711311,     24.00,      5.00,     13.00,      8.00,0,0,0,3,3,3,U2 
H5,840,2017,711319,     32.00,      5.00,      7.00,      5.33,0,0,0,6,6,6,U2 
H5,840,2017,711320,     32.00,      5.00,      7.00,      5.33,0,0,0,6,6,6,U2 
H5,840,2017,711411,     22.00,      2.00,      3.00,      2.75,0,0,0,8,8,8,U2 
H5,840,2017,711419,      7.00,      7.00,      7.00,      7.00,0,0,0,1,1,1,U2 
H5,840,2017,711420,      3.00,      3.00,      3.00,      3.00,0,0,0,1,1,1,U2 
H5,840,2017,711510,      4.00,      4.00,      4.00,      4.00,0,0,0,1,1,1,U2 
H5,840,2017,711590,     10.00,      0.00,      4.00,      2.50,0,1,0,3,4,4,U2 
H5,840,2017,711610,      8.00,      3.00,      5.00,      4.00,0,0,0,2,2,2,U2 
H5,840,2017,711620,     25.00,      0.00,     10.00,      4.17,0,1,0,5,6,6,U2 
H5,840,2017,711711,      8.00,      8.00,      8.00,      8.00,0,0,0,1,1,1,U2 
H5,840,2017,711719,     33.00,      0.00,     11.00,      5.50,0,2,0,4,6,6,U2 
H5,840,2017,711790,     24.00,      0.00,     11.00,      3.00,0,4,0,4,8,8,U2 
H5,840,2017,711810,      0.00,      0.00,      0.00,      0.00,0,1,0,0,1,1,U2 
H5,840,2017,711890,      0.00,      0.00,      0.00,      0.00,0,1,0,0,1,1,U2 
H5,840,2017,720110,      0.00,      0.00,      0.00,      0.00,0,1,0,0,1,1,U2 
H5,840,2017,720120,      0.00,      0.00,      0.00,      0.00,0,1,0,0,1,1,U2 
H5,840,2017,720150,      0.00,      0.00,      0.00,      0.00,0,2,0,0,2,2,U2 
H5,840,2017,720211,      2.00,      1.00,      1.00,      1.00,0,0,0,2,2,2,U2 
H5,840,2017,720219,      3.00,      1.00,      2.00,      1.50,0,0,0,2,2,2,U2 
H5,840,2017,720221,      8.00,      1.00,      5.00,      2.00,0,0,0,4,4,4,U2 
H5,840,2017,720229,      0.00,      0.00,      0.00,      0.00,0,1,0,0,1,1,U2 
H5,840,2017,720230,      3.00,      3.00,      3.00,      3.00,0,0,0,1,1,1,U2 
H5,840,2017,720241,      1.00,      1.00,      1.00,      1.00,0,0,0,1,1,1,U2 
H5,840,2017,720249,      4.00,      1.00,      3.00,      2.00,0,0,0,2,2,2,U2 
H5,840,2017,720250,     10.00,     10.00,     10.00,     10.00,0,0,0,1,1,1,U2 
H5,840,2017,720260,      0.00,      0.00,      0.00,      0.00,0,1,0,0,1,1,U2 
H5,840,2017,720270,      4.00,      4.00,      4.00,      4.00,0,0,0,1,1,1,U2 
H5,840,2017,720280,      5.00,      5.00,      5.00,      5.00,0,0,0,1,1,1,U2 
H5,840,2017,720291,      3.00,      3.00,      3.00,      3.00,0,0,0,1,1,1,U2 
H5,840,2017,720292,      4.00,      4.00,      4.00,      4.00,0,0,0,1,1,1,U2 
H5,840,2017,720293,     10.00,      5.00,      5.00,      5.00,0,0,0,2,2,2,U2 
H5,840,2017,720299,     14.00,      4.00,      5.00,      4.67,0,0,0,3,3,3,U2 
H5,840,2017,720310,      0.00,      0.00,      0.00,      0.00,0,1,0,0,1,1,U2 
H5,840,2017,720390,      0.00,      0.00,      0.00,      0.00,0,1,0,0,1,1,U2 
H5,840,2017,720410,      0.00,      0.00,      0.00,      0.00,0,1,0,0,1,1,U2 
H5,840,2017,720421,      0.00,      0.00,      0.00,      0.00,0,1,0,0,1,1,U2 
H5,840,2017,720429,      0.00,      0.00,      0.00,      0.00,0,1,0,0,1,1,U2 
H5,840,2017,720430,      0.00,      0.00,      0.00,      0.00,0,1,0,0,1,1,U2 
H5,840,2017,720441,      0.00,      0.00,      0.00,      0.00,0,1,0,0,1,1,U2 
H5,840,2017,720449,      0.00,      0.00,      0.00,      0.00,0,1,0,0,1,1,U2 
H5,840,2017,720450,      0.00,      0.00,      0.00,      0.00,0,1,0,0,1,1,U2 
H5,840,2017,720510,      0.00,      0.00,      0.00,      0.00,0,1,0,0,1,1,U2 
H5,840,2017,720521,      0.00,      0.00,      0.00,      0.00,0,1,0,0,1,1,U2 
H5,840,2017,720529,      0.00,      0.00,      0.00,      0.00,0,1,0,0,1,1,U2 
H5,840,2017,720610,      0.00,      0.00,      0.00,      0.00,0,1,0,0,1,1,U2 
H5,840,2017,720690,      0.00,      0.00,      0.00,      0.00,0,1,0,0,1,1,U2 
H5,840,2017,720711,      0.00,      0.00,      0.00,      0.00,0,1,0,0,1,1,U2 
H5,840,2017,720712,      0.00,      0.00,      0.00,      0.00,0,1,0,0,1,1,U2 
H5,840,2017,720719,      0.00,      0.00,      0.00,      0.00,0,1,0,0,1,1,U2 
H5,840,2017,720720,      0.00,      0.00,      0.00,      0.00,0,1,0,0,1,1,U2 
H5,840,2017,720810,      0.00,      0.00,      0.00,      0.00,0,3,0,0,3,3,U2 
H5,840,2017,720825,      0.00,      0.00,      0.00,      0.00,0,2,0,0,2,2,U2 
H5,840,2017,720826,      0.00,      0.00,      0.00,      0.00,0,1,0,0,1,1,U2 
H5,840,2017,720827,      0.00,      0.00,      0.00,      0.00,0,1,0,0,1,1,U2 
H5,840,2017,720836,      0.00,      0.00,      0.00,      0.00,0,1,0,0,1,1,U2 
H5,840,2017,720837,      0.00,      0.00,      0.00,      0.00,0,1,0,0,1,1,U2 
H5,840,2017,720838,      0.00,      0.00,      0.00,      0.00,0,1,0,0,1,1,U2 
H5,840,2017,720839,      0.00,      0.00,      0.00,      0.00,0,1,0,0,1,1,U2 
H5,840,2017,720840,      0.00,      0.00,      0.00,      0.00,0,2,0,0,2,2,U2 
H5,840,2017,720851,      0.00,      0.00,      0.00,      0.00,0,1,0,0,1,1,U2 
H5,840,2017,720852,      0.00,      0.00,      0.00,      0.00,0,1,0,0,1,1,U2 
H5,840,2017,720853,      0.00,      0.00,      0.00,      0.00,0,1,0,0,1,1,U2 
H5,840,2017,720854,      0.00,      0.00,      0.00,      0.00,0,1,0,0,1,1,U2 
H5,840,2017,720890,      0.00,      0.00,      0.00,      0.00,0,1,0,0,1,1,U2 
H5,840,2017,720915,      0.00,      0.00,      0.00,      0.00,0,1,0,0,1,1,U2 
H5,840,2017,720916,      0.00,      0.00,      0.00,      0.00,0,1,0,0,1,1,U2 
H5,840,2017,720917,      0.00,      0.00,      0.00,      0.00,0,1,0,0,1,1,U2 
H5,840,2017,720918,      0.00,      0.00,      0.00,      0.00,0,3,0,0,3,3,U2 
H5,840,2017,720925,      0.00,      0.00,      0.00,      0.00,0,1,0,0,1,1,U2 
H5,840,2017,720926,      0.00,      0.00,      0.00,      0.00,0,1,0,0,1,1,U2 
H5,840,2017,720927,      0.00,      0.00,      0.00,      0.00,0,1,0,0,1,1,U2 
H5,840,2017,720928,      0.00,      0.00,      0.00,      0.00,0,1,0,0,1,1,U2 
H5,840,2017,720990,      0.00,      0.00,      0.00,      0.00,0,1,0,0,1,1,U2 
H5,840,2017,721011,      0.00,      0.00,      0.00,      0.00,0,1,0,0,1,1,U2 
H5,840,2017,721012,      0.00,      0.00,      0.00,      0.00,0,1,0,0,1,1,U2 
H5,840,2017,721020,      0.00,      0.00,      0.00,      0.00,0,1,0,0,1,1,U2 
H5,840,2017,721030,      0.00,      0.00,      0.00,      0.00,0,1,0,0,1,1,U2 
H5,840,2017,721041,      0.00,      0.00,      0.00,      0.00,0,1,0,0,1,1,U2 
H5,840,2017,721049,      0.00,      0.00,      0.00,      0.00,0,1,0,0,1,1,U2 
H5,840,2017,721050,      0.00,      0.00,      0.00,      0.00,0,1,0,0,1,1,U2 
H5,840,2017,721061,      0.00,      0.00,      0.00,      0.00,0,1,0,0,1,1,U2 
H5,840,2017,721069,      0.00,      0.00,      0.00,      0.00,0,1,0,0,1,1,U2 
H5,840,2017,721070,      0.00,      0.00,      0.00,      0.00,0,2,0,0,2,2,U2 
H5,840,2017,721090,      0.00,      0.00,      0.00,      0.00,0,3,0,0,3,3,U2 
H5,840,2017,721113,      0.00,      0.00,      0.00,      0.00,0,1,0,0,1,1,U2 
H5,840,2017,721114,      0.00,      0.00,      0.00,      0.00,0,1,0,0,1,1,U2 
H5,840,2017,721119,      0.00,      0.00,      0.00,      0.00,0,6,0,0,6,6,U2 
H5,840,2017,721123,      0.00,      0.00,      0.00,      0.00,0,5,0,0,5,5,U2 
H5,840,2017,721129,      0.00,      0.00,      0.00,      0.00,0,3,0,0,3,3,U2 
H5,840,2017,721190,      0.00,      0.00,      0.00,      0.00,0,1,0,0,1,1,U2 
H5,840,2017,721210,      0.00,      0.00,      0.00,      0.00,0,1,0,0,1,1,U2 
H5,840,2017,721220,      0.00,      0.00,      0.00,      0.00,0,1,0,0,1,1,U2 
H5,840,2017,721230,      0.00,      0.00,      0.00,      0.00,0,3,0,0,3,3,U2 
H5,840,2017,721240,      0.00,      0.00,      0.00,      0.00,0,2,0,0,2,2,U2 
H5,840,2017,721250,      0.00,      0.00,      0.00,      0.00,0,1,0,0,1,1,U2 
H5,840,2017,721260,      0.00,      0.00,      0.00,      0.00,0,1,0,0,1,1,U2 
H5,840,2017,721310,      0.00,      0.00,      0.00,      0.00,0,1,0,0,1,1,U2 
H5,840,2017,721320,      0.00,      0.00,      0.00,      0.00,0,1,0,0,1,1,U2 
H5,840,2017,721391,      0.00,      0.00,      0.00,      0.00,0,3,0,0,3,3,U2 
H5,840,2017,721399,      0.00,      0.00,      0.00,      0.00,0,1,0,0,1,1,U2 
H5,840,2017,721410,      0.00,      0.00,      0.00,      0.00,0,1,0,0,1,1,U2 
H5,840,2017,721420,      0.00,      0.00,      0.00,      0.00,0,1,0,0,1,1,U2 
H5,840,2017,721430,      0.00,      0.00,      0.00,      0.00,0,1,0,0,1,1,U2 
H5,840,2017,721491,      0.00,      0.00,      0.00,      0.00,0,1,0,0,1,1,U2 
H5,840,2017,721499,      0.00,      0.00,      0.00,      0.00,0,1,0,0,1,1,U2 
H5,840,2017,721510,      0.00,      0.00,      0.00,      0.00,0,1,0,0,1,1,U2 
H5,840,2017,721550,      0.00,      0.00,      0.00,      0.00,0,1,0,0,1,1,U2 
H5,840,2017,721590,      0.00,      0.00,      0.00,      0.00,0,3,0,0,3,3,U2 
H5,840,2017,721610,      0.00,      0.00,      0.00,      0.00,0,1,0,0,1,1,U2 
H5,840,2017,721621,      0.00,      0.00,      0.00,      0.00,0,1,0,0,1,1,U2 
H5,840,2017,721622,      0.00,      0.00,      0.00,      0.00,0,1,0,0,1,1,U2 
H5,840,2017,721631,      0.00,      0.00,      0.00,      0.00,0,1,0,0,1,1,U2 
H5,840,2017,721632,      0.00,      0.00,      0.00,      0.00,0,1,0,0,1,1,U2 
H5,840,2017,721633,      0.00,      0.00,      0.00,      0.00,0,1,0,0,1,1,U2 
H5,840,2017,721640,      0.00,      0.00,      0.00,      0.00,0,1,0,0,1,1,U2 
H5,840,2017,721650,      0.00,      0.00,      0.00,      0.00,0,1,0,0,1,1,U2 
H5,840,2017,721661,      0.00,      0.00,      0.00,      0.00,0,1,0,0,1,1,U2 
H5,840,2017,721669,      0.00,      0.00,      0.00,      0.00,0,1,0,0,1,1,U2 
H5,840,2017,721691,      0.00,      0.00,      0.00,      0.00,0,1,0,0,1,1,U2 
H5,840,2017,721699,      0.00,      0.00,      0.00,      0.00,0,1,0,0,1,1,U2 
H5,840,2017,721710,      0.00,      0.00,      0.00,      0.00,0,9,0,0,9,9,U2 
H5,840,2017,721720,      0.00,      0.00,      0.00,      0.00,0,5,0,0,5,5,U2 
H5,840,2017,721730,      0.00,      0.00,      0.00,      0.00,0,5,0,0,5,5,U2 
H5,840,2017,721790,      0.00,      0.00,      0.00,      0.00,0,2,0,0,2,2,U2 
H5,840,2017,721810,      0.00,      0.00,      0.00,      0.00,0,1,0,0,1,1,U2 
H5,840,2017,721891,      0.00,      0.00,      0.00,      0.00,0,1,0,0,1,1,U2 
H5,840,2017,721899,      0.00,      0.00,      0.00,      0.00,0,1,0,0,1,1,U2 
H5,840,2017,721911,      0.00,      0.00,      0.00,      0.00,0,1,0,0,1,1,U2 
H5,840,2017,721912,      0.00,      0.00,      0.00,      0.00,0,1,0,0,1,1,U2 
H5,840,2017,721913,      0.00,      0.00,      0.00,      0.00,0,1,0,0,1,1,U2 
H5,840,2017,721914,      0.00,      0.00,      0.00,      0.00,0,1,0,0,1,1,U2 
H5,840,2017,721921,      0.00,      0.00,      0.00,      0.00,0,1,0,0,1,1,U2 
H5,840,2017,721922,      0.00,      0.00,      0.00,      0.00,0,1,0,0,1,1,U2 
H5,840,2017,721923,      0.00,      0.00,      0.00,      0.00,0,1,0,0,1,1,U2 
H5,840,2017,721924,      0.00,      0.00,      0.00,      0.00,0,1,0,0,1,1,U2 
H5,840,2017,721931,      0.00,      0.00,      0.00,      0.00,0,1,0,0,1,1,U2 
H5,840,2017,721932,      0.00,      0.00,      0.00,      0.00,0,1,0,0,1,1,U2 
H5,840,2017,721933,      0.00,      0.00,      0.00,      0.00,0,1,0,0,1,1,U2 
H5,840,2017,721934,      0.00,      0.00,      0.00,      0.00,0,1,0,0,1,1,U2 
H5,840,2017,721935,      0.00,      0.00,      0.00,      0.00,0,1,0,0,1,1,U2 
H5,840,2017,721990,      0.00,      0.00,      0.00,      0.00,0,1,0,0,1,1,U2 
H5,840,2017,722011,      0.00,      0.00,      0.00,      0.00,0,1,0,0,1,1,U2 
H5,840,2017,722012,      0.00,      0.00,      0.00,      0.00,0,2,0,0,2,2,U2 
H5,840,2017,722020,      0.00,      0.00,      0.00,      0.00,0,5,0,0,5,5,U2 
H5,840,2017,722090,      0.00,      0.00,      0.00,      0.00,0,1,0,0,1,1,U2 
H5,840,2017,722100,      0.00,      0.00,      0.00,      0.00,0,1,0,0,1,1,U2 
H5,840,2017,722211,      0.00,      0.00,      0.00,      0.00,0,1,0,0,1,1,U2 
H5,840,2017,722219,      0.00,      0.00,      0.00,      0.00,0,1,0,0,1,1,U2 
H5,840,2017,722220,      0.00,      0.00,      0.00,      0.00,0,1,0,0,1,1,U2 
H5,840,2017,722230,      0.00,      0.00,      0.00,      0.00,0,1,0,0,1,1,U2 
H5,840,2017,722240,      0.00,      0.00,      0.00,      0.00,0,2,0,0,2,2,U2 
H5,840,2017,722300,      0.00,      0.00,      0.00,      0.00,0,3,0,0,3,3,U2 
H5,840,2017,722410,      0.00,      0.00,      0.00,      0.00,0,1,0,0,1,1,U2 
H5,840,2017,722490,      0.00,      0.00,      0.00,      0.00,0,1,0,0,1,1,U2 
H5,840,2017,722511,      0.00,      0.00,      0.00,      0.00,0,1,0,0,1,1,U2 
H5,840,2017,722519,      0.00,      0.00,      0.00,      0.00,0,1,0,0,1,1,U2 
H5,840,2017,722530,      0.00,      0.00,      0.00,      0.00,0,4,0,0,4,4,U2 
H5,840,2017,722540,      0.00,      0.00,      0.00,      0.00,0,4,0,0,4,4,U2 
H5,840,2017,722550,      0.00,      0.00,      0.00,      0.00,0,4,0,0,4,4,U2 
H5,840,2017,722591,      0.00,      0.00,      0.00,      0.00,0,1,0,0,1,1,U2 
H5,840,2017,722592,      0.00,      0.00,      0.00,      0.00,0,1,0,0,1,1,U2 
H5,840,2017,722599,      0.00,      0.00,      0.00,      0.00,0,1,0,0,1,1,U2 
H5,840,2017,722611,      0.00,      0.00,      0.00,      0.00,0,2,0,0,2,2,U2 
H5,840,2017,722619,      0.00,      0.00,      0.00,      0.00,0,2,0,0,2,2,U2 
H5,840,2017,722620,      0.00,      0.00,      0.00,      0.00,0,1,0,0,1,1,U2 
H5,840,2017,722691,      0.00,      0.00,      0.00,      0.00,0,6,0,0,6,6,U2 
H5,840,2017,722692,      0.00,      0.00,      0.00,      0.00,0,5,0,0,5,5,U2 
H5,840,2017,722699,      0.00,      0.00,      0.00,      0.00,0,1,0,0,1,1,U2 
H5,840,2017,722710,      0.00,      0.00,      0.00,      0.00,0,1,0,0,1,1,U2 
H5,840,2017,722720,      0.00,      0.00,      0.00,      0.00,0,1,0,0,1,1,U2 
H5,840,2017,722790,      0.00,      0.00,      0.00,      0.00,0,3,0,0,3,3,U2 
H5,840,2017,722810,      0.00,      0.00,      0.00,      0.00,0,1,0,0,1,1,U2 
H5,840,2017,722820,      0.00,      0.00,      0.00,      0.00,0,2,0,0,2,2,U2 
H5,840,2017,722830,      0.00,      0.00,      0.00,      0.00,0,4,0,0,4,4,U2 
H5,840,2017,722840,      0.00,      0.00,      0.00,      0.00,0,1,0,0,1,1,U2 
H5,840,2017,722850,      0.00,      0.00,      0.00,      0.00,0,2,0,0,2,2,U2 
H5,840,2017,722860,      0.00,      0.00,      0.00,      0.00,0,3,0,0,3,3,U2 
H5,840,2017,722870,      0.00,      0.00,      0.00,      0.00,0,2,0,0,2,2,U2 
H5,840,2017,722880,      0.00,      0.00,      0.00,      0.00,0,1,0,0,1,1,U2 
H5,840,2017,722920,      0.00,      0.00,      0.00,      0.00,0,1,0,0,1,1,U2 
H5,840,2017,722990,      0.00,      0.00,      0.00,      0.00,0,4,0,0,4,4,U2 
H5,840,2017,730110,      0.00,      0.00,      0.00,      0.00,0,1,0,0,1,1,U2 
H5,840,2017,730120,      0.00,      0.00,      0.00,      0.00,0,2,0,0,2,2,U2 
H5,840,2017,730210,      0.00,      0.00,      0.00,      0.00,0,2,0,0,2,2,U2 
H5,840,2017,730230,      0.00,      0.00,      0.00,      0.00,0,1,0,0,1,1,U2 
H5,840,2017,730240,      0.00,      0.00,      0.00,      0.00,0,1,0,0,1,1,U2 
H5,840,2017,730290,      0.00,      0.00,      0.00,      0.00,0,2,0,0,2,2,U2 
H5,840,2017,730300,      0.00,      0.00,      0.00,      0.00,0,1,0,0,1,1,U2 
H5,840,2017,730411,      0.00,      0.00,      0.00,      0.00,0,1,0,0,1,1,U2 
H5,840,2017,730419,      0.00,      0.00,      0.00,      0.00,0,2,0,0,2,2,U2 
H5,840,2017,730422,      0.00,      0.00,      0.00,      0.00,0,1,0,0,1,1,U2 
H5,840,2017,730423,      0.00,      0.00,      0.00,      0.00,0,2,0,0,2,2,U2 
H5,840,2017,730424,      0.00,      0.00,      0.00,      0.00,0,3,0,0,3,3,U2 
H5,840,2017,730429,      0.00,      0.00,      0.00,      0.00,0,6,0,0,6,6,U2 
H5,840,2017,730431,      0.00,      0.00,      0.00,      0.00,0,2,0,0,2,2,U2 
H5,840,2017,730439,      0.00,      0.00,      0.00,      0.00,0,1,0,0,1,1,U2 
H5,840,2017,730441,      0.00,      0.00,      0.00,      0.00,0,2,0,0,2,2,U2 
H5,840,2017,730449,      0.00,      0.00,      0.00,      0.00,0,1,0,0,1,1,U2 
H5,840,2017,730451,      0.00,      0.00,      0.00,      0.00,0,2,0,0,2,2,U2 
H5,840,2017,730459,      0.00,      0.00,      0.00,      0.00,0,4,0,0,4,4,U2 
H5,840,2017,730490,      0.00,      0.00,      0.00,      0.00,0,4,0,0,4,4,U2 
H5,840,2017,730511,      0.00,      0.00,      0.00,      0.00,0,2,0,0,2,2,U2 
H5,840,2017,730512,      0.00,      0.00,      0.00,      0.00,0,2,0,0,2,2,U2 
H5,840,2017,730519,      0.00,      0.00,      0.00,      0.00,0,2,0,0,2,2,U2 
H5,840,2017,730520,      0.00,      0.00,      0.00,      0.00,0,4,0,0,4,4,U2 
H5,840,2017,730531,      0.00,      0.00,      0.00,      0.00,0,3,0,0,3,3,U2 
H5,840,2017,730539,      0.00,      0.00,      0.00,      0.00,0,2,0,0,2,2,U2 
H5,840,2017,730590,      0.00,      0.00,      0.00,      0.00,0,2,0,0,2,2,U2 
H5,840,2017,730611,      0.00,      0.00,      0.00,      0.00,0,1,0,0,1,1,U2 
H5,840,2017,730619,      0.00,      0.00,      0.00,      0.00,0,2,0,0,2,2,U2 
H5,840,2017,730621,      0.00,      0.00,      0.00,      0.00,0,3,0,0,3,3,U2 
H5,840,2017,730629,      0.00,      0.00,      0.00,      0.00,0,6,0,0,6,6,U2 
H5,840,2017,730630,      0.00,      0.00,      0.00,      0.00,0,3,0,0,3,3,U2 
H5,840,2017,730640,      0.00,      0.00,      0.00,      0.00,0,2,0,0,2,2,U2 
H5,840,2017,730650,      0.00,      0.00,      0.00,      0.00,0,3,0,0,3,3,U2 
H5,840,2017,730661,      0.00,      0.00,      0.00,      0.00,0,4,0,0,4,4,U2 
H5,840,2017,730669,      0.00,      0.00,      0.00,      0.00,0,4,0,0,4,4,U2 
H5,840,2017,730690,      0.00,      0.00,      0.00,      0.00,0,2,0,0,2,2,U2 
H5,840,2017,730711,      4.00,      4.00,      4.00,      4.00,0,0,0,1,1,1,U2 
H5,840,2017,730719,     11.00,      5.00,      6.00,      5.50,0,0,0,2,2,2,U2 
H5,840,2017,730721,      8.00,      3.00,      5.00,      4.00,0,0,0,2,2,2,U2 
H5,840,2017,730722,      6.00,      0.00,      6.00,      3.00,0,1,0,1,2,2,U2 
H5,840,2017,730723,      5.00,      5.00,      5.00,      5.00,0,0,0,1,1,1,U2 
H5,840,2017,730729,      5.00,      5.00,      5.00,      5.00,0,0,0,1,1,1,U2 
H5,840,2017,730791,     11.00,      3.00,      5.00,      3.67,0,0,0,3,3,3,U2 
H5,840,2017,730792,      6.00,      0.00,      6.00,      3.00,0,1,0,1,2,2,U2 
H5,840,2017,730793,     15.00,      4.00,      6.00,      5.00,0,0,0,3,3,3,U2 
H5,840,2017,730799,     10.00,      3.00,      4.00,      3.33,0,0,0,3,3,3,U2 
H5,840,2017,730810,      0.00,      0.00,      0.00,      0.00,0,1,0,0,1,1,U2 
H5,840,2017,730820,      0.00,      0.00,      0.00,      0.00,0,1,0,0,1,1,U2 
H5,840,2017,730830,      0.00,      0.00,      0.00,      0.00,0,2,0,0,2,2,U2 
H5,840,2017,730840,      0.00,      0.00,      0.00,      0.00,0,1,0,0,1,1,U2 
H5,840,2017,730890,      0.00,      0.00,      0.00,      0.00,0,4,0,0,4,4,U2 
H5,840,2017,730900,      0.00,      0.00,      0.00,      0.00,0,1,0,0,1,1,U2 
H5,840,2017,731010,      0.00,      0.00,      0.00,      0.00,0,1,0,0,1,1,U2 
H5,840,2017,731021,      0.00,      0.00,      0.00,      0.00,0,1,0,0,1,1,U2 
H5,840,2017,731029,      0.00,      0.00,      0.00,      0.00,0,1,0,0,1,1,U2 
H5,840,2017,731100,      0.00,      0.00,      0.00,      0.00,0,1,0,0,1,1,U2 
H5,840,2017,731210,      0.00,      0.00,      0.00,      0.00,0,9,0,0,9,9,U2 
H5,840,2017,731290,      0.00,      0.00,      0.00,      0.00,0,1,0,0,1,1,U2 
H5,840,2017,731300,      0.00,      0.00,      0.00,      0.00,0,1,0,0,1,1,U2 
H5,840,2017,731412,      0.00,      0.00,      0.00,      0.00,0,5,0,0,5,5,U2 
H5,840,2017,731414,      0.00,      0.00,      0.00,      0.00,0,5,0,0,5,5,U2 
H5,840,2017,731419,      0.00,      0.00,      0.00,      0.00,0,1,0,0,1,1,U2 
H5,840,2017,731420,      0.00,      0.00,      0.00,      0.00,0,1,0,0,1,1,U2 
H5,840,2017,731431,      0.00,      0.00,      0.00,      0.00,0,2,0,0,2,2,U2 
H5,840,2017,731439,      0.00,      0.00,      0.00,      0.00,0,1,0,0,1,1,U2 
H5,840,2017,731441,      0.00,      0.00,      0.00,      0.00,0,1,0,0,1,1,U2 
H5,840,2017,731442,      0.00,      0.00,      0.00,      0.00,0,1,0,0,1,1,U2 
H5,840,2017,731449,      0.00,      0.00,      0.00,      0.00,0,2,0,0,2,2,U2 
H5,840,2017,731450,      0.00,      0.00,      0.00,      0.00,0,1,0,0,1,1,U2 
H5,840,2017,731511,      0.00,      0.00,      0.00,      0.00,0,1,0,0,1,1,U2 
H5,840,2017,731512,      0.00,      0.00,      0.00,      0.00,0,1,0,0,1,1,U2 
H5,840,2017,731519,      0.00,      0.00,      0.00,      0.00,0,1,0,0,1,1,U2 
H5,840,2017,731520,      0.00,      0.00,      0.00,      0.00,0,2,0,0,2,2,U2 
H5,840,2017,731581,      0.00,      0.00,      0.00,      0.00,0,1,0,0,1,1,U2 
H5,840,2017,731582,      0.00,      0.00,      0.00,      0.00,0,4,0,0,4,4,U2 
H5,840,2017,731589,      4.00,      0.00,      3.00,      1.33,0,1,0,2,3,3,U2 
H5,840,2017,731590,      2.00,      2.00,      2.00,      2.00,0,0,0,1,1,1,U2 
H5,840,2017,731600,      0.00,      0.00,      0.00,      0.00,0,1,0,0,1,1,U2 
H5,840,2017,731700,      0.00,      0.00,      0.00,      0.00,0,6,0,0,6,6,U2 
H5,840,2017,731811,     12.00,     12.00,     12.00,     12.00,0,0,0,1,1,1,U2 
H5,840,2017,731812,     12.00,     12.00,     12.00,     12.00,0,0,0,1,1,1,U2 
H5,840,2017,731813,      5.00,      5.00,      5.00,      5.00,0,0,0,1,1,1,U2 
H5,840,2017,731814,     14.00,      6.00,      8.00,      7.00,0,0,0,2,2,2,U2 
H5,840,2017,731815,     14.00,      0.00,      8.00,      2.80,0,3,0,2,5,5,U2 
H5,840,2017,731816,      0.00,      0.00,      0.00,      0.00,0,1,0,0,1,1,U2 
H5,840,2017,731819,      5.00,      5.00,      5.00,      5.00,0,0,0,1,1,1,U2 
H5,840,2017,731821,      5.00,      5.00,      5.00,      5.00,0,0,0,1,1,1,U2 
H5,840,2017,731822,      0.00,      0.00,      0.00,      0.00,0,1,0,0,1,1,U2 
H5,840,2017,731823,      0.00,      0.00,      0.00,      0.00,0,1,0,0,1,1,U2 
H5,840,2017,731824,      3.00,      3.00,      3.00,      3.00,0,0,0,1,1,1,U2 
H5,840,2017,731829,      2.00,      2.00,      2.00,      2.00,0,0,0,1,1,1,U2 
H5,840,2017,731940,      8.00,      0.00,      4.00,      2.67,0,1,0,2,3,3,U2 
H5,840,2017,731990,      2.00,      0.00,      2.00,      1.00,0,1,0,1,2,2,U2 
H5,840,2017,732010,      9.00,      3.00,      3.00,      3.00,0,0,0,3,3,3,U2 
H5,840,2017,732020,      6.00,      3.00,      3.00,      3.00,0,0,0,2,2,2,U2 
H5,840,2017,732090,      2.00,      0.00,      2.00,      1.00,0,1,0,1,2,2,U2 
H5,840,2017,732111,      5.00,      0.00,      5.00,      1.67,0,2,0,1,3,3,U2 
H5,840,2017,732112,      0.00,      0.00,      0.00,      0.00,0,1,0,0,1,1,U2 
H5,840,2017,732119,      0.00,      0.00,      0.00,      0.00,0,1,0,0,1,1,U2 
H5,840,2017,732181,      2.00,      0.00,      2.00,      1.00,0,1,0,1,2,2,U2 
H5,840,2017,732182,      2.00,      0.00,      2.00,      1.00,0,1,0,1,2,2,U2 
H5,840,2017,732189,      0.00,      0.00,      0.00,      0.00,0,1,0,0,1,1,U2 
H5,840,2017,732190,      0.00,      0.00,      0.00,      0.00,0,5,0,0,5,5,U2 
H5,840,2017,732211,      0.00,      0.00,      0.00,      0.00,0,1,0,0,1,1,U2 
H5,840,2017,732219,      0.00,      0.00,      0.00,      0.00,0,1,0,0,1,1,U2 
H5,840,2017,732290,      0.00,      0.00,      0.00,      0.00,0,1,0,0,1,1,U2 
H5,840,2017,732310,      0.00,      0.00,      0.00,      0.00,0,1,0,0,1,1,U2 
H5,840,2017,732391,      5.00,      0.00,      5.00,      2.50,0,1,0,1,2,2,U2 
H5,840,2017,732392,      0.00,      0.00,      0.00,      0.00,0,1,0,0,1,1,U2 
H5,840,2017,732393,      2.00,      2.00,      2.00,      2.00,0,0,0,1,1,1,U2 
H5,840,2017,732394,      2.00,      2.00,      2.00,      2.00,0,0,0,1,1,1,U2 
H5,840,2017,732399,     16.00,      0.00,      8.00,      3.20,0,2,0,3,5,5,U2 
H5,840,2017,732410,      3.00,      3.00,      3.00,      3.00,0,0,0,1,1,1,U2 
H5,840,2017,732421,      0.00,      0.00,      0.00,      0.00,0,2,0,0,2,2,U2 
H5,840,2017,732429,      0.00,      0.00,      0.00,      0.00,0,1,0,0,1,1,U2 
H5,840,2017,732490,      0.00,      0.00,      0.00,      0.00,0,1,0,0,1,1,U2 
H5,840,2017,732510,      0.00,      0.00,      0.00,      0.00,0,1,0,0,1,1,U2 
H5,840,2017,732591,      2.00,      2.00,      2.00,      2.00,0,0,0,1,1,1,U2 
H5,840,2017,732599,      2.00,      0.00,      2.00,      1.00,0,1,0,1,2,2,U2 
H5,840,2017,732611,      0.00,      0.00,      0.00,      0.00,0,1,0,0,1,1,U2 
H5,840,2017,732619,      2.00,      2.00,      2.00,      2.00,0,0,0,1,1,1,U2 
H5,840,2017,732620,      3.00,      3.00,      3.00,      3.00,0,0,0,1,1,1,U2 
H5,840,2017,732690,     17.00,      0.00,      8.00,      2.83,0,3,0,3,6,6,U2 
H5,840,2017,740100,      0.00,      0.00,      0.00,      0.00,0,1,0,0,1,1,U2 
H5,840,2017,740200,      0.00,      0.00,      0.00,      0.00,0,1,0,0,1,1,U2 
H5,840,2017,740311,      1.00,      1.00,      1.00,      1.00,0,0,0,1,1,1,U2 
H5,840,2017,740312,      1.00,      1.00,      1.00,      1.00,0,0,0,1,1,1,U2 
H5,840,2017,740313,      1.00,      1.00,      1.00,      1.00,0,0,0,1,1,1,U2 
H5,840,2017,740319,      1.00,      1.00,      1.00,      1.00,0,0,0,1,1,1,U2 
H5,840,2017,740321,      1.00,      1.00,      1.00,      1.00,0,0,0,1,1,1,U2 
H5,840,2017,740322,      1.00,      1.00,      1.00,      1.00,0,0,0,1,1,1,U2 
H5,840,2017,740329,      1.00,      1.00,      1.00,      1.00,0,0,0,1,1,1,U2 
H5,840,2017,740400,      0.00,      0.00,      0.00,      0.00,0,2,0,0,2,2,U2 
H5,840,2017,740500,      0.00,      0.00,      0.00,      0.00,0,2,0,0,2,2,U2 
H5,840,2017,740610,      0.00,      0.00,      0.00,      0.00,0,1,0,0,1,1,U2 
H5,840,2017,740620,      0.00,      0.00,      0.00,      0.00,0,1,0,0,1,1,U2 
H5,840,2017,740710,      7.00,      1.00,      3.00,      2.33,0,0,0,3,3,3,U2 
H5,840,2017,740721,      9.00,      1.00,      2.00,      1.80,0,0,0,5,5,5,U2 
H5,840,2017,740729,     13.00,      1.00,      3.00,      2.60,0,0,0,5,5,5,U2 
H5,840,2017,740811,      4.00,      1.00,      3.00,      2.00,0,0,0,2,2,2,U2 
H5,840,2017,740819,      3.00,      3.00,      3.00,      3.00,0,0,0,1,1,1,U2 
H5,840,2017,740821,      3.00,      3.00,      3.00,      3.00,0,0,0,1,1,1,U2 
H5,840,2017,740822,      6.00,      3.00,      3.00,      3.00,0,0,0,2,2,2,U2 
H5,840,2017,740829,      6.00,      3.00,      3.00,      3.00,0,0,0,2,2,2,U2 
H5,840,2017,740911,      4.00,      1.00,      3.00,      2.00,0,0,0,2,2,2,U2 
H5,840,2017,740919,      7.00,      1.00,      3.00,      2.33,0,0,0,3,3,3,U2 
H5,840,2017,740921,      1.00,      1.00,      1.00,      1.00,0,0,0,1,1,1,U2 
H5,840,2017,740929,      1.00,      1.00,      1.00,      1.00,0,0,0,1,1,1,U2 
H5,840,2017,740931,      7.00,      1.00,      3.00,      2.33,0,0,0,3,3,3,U2 
H5,840,2017,740939,      7.00,      1.00,      3.00,      2.33,0,0,0,3,3,3,U2 
H5,840,2017,740940,      3.00,      3.00,      3.00,      3.00,0,0,0,1,1,1,U2 
H5,840,2017,740990,      7.00,      1.00,      3.00,      2.33,0,0,0,3,3,3,U2 
H5,840,2017,741011,      1.00,      1.00,      1.00,      1.00,0,0,0,1,1,1,U2 
H5,840,2017,741012,      1.00,      1.00,      1.00,      1.00,0,0,0,1,1,1,U2 
H5,840,2017,741021,      4.00,      1.00,      3.00,      2.00,0,0,0,2,2,2,U2 
H5,840,2017,741022,      1.00,      1.00,      1.00,      1.00,0,0,0,1,1,1,U2 
H5,840,2017,741110,      4.00,      1.00,      3.00,      2.00,0,0,0,2,2,2,U2 
H5,840,2017,741121,      4.00,      1.00,      3.00,      2.00,0,0,0,2,2,2,U2 
H5,840,2017,741122,      3.00,      3.00,      3.00,      3.00,0,0,0,1,1,1,U2 
H5,840,2017,741129,      4.00,      1.00,      3.00,      2.00,0,0,0,2,2,2,U2 
H5,840,2017,741210,      3.00,      3.00,      3.00,      3.00,0,0,0,1,1,1,U2 
H5,840,2017,741220,      3.00,      3.00,      3.00,      3.00,0,0,0,1,1,1,U2 
H5,840,2017,741300,      8.00,      2.00,      3.00,      2.67,0,0,0,3,3,3,U2 
H5,840,2017,741510,      2.00,      2.00,      2.00,      2.00,0,0,0,1,1,1,U2 
H5,840,2017,741521,      3.00,      3.00,      3.00,      3.00,0,0,0,1,1,1,U2 
H5,840,2017,741529,      3.00,      3.00,      3.00,      3.00,0,0,0,1,1,1,U2 
H5,840,2017,741533,      7.00,      1.00,      3.00,      2.33,0,0,0,3,3,3,U2 
H5,840,2017,741539,      3.00,      3.00,      3.00,      3.00,0,0,0,1,1,1,U2 
H5,840,2017,741810,      3.00,      3.00,      3.00,      3.00,0,0,0,1,1,1,U2 
H5,840,2017,741820,      6.00,      3.00,      3.00,      3.00,0,0,0,2,2,2,U2 
H5,840,2017,741910,      3.00,      3.00,      3.00,      3.00,0,0,0,1,1,1,U2 
H5,840,2017,741991,      0.00,      0.00,      0.00,      0.00,0,1,0,0,1,1,U2 
H5,840,2017,741999,     15.00,      0.00,      3.00,      2.14,0,2,0,5,7,7,U2 
H5,840,2017,750110,      0.00,      0.00,      0.00,      0.00,0,1,0,0,1,1,U2 
H5,840,2017,750120,      0.00,      0.00,      0.00,      0.00,0,1,0,0,1,1,U2 
H5,840,2017,750210,      0.00,      0.00,      0.00,      0.00,0,1,0,0,1,1,U2 
H5,840,2017,750220,      0.00,      0.00,      0.00,      0.00,0,1,0,0,1,1,U2 
H5,840,2017,750300,      0.00,      0.00,      0.00,      0.00,0,1,0,0,1,1,U2 
H5,840,2017,750400,      0.00,      0.00,      0.00,      0.00,0,1,0,0,1,1,U2 
H5,840,2017,750511,      8.00,      2.00,      3.00,      2.67,0,0,0,3,3,3,U2 
H5,840,2017,750512,      8.00,      2.00,      3.00,      2.67,0,0,0,3,3,3,U2 
H5,840,2017,750521,      5.00,      2.00,      3.00,      2.50,0,0,0,2,2,2,U2 
H5,840,2017,750522,      5.00,      2.00,      3.00,      2.50,0,0,0,2,2,2,U2 
H5,840,2017,750610,      7.00,      2.00,      3.00,      2.33,0,0,0,3,3,3,U2 
H5,840,2017,750620,      8.00,      2.00,      3.00,      2.67,0,0,0,3,3,3,U2 
H5,840,2017,750711,      2.00,      2.00,      2.00,      2.00,0,0,0,1,1,1,U2 
H5,840,2017,750712,      2.00,      2.00,      2.00,      2.00,0,0,0,1,1,1,U2 
H5,840,2017,750720,      3.00,      3.00,      3.00,      3.00,0,0,0,1,1,1,U2 
H5,840,2017,750810,      3.00,      3.00,      3.00,      3.00,0,0,0,1,1,1,U2 
H5,840,2017,750890,      6.00,      3.00,      3.00,      3.00,0,0,0,2,2,2,U2 
H5,840,2017,760110,      2.00,      0.00,      2.00,      1.00,0,1,0,1,2,2,U2 
H5,840,2017,760120,      4.00,      0.00,      2.00,      1.33,0,1,0,2,3,3,U2 
H5,840,2017,760200,      0.00,      0.00,      0.00,      0.00,0,1,0,0,1,1,U2 
H5,840,2017,760310,      5.00,      5.00,      5.00,      5.00,0,0,0,1,1,1,U2 
H5,840,2017,760320,      3.00,      3.00,      3.00,      3.00,0,0,0,1,1,1,U2 
H5,840,2017,760410,     10.00,      2.00,      5.00,      3.33,0,0,0,3,3,3,U2 
H5,840,2017,760421,      1.00,      1.00,      1.00,      1.00,0,0,0,1,1,1,U2 
H5,840,2017,760429,     10.00,      2.00,      5.00,      3.33,0,0,0,3,3,3,U2 
H5,840,2017,760511,      2.00,      2.00,      2.00,      2.00,0,0,0,1,1,1,U2 
H5,840,2017,760519,      4.00,      4.00,      4.00,      4.00,0,0,0,1,1,1,U2 
H5,840,2017,760521,      2.00,      2.00,      2.00,      2.00,0,0,0,1,1,1,U2 
H5,840,2017,760529,      4.00,      4.00,      4.00,      4.00,0,0,0,1,1,1,U2 
H5,840,2017,760611,      5.00,      2.00,      3.00,      2.50,0,0,0,2,2,2,U2 
H5,840,2017,760612,      9.00,      3.00,      6.00,      4.50,0,0,0,2,2,2,U2 
H5,840,2017,760691,      5.00,      2.00,      3.00,      2.50,0,0,0,2,2,2,U2 
H5,840,2017,760692,      9.00,      3.00,      6.00,      4.50,0,0,0,2,2,2,U2 
H5,840,2017,760711,     13.00,      3.00,      5.00,      4.33,0,0,0,3,3,3,U2 
H5,840,2017,760719,     13.00,      3.00,      5.00,      4.33,0,0,0,3,3,3,U2 
H5,840,2017,760720,      3.00,      0.00,      3.00,      1.50,0,1,0,1,2,2,U2 
H5,840,2017,760810,      5.00,      5.00,      5.00,      5.00,0,0,0,1,1,1,U2 
H5,840,2017,760820,      5.00,      5.00,      5.00,      5.00,0,0,0,1,1,1,U2 
H5,840,2017,760900,      5.00,      5.00,      5.00,      5.00,0,0,0,1,1,1,U2 
H5,840,2017,761010,      5.00,      5.00,      5.00,      5.00,0,0,0,1,1,1,U2 
H5,840,2017,761090,      5.00,      5.00,      5.00,      5.00,0,0,0,1,1,1,U2 
H5,840,2017,761100,      2.00,      2.00,      2.00,      2.00,0,0,0,1,1,1,U2 
H5,840,2017,761210,      2.00,      2.00,      2.00,      2.00,0,0,0,1,1,1,U2 
H5,840,2017,761290,      5.00,      0.00,      5.00,      2.50,0,1,0,1,2,2,U2 
H5,840,2017,761300,      5.00,      5.00,      5.00,      5.00,0,0,0,1,1,1,U2 
H5,840,2017,761410,      8.00,      4.00,      4.00,      4.00,0,0,0,2,2,2,U2 
H5,840,2017,761490,     13.00,      4.00,      5.00,      4.33,0,0,0,3,3,3,U2 
H5,840,2017,761510,     18.00,      3.00,      3.00,      3.00,0,0,0,6,6,6,U2 
H5,840,2017,761520,      3.00,      3.00,      3.00,      3.00,0,0,0,1,1,1,U2 
H5,840,2017,761610,     25.00,      4.00,      6.00,      5.00,0,0,0,5,5,5,U2 
H5,840,2017,761691,      2.00,      2.00,      2.00,      2.00,0,0,0,1,1,1,U2 
H5,840,2017,761699,      2.00,      0.00,      2.00,      1.00,0,1,0,1,2,2,U2 
H5,840,2017,780110,,,,,1,0,0,0,0,1,U2 
H5,840,2017,780191,,,,,1,0,0,0,0,1,U2 
H5,840,2017,780199,,,,,2,0,0,0,0,2,U2 
H5,840,2017,780200,      0.00,      0.00,      0.00,      0.00,0,1,0,0,1,1,U2 
H5,840,2017,780411,      2.00,      2.00,      2.00,      2.00,0,0,0,1,1,1,U2 
H5,840,2017,780419,      3.00,      3.00,      3.00,      3.00,0,0,0,1,1,1,U2 
H5,840,2017,780420,      0.00,      0.00,      0.00,      0.00,0,1,0,0,1,1,U2 
H5,840,2017,780600,      6.00,      1.00,      3.00,      2.00,0,0,0,3,3,3,U2 
H5,840,2017,790111,      1.00,      1.00,      1.00,      1.00,0,0,0,1,1,1,U2 
H5,840,2017,790112,      4.00,      1.00,      3.00,      2.00,0,0,0,2,2,2,U2 
H5,840,2017,790120,      3.00,      3.00,      3.00,      3.00,0,0,0,1,1,1,U2 
H5,840,2017,790200,      0.00,      0.00,      0.00,      0.00,0,1,0,0,1,1,U2 
H5,840,2017,790310,      0.24,      0.24,      0.24,      0.24,0,0,1,0,1,1,U2 
H5,840,2017,790390,      3.14,      0.14,      3.00,      1.57,0,0,1,1,2,2,U2 
H5,840,2017,790400,      4.00,      4.00,      4.00,      4.00,0,0,0,1,1,1,U2 
H5,840,2017,790500,      2.00,      2.00,      2.00,      2.00,0,0,0,1,1,1,U2 
H5,840,2017,790700,      9.00,      3.00,      3.00,      3.00,0,0,0,3,3,3,U2 
H5,840,2017,800110,      0.00,      0.00,      0.00,      0.00,0,1,0,0,1,1,U2 
H5,840,2017,800120,      0.00,      0.00,      0.00,      0.00,0,1,0,0,1,1,U2 
H5,840,2017,800200,      0.00,      0.00,      0.00,      0.00,0,1,0,0,1,1,U2 
H5,840,2017,800300,      3.00,      3.00,      3.00,      3.00,0,0,0,1,1,1,U2 
H5,840,2017,800700,     13.00,      2.00,      3.00,      2.17,0,0,0,6,6,6,U2 
H5,840,2017,810110,      7.00,      7.00,      7.00,      7.00,0,0,0,1,1,1,U2 
H5,840,2017,810194,      6.00,      6.00,      6.00,      6.00,0,0,0,1,1,1,U2 
H5,840,2017,810196,      4.00,      4.00,      4.00,      4.00,0,0,0,1,1,1,U2 
H5,840,2017,810197,      2.00,      2.00,      2.00,      2.00,0,0,0,1,1,1,U2 
H5,840,2017,810199,      9.00,      3.00,      6.00,      4.50,0,0,0,2,2,2,U2 
H5,840,2017,810210,      1.52,      1.52,      1.52,      1.52,0,0,1,0,1,1,U2 
H5,840,2017,810294,      2.53,      2.53,      2.53,      2.53,0,0,1,0,1,1,U2 
H5,840,2017,810295,     12.00,      6.00,      6.00,      6.00,0,0,0,2,2,2,U2 
H5,840,2017,810296,      4.00,      4.00,      4.00,      4.00,0,0,0,1,1,1,U2 
H5,840,2017,810297,      0.00,      0.00,      0.00,      0.00,0,1,0,0,1,1,U2 
H5,840,2017,810299,      3.00,      3.00,      3.00,      3.00,0,0,0,1,1,1,U2 
H5,840,2017,810320,      2.00,      2.00,      2.00,      2.00,0,0,0,1,1,1,U2 
H5,840,2017,810330,      0.00,      0.00,      0.00,      0.00,0,1,0,0,1,1,U2 
H5,840,2017,810390,      4.00,      4.00,      4.00,      4.00,0,0,0,1,1,1,U2 
H5,840,2017,810411,      8.00,      8.00,      8.00,      8.00,0,0,0,1,1,1,U2 
H5,840,2017,810419,      6.00,      6.00,      6.00,      6.00,0,0,0,1,1,1,U2 
H5,840,2017,810420,      0.00,      0.00,      0.00,      0.00,0,1,0,0,1,1,U2 
H5,840,2017,810430,      4.00,      4.00,      4.00,      4.00,0,0,0,1,1,1,U2 
H5,840,2017,810490,      5.29,      5.29,      5.29,      5.29,0,0,1,0,1,1,U2 
H5,840,2017,810520,      4.00,      0.00,      4.00,      1.33,0,2,0,1,3,3,U2 
H5,840,2017,810530,      0.00,      0.00,      0.00,      0.00,0,1,0,0,1,1,U2 
H5,840,2017,810590,      3.00,      3.00,      3.00,      3.00,0,0,0,1,1,1,U2 
H5,840,2017,810600,      0.00,      0.00,      0.00,      0.00,0,1,0,0,1,1,U2 
H5,840,2017,810720,      0.00,      0.00,      0.00,      0.00,0,1,0,0,1,1,U2 
H5,840,2017,810730,      0.00,      0.00,      0.00,      0.00,0,1,0,0,1,1,U2 
H5,840,2017,810790,      4.00,      4.00,      4.00,      4.00,0,0,0,1,1,1,U2 
H5,840,2017,810820,     15.00,     15.00,     15.00,     15.00,0,0,0,1,1,1,U2 
H5,840,2017,810830,      0.00,      0.00,      0.00,      0.00,0,1,0,0,1,1,U2 
H5,840,2017,810890,     20.00,      5.00,     15.00,     10.00,0,0,0,2,2,2,U2 
H5,840,2017,810920,      4.00,      4.00,      4.00,      4.00,0,0,0,1,1,1,U2 
H5,840,2017,810930,      0.00,      0.00,      0.00,      0.00,0,1,0,0,1,1,U2 
H5,840,2017,810990,      3.00,      3.00,      3.00,      3.00,0,0,0,1,1,1,U2 
H5,840,2017,811010,      0.00,      0.00,      0.00,      0.00,0,1,0,0,1,1,U2 
H5,840,2017,811020,      0.00,      0.00,      0.00,      0.00,0,1,0,0,1,1,U2 
H5,840,2017,811090,      0.00,      0.00,      0.00,      0.00,0,1,0,0,1,1,U2 
H5,840,2017,811100,     31.00,      0.00,     14.00,      7.75,0,1,0,3,4,4,U2 
H5,840,2017,811212,      8.00,      8.00,      8.00,      8.00,0,0,0,1,1,1,U2 
H5,840,2017,811213,      0.00,      0.00,      0.00,      0.00,0,1,0,0,1,1,U2 
H5,840,2017,811219,      5.00,      5.00,      5.00,      5.00,0,0,0,1,1,1,U2 
H5,840,2017,811221,      3.00,      3.00,      3.00,      3.00,0,0,0,1,1,1,U2 
H5,840,2017,811222,      0.00,      0.00,      0.00,      0.00,0,1,0,0,1,1,U2 
H5,840,2017,811229,      3.00,      3.00,      3.00,      3.00,0,0,0,1,1,1,U2 
H5,840,2017,811251,      4.00,      4.00,      4.00,      4.00,0,0,0,1,1,1,U2 
H5,840,2017,811252,      0.00,      0.00,      0.00,      0.00,0,1,0,0,1,1,U2 
H5,840,2017,811259,      4.00,      4.00,      4.00,      4.00,0,0,0,1,1,1,U2 
H5,840,2017,811292,     18.00,      0.00,      4.00,      2.00,0,3,0,6,9,9,U2 
H5,840,2017,811299,     10.00,      2.00,      4.00,      3.33,0,0,0,3,3,3,U2 
H5,840,2017,811300,      3.00,      3.00,      3.00,      3.00,0,0,0,1,1,1,U2 
H5,840,2017,820110,      0.00,      0.00,      0.00,      0.00,0,1,0,0,1,1,U2 
H5,840,2017,820130,      0.00,      0.00,      0.00,      0.00,0,1,0,0,1,1,U2 
H5,840,2017,820140,      6.00,      0.00,      6.00,      3.00,0,1,0,1,2,2,U2 
H5,840,2017,820150,,,,,1,0,0,0,0,1,U2 
H5,840,2017,820160,,,,,1,0,0,0,0,1,U2 
H5,840,2017,820190,      0.00,      0.00,      0.00,      0.00,1,2,0,0,2,3,U2 
H5,840,2017,820210,      0.00,      0.00,      0.00,      0.00,0,1,0,0,1,1,U2 
H5,840,2017,820220,      0.00,      0.00,      0.00,      0.00,0,1,0,0,1,1,U2 
H5,840,2017,820231,      0.00,      0.00,      0.00,      0.00,0,1,0,0,1,1,U2 
H5,840,2017,820239,      0.00,      0.00,      0.00,      0.00,0,1,0,0,1,1,U2 
H5,840,2017,820240,      7.00,      0.00,      7.00,      3.50,0,1,0,1,2,2,U2 
H5,840,2017,820291,      0.00,      0.00,      0.00,      0.00,0,2,0,0,2,2,U2 
H5,840,2017,820299,      0.00,      0.00,      0.00,      0.00,0,1,0,0,1,1,U2 
H5,840,2017,820310,      0.00,      0.00,      0.00,      0.00,0,3,0,0,3,3,U2 
H5,840,2017,820320,     20.00,      4.00,     12.00,      6.67,1,0,0,3,3,4,U2 
H5,840,2017,820330,      0.00,      0.00,      0.00,      0.00,0,1,0,0,1,1,U2 
H5,840,2017,820340,      9.00,      3.00,      6.00,      4.50,0,0,0,2,2,2,U2 
H5,840,2017,820411,      9.00,      9.00,      9.00,      9.00,0,0,0,1,1,1,U2 
H5,840,2017,820412,      9.00,      9.00,      9.00,      9.00,0,0,0,1,1,1,U2 
H5,840,2017,820420,      9.00,      9.00,      9.00,      9.00,0,0,0,1,1,1,U2 
H5,840,2017,820510,      6.00,      6.00,      6.00,      6.00,0,0,0,1,1,1,U2 
H5,840,2017,820520,      6.00,      0.00,      6.00,      3.00,0,1,0,1,2,2,U2 
H5,840,2017,820530,     10.00,      5.00,      5.00,      5.00,0,0,0,2,2,2,U2 
H5,840,2017,820540,      6.00,      6.00,      6.00,      6.00,0,0,0,1,1,1,U2 
H5,840,2017,820551,     11.22,      0.00,      5.22,      2.24,0,2,1,2,5,5,U2 
H5,840,2017,820559,     23.62,      0.00,      7.00,      2.95,0,3,1,4,8,8,U2 
H5,840,2017,820560,      2.00,      2.00,      2.00,      2.00,0,0,0,1,1,1,U2 
H5,840,2017,820570,      5.00,      5.00,      5.00,      5.00,0,0,0,1,1,1,U2 
H5,840,2017,820590,      0.00,      0.00,      0.00,      0.00,1,1,0,0,1,2,U2 
H5,840,2017,820600,,,,,1,0,0,0,0,1,U2 
H5,840,2017,820713,      3.00,      3.00,      3.00,      3.00,0,0,0,1,1,1,U2 
H5,840,2017,820719,      7.00,      2.00,      5.00,      3.50,0,0,0,2,2,2,U2 
H5,840,2017,820720,      3.00,      3.00,      3.00,      3.00,0,0,0,1,1,1,U2 
H5,840,2017,820730,      7.00,      2.00,      5.00,      3.50,0,0,0,2,2,2,U2 
H5,840,2017,820740,      9.00,      4.00,      5.00,      4.50,0,0,0,2,2,2,U2 
H5,840,2017,820750,     20.00,      2.00,      8.00,      5.00,0,0,0,4,4,4,U2 
H5,840,2017,820760,      4.00,      4.00,      4.00,      4.00,0,0,0,1,1,1,U2 
H5,840,2017,820770,      7.00,      2.00,      5.00,      3.50,0,0,0,2,2,2,U2 
H5,840,2017,820780,      7.00,      3.00,      4.00,      3.50,0,0,0,2,2,2,U2 
H5,840,2017,820790,     17.00,      1.00,      5.00,      3.40,0,0,0,5,5,5,U2 
H5,840,2017,820810,      0.00,      0.00,      0.00,      0.00,0,1,0,0,1,1,U2 
H5,840,2017,820820,      0.00,      0.00,      0.00,      0.00,0,1,0,0,1,1,U2 
H5,840,2017,820830,      0.00,      0.00,      0.00,      0.00,0,1,0,0,1,1,U2 
H5,840,2017,820840,      0.00,      0.00,      0.00,      0.00,0,2,0,0,2,2,U2 
H5,840,2017,820890,      0.00,      0.00,      0.00,      0.00,0,2,0,0,2,2,U2 
H5,840,2017,820900,      4.00,      4.00,      4.00,      4.00,0,0,0,1,1,1,U2 
H5,840,2017,821000,      3.00,      3.00,      3.00,      3.00,0,0,0,1,1,1,U2 
H5,840,2017,821110,,,,,1,0,0,0,0,1,U2 
H5,840,2017,821191,     39.99,      0.00,     11.77,      5.71,0,1,6,0,7,7,U2 
H5,840,2017,821192,     20.23,      4.00,      6.27,      5.06,0,0,3,1,4,4,U2 
H5,840,2017,821193,      6.94,      6.94,      6.94,      6.94,0,0,1,0,1,1,U2 
H5,840,2017,821194,      7.93,      2.25,      5.68,      3.97,0,0,2,0,2,2,U2 
H5,840,2017,821195,,,,,3,0,0,0,0,3,U2 
H5,840,2017,821210,      0.00,      0.00,      0.00,      0.00,0,1,0,0,1,1,U2 
H5,840,2017,821220,      0.00,      0.00,      0.00,      0.00,0,1,0,0,1,1,U2 
H5,840,2017,821290,      0.00,      0.00,      0.00,      0.00,0,1,0,0,1,1,U2 
H5,840,2017,821300,     22.86,      4.79,     12.76,      7.62,0,0,3,0,3,3,U2 
H5,840,2017,821410,,,,,1,0,0,0,0,1,U2 
H5,840,2017,821420,      8.00,      0.00,      4.00,      2.67,0,1,0,2,3,3,U2 
H5,840,2017,821490,,,,,3,0,0,0,0,3,U2 
H5,840,2017,821510,,,,,1,0,0,0,0,1,U2 
H5,840,2017,821520,,,,,1,0,0,0,0,1,U2 
H5,840,2017,821591,      6.00,      0.00,      4.00,      2.00,0,1,0,2,3,3,U2 
H5,840,2017,821599,     30.00,      0.00,     14.00,      5.00,7,2,0,4,6,13,U2 
H5,840,2017,830110,     22.00,      2.00,      6.00,      3.67,0,0,0,6,6,6,U2 
H5,840,2017,830120,      5.00,      5.00,      5.00,      5.00,0,0,0,1,1,1,U2 
H5,840,2017,830130,      5.00,      5.00,      5.00,      5.00,0,0,0,1,1,1,U2 
H5,840,2017,830140,      8.00,      3.00,      5.00,      4.00,0,0,0,2,2,2,U2 
H5,840,2017,830150,      3.00,      3.00,      3.00,      3.00,0,0,0,1,1,1,U2 
H5,840,2017,830160,      2.00,      2.00,      2.00,      2.00,0,0,0,1,1,1,U2 
H5,840,2017,830170,      4.00,      4.00,      4.00,      4.00,0,0,0,1,1,1,U2 
H5,840,2017,830210,      8.00,      2.00,      3.00,      2.67,0,0,0,3,3,3,U2 
H5,840,2017,830220,      5.00,      5.00,      5.00,      5.00,0,0,0,1,1,1,U2 
H5,840,2017,830230,      5.00,      2.00,      3.00,      2.50,0,0,0,2,2,2,U2 
H5,840,2017,830241,      9.00,      3.00,      3.00,      3.00,0,0,0,3,3,3,U2 
H5,840,2017,830242,      6.00,      3.00,      3.00,      3.00,0,0,0,2,2,2,U2 
H5,840,2017,830249,     15.00,      0.00,      7.00,      3.75,0,1,0,3,4,4,U2 
H5,840,2017,830250,      0.00,      0.00,      0.00,      0.00,0,1,0,0,1,1,U2 
H5,840,2017,830260,      6.00,      3.00,      3.00,      3.00,0,0,0,2,2,2,U2 
H5,840,2017,830300,      3.00,      3.00,      3.00,      3.00,0,0,0,1,1,1,U2 
H5,840,2017,830400,      3.00,      3.00,      3.00,      3.00,0,0,0,1,1,1,U2 
H5,840,2017,830510,      2.00,      2.00,      2.00,      2.00,0,0,0,1,1,1,U2 
H5,840,2017,830520,      0.00,      0.00,      0.00,      0.00,0,1,0,0,1,1,U2 
H5,840,2017,830590,      5.00,      0.00,      5.00,      2.50,0,1,0,1,2,2,U2 
H5,840,2017,830610,      5.00,      5.00,      5.00,      5.00,0,0,0,1,1,1,U2 
H5,840,2017,830621,      4.00,      4.00,      4.00,      4.00,0,0,0,1,1,1,U2 
H5,840,2017,830629,      0.00,      0.00,      0.00,      0.00,0,1,0,0,1,1,U2 
H5,840,2017,830630,      2.00,      2.00,      2.00,      2.00,0,0,0,1,1,1,U2 
H5,840,2017,830710,      6.00,      3.00,      3.00,      3.00,0,0,0,2,2,2,U2 
H5,840,2017,830790,      6.00,      3.00,      3.00,      3.00,0,0,0,2,2,2,U2 
H5,840,2017,830810,      2.99,      2.99,      2.99,      2.99,0,0,1,0,1,1,U2 
H5,840,2017,830820,      0.00,      0.00,      0.00,      0.00,0,2,0,0,2,2,U2 
H5,840,2017,830890,      5.00,      0.00,      3.00,      1.67,0,1,0,2,3,3,U2 
H5,840,2017,830910,      0.00,      0.00,      0.00,      0.00,0,1,0,0,1,1,U2 
H5,840,2017,830990,      2.00,      2.00,      2.00,      2.00,0,0,0,1,1,1,U2 
H5,840,2017,831000,      0.00,      0.00,      0.00,      0.00,0,1,0,0,1,1,U2 
H5,840,2017,831110,      0.00,      0.00,      0.00,      0.00,0,1,0,0,1,1,U2 
H5,840,2017,831120,      0.00,      0.00,      0.00,      0.00,0,1,0,0,1,1,U2 
H5,840,2017,831130,      0.00,      0.00,      0.00,      0.00,0,2,0,0,2,2,U2 
H5,840,2017,831190,      0.00,      0.00,      0.00,      0.00,0,1,0,0,1,1,U2 
H5,840,2017,840110,      3.00,      3.00,      3.00,      3.00,0,0,0,1,1,1,U2 
H5,840,2017,840120,      2.00,      2.00,      2.00,      2.00,0,0,0,1,1,1,U2 
H5,840,2017,840130,      3.00,      3.00,      3.00,      3.00,0,0,0,1,1,1,U2 
H5,840,2017,840140,      3.00,      3.00,      3.00,      3.00,0,0,0,1,1,1,U2 
H5,840,2017,840211,      5.00,      5.00,      5.00,      5.00,0,0,0,1,1,1,U2 
H5,840,2017,840212,      4.00,      4.00,      4.00,      4.00,0,0,0,1,1,1,U2 
H5,840,2017,840219,      5.00,      5.00,      5.00,      5.00,0,0,0,1,1,1,U2 
H5,840,2017,840220,      3.00,      3.00,      3.00,      3.00,0,0,0,1,1,1,U2 
H5,840,2017,840290,      4.00,      4.00,      4.00,      4.00,0,0,0,1,1,1,U2 
H5,840,2017,840310,      0.00,      0.00,      0.00,      0.00,0,1,0,0,1,1,U2 
H5,840,2017,840390,      0.00,      0.00,      0.00,      0.00,0,1,0,0,1,1,U2 
H5,840,2017,840410,      3.00,      3.00,      3.00,      3.00,0,0,0,1,1,1,U2 
H5,840,2017,840420,      5.00,      5.00,      5.00,      5.00,0,0,0,1,1,1,U2 
H5,840,2017,840490,      3.00,      3.00,      3.00,      3.00,0,0,0,1,1,1,U2 
H5,840,2017,840510,      0.00,      0.00,      0.00,      0.00,0,1,0,0,1,1,U2 
H5,840,2017,840590,      0.00,      0.00,      0.00,      0.00,0,1,0,0,1,1,U2 
H5,840,2017,840610,      6.00,      0.00,      6.00,      3.00,0,1,0,1,2,2,U2 
H5,840,2017,840681,      6.00,      0.00,      6.00,      3.00,0,1,0,1,2,2,U2 
H5,840,2017,840682,      6.00,      0.00,      6.00,      3.00,0,1,0,1,2,2,U2 
H5,840,2017,840690,     20.00,      0.00,      5.00,      2.50,0,4,0,4,8,8,U2 
H5,840,2017,840710,      0.00,      0.00,      0.00,      0.00,0,1,0,0,1,1,U2 
H5,840,2017,840721,      0.00,      0.00,      0.00,      0.00,0,1,0,0,1,1,U2 
H5,840,2017,840729,      0.00,      0.00,      0.00,      0.00,0,1,0,0,1,1,U2 
H5,840,2017,840731,      0.00,      0.00,      0.00,      0.00,0,1,0,0,1,1,U2 
H5,840,2017,840732,      0.00,      0.00,      0.00,      0.00,0,3,0,0,3,3,U2 
H5,840,2017,840733,      2.00,      0.00,      2.00,      0.50,0,3,0,1,4,4,U2 
H5,840,2017,840734,      8.00,      0.00,      2.00,      1.00,0,4,0,4,8,8,U2 
H5,840,2017,840790,      0.00,      0.00,      0.00,      0.00,0,2,0,0,2,2,U2 
H5,840,2017,840810,      2.00,      2.00,      2.00,      2.00,0,0,0,1,1,1,U2 
H5,840,2017,840820,      4.00,      0.00,      2.00,      1.33,0,1,0,2,3,3,U2 
H5,840,2017,840890,      0.00,      0.00,      0.00,      0.00,0,2,0,0,2,2,U2 
H5,840,2017,840910,      0.00,      0.00,      0.00,      0.00,0,1,0,0,1,1,U2 
H5,840,2017,840991,      8.00,      0.00,      2.00,      1.60,0,1,0,4,5,5,U2 
H5,840,2017,840999,      4.00,      0.00,      2.00,      1.00,0,2,0,2,4,4,U2 
H5,840,2017,841011,      3.00,      3.00,      3.00,      3.00,0,0,0,1,1,1,U2 
H5,840,2017,841012,      3.00,      3.00,      3.00,      3.00,0,0,0,1,1,1,U2 
H5,840,2017,841013,      3.00,      3.00,      3.00,      3.00,0,0,0,1,1,1,U2 
H5,840,2017,841090,      3.00,      3.00,      3.00,      3.00,0,0,0,1,1,1,U2 
H5,840,2017,841111,      0.00,      0.00,      0.00,      0.00,0,2,0,0,2,2,U2 
H5,840,2017,841112,      0.00,      0.00,      0.00,      0.00,0,2,0,0,2,2,U2 
H5,840,2017,841121,      0.00,      0.00,      0.00,      0.00,0,2,0,0,2,2,U2 
H5,840,2017,841122,      0.00,      0.00,      0.00,      0.00,0,2,0,0,2,2,U2 
H5,840,2017,841181,      2.00,      0.00,      2.00,      1.00,0,1,0,1,2,2,U2 
H5,840,2017,841182,      2.00,      0.00,      2.00,      1.00,0,1,0,1,2,2,U2 
H5,840,2017,841191,      0.00,      0.00,      0.00,      0.00,0,2,0,0,2,2,U2 
H5,840,2017,841199,      2.00,      0.00,      2.00,      1.00,0,1,0,1,2,2,U2 
H5,840,2017,841210,      0.00,      0.00,      0.00,      0.00,0,1,0,0,1,1,U2 
H5,840,2017,841221,      0.00,      0.00,      0.00,      0.00,0,1,0,0,1,1,U2 
H5,840,2017,841229,      0.00,      0.00,      0.00,      0.00,0,2,0,0,2,2,U2 
H5,840,2017,841231,      0.00,      0.00,      0.00,      0.00,0,1,0,0,1,1,U2 
H5,840,2017,841239,      0.00,      0.00,      0.00,      0.00,0,1,0,0,1,1,U2 
H5,840,2017,841280,      0.00,      0.00,      0.00,      0.00,0,2,0,0,2,2,U2 
H5,840,2017,841290,      0.00,      0.00,      0.00,      0.00,0,2,0,0,2,2,U2 
H5,840,2017,841311,      0.00,      0.00,      0.00,      0.00,0,1,0,0,1,1,U2 
H5,840,2017,841319,      0.00,      0.00,      0.00,      0.00,0,1,0,0,1,1,U2 
H5,840,2017,841320,      0.00,      0.00,      0.00,      0.00,0,1,0,0,1,1,U2 
H5,840,2017,841330,      4.00,      2.00,      2.00,      2.00,0,0,0,2,2,2,U2 
H5,840,2017,841340,      0.00,      0.00,      0.00,      0.00,0,1,0,0,1,1,U2 
H5,840,2017,841350,      0.00,      0.00,      0.00,      0.00,0,1,0,0,1,1,U2 
H5,840,2017,841360,      0.00,      0.00,      0.00,      0.00,0,1,0,0,1,1,U2 
H5,840,2017,841370,      0.00,      0.00,      0.00,      0.00,0,2,0,0,2,2,U2 
H5,840,2017,841381,      0.00,      0.00,      0.00,      0.00,0,1,0,0,1,1,U2 
H5,840,2017,841382,      0.00,      0.00,      0.00,      0.00,0,1,0,0,1,1,U2 
H5,840,2017,841391,      2.00,      0.00,      2.00,      0.67,0,2,0,1,3,3,U2 
H5,840,2017,841392,      0.00,      0.00,      0.00,      0.00,0,1,0,0,1,1,U2 
H5,840,2017,841410,      2.00,      2.00,      2.00,      2.00,0,0,0,1,1,1,U2 
H5,840,2017,841420,      3.00,      3.00,      3.00,      3.00,0,0,0,1,1,1,U2 
H5,840,2017,841430,      0.00,      0.00,      0.00,      0.00,0,2,0,0,2,2,U2 
H5,840,2017,841440,      2.00,      2.00,      2.00,      2.00,0,0,0,1,1,1,U2 
H5,840,2017,841451,      8.00,      4.00,      4.00,      4.00,0,0,0,2,2,2,U2 
H5,840,2017,841459,      4.00,      0.00,      2.00,      1.00,0,2,0,2,4,4,U2 
H5,840,2017,841460,      0.00,      0.00,      0.00,      0.00,0,1,0,0,1,1,U2 
H5,840,2017,841480,      3.00,      0.00,      3.00,      0.75,0,3,0,1,4,4,U2 
H5,840,2017,841490,      4.00,      0.00,      4.00,      1.00,0,3,0,1,4,4,U2 
H5,840,2017,841510,      3.00,      0.00,      2.00,      1.00,0,1,0,2,3,3,U2 
H5,840,2017,841520,      1.00,      1.00,      1.00,      1.00,0,0,0,1,1,1,U2 
H5,840,2017,841581,      1.00,      1.00,      1.00,      1.00,0,0,0,1,1,1,U2 
H5,840,2017,841582,      2.00,      2.00,      2.00,      2.00,0,0,0,1,1,1,U2 
H5,840,2017,841583,      1.00,      1.00,      1.00,      1.00,0,0,0,1,1,1,U2 
H5,840,2017,841590,      2.00,      1.00,      1.00,      1.00,0,0,0,2,2,2,U2 
H5,840,2017,841610,      0.00,      0.00,      0.00,      0.00,0,1,0,0,1,1,U2 
H5,840,2017,841620,      0.00,      0.00,      0.00,      0.00,0,1,0,0,1,1,U2 
H5,840,2017,841630,      0.00,      0.00,      0.00,      0.00,0,1,0,0,1,1,U2 
H5,840,2017,841690,      0.00,      0.00,      0.00,      0.00,0,1,0,0,1,1,U2 
H5,840,2017,841710,      2.00,      2.00,      2.00,      2.00,0,0,0,1,1,1,U2 
H5,840,2017,841720,      3.00,      3.00,      3.00,      3.00,0,0,0,1,1,1,U2 
H5,840,2017,841780,      3.00,      3.00,      3.00,      3.00,0,0,0,1,1,1,U2 
H5,840,2017,841790,      3.00,      3.00,      3.00,      3.00,0,0,0,1,1,1,U2 
H5,840,2017,841810,      0.00,      0.00,      0.00,      0.00,0,1,0,0,1,1,U2 
H5,840,2017,841821,      0.00,      0.00,      0.00,      0.00,0,1,0,0,1,1,U2 
H5,840,2017,841829,      2.00,      1.00,      1.00,      1.00,0,0,0,2,2,2,U2 
H5,840,2017,841830,      0.00,      0.00,      0.00,      0.00,0,1,0,0,1,1,U2 
H5,840,2017,841840,      0.00,      0.00,      0.00,      0.00,0,1,0,0,1,1,U2 
H5,840,2017,841850,      0.00,      0.00,      0.00,      0.00,0,1,0,0,1,1,U2 
H5,840,2017,841861,      0.00,      0.00,      0.00,      0.00,0,1,0,0,1,1,U2 
H5,840,2017,841869,      0.00,      0.00,      0.00,      0.00,0,1,0,0,1,1,U2 
H5,840,2017,841891,      0.00,      0.00,      0.00,      0.00,0,1,0,0,1,1,U2 
H5,840,2017,841899,      0.00,      0.00,      0.00,      0.00,0,2,0,0,2,2,U2 
H5,840,2017,841911,      0.00,      0.00,      0.00,      0.00,0,1,0,0,1,1,U2 
H5,840,2017,841919,      0.00,      0.00,      0.00,      0.00,0,1,0,0,1,1,U2 
H5,840,2017,841920,      0.00,      0.00,      0.00,      0.00,0,1,0,0,1,1,U2 
H5,840,2017,841931,      0.00,      0.00,      0.00,      0.00,0,1,0,0,1,1,U2 
H5,840,2017,841932,      0.00,      0.00,      0.00,      0.00,0,2,0,0,2,2,U2 
H5,840,2017,841939,      0.00,      0.00,      0.00,      0.00,0,1,0,0,1,1,U2 
H5,840,2017,841940,      0.00,      0.00,      0.00,      0.00,0,1,0,0,1,1,U2 
H5,840,2017,841950,      4.00,      0.00,      4.00,      2.00,0,1,0,1,2,2,U2 
H5,840,2017,841960,      4.00,      0.00,      4.00,      2.00,0,1,0,1,2,2,U2 
H5,840,2017,841981,      0.00,      0.00,      0.00,      0.00,0,2,0,0,2,2,U2 
H5,840,2017,841989,      4.00,      0.00,      4.00,      1.33,0,2,0,1,3,3,U2 
H5,840,2017,841990,      4.00,      0.00,      4.00,      0.67,0,5,0,1,6,6,U2 
H5,840,2017,842010,      3.00,      0.00,      3.00,      1.00,0,2,0,1,3,3,U2 
H5,840,2017,842091,      2.00,      0.00,      2.00,      0.67,0,2,0,1,3,3,U2 
H5,840,2017,842099,      3.00,      0.00,      3.00,      1.00,0,2,0,1,3,3,U2 
H5,840,2017,842111,      0.00,      0.00,      0.00,      0.00,0,1,0,0,1,1,U2 
H5,840,2017,842112,      0.00,      0.00,      0.00,      0.00,0,1,0,0,1,1,U2 
H5,840,2017,842119,      1.00,      1.00,      1.00,      1.00,0,0,0,1,1,1,U2 
H5,840,2017,842121,      0.00,      0.00,      0.00,      0.00,0,1,0,0,1,1,U2 
H5,840,2017,842122,      0.00,      0.00,      0.00,      0.00,0,1,0,0,1,1,U2 
H5,840,2017,842123,      2.00,      2.00,      2.00,      2.00,0,0,0,1,1,1,U2 
H5,840,2017,842129,      0.00,      0.00,      0.00,      0.00,0,1,0,0,1,1,U2 
H5,840,2017,842131,      2.00,      2.00,      2.00,      2.00,0,0,0,1,1,1,U2 
H5,840,2017,842139,      0.00,      0.00,      0.00,      0.00,0,2,0,0,2,2,U2 
H5,840,2017,842191,      0.00,      0.00,      0.00,      0.00,0,3,0,0,3,3,U2 
H5,840,2017,842199,      0.00,      0.00,      0.00,      0.00,0,1,0,0,1,1,U2 
H5,840,2017,842211,      2.00,      2.00,      2.00,      2.00,0,0,0,1,1,1,U2 
H5,840,2017,842219,      0.00,      0.00,      0.00,      0.00,0,1,0,0,1,1,U2 
H5,840,2017,842220,      0.00,      0.00,      0.00,      0.00,0,1,0,0,1,1,U2 
H5,840,2017,842230,      0.00,      0.00,      0.00,      0.00,0,2,0,0,2,2,U2 
H5,840,2017,842240,      0.00,      0.00,      0.00,      0.00,0,2,0,0,2,2,U2 
H5,840,2017,842290,      0.00,      0.00,      0.00,      0.00,0,6,0,0,6,6,U2 
H5,840,2017,842310,      0.00,      0.00,      0.00,      0.00,0,1,0,0,1,1,U2 
H5,840,2017,842320,      2.00,      0.00,      2.00,      1.00,0,1,0,1,2,2,U2 
H5,840,2017,842330,      0.00,      0.00,      0.00,      0.00,0,1,0,0,1,1,U2 
H5,840,2017,842381,      0.00,      0.00,      0.00,      0.00,0,1,0,0,1,1,U2 
H5,840,2017,842382,      0.00,      0.00,      0.00,      0.00,0,1,0,0,1,1,U2 
H5,840,2017,842389,      2.00,      0.00,      2.00,      1.00,0,1,0,1,2,2,U2 
H5,840,2017,842390,      2.00,      0.00,      2.00,      1.00,0,1,0,1,2,2,U2 
H5,840,2017,842410,      0.00,      0.00,      0.00,      0.00,0,1,0,0,1,1,U2 
H5,840,2017,842420,      2.00,      0.00,      2.00,      1.00,0,1,0,1,2,2,U2 
H5,840,2017,842430,      0.00,      0.00,      0.00,      0.00,0,2,0,0,2,2,U2 
H5,840,2017,842441,      2.00,      0.00,      2.00,      1.00,0,1,0,1,2,2,U2 
H5,840,2017,842449,      2.00,      2.00,      2.00,      2.00,0,0,0,1,1,1,U2 
H5,840,2017,842482,      2.00,      2.00,      2.00,      2.00,0,0,0,1,1,1,U2 
H5,840,2017,842489,      1.00,      0.00,      1.00,      0.50,0,1,0,1,2,2,U2 
H5,840,2017,842490,      2.00,      0.00,      2.00,      0.50,0,3,0,1,4,4,U2 
H5,840,2017,842511,      0.00,      0.00,      0.00,      0.00,0,1,0,0,1,1,U2 
H5,840,2017,842519,      0.00,      0.00,      0.00,      0.00,0,1,0,0,1,1,U2 
H5,840,2017,842531,      0.00,      0.00,      0.00,      0.00,0,1,0,0,1,1,U2 
H5,840,2017,842539,      0.00,      0.00,      0.00,      0.00,0,1,0,0,1,1,U2 
H5,840,2017,842541,      0.00,      0.00,      0.00,      0.00,0,1,0,0,1,1,U2 
H5,840,2017,842542,      0.00,      0.00,      0.00,      0.00,0,1,0,0,1,1,U2 
H5,840,2017,842549,      0.00,      0.00,      0.00,      0.00,0,1,0,0,1,1,U2 
H5,840,2017,842611,      0.00,      0.00,      0.00,      0.00,0,1,0,0,1,1,U2 
H5,840,2017,842612,      0.00,      0.00,      0.00,      0.00,0,1,0,0,1,1,U2 
H5,840,2017,842619,      0.00,      0.00,      0.00,      0.00,0,1,0,0,1,1,U2 
H5,840,2017,842620,      0.00,      0.00,      0.00,      0.00,0,1,0,0,1,1,U2 
H5,840,2017,842630,      0.00,      0.00,      0.00,      0.00,0,1,0,0,1,1,U2 
H5,840,2017,842641,      0.00,      0.00,      0.00,      0.00,0,1,0,0,1,1,U2 
H5,840,2017,842649,      0.00,      0.00,      0.00,      0.00,0,1,0,0,1,1,U2 
H5,840,2017,842691,      0.00,      0.00,      0.00,      0.00,0,1,0,0,1,1,U2 
H5,840,2017,842699,      0.00,      0.00,      0.00,      0.00,0,1,0,0,1,1,U2 
H5,840,2017,842710,      0.00,      0.00,      0.00,      0.00,0,2,0,0,2,2,U2 
H5,840,2017,842720,      0.00,      0.00,      0.00,      0.00,0,2,0,0,2,2,U2 
H5,840,2017,842790,      0.00,      0.00,      0.00,      0.00,0,1,0,0,1,1,U2 
H5,840,2017,842810,      0.00,      0.00,      0.00,      0.00,0,1,0,0,1,1,U2 
H5,840,2017,842820,      0.00,      0.00,      0.00,      0.00,0,1,0,0,1,1,U2 
H5,840,2017,842831,      0.00,      0.00,      0.00,      0.00,0,1,0,0,1,1,U2 
H5,840,2017,842832,      0.00,      0.00,      0.00,      0.00,0,1,0,0,1,1,U2 
H5,840,2017,842833,      0.00,      0.00,      0.00,      0.00,0,1,0,0,1,1,U2 
H5,840,2017,842839,      0.00,      0.00,      0.00,      0.00,0,1,0,0,1,1,U2 
H5,840,2017,842840,      0.00,      0.00,      0.00,      0.00,0,1,0,0,1,1,U2 
H5,840,2017,842860,      0.00,      0.00,      0.00,      0.00,0,1,0,0,1,1,U2 
H5,840,2017,842890,      0.00,      0.00,      0.00,      0.00,0,1,0,0,1,1,U2 
H5,840,2017,842911,      0.00,      0.00,      0.00,      0.00,0,1,0,0,1,1,U2 
H5,840,2017,842919,      0.00,      0.00,      0.00,      0.00,0,1,0,0,1,1,U2 
H5,840,2017,842920,      0.00,      0.00,      0.00,      0.00,0,1,0,0,1,1,U2 
H5,840,2017,842930,      0.00,      0.00,      0.00,      0.00,0,1,0,0,1,1,U2 
H5,840,2017,842940,      0.00,      0.00,      0.00,      0.00,0,1,0,0,1,1,U2 
H5,840,2017,842951,      0.00,      0.00,      0.00,      0.00,0,2,0,0,2,2,U2 
H5,840,2017,842952,      0.00,      0.00,      0.00,      0.00,0,2,0,0,2,2,U2 
H5,840,2017,842959,      0.00,      0.00,      0.00,      0.00,0,2,0,0,2,2,U2 
H5,840,2017,843010,      0.00,      0.00,      0.00,      0.00,0,1,0,0,1,1,U2 
H5,840,2017,843020,      0.00,      0.00,      0.00,      0.00,0,1,0,0,1,1,U2 
H5,840,2017,843031,      0.00,      0.00,      0.00,      0.00,0,1,0,0,1,1,U2 
H5,840,2017,843039,      0.00,      0.00,      0.00,      0.00,0,1,0,0,1,1,U2 
H5,840,2017,843041,      0.00,      0.00,      0.00,      0.00,0,1,0,0,1,1,U2 
H5,840,2017,843049,      0.00,      0.00,      0.00,      0.00,0,2,0,0,2,2,U2 
H5,840,2017,843050,      0.00,      0.00,      0.00,      0.00,0,2,0,0,2,2,U2 
H5,840,2017,843061,      0.00,      0.00,      0.00,      0.00,0,1,0,0,1,1,U2 
H5,840,2017,843069,      0.00,      0.00,      0.00,      0.00,0,1,0,0,1,1,U2 
H5,840,2017,843110,      0.00,      0.00,      0.00,      0.00,0,1,0,0,1,1,U2 
H5,840,2017,843120,      0.00,      0.00,      0.00,      0.00,0,1,0,0,1,1,U2 
H5,840,2017,843131,      0.00,      0.00,      0.00,      0.00,0,1,0,0,1,1,U2 
H5,840,2017,843139,      0.00,      0.00,      0.00,      0.00,0,1,0,0,1,1,U2 
H5,840,2017,843141,      0.00,      0.00,      0.00,      0.00,0,1,0,0,1,1,U2 
H5,840,2017,843142,      0.00,      0.00,      0.00,      0.00,0,1,0,0,1,1,U2 
H5,840,2017,843143,      0.00,      0.00,      0.00,      0.00,0,2,0,0,2,2,U2 
H5,840,2017,843149,      0.00,      0.00,      0.00,      0.00,0,2,0,0,2,2,U2 
H5,840,2017,843210,      0.00,      0.00,      0.00,      0.00,0,1,0,0,1,1,U2 
H5,840,2017,843221,      0.00,      0.00,      0.00,      0.00,0,1,0,0,1,1,U2 
H5,840,2017,843229,      0.00,      0.00,      0.00,      0.00,0,1,0,0,1,1,U2 
H5,840,2017,843231,      0.00,      0.00,      0.00,      0.00,0,1,0,0,1,1,U2 
H5,840,2017,843239,      0.00,      0.00,      0.00,      0.00,0,1,0,0,1,1,U2 
H5,840,2017,843241,      0.00,      0.00,      0.00,      0.00,0,1,0,0,1,1,U2 
H5,840,2017,843242,      0.00,      0.00,      0.00,      0.00,0,1,0,0,1,1,U2 
H5,840,2017,843280,      0.00,      0.00,      0.00,      0.00,0,1,0,0,1,1,U2 
H5,840,2017,843290,      0.00,      0.00,      0.00,      0.00,0,1,0,0,1,1,U2 
H5,840,2017,843311,      0.00,      0.00,      0.00,      0.00,0,1,0,0,1,1,U2 
H5,840,2017,843319,      0.00,      0.00,      0.00,      0.00,0,1,0,0,1,1,U2 
H5,840,2017,843320,      0.00,      0.00,      0.00,      0.00,0,1,0,0,1,1,U2 
H5,840,2017,843330,      0.00,      0.00,      0.00,      0.00,0,1,0,0,1,1,U2 
H5,840,2017,843340,      0.00,      0.00,      0.00,      0.00,0,1,0,0,1,1,U2 
H5,840,2017,843351,      0.00,      0.00,      0.00,      0.00,0,1,0,0,1,1,U2 
H5,840,2017,843352,      0.00,      0.00,      0.00,      0.00,0,1,0,0,1,1,U2 
H5,840,2017,843353,      0.00,      0.00,      0.00,      0.00,0,1,0,0,1,1,U2 
H5,840,2017,843359,      0.00,      0.00,      0.00,      0.00,0,1,0,0,1,1,U2 
H5,840,2017,843360,      0.00,      0.00,      0.00,      0.00,0,1,0,0,1,1,U2 
H5,840,2017,843390,      0.00,      0.00,      0.00,      0.00,0,2,0,0,2,2,U2 
H5,840,2017,843410,      0.00,      0.00,      0.00,      0.00,0,1,0,0,1,1,U2 
H5,840,2017,843420,      0.00,      0.00,      0.00,      0.00,0,1,0,0,1,1,U2 
H5,840,2017,843490,      0.00,      0.00,      0.00,      0.00,0,1,0,0,1,1,U2 
H5,840,2017,843510,      0.00,      0.00,      0.00,      0.00,0,1,0,0,1,1,U2 
H5,840,2017,843590,      0.00,      0.00,      0.00,      0.00,0,1,0,0,1,1,U2 
H5,840,2017,843610,      0.00,      0.00,      0.00,      0.00,0,1,0,0,1,1,U2 
H5,840,2017,843621,      0.00,      0.00,      0.00,      0.00,0,1,0,0,1,1,U2 
H5,840,2017,843629,      0.00,      0.00,      0.00,      0.00,0,1,0,0,1,1,U2 
H5,840,2017,843680,      0.00,      0.00,      0.00,      0.00,0,1,0,0,1,1,U2 
H5,840,2017,843691,      0.00,      0.00,      0.00,      0.00,0,1,0,0,1,1,U2 
H5,840,2017,843699,      0.00,      0.00,      0.00,      0.00,0,1,0,0,1,1,U2 
H5,840,2017,843710,      0.00,      0.00,      0.00,      0.00,0,1,0,0,1,1,U2 
H5,840,2017,843780,      0.00,      0.00,      0.00,      0.00,0,1,0,0,1,1,U2 
H5,840,2017,843790,      0.00,      0.00,      0.00,      0.00,0,1,0,0,1,1,U2 
H5,840,2017,843810,      0.00,      0.00,      0.00,      0.00,0,1,0,0,1,1,U2 
H5,840,2017,843820,      0.00,      0.00,      0.00,      0.00,0,1,0,0,1,1,U2 
H5,840,2017,843830,      0.00,      0.00,      0.00,      0.00,0,1,0,0,1,1,U2 
H5,840,2017,843840,      2.00,      2.00,      2.00,      2.00,0,0,0,1,1,1,U2 
H5,840,2017,843850,      2.00,      2.00,      2.00,      2.00,0,0,0,1,1,1,U2 
H5,840,2017,843860,      0.00,      0.00,      0.00,      0.00,0,1,0,0,1,1,U2 
H5,840,2017,843880,      0.00,      0.00,      0.00,      0.00,0,1,0,0,1,1,U2 
H5,840,2017,843890,      2.00,      0.00,      2.00,      1.00,0,1,0,1,2,2,U2 
H5,840,2017,843910,      0.00,      0.00,      0.00,      0.00,0,1,0,0,1,1,U2 
H5,840,2017,843920,      0.00,      0.00,      0.00,      0.00,0,1,0,0,1,1,U2 
H5,840,2017,843930,      0.00,      0.00,      0.00,      0.00,0,1,0,0,1,1,U2 
H5,840,2017,843991,      0.00,      0.00,      0.00,      0.00,0,2,0,0,2,2,U2 
H5,840,2017,843999,      0.00,      0.00,      0.00,      0.00,0,2,0,0,2,2,U2 
H5,840,2017,844010,      0.00,      0.00,      0.00,      0.00,0,1,0,0,1,1,U2 
H5,840,2017,844090,      0.00,      0.00,      0.00,      0.00,0,1,0,0,1,1,U2 
H5,840,2017,844110,      0.00,      0.00,      0.00,      0.00,0,1,0,0,1,1,U2 
H5,840,2017,844120,      0.00,      0.00,      0.00,      0.00,0,1,0,0,1,1,U2 
H5,840,2017,844130,      0.00,      0.00,      0.00,      0.00,0,1,0,0,1,1,U2 
H5,840,2017,844140,      0.00,      0.00,      0.00,      0.00,0,1,0,0,1,1,U2 
H5,840,2017,844180,      0.00,      0.00,      0.00,      0.00,0,1,0,0,1,1,U2 
H5,840,2017,844190,      0.00,      0.00,      0.00,      0.00,0,1,0,0,1,1,U2 
H5,840,2017,844230,      0.00,      0.00,      0.00,      0.00,0,1,0,0,1,1,U2 
H5,840,2017,844240,      0.00,      0.00,      0.00,      0.00,0,1,0,0,1,1,U2 
H5,840,2017,844250,      0.00,      0.00,      0.00,      0.00,0,2,0,0,2,2,U2 
H5,840,2017,844311,      3.00,      0.00,      3.00,      1.50,0,1,0,1,2,2,U2 
H5,840,2017,844312,      0.00,      0.00,      0.00,      0.00,0,1,0,0,1,1,U2 
H5,840,2017,844313,      0.00,      0.00,      0.00,      0.00,0,1,0,0,1,1,U2 
H5,840,2017,844314,      2.00,      2.00,      2.00,      2.00,0,0,0,1,1,1,U2 
H5,840,2017,844315,      0.00,      0.00,      0.00,      0.00,0,1,0,0,1,1,U2 
H5,840,2017,844316,      2.00,      2.00,      2.00,      2.00,0,0,0,1,1,1,U2 
H5,840,2017,844317,      2.00,      2.00,      2.00,      2.00,0,0,0,1,1,1,U2 
H5,840,2017,844319,      2.00,      0.00,      2.00,      1.00,0,1,0,1,2,2,U2 
H5,840,2017,844331,      0.00,      0.00,      0.00,      0.00,0,1,0,0,1,1,U2 
H5,840,2017,844332,      0.00,      0.00,      0.00,      0.00,0,2,0,0,2,2,U2 
H5,840,2017,844339,      0.00,      0.00,      0.00,      0.00,0,7,0,0,7,7,U2 
H5,840,2017,844391,      0.00,      0.00,      0.00,      0.00,0,3,0,0,3,3,U2 
H5,840,2017,844399,      0.00,      0.00,      0.00,      0.00,0,8,0,0,8,8,U2 
H5,840,2017,844400,      0.00,      0.00,      0.00,      0.00,0,1,0,0,1,1,U2 
H5,840,2017,844511,      0.00,      0.00,      0.00,      0.00,0,1,0,0,1,1,U2 
H5,840,2017,844512,      0.00,      0.00,      0.00,      0.00,0,1,0,0,1,1,U2 
H5,840,2017,844513,      0.00,      0.00,      0.00,      0.00,0,1,0,0,1,1,U2 
H5,840,2017,844519,      3.00,      3.00,      3.00,      3.00,0,0,0,1,1,1,U2 
H5,840,2017,844520,      0.00,      0.00,      0.00,      0.00,0,1,0,0,1,1,U2 
H5,840,2017,844530,      0.00,      0.00,      0.00,      0.00,0,1,0,0,1,1,U2 
H5,840,2017,844540,      3.00,      3.00,      3.00,      3.00,0,0,0,1,1,1,U2 
H5,840,2017,844590,      3.00,      3.00,      3.00,      3.00,0,0,0,1,1,1,U2 
H5,840,2017,844610,      0.00,      0.00,      0.00,      0.00,0,1,0,0,1,1,U2 
H5,840,2017,844621,      3.00,      0.00,      3.00,      1.50,0,1,0,1,2,2,U2 
H5,840,2017,844629,      0.00,      0.00,      0.00,      0.00,0,1,0,0,1,1,U2 
H5,840,2017,844630,      3.00,      0.00,      3.00,      1.50,0,1,0,1,2,2,U2 
H5,840,2017,844711,      0.00,      0.00,      0.00,      0.00,0,2,0,0,2,2,U2 
H5,840,2017,844712,      0.00,      0.00,      0.00,      0.00,0,2,0,0,2,2,U2 
H5,840,2017,844720,      2.00,      0.00,      2.00,      0.50,0,3,0,1,4,4,U2 
H5,840,2017,844790,      0.00,      0.00,      0.00,      0.00,0,3,0,0,3,3,U2 
H5,840,2017,844811,      0.00,      0.00,      0.00,      0.00,0,1,0,0,1,1,U2 
H5,840,2017,844819,      0.00,      0.00,      0.00,      0.00,0,1,0,0,1,1,U2 
H5,840,2017,844820,      6.00,      3.00,      3.00,      3.00,0,0,0,2,2,2,U2 
H5,840,2017,844831,      3.00,      3.00,      3.00,      3.00,0,0,0,1,1,1,U2 
H5,840,2017,844832,      0.00,      0.00,      0.00,      0.00,0,1,0,0,1,1,U2 
H5,840,2017,844833,      3.00,      3.00,      3.00,      3.00,0,0,0,1,1,1,U2 
H5,840,2017,844839,      3.00,      0.00,      3.00,      1.00,0,2,0,1,3,3,U2 
H5,840,2017,844842,      3.00,      3.00,      3.00,      3.00,0,0,0,1,1,1,U2 
H5,840,2017,844849,      3.00,      0.00,      3.00,      1.50,0,1,0,1,2,2,U2 
H5,840,2017,844851,      0.00,      0.00,      0.00,      0.00,0,4,0,0,4,4,U2 
H5,840,2017,844859,      0.00,      0.00,      0.00,      0.00,0,2,0,0,2,2,U2 
H5,840,2017,844900,      2.00,      0.00,      2.00,      1.00,0,1,0,1,2,2,U2 
H5,840,2017,845011,      1.00,      1.00,      1.00,      1.00,0,0,0,1,1,1,U2 
H5,840,2017,845012,      2.00,      2.00,      2.00,      2.00,0,0,0,1,1,1,U2 
H5,840,2017,845019,      1.00,      1.00,      1.00,      1.00,0,0,0,1,1,1,U2 
H5,840,2017,845020,      1.00,      1.00,      1.00,      1.00,0,0,0,1,1,1,U2 
H5,840,2017,845090,      6.00,      2.00,      2.00,      2.00,0,0,0,3,3,3,U2 
H5,840,2017,845110,      0.00,      0.00,      0.00,      0.00,0,1,0,0,1,1,U2 
H5,840,2017,845121,      3.00,      3.00,      3.00,      3.00,0,0,0,1,1,1,U2 
H5,840,2017,845129,      2.00,      2.00,      2.00,      2.00,0,0,0,1,1,1,U2 
H5,840,2017,845130,      0.00,      0.00,      0.00,      0.00,0,1,0,0,1,1,U2 
H5,840,2017,845140,      3.00,      3.00,      3.00,      3.00,0,0,0,1,1,1,U2 
H5,840,2017,845150,      0.00,      0.00,      0.00,      0.00,0,1,0,0,1,1,U2 
H5,840,2017,845180,      3.00,      3.00,      3.00,      3.00,0,0,0,1,1,1,U2 
H5,840,2017,845190,      9.00,      3.00,      3.00,      3.00,0,0,0,3,3,3,U2 
H5,840,2017,845210,      0.00,      0.00,      0.00,      0.00,0,1,0,0,1,1,U2 
H5,840,2017,845221,      0.00,      0.00,      0.00,      0.00,0,2,0,0,2,2,U2 
H5,840,2017,845229,      0.00,      0.00,      0.00,      0.00,0,2,0,0,2,2,U2 
H5,840,2017,845230,      0.00,      0.00,      0.00,      0.00,0,1,0,0,1,1,U2 
H5,840,2017,845290,      2.00,      0.00,      2.00,      1.00,0,1,0,1,2,2,U2 
H5,840,2017,845310,      0.00,      0.00,      0.00,      0.00,0,1,0,0,1,1,U2 
H5,840,2017,845320,      0.00,      0.00,      0.00,      0.00,0,1,0,0,1,1,U2 
H5,840,2017,845380,      0.00,      0.00,      0.00,      0.00,0,1,0,0,1,1,U2 
H5,840,2017,845390,      0.00,      0.00,      0.00,      0.00,0,2,0,0,2,2,U2 
H5,840,2017,845410,      0.00,      0.00,      0.00,      0.00,0,1,0,0,1,1,U2 
H5,840,2017,845420,      0.00,      0.00,      0.00,      0.00,0,1,0,0,1,1,U2 
H5,840,2017,845430,      0.00,      0.00,      0.00,      0.00,0,1,0,0,1,1,U2 
H5,840,2017,845490,      0.00,      0.00,      0.00,      0.00,0,1,0,0,1,1,U2 
H5,840,2017,845510,      0.00,      0.00,      0.00,      0.00,0,1,0,0,1,1,U2 
H5,840,2017,845521,      0.00,      0.00,      0.00,      0.00,0,1,0,0,1,1,U2 
H5,840,2017,845522,      0.00,      0.00,      0.00,      0.00,0,1,0,0,1,1,U2 
H5,840,2017,845530,      0.00,      0.00,      0.00,      0.00,0,1,0,0,1,1,U2 
H5,840,2017,845590,      0.00,      0.00,      0.00,      0.00,0,2,0,0,2,2,U2 
H5,840,2017,845611,      5.00,      0.00,      3.00,      1.67,0,1,0,2,3,3,U2 
H5,840,2017,845612,      5.00,      0.00,      3.00,      1.67,0,1,0,2,3,3,U2 
H5,840,2017,845620,      5.00,      2.00,      3.00,      2.50,0,0,0,2,2,2,U2 
H5,840,2017,845630,      5.00,      2.00,      3.00,      2.50,0,0,0,2,2,2,U2 
H5,840,2017,845640,      5.00,      2.00,      3.00,      2.50,0,0,0,2,2,2,U2 
H5,840,2017,845650,      2.00,      2.00,      2.00,      2.00,0,0,0,1,1,1,U2 
H5,840,2017,845690,      5.00,      2.00,      3.00,      2.50,0,0,0,2,2,2,U2 
H5,840,2017,845710,      4.00,      4.00,      4.00,      4.00,0,0,0,1,1,1,U2 
H5,840,2017,845720,      3.00,      3.00,      3.00,      3.00,0,0,0,1,1,1,U2 
H5,840,2017,845730,      3.00,      3.00,      3.00,      3.00,0,0,0,1,1,1,U2 
H5,840,2017,845811,      4.00,      4.00,      4.00,      4.00,0,0,0,1,1,1,U2 
H5,840,2017,845819,      4.00,      4.00,      4.00,      4.00,0,0,0,1,1,1,U2 
H5,840,2017,845891,      8.00,      4.00,      4.00,      4.00,0,0,0,2,2,2,U2 
H5,840,2017,845899,      8.00,      4.00,      4.00,      4.00,0,0,0,2,2,2,U2 
H5,840,2017,845910,      3.00,      3.00,      3.00,      3.00,0,0,0,1,1,1,U2 
H5,840,2017,845921,      4.00,      4.00,      4.00,      4.00,0,0,0,1,1,1,U2 
H5,840,2017,845929,      4.00,      4.00,      4.00,      4.00,0,0,0,1,1,1,U2 
H5,840,2017,845931,      4.00,      4.00,      4.00,      4.00,0,0,0,1,1,1,U2 
H5,840,2017,845939,      4.00,      4.00,      4.00,      4.00,0,0,0,1,1,1,U2 
H5,840,2017,845941,      4.00,      4.00,      4.00,      4.00,0,0,0,1,1,1,U2 
H5,840,2017,845949,      4.00,      4.00,      4.00,      4.00,0,0,0,1,1,1,U2 
H5,840,2017,845951,      4.00,      4.00,      4.00,      4.00,0,0,0,1,1,1,U2 
H5,840,2017,845959,      4.00,      4.00,      4.00,      4.00,0,0,0,1,1,1,U2 
H5,840,2017,845961,      4.00,      4.00,      4.00,      4.00,0,0,0,1,1,1,U2 
H5,840,2017,845969,      4.00,      4.00,      4.00,      4.00,0,0,0,1,1,1,U2 
H5,840,2017,845970,      8.00,      4.00,      4.00,      4.00,0,0,0,2,2,2,U2 
H5,840,2017,846012,      4.00,      4.00,      4.00,      4.00,0,0,0,1,1,1,U2 
H5,840,2017,846019,      4.00,      4.00,      4.00,      4.00,0,0,0,1,1,1,U2 
H5,840,2017,846022,      4.00,      4.00,      4.00,      4.00,0,0,0,1,1,1,U2 
H5,840,2017,846023,      4.00,      4.00,      4.00,      4.00,0,0,0,1,1,1,U2 
H5,840,2017,846024,      4.00,      4.00,      4.00,      4.00,0,0,0,1,1,1,U2 
H5,840,2017,846029,      4.00,      4.00,      4.00,      4.00,0,0,0,1,1,1,U2 
H5,840,2017,846031,      4.00,      4.00,      4.00,      4.00,0,0,0,1,1,1,U2 
H5,840,2017,846039,      4.00,      4.00,      4.00,      4.00,0,0,0,1,1,1,U2 
H5,840,2017,846040,      8.00,      4.00,      4.00,      4.00,0,0,0,2,2,2,U2 
H5,840,2017,846090,      8.00,      4.00,      4.00,      4.00,0,0,0,2,2,2,U2 
H5,840,2017,846120,      8.00,      4.00,      4.00,      4.00,0,0,0,2,2,2,U2 
H5,840,2017,846130,      8.00,      4.00,      4.00,      4.00,0,0,0,2,2,2,U2 
H5,840,2017,846140,      9.00,      4.00,      5.00,      4.50,0,0,0,2,2,2,U2 
H5,840,2017,846150,      8.00,      4.00,      4.00,      4.00,0,0,0,2,2,2,U2 
H5,840,2017,846190,      8.00,      4.00,      4.00,      4.00,0,0,0,2,2,2,U2 
H5,840,2017,846210,      4.00,      4.00,      4.00,      4.00,0,0,0,1,1,1,U2 
H5,840,2017,846221,      4.00,      4.00,      4.00,      4.00,0,0,0,1,1,1,U2 
H5,840,2017,846229,      4.00,      4.00,      4.00,      4.00,0,0,0,1,1,1,U2 
H5,840,2017,846231,      4.00,      4.00,      4.00,      4.00,0,0,0,1,1,1,U2 
H5,840,2017,846239,      4.00,      4.00,      4.00,      4.00,0,0,0,1,1,1,U2 
H5,840,2017,846241,      4.00,      4.00,      4.00,      4.00,0,0,0,1,1,1,U2 
H5,840,2017,846249,      4.00,      4.00,      4.00,      4.00,0,0,0,1,1,1,U2 
H5,840,2017,846291,      8.00,      4.00,      4.00,      4.00,0,0,0,2,2,2,U2 
H5,840,2017,846299,      8.00,      4.00,      4.00,      4.00,0,0,0,2,2,2,U2 
H5,840,2017,846310,      4.00,      4.00,      4.00,      4.00,0,0,0,1,1,1,U2 
H5,840,2017,846320,      4.00,      4.00,      4.00,      4.00,0,0,0,1,1,1,U2 
H5,840,2017,846330,      4.00,      4.00,      4.00,      4.00,0,0,0,1,1,1,U2 
H5,840,2017,846390,      4.00,      4.00,      4.00,      4.00,0,0,0,1,1,1,U2 
H5,840,2017,846410,      0.00,      0.00,      0.00,      0.00,0,1,0,0,1,1,U2 
H5,840,2017,846420,      2.00,      2.00,      2.00,      2.00,0,0,0,1,1,1,U2 
H5,840,2017,846490,      2.00,      2.00,      2.00,      2.00,0,0,0,1,1,1,U2 
H5,840,2017,846510,      2.00,      2.00,      2.00,      2.00,0,0,0,1,1,1,U2 
H5,840,2017,846520,      7.00,      2.00,      3.00,      2.33,0,0,0,3,3,3,U2 
H5,840,2017,846591,      3.00,      3.00,      3.00,      3.00,0,0,0,1,1,1,U2 
H5,840,2017,846592,      3.00,      3.00,      3.00,      3.00,0,0,0,1,1,1,U2 
H5,840,2017,846593,      3.00,      3.00,      3.00,      3.00,0,0,0,1,1,1,U2 
H5,840,2017,846594,      2.00,      2.00,      2.00,      2.00,0,0,0,1,1,1,U2 
H5,840,2017,846595,      3.00,      3.00,      3.00,      3.00,0,0,0,1,1,1,U2 
H5,840,2017,846596,      2.00,      2.00,      2.00,      2.00,0,0,0,1,1,1,U2 
H5,840,2017,846599,      2.00,      2.00,      2.00,      2.00,0,0,0,1,1,1,U2 
H5,840,2017,846610,      3.00,      3.00,      3.00,      3.00,0,0,0,1,1,1,U2 
H5,840,2017,846620,      7.00,      3.00,      4.00,      3.50,0,0,0,2,2,2,U2 
H5,840,2017,846630,     13.00,      2.00,      8.00,      4.33,0,0,0,3,3,3,U2 
H5,840,2017,846691,      0.00,      0.00,      0.00,      0.00,0,2,0,0,2,2,U2 
H5,840,2017,846692,      4.00,      0.00,      4.00,      2.00,0,1,0,1,2,2,U2 
H5,840,2017,846693,     18.00,      0.00,      5.00,      2.25,0,4,0,4,8,8,U2 
H5,840,2017,846694,      8.00,      0.00,      4.00,      2.00,0,2,0,2,4,4,U2 
H5,840,2017,846711,      4.00,      0.00,      4.00,      2.00,0,1,0,1,2,2,U2 
H5,840,2017,846719,      4.00,      0.00,      4.00,      2.00,0,1,0,1,2,2,U2 
H5,840,2017,846721,      1.00,      1.00,      1.00,      1.00,0,0,0,1,1,1,U2 
H5,840,2017,846722,      0.00,      0.00,      0.00,      0.00,0,1,0,0,1,1,U2 
H5,840,2017,846729,      0.00,      0.00,      0.00,      0.00,0,1,0,0,1,1,U2 
H5,840,2017,846781,      0.00,      0.00,      0.00,      0.00,0,1,0,0,1,1,U2 
H5,840,2017,846789,      0.00,      0.00,      0.00,      0.00,0,2,0,0,2,2,U2 
H5,840,2017,846791,      0.00,      0.00,      0.00,      0.00,0,1,0,0,1,1,U2 
H5,840,2017,846792,      0.00,      0.00,      0.00,      0.00,0,1,0,0,1,1,U2 
H5,840,2017,846799,      0.00,      0.00,      0.00,      0.00,0,1,0,0,1,1,U2 
H5,840,2017,846810,      2.00,      2.00,      2.00,      2.00,0,0,0,1,1,1,U2 
H5,840,2017,846820,      3.00,      0.00,      3.00,      1.50,0,1,0,1,2,2,U2 
H5,840,2017,846880,      2.00,      0.00,      2.00,      1.00,0,1,0,1,2,2,U2 
H5,840,2017,846890,      2.00,      0.00,      2.00,      1.00,0,1,0,1,2,2,U2 
H5,840,2017,847010,      0.00,      0.00,      0.00,      0.00,0,1,0,0,1,1,U2 
H5,840,2017,847021,      0.00,      0.00,      0.00,      0.00,0,1,0,0,1,1,U2 
H5,840,2017,847029,      0.00,      0.00,      0.00,      0.00,0,1,0,0,1,1,U2 
H5,840,2017,847030,      0.00,      0.00,      0.00,      0.00,0,1,0,0,1,1,U2 
H5,840,2017,847050,      0.00,      0.00,      0.00,      0.00,0,1,0,0,1,1,U2 
H5,840,2017,847090,      0.00,      0.00,      0.00,      0.00,0,1,0,0,1,1,U2 
H5,840,2017,847130,      0.00,      0.00,      0.00,      0.00,0,1,0,0,1,1,U2 
H5,840,2017,847141,      0.00,      0.00,      0.00,      0.00,0,1,0,0,1,1,U2 
H5,840,2017,847149,      0.00,      0.00,      0.00,      0.00,0,1,0,0,1,1,U2 
H5,840,2017,847150,      0.00,      0.00,      0.00,      0.00,0,1,0,0,1,1,U2 
H5,840,2017,847160,      0.00,      0.00,      0.00,      0.00,0,5,0,0,5,5,U2 
H5,840,2017,847170,      0.00,      0.00,      0.00,      0.00,0,7,0,0,7,7,U2 
H5,840,2017,847180,      0.00,      0.00,      0.00,      0.00,0,3,0,0,3,3,U2 
H5,840,2017,847190,      0.00,      0.00,      0.00,      0.00,0,1,0,0,1,1,U2 
H5,840,2017,847210,      0.00,      0.00,      0.00,      0.00,0,1,0,0,1,1,U2 
H5,840,2017,847230,      1.00,      1.00,      1.00,      1.00,0,0,0,1,1,1,U2 
H5,840,2017,847290,      0.00,      0.00,      0.00,      0.00,0,6,0,0,6,6,U2 
H5,840,2017,847321,      0.00,      0.00,      0.00,      0.00,0,1,0,0,1,1,U2 
H5,840,2017,847329,      0.00,      0.00,      0.00,      0.00,0,1,0,0,1,1,U2 
H5,840,2017,847330,      0.00,      0.00,      0.00,      0.00,0,4,0,0,4,4,U2 
H5,840,2017,847340,      2.00,      0.00,      2.00,      0.50,0,3,0,1,4,4,U2 
H5,840,2017,847350,      0.00,      0.00,      0.00,      0.00,0,3,0,0,3,3,U2 
H5,840,2017,847410,      0.00,      0.00,      0.00,      0.00,0,1,0,0,1,1,U2 
H5,840,2017,847420,      0.00,      0.00,      0.00,      0.00,0,1,0,0,1,1,U2 
H5,840,2017,847431,      0.00,      0.00,      0.00,      0.00,0,1,0,0,1,1,U2 
H5,840,2017,847432,      0.00,      0.00,      0.00,      0.00,0,1,0,0,1,1,U2 
H5,840,2017,847439,      0.00,      0.00,      0.00,      0.00,0,1,0,0,1,1,U2 
H5,840,2017,847480,      0.00,      0.00,      0.00,      0.00,0,1,0,0,1,1,U2 
H5,840,2017,847490,      0.00,      0.00,      0.00,      0.00,0,1,0,0,1,1,U2 
H5,840,2017,847510,      0.00,      0.00,      0.00,      0.00,0,1,0,0,1,1,U2 
H5,840,2017,847521,      0.00,      0.00,      0.00,      0.00,0,1,0,0,1,1,U2 
H5,840,2017,847529,      0.00,      0.00,      0.00,      0.00,0,1,0,0,1,1,U2 
H5,840,2017,847590,      0.00,      0.00,      0.00,      0.00,0,2,0,0,2,2,U2 
H5,840,2017,847621,      0.00,      0.00,      0.00,      0.00,0,1,0,0,1,1,U2 
H5,840,2017,847629,      0.00,      0.00,      0.00,      0.00,0,1,0,0,1,1,U2 
H5,840,2017,847681,      0.00,      0.00,      0.00,      0.00,0,1,0,0,1,1,U2 
H5,840,2017,847689,      0.00,      0.00,      0.00,      0.00,0,1,0,0,1,1,U2 
H5,840,2017,847690,      0.00,      0.00,      0.00,      0.00,0,1,0,0,1,1,U2 
H5,840,2017,847710,      3.00,      0.00,      3.00,      1.00,0,2,0,1,3,3,U2 
H5,840,2017,847720,      3.00,      3.00,      3.00,      3.00,0,0,0,1,1,1,U2 
H5,840,2017,847730,      3.00,      3.00,      3.00,      3.00,0,0,0,1,1,1,U2 
H5,840,2017,847740,      3.00,      3.00,      3.00,      3.00,0,0,0,1,1,1,U2 
H5,840,2017,847751,      3.00,      3.00,      3.00,      3.00,0,0,0,1,1,1,U2 
H5,840,2017,847759,      3.00,      3.00,      3.00,      3.00,0,0,0,1,1,1,U2 
H5,840,2017,847780,      3.00,      3.00,      3.00,      3.00,0,0,0,1,1,1,U2 
H5,840,2017,847790,     12.00,      3.00,      3.00,      3.00,0,0,0,4,4,4,U2 
H5,840,2017,847810,      0.00,      0.00,      0.00,      0.00,0,1,0,0,1,1,U2 
H5,840,2017,847890,      0.00,      0.00,      0.00,      0.00,0,1,0,0,1,1,U2 
H5,840,2017,847910,      0.00,      0.00,      0.00,      0.00,0,1,0,0,1,1,U2 
H5,840,2017,847920,      0.00,      0.00,      0.00,      0.00,0,1,0,0,1,1,U2 
H5,840,2017,847930,      0.00,      0.00,      0.00,      0.00,0,1,0,0,1,1,U2 
H5,840,2017,847940,      0.00,      0.00,      0.00,      0.00,0,1,0,0,1,1,U2 
H5,840,2017,847950,      2.00,      2.00,      2.00,      2.00,0,0,0,1,1,1,U2 
H5,840,2017,847960,      2.00,      2.00,      2.00,      2.00,0,0,0,1,1,1,U2 
H5,840,2017,847971,      0.00,      0.00,      0.00,      0.00,0,1,0,0,1,1,U2 
H5,840,2017,847979,      0.00,      0.00,      0.00,      0.00,0,1,0,0,1,1,U2 
H5,840,2017,847981,      0.00,      0.00,      0.00,      0.00,0,1,0,0,1,1,U2 
H5,840,2017,847982,      0.00,      0.00,      0.00,      0.00,0,1,0,0,1,1,U2 
H5,840,2017,847989,      6.00,      0.00,      2.00,      0.75,0,5,0,3,8,8,U2 
H5,840,2017,847990,      0.00,      0.00,      0.00,      0.00,0,7,0,0,7,7,U2 
H5,840,2017,848010,      3.00,      3.00,      3.00,      3.00,0,0,0,1,1,1,U2 
H5,840,2017,848020,      3.00,      3.00,      3.00,      3.00,0,0,0,1,1,1,U2 
H5,840,2017,848030,      2.00,      2.00,      2.00,      2.00,0,0,0,1,1,1,U2 
H5,840,2017,848041,      3.00,      3.00,      3.00,      3.00,0,0,0,1,1,1,U2 
H5,840,2017,848049,      3.00,      3.00,      3.00,      3.00,0,0,0,1,1,1,U2 
H5,840,2017,848050,      0.00,      0.00,      0.00,      0.00,0,1,0,0,1,1,U2 
H5,840,2017,848060,      0.00,      0.00,      0.00,      0.00,0,1,0,0,1,1,U2 
H5,840,2017,848071,      3.00,      0.00,      3.00,      1.00,0,2,0,1,3,3,U2 
H5,840,2017,848079,      3.00,      0.00,      3.00,      1.50,0,1,0,1,2,2,U2 
H5,840,2017,848110,      2.00,      2.00,      2.00,      2.00,0,0,0,1,1,1,U2 
H5,840,2017,848120,      2.00,      2.00,      2.00,      2.00,0,0,0,1,1,1,U2 
H5,840,2017,848130,     11.00,      3.00,      5.00,      3.67,0,0,0,3,3,3,U2 
H5,840,2017,848140,      2.00,      2.00,      2.00,      2.00,0,0,0,1,1,1,U2 
H5,840,2017,848180,     14.00,      2.00,      5.00,      3.50,0,0,0,4,4,4,U2 
H5,840,2017,848190,     11.00,      0.00,      5.00,      2.75,0,1,0,3,4,4,U2 
H5,840,2017,848210,     11.00,      2.00,      9.00,      5.50,0,0,0,2,2,2,U2 
H5,840,2017,848220,      5.00,      5.00,      5.00,      5.00,0,0,0,1,1,1,U2 
H5,840,2017,848230,      5.00,      5.00,      5.00,      5.00,0,0,0,1,1,1,U2 
H5,840,2017,848240,      5.00,      5.00,      5.00,      5.00,0,0,0,1,1,1,U2 
H5,840,2017,848250,      5.00,      5.00,      5.00,      5.00,0,0,0,1,1,1,U2 
H5,840,2017,848280,      5.00,      5.00,      5.00,      5.00,0,0,0,1,1,1,U2 
H5,840,2017,848291,      4.00,      4.00,      4.00,      4.00,0,0,0,1,1,1,U2 
H5,840,2017,848299,     38.00,      5.00,      9.00,      6.33,0,0,0,6,6,6,U2 
H5,840,2017,848310,      4.00,      0.00,      2.00,      1.33,0,1,0,2,3,3,U2 
H5,840,2017,848320,      8.00,      4.00,      4.00,      4.00,0,0,0,2,2,2,U2 
H5,840,2017,848330,      8.00,      4.00,      4.00,      4.00,0,0,0,2,2,2,U2 
H5,840,2017,848340,     13.08,      0.00,      6.08,      2.18,0,2,1,3,6,6,U2 
H5,840,2017,848350,      9.00,      2.00,      5.00,      3.00,0,0,0,3,3,3,U2 
H5,840,2017,848360,      4.00,      2.00,      2.00,      2.00,0,0,0,2,2,2,U2 
H5,840,2017,848390,     19.00,      2.00,      5.00,      3.17,0,0,0,6,6,6,U2 
H5,840,2017,848410,      2.00,      2.00,      2.00,      2.00,0,0,0,1,1,1,U2 
H5,840,2017,848420,      3.00,      3.00,      3.00,      3.00,0,0,0,1,1,1,U2 
H5,840,2017,848490,      2.00,      2.00,      2.00,      2.00,0,0,0,1,1,1,U2 
H5,840,2017,848610,      0.00,      0.00,      0.00,      0.00,0,1,0,0,1,1,U2 
H5,840,2017,848620,      0.00,      0.00,      0.00,      0.00,0,1,0,0,1,1,U2 
H5,840,2017,848630,      0.00,      0.00,      0.00,      0.00,0,1,0,0,1,1,U2 
H5,840,2017,848640,      0.00,      0.00,      0.00,      0.00,0,1,0,0,1,1,U2 
H5,840,2017,848690,      0.00,      0.00,      0.00,      0.00,0,1,0,0,1,1,U2 
H5,840,2017,848710,      0.00,      0.00,      0.00,      0.00,0,1,0,0,1,1,U2 
H5,840,2017,848790,      3.00,      3.00,      3.00,      3.00,0,0,0,1,1,1,U2 
H5,840,2017,850110,     12.00,      2.00,      6.00,      4.00,0,0,0,3,3,3,U2 
H5,840,2017,850120,     12.00,      2.00,      4.00,      3.00,0,0,0,4,4,4,U2 
H5,840,2017,850131,     13.00,      2.00,      4.00,      2.60,0,0,0,5,5,5,U2 
H5,840,2017,850132,      4.00,      0.00,      2.00,      1.00,0,2,0,2,4,4,U2 
H5,840,2017,850133,      6.00,      0.00,      2.00,      1.50,0,1,0,3,4,4,U2 
H5,840,2017,850134,      4.00,      2.00,      2.00,      2.00,0,0,0,2,2,2,U2 
H5,840,2017,850140,     13.00,      3.00,      4.00,      3.25,0,0,0,4,4,4,U2 
H5,840,2017,850151,      9.00,      2.00,      3.00,      2.25,0,0,0,4,4,4,U2 
H5,840,2017,850152,      3.00,      0.00,      3.00,      1.50,0,1,0,1,2,2,U2 
H5,840,2017,850153,      6.00,      0.00,      4.00,      2.00,0,1,0,2,3,3,U2 
H5,840,2017,850161,      2.00,      2.00,      2.00,      2.00,0,0,0,1,1,1,U2 
H5,840,2017,850162,      2.00,      2.00,      2.00,      2.00,0,0,0,1,1,1,U2 
H5,840,2017,850163,      2.00,      2.00,      2.00,      2.00,0,0,0,1,1,1,U2 
H5,840,2017,850164,      2.00,      2.00,      2.00,      2.00,0,0,0,1,1,1,U2 
H5,840,2017,850211,      2.00,      2.00,      2.00,      2.00,0,0,0,1,1,1,U2 
H5,840,2017,850212,      2.00,      2.00,      2.00,      2.00,0,0,0,1,1,1,U2 
H5,840,2017,850213,      2.00,      2.00,      2.00,      2.00,0,0,0,1,1,1,U2 
H5,840,2017,850220,      2.00,      2.00,      2.00,      2.00,0,0,0,1,1,1,U2 
H5,840,2017,850231,      2.00,      2.00,      2.00,      2.00,0,0,0,1,1,1,U2 
H5,840,2017,850239,      2.00,      2.00,      2.00,      2.00,0,0,0,1,1,1,U2 
H5,840,2017,850240,      3.00,      3.00,      3.00,      3.00,0,0,0,1,1,1,U2 
H5,840,2017,850300,     20.00,      0.00,      6.00,      2.86,0,2,0,5,7,7,U2 
H5,840,2017,850410,      3.00,      3.00,      3.00,      3.00,0,0,0,1,1,1,U2 
H5,840,2017,850421,      0.00,      0.00,      0.00,      0.00,0,1,0,0,1,1,U2 
H5,840,2017,850422,      0.00,      0.00,      0.00,      0.00,0,1,0,0,1,1,U2 
H5,840,2017,850423,      1.00,      1.00,      1.00,      1.00,0,0,0,1,1,1,U2 
H5,840,2017,850431,      7.00,      0.00,      6.00,      2.33,0,1,0,2,3,3,U2 
H5,840,2017,850432,      2.00,      2.00,      2.00,      2.00,0,0,0,1,1,1,U2 
H5,840,2017,850433,      1.00,      1.00,      1.00,      1.00,0,0,0,1,1,1,U2 
H5,840,2017,850434,      1.00,      1.00,      1.00,      1.00,0,0,0,1,1,1,U2 
H5,840,2017,850440,      2.00,      0.00,      1.00,      0.40,0,3,0,2,5,5,U2 
H5,840,2017,850450,      2.00,      0.00,      2.00,      1.00,0,1,0,1,2,2,U2 
H5,840,2017,850490,      2.00,      0.00,      1.00,      0.40,0,3,0,2,5,5,U2 
H5,840,2017,850511,      2.00,      2.00,      2.00,      2.00,0,0,0,1,1,1,U2 
H5,840,2017,850519,     12.00,      4.00,      4.00,      4.00,0,0,0,3,3,3,U2 
H5,840,2017,850520,      3.00,      3.00,      3.00,      3.00,0,0,0,1,1,1,U2 
H5,840,2017,850590,      1.00,      0.00,      1.00,      0.25,0,3,0,1,4,4,U2 
H5,840,2017,850610,      2.00,      2.00,      2.00,      2.00,0,0,0,1,1,1,U2 
H5,840,2017,850630,      4.00,      2.00,      2.00,      2.00,0,0,0,2,2,2,U2 
H5,840,2017,850640,      4.00,      2.00,      2.00,      2.00,0,0,0,2,2,2,U2 
H5,840,2017,850650,      2.00,      2.00,      2.00,      2.00,0,0,0,1,1,1,U2 
H5,840,2017,850660,      2.00,      2.00,      2.00,      2.00,0,0,0,1,1,1,U2 
H5,840,2017,850680,      2.00,      2.00,      2.00,      2.00,0,0,0,1,1,1,U2 
H5,840,2017,850690,      2.00,      2.00,      2.00,      2.00,0,0,0,1,1,1,U2 
H5,840,2017,850710,      3.00,      3.00,      3.00,      3.00,0,0,0,1,1,1,U2 
H5,840,2017,850720,      6.00,      3.00,      3.00,      3.00,0,0,0,2,2,2,U2 
H5,840,2017,850730,      4.00,      2.00,      2.00,      2.00,0,0,0,2,2,2,U2 
H5,840,2017,850740,      6.00,      3.00,      3.00,      3.00,0,0,0,2,2,2,U2 
H5,840,2017,850750,      3.00,      3.00,      3.00,      3.00,0,0,0,1,1,1,U2 
H5,840,2017,850760,      3.00,      3.00,      3.00,      3.00,0,0,0,1,1,1,U2 
H5,840,2017,850780,      6.00,      3.00,      3.00,      3.00,0,0,0,2,2,2,U2 
H5,840,2017,850790,      6.00,      3.00,      3.00,      3.00,0,0,0,2,2,2,U2 
H5,840,2017,850811,      0.00,      0.00,      0.00,      0.00,0,1,0,0,1,1,U2 
H5,840,2017,850819,      0.00,      0.00,      0.00,      0.00,0,1,0,0,1,1,U2 
H5,840,2017,850860,      0.00,      0.00,      0.00,      0.00,0,1,0,0,1,1,U2 
H5,840,2017,850870,      0.00,      0.00,      0.00,      0.00,0,1,0,0,1,1,U2 
H5,840,2017,850940,      4.00,      4.00,      4.00,      4.00,0,0,0,1,1,1,U2 
H5,840,2017,850980,      4.00,      0.00,      4.00,      1.33,0,2,0,1,3,3,U2 
H5,840,2017,850990,     14.00,      3.00,      4.00,      3.50,0,0,0,4,4,4,U2 
H5,840,2017,851010,      0.00,      0.00,      0.00,      0.00,0,1,0,0,1,1,U2 
H5,840,2017,851020,      8.00,      4.00,      4.00,      4.00,0,0,0,2,2,2,U2 
H5,840,2017,851030,      4.00,      4.00,      4.00,      4.00,0,0,0,1,1,1,U2 
H5,840,2017,851090,     12.00,      0.00,      4.00,      2.40,0,2,0,3,5,5,U2 
H5,840,2017,851110,      2.00,      2.00,      2.00,      2.00,0,0,0,1,1,1,U2 
H5,840,2017,851120,      2.00,      2.00,      2.00,      2.00,0,0,0,1,1,1,U2 
H5,840,2017,851130,      2.00,      2.00,      2.00,      2.00,0,0,0,1,1,1,U2 
H5,840,2017,851140,      2.00,      2.00,      2.00,      2.00,0,0,0,1,1,1,U2 
H5,840,2017,851150,      2.00,      2.00,      2.00,      2.00,0,0,0,1,1,1,U2 
H5,840,2017,851180,      4.00,      0.00,      2.00,      1.33,0,1,0,2,3,3,U2 
H5,840,2017,851190,      5.00,      0.00,      3.00,      1.67,0,1,0,2,3,3,U2 
H5,840,2017,851210,      2.00,      0.00,      2.00,      1.00,0,1,0,1,2,2,U2 
H5,840,2017,851220,      2.00,      0.00,      2.00,      1.00,0,1,0,1,2,2,U2 
H5,840,2017,851230,      2.00,      2.00,      2.00,      2.00,0,0,0,1,1,1,U2 
H5,840,2017,851240,      4.00,      2.00,      2.00,      2.00,0,0,0,2,2,2,U2 
H5,840,2017,851290,      6.00,      0.00,      2.00,      1.20,0,2,0,3,5,5,U2 
H5,840,2017,851310,     15.00,      3.00,     12.00,      7.50,0,0,0,2,2,2,U2 
H5,840,2017,851390,     15.00,      3.00,     12.00,      7.50,0,0,0,2,2,2,U2 
H5,840,2017,851410,      0.00,      0.00,      0.00,      0.00,0,1,0,0,1,1,U2 
H5,840,2017,851420,      8.00,      0.00,      4.00,      2.67,0,1,0,2,3,3,U2 
H5,840,2017,851430,      1.00,      0.00,      1.00,      0.50,0,1,0,1,2,2,U2 
H5,840,2017,851440,      0.00,      0.00,      0.00,      0.00,0,1,0,0,1,1,U2 
H5,840,2017,851490,      4.00,      0.00,      4.00,      2.00,0,1,0,1,2,2,U2 
H5,840,2017,851511,      2.00,      2.00,      2.00,      2.00,0,0,0,1,1,1,U2 
H5,840,2017,851519,      0.00,      0.00,      0.00,      0.00,0,1,0,0,1,1,U2 
H5,840,2017,851521,      0.00,      0.00,      0.00,      0.00,0,1,0,0,1,1,U2 
H5,840,2017,851529,      0.00,      0.00,      0.00,      0.00,0,1,0,0,1,1,U2 
H5,840,2017,851531,      1.00,      1.00,      1.00,      1.00,0,0,0,1,1,1,U2 
H5,840,2017,851539,      1.00,      1.00,      1.00,      1.00,0,0,0,1,1,1,U2 
H5,840,2017,851580,      0.00,      0.00,      0.00,      0.00,0,1,0,0,1,1,U2 
H5,840,2017,851590,      1.00,      0.00,      1.00,      0.50,0,1,0,1,2,2,U2 
H5,840,2017,851610,      0.00,      0.00,      0.00,      0.00,0,1,0,0,1,1,U2 
H5,840,2017,851621,      0.00,      0.00,      0.00,      0.00,0,1,0,0,1,1,U2 
H5,840,2017,851629,      3.00,      3.00,      3.00,      3.00,0,0,0,1,1,1,U2 
H5,840,2017,851631,      3.00,      3.00,      3.00,      3.00,0,0,0,1,1,1,U2 
H5,840,2017,851632,      3.00,      3.00,      3.00,      3.00,0,0,0,1,1,1,U2 
H5,840,2017,851633,      0.00,      0.00,      0.00,      0.00,0,1,0,0,1,1,U2 
H5,840,2017,851640,      2.00,      0.00,      2.00,      1.00,0,1,0,1,2,2,U2 
H5,840,2017,851650,      2.00,      2.00,      2.00,      2.00,0,0,0,1,1,1,U2 
H5,840,2017,851660,      2.00,      0.00,      2.00,      1.00,0,1,0,1,2,2,U2 
H5,840,2017,851671,      3.00,      3.00,      3.00,      3.00,0,0,0,1,1,1,U2 
H5,840,2017,851672,      5.00,      5.00,      5.00,      5.00,0,0,0,1,1,1,U2 
H5,840,2017,851679,      2.00,      2.00,      2.00,      2.00,0,0,0,1,1,1,U2 
H5,840,2017,851680,      0.00,      0.00,      0.00,      0.00,0,2,0,0,2,2,U2 
H5,840,2017,851690,     15.00,      0.00,      3.00,      1.25,0,7,0,5,12,12,U2 
H5,840,2017,851711,      0.00,      0.00,      0.00,      0.00,0,1,0,0,1,1,U2 
H5,840,2017,851712,      0.00,      0.00,      0.00,      0.00,0,1,0,0,1,1,U2 
H5,840,2017,851718,      0.00,      0.00,      0.00,      0.00,0,1,0,0,1,1,U2 
H5,840,2017,851761,      0.00,      0.00,      0.00,      0.00,0,1,0,0,1,1,U2 
H5,840,2017,851762,      0.00,      0.00,      0.00,      0.00,0,1,0,0,1,1,U2 
H5,840,2017,851769,      0.00,      0.00,      0.00,      0.00,0,1,0,0,1,1,U2 
H5,840,2017,851770,      0.00,      0.00,      0.00,      0.00,0,1,0,0,1,1,U2 
H5,840,2017,851810,      3.00,      0.00,      3.00,      1.50,0,1,0,1,2,2,U2 
H5,840,2017,851821,      3.00,      3.00,      3.00,      3.00,0,0,0,1,1,1,U2 
H5,840,2017,851822,      3.00,      3.00,      3.00,      3.00,0,0,0,1,1,1,U2 
H5,840,2017,851829,      3.00,      0.00,      3.00,      1.50,0,1,0,1,2,2,U2 
H5,840,2017,851830,      3.00,      0.00,      3.00,      1.50,0,1,0,1,2,2,U2 
H5,840,2017,851840,      3.00,      0.00,      3.00,      1.50,0,1,0,1,2,2,U2 
H5,840,2017,851850,      3.00,      3.00,      3.00,      3.00,0,0,0,1,1,1,U2 
H5,840,2017,851890,      9.00,      0.00,      6.00,      2.25,0,2,0,2,4,4,U2 
H5,840,2017,851920,      0.00,      0.00,      0.00,      0.00,0,1,0,0,1,1,U2 
H5,840,2017,851930,      3.00,      0.00,      3.00,      1.50,0,1,0,1,2,2,U2 
H5,840,2017,851950,      0.00,      0.00,      0.00,      0.00,0,1,0,0,1,1,U2 
H5,840,2017,851981,      0.00,      0.00,      0.00,      0.00,0,5,0,0,5,5,U2 
H5,840,2017,851989,      0.00,      0.00,      0.00,      0.00,0,3,0,0,3,3,U2 
H5,840,2017,852110,      0.00,      0.00,      0.00,      0.00,0,3,0,0,3,3,U2 
H5,840,2017,852190,      0.00,      0.00,      0.00,      0.00,0,1,0,0,1,1,U2 
H5,840,2017,852210,      3.00,      3.00,      3.00,      3.00,0,0,0,1,1,1,U2 
H5,840,2017,852290,      1.00,      0.00,      1.00,      0.17,0,5,0,1,6,6,U2 
H5,840,2017,852321,      0.00,      0.00,      0.00,      0.00,0,1,0,0,1,1,U2 
H5,840,2017,852329,      0.00,      0.00,      0.00,      0.00,0,9,0,0,9,9,U2 
H5,840,2017,852341,      0.00,      0.00,      0.00,      0.00,0,1,0,0,1,1,U2 
H5,840,2017,852349,      0.00,      0.00,      0.00,      0.00,0,4,0,0,4,4,U2 
H5,840,2017,852351,      0.00,      0.00,      0.00,      0.00,0,1,0,0,1,1,U2 
H5,840,2017,852352,      0.00,      0.00,      0.00,      0.00,0,1,0,0,1,1,U2 
H5,840,2017,852359,      0.00,      0.00,      0.00,      0.00,0,1,0,0,1,1,U2 
H5,840,2017,852380,      0.00,      0.00,      0.00,      0.00,0,2,0,0,2,2,U2 
H5,840,2017,852550,      3.00,      0.00,      2.00,      1.00,0,1,0,2,3,3,U2 
H5,840,2017,852560,      0.00,      0.00,      0.00,      0.00,0,2,0,0,2,2,U2 
H5,840,2017,852580,      2.00,      0.00,      1.00,      0.40,0,3,0,2,5,5,U2 
H5,840,2017,852610,      0.00,      0.00,      0.00,      0.00,0,1,0,0,1,1,U2 
H5,840,2017,852691,      0.00,      0.00,      0.00,      0.00,0,1,0,0,1,1,U2 
H5,840,2017,852692,      3.00,      0.00,      3.00,      1.50,0,1,0,1,2,2,U2 
H5,840,2017,852712,      0.00,      0.00,      0.00,      0.00,0,1,0,0,1,1,U2 
H5,840,2017,852713,      0.00,      0.00,      0.00,      0.00,0,4,0,0,4,4,U2 
H5,840,2017,852719,      0.00,      0.00,      0.00,      0.00,0,2,0,0,2,2,U2 
H5,840,2017,852721,      2.00,      0.00,      2.00,      0.67,0,2,0,1,3,3,U2 
H5,840,2017,852729,      6.00,      3.00,      3.00,      3.00,0,0,0,2,2,2,U2 
H5,840,2017,852791,      0.00,      0.00,      0.00,      0.00,0,4,0,0,4,4,U2 
H5,840,2017,852792,      0.00,      0.00,      0.00,      0.00,0,2,0,0,2,2,U2 
H5,840,2017,852799,      0.00,      0.00,      0.00,      0.00,0,3,0,0,3,3,U2 
H5,840,2017,852842,      0.00,      0.00,      0.00,      0.00,0,1,0,0,1,1,U2 
H5,840,2017,852849,      0.00,      0.00,      0.00,      0.00,0,15,0,0,15,15,U2 
H5,840,2017,852852,      0.00,      0.00,      0.00,      0.00,0,1,0,0,1,1,U2 
H5,840,2017,852859,     21.00,      0.00,      5.00,      1.91,0,6,0,5,11,11,U2 
H5,840,2017,852862,      0.00,      0.00,      0.00,      0.00,0,1,0,0,1,1,U2 
H5,840,2017,852869,     37.00,      0.00,      5.00,      2.85,0,4,0,9,13,13,U2 
H5,840,2017,852871,      0.00,      0.00,      0.00,      0.00,0,5,0,0,5,5,U2 
H5,840,2017,852872,     56.00,      0.00,      5.00,      2.55,0,8,0,14,22,22,U2 
H5,840,2017,852873,      5.00,      5.00,      5.00,      5.00,0,0,0,1,1,1,U2 
H5,840,2017,852910,      2.00,      0.00,      2.00,      0.67,0,2,0,1,3,3,U2 
H5,840,2017,852990,     29.00,      0.00,      3.00,      0.94,0,17,0,14,31,31,U2 
H5,840,2017,853010,      0.00,      0.00,      0.00,      0.00,0,1,0,0,1,1,U2 
H5,840,2017,853080,      0.00,      0.00,      0.00,      0.00,0,1,0,0,1,1,U2 
H5,840,2017,853090,      0.00,      0.00,      0.00,      0.00,0,1,0,0,1,1,U2 
H5,840,2017,853110,      1.00,      1.00,      1.00,      1.00,0,0,0,1,1,1,U2 
H5,840,2017,853120,      0.00,      0.00,      0.00,      0.00,0,1,0,0,1,1,U2 
H5,840,2017,853180,      1.90,      0.90,      1.00,      0.95,0,0,0,2,2,2,U2 
H5,840,2017,853190,      1.80,      0.00,      0.90,      0.45,0,2,0,2,4,4,U2 
H5,840,2017,853210,      0.00,      0.00,      0.00,      0.00,0,1,0,0,1,1,U2 
H5,840,2017,853221,      0.00,      0.00,      0.00,      0.00,0,1,0,0,1,1,U2 
H5,840,2017,853222,      0.00,      0.00,      0.00,      0.00,0,1,0,0,1,1,U2 
H5,840,2017,853223,      0.00,      0.00,      0.00,      0.00,0,1,0,0,1,1,U2 
H5,840,2017,853224,      0.00,      0.00,      0.00,      0.00,0,1,0,0,1,1,U2 
H5,840,2017,853225,      0.00,      0.00,      0.00,      0.00,0,1,0,0,1,1,U2 
H5,840,2017,853229,      0.00,      0.00,      0.00,      0.00,0,1,0,0,1,1,U2 
H5,840,2017,853230,      0.00,      0.00,      0.00,      0.00,0,1,0,0,1,1,U2 
H5,840,2017,853290,      0.00,      0.00,      0.00,      0.00,0,1,0,0,1,1,U2 
H5,840,2017,853310,      0.00,      0.00,      0.00,      0.00,0,1,0,0,1,1,U2 
H5,840,2017,853321,      0.00,      0.00,      0.00,      0.00,0,1,0,0,1,1,U2 
H5,840,2017,853329,      0.00,      0.00,      0.00,      0.00,0,1,0,0,1,1,U2 
H5,840,2017,853331,      0.00,      0.00,      0.00,      0.00,0,1,0,0,1,1,U2 
H5,840,2017,853339,      0.00,      0.00,      0.00,      0.00,0,1,0,0,1,1,U2 
H5,840,2017,853340,      0.00,      0.00,      0.00,      0.00,0,2,0,0,2,2,U2 
H5,840,2017,853390,      0.00,      0.00,      0.00,      0.00,0,2,0,0,2,2,U2 
H5,840,2017,853400,      0.00,      0.00,      0.00,      0.00,0,1,0,0,1,1,U2 
H5,840,2017,853510,      2.00,      2.00,      2.00,      2.00,0,0,0,1,1,1,U2 
H5,840,2017,853521,      2.00,      2.00,      2.00,      2.00,0,0,0,1,1,1,U2 
H5,840,2017,853529,      2.00,      2.00,      2.00,      2.00,0,0,0,1,1,1,U2 
H5,840,2017,853530,      2.00,      2.00,      2.00,      2.00,0,0,0,1,1,1,U2 
H5,840,2017,853540,      2.00,      2.00,      2.00,      2.00,0,0,0,1,1,1,U2 
H5,840,2017,853590,      4.00,      2.00,      2.00,      2.00,0,0,0,2,2,2,U2 
H5,840,2017,853610,      2.00,      2.00,      2.00,      2.00,0,0,0,1,1,1,U2 
H5,840,2017,853620,      2.00,      2.00,      2.00,      2.00,0,0,0,1,1,1,U2 
H5,840,2017,853630,      4.00,      2.00,      2.00,      2.00,0,0,0,2,2,2,U2 
H5,840,2017,853641,      2.00,      2.00,      2.00,      2.00,0,0,0,1,1,1,U2 
H5,840,2017,853649,      2.00,      2.00,      2.00,      2.00,0,0,0,1,1,1,U2 
H5,840,2017,853650,      4.00,      0.00,      2.00,      1.33,0,1,0,2,3,3,U2 
H5,840,2017,853661,      2.00,      2.00,      2.00,      2.00,0,0,0,1,1,1,U2 
H5,840,2017,853669,      2.00,      0.00,      2.00,      1.00,0,1,0,1,2,2,U2 
H5,840,2017,853670,      0.00,      0.00,      0.00,      0.00,0,1,0,0,1,1,U2 
H5,840,2017,853690,      4.00,      0.00,      2.00,      1.33,0,1,0,2,3,3,U2 
H5,840,2017,853710,      8.00,      2.00,      2.00,      2.00,0,0,0,4,4,4,U2 
H5,840,2017,853720,      2.00,      2.00,      2.00,      2.00,0,0,0,1,1,1,U2 
H5,840,2017,853810,      2.00,      2.00,      2.00,      2.00,0,0,0,1,1,1,U2 
H5,840,2017,853890,     12.00,      0.00,      3.00,      2.40,0,1,0,4,5,5,U2 
H5,840,2017,853910,      2.00,      2.00,      2.00,      2.00,0,0,0,1,1,1,U2 
H5,840,2017,853921,      2.00,      0.00,      2.00,      1.00,0,1,0,1,2,2,U2 
H5,840,2017,853922,      7.00,      2.00,      5.00,      3.50,0,0,0,2,2,2,U2 
H5,840,2017,853929,     12.00,      0.00,      5.00,      3.00,0,1,0,3,4,4,U2 
H5,840,2017,853931,      2.00,      2.00,      2.00,      2.00,0,0,0,1,1,1,U2 
H5,840,2017,853932,      2.00,      2.00,      2.00,      2.00,0,0,0,1,1,1,U2 
H5,840,2017,853939,      2.00,      0.00,      2.00,      1.00,0,1,0,1,2,2,U2 
H5,840,2017,853941,      2.00,      2.00,      2.00,      2.00,0,0,0,1,1,1,U2 
H5,840,2017,853949,      2.00,      2.00,      2.00,      2.00,0,0,0,1,1,1,U2 
H5,840,2017,853950,      2.00,      2.00,      2.00,      2.00,0,0,0,1,1,1,U2 
H5,840,2017,853990,      2.00,      2.00,      2.00,      2.00,0,0,0,1,1,1,U2 
H5,840,2017,854011,     89.00,      7.00,     15.00,     12.71,0,0,0,7,7,7,U2 
H5,840,2017,854012,     12.00,      3.00,      3.00,      3.00,0,0,0,4,4,4,U2 
H5,840,2017,854020,      9.00,      3.00,      6.00,      4.50,0,0,0,2,2,2,U2 
H5,840,2017,854040,      3.00,      3.00,      3.00,      3.00,0,0,0,1,1,1,U2 
H5,840,2017,854060,      3.00,      3.00,      3.00,      3.00,0,0,0,1,1,1,U2 
H5,840,2017,854071,      3.00,      0.00,      3.00,      1.50,0,1,0,1,2,2,U2 
H5,840,2017,854079,      6.00,      3.00,      3.00,      3.00,0,0,0,2,2,2,U2 
H5,840,2017,854081,      4.00,      4.00,      4.00,      4.00,0,0,0,1,1,1,U2 
H5,840,2017,854089,      3.00,      3.00,      3.00,      3.00,0,0,0,1,1,1,U2 
H5,840,2017,854091,     10.00,      0.00,      5.00,      3.33,0,1,0,2,3,3,U2 
H5,840,2017,854099,      0.00,      0.00,      0.00,      0.00,0,2,0,0,2,2,U2 
H5,840,2017,854110,      0.00,      0.00,      0.00,      0.00,0,1,0,0,1,1,U2 
H5,840,2017,854121,      0.00,      0.00,      0.00,      0.00,0,1,0,0,1,1,U2 
H5,840,2017,854129,      0.00,      0.00,      0.00,      0.00,0,1,0,0,1,1,U2 
H5,840,2017,854130,      0.00,      0.00,      0.00,      0.00,0,1,0,0,1,1,U2 
H5,840,2017,854140,      0.00,      0.00,      0.00,      0.00,0,5,0,0,5,5,U2 
H5,840,2017,854150,      0.00,      0.00,      0.00,      0.00,0,1,0,0,1,1,U2 
H5,840,2017,854160,      0.00,      0.00,      0.00,      0.00,0,1,0,0,1,1,U2 
H5,840,2017,854190,      0.00,      0.00,      0.00,      0.00,0,1,0,0,1,1,U2 
H5,840,2017,854231,      0.00,      0.00,      0.00,      0.00,0,1,0,0,1,1,U2 
H5,840,2017,854232,      0.00,      0.00,      0.00,      0.00,0,1,0,0,1,1,U2 
H5,840,2017,854233,      0.00,      0.00,      0.00,      0.00,0,1,0,0,1,1,U2 
H5,840,2017,854239,      0.00,      0.00,      0.00,      0.00,0,1,0,0,1,1,U2 
H5,840,2017,854290,      0.00,      0.00,      0.00,      0.00,0,1,0,0,1,1,U2 
H5,840,2017,854310,      1.00,      1.00,      1.00,      1.00,0,0,0,1,1,1,U2 
H5,840,2017,854320,      1.00,      1.00,      1.00,      1.00,0,0,0,1,1,1,U2 
H5,840,2017,854330,      3.00,      1.00,      2.00,      1.50,0,0,0,2,2,2,U2 
H5,840,2017,854370,     13.00,      0.00,      2.00,      0.93,0,5,0,9,14,14,U2 
H5,840,2017,854390,      2.00,      0.00,      1.00,      0.29,0,5,0,2,7,7,U2 
H5,840,2017,854411,      3.00,      3.00,      3.00,      3.00,0,0,0,1,1,1,U2 
H5,840,2017,854419,      3.00,      3.00,      3.00,      3.00,0,0,0,1,1,1,U2 
H5,840,2017,854420,      5.00,      5.00,      5.00,      5.00,0,0,0,1,1,1,U2 
H5,840,2017,854430,      5.00,      5.00,      5.00,      5.00,0,0,0,1,1,1,U2 
H5,840,2017,854442,      2.00,      0.00,      2.00,      0.67,0,2,0,1,3,3,U2 
H5,840,2017,854449,     11.00,      0.00,      5.00,      2.75,0,1,0,3,4,4,U2 
H5,840,2017,854460,      9.00,      3.00,      3.00,      3.00,0,0,0,3,3,3,U2 
H5,840,2017,854470,      0.00,      0.00,      0.00,      0.00,0,1,0,0,1,1,U2 
H5,840,2017,854511,      0.00,      0.00,      0.00,      0.00,0,1,0,0,1,1,U2 
H5,840,2017,854519,      0.00,      0.00,      0.00,      0.00,0,2,0,0,2,2,U2 
H5,840,2017,854520,      0.00,      0.00,      0.00,      0.00,0,1,0,0,1,1,U2 
H5,840,2017,854590,      0.00,      0.00,      0.00,      0.00,0,2,0,0,2,2,U2 
H5,840,2017,854610,      2.00,      2.00,      2.00,      2.00,0,0,0,1,1,1,U2 
H5,840,2017,854620,      3.00,      3.00,      3.00,      3.00,0,0,0,1,1,1,U2 
H5,840,2017,854690,      0.00,      0.00,      0.00,      0.00,0,1,0,0,1,1,U2 
H5,840,2017,854710,      6.00,      3.00,      3.00,      3.00,0,0,0,2,2,2,U2 
H5,840,2017,854720,      0.00,      0.00,      0.00,      0.00,0,1,0,0,1,1,U2 
H5,840,2017,854790,      4.00,      4.00,      4.00,      4.00,0,0,0,1,1,1,U2 
H5,840,2017,854810,      0.00,      0.00,      0.00,      0.00,0,4,0,0,4,4,U2 
H5,840,2017,854890,      0.00,      0.00,      0.00,      0.00,0,1,0,0,1,1,U2 
H5,840,2017,860110,      0.00,      0.00,      0.00,      0.00,0,1,0,0,1,1,U2 
H5,840,2017,860120,      0.00,      0.00,      0.00,      0.00,0,1,0,0,1,1,U2 
H5,840,2017,860210,      0.00,      0.00,      0.00,      0.00,0,1,0,0,1,1,U2 
H5,840,2017,860290,      0.00,      0.00,      0.00,      0.00,0,1,0,0,1,1,U2 
H5,840,2017,860310,      5.00,      5.00,      5.00,      5.00,0,0,0,1,1,1,U2 
H5,840,2017,860390,      5.00,      5.00,      5.00,      5.00,0,0,0,1,1,1,U2 
H5,840,2017,860400,      2.00,      2.00,      2.00,      2.00,0,0,0,1,1,1,U2 
H5,840,2017,860500,     14.00,     14.00,     14.00,     14.00,0,0,0,1,1,1,U2 
H5,840,2017,860610,     14.00,     14.00,     14.00,     14.00,0,0,0,1,1,1,U2 
H5,840,2017,860630,     14.00,     14.00,     14.00,     14.00,0,0,0,1,1,1,U2 
H5,840,2017,860691,     14.00,     14.00,     14.00,     14.00,0,0,0,1,1,1,U2 
H5,840,2017,860692,     14.00,     14.00,     14.00,     14.00,0,0,0,1,1,1,U2 
H5,840,2017,860699,     14.00,     14.00,     14.00,     14.00,0,0,0,1,1,1,U2 
H5,840,2017,860711,      0.00,      0.00,      0.00,      0.00,0,1,0,0,1,1,U2 
H5,840,2017,860712,      3.00,      3.00,      3.00,      3.00,0,0,0,1,1,1,U2 
H5,840,2017,860719,      5.80,      0.00,      3.00,      0.97,0,2,0,4,6,6,U2 
H5,840,2017,860721,      6.00,      3.00,      3.00,      3.00,0,0,0,2,2,2,U2 
H5,840,2017,860729,      5.00,      2.00,      3.00,      2.50,0,0,0,2,2,2,U2 
H5,840,2017,860730,      5.00,      2.00,      3.00,      2.50,0,0,0,2,2,2,U2 
H5,840,2017,860791,      0.00,      0.00,      0.00,      0.00,0,1,0,0,1,1,U2 
H5,840,2017,860799,      5.00,      2.00,      3.00,      2.50,0,0,0,2,2,2,U2 
H5,840,2017,860800,      3.00,      3.00,      3.00,      3.00,0,0,0,1,1,1,U2 
H5,840,2017,860900,      0.00,      0.00,      0.00,      0.00,0,1,0,0,1,1,U2 
H5,840,2017,870110,      0.00,      0.00,      0.00,      0.00,0,1,0,0,1,1,U2 
H5,840,2017,870120,      4.00,      4.00,      4.00,      4.00,0,0,0,1,1,1,U2 
H5,840,2017,870130,      0.00,      0.00,      0.00,      0.00,0,2,0,0,2,2,U2 
H5,840,2017,870191,      0.00,      0.00,      0.00,      0.00,0,2,0,0,2,2,U2 
H5,840,2017,870192,      0.00,      0.00,      0.00,      0.00,0,2,0,0,2,2,U2 
H5,840,2017,870193,      0.00,      0.00,      0.00,      0.00,0,2,0,0,2,2,U2 
H5,840,2017,870194,      0.00,      0.00,      0.00,      0.00,0,2,0,0,2,2,U2 
H5,840,2017,870195,      0.00,      0.00,      0.00,      0.00,0,2,0,0,2,2,U2 
H5,840,2017,870210,      4.00,      2.00,      2.00,      2.00,0,0,0,2,2,2,U2 
H5,840,2017,870220,      4.00,      2.00,      2.00,      2.00,0,0,0,2,2,2,U2 
H5,840,2017,870230,      4.00,      2.00,      2.00,      2.00,0,0,0,2,2,2,U2 
H5,840,2017,870240,      4.00,      2.00,      2.00,      2.00,0,0,0,2,2,2,U2 
H5,840,2017,870290,      4.00,      2.00,      2.00,      2.00,0,0,0,2,2,2,U2 
H5,840,2017,870310,      4.00,      2.00,      2.00,      2.00,0,0,0,2,2,2,U2 
H5,840,2017,870321,      2.00,      2.00,      2.00,      2.00,0,0,0,1,1,1,U2 
H5,840,2017,870322,      2.00,      2.00,      2.00,      2.00,0,0,0,1,1,1,U2 
H5,840,2017,870323,      2.00,      2.00,      2.00,      2.00,0,0,0,1,1,1,U2 
H5,840,2017,870324,      2.00,      2.00,      2.00,      2.00,0,0,0,1,1,1,U2 
H5,840,2017,870331,      2.00,      2.00,      2.00,      2.00,0,0,0,1,1,1,U2 
H5,840,2017,870332,      2.00,      2.00,      2.00,      2.00,0,0,0,1,1,1,U2 
H5,840,2017,870333,      2.00,      2.00,      2.00,      2.00,0,0,0,1,1,1,U2 
H5,840,2017,870340,      2.00,      2.00,      2.00,      2.00,0,0,0,1,1,1,U2 
H5,840,2017,870350,      2.00,      2.00,      2.00,      2.00,0,0,0,1,1,1,U2 
H5,840,2017,870360,      2.00,      2.00,      2.00,      2.00,0,0,0,1,1,1,U2 
H5,840,2017,870370,      2.00,      2.00,      2.00,      2.00,0,0,0,1,1,1,U2 
H5,840,2017,870380,      2.00,      2.00,      2.00,      2.00,0,0,0,1,1,1,U2 
H5,840,2017,870390,      2.00,      2.00,      2.00,      2.00,0,0,0,1,1,1,U2 
H5,840,2017,870410,      0.00,      0.00,      0.00,      0.00,0,2,0,0,2,2,U2 
H5,840,2017,870421,     25.00,     25.00,     25.00,     25.00,0,0,0,1,1,1,U2 
H5,840,2017,870422,     29.00,      4.00,     25.00,     14.50,0,0,0,2,2,2,U2 
H5,840,2017,870423,     25.00,     25.00,     25.00,     25.00,0,0,0,1,1,1,U2 
H5,840,2017,870431,     25.00,     25.00,     25.00,     25.00,0,0,0,1,1,1,U2 
H5,840,2017,870432,     25.00,     25.00,     25.00,     25.00,0,0,0,1,1,1,U2 
H5,840,2017,870490,     25.00,     25.00,     25.00,     25.00,0,0,0,1,1,1,U2 
H5,840,2017,870510,      0.00,      0.00,      0.00,      0.00,0,1,0,0,1,1,U2 
H5,840,2017,870520,      0.00,      0.00,      0.00,      0.00,0,1,0,0,1,1,U2 
H5,840,2017,870530,      0.00,      0.00,      0.00,      0.00,0,1,0,0,1,1,U2 
H5,840,2017,870540,      0.00,      0.00,      0.00,      0.00,0,1,0,0,1,1,U2 
H5,840,2017,870590,      0.00,      0.00,      0.00,      0.00,0,1,0,0,1,1,U2 
H5,840,2017,870600,     12.00,      0.00,      4.00,      2.00,0,1,0,5,6,6,U2 
H5,840,2017,870710,      2.00,      2.00,      2.00,      2.00,0,0,0,1,1,1,U2 
H5,840,2017,870790,      4.00,      0.00,      4.00,      2.00,0,1,0,1,2,2,U2 
H5,840,2017,870810,      4.00,      2.00,      2.00,      2.00,0,0,0,2,2,2,U2 
H5,840,2017,870821,      2.00,      2.00,      2.00,      2.00,0,0,0,1,1,1,U2 
H5,840,2017,870829,      6.00,      0.00,      2.00,      1.50,0,1,0,3,4,4,U2 
H5,840,2017,870830,      2.00,      0.00,      2.00,      1.00,0,1,0,1,2,2,U2 
H5,840,2017,870840,      6.00,      0.00,      2.00,      0.86,0,4,0,3,7,7,U2 
H5,840,2017,870850,     18.00,      0.00,      2.00,      1.20,0,6,0,9,15,15,U2 
H5,840,2017,870870,      4.00,      0.00,      2.00,      0.67,0,4,0,2,6,6,U2 
H5,840,2017,870880,      6.00,      0.00,      2.00,      0.75,0,5,0,3,8,8,U2 
H5,840,2017,870891,      4.00,      0.00,      2.00,      0.67,0,4,0,2,6,6,U2 
H5,840,2017,870892,      4.00,      0.00,      2.00,      0.67,0,4,0,2,6,6,U2 
H5,840,2017,870893,      4.00,      0.00,      2.00,      1.00,0,2,0,2,4,4,U2 
H5,840,2017,870894,      4.00,      0.00,      2.00,      0.67,0,4,0,2,6,6,U2 
H5,840,2017,870895,      4.00,      0.00,      2.00,      1.00,0,2,0,2,4,4,U2 
H5,840,2017,870899,      8.00,      0.00,      2.00,      0.62,0,9,0,4,13,13,U2 
H5,840,2017,870911,      0.00,      0.00,      0.00,      0.00,0,1,0,0,1,1,U2 
H5,840,2017,870919,      0.00,      0.00,      0.00,      0.00,0,1,0,0,1,1,U2 
H5,840,2017,870990,      0.00,      0.00,      0.00,      0.00,0,1,0,0,1,1,U2 
H5,840,2017,871000,      0.00,      0.00,      0.00,      0.00,0,1,0,0,1,1,U2 
H5,840,2017,871110,      0.00,      0.00,      0.00,      0.00,0,1,0,0,1,1,U2 
H5,840,2017,871120,      0.00,      0.00,      0.00,      0.00,0,1,0,0,1,1,U2 
H5,840,2017,871130,      0.00,      0.00,      0.00,      0.00,0,1,0,0,1,1,U2 
H5,840,2017,871140,      2.00,      0.00,      2.00,      1.00,0,1,0,1,2,2,U2 
H5,840,2017,871150,      2.00,      2.00,      2.00,      2.00,0,0,0,1,1,1,U2 
H5,840,2017,871160,      0.00,      0.00,      0.00,      0.00,0,1,0,0,1,1,U2 
H5,840,2017,871190,      0.00,      0.00,      0.00,      0.00,0,1,0,0,1,1,U2 
H5,840,2017,871200,     46.00,      3.00,     11.00,      7.67,0,0,0,6,6,6,U2 
H5,840,2017,871310,      0.00,      0.00,      0.00,      0.00,0,1,0,0,1,1,U2 
H5,840,2017,871390,      0.00,      0.00,      0.00,      0.00,0,1,0,0,1,1,U2 
H5,840,2017,871410,      0.00,      0.00,      0.00,      0.00,0,1,0,0,1,1,U2 
H5,840,2017,871420,      0.00,      0.00,      0.00,      0.00,0,1,0,0,1,1,U2 
H5,840,2017,871491,     12.00,      0.00,      6.00,      3.00,0,1,0,3,4,4,U2 
H5,840,2017,871492,     15.00,      5.00,     10.00,      7.50,0,0,0,2,2,2,U2 
H5,840,2017,871493,     13.00,      0.00,     10.00,      2.17,0,4,0,2,6,6,U2 
H5,840,2017,871494,     10.00,      0.00,     10.00,      5.00,0,1,0,1,2,2,U2 
H5,840,2017,871495,      8.00,      8.00,      8.00,      8.00,0,0,0,1,1,1,U2 
H5,840,2017,871496,     18.00,      0.00,     10.00,      6.00,0,1,0,2,3,3,U2 
H5,840,2017,871499,     10.00,      0.00,     10.00,      2.50,0,3,0,1,4,4,U2 
H5,840,2017,871500,      4.00,      4.00,      4.00,      4.00,0,0,0,1,1,1,U2 
H5,840,2017,871610,      0.00,      0.00,      0.00,      0.00,0,1,0,0,1,1,U2 
H5,840,2017,871620,      0.00,      0.00,      0.00,      0.00,0,1,0,0,1,1,U2 
H5,840,2017,871631,      0.00,      0.00,      0.00,      0.00,0,1,0,0,1,1,U2 
H5,840,2017,871639,      0.00,      0.00,      0.00,      0.00,0,1,0,0,1,1,U2 
H5,840,2017,871640,      0.00,      0.00,      0.00,      0.00,0,1,0,0,1,1,U2 
H5,840,2017,871680,      3.00,      0.00,      3.00,      1.50,0,1,0,1,2,2,U2 
H5,840,2017,871690,      8.00,      0.00,      5.00,      2.67,0,1,0,2,3,3,U2 
H5,840,2017,880100,      0.00,      0.00,      0.00,      0.00,0,1,0,0,1,1,U2 
H5,840,2017,880211,      0.00,      0.00,      0.00,      0.00,0,1,0,0,1,1,U2 
H5,840,2017,880212,      0.00,      0.00,      0.00,      0.00,0,1,0,0,1,1,U2 
H5,840,2017,880220,      0.00,      0.00,      0.00,      0.00,0,1,0,0,1,1,U2 
H5,840,2017,880230,      0.00,      0.00,      0.00,      0.00,0,1,0,0,1,1,U2 
H5,840,2017,880240,      0.00,      0.00,      0.00,      0.00,0,1,0,0,1,1,U2 
H5,840,2017,880260,      0.00,      0.00,      0.00,      0.00,0,2,0,0,2,2,U2 
H5,840,2017,880310,      0.00,      0.00,      0.00,      0.00,0,1,0,0,1,1,U2 
H5,840,2017,880320,      0.00,      0.00,      0.00,      0.00,0,1,0,0,1,1,U2 
H5,840,2017,880330,      0.00,      0.00,      0.00,      0.00,0,1,0,0,1,1,U2 
H5,840,2017,880390,      0.00,      0.00,      0.00,      0.00,0,2,0,0,2,2,U2 
H5,840,2017,880400,      3.00,      3.00,      3.00,      3.00,0,0,0,1,1,1,U2 
H5,840,2017,880510,      0.00,      0.00,      0.00,      0.00,0,1,0,0,1,1,U2 
H5,840,2017,880521,      0.00,      0.00,      0.00,      0.00,0,1,0,0,1,1,U2 
H5,840,2017,880529,      0.00,      0.00,      0.00,      0.00,0,1,0,0,1,1,U2 
H5,840,2017,890110,      0.00,      0.00,      0.00,      0.00,0,1,0,0,1,1,U2 
H5,840,2017,890120,      0.00,      0.00,      0.00,      0.00,0,1,0,0,1,1,U2 
H5,840,2017,890130,      0.00,      0.00,      0.00,      0.00,0,1,0,0,1,1,U2 
H5,840,2017,890190,      0.00,      0.00,      0.00,      0.00,0,1,0,0,1,1,U2 
H5,840,2017,890200,      0.00,      0.00,      0.00,      0.00,0,1,0,0,1,1,U2 
H5,840,2017,890310,      2.00,      2.00,      2.00,      2.00,0,0,0,1,1,1,U2 
H5,840,2017,890391,      1.00,      1.00,      1.00,      1.00,0,0,0,1,1,1,U2 
H5,840,2017,890392,      1.00,      1.00,      1.00,      1.00,0,0,0,1,1,1,U2 
H5,840,2017,890399,      4.00,      0.00,      2.00,      1.00,0,1,0,3,4,4,U2 
H5,840,2017,890400,      0.00,      0.00,      0.00,      0.00,0,1,0,0,1,1,U2 
H5,840,2017,890510,      0.00,      0.00,      0.00,      0.00,0,1,0,0,1,1,U2 
H5,840,2017,890520,      0.00,      0.00,      0.00,      0.00,0,1,0,0,1,1,U2 
H5,840,2017,890590,      0.00,      0.00,      0.00,      0.00,0,2,0,0,2,2,U2 
H5,840,2017,890610,      0.00,      0.00,      0.00,      0.00,0,1,0,0,1,1,U2 
H5,840,2017,890690,      0.00,      0.00,      0.00,      0.00,0,1,0,0,1,1,U2 
H5,840,2017,890710,      0.00,      0.00,      0.00,      0.00,0,1,0,0,1,1,U2 
H5,840,2017,890790,      0.00,      0.00,      0.00,      0.00,0,1,0,0,1,1,U2 
H5,840,2017,890800,      0.00,      0.00,      0.00,      0.00,0,1,0,0,1,1,U2 
H5,840,2017,900110,      6.00,      6.00,      6.00,      6.00,0,0,0,1,1,1,U2 
H5,840,2017,900120,      0.00,      0.00,      0.00,      0.00,0,1,0,0,1,1,U2 
H5,840,2017,900130,      2.00,      2.00,      2.00,      2.00,0,0,0,1,1,1,U2 
H5,840,2017,900140,      2.00,      2.00,      2.00,      2.00,0,0,0,1,1,1,U2 
H5,840,2017,900150,      2.00,      2.00,      2.00,      2.00,0,0,0,1,1,1,U2 
H5,840,2017,900190,      0.00,      0.00,      0.00,      0.00,0,5,0,0,5,5,U2 
H5,840,2017,900211,      4.00,      0.00,      2.00,      1.33,0,1,0,2,3,3,U2 
H5,840,2017,900219,      0.00,      0.00,      0.00,      0.00,0,1,0,0,1,1,U2 
H5,840,2017,900220,      3.00,      1.00,      2.00,      1.50,0,0,0,2,2,2,U2 
H5,840,2017,900290,      0.80,      0.00,      0.80,      0.16,0,4,0,1,5,5,U2 
H5,840,2017,900311,      2.00,      2.00,      2.00,      2.00,0,0,0,1,1,1,U2 
H5,840,2017,900319,      0.00,      0.00,      0.00,      0.00,0,1,0,0,1,1,U2 
H5,840,2017,900390,      2.00,      2.00,      2.00,      2.00,0,0,0,1,1,1,U2 
H5,840,2017,900410,      2.00,      2.00,      2.00,      2.00,0,0,0,1,1,1,U2 
H5,840,2017,900490,      2.00,      2.00,      2.00,      2.00,0,0,0,1,1,1,U2 
H5,840,2017,900510,      0.00,      0.00,      0.00,      0.00,0,1,0,0,1,1,U2 
H5,840,2017,900580,     14.00,      6.00,      8.00,      7.00,0,0,0,2,2,2,U2 
H5,840,2017,900590,,,,,2,0,0,0,0,2,U2 
H5,840,2017,900630,      0.00,      0.00,      0.00,      0.00,0,1,0,0,1,1,U2 
H5,840,2017,900640,      6.00,      0.00,      6.00,      2.00,0,2,0,1,3,3,U2 
H5,840,2017,900651,      0.00,      0.00,      0.00,      0.00,0,1,0,0,1,1,U2 
H5,840,2017,900652,     10.00,      0.00,      6.00,      2.00,0,3,0,2,5,5,U2 
H5,840,2017,900653,      0.00,      0.00,      0.00,      0.00,0,1,0,0,1,1,U2 
H5,840,2017,900659,     10.00,      0.00,      6.00,      2.50,0,2,0,2,4,4,U2 
H5,840,2017,900661,      0.00,      0.00,      0.00,      0.00,0,1,0,0,1,1,U2 
H5,840,2017,900669,      0.00,      0.00,      0.00,      0.00,0,1,0,0,1,1,U2 
H5,840,2017,900691,      5.00,      5.00,      5.00,      5.00,0,0,0,1,1,1,U2 
H5,840,2017,900699,      3.00,      3.00,      3.00,      3.00,0,0,0,1,1,1,U2 
H5,840,2017,900710,      0.00,      0.00,      0.00,      0.00,0,1,0,0,1,1,U2 
H5,840,2017,900720,      7.00,      0.00,      4.00,      1.75,0,2,0,2,4,4,U2 
H5,840,2017,900791,      3.00,      0.00,      3.00,      1.50,0,1,0,1,2,2,U2 
H5,840,2017,900792,      3.00,      3.00,      3.00,      3.00,0,0,0,1,1,1,U2 
H5,840,2017,900850,     14.00,      0.00,      7.00,      2.80,0,2,0,3,5,5,U2 
H5,840,2017,900890,      2.00,      0.00,      2.00,      1.00,0,1,0,1,2,2,U2 
H5,840,2017,901010,      2.00,      2.00,      2.00,      2.00,0,0,0,1,1,1,U2 
H5,840,2017,901050,      0.00,      0.00,      0.00,      0.00,0,6,0,0,6,6,U2 
H5,840,2017,901060,      1.00,      1.00,      1.00,      1.00,0,0,0,1,1,1,U2 
H5,840,2017,901090,      2.00,      0.00,      2.00,      1.00,0,1,0,1,2,2,U2 
H5,840,2017,901110,      0.00,      0.00,      0.00,      0.00,0,2,0,0,2,2,U2 
H5,840,2017,901120,     10.00,      3.00,      7.00,      5.00,0,0,0,2,2,2,U2 
H5,840,2017,901180,      4.00,      4.00,      4.00,      4.00,0,0,0,1,1,1,U2 
H5,840,2017,901190,      4.00,      4.00,      4.00,      4.00,0,0,0,1,1,1,U2 
H5,840,2017,901210,      0.00,      0.00,      0.00,      0.00,0,1,0,0,1,1,U2 
H5,840,2017,901290,      0.00,      0.00,      0.00,      0.00,0,1,0,0,1,1,U2 
H5,840,2017,901310,     20.00,      0.00,     14.00,      5.00,0,1,0,3,4,4,U2 
H5,840,2017,901320,      0.00,      0.00,      0.00,      0.00,0,1,0,0,1,1,U2 
H5,840,2017,901380,     15.00,      0.00,      6.00,      3.75,0,1,0,3,4,4,U2 
H5,840,2017,901390,     23.00,      0.00,     16.00,      5.75,0,1,0,3,4,4,U2 
H5,840,2017,901410,      0.00,      0.00,      0.00,      0.00,0,4,0,0,4,4,U2 
H5,840,2017,901420,      0.00,      0.00,      0.00,      0.00,0,4,0,0,4,4,U2 
H5,840,2017,901480,      0.00,      0.00,      0.00,      0.00,0,4,0,0,4,4,U2 
H5,840,2017,901490,      0.00,      0.00,      0.00,      0.00,0,4,0,0,4,4,U2 
H5,840,2017,901510,      0.00,      0.00,      0.00,      0.00,0,2,0,0,2,2,U2 
H5,840,2017,901520,      0.00,      0.00,      0.00,      0.00,0,2,0,0,2,2,U2 
H5,840,2017,901530,      2.00,      0.00,      2.00,      1.00,0,1,0,1,2,2,U2 
H5,840,2017,901540,      0.00,      0.00,      0.00,      0.00,0,2,0,0,2,2,U2 
H5,840,2017,901580,      0.00,      0.00,      0.00,      0.00,0,3,0,0,3,3,U2 
H5,840,2017,901590,      0.00,      0.00,      0.00,      0.00,0,1,0,0,1,1,U2 
H5,840,2017,901600,      8.00,      2.00,      3.00,      2.67,0,0,0,3,3,3,U2 
H5,840,2017,901710,      3.00,      0.00,      3.00,      1.50,0,1,0,1,2,2,U2 
H5,840,2017,901720,      7.00,      0.00,      4.00,      2.33,0,1,0,2,3,3,U2 
H5,840,2017,901730,      8.00,      3.00,      5.00,      4.00,0,0,0,2,2,2,U2 
H5,840,2017,901780,      5.00,      5.00,      5.00,      5.00,0,0,0,1,1,1,U2 
H5,840,2017,901790,,,,,1,0,0,0,0,1,U2 
H5,840,2017,901811,      0.00,      0.00,      0.00,      0.00,0,3,0,0,3,3,U2 
H5,840,2017,901812,      0.00,      0.00,      0.00,      0.00,0,1,0,0,1,1,U2 
H5,840,2017,901813,      0.00,      0.00,      0.00,      0.00,0,1,0,0,1,1,U2 
H5,840,2017,901814,      0.00,      0.00,      0.00,      0.00,0,1,0,0,1,1,U2 
H5,840,2017,901819,      0.00,      0.00,      0.00,      0.00,0,4,0,0,4,4,U2 
H5,840,2017,901820,      0.00,      0.00,      0.00,      0.00,0,1,0,0,1,1,U2 
H5,840,2017,901831,      0.00,      0.00,      0.00,      0.00,0,1,0,0,1,1,U2 
H5,840,2017,901832,      0.00,      0.00,      0.00,      0.00,0,1,0,0,1,1,U2 
H5,840,2017,901839,      0.00,      0.00,      0.00,      0.00,0,1,0,0,1,1,U2 
H5,840,2017,901841,      0.00,      0.00,      0.00,      0.00,0,1,0,0,1,1,U2 
H5,840,2017,901849,      0.00,      0.00,      0.00,      0.00,0,2,0,0,2,2,U2 
H5,840,2017,901850,      0.00,      0.00,      0.00,      0.00,0,1,0,0,1,1,U2 
H5,840,2017,901890,      0.00,      0.00,      0.00,      0.00,0,10,0,0,10,10,U2 
H5,840,2017,901910,      0.00,      0.00,      0.00,      0.00,0,3,0,0,3,3,U2 
H5,840,2017,901920,      0.00,      0.00,      0.00,      0.00,0,1,0,0,1,1,U2 
H5,840,2017,902000,      4.00,      0.00,      2.00,      1.33,0,1,0,2,3,3,U2 
H5,840,2017,902110,      0.00,      0.00,      0.00,      0.00,0,1,0,0,1,1,U2 
H5,840,2017,902121,      0.00,      0.00,      0.00,      0.00,0,2,0,0,2,2,U2 
H5,840,2017,902129,      0.00,      0.00,      0.00,      0.00,0,2,0,0,2,2,U2 
H5,840,2017,902131,      0.00,      0.00,      0.00,      0.00,0,1,0,0,1,1,U2 
H5,840,2017,902139,      0.00,      0.00,      0.00,      0.00,0,1,0,0,1,1,U2 
H5,840,2017,902140,      0.00,      0.00,      0.00,      0.00,0,1,0,0,1,1,U2 
H5,840,2017,902150,      0.00,      0.00,      0.00,      0.00,0,1,0,0,1,1,U2 
H5,840,2017,902190,      0.00,      0.00,      0.00,      0.00,0,2,0,0,2,2,U2 
H5,840,2017,902212,      0.00,      0.00,      0.00,      0.00,0,1,0,0,1,1,U2 
H5,840,2017,902213,      0.00,      0.00,      0.00,      0.00,0,1,0,0,1,1,U2 
H5,840,2017,902214,      0.00,      0.00,      0.00,      0.00,0,1,0,0,1,1,U2 
H5,840,2017,902219,      0.00,      0.00,      0.00,      0.00,0,1,0,0,1,1,U2 
H5,840,2017,902221,      0.00,      0.00,      0.00,      0.00,0,1,0,0,1,1,U2 
H5,840,2017,902229,      0.70,      0.00,      0.70,      0.35,0,1,0,1,2,2,U2 
H5,840,2017,902230,      0.00,      0.00,      0.00,      0.00,0,1,0,0,1,1,U2 
H5,840,2017,902290,      5.50,      0.00,      1.00,      0.79,0,1,0,6,7,7,U2 
H5,840,2017,902300,      0.00,      0.00,      0.00,      0.00,0,1,0,0,1,1,U2 
H5,840,2017,902410,      0.00,      0.00,      0.00,      0.00,0,1,0,0,1,1,U2 
H5,840,2017,902480,      0.00,      0.00,      0.00,      0.00,0,1,0,0,1,1,U2 
H5,840,2017,902490,      0.00,      0.00,      0.00,      0.00,0,1,0,0,1,1,U2 
H5,840,2017,902511,      0.00,      0.00,      0.00,      0.00,0,2,0,0,2,2,U2 
H5,840,2017,902519,      1.00,      0.00,      1.00,      0.50,0,1,0,1,2,2,U2 
H5,840,2017,902580,      7.00,      1.00,      2.00,      1.17,0,0,0,6,6,6,U2 
H5,840,2017,902590,      0.00,      0.00,      0.00,      0.00,0,1,0,0,1,1,U2 
H5,840,2017,902610,      0.00,      0.00,      0.00,      0.00,0,3,0,0,3,3,U2 
H5,840,2017,902620,      0.00,      0.00,      0.00,      0.00,0,2,0,0,2,2,U2 
H5,840,2017,902680,      0.00,      0.00,      0.00,      0.00,0,3,0,0,3,3,U2 
H5,840,2017,902690,      0.00,      0.00,      0.00,      0.00,0,3,0,0,3,3,U2 
H5,840,2017,902710,      1.00,      0.00,      1.00,      0.33,0,2,0,1,3,3,U2 
H5,840,2017,902720,      0.00,      0.00,      0.00,      0.00,0,2,0,0,2,2,U2 
H5,840,2017,902730,      0.00,      0.00,      0.00,      0.00,0,2,0,0,2,2,U2 
H5,840,2017,902750,      1.00,      0.00,      1.00,      0.33,0,2,0,1,3,3,U2 
H5,840,2017,902780,      0.00,      0.00,      0.00,      0.00,0,3,0,0,3,3,U2 
H5,840,2017,902790,      4.00,      0.00,      2.00,      0.44,0,6,0,3,9,9,U2 
H5,840,2017,902810,      2.73,      2.73,      2.73,      2.73,0,0,1,0,1,1,U2 
H5,840,2017,902820,      2.98,      2.98,      2.98,      2.98,0,0,1,0,1,1,U2 
H5,840,2017,902830,      1.30,      1.30,      1.30,      1.30,0,0,1,0,1,1,U2 
H5,840,2017,902890,      2.00,      2.00,      2.00,      2.00,0,0,0,1,1,1,U2 
H5,840,2017,902910,      5.00,      0.00,      5.00,      2.50,0,1,0,1,2,2,U2 
H5,840,2017,902920,      8.77,      0.00,      6.00,      2.92,0,1,1,1,3,3,U2 
H5,840,2017,902990,     14.00,      0.00,      6.00,      3.50,0,1,0,3,4,4,U2 
H5,840,2017,903010,      0.00,      0.00,      0.00,      0.00,0,1,0,0,1,1,U2 
H5,840,2017,903020,      1.00,      0.00,      1.00,      0.50,0,1,0,1,2,2,U2 
H5,840,2017,903031,      1.00,      1.00,      1.00,      1.00,0,0,0,1,1,1,U2 
H5,840,2017,903032,      1.00,      1.00,      1.00,      1.00,0,0,0,1,1,1,U2 
H5,840,2017,903033,      2.00,      1.00,      1.00,      1.00,0,0,0,2,2,2,U2 
H5,840,2017,903039,      1.00,      1.00,      1.00,      1.00,0,0,0,1,1,1,U2 
H5,840,2017,903040,      0.00,      0.00,      0.00,      0.00,0,1,0,0,1,1,U2 
H5,840,2017,903082,      0.00,      0.00,      0.00,      0.00,0,1,0,0,1,1,U2 
H5,840,2017,903084,      1.00,      1.00,      1.00,      1.00,0,0,0,1,1,1,U2 
H5,840,2017,903089,      1.00,      1.00,      1.00,      1.00,0,0,0,1,1,1,U2 
H5,840,2017,903090,      1.00,      0.00,      1.00,      0.17,0,5,0,1,6,6,U2 
H5,840,2017,903110,      0.00,      0.00,      0.00,      0.00,0,1,0,0,1,1,U2 
H5,840,2017,903120,      1.00,      1.00,      1.00,      1.00,0,0,0,1,1,1,U2 
H5,840,2017,903141,      0.00,      0.00,      0.00,      0.00,0,1,0,0,1,1,U2 
H5,840,2017,903149,      0.00,      0.00,      0.00,      0.00,0,4,0,0,4,4,U2 
H5,840,2017,903180,      1.00,      0.00,      1.00,      0.50,0,1,0,1,2,2,U2 
H5,840,2017,903190,      0.00,      0.00,      0.00,      0.00,0,6,0,0,6,6,U2 
H5,840,2017,903210,      1.00,      1.00,      1.00,      1.00,0,0,0,1,1,1,U2 
H5,840,2017,903220,      0.00,      0.00,      0.00,      0.00,0,1,0,0,1,1,U2 
H5,840,2017,903281,      0.00,      0.00,      0.00,      0.00,0,1,0,0,1,1,U2 
H5,840,2017,903289,      3.00,      1.00,      1.00,      1.00,0,0,0,3,3,3,U2 
H5,840,2017,903290,      3.00,      1.00,      1.00,      1.00,0,0,0,3,3,3,U2 
H5,840,2017,903300,     10.00,      3.00,      4.00,      3.33,0,0,0,3,3,3,U2 
H5,840,2017,910111,,,,,2,0,0,0,0,2,U2 
H5,840,2017,910119,      0.00,      0.00,      0.00,      0.00,2,1,0,0,1,3,U2 
H5,840,2017,910121,     10.42,      0.00,      4.42,      2.60,0,1,1,2,4,4,U2 
H5,840,2017,910129,     29.92,      0.00,      5.04,      3.74,0,1,5,2,8,8,U2 
H5,840,2017,910191,      0.00,      0.00,      0.00,      0.00,0,3,0,0,3,3,U2 
H5,840,2017,910199,      4.28,      0.00,      4.28,      1.07,0,3,1,0,4,4,U2 
H5,840,2017,910211,,,,,8,0,0,0,0,8,U2 
H5,840,2017,910212,      0.00,      0.00,      0.00,      0.00,0,3,0,0,3,3,U2 
H5,840,2017,910219,,,,,4,0,0,0,0,4,U2 
H5,840,2017,910221,,,,,6,0,0,0,0,6,U2 
H5,840,2017,910229,     20.86,      6.86,     14.00,     10.43,11,0,1,1,2,13,U2 
H5,840,2017,910291,,,,,3,0,0,0,0,3,U2 
H5,840,2017,910299,     84.24,      5.96,     38.45,     21.06,0,0,4,0,4,4,U2 
H5,840,2017,910310,,,,,3,0,0,0,0,3,U2 
H5,840,2017,910390,      7.44,      7.44,      7.44,      7.44,0,0,1,0,1,1,U2 
H5,840,2017,910400,     18.42,      5.27,      7.62,      6.14,6,0,3,0,3,9,U2 
H5,840,2017,910511,,,,,2,0,0,0,0,2,U2 
H5,840,2017,910519,     56.14,      9.08,     22.25,     14.04,1,0,4,0,4,5,U2 
H5,840,2017,910521,,,,,2,0,0,0,0,2,U2 
H5,840,2017,910529,     36.89,      7.84,     11.07,      9.22,1,0,4,0,4,5,U2 
H5,840,2017,910591,,,,,2,0,0,0,0,2,U2 
H5,840,2017,910599,      9.27,      0.00,      5.36,      1.54,0,3,3,0,6,6,U2 
H5,840,2017,910610,      0.00,      0.00,      0.00,      0.00,0,0,1,0,1,1,U2 
H5,840,2017,910690,      3.00,      0.00,      3.00,      0.60,1,0,4,1,5,6,U2 
H5,840,2017,910700,      0.00,      0.00,      0.00,      0.00,0,0,2,0,2,2,U2 
H5,840,2017,910811,     75.13,     26.81,     48.32,     37.56,0,0,2,0,2,2,U2 
H5,840,2017,910812,,,,,1,0,0,0,0,1,U2 
H5,840,2017,910819,    147.78,     52.48,     95.29,     73.89,0,0,2,0,2,2,U2 
H5,840,2017,910820,      0.00,      0.00,      0.00,      0.00,0,2,0,0,2,2,U2 
H5,840,2017,910890,    884.72,      0.00,    175.64,     80.43,0,1,10,0,11,11,U2 
H5,840,2017,910910,    104.66,     41.85,     62.82,     52.33,6,0,2,0,2,8,U2 
H5,840,2017,910990,    315.43,     76.72,    144.95,    105.14,0,0,3,0,3,3,U2 
H5,840,2017,911011,,,,,1,0,0,0,0,1,U2 
H5,840,2017,911012,      9.00,      9.00,      9.00,      9.00,0,0,0,1,1,1,U2 
H5,840,2017,911019,      9.00,      9.00,      9.00,      9.00,0,0,0,1,1,1,U2 
H5,840,2017,911090,      4.00,      4.00,      4.00,      4.00,2,0,0,1,1,3,U2 
H5,840,2017,911110,      4.95,      4.95,      4.95,      4.95,0,0,1,0,1,1,U2 
H5,840,2017,911120,     14.53,      6.41,      8.12,      7.26,0,0,2,0,2,2,U2 
H5,840,2017,911180,     11.20,     11.20,     11.20,     11.20,0,0,1,0,1,1,U2 
H5,840,2017,911190,     12.00,      6.00,      6.00,      6.00,1,0,0,2,2,3,U2 
H5,840,2017,911220,      8.00,      3.00,      5.00,      4.00,0,0,0,2,2,2,U2 
H5,840,2017,911290,      5.00,      5.00,      5.00,      5.00,0,0,0,1,1,1,U2 
H5,840,2017,911310,      4.00,      4.00,      4.00,      4.00,0,0,0,1,1,1,U2 
H5,840,2017,911320,     38.00,      8.00,     11.00,      9.50,0,0,0,4,4,4,U2 
H5,840,2017,911390,      8.00,      1.00,      7.00,      4.00,0,0,0,2,2,2,U2 
H5,840,2017,911410,     11.00,      4.00,      7.00,      5.50,0,0,0,2,2,2,U2 
H5,840,2017,911430,      4.00,      4.00,      4.00,      4.00,1,0,0,1,1,2,U2 
H5,840,2017,911440,     11.00,      4.00,      7.00,      5.50,2,0,0,2,2,4,U2 
H5,840,2017,911490,     19.00,      0.00,      8.00,      4.75,1,1,0,3,4,5,U2 
H5,840,2017,920110,      4.00,      4.00,      4.00,      4.00,0,0,0,1,1,1,U2 
H5,840,2017,920120,      4.00,      4.00,      4.00,      4.00,0,0,0,1,1,1,U2 
H5,840,2017,920190,      3.00,      3.00,      3.00,      3.00,0,0,0,1,1,1,U2 
H5,840,2017,920210,      3.00,      3.00,      3.00,      3.00,0,0,0,1,1,1,U2 
H5,840,2017,920290,     16.00,      4.00,      8.00,      5.33,0,0,0,3,3,3,U2 
H5,840,2017,920510,      2.00,      2.00,      2.00,      2.00,0,0,0,1,1,1,U2 
H5,840,2017,920590,      8.00,      0.00,      4.00,      1.00,0,5,0,3,8,8,U2 
H5,840,2017,920600,      9.00,      0.00,      5.00,      2.25,0,2,0,2,4,4,U2 
H5,840,2017,920710,      5.00,      5.00,      5.00,      5.00,0,0,0,1,1,1,U2 
H5,840,2017,920790,      5.00,      5.00,      5.00,      5.00,0,0,0,1,1,1,U2 
H5,840,2017,920810,      3.00,      3.00,      3.00,      3.00,0,0,0,1,1,1,U2 
H5,840,2017,920890,      5.00,      5.00,      5.00,      5.00,0,0,0,1,1,1,U2 
H5,840,2017,920930,      0.00,      0.00,      0.00,      0.00,0,1,0,0,1,1,U2 
H5,840,2017,920991,      4.00,      0.00,      4.00,      2.00,0,1,0,1,2,2,U2 
H5,840,2017,920992,      7.00,      0.00,      4.00,      2.33,1,1,0,2,3,4,U2 
H5,840,2017,920994,      7.00,      2.00,      5.00,      3.50,0,0,0,2,2,2,U2 
H5,840,2017,920999,     12.00,      0.00,      5.00,      1.50,0,5,0,3,8,8,U2 
H5,840,2017,930110,      0.00,      0.00,      0.00,      0.00,0,1,0,0,1,1,U2 
H5,840,2017,930120,      0.00,      0.00,      0.00,      0.00,0,1,0,0,1,1,U2 
H5,840,2017,930190,      2.00,      0.00,      2.00,      1.00,1,1,0,1,2,3,U2 
H5,840,2017,930200,      3.06,      3.06,      3.06,      3.06,0,0,1,0,1,1,U2 
H5,840,2017,930310,      0.00,      0.00,      0.00,      0.00,0,1,0,0,1,1,U2 
H5,840,2017,930320,      2.00,      2.00,      2.00,      2.00,0,0,0,1,1,1,U2 
H5,840,2017,930330,,,,,2,0,0,0,0,2,U2 
H5,840,2017,930390,      4.00,      0.00,      4.00,      2.00,0,1,0,1,2,2,U2 
H5,840,2017,930400,      8.00,      0.00,      5.00,      2.67,0,1,0,2,3,3,U2 
H5,840,2017,930510,      8.00,      0.00,      4.00,      2.00,0,2,0,2,4,4,U2 
H5,840,2017,930520,      3.00,      0.00,      3.00,      1.50,0,1,0,1,2,2,U2 
H5,840,2017,930591,      0.00,      0.00,      0.00,      0.00,0,3,0,0,3,3,U2 
H5,840,2017,930599,      5.00,      0.00,      3.00,      1.67,0,1,0,2,3,3,U2 
H5,840,2017,930621,      0.00,      0.00,      0.00,      0.00,0,1,0,0,1,1,U2 
H5,840,2017,930629,      0.00,      0.00,      0.00,      0.00,0,1,0,0,1,1,U2 
H5,840,2017,930630,      0.00,      0.00,      0.00,      0.00,0,2,0,0,2,2,U2 
H5,840,2017,930690,      0.00,      0.00,      0.00,      0.00,0,1,0,0,1,1,U2 
H5,840,2017,930700,      2.00,      2.00,      2.00,      2.00,0,0,0,1,1,1,U2 
H5,840,2017,940110,      0.00,      0.00,      0.00,      0.00,0,2,0,0,2,2,U2 
H5,840,2017,940120,      0.00,      0.00,      0.00,      0.00,0,1,0,0,1,1,U2 
H5,840,2017,940130,      0.00,      0.00,      0.00,      0.00,0,2,0,0,2,2,U2 
H5,840,2017,940140,      0.00,      0.00,      0.00,      0.00,0,1,0,0,1,1,U2 
H5,840,2017,940152,      0.00,      0.00,      0.00,      0.00,0,1,0,0,1,1,U2 
H5,840,2017,940153,      0.00,      0.00,      0.00,      0.00,0,1,0,0,1,1,U2 
H5,840,2017,940159,      0.00,      0.00,      0.00,      0.00,0,1,0,0,1,1,U2 
H5,840,2017,940161,      0.00,      0.00,      0.00,      0.00,0,3,0,0,3,3,U2 
H5,840,2017,940169,      0.00,      0.00,      0.00,      0.00,0,4,0,0,4,4,U2 
H5,840,2017,940171,      0.00,      0.00,      0.00,      0.00,0,1,0,0,1,1,U2 
H5,840,2017,940179,      0.00,      0.00,      0.00,      0.00,0,1,0,0,1,1,U2 
H5,840,2017,940180,      0.00,      0.00,      0.00,      0.00,0,3,0,0,3,3,U2 
H5,840,2017,940190,      0.00,      0.00,      0.00,      0.00,0,6,0,0,6,6,U2 
H5,840,2017,940210,      0.00,      0.00,      0.00,      0.00,0,1,0,0,1,1,U2 
H5,840,2017,940290,      0.00,      0.00,      0.00,      0.00,0,1,0,0,1,1,U2 
H5,840,2017,940310,      0.00,      0.00,      0.00,      0.00,0,1,0,0,1,1,U2 
H5,840,2017,940320,      0.00,      0.00,      0.00,      0.00,0,1,0,0,1,1,U2 
H5,840,2017,940330,      0.00,      0.00,      0.00,      0.00,0,2,0,0,2,2,U2 
H5,840,2017,940340,      0.00,      0.00,      0.00,      0.00,0,3,0,0,3,3,U2 
H5,840,2017,940350,      0.00,      0.00,      0.00,      0.00,0,3,0,0,3,3,U2 
H5,840,2017,940360,      0.00,      0.00,      0.00,      0.00,0,2,0,0,2,2,U2 
H5,840,2017,940370,      0.00,      0.00,      0.00,      0.00,0,2,0,0,2,2,U2 
H5,840,2017,940382,      0.00,      0.00,      0.00,      0.00,0,1,0,0,1,1,U2 
H5,840,2017,940383,      0.00,      0.00,      0.00,      0.00,0,1,0,0,1,1,U2 
H5,840,2017,940389,      0.00,      0.00,      0.00,      0.00,0,2,0,0,2,2,U2 
H5,840,2017,940390,      0.00,      0.00,      0.00,      0.00,0,7,0,0,7,7,U2 
H5,840,2017,940410,      0.00,      0.00,      0.00,      0.00,0,1,0,0,1,1,U2 
H5,840,2017,940421,      3.00,      3.00,      3.00,      3.00,0,0,0,1,1,1,U2 
H5,840,2017,940429,      9.00,      3.00,      6.00,      4.50,0,0,0,2,2,2,U2 
H5,840,2017,940430,     13.00,      4.00,      9.00,      6.50,0,0,0,2,2,2,U2 
H5,840,2017,940490,     34.00,      4.00,     12.00,      6.80,0,0,0,5,5,5,U2 
H5,840,2017,940510,     13.00,      3.00,      7.00,      4.33,0,0,0,3,3,3,U2 
H5,840,2017,940520,     12.00,      3.00,      6.00,      4.00,0,0,0,3,3,3,U2 
H5,840,2017,940530,      8.00,      8.00,      8.00,      8.00,0,0,0,1,1,1,U2 
H5,840,2017,940540,     15.00,      2.00,      6.00,      3.75,0,0,0,4,4,4,U2 
H5,840,2017,940550,     13.00,      2.00,      6.00,      4.33,0,0,0,3,3,3,U2 
H5,840,2017,940560,     16.00,      5.00,      6.00,      5.33,0,0,0,3,3,3,U2 
H5,840,2017,940591,     35.00,      4.00,     12.00,      8.75,0,0,0,4,4,4,U2 
H5,840,2017,940592,      3.00,      3.00,      3.00,      3.00,0,0,0,1,1,1,U2 
H5,840,2017,940599,      9.00,      3.00,      6.00,      4.50,0,0,0,2,2,2,U2 
H5,840,2017,940610,      2.00,      2.00,      2.00,      2.00,0,0,0,1,1,1,U2 
H5,840,2017,940690,      2.00,      2.00,      2.00,      2.00,0,0,0,1,1,1,U2 
H5,840,2017,950300,      0.00,      0.00,      0.00,      0.00,0,1,0,0,1,1,U2 
H5,840,2017,950420,      0.00,      0.00,      0.00,      0.00,0,4,0,0,4,4,U2 
H5,840,2017,950430,      0.00,      0.00,      0.00,      0.00,0,1,0,0,1,1,U2 
H5,840,2017,950440,      0.00,      0.00,      0.00,      0.00,0,1,0,0,1,1,U2 
H5,840,2017,950450,      0.00,      0.00,      0.00,      0.00,0,1,0,0,1,1,U2 
H5,840,2017,950490,      0.00,      0.00,      0.00,      0.00,0,3,0,0,3,3,U2 
H5,840,2017,950510,      0.00,      0.00,      0.00,      0.00,0,6,0,0,6,6,U2 
H5,840,2017,950590,      0.00,      0.00,      0.00,      0.00,0,3,0,0,3,3,U2 
H5,840,2017,950611,      2.00,      0.00,      2.00,      0.67,0,2,0,1,3,3,U2 
H5,840,2017,950612,      2.00,      0.00,      2.00,      1.00,0,1,0,1,2,2,U2 
H5,840,2017,950619,      2.00,      0.00,      2.00,      1.00,0,1,0,1,2,2,U2 
H5,840,2017,950621,      0.00,      0.00,      0.00,      0.00,0,2,0,0,2,2,U2 
H5,840,2017,950629,      0.00,      0.00,      0.00,      0.00,0,1,0,0,1,1,U2 
H5,840,2017,950631,      4.00,      4.00,      4.00,      4.00,0,0,0,1,1,1,U2 
H5,840,2017,950632,      0.00,      0.00,      0.00,      0.00,0,1,0,0,1,1,U2 
H5,840,2017,950639,      4.00,      4.00,      4.00,      4.00,0,0,0,1,1,1,U2 
H5,840,2017,950640,      5.00,      5.00,      5.00,      5.00,0,0,0,1,1,1,U2 
H5,840,2017,950651,     11.00,      3.00,      5.00,      3.67,0,0,0,3,3,3,U2 
H5,840,2017,950659,      9.00,      4.00,      5.00,      4.50,0,0,0,2,2,2,U2 
H5,840,2017,950661,      0.00,      0.00,      0.00,      0.00,0,1,0,0,1,1,U2 
H5,840,2017,950662,      4.00,      0.00,      4.00,      2.00,0,1,0,1,2,2,U2 
H5,840,2017,950669,      9.00,      0.00,      5.00,      3.00,0,1,0,2,3,3,U2 
H5,840,2017,950670,      2.00,      0.00,      2.00,      0.67,0,2,0,1,3,3,U2 
H5,840,2017,950691,      4.00,      4.00,      4.00,      4.00,0,0,0,1,1,1,U2 
H5,840,2017,950699,     23.00,      0.00,      5.00,      1.64,0,7,0,7,14,14,U2 
H5,840,2017,950710,      6.00,      6.00,      6.00,      6.00,0,0,0,1,1,1,U2 
H5,840,2017,950720,      8.00,      4.00,      4.00,      4.00,0,0,0,2,2,2,U2 
H5,840,2017,950730,     18.63,      1.63,      9.00,      4.66,0,0,1,3,4,4,U2 
H5,840,2017,950790,     31.00,      3.00,      9.00,      6.20,0,0,0,5,5,5,U2 
H5,840,2017,950810,      0.00,      0.00,      0.00,      0.00,0,1,0,0,1,1,U2 
H5,840,2017,950890,      0.00,      0.00,      0.00,      0.00,0,1,0,0,1,1,U2 
H5,840,2017,960110,      0.00,      0.00,      0.00,      0.00,0,1,0,0,1,1,U2 
H5,840,2017,960190,      5.00,      0.00,      3.00,      1.25,0,2,0,2,4,4,U2 
H5,840,2017,960200,      6.00,      1.00,      3.00,      2.00,0,0,0,3,3,3,U2 
H5,840,2017,960310,    110.21,      5.16,     33.05,     15.74,0,0,2,5,7,7,U2 
H5,840,2017,960321,      0.00,      0.00,      0.00,      0.00,0,1,0,0,1,1,U2 
H5,840,2017,960329,     11.44,      4.10,      7.33,      5.72,0,0,2,0,2,2,U2 
H5,840,2017,960330,      2.00,      0.00,      2.00,      0.67,0,2,0,1,3,3,U2 
H5,840,2017,960340,     11.00,      4.00,      7.00,      5.50,0,0,0,2,2,2,U2 
H5,840,2017,960350,      0.00,      0.00,      0.00,      0.00,0,1,0,0,1,1,U2 
H5,840,2017,960390,      2.00,      0.00,      2.00,      1.00,0,1,0,1,2,2,U2 
H5,840,2017,960400,      4.00,      4.00,      4.00,      4.00,0,0,0,1,1,1,U2 
H5,840,2017,960500,      8.00,      8.00,      8.00,      8.00,0,0,0,1,1,1,U2 
H5,840,2017,960610,      5.00,      2.00,      3.00,      2.50,0,0,0,2,2,2,U2 
H5,840,2017,960621,      4.00,      0.00,      4.00,      2.00,1,1,0,1,2,3,U2 
H5,840,2017,960622,      0.00,      0.00,      0.00,      0.00,0,1,0,0,1,1,U2 
H5,840,2017,960629,      2.00,      2.00,      2.00,      2.00,2,0,0,1,1,3,U2 
H5,840,2017,960630,      6.00,      0.00,      6.00,      3.00,0,1,0,1,2,2,U2 
H5,840,2017,960711,     10.00,     10.00,     10.00,     10.00,0,0,0,1,1,1,U2 
H5,840,2017,960719,     13.00,     13.00,     13.00,     13.00,0,0,0,1,1,1,U2 
H5,840,2017,960720,     11.00,     11.00,     11.00,     11.00,0,0,0,1,1,1,U2 
H5,840,2017,960810,      9.21,      9.21,      9.21,      9.21,0,0,1,0,1,1,U2 
H5,840,2017,960820,      4.00,      4.00,      4.00,      4.00,0,0,0,1,1,1,U2 
H5,840,2017,960830,      2.93,      2.93,      2.93,      2.93,0,0,1,0,1,1,U2 
H5,840,2017,960840,      6.00,      0.00,      6.00,      3.00,0,1,0,1,2,2,U2 
H5,840,2017,960850,,,,,1,0,0,0,0,1,U2 
H5,840,2017,960860,      8.32,      8.32,      8.32,      8.32,0,0,1,0,1,1,U2 
H5,840,2017,960891,      0.00,      0.00,      0.00,      0.00,0,1,0,0,1,1,U2 
H5,840,2017,960899,      0.00,      0.00,      0.00,      0.00,2,2,0,0,2,4,U2 
H5,840,2017,960910,      5.97,      5.97,      5.97,      5.97,0,0,1,0,1,1,U2 
H5,840,2017,960920,      0.00,      0.00,      0.00,      0.00,0,2,0,0,2,2,U2 
H5,840,2017,960990,      0.00,      0.00,      0.00,      0.00,0,2,0,0,2,2,U2 
H5,840,2017,961000,      3.00,      3.00,      3.00,      3.00,0,0,0,1,1,1,U2 
H5,840,2017,961100,      2.00,      2.00,      2.00,      2.00,0,0,0,1,1,1,U2 
H5,840,2017,961210,      7.00,      0.00,      7.00,      3.50,0,1,0,1,2,2,U2 
H5,840,2017,961220,      3.00,      3.00,      3.00,      3.00,0,0,0,1,1,1,U2 
H5,840,2017,961310,      8.00,      8.00,      8.00,      8.00,0,0,0,1,1,1,U2 
H5,840,2017,961320,      9.00,      9.00,      9.00,      9.00,0,0,0,1,1,1,U2 
H5,840,2017,961380,     27.00,      3.00,      9.00,      5.40,0,0,0,5,5,5,U2 
H5,840,2017,961390,     11.00,      3.00,      8.00,      5.50,0,0,0,2,2,2,U2 
H5,840,2017,961400,     10.00,      0.00,      7.00,      3.33,3,1,0,2,3,6,U2 
H5,840,2017,961511,     19.16,      0.00,      6.30,      3.83,0,1,2,2,5,5,U2 
H5,840,2017,961519,     19.49,      1.95,     11.00,      6.50,0,0,2,1,3,3,U2 
H5,840,2017,961590,     29.00,      5.00,     11.00,      7.25,0,0,0,4,4,4,U2 
H5,840,2017,961610,      0.00,      0.00,      0.00,      0.00,0,1,0,0,1,1,U2 
H5,840,2017,961620,      4.00,      4.00,      4.00,      4.00,0,0,0,1,1,1,U2 
H5,840,2017,961700,     26.00,      6.00,      7.00,      6.50,0,0,0,4,4,4,U2 
H5,840,2017,961800,      4.00,      4.00,      4.00,      4.00,0,0,0,1,1,1,U2 
H5,840,2017,961900,    137.00,      0.00,     16.00,      7.21,0,2,0,17,19,19,U2 
H5,840,2017,962000,     22.00,      0.00,      5.00,      2.75,2,1,0,7,8,10,U2 
H5,840,2017,970110,      0.00,      0.00,      0.00,      0.00,0,1,0,0,1,1,U2 
H5,840,2017,970190,      0.00,      0.00,      0.00,      0.00,0,1,0,0,1,1,U2 
H5,840,2017,970200,      0.00,      0.00,      0.00,      0.00,0,1,0,0,1,1,U2 
H5,840,2017,970300,      0.00,      0.00,      0.00,      0.00,0,1,0,0,1,1,U2 
H5,840,2017,970400,      0.00,      0.00,      0.00,      0.00,0,1,0,0,1,1,U2 
H5,840,2017,970500,      0.00,      0.00,      0.00,      0.00,0,1,0,0,1,1,U2 
H5,840,2017,970600,      0.00,      0.00,      0.00,      0.00,0,1,0,0,1,1,U2 
