mechanism,variable,replicate,a_boot,b_boot,ab_boot
增量关税优惠幅度,tariff_relief,1,0.21801319929128907,0.08711139586715509,0.01899143410772846
增量关税优惠幅度,tariff_relief,2,0.21634408295397434,0.07086121885018297,0.015330405409143714
增量关税优惠幅度,tariff_relief,3,0.21894548188273238,0.09018650292108646,0.019745927341375726
增量关税优惠幅度,tariff_relief,4,0.21859976697664982,0.06498197937398995,0.014205045548835667
增量关税优惠幅度,tariff_relief,5,0.21821760203710777,0.0738135070137212,0.016107406498483478
增量关税优惠幅度,tariff_relief,6,0.21817781112314397,0.08150374074800272,0.01778230775474743
增量关税优惠幅度,tariff_relief,7,0.21838844007838307,0.07427889857163089,0.016221652789798906
增量关税优惠幅度,tariff_relief,8,0.21611372670536044,0.07251175023939734,0.01567078457416447
增量关税优惠幅度,tariff_relief,9,0.21490389143647565,0.058772685565008906,0.012630478838092794
增量关税优惠幅度,tariff_relief,10,0.21901994980192474,0.06069898504975197,0.013294288658624457
增量关税优惠幅度,tariff_relief,11,0.21851971357999567,0.07240722036724936,0.01582240505577496
增量关税优惠幅度,tariff_relief,12,0.2200608510963204,0.08567024111436461,0.018852666173254057
增量关税优惠幅度,tariff_relief,13,0.21940005387421793,0.10125105292297375,0.02221448646612173
增量关税优惠幅度,tariff_relief,14,0.21528091841958646,0.07229848623353112,0.015564484516700408
增量关税优惠幅度,tariff_relief,15,0.2181111846821456,0.07699385989029305,0.016793221993922948
增量关税优惠幅度,tariff_relief,16,0.21808394714664323,0.07387372488231739,0.016110673512760968
增量关税优惠幅度,tariff_relief,17,0.21714455653110934,0.07469244072160651,0.016219056916719418
增量关税优惠幅度,tariff_relief,18,0.21981342753560165,0.04258325080267339,0.009360370314543797
增量关税优惠幅度,tariff_relief,19,0.21607314518175036,0.055753439195557294,0.012046820961683542
增量关税优惠幅度,tariff_relief,20,0.2170297110070612,0.0770928999092897,0.016731449788009438
增量关税优惠幅度,tariff_relief,21,0.21994084739920228,0.059467250980198935,0.013079277573085996
增量关税优惠幅度,tariff_relief,22,0.21539152732289363,0.07227537393439284,0.01556750317956213
增量关税优惠幅度,tariff_relief,23,0.22022271639465363,0.07873880130455442,0.01734007270894787
增量关税优惠幅度,tariff_relief,24,0.2181553445804909,0.05958547535024606,0.012998889907025276
增量关税优惠幅度,tariff_relief,25,0.2195304108179886,0.07102645472641586,0.015592466785035342
增量关税优惠幅度,tariff_relief,26,0.2173817431711984,0.05597531161047888,0.01216801081243692
增量关税优惠幅度,tariff_relief,27,0.2194723194011543,0.0710249769951246,0.015588016436533621
增量关税优惠幅度,tariff_relief,28,0.22083340580393432,0.06937511130803124,0.015320342108179575
增量关税优惠幅度,tariff_relief,29,0.21378664022035168,0.06046626838197558,0.01292688036404464
增量关税优惠幅度,tariff_relief,30,0.21949499973951192,0.06547281566921044,0.014370955658258458
增量关税优惠幅度,tariff_relief,31,0.21447187806590534,0.06902497784396928,0.014803916631653598
增量关税优惠幅度,tariff_relief,32,0.2154329903066487,0.09020977304870052,0.019434161162765678
增量关税优惠幅度,tariff_relief,33,0.2166116953535717,0.04586757725117836,0.009935453670138662
增量关税优惠幅度,tariff_relief,34,0.21981815767479254,0.06629521590863968,0.014572892223689772
增量关税优惠幅度,tariff_relief,35,0.21514246951417723,0.08141270598683689,0.01751533061583973
增量关税优惠幅度,tariff_relief,36,0.22161219645552363,0.07822089002186915,0.017334703246452372
增量关税优惠幅度,tariff_relief,37,0.2184311244647493,0.07476973139334829,0.016332036504176334
增量关税优惠幅度,tariff_relief,38,0.217197589736882,0.08680495829236014,0.01885382771831119
增量关税优惠幅度,tariff_relief,39,0.22185427053652743,0.08365470177701541,0.018559152839690497
增量关税优惠幅度,tariff_relief,40,0.22240859638780294,0.036104984471457456,0.008030058918900275
增量关税优惠幅度,tariff_relief,41,0.21624232084852923,0.06873076588270902,0.014862500328173909
增量关税优惠幅度,tariff_relief,42,0.21516010908370295,0.07133546737781721,0.015348546942548084
增量关税优惠幅度,tariff_relief,43,0.2211953951864225,0.07606682318177381,0.01682563101426818
增量关税优惠幅度,tariff_relief,44,0.21680974521036947,0.07279200751396717,0.01578201660245452
增量关税优惠幅度,tariff_relief,45,0.217734774074886,0.05549120453079655,0.012082364881656277
增量关税优惠幅度,tariff_relief,46,0.2184863062750414,0.06529667889707454,0.01426643018424926
增量关税优惠幅度,tariff_relief,47,0.2175239486587337,0.06462795040155722,0.014058126965067521
增量关税优惠幅度,tariff_relief,48,0.21793859992702014,0.07844809451119968,0.017096867884713412
增量关税优惠幅度,tariff_relief,49,0.21742739769151206,0.08346794093737551,0.018148217188682387
增量关税优惠幅度,tariff_relief,50,0.21852005009493308,0.06596772214534223,0.014415269947848811
增量关税优惠幅度,tariff_relief,51,0.21925603976548377,0.05023030455284592,0.011013297652471145
增量关税优惠幅度,tariff_relief,52,0.2244960839844251,0.046778812627735956,0.010501660248367897
增量关税优惠幅度,tariff_relief,53,0.21626400700084325,0.07809956258060272,0.01689012434869426
增量关税优惠幅度,tariff_relief,54,0.21566362346585163,0.06193373317538451,0.013356853311370648
增量关税优惠幅度,tariff_relief,55,0.22301038057910674,0.09973842627085863,0.02224270440102536
增量关税优惠幅度,tariff_relief,56,0.21855439185963674,0.06807423962797282,0.014877924043198784
增量关税优惠幅度,tariff_relief,57,0.2175440214875245,0.055324988235280814,0.01203562042945297
增量关税优惠幅度,tariff_relief,58,0.21543901912800753,0.04925217936843153,0.010610841213051577
增量关税优惠幅度,tariff_relief,59,0.22009047088513534,0.06792520903243704,0.014949691240920316
增量关税优惠幅度,tariff_relief,60,0.21787754880361712,0.06853286786009956,0.014931773261840685
增量关税优惠幅度,tariff_relief,61,0.2174516036809776,0.06661005316267782,0.014484462881499465
增量关税优惠幅度,tariff_relief,62,0.21919029166884904,0.06510205404803106,0.014269738215029103
增量关税优惠幅度,tariff_relief,63,0.22105751617075944,0.05568075317047664,0.012308648994382705
增量关税优惠幅度,tariff_relief,64,0.2154268069017693,0.056804019871336354,0.012237108620066642
增量关税优惠幅度,tariff_relief,65,0.21807916180210868,0.08314956262964067,0.018133186922483977
增量关税优惠幅度,tariff_relief,66,0.21707401444002122,0.08290717979723265,0.017996994344485918
增量关税优惠幅度,tariff_relief,67,0.21626958336910637,0.09076647140676013,0.01963002695502392
增量关税优惠幅度,tariff_relief,68,0.21992649328220426,0.08237771655010342,0.01811704232545965
增量关税优惠幅度,tariff_relief,69,0.220632420296456,0.05804560861952448,0.012806743117306514
增量关税优惠幅度,tariff_relief,70,0.22030364344402462,0.0682393894511439,0.01503338612248274
增量关税优惠幅度,tariff_relief,71,0.2164757360991878,0.0665620959595211,0.014409078719142104
增量关税优惠幅度,tariff_relief,72,0.21368468134294194,0.06647368823475423,0.014204408888133527
增量关税优惠幅度,tariff_relief,73,0.21889332346794596,0.05772996882745048,0.012636704740341556
增量关税优惠幅度,tariff_relief,74,0.22404312369279772,0.058458004756475196,0.01309711399048913
增量关税优惠幅度,tariff_relief,75,0.2212047304140591,0.0745323323494443,0.016486904484489882
增量关税优惠幅度,tariff_relief,76,0.2204499384328087,0.07376287019357314,0.016261020192800457
增量关税优惠幅度,tariff_relief,77,0.21688070745082633,0.07136360276502304,0.015477388653917944
增量关税优惠幅度,tariff_relief,78,0.21649469143743816,0.07130685675592723,0.015437555950748067
增量关税优惠幅度,tariff_relief,79,0.2165797307604807,0.05835340242708252,0.012638164186615513
增量关税优惠幅度,tariff_relief,80,0.22053775196845013,0.08755684907609802,0.01930959066468353
增量关税优惠幅度,tariff_relief,81,0.21837348476449592,0.09224923141550555,0.02014478613105036
增量关税优惠幅度,tariff_relief,82,0.21981883818659467,0.07079671910039798,0.015562452540072179
增量关税优惠幅度,tariff_relief,83,0.21922929442796962,0.047886409639656166,0.010498103797990545
增量关税优惠幅度,tariff_relief,84,0.21744680022609764,0.046944355744917086,0.010207899945407845
增量关税优惠幅度,tariff_relief,85,0.21642376231398688,0.07821983980322003,0.01692863201781022
增量关税优惠幅度,tariff_relief,86,0.21575876383121934,0.06594693693896225,0.01422862959240587
增量关税优惠幅度,tariff_relief,87,0.22071214148290266,0.08820603006085226,0.01946814178643599
增量关税优惠幅度,tariff_relief,88,0.2183305296257984,0.07846182259883812,0.017130611283409765
增量关税优惠幅度,tariff_relief,89,0.22068594903074756,0.057221385404873495,0.012627955742928675
增量关税优惠幅度,tariff_relief,90,0.2218411294639563,0.06501467995714473,0.014422930033430629
增量关税优惠幅度,tariff_relief,91,0.21607464894762113,0.055284719600497426,0.011945626379845151
增量关税优惠幅度,tariff_relief,92,0.2148057854367853,0.07349875481455419,0.015787957756566016
增量关税优惠幅度,tariff_relief,93,0.22040209970390928,0.05696277345881397,0.012554714875280714
增量关税优惠幅度,tariff_relief,94,0.21662585864007855,0.0701825742448333,0.015203360407358077
增量关税优惠幅度,tariff_relief,95,0.2189201569035803,0.06480253967646488,0.014186582153722179
增量关税优惠幅度,tariff_relief,96,0.21709734834732075,0.07348962286960403,0.015954402256035657
增量关税优惠幅度,tariff_relief,97,0.2186359547925939,0.06002750038531258,0.013124169860555614
增量关税优惠幅度,tariff_relief,98,0.22023858156350345,0.07899537145082469,0.017397828558411706
增量关税优惠幅度,tariff_relief,99,0.21643363759186848,0.08124675090660582,0.017584529841237137
增量关税优惠幅度,tariff_relief,100,0.2189273825514755,0.07050404090184882,0.015435265133943932
增量关税优惠幅度,tariff_relief,101,0.2160701697402136,0.059389771437879414,0.012832357995415093
增量关税优惠幅度,tariff_relief,102,0.21870290955066146,0.06526332769255987,0.0142732796533211
增量关税优惠幅度,tariff_relief,103,0.21870191110710596,0.058615156725520944,0.012819246795713966
增量关税优惠幅度,tariff_relief,104,0.2180873819430623,0.07193943374548221,0.015689082764018605
增量关税优惠幅度,tariff_relief,105,0.21607876608395643,0.06487224811642524,0.014017515326089433
增量关税优惠幅度,tariff_relief,106,0.21905035897614122,0.07498924274891934,0.016426420543499777
增量关税优惠幅度,tariff_relief,107,0.21960508841409299,0.059689920141545,0.013108210190114138
增量关税优惠幅度,tariff_relief,108,0.219282286586878,0.07199081210261765,0.01578630989110829
增量关税优惠幅度,tariff_relief,109,0.221915305491367,0.056171320723020036,0.012465275798102545
增量关税优惠幅度,tariff_relief,110,0.2219454452882547,0.06527407869120515,0.014487284460900104
增量关税优惠幅度,tariff_relief,111,0.2207510742239739,0.09391648319188645,0.020732164551946722
增量关税优惠幅度,tariff_relief,112,0.21556212662522067,0.06607758489967691,0.014243824723232924
增量关税优惠幅度,tariff_relief,113,0.21986378236411197,0.08258458341499224,0.018157358874584705
增量关税优惠幅度,tariff_relief,114,0.21903485904688116,0.08027172600922025,0.01758230619187942
增量关税优惠幅度,tariff_relief,115,0.21917369877356357,0.046492315106624736,0.010189892666464969
增量关税优惠幅度,tariff_relief,116,0.21922295607831244,0.05689569349561264,0.012472842116233816
增量关税优惠幅度,tariff_relief,117,0.21802029463667846,0.04221396097593354,0.009203500209754276
增量关税优惠幅度,tariff_relief,118,0.21940685001365678,0.05989060230295625,0.013140408396712289
增量关税优惠幅度,tariff_relief,119,0.21438840431244197,0.08805567904979271,0.018878116522133583
增量关税优惠幅度,tariff_relief,120,0.21740349549500998,0.07394993897721938,0.016076975225290176
增量关税优惠幅度,tariff_relief,121,0.2156429082503111,0.06602380825111959,0.014237566025032313
增量关税优惠幅度,tariff_relief,122,0.22102772133261508,0.05669919171910419,0.012532093147074678
增量关税优惠幅度,tariff_relief,123,0.21872483870154547,0.0808546478636177,0.01768491981224004
增量关税优惠幅度,tariff_relief,124,0.22195408636912609,0.07646571698413815,0.01697187835177455
增量关税优惠幅度,tariff_relief,125,0.2184221916828741,0.06770727516596643,0.014788771434625822
增量关税优惠幅度,tariff_relief,126,0.21663574803494257,0.07406935948261538,0.016046071097985448
增量关税优惠幅度,tariff_relief,127,0.2183570973301461,0.0710204736469749,0.015507824476565575
增量关税优惠幅度,tariff_relief,128,0.22268738408973032,0.07797477457587372,0.01736399857528773
增量关税优惠幅度,tariff_relief,129,0.2149573577334524,0.07424651806698385,0.015959835344587885
增量关税优惠幅度,tariff_relief,130,0.21838882778545357,0.059477475419707014,0.012989216136547943
增量关税优惠幅度,tariff_relief,131,0.2171788470939002,0.06353563325260367,0.013798595579181333
增量关税优惠幅度,tariff_relief,132,0.21730219108503296,0.0874507646507708,0.019003242770674042
增量关税优惠幅度,tariff_relief,133,0.22063789046518129,0.07998214062157566,0.017647090781633935
增量关税优惠幅度,tariff_relief,134,0.21883559852372872,0.07422188910656095,0.01624239152619609
增量关税优惠幅度,tariff_relief,135,0.21723787154756982,0.05930227769447966,0.012882700584271687
增量关税优惠幅度,tariff_relief,136,0.21739137274390108,0.05325737633864593,0.011577694150996796
增量关税优惠幅度,tariff_relief,137,0.2136624120497007,0.040781472192264114,0.008713467715536946
增量关税优惠幅度,tariff_relief,138,0.21838831920504295,0.05412200969030287,0.01181961472826429
增量关税优惠幅度,tariff_relief,139,0.22362221243556926,0.09473821697891288,0.021185569683025512
增量关税优惠幅度,tariff_relief,140,0.2194475563046437,0.07223789236027374,0.01585242895105996
增量关税优惠幅度,tariff_relief,141,0.21666815239491416,0.06997921048190846,0.015162266241169916
增量关税优惠幅度,tariff_relief,142,0.22173961274334344,0.06846783004026503,0.015182030118505425
增量关税优惠幅度,tariff_relief,143,0.21904709627294808,0.09405287444205511,0.020602009042656345
增量关税优惠幅度,tariff_relief,144,0.221117319484484,0.06024790751927372,0.013321855815210892
增量关税优惠幅度,tariff_relief,145,0.2204584191129317,0.06064521954438227,0.013369749227511184
增量关税优惠幅度,tariff_relief,146,0.21699453716889539,0.08198281587247436,0.017789823186050345
增量关税优惠幅度,tariff_relief,147,0.22146013782923435,0.07589795793549835,0.016808372225352895
增量关税优惠幅度,tariff_relief,148,0.21756649595474384,0.06624569178114371,0.014412843032921412
增量关税优惠幅度,tariff_relief,149,0.2195722047803331,0.08503251026419358,0.018670775756715288
增量关税优惠幅度,tariff_relief,150,0.21661867634901286,0.04193712306036078,0.009084364087221014
增量关税优惠幅度,tariff_relief,151,0.22123897215246704,0.07851695485113766,0.01737101038780736
增量关税优惠幅度,tariff_relief,152,0.21828328593876753,0.08271116098114242,0.018054464002774145
增量关税优惠幅度,tariff_relief,153,0.21808419933969633,0.0385123562181506,0.00839893637052055
增量关税优惠幅度,tariff_relief,154,0.21515316622208935,0.07264573930058224,0.01562996082306474
增量关税优惠幅度,tariff_relief,155,0.22214524637330138,0.06788898600526232,0.015081215522172607
增量关税优惠幅度,tariff_relief,156,0.21870570074470871,0.07653450116455099,0.01673853170833985
增量关税优惠幅度,tariff_relief,157,0.21750237883925114,0.0709495880750353,0.015431704183985144
增量关税优惠幅度,tariff_relief,158,0.21597592591349316,0.08507764396024847,0.01837472292885317
增量关税优惠幅度,tariff_relief,159,0.2185074348345819,0.07559045262592083,0.016517075901274946
增量关税优惠幅度,tariff_relief,160,0.22071508214855565,0.0883052938262919,0.01949031018102236
增量关税优惠幅度,tariff_relief,161,0.21905957173208956,0.07273591950752648,0.01593349937685849
增量关税优惠幅度,tariff_relief,162,0.21914639213207968,0.10107896248657243,0.022151089949386173
增量关税优惠幅度,tariff_relief,163,0.21909445993322066,0.09203732162798724,0.020164867275783992
增量关税优惠幅度,tariff_relief,164,0.22096060616383148,0.057049255702752835,0.012605638121275686
增量关税优惠幅度,tariff_relief,165,0.2207213723725281,0.07377794210521901,0.016284368632284864
增量关税优惠幅度,tariff_relief,166,0.2190729563470427,0.08080487750398116,0.017702163402057797
增量关税优惠幅度,tariff_relief,167,0.21739621593621636,0.06616759257259676,0.01438458424289183
增量关税优惠幅度,tariff_relief,168,0.21779355693670896,0.040251516409388614,0.008766520930897054
增量关税优惠幅度,tariff_relief,169,0.21810061621470334,0.05413972556610907,0.011807907507663317
增量关税优惠幅度,tariff_relief,170,0.21985690946569073,0.06089840162205355,0.013388934372025102
增量关税优惠幅度,tariff_relief,171,0.220777231404824,0.07849240695630391,0.017329336294113526
增量关税优惠幅度,tariff_relief,172,0.2182070700454751,0.07600695531424531,0.016585255022198823
增量关税优惠幅度,tariff_relief,173,0.21863966288004075,0.0474319738587603,0.010370510774214258
增量关税优惠幅度,tariff_relief,174,0.21561897225710647,0.09433729705049727,0.020340911035541583
增量关税优惠幅度,tariff_relief,175,0.22136891659616179,0.054906154941143835,0.012154516033782006
增量关税优惠幅度,tariff_relief,176,0.2192568857931914,0.07953843624862975,0.017439349832734846
增量关税优惠幅度,tariff_relief,177,0.2199655422114696,0.06585933363798128,0.014486784033364633
增量关税优惠幅度,tariff_relief,178,0.2181380883492225,0.06089663547956319,0.013283875650411352
增量关税优惠幅度,tariff_relief,179,0.21728553740921452,0.03753303161396031,0.008155384944836403
增量关税优惠幅度,tariff_relief,180,0.2209255293850146,0.06140337992351142,0.013565574215630939
增量关税优惠幅度,tariff_relief,181,0.21922898604615657,0.07116886023243263,0.01560227706681684
增量关税优惠幅度,tariff_relief,182,0.21883009858307043,0.1042690046059915,0.022817196557087745
增量关税优惠幅度,tariff_relief,183,0.21919331251762034,0.05496556352386998,0.012048083943194746
增量关税优惠幅度,tariff_relief,184,0.21696433705556653,0.0656617367408779,0.014246255181901708
增量关税优惠幅度,tariff_relief,185,0.21818454973483098,0.06633804093960627,0.014473935592698777
增量关税优惠幅度,tariff_relief,186,0.2204327791367493,0.09893970675952597,0.02180955452797733
增量关税优惠幅度,tariff_relief,187,0.21642306058303137,0.05127863098257489,0.011097878259756715
增量关税优惠幅度,tariff_relief,188,0.21621185410459437,0.07625541078636972,0.01648732375162848
增量关税优惠幅度,tariff_relief,189,0.21755271801381026,0.061362546528528496,0.013349588781530272
增量关税优惠幅度,tariff_relief,190,0.21936091602561184,0.056472837808864765,0.012387933432318381
增量关税优惠幅度,tariff_relief,191,0.22058583886708807,0.09171128507403271,0.02023021075163416
增量关税优惠幅度,tariff_relief,192,0.21755348908189823,0.07127613602471047,0.015506372080451743
增量关税优惠幅度,tariff_relief,193,0.21755839586969045,0.07195272777083839,0.015653920032272128
增量关税优惠幅度,tariff_relief,194,0.21792478452164504,0.03561333441975632,0.007761028229522682
增量关税优惠幅度,tariff_relief,195,0.21656665759745794,0.0686812594395468,0.014874070796406506
增量关税优惠幅度,tariff_relief,196,0.22107573210323944,0.08094209587683636,0.017894333103942197
增量关税优惠幅度,tariff_relief,197,0.2165456183578909,0.06071308021906131,0.013147151498448867
增量关税优惠幅度,tariff_relief,198,0.2148364354967399,0.06223327141799943,0.013369974200744142
增量关税优惠幅度,tariff_relief,199,0.2187460574488408,0.07170453586126153,0.01568508452084998
增量关税优惠幅度,tariff_relief,200,0.22366272261687023,0.04898416316468321,0.010955931298522053
增量关税优惠幅度,tariff_relief,201,0.21723188352990824,0.09097250291936625,0.019762128158604005
增量关税优惠幅度,tariff_relief,202,0.22096756422505973,0.05558965518092877,0.012283510701440802
增量关税优惠幅度,tariff_relief,203,0.21579034487277887,0.062046858219439636,0.013389112933445293
增量关税优惠幅度,tariff_relief,204,0.22001584427268597,0.058824620440953476,0.01294234853033668
增量关税优惠幅度,tariff_relief,205,0.22117330641351676,0.08032542091616088,0.017765838933084758
增量关税优惠幅度,tariff_relief,206,0.219110432237108,0.08203859250049618,0.017975511462907684
增量关税优惠幅度,tariff_relief,207,0.22293841864440803,0.06500273442136467,0.01449160681946147
增量关税优惠幅度,tariff_relief,208,0.2188104676669313,0.055310899822622675,0.012102603857266855
增量关税优惠幅度,tariff_relief,209,0.22133931161379333,0.06620301992510362,0.01465333085697668
增量关税优惠幅度,tariff_relief,210,0.21955948748996362,0.06150799048493795,0.013504662867410535
增量关税优惠幅度,tariff_relief,211,0.21668874073118022,0.044669912393479845,0.009679467065115289
增量关税优惠幅度,tariff_relief,212,0.21874096953898992,0.0793715028733513,0.01736179949228359
增量关税优惠幅度,tariff_relief,213,0.21981049144945733,0.04500502027348363,0.009892575624007227
增量关税优惠幅度,tariff_relief,214,0.21890948317776857,0.0803264438793303,0.017584220315132227
增量关税优惠幅度,tariff_relief,215,0.21969765691527413,0.05120134858769279,0.011248816315618287
增量关税优惠幅度,tariff_relief,216,0.22001072896226248,0.07613467373010968,0.016750445066665447
增量关税优惠幅度,tariff_relief,217,0.21866862177829796,0.08934784103550117,0.019537569258099494
增量关税优惠幅度,tariff_relief,218,0.2182825605323813,0.06956998502369166,0.015185914467170835
增量关税优惠幅度,tariff_relief,219,0.2169008542970014,0.10218129731972223,0.02216321068182365
增量关税优惠幅度,tariff_relief,220,0.21690663170275828,0.08444141877450234,0.01831590372257936
增量关税优惠幅度,tariff_relief,221,0.2202225731244795,0.045975756972271915,0.01012489950177945
增量关税优惠幅度,tariff_relief,222,0.21943352339799876,0.0827960197897908,0.018168222345804227
增量关税优惠幅度,tariff_relief,223,0.21849910550322432,0.06629843879673288,0.014486149573346397
增量关税优惠幅度,tariff_relief,224,0.21643712859812783,0.06252494954871829,0.013532720546067396
增量关税优惠幅度,tariff_relief,225,0.22089861261118593,0.07573221295318047,0.01672914077133245
增量关税优惠幅度,tariff_relief,226,0.22065695573652003,0.0690303204135742,0.015232020355975836
增量关税优惠幅度,tariff_relief,227,0.2209722203837697,0.052563016618286294,0.011614966492211708
增量关税优惠幅度,tariff_relief,228,0.21967698900993773,0.06255364842768149,0.013741597138179296
增量关税优惠幅度,tariff_relief,229,0.21920433749887783,0.06902909392022111,0.015131476800929883
增量关税优惠幅度,tariff_relief,230,0.2205705069870376,0.06663658425662468,0.014698065173368153
增量关税优惠幅度,tariff_relief,231,0.2198444927778498,0.0842502141132665,0.018521945588156313
增量关税优惠幅度,tariff_relief,232,0.2188130858783159,0.10054268186928428,0.022000054482299896
增量关税优惠幅度,tariff_relief,233,0.21867080909121664,0.07045038213757346,0.015405442062808585
增量关税优惠幅度,tariff_relief,234,0.2150385755853391,0.04296937852929757,0.009240073952727402
增量关税优惠幅度,tariff_relief,235,0.21661637095679617,0.05581631383295266,0.012090727342679826
增量关税优惠幅度,tariff_relief,236,0.2211675993960013,0.07993071339760006,0.017678084000157007
增量关税优惠幅度,tariff_relief,237,0.21631440640720123,0.08046348337027362,0.017405410642696444
增量关税优惠幅度,tariff_relief,238,0.21754942261289012,0.07587602803488597,0.016506786089148906
增量关税优惠幅度,tariff_relief,239,0.2195239742789511,0.06448116237652876,0.01415516103102197
增量关税优惠幅度,tariff_relief,240,0.2204191673111273,0.04680627498945017,0.01031700015811025
增量关税优惠幅度,tariff_relief,241,0.21954408863348251,0.08347309935533694,0.018326025523379585
增量关税优惠幅度,tariff_relief,242,0.2203127475556845,0.09440230022847455,0.020798030138911853
增量关税优惠幅度,tariff_relief,243,0.21757211387107153,0.07182674193987278,0.01562749607633007
增量关税优惠幅度,tariff_relief,244,0.22023322730774741,0.05179666425677202,0.011407346533044748
增量关税优惠幅度,tariff_relief,245,0.21932506947041538,0.05019334254585149,0.011008658340821235
增量关税优惠幅度,tariff_relief,246,0.2176856734359298,0.09276639579801302,0.020193915341514473
增量关税优惠幅度,tariff_relief,247,0.21906647954938727,0.07170582915976352,0.015708343557199193
增量关税优惠幅度,tariff_relief,248,0.2189354442475338,0.06607495267225967,0.014466149116935941
增量关税优惠幅度,tariff_relief,249,0.2152485859846853,0.06078105963929231,0.013083037142008496
增量关税优惠幅度,tariff_relief,250,0.21847605826023256,0.06115972384515971,0.013361935389974848
增量关税优惠幅度,tariff_relief,251,0.22090042406064103,0.055741882938624615,0.012313405579080788
增量关税优惠幅度,tariff_relief,252,0.2159134259978623,0.0629076954450654,0.013582616045174188
增量关税优惠幅度,tariff_relief,253,0.22035090222130638,0.06727799774762887,0.01482476750333304
增量关税优惠幅度,tariff_relief,254,0.2109676505305243,0.07444160114604632,0.015704769695511777
增量关税优惠幅度,tariff_relief,255,0.22060398062655298,0.07483811216189325,0.016509585445490096
增量关税优惠幅度,tariff_relief,256,0.21990095577512553,0.0619764953139042,0.013628690555120122
增量关税优惠幅度,tariff_relief,257,0.2196056043313899,0.10056153102544504,0.022083875793332673
增量关税优惠幅度,tariff_relief,258,0.2185972993612859,0.06894631073184994,0.015071477326906441
增量关税优惠幅度,tariff_relief,259,0.21976544088878824,0.07481254000114426,0.016441210837361574
增量关税优惠幅度,tariff_relief,260,0.21865546446463283,0.059681935418816744,0.013049781309149596
增量关税优惠幅度,tariff_relief,261,0.22149107818809474,0.07228601257385966,0.01601070686290235
增量关税优惠幅度,tariff_relief,262,0.21944535181608765,0.05672112755771414,0.012447187792307765
增量关税优惠幅度,tariff_relief,263,0.21689998167763364,0.05171527136813882,0.011217041412203161
增量关税优惠幅度,tariff_relief,264,0.2198232216714463,0.06642131490369906,0.014600947429784777
增量关税优惠幅度,tariff_relief,265,0.2174698364733274,0.10103138303491839,0.021971278347277808
增量关税优惠幅度,tariff_relief,266,0.219993344470527,0.07243595086293167,0.015935427090239096
增量关税优惠幅度,tariff_relief,267,0.21798985011972594,0.05288802876124164,0.01152905346279082
增量关税优惠幅度,tariff_relief,268,0.21793627524319445,0.08360128910462404,0.018219753552991217
增量关税优惠幅度,tariff_relief,269,0.21694610952506324,0.061362267656644744,0.013312305239744696
增量关税优惠幅度,tariff_relief,270,0.21839602003379224,0.061496373595994885,0.01343056323987647
增量关税优惠幅度,tariff_relief,271,0.21896501665949017,0.0542632149566012,0.011881745766969678
增量关税优惠幅度,tariff_relief,272,0.21985771261685808,0.08732674749258654,0.01919945895399002
增量关税优惠幅度,tariff_relief,273,0.21741366919389832,0.09041592808191322,0.01965765867786038
增量关税优惠幅度,tariff_relief,274,0.21903912493235583,0.07479991376750621,0.016384107656650236
增量关税优惠幅度,tariff_relief,275,0.21832503270297335,0.07270283885034876,0.015872849669601393
增量关税优惠幅度,tariff_relief,276,0.21648625425413648,0.07152342655910979,0.0154838387072025
增量关税优惠幅度,tariff_relief,277,0.2190237304810211,0.05334827551292555,0.011684538317570265
增量关税优惠幅度,tariff_relief,278,0.21538599168614173,0.07280495104694587,0.01568116658090744
增量关税优惠幅度,tariff_relief,279,0.2192481744598952,0.06760749527838764,0.014822819919592473
增量关税优惠幅度,tariff_relief,280,0.22054577844275816,0.07152811052288009,0.015775222815808232
增量关税优惠幅度,tariff_relief,281,0.21836216790664864,0.05710662042156356,0.012469925437074711
增量关税优惠幅度,tariff_relief,282,0.2200211581543137,0.06810507259950299,0.014984556949526264
增量关税优惠幅度,tariff_relief,283,0.21776414523809504,0.08642726685296524,0.01882075989150072
增量关税优惠幅度,tariff_relief,284,0.21771166415741644,0.04593259635709291,0.01000006199197358
增量关税优惠幅度,tariff_relief,285,0.2203648251477171,0.08434133031427718,0.018585862507431543
增量关税优惠幅度,tariff_relief,286,0.21762357808647603,0.07101352607639241,0.015454217637281786
增量关税优惠幅度,tariff_relief,287,0.2209444643076066,0.07609173920395268,0.016812048556651433
增量关税优惠幅度,tariff_relief,288,0.22113215903682487,0.08860176166044306,0.019592698850439946
增量关税优惠幅度,tariff_relief,289,0.21752592867065912,0.0530995527593139,0.011550529525966415
增量关税优惠幅度,tariff_relief,290,0.2190499137748766,0.048857594787185765,0.010702251925380902
增量关税优惠幅度,tariff_relief,291,0.21857705870563898,0.06362005581364574,0.013905884674435274
增量关税优惠幅度,tariff_relief,292,0.21679455773766157,0.07455723280322514,0.016163602311719066
增量关税优惠幅度,tariff_relief,293,0.22147131014226937,0.06254282455744142,0.01385144129473465
增量关税优惠幅度,tariff_relief,294,0.2198722155355753,0.08305940032054733,0.018262454369535015
增量关税优惠幅度,tariff_relief,295,0.21875332218558088,0.09058136493402859,0.019814974507423234
增量关税优惠幅度,tariff_relief,296,0.21635704764237404,0.08406016135251511,0.01818700833457176
增量关税优惠幅度,tariff_relief,297,0.2196358535611841,0.06686501175281413,0.014685953929707937
增量关税优惠幅度,tariff_relief,298,0.21513734063537004,0.05725738096472639,0.012318200672497495
增量关税优惠幅度,tariff_relief,299,0.21863971360958673,0.04110660834344793,0.008987537075672904
增量关税优惠幅度,tariff_relief,300,0.21726143961488179,0.06359171091536676,0.013816026661045975
增量关税优惠幅度,tariff_relief,301,0.22084824138053616,0.0707835136041189,0.015632414498204916
增量关税优惠幅度,tariff_relief,302,0.21663328746751798,0.05498302178517222,0.011911152764220017
增量关税优惠幅度,tariff_relief,303,0.21598154165802802,0.05455477505908868,0.01178282442206891
增量关税优惠幅度,tariff_relief,304,0.2181782919645526,0.0644393259538704,0.01405926207196251
增量关税优惠幅度,tariff_relief,305,0.21928620716443986,0.05909833128963158,0.012959448918250849
增量关税优惠幅度,tariff_relief,306,0.2183787527799783,0.05803729314204201,0.012674111691085121
增量关税优惠幅度,tariff_relief,307,0.2214287693829083,0.0718108036691855,0.015900977884865383
增量关税优惠幅度,tariff_relief,308,0.22112396465511455,0.05754619090375399,0.012724841883438172
增量关税优惠幅度,tariff_relief,309,0.21991591293122068,0.08042351811759049,0.01768641140797048
增量关税优惠幅度,tariff_relief,310,0.21487224320636916,0.05180978673322899,0.011132485095412498
增量关税优惠幅度,tariff_relief,311,0.22064236437022816,0.04205214516329375,0.009278484735669189
增量关税优惠幅度,tariff_relief,312,0.22111466241082603,0.05984199538665742,0.013231942607910965
增量关税优惠幅度,tariff_relief,313,0.22116791123666435,0.07870038234117134,0.01740599917592373
增量关税优惠幅度,tariff_relief,314,0.21798557445267802,0.06114538119449265,0.013328811044809456
增量关税优惠幅度,tariff_relief,315,0.21665652037823574,0.0867181036945148,0.018788042600252606
增量关税优惠幅度,tariff_relief,316,0.21743279151951544,0.06590588035478387,0.01433009954309185
增量关税优惠幅度,tariff_relief,317,0.22007101561489592,0.07868061276269954,0.01731532235988963
增量关税优惠幅度,tariff_relief,318,0.2222705069490459,0.06338170629029469,0.014087883988439331
增量关税优惠幅度,tariff_relief,319,0.21505855961874942,0.0675449690371761,0.01452612375062812
增量关税优惠幅度,tariff_relief,320,0.22139576577801298,0.06474934720553216,0.014335231308195237
增量关税优惠幅度,tariff_relief,321,0.21618288253507686,0.06332994976790934,0.013690851091628264
增量关税优惠幅度,tariff_relief,322,0.2175808178803905,0.06451834167094259,0.014037953549050167
增量关税优惠幅度,tariff_relief,323,0.2170164164013258,0.07239693640649589,0.015711323697372416
增量关税优惠幅度,tariff_relief,324,0.21878653603120446,0.08578054091667847,0.018767627406043083
增量关税优惠幅度,tariff_relief,325,0.21772357061045297,0.04492424561177798,0.009781067161577275
增量关税优惠幅度,tariff_relief,326,0.22062256291345914,0.07288840619706352,0.016080826981873412
增量关税优惠幅度,tariff_relief,327,0.22239838701134038,0.06410631894043808,0.014257141929587968
增量关税优惠幅度,tariff_relief,328,0.2204291208573658,0.07332104160735825,0.01616209274185632
增量关税优惠幅度,tariff_relief,329,0.22296383921453924,0.058082112267772004,0.012950210740912335
增量关税优惠幅度,tariff_relief,330,0.2164082566572636,0.0528293824666181,0.011432714559880632
增量关税优惠幅度,tariff_relief,331,0.2236758351944885,0.05034109675249826,0.0112600868607216
增量关税优惠幅度,tariff_relief,332,0.21884591490244046,0.06899671027832684,0.015099648186119054
增量关税优惠幅度,tariff_relief,333,0.22070793826485538,0.055958021255023443,0.012350379500577179
增量关税优惠幅度,tariff_relief,334,0.21881711554076208,0.057888117309654444,0.012666910853783846
增量关税优惠幅度,tariff_relief,335,0.21619417912169,0.06351778855773307,0.013732176156864177
增量关税优惠幅度,tariff_relief,336,0.21765836211477996,0.054292488361346744,0.011817214091866486
增量关税优惠幅度,tariff_relief,337,0.21764491586959542,0.06311283707894921,0.013736188116339384
增量关税优惠幅度,tariff_relief,338,0.21599489817679088,0.09083433532066208,0.019619753008542885
增量关税优惠幅度,tariff_relief,339,0.21899135000700878,0.05784253914235164,0.012667015734616835
增量关税优惠幅度,tariff_relief,340,0.219965968440142,0.043585868253276136,0.009587407720636326
增量关税优惠幅度,tariff_relief,341,0.22038075553334324,0.05696161303187671,0.01255324331636292
增量关税优惠幅度,tariff_relief,342,0.2196346834625339,0.0746472901852961,0.016395133951183423
增量关税优惠幅度,tariff_relief,343,0.2187896558627732,0.03198805833532066,0.006998656274903122
增量关税优惠幅度,tariff_relief,344,0.2152735210277073,0.0709105111586578,0.015265155414998795
增量关税优惠幅度,tariff_relief,345,0.21653963333035556,0.08130150240172404,0.017604997519276345
增量关税优惠幅度,tariff_relief,346,0.2193759173869767,0.0640939509929401,0.014060669298032161
增量关税优惠幅度,tariff_relief,347,0.21929481556332497,0.0554759054792097,0.01216557846027174
增量关税优惠幅度,tariff_relief,348,0.21775815161437137,0.07511911908514349,0.016357800522880692
增量关税优惠幅度,tariff_relief,349,0.21949066118440502,0.07516082604949986,0.016497099404770777
增量关税优惠幅度,tariff_relief,350,0.21827760468589197,0.06639748779437159,0.014493084592916178
增量关税优惠幅度,tariff_relief,351,0.21628767294500476,0.06495773891825826,0.01404955819039925
增量关税优惠幅度,tariff_relief,352,0.2204133492717785,0.04749894073237638,0.01046940061368478
增量关税优惠幅度,tariff_relief,353,0.22021847657301738,0.07987340004380822,0.017589598476354624
增量关税优惠幅度,tariff_relief,354,0.21774306683343045,0.0733041214833336,0.015961464223311413
增量关税优惠幅度,tariff_relief,355,0.21705260458972608,0.057384764480405054,0.012455512594239916
增量关税优惠幅度,tariff_relief,356,0.2170040749869032,0.07379702653920728,0.01601425548092462
增量关税优惠幅度,tariff_relief,357,0.2193381883781424,0.06378658610288367,0.013990834238632897
增量关税优惠幅度,tariff_relief,358,0.21931632352323605,0.06344939491217594,0.013915488021912345
增量关税优惠幅度,tariff_relief,359,0.21726981779846188,0.0899183899265101,0.0195365521960639
增量关税优惠幅度,tariff_relief,360,0.21767031373387832,0.0757293436765435,0.016484029996933918
增量关税优惠幅度,tariff_relief,361,0.21579498015824045,0.050544552027531046,0.010907260601888215
增量关税优惠幅度,tariff_relief,362,0.22339840167025518,0.07602823388170915,0.016984585930986167
增量关税优惠幅度,tariff_relief,363,0.2176460189644476,0.07014849563349186,0.01526754081097444
增量关税优惠幅度,tariff_relief,364,0.22146844481610567,0.06831379099595417,0.015129349051366451
增量关税优惠幅度,tariff_relief,365,0.21909270097961456,0.06893377936235616,0.015102887909231423
增量关税优惠幅度,tariff_relief,366,0.21844652309484647,0.07043289254528395,0.015385820488030211
增量关税优惠幅度,tariff_relief,367,0.22033642419859517,0.05957542119822232,0.013126635276941492
增量关税优惠幅度,tariff_relief,368,0.21619658818014068,0.07171418422658214,0.01550436195390912
增量关税优惠幅度,tariff_relief,369,0.21636246118402902,0.05971972142462342,0.01292110590865611
增量关税优惠幅度,tariff_relief,370,0.21891277336428341,0.07034350536461141,0.015399091847532432
增量关税优惠幅度,tariff_relief,371,0.21640554116236882,0.0577072998192094,0.012488179446395077
增量关税优惠幅度,tariff_relief,372,0.2146270518125989,0.09128680125816534,0.01959261702344267
增量关税优惠幅度,tariff_relief,373,0.21782444610890248,0.05270354979013066,0.011480121541008173
增量关税优惠幅度,tariff_relief,374,0.2217664686597492,0.05395762472853557,0.01196599189331529
增量关税优惠幅度,tariff_relief,375,0.22117538840583745,0.06907637140147493,0.0152779932743871
增量关税优惠幅度,tariff_relief,376,0.22262822167846003,0.08914803367128993,0.019846868202370752
增量关税优惠幅度,tariff_relief,377,0.21675995868264777,0.08342645996562956,0.01808351601518943
增量关税优惠幅度,tariff_relief,378,0.22026551078948417,0.058129575260940265,0.01280394058682677
增量关税优惠幅度,tariff_relief,379,0.21704800922599923,0.07984924811953517,0.017331120342537972
增量关税优惠幅度,tariff_relief,380,0.21720145199958632,0.1010691421270257,0.021952364422342538
增量关税优惠幅度,tariff_relief,381,0.21898222333325634,0.07237249597340258,0.015848290076432837
增量关税优惠幅度,tariff_relief,382,0.21613732872025646,0.06624446606374065,0.014317901937516586
增量关税优惠幅度,tariff_relief,383,0.21998232980582058,0.09598638862907398,0.021115309400270618
增量关税优惠幅度,tariff_relief,384,0.21787625964142382,0.058657562750023054,0.012780090371657133
增量关税优惠幅度,tariff_relief,385,0.22316453879620196,0.06826012347063172,0.015233238972495329
增量关税优惠幅度,tariff_relief,386,0.21922812525455573,0.0619867811819353,0.01358924582908005
增量关税优惠幅度,tariff_relief,387,0.22115339799375586,0.09348465773778616,0.02067444971899467
增量关税优惠幅度,tariff_relief,388,0.21475321902359085,0.060951444700807204,0.013089518953636735
增量关税优惠幅度,tariff_relief,389,0.21796494803783467,0.08264049244684829,0.018012730641998355
增量关税优惠幅度,tariff_relief,390,0.21923533108119012,0.054028961691142005,0.011845057304330454
增量关税优惠幅度,tariff_relief,391,0.2206279673533448,0.07982844012812775,0.01761238648245701
增量关税优惠幅度,tariff_relief,392,0.21483596139197614,0.072658927204301,0.015609750479645615
增量关税优惠幅度,tariff_relief,393,0.2174559973494804,0.03402562326500426,0.007399075842529185
增量关税优惠幅度,tariff_relief,394,0.21911199930058978,0.062545379345362,0.01370444311537608
增量关税优惠幅度,tariff_relief,395,0.22215438336481919,0.09540813521305767,0.02119533544624412
增量关税优惠幅度,tariff_relief,396,0.21855945393414644,0.041503749303775324,0.009071036784052845
增量关税优惠幅度,tariff_relief,397,0.21808672913939614,0.07290276969233464,0.015899126587403962
增量关税优惠幅度,tariff_relief,398,0.22056312624462465,0.08315040718410684,0.0183399137570401
增量关税优惠幅度,tariff_relief,399,0.2172954856494877,0.06358283379350824,0.01381626274813103
增量关税优惠幅度,tariff_relief,400,0.21829121787898204,0.08379883375242357,0.018292549476654887
增量关税优惠幅度,tariff_relief,401,0.21530268024141272,0.0888766920935146,0.01913539001872447
增量关税优惠幅度,tariff_relief,402,0.21759052880768862,0.06013961803108064,0.013085811289675241
增量关税优惠幅度,tariff_relief,403,0.2224471424312872,0.07446957130287152,0.016565543334406758
增量关税优惠幅度,tariff_relief,404,0.22061022580083353,0.09038712695103188,0.01994032448615575
增量关税优惠幅度,tariff_relief,405,0.21755490007791756,0.06820025710170526,0.014837300119049775
增量关税优惠幅度,tariff_relief,406,0.21770990649816865,0.0580786812074668,0.012644304255214543
增量关税优惠幅度,tariff_relief,407,0.21698850239758227,0.06213201188679335,0.013481932210264069
增量关税优惠幅度,tariff_relief,408,0.22107308034128134,0.05243518994278888,0.011592008958932514
增量关税优惠幅度,tariff_relief,409,0.21606688815318306,0.07472273714035653,0.016145109288205114
增量关税优惠幅度,tariff_relief,410,0.2172677254829866,0.049042428631026896,0.010655336920824914
增量关税优惠幅度,tariff_relief,411,0.21551377989205273,0.062207708767339824,0.013406618454873393
增量关税优惠幅度,tariff_relief,412,0.2187725441601108,0.06696442212831707,0.014649976997223549
增量关税优惠幅度,tariff_relief,413,0.21977905337283904,0.08197647169916845,0.018016711348888572
增量关税优惠幅度,tariff_relief,414,0.22069616619815832,0.06441923618094839,0.014217078454548998
增量关税优惠幅度,tariff_relief,415,0.2170059548792892,0.06726439519325617,0.014596774308290424
增量关税优惠幅度,tariff_relief,416,0.21634764123056727,0.06716841293675371,0.014531727704067385
增量关税优惠幅度,tariff_relief,417,0.22053343307805823,0.08171853936699697,0.018021670032728292
增量关税优惠幅度,tariff_relief,418,0.2218036428878696,0.06962827432301989,0.015443804892841724
增量关税优惠幅度,tariff_relief,419,0.21604800531016377,0.07557117051111105,0.01632700064787981
增量关税优惠幅度,tariff_relief,420,0.21866763755773902,0.05375940963894342,0.011755443102246502
增量关税优惠幅度,tariff_relief,421,0.2168947479533566,0.0910517900760795,0.019748655059253196
增量关税优惠幅度,tariff_relief,422,0.21636960962699012,0.05791262688440382,0.012530532471451987
增量关税优惠幅度,tariff_relief,423,0.2189158232817062,0.07421258265577707,0.016246308629951106
增量关税优惠幅度,tariff_relief,424,0.21807532288890738,0.08642868545222497,0.01884796348685777
增量关税优惠幅度,tariff_relief,425,0.2170102654685961,0.06763033827615926,0.014676477663040276
增量关税优惠幅度,tariff_relief,426,0.22014492189835247,0.10327110811419456,0.022734610030155675
增量关税优惠幅度,tariff_relief,427,0.21620923447049786,0.0558560578145429,0.01207659550062219
增量关税优惠幅度,tariff_relief,428,0.2223795824097027,0.08119330749931254,0.018055733816159707
增量关税优惠幅度,tariff_relief,429,0.21994892378967607,0.08502016892718323,0.01870009465595041
增量关税优惠幅度,tariff_relief,430,0.2183604535812232,0.055613039909898195,0.012143688619756038
增量关税优惠幅度,tariff_relief,431,0.21929433586834085,0.0569568926359182,0.012490323943718075
增量关税优惠幅度,tariff_relief,432,0.21838398418196908,0.07878526557857272,0.017205440191883258
增量关税优惠幅度,tariff_relief,433,0.21910748824306495,0.08416320229675861,0.018440787857735733
增量关税优惠幅度,tariff_relief,434,0.21635384060006735,0.07670639282755243,0.01659572268681843
增量关税优惠幅度,tariff_relief,435,0.21682159481526447,0.08036569959485455,0.017425019154600818
增量关税优惠幅度,tariff_relief,436,0.21683062728003974,0.05971420773905329,0.012947869121589527
增量关税优惠幅度,tariff_relief,437,0.22063521813970546,0.08445237073569972,0.018633167239686388
增量关税优惠幅度,tariff_relief,438,0.2163749890777314,0.04081671329908568,0.008831715894278558
增量关税优惠幅度,tariff_relief,439,0.21597532793031968,0.06494928098377074,0.014027442259308362
增量关税优惠幅度,tariff_relief,440,0.21625343155038093,0.07654042773076718,0.01655213014911234
增量关税优惠幅度,tariff_relief,441,0.2194671462504353,0.07703897071462872,0.016907523052810423
增量关税优惠幅度,tariff_relief,442,0.21988785982370454,0.048216012627150064,0.010602115825816742
增量关税优惠幅度,tariff_relief,443,0.22026708856218205,0.05848200405411582,0.012881660766281819
增量关税优惠幅度,tariff_relief,444,0.21570420496808695,0.06327130220649331,0.013647885939747206
增量关税优惠幅度,tariff_relief,445,0.21939934026450314,0.06469574414191216,0.014194203582656622
增量关税优惠幅度,tariff_relief,446,0.21655366510829646,0.0962213702970854,0.020837090399576416
增量关税优惠幅度,tariff_relief,447,0.22329696807003582,0.07657832088071194,0.017099706872557293
增量关税优惠幅度,tariff_relief,448,0.2155574779506061,0.07688285621662622,0.016572674583695025
增量关税优惠幅度,tariff_relief,449,0.21817927561776043,0.08551957417989904,0.0186585987457097
增量关税优惠幅度,tariff_relief,450,0.22067526294380307,0.07034664225316113,0.01552376377642998
增量关税优惠幅度,tariff_relief,451,0.21660293302457337,0.08213941846236279,0.017791638955880575
增量关税优惠幅度,tariff_relief,452,0.21803485578555543,0.07947156621174348,0.01732757147802971
增量关税优惠幅度,tariff_relief,453,0.21691075137458665,0.0730262118584031,0.015840170484245967
增量关税优惠幅度,tariff_relief,454,0.21690684385799888,0.07339164458251164,0.015919149991940603
增量关税优惠幅度,tariff_relief,455,0.2195351478600573,0.08912774863947244,0.019566673476000603
增量关税优惠幅度,tariff_relief,456,0.22003943308598634,0.060853028790756034,0.013390065956683163
增量关税优惠幅度,tariff_relief,457,0.2163765077816839,0.07057651538563234,0.01527109993054341
增量关税优惠幅度,tariff_relief,458,0.21513017428023018,0.07570422714120517,0.016286263578637602
增量关税优惠幅度,tariff_relief,459,0.21960049055675207,0.05408708071093023,0.011877549456902921
增量关税优惠幅度,tariff_relief,460,0.21822236587159444,0.07028491824445975,0.015337741144397598
增量关税优惠幅度,tariff_relief,461,0.22229248999050824,0.035625222750993904,0.00791921947178494
增量关税优惠幅度,tariff_relief,462,0.21607233081328456,0.058746859042794496,0.01269357076133609
增量关税优惠幅度,tariff_relief,463,0.21662513406674777,0.047712207547579426,0.010335663356614889
增量关税优惠幅度,tariff_relief,464,0.22090380487290043,0.06499171971663134,0.014356918170636964
增量关税优惠幅度,tariff_relief,465,0.2188074909391542,0.062006659418684835,0.013567521568921102
增量关税优惠幅度,tariff_relief,466,0.21823415413933428,0.0722498872096547,0.0157673930218613
增量关税优惠幅度,tariff_relief,467,0.21780372804955464,0.06241723836618772,0.013594707210713378
增量关税优惠幅度,tariff_relief,468,0.2175807844211934,0.054879938816644984,0.011940820136712717
增量关税优惠幅度,tariff_relief,469,0.22393859715815254,0.0668067791810083,0.014960616410449469
增量关税优惠幅度,tariff_relief,470,0.21803907562041852,0.06161456914850463,0.013434383701890307
增量关税优惠幅度,tariff_relief,471,0.21759902791436175,0.06266297631232624,0.013635402731782868
增量关税优惠幅度,tariff_relief,472,0.21862085610836607,0.04703873631713469,0.010283648803907676
增量关税优惠幅度,tariff_relief,473,0.21906750082126517,0.0773263352236332,0.016939687005108693
增量关税优惠幅度,tariff_relief,474,0.21927131948395567,0.07317197890364271,0.016044516363453908
增量关税优惠幅度,tariff_relief,475,0.2189158823593187,0.05864620015169056,0.012838584653228548
增量关税优惠幅度,tariff_relief,476,0.21862499264837834,0.06626548461427408,0.014487291086636898
增量关税优惠幅度,tariff_relief,477,0.21598042688427618,0.08359849438784979,0.018055638504770564
增量关税优惠幅度,tariff_relief,478,0.21989070836844177,0.08784171933894991,0.019315577889743547
增量关税优惠幅度,tariff_relief,479,0.21844565325454612,0.0624495656276922,0.013641836159003874
增量关税优惠幅度,tariff_relief,480,0.2172454600221992,0.07045313981800866,0.01530562476977161
增量关税优惠幅度,tariff_relief,481,0.21496074141202082,0.07146710759715856,0.01536262243565787
增量关税优惠幅度,tariff_relief,482,0.21781327431269704,0.05499333418169296,0.011978278183486906
增量关税优惠幅度,tariff_relief,483,0.21865960593241093,0.060348094664936326,0.013195690598206808
增量关税优惠幅度,tariff_relief,484,0.21948800717394498,0.08659616784226912,0.019006820308600108
增量关税优惠幅度,tariff_relief,485,0.2183960613769178,0.10028130305574703,0.021901041617120226
增量关税优惠幅度,tariff_relief,486,0.21960844049354122,0.0697924204519912,0.01532700461373132
增量关税优惠幅度,tariff_relief,487,0.2180154554197776,0.07952493764360814,0.017337665497600643
增量关税优惠幅度,tariff_relief,488,0.21632508021710492,0.06894912469057776,0.014915424929588405
增量关税优惠幅度,tariff_relief,489,0.2163278833655941,0.08040116136696795,0.017393013058651756
增量关税优惠幅度,tariff_relief,490,0.21800918199851868,0.07108676740306327,0.015497568012460786
增量关税优惠幅度,tariff_relief,491,0.21924646588053398,0.05528294606368049,0.012120590547926125
增量关税优惠幅度,tariff_relief,492,0.21826168296243573,0.09087098920645693,0.019833655036662623
增量关税优惠幅度,tariff_relief,493,0.2208601622160925,0.06661925286701191,0.014713538994923137
增量关税优惠幅度,tariff_relief,494,0.21689430703348989,0.05846033029254382,0.012679712827750229
增量关税优惠幅度,tariff_relief,495,0.2193134178065423,0.05432345018807432,0.011913861527790032
增量关税优惠幅度,tariff_relief,496,0.22324594379684243,0.07170033195654901,0.016006808278186686
增量关税优惠幅度,tariff_relief,497,0.22039388611733798,0.08871402445543938,0.019552028602842844
增量关税优惠幅度,tariff_relief,498,0.22081583363480387,0.08875971878954786,0.019599551297704774
增量关税优惠幅度,tariff_relief,499,0.21725372636611093,0.07241039555544,0.01573142826206342
增量关税优惠幅度,tariff_relief,500,0.21795194107162216,0.07529140695919274,0.0164099082927695
增量关税优惠幅度,tariff_relief,501,0.21721251627188845,0.05089893380411749,0.011055885487148642
增量关税优惠幅度,tariff_relief,502,0.2170530335735735,0.07841590950648915,0.01702041103881429
增量关税优惠幅度,tariff_relief,503,0.21770527514902138,0.08502038265763981,0.01850938579975656
增量关税优惠幅度,tariff_relief,504,0.2215466563465148,0.060543036519245884,0.013413107305903864
增量关税优惠幅度,tariff_relief,505,0.21868438067679974,0.08067551179547446,0.017642474332777183
增量关税优惠幅度,tariff_relief,506,0.2139535214366262,0.0768544557450869,0.016443281444756687
增量关税优惠幅度,tariff_relief,507,0.22036277894246392,0.05038335101367029,0.011102615241805992
增量关税优惠幅度,tariff_relief,508,0.21839367188978814,0.056175450359327216,0.012268362874035989
增量关税优惠幅度,tariff_relief,509,0.21688736006859788,0.060392514222227946,0.013098372977564271
增量关税优惠幅度,tariff_relief,510,0.21524321916065714,0.07360890003086105,0.015843816601517527
增量关税优惠幅度,tariff_relief,511,0.21814154505354202,0.05392768901434093,0.011763869402755256
增量关税优惠幅度,tariff_relief,512,0.21857928609050972,0.060605152898784445,0.013247031054022489
增量关税优惠幅度,tariff_relief,513,0.22065762454458238,0.06166132029642903,0.013606040462892674
增量关税优惠幅度,tariff_relief,514,0.21788662793905644,0.0607531262945649,0.01323729382507837
增量关税优惠幅度,tariff_relief,515,0.22081693411307737,0.05977382850698285,0.013199073551112819
增量关税优惠幅度,tariff_relief,516,0.21711639260399912,0.0462592022786906,0.010043631123487998
增量关税优惠幅度,tariff_relief,517,0.21823780567683476,0.06370356652783236,0.013902526572822396
增量关税优惠幅度,tariff_relief,518,0.21762152288298717,0.06558527321225814,0.0142727670351484
增量关税优惠幅度,tariff_relief,519,0.2174717326891388,0.0771817096580333,0.01678484013124254
增量关税优惠幅度,tariff_relief,520,0.22086793458082699,0.06837670444036045,0.015102221483186075
增量关税优惠幅度,tariff_relief,521,0.21817406479367915,0.05854915648689518,0.01277390746098713
增量关税优惠幅度,tariff_relief,522,0.21660610511745668,0.07670900801018629,0.01661563945251024
增量关税优惠幅度,tariff_relief,523,0.2193243237257705,0.06627783378336215,0.014536341072544928
增量关税优惠幅度,tariff_relief,524,0.2161471824910253,0.06069878095204179,0.013119870483423748
增量关税优惠幅度,tariff_relief,525,0.22076136202939267,0.0531868812397488,0.011741608344582499
增量关税优惠幅度,tariff_relief,526,0.21517725882783234,0.06403778565517781,0.013779475178685446
增量关税优惠幅度,tariff_relief,527,0.22121122295294052,0.0650376003732626,0.01438704711649404
增量关税优惠幅度,tariff_relief,528,0.22066834084914005,0.0745683645453343,0.01645487728405276
增量关税优惠幅度,tariff_relief,529,0.21821896740552235,0.08052497467936291,0.017572076824886408
增量关税优惠幅度,tariff_relief,530,0.21709620231660084,0.08173128389337665,0.017743551343712038
增量关税优惠幅度,tariff_relief,531,0.21857928056737094,0.040494940721192973,0.008851355009456694
增量关税优惠幅度,tariff_relief,532,0.21783626490148175,0.042689421587930335,0.009299304149519426
增量关税优惠幅度,tariff_relief,533,0.2182228279912617,0.05594570781267074,0.012208630572853832
增量关税优惠幅度,tariff_relief,534,0.21536873665908418,0.06431393245045489,0.013851210381432147
增量关税优惠幅度,tariff_relief,535,0.21922224618327538,0.06247757927929531,0.01369647526570078
增量关税优惠幅度,tariff_relief,536,0.21952280546651504,0.07789311162047538,0.01709931438944316
增量关税优惠幅度,tariff_relief,537,0.22323671494870115,0.05625825669989684,0.012558908414425727
增量关税优惠幅度,tariff_relief,538,0.22205474045561405,0.060601104513344224,0.013456762534034192
增量关税优惠幅度,tariff_relief,539,0.22067532050293986,0.05391412095584381,0.0118975159215651
增量关税优惠幅度,tariff_relief,540,0.21924503930599365,0.058990199744308094,0.012933308661609244
增量关税优惠幅度,tariff_relief,541,0.21942571091252558,0.05627247645800866,0.01234762815160691
增量关税优惠幅度,tariff_relief,542,0.21635798382672053,0.044176727369746725,0.009557987665781104
增量关税优惠幅度,tariff_relief,543,0.2168384229299409,0.07214369387716169,0.015643524804664174
增量关税优惠幅度,tariff_relief,544,0.22091834540788768,0.07373089072625583,0.016288506384694208
增量关税优惠幅度,tariff_relief,545,0.21604595293520432,0.06423854909281246,0.013878478553931572
增量关税优惠幅度,tariff_relief,546,0.21853239633328617,0.06402556917919888,0.013991661059332921
增量关税优惠幅度,tariff_relief,547,0.21967076019465936,0.09207490606424935,0.020226164609985508
增量关税优惠幅度,tariff_relief,548,0.22284342867199514,0.09479763765581743,0.02112503060522779
增量关税优惠幅度,tariff_relief,549,0.21968097325110664,0.06479762872245373,0.014234806142112498
增量关税优惠幅度,tariff_relief,550,0.21679468016110048,0.06471753556936381,0.014030417424574872
增量关税优惠幅度,tariff_relief,551,0.21836619314313635,0.0657298903973963,0.014353185941795023
增量关税优惠幅度,tariff_relief,552,0.21837365395101552,0.07106677104772255,0.015519110468191412
增量关税优惠幅度,tariff_relief,553,0.2177303441240312,0.06721856453562601,0.01463552118786525
增量关税优惠幅度,tariff_relief,554,0.22205220772484757,0.08082831655894787,0.01794810613859723
增量关税优惠幅度,tariff_relief,555,0.21817669641492382,0.0650325014680539,0.014188576329898683
增量关税优惠幅度,tariff_relief,556,0.21628273097061787,0.04984420632198766,0.010780441066382427
增量关税优惠幅度,tariff_relief,557,0.21804682937140452,0.06632170608265228,0.014461237729824524
增量关税优惠幅度,tariff_relief,558,0.21541307131446596,0.06775056920639033,0.014594358196051822
增量关税优惠幅度,tariff_relief,559,0.21702731023582653,0.10391829027693338,0.022553107023108695
增量关税优惠幅度,tariff_relief,560,0.22100893518424908,0.08419270970776166,0.018607341122788994
增量关税优惠幅度,tariff_relief,561,0.2159057976005628,0.0613798864309127,0.01325227333649817
增量关税优惠幅度,tariff_relief,562,0.22048104420763268,0.0746107949936299,0.016450265989357133
增量关税优惠幅度,tariff_relief,563,0.21512427189084907,0.09096605940255766,0.01956900729575494
增量关税优惠幅度,tariff_relief,564,0.2222774658069463,0.05401579700041827,0.012006494470795423
增量关税优惠幅度,tariff_relief,565,0.22370738050664724,0.08865399018369206,0.01983255191545577
增量关税优惠幅度,tariff_relief,566,0.21981736912050875,0.05550857355995808,0.012201748603582217
增量关税优惠幅度,tariff_relief,567,0.2209365958209377,0.05940844187077455,0.013125498909954987
增量关税优惠幅度,tariff_relief,568,0.21792798172417024,0.08755816231724282,0.019081373597274028
增量关税优惠幅度,tariff_relief,569,0.2186133316078928,0.0923683996522109,0.020192963583259154
增量关税优惠幅度,tariff_relief,570,0.21804239824671093,0.0615833413858121,0.013427779447808395
增量关税优惠幅度,tariff_relief,571,0.22221430265555367,0.05501964175691796,0.012226151325371906
增量关税优惠幅度,tariff_relief,572,0.2183809420695688,0.0495187619564268,0.010813953886163208
增量关税优惠幅度,tariff_relief,573,0.21896123981343094,0.06482376931597733,0.014193892898806237
增量关税优惠幅度,tariff_relief,574,0.21808107294983095,0.041441618989832535,0.009037632734080769
增量关税优惠幅度,tariff_relief,575,0.21722052925678187,0.07891525140093762,0.017142012675743667
增量关税优惠幅度,tariff_relief,576,0.21615212783942425,0.05476174142991156,0.01183686693426774
增量关税优惠幅度,tariff_relief,577,0.21677837654363516,0.06154703210483707,0.013342065700765572
增量关税优惠幅度,tariff_relief,578,0.21798737967250886,0.07983283258638164,0.017402549987339415
增量关税优惠幅度,tariff_relief,579,0.21743129775693432,0.0568166967740983,0.012353728113854417
增量关税优惠幅度,tariff_relief,580,0.21733062337026107,0.06008040339209024,0.01305731152153972
增量关税优惠幅度,tariff_relief,581,0.21839120893505726,0.05725952576285141,0.012504977054397176
增量关税优惠幅度,tariff_relief,582,0.2205680139065864,0.08036207357675326,0.017725302962239432
增量关税优惠幅度,tariff_relief,583,0.21794888713274016,0.05900413206367246,0.012859884919510643
增量关税优惠幅度,tariff_relief,584,0.21961457834427586,0.084421139979507,0.018540113059942517
增量关税优惠幅度,tariff_relief,585,0.21720208754110235,0.04263858640411627,0.009261189976775717
增量关税优惠幅度,tariff_relief,586,0.21945485586320793,0.04181001047109975,0.00917540982157441
增量关税优惠幅度,tariff_relief,587,0.216648580405364,0.0877001030836257,0.019000102834471594
增量关税优惠幅度,tariff_relief,588,0.21785840516952615,0.06743181869211223,0.014690588477944213
增量关税优惠幅度,tariff_relief,589,0.22063813895877035,0.06158952732149323,0.013588998687564607
增量关税优惠幅度,tariff_relief,590,0.22047914743221453,0.08205640109672714,0.018091725355162232
增量关税优惠幅度,tariff_relief,591,0.21827187501672637,0.08940434123570637,0.019514453196152855
增量关税优惠幅度,tariff_relief,592,0.21771260390851885,0.054647878203719885,0.011897531861807448
增量关税优惠幅度,tariff_relief,593,0.21881094571189375,0.08157925746820982,0.01785043447709306
增量关税优惠幅度,tariff_relief,594,0.21778707457176846,0.07924775416046007,0.01725913654498929
增量关税优惠幅度,tariff_relief,595,0.21535291700624853,0.03908401594202212,0.008416856841433184
增量关税优惠幅度,tariff_relief,596,0.2175157551649742,0.11467903533178175,0.024944496971783265
增量关税优惠幅度,tariff_relief,597,0.21865153772364102,0.07242198130665785,0.015835177577693524
增量关税优惠幅度,tariff_relief,598,0.22121597170324508,0.0649472870852926,0.014367377222062622
增量关税优惠幅度,tariff_relief,599,0.21711888953238323,0.0841468892075447,0.01826987914234659
增量关税优惠幅度,tariff_relief,600,0.22088778952395255,0.07567622828761396,0.016715954785961055
增量关税优惠幅度,tariff_relief,601,0.2174336902585346,0.06728479658114947,0.014629981618934161
增量关税优惠幅度,tariff_relief,602,0.21820423015320425,0.07852202336880394,0.01713383765926178
增量关税优惠幅度,tariff_relief,603,0.21924549096084991,0.023678664094956555,0.005191440334795799
增量关税优惠幅度,tariff_relief,604,0.21742286244925269,0.0632321299599789,0.013748110694661761
增量关税优惠幅度,tariff_relief,605,0.22210485878684053,0.06591914899391864,0.014640963278643
增量关税优惠幅度,tariff_relief,606,0.21869369409189576,0.056478392695426774,0.012351468334935624
增量关税优惠幅度,tariff_relief,607,0.21513034639085848,0.057277279791412124,0.012322081041852609
增量关税优惠幅度,tariff_relief,608,0.22105519681734787,0.04484026076555437,0.009912172668870822
增量关税优惠幅度,tariff_relief,609,0.21866085379574982,0.08545844728547715,0.01868641704750151
增量关税优惠幅度,tariff_relief,610,0.21763251889194862,0.05206650514550205,0.011331364664716214
增量关税优惠幅度,tariff_relief,611,0.2177244992888948,0.06989197456642544,0.015217195166787151
增量关税优惠幅度,tariff_relief,612,0.21730034175704493,0.07612437872239519,0.016541853512419196
增量关税优惠幅度,tariff_relief,613,0.22013394602686312,0.08048862746727863,0.017718279174658205
增量关税优惠幅度,tariff_relief,614,0.2206777565317211,0.07084179864670226,0.01563320919402617
增量关税优惠幅度,tariff_relief,615,0.216233935835563,0.07890191070887985,0.017061270697527248
增量关税优惠幅度,tariff_relief,616,0.21977356404387313,0.05219759729933797,0.011471651993002352
增量关税优惠幅度,tariff_relief,617,0.2191272895745495,0.07921121098090145,0.017357337966162727
增量关税优惠幅度,tariff_relief,618,0.22198638233627271,0.07201784596688138,0.015986981089838925
增量关税优惠幅度,tariff_relief,619,0.21959184158201084,0.06934259875935558,0.015227068961649352
增量关税优惠幅度,tariff_relief,620,0.21844694104547976,0.07707713831259205,0.016837265088925087
增量关税优惠幅度,tariff_relief,621,0.21841063012479456,0.050876502802380284,0.011111969035613754
增量关税优惠幅度,tariff_relief,622,0.21817960744619289,0.04198349721501967,0.009159942941591325
增量关税优惠幅度,tariff_relief,623,0.21863182924530541,0.05696400066476866,0.012454143666469165
增量关税优惠幅度,tariff_relief,624,0.22008419195747111,0.06804903986470649,0.014976517952105669
增量关税优惠幅度,tariff_relief,625,0.21867875250625565,0.08284882512852718,0.01811727772571525
增量关税优惠幅度,tariff_relief,626,0.21978488722224823,0.10471710429085122,0.023015236956805143
增量关税优惠幅度,tariff_relief,627,0.22046298820082177,0.06989003855841847,0.015408166746059588
增量关税优惠幅度,tariff_relief,628,0.22013600620007004,0.08104702972378498,0.01784136943777239
增量关税优惠幅度,tariff_relief,629,0.21782161626010868,0.054909236899927244,0.01196041872915135
增量关税优惠幅度,tariff_relief,630,0.22013266029470913,0.0878875293057973,0.01934691563281437
增量关税优惠幅度,tariff_relief,631,0.21716521353621376,0.08853662686746454,0.01922707547944902
增量关税优惠幅度,tariff_relief,632,0.2193654376559004,0.03573009184016697,0.007837947234003743
增量关税优惠幅度,tariff_relief,633,0.21635412734879447,0.07335874333711366,0.015871466898105417
增量关税优惠幅度,tariff_relief,634,0.21533866702849308,0.08197522476839815,0.017652435630987968
增量关税优惠幅度,tariff_relief,635,0.21795879735447893,0.058752806255455745,0.01280569099263984
增量关税优惠幅度,tariff_relief,636,0.21528611731003117,0.06347238739769503,0.013664723839247918
增量关税优惠幅度,tariff_relief,637,0.2204103058090508,0.07139206923148542,0.015735547811652626
增量关税优惠幅度,tariff_relief,638,0.21516837164605856,0.05725849970242631,0.012320218143867398
增量关税优惠幅度,tariff_relief,639,0.21814255083888623,0.06434211499807936,0.01403575309204999
增量关税优惠幅度,tariff_relief,640,0.22033877612722608,0.06203677403206557,0.013669106865106608
增量关税优惠幅度,tariff_relief,641,0.21428799022373754,0.0661165137912754,0.01416797486093243
增量关税优惠幅度,tariff_relief,642,0.22183767563846915,0.046977189907123504,0.01042131061702323
增量关税优惠幅度,tariff_relief,643,0.21737976388072883,0.07667860223395773,0.016668376448322055
增量关税优惠幅度,tariff_relief,644,0.21743545159654012,0.043840868514682815,0.009532559043874594
增量关税优惠幅度,tariff_relief,645,0.22161632960295516,0.06743540162845633,0.014944786194199639
增量关税优惠幅度,tariff_relief,646,0.21814942492637754,0.09057071879614309,0.019757950220547268
增量关税优惠幅度,tariff_relief,647,0.21659963912174052,0.09528661997681744,0.020639047500109087
增量关税优惠幅度,tariff_relief,648,0.2225874197335718,0.08457086923152331,0.018824411566870092
增量关税优惠幅度,tariff_relief,649,0.22038723409579455,0.057339273292670884,0.012636843846034598
增量关税优惠幅度,tariff_relief,650,0.2182693885986552,0.05225099445614165,0.01140479261361376
增量关税优惠幅度,tariff_relief,651,0.22174966898590026,0.08017354035826395,0.017778456035872747
增量关税优惠幅度,tariff_relief,652,0.21494322225817203,0.03337794942768016,0.007174364002355882
增量关税优惠幅度,tariff_relief,653,0.22008984440386387,0.06821246869667216,0.015012871621854012
增量关税优惠幅度,tariff_relief,654,0.21783113667371268,0.0682350972680725,0.01486372879894558
增量关税优惠幅度,tariff_relief,655,0.22273453156909992,0.07006317798372162,0.01560548912844671
增量关税优惠幅度,tariff_relief,656,0.21781610211860952,0.07492671887452508,0.016320245849785902
增量关税优惠幅度,tariff_relief,657,0.21968392908850107,0.0700028114363851,0.015378492663586537
增量关税优惠幅度,tariff_relief,658,0.21826363218300016,0.06963918786042944,0.01519970208469162
增量关税优惠幅度,tariff_relief,659,0.2193020512590058,0.057592090130152464,0.012630063501835978
增量关税优惠幅度,tariff_relief,660,0.21839171242595048,0.08080143044594405,0.017646362761556053
增量关税优惠幅度,tariff_relief,661,0.21578772158252624,0.06439947822444955,0.013896616677157482
增量关税优惠幅度,tariff_relief,662,0.22125988626872564,0.07528527281722273,0.016657610901248683
增量关税优惠幅度,tariff_relief,663,0.2164398891267188,0.08879453353535909,0.019218678993451834
增量关税优惠幅度,tariff_relief,664,0.21899515924657204,0.07263245418349829,0.015906155870384554
增量关税优惠幅度,tariff_relief,665,0.21875116871651853,0.05650872087756259,0.012361348734642348
增量关税优惠幅度,tariff_relief,666,0.21650538741383096,0.055521154722656015,0.012020629112891892
增量关税优惠幅度,tariff_relief,667,0.21492616482588883,0.07569092436969202,0.01626796008690431
增量关税优惠幅度,tariff_relief,668,0.21699529176666726,0.07471352657117356,0.016212483497228453
增量关税优惠幅度,tariff_relief,669,0.2177519250908744,0.06670349819618704,0.014524815142515395
增量关税优惠幅度,tariff_relief,670,0.21989518896330848,0.07531566872672771,0.016561553206561733
增量关税优惠幅度,tariff_relief,671,0.21924008188348934,0.07706688864349376,0.016896150976705326
增量关税优惠幅度,tariff_relief,672,0.22000566552095563,0.09141852967823405,0.020112594462807117
增量关税优惠幅度,tariff_relief,673,0.2231391915603164,0.06963934393136295,0.015539266905635155
增量关税优惠幅度,tariff_relief,674,0.21696272365712102,0.08138327545882396,0.017657137103684183
增量关税优惠幅度,tariff_relief,675,0.21599514698970101,0.05760852150763843,0.012443161070901715
增量关税优惠幅度,tariff_relief,676,0.2201424154168692,0.07018436942036713,0.015450556608709472
增量关税优惠幅度,tariff_relief,677,0.2186932003184109,0.06506788575539534,0.014229904173800148
增量关税优惠幅度,tariff_relief,678,0.21851639572144965,0.07499643536952673,0.016387950748905627
增量关税优惠幅度,tariff_relief,679,0.21989123248096829,0.07277631923159913,0.016002874531264727
增量关税优惠幅度,tariff_relief,680,0.2197372543937907,0.08277663587070538,0.01818911069418337
增量关税优惠幅度,tariff_relief,681,0.2238459560965531,0.06643884881431557,0.014872067634794813
增量关税优惠幅度,tariff_relief,682,0.22022135677520366,0.11036498579942922,0.024304726913226386
增量关税优惠幅度,tariff_relief,683,0.21466380092328693,0.07595578341763844,0.016304957170536236
增量关税优惠幅度,tariff_relief,684,0.21614753949486162,0.06359666545281688,0.013746262757704238
增量关税优惠幅度,tariff_relief,685,0.21852791738099667,0.061238617545930386,0.013382347555603528
增量关税优惠幅度,tariff_relief,686,0.21816406970634075,0.05172283837520015,0.011284064916696961
增量关税优惠幅度,tariff_relief,687,0.2202102007851363,0.08260458897142925,0.01819037312317209
增量关税优惠幅度,tariff_relief,688,0.2191195289953747,0.045720141619008704,0.010018175897159016
增量关税优惠幅度,tariff_relief,689,0.21626108836069066,0.06997035283232995,0.015131864656501211
增量关税优惠幅度,tariff_relief,690,0.21663026307643374,0.0625498658341616,0.01355019389105006
增量关税优惠幅度,tariff_relief,691,0.21967037552144403,0.05967053659890975,0.013107849182248575
增量关税优惠幅度,tariff_relief,692,0.22009234564138588,0.05341076516306254,0.011755300587239653
增量关税优惠幅度,tariff_relief,693,0.22009877195706648,0.06930117723714041,0.015253104005073613
增量关税优惠幅度,tariff_relief,694,0.2173886284385749,0.04916078986936435,0.010686996682658103
增量关税优惠幅度,tariff_relief,695,0.22068190509814564,0.07805318868074723,0.017224926377052318
增量关税优惠幅度,tariff_relief,696,0.2144886585981191,0.0907632338385475,0.019467684276057464
增量关税优惠幅度,tariff_relief,697,0.21951919128321018,0.06881433663455466,0.015106067526708023
增量关税优惠幅度,tariff_relief,698,0.21636342237717118,0.0585015281544541,0.012657590845792124
增量关税优惠幅度,tariff_relief,699,0.21990245222061458,0.08185476924281399,0.018000064482447335
增量关税优惠幅度,tariff_relief,700,0.22093607076173383,0.04901864729016783,0.010829987326344992
增量关税优惠幅度,tariff_relief,701,0.21991268374870585,0.08333011695600707,0.018325349656889055
增量关税优惠幅度,tariff_relief,702,0.21765437983125518,0.07212657837046471,0.015698665684573922
增量关税优惠幅度,tariff_relief,703,0.22057309439769052,0.06605545950624905,0.014570057105154697
增量关税优惠幅度,tariff_relief,704,0.22085585026432028,0.07042001219846172,0.01555267166971507
增量关税优惠幅度,tariff_relief,705,0.21384265351539453,0.07867912286120272,0.016824952408903332
增量关税优惠幅度,tariff_relief,706,0.21851654950066876,0.06811658861643671,0.014884601908220283
增量关税优惠幅度,tariff_relief,707,0.21674860197590862,0.062469059812069634,0.01354008138101551
增量关税优惠幅度,tariff_relief,708,0.21801253037118,0.08345864903132719,0.018195031256679872
增量关税优惠幅度,tariff_relief,709,0.21511244251362546,0.07541431411445647,0.01622255730965051
增量关税优惠幅度,tariff_relief,710,0.21898267645188924,0.0821493717477163,0.01798928929415613
增量关税优惠幅度,tariff_relief,711,0.21935837955444942,0.056616620216116624,0.012419330066457025
增量关税优惠幅度,tariff_relief,712,0.21961935650607883,0.05483942557620017,0.012043799356208083
增量关税优惠幅度,tariff_relief,713,0.2181524554345586,0.0723766578650948,0.015789145629417387
增量关税优惠幅度,tariff_relief,714,0.21676278622373318,0.07344594896903109,0.015920348535373302
增量关税优惠幅度,tariff_relief,715,0.21910276963474662,0.07090713619746392,0.01553594992773254
增量关税优惠幅度,tariff_relief,716,0.2175880606781494,0.07345114006763502,0.015982091121915818
增量关税优惠幅度,tariff_relief,717,0.2186725173058685,0.07234841779783226,0.01582061064294868
增量关税优惠幅度,tariff_relief,718,0.21807557840355807,0.06054372938325602,0.013203108803962051
增量关税优惠幅度,tariff_relief,719,0.2210803148500013,0.06953175146284837,0.015372101505478556
增量关税优惠幅度,tariff_relief,720,0.21556106172974362,0.0641549549303619,0.013829310200012662
增量关税优惠幅度,tariff_relief,721,0.21648542684468072,0.06615945235530041,0.014322557282947526
增量关税优惠幅度,tariff_relief,722,0.21765735846362114,0.05852172602063749,0.012737684298383718
增量关税优惠幅度,tariff_relief,723,0.21830004443265552,0.07061580003493322,0.015415432285273438
增量关税优惠幅度,tariff_relief,724,0.2179342017399706,0.09916507075629759,0.021611460535761417
增量关税优惠幅度,tariff_relief,725,0.22007224941230938,0.07930474454606176,0.017452773521320387
增量关税优惠幅度,tariff_relief,726,0.2162577740038851,0.06720907369773214,0.014534484670734616
增量关税优惠幅度,tariff_relief,727,0.22206345455388551,0.05848994349620544,0.012988478909428948
增量关税优惠幅度,tariff_relief,728,0.21558223484591593,0.06330966974416156,0.013648440090803217
增量关税优惠幅度,tariff_relief,729,0.21445750850718814,0.031588068735604054,0.00677429851959145
增量关税优惠幅度,tariff_relief,730,0.21902463900750146,0.07293283200376036,0.015974087201418363
增量关税优惠幅度,tariff_relief,731,0.2195085315438186,0.08696211556985943,0.019088926288683687
增量关税优惠幅度,tariff_relief,732,0.21877955532787832,0.07924444155655466,0.01733706368594907
增量关税优惠幅度,tariff_relief,733,0.2188118315020131,0.05344180026270418,0.011693698194247067
增量关税优惠幅度,tariff_relief,734,0.21871202184803826,0.03989547052723605,0.008725619021590617
增量关税优惠幅度,tariff_relief,735,0.21801992662709263,0.07256860018169763,0.015821400887044538
增量关税优惠幅度,tariff_relief,736,0.21657750358207487,0.03345226358357381,0.0072450077360999695
增量关税优惠幅度,tariff_relief,737,0.2211056754876931,0.0670299377713542,0.014820699668833304
增量关税优惠幅度,tariff_relief,738,0.2187833998466031,0.08497946592159132,0.018592096471474296
增量关税优惠幅度,tariff_relief,739,0.21955132599136926,0.06182525263831615,0.013573816196493711
增量关税优惠幅度,tariff_relief,740,0.2163062269594224,0.0721472885614629,0.015605907774082732
增量关税优惠幅度,tariff_relief,741,0.21762063597060494,0.06718495931842747,0.014620833574535405
增量关税优惠幅度,tariff_relief,742,0.2183291112291978,0.08517687559209766,0.018596591545302632
增量关税优惠幅度,tariff_relief,743,0.21871110774105154,0.05735365904412534,0.012543882302543231
增量关税优惠幅度,tariff_relief,744,0.21860943825326792,0.08816061572877415,0.019272742680529534
增量关税优惠幅度,tariff_relief,745,0.21599220054029122,0.019694724377926538,0.004253906857422871
增量关税优惠幅度,tariff_relief,746,0.21618245691431262,0.05683697845342374,0.012287157645646992
增量关税优惠幅度,tariff_relief,747,0.2168491032760678,0.06709748597247046,0.014550029665208757
增量关税优惠幅度,tariff_relief,748,0.21901718868152517,0.0670855389402426,0.01469288613987692
增量关税优惠幅度,tariff_relief,749,0.2159324557875933,0.06445145273466985,0.013917160468075255
增量关税优惠幅度,tariff_relief,750,0.21919876345220393,0.08496388765267872,0.018623979111559153
增量关税优惠幅度,tariff_relief,751,0.21535665757275885,0.07453535123507013,0.016051684112996307
增量关税优惠幅度,tariff_relief,752,0.21904943939993504,0.06824352751664348,0.014948706445194795
增量关税优惠幅度,tariff_relief,753,0.217261694987028,0.06539559881690671,0.014207958643652834
增量关税优惠幅度,tariff_relief,754,0.2130774132739448,0.0764307820650171,0.01628567333691846
增量关税优惠幅度,tariff_relief,755,0.21770079430618233,0.06445728301947341,0.014032401712157761
增量关税优惠幅度,tariff_relief,756,0.2198995801876745,0.07174846480938316,0.015777457290693492
增量关税优惠幅度,tariff_relief,757,0.21402066550247348,0.07506834577718362,0.01606617732140263
增量关税优惠幅度,tariff_relief,758,0.21762075341242115,0.05022419406980155,0.010929826953001869
增量关税优惠幅度,tariff_relief,759,0.21909729067082317,0.07413969778438118,0.016243806915711548
增量关税优惠幅度,tariff_relief,760,0.2199322785452582,0.07832285720437887,0.01722572444713394
增量关税优惠幅度,tariff_relief,761,0.21856584974482388,0.06571964045468302,0.014364069060902098
增量关税优惠幅度,tariff_relief,762,0.21627958547206833,0.09185769976004497,0.019866945226520237
增量关税优惠幅度,tariff_relief,763,0.21857358424626697,0.07968326228381627,0.017416656241809103
增量关税优惠幅度,tariff_relief,764,0.22121699927490646,0.084485504390621,0.01868962976352011
增量关税优惠幅度,tariff_relief,765,0.21917115081069444,0.09772038286387887,0.021417488769937994
增量关税优惠幅度,tariff_relief,766,0.21587743741020832,0.07892971482806174,0.01703914457260049
增量关税优惠幅度,tariff_relief,767,0.21743789246241935,0.05394324005245816,0.01172930442960087
增量关税优惠幅度,tariff_relief,768,0.21859943647895902,0.058914438311594014,0.012878663015388845
增量关税优惠幅度,tariff_relief,769,0.22007336316316353,0.07288795048138902,0.016040696396509405
增量关税优惠幅度,tariff_relief,770,0.2191266789792854,0.07046772366135436,0.015441358261142589
增量关税优惠幅度,tariff_relief,771,0.2168597960930594,0.05424570487832851,0.011763712498838598
增量关税优惠幅度,tariff_relief,772,0.21781953058420056,0.055462757354352465,0.012080871771830471
增量关税优惠幅度,tariff_relief,773,0.220278089524753,0.06281560069413077,0.013836900513252873
增量关税优惠幅度,tariff_relief,774,0.2138005634376876,0.04584293678892457,0.00980124571511037
增量关税优惠幅度,tariff_relief,775,0.21501987705350092,0.08566977498174931,0.018420704483776827
增量关税优惠幅度,tariff_relief,776,0.22072552488652444,0.06847771714635204,0.015114780060159507
增量关税优惠幅度,tariff_relief,777,0.21882767061777897,0.08199271663641138,0.017942275189169514
增量关税优惠幅度,tariff_relief,778,0.21731144296222904,0.045370629293450364,0.009859556919864077
增量关税优惠幅度,tariff_relief,779,0.21965138583065794,0.0737640063002087,0.016202366208262223
增量关税优惠幅度,tariff_relief,780,0.218023858552055,0.07795049737293297,0.016995068213298672
增量关税优惠幅度,tariff_relief,781,0.21562292165910293,0.07976858632251078,0.01719993563947613
增量关税优惠幅度,tariff_relief,782,0.2136151508871811,0.056718798843430285,0.012115994773079035
增量关税优惠幅度,tariff_relief,783,0.21905997556898976,0.056317259559443326,0.01233685750320411
增量关税优惠幅度,tariff_relief,784,0.21915360710503395,0.07696192980525775,0.016866484526586657
增量关税优惠幅度,tariff_relief,785,0.21910991139112745,0.056192571632282765,0.012312349391189059
增量关税优惠幅度,tariff_relief,786,0.2205251506709574,0.08294959216841383,0.01829247131103393
增量关税优惠幅度,tariff_relief,787,0.21880850008178437,0.059324079477708104,0.012980612849249876
增量关税优惠幅度,tariff_relief,788,0.2188136777466742,0.0817318804617035,0.017884053352976888
增量关税优惠幅度,tariff_relief,789,0.21657630863483762,0.06283528205047575,0.013608633438520909
增量关税优惠幅度,tariff_relief,790,0.21774751283426905,0.0641863243410712,0.013976412483241957
增量关税优惠幅度,tariff_relief,791,0.21670109455565237,0.05967373326524529,0.012931363314800697
增量关税优惠幅度,tariff_relief,792,0.21769081419381256,0.06904299697272495,0.01503002622537343
增量关税优惠幅度,tariff_relief,793,0.22140461922219734,0.0921995863822049,0.02041341431539617
增量关税优惠幅度,tariff_relief,794,0.2147000248659564,0.07032645216700216,0.015099091028989858
增量关税优惠幅度,tariff_relief,795,0.2205317725572788,0.0772902099642017,0.017044947004729652
增量关税优惠幅度,tariff_relief,796,0.22028536395158244,0.05196505537825822,0.011447141136763749
增量关税优惠幅度,tariff_relief,797,0.21880533548248976,0.05108850428318851,0.011178437318981676
增量关税优惠幅度,tariff_relief,798,0.21675658595989838,0.06901145606393644,0.01495868760854039
增量关税优惠幅度,tariff_relief,799,0.21985852050810115,0.03643467235625044,0.008010473159442633
增量关税优惠幅度,tariff_relief,800,0.22037568351351228,0.07099592324142448,0.01564577511100177
增量关税优惠幅度,tariff_relief,801,0.2201476911445772,0.08565594238025886,0.01885695794782693
增量关税优惠幅度,tariff_relief,802,0.22167458554002276,0.04390132109763332,0.009731807158977323
增量关税优惠幅度,tariff_relief,803,0.21886441298496853,0.06679787054420008,0.014619676725302271
增量关税优惠幅度,tariff_relief,804,0.2206313235856144,0.08490424042604532,0.018732534943229608
增量关税优惠幅度,tariff_relief,805,0.21753345490980797,0.06829059860431691,0.014855489852255967
增量关税优惠幅度,tariff_relief,806,0.21885538383361747,0.06483527106909595,0.014189548135783629
增量关税优惠幅度,tariff_relief,807,0.22112489192442672,0.07382131566670586,0.01632373044851932
增量关税优惠幅度,tariff_relief,808,0.21750945795695645,0.08228136359242019,0.017896974794946566
增量关税优惠幅度,tariff_relief,809,0.21968376771944484,0.07539903140648725,0.01656394330177387
增量关税优惠幅度,tariff_relief,810,0.2187642061803796,0.047400542784392,0.010369542114746635
增量关税优惠幅度,tariff_relief,811,0.21670777350269263,0.060237993370455156,0.013054041423581296
增量关税优惠幅度,tariff_relief,812,0.21328718111804154,0.07999821217778164,0.01706259316988203
增量关税优惠幅度,tariff_relief,813,0.21878309039944752,0.06152766556115914,0.013461212816534054
增量关税优惠幅度,tariff_relief,814,0.2174593586742097,0.06297802374927229,0.0136951606550859
增量关税优惠幅度,tariff_relief,815,0.21810288490312832,0.05460195616163897,0.011908844160207602
增量关税优惠幅度,tariff_relief,816,0.218657122883402,0.06620435371125899,0.014476053504858968
增量关税优惠幅度,tariff_relief,817,0.21828684918372077,0.07073234686749125,0.015439941133074685
增量关税优惠幅度,tariff_relief,818,0.2154445924500706,0.11016164551823109,0.023733730822304445
增量关税优惠幅度,tariff_relief,819,0.21903536981759275,0.053024721359662,0.011614289452488375
增量关税优惠幅度,tariff_relief,820,0.22129595193491586,0.07951955171003264,0.01759735489310944
增量关税优惠幅度,tariff_relief,821,0.21825265555023984,0.050681754752884695,0.011061427562763074
增量关税优惠幅度,tariff_relief,822,0.2206748008258305,0.037711987578059276,0.008322085347534425
增量关税优惠幅度,tariff_relief,823,0.21473151837327886,0.0844334749559506,0.01813052827882349
增量关税优惠幅度,tariff_relief,824,0.2194100984355838,0.06624822548685304,0.014535529675253176
增量关税优惠幅度,tariff_relief,825,0.21992293092516207,0.03347529779771235,0.007361985605265523
增量关税优惠幅度,tariff_relief,826,0.21843985825098466,0.08040491261438565,0.01756363771416921
增量关税优惠幅度,tariff_relief,827,0.2160012981871516,0.08682644483772316,0.01875462480192331
增量关税优惠幅度,tariff_relief,828,0.21551468777559127,0.05403237281922395,0.011644769957909393
增量关税优惠幅度,tariff_relief,829,0.22217439544158002,0.06706371997020676,0.014899841440444104
增量关税优惠幅度,tariff_relief,830,0.22026455518643528,0.06009791220855006,0.013237439900249719
增量关税优惠幅度,tariff_relief,831,0.2171109703037653,0.06705332209113139,0.014558011821296438
增量关税优惠幅度,tariff_relief,832,0.2184437494301009,0.04998450805236881,0.010918803352378513
增量关税优惠幅度,tariff_relief,833,0.21592841901750984,0.06814980714282436,0.014715480112698262
增量关税优惠幅度,tariff_relief,834,0.22382290847774164,0.05659537330347655,0.012667341059167654
增量关税优惠幅度,tariff_relief,835,0.2172123692531433,0.08189254273106528,0.017788073230778967
增量关税优惠幅度,tariff_relief,836,0.21863701850947376,0.08758680895393683,0.01914971877044763
增量关税优惠幅度,tariff_relief,837,0.22123908138505366,0.03425863764790569,0.00757934952272607
增量关税优惠幅度,tariff_relief,838,0.21892729941132355,0.06410430998341464,0.014034183465295315
增量关税优惠幅度,tariff_relief,839,0.2169851557530941,0.07229041662603153,0.015685947311055513
增量关税优惠幅度,tariff_relief,840,0.21825678085784833,0.0695307957856269,0.015175567658655376
增量关税优惠幅度,tariff_relief,841,0.22031648803497716,0.07728715124762264,0.017027633733104324
增量关税优惠幅度,tariff_relief,842,0.21787720632712482,0.056122975338433176,0.012227917077503942
增量关税优惠幅度,tariff_relief,843,0.21984817279820684,0.08815151316605496,0.01937994909895426
增量关税优惠幅度,tariff_relief,844,0.2185661440097102,0.07772274035450935,0.016987559661153003
增量关税优惠幅度,tariff_relief,845,0.2179192844250884,0.07490241245206782,0.01632268012326745
增量关税优惠幅度,tariff_relief,846,0.21916476375483535,0.08166538857288776,0.017898175593523774
增量关税优惠幅度,tariff_relief,847,0.22180884897457698,0.05687513117538757,0.012615407381290796
增量关税优惠幅度,tariff_relief,848,0.21802782925123473,0.04143890350502472,0.009034834177751923
增量关税优惠幅度,tariff_relief,849,0.2172572089920618,0.06310791170998423,0.013710648763428628
增量关税优惠幅度,tariff_relief,850,0.22012040704624045,0.06343711623707769,0.013963803847945211
增量关税优惠幅度,tariff_relief,851,0.2157417340069751,0.07005474875920283,0.015113732972733405
增量关税优惠幅度,tariff_relief,852,0.2179511191845205,0.06997919997293583,0.015252044953738733
增量关税优惠幅度,tariff_relief,853,0.22007070159392836,0.05954942743041244,0.013105084274127588
增量关税优惠幅度,tariff_relief,854,0.21773553934900147,0.07013036170681115,0.015269872130973085
增量关税优惠幅度,tariff_relief,855,0.2191192613371337,0.05196502117920288,0.011386537056155444
增量关税优惠幅度,tariff_relief,856,0.214888291914755,0.04397928833256805,0.009450634149412062
增量关税优惠幅度,tariff_relief,857,0.2179332083854927,0.09381603159893617,0.020445628764350927
增量关税优惠幅度,tariff_relief,858,0.21852710047387827,0.0653050601005607,0.014270925430047886
增量关税优惠幅度,tariff_relief,859,0.21964034679633768,0.062294873727190836,0.01368246766907426
增量关税优惠幅度,tariff_relief,860,0.2194029942783987,0.06457604691233484,0.014168178051228608
增量关税优惠幅度,tariff_relief,861,0.2201768328142944,0.029325354650845403,0.006456763708179079
增量关税优惠幅度,tariff_relief,862,0.21891568830293115,0.08057333745129142,0.0176387676270138
增量关税优惠幅度,tariff_relief,863,0.21611657164959738,0.08100643654854904,0.017506833348423064
增量关税优惠幅度,tariff_relief,864,0.2211725524723041,0.06700444872086243,0.014819544950592756
增量关税优惠幅度,tariff_relief,865,0.216678609893111,0.084172926363502,0.018238472675078807
增量关税优惠幅度,tariff_relief,866,0.22033294020225477,0.08236817300024643,0.018148421736232274
增量关税优惠幅度,tariff_relief,867,0.2142237122324794,0.05727128927003836,0.012268868191767784
增量关税优惠幅度,tariff_relief,868,0.21828569271678142,0.06537427215176862,0.014270268282504207
增量关税优惠幅度,tariff_relief,869,0.21710701378450004,0.08266220741026853,0.01794654500367837
增量关税优惠幅度,tariff_relief,870,0.21792552829718645,0.08249685396486517,0.01797817048314908
增量关税优惠幅度,tariff_relief,871,0.21778475963295787,0.04819801075292184,0.010496792186611802
增量关税优惠幅度,tariff_relief,872,0.21737795302183682,0.07056810115417073,0.015339949377531553
增量关税优惠幅度,tariff_relief,873,0.22011589637397586,0.09122638542628207,0.020080377601063886
增量关税优惠幅度,tariff_relief,874,0.22002572176087715,0.10217048634998135,0.022480135001814495
增量关税优惠幅度,tariff_relief,875,0.21849740298564552,0.07104174276180039,0.015522436297027665
增量关税优惠幅度,tariff_relief,876,0.22006899219464515,0.06729648571746386,0.014809869790083603
增量关税优惠幅度,tariff_relief,877,0.21859782905187056,0.06791169343603651,0.014845348752353748
增量关税优惠幅度,tariff_relief,878,0.2177203888271356,0.08814297437638476,0.01919052265360674
增量关税优惠幅度,tariff_relief,879,0.21681690575233234,0.05330871275794988,0.011558230149818575
增量关税优惠幅度,tariff_relief,880,0.21360280975826676,0.06244703531846806,0.013338862205098499
增量关税优惠幅度,tariff_relief,881,0.21771353940423344,0.07111578728503397,0.015482869757343327
增量关税优惠幅度,tariff_relief,882,0.2219005644751393,0.07687000246243084,0.017057496937618752
增量关税优惠幅度,tariff_relief,883,0.22024932960380428,0.05180464750885425,0.011409938884186538
增量关税优惠幅度,tariff_relief,884,0.2176105728090855,0.0678327943739362,0.014761133238953169
增量关税优惠幅度,tariff_relief,885,0.21991958284736907,0.058919497465740774,0.01295755130424233
增量关税优惠幅度,tariff_relief,886,0.21621286638515508,0.06552556029192115,0.014167469212209571
增量关税优惠幅度,tariff_relief,887,0.21689402519113593,0.04782187127475769,0.010372278152954554
增量关税优惠幅度,tariff_relief,888,0.2187970817584619,0.05611696991328842,0.012278229254154914
增量关税优惠幅度,tariff_relief,889,0.21771371562732783,0.08631670065842088,0.018792329621036625
增量关税优惠幅度,tariff_relief,890,0.21999036991801155,0.055621883136418616,0.01223627864671714
增量关税优惠幅度,tariff_relief,891,0.21326411623746722,0.08649826481229102,0.018446976001267653
增量关税优惠幅度,tariff_relief,892,0.21746630196498007,0.08478227933764079,0.018437288759718683
增量关税优惠幅度,tariff_relief,893,0.22193987997147235,0.05787756026385952,0.01284533877800264
增量关税优惠幅度,tariff_relief,894,0.2196606406249811,0.061755663409685545,0.013565288586792233
增量关税优惠幅度,tariff_relief,895,0.21947387272907476,0.05502278183139384,0.01207606301686298
增量关税优惠幅度,tariff_relief,896,0.219037393245475,0.07762822425637582,0.01700348388339171
增量关税优惠幅度,tariff_relief,897,0.21816625285221974,0.05123324602540168,0.011177365306817764
增量关税优惠幅度,tariff_relief,898,0.2184077248107879,0.07697149093119642,0.016811168209576805
增量关税优惠幅度,tariff_relief,899,0.21740005776019,0.066384270687497,0.014431944281829936
增量关税优惠幅度,tariff_relief,900,0.2187556083535884,0.055048644689106994,0.012042199758006134
增量关税优惠幅度,tariff_relief,901,0.21833291082823533,0.032404015199928825,0.007074862961122842
增量关税优惠幅度,tariff_relief,902,0.22018104758444082,0.054613715908907186,0.012024905181302226
增量关税优惠幅度,tariff_relief,903,0.22028897895027094,0.06634760759092329,0.014615646731997736
增量关税优惠幅度,tariff_relief,904,0.21912090405695764,0.07938509226019724,0.01739493318469941
增量关税优惠幅度,tariff_relief,905,0.2160861943390339,0.08210894534205605,0.017742609520156636
增量关税优惠幅度,tariff_relief,906,0.2187906949369047,0.0584427228561463,0.012786723947701173
增量关税优惠幅度,tariff_relief,907,0.21717748922895824,0.06586146088636544,0.014303626712252084
增量关税优惠幅度,tariff_relief,908,0.22024963548703771,0.0573425109533663,0.012629667135390396
增量关税优惠幅度,tariff_relief,909,0.21807156922444978,0.04593530169472781,0.010017183323367821
增量关税优惠幅度,tariff_relief,910,0.21754707047274086,0.06102351558027611,0.013275487044436728
增量关税优惠幅度,tariff_relief,911,0.21875229648195638,0.048888789977915334,0.010694535079893033
增量关税优惠幅度,tariff_relief,912,0.21661543200604239,0.06485791011487295,0.01404922421854227
增量关税优惠幅度,tariff_relief,913,0.2195102233361594,0.048872877743427266,0.010728096308540535
增量关税优惠幅度,tariff_relief,914,0.2186310691282292,0.0677714966762692,0.014816954774752965
增量关税优惠幅度,tariff_relief,915,0.21800482957353234,0.08614554239284568,0.01878014428787183
增量关税优惠幅度,tariff_relief,916,0.21518826666874236,0.09335884195968353,0.020089727379505352
增量关税优惠幅度,tariff_relief,917,0.22011500067835713,0.059473172259004094,0.013090937352134737
增量关税优惠幅度,tariff_relief,918,0.2199105218184921,0.08150224596931653,0.017923201440491494
增量关税优惠幅度,tariff_relief,919,0.21909901415488223,0.07615570657748816,0.016685640233396134
增量关税优惠幅度,tariff_relief,920,0.21982358937837349,0.08681799813233387,0.019084643972094556
增量关税优惠幅度,tariff_relief,921,0.21882314459251834,0.0823532763097946,0.018020802889605798
增量关税优惠幅度,tariff_relief,922,0.21887227950621058,0.04227927209160495,0.009253760658552887
增量关税优惠幅度,tariff_relief,923,0.21863464112285816,0.07828514214369642,0.017115843957839005
增量关税优惠幅度,tariff_relief,924,0.21796210681853898,0.051980466770959265,0.01132977205080934
增量关税优惠幅度,tariff_relief,925,0.21609384485846028,0.06697015107495839,0.014471837436539707
增量关税优惠幅度,tariff_relief,926,0.21732214261419092,0.06943005804182427,0.015088688975476886
增量关税优惠幅度,tariff_relief,927,0.21821343757023015,0.06912273240391284,0.01508350905210496
增量关税优惠幅度,tariff_relief,928,0.2183917961472559,0.05213059154087711,0.011384893520831097
增量关税优惠幅度,tariff_relief,929,0.2223750709395711,0.08239582560890052,0.018322777564903782
增量关税优惠幅度,tariff_relief,930,0.21945304887361672,0.07992140017921205,0.017538994939576502
增量关税优惠幅度,tariff_relief,931,0.22125307953737985,0.062446263684576696,0.013816428145815842
增量关税优惠幅度,tariff_relief,932,0.21701787312771742,0.08331213505177479,0.01808022235466532
增量关税优惠幅度,tariff_relief,933,0.22125640532566318,0.0922724642517776,0.02041587375088907
增量关税优惠幅度,tariff_relief,934,0.22007726382409565,0.051248973782960706,0.011278733923946805
增量关税优惠幅度,tariff_relief,935,0.22263330108080082,0.05611675625428855,0.012493458690838935
增量关税优惠幅度,tariff_relief,936,0.21576402616947088,0.09118116797048785,0.01967361591214726
增量关税优惠幅度,tariff_relief,937,0.21535942150233636,0.05432847887791806,0.011700149782250332
增量关税优惠幅度,tariff_relief,938,0.21827370378981992,0.08554561569623408,0.018672358380997567
增量关税优惠幅度,tariff_relief,939,0.21954882525201427,0.08313185227721386,0.018251500508486288
增量关税优惠幅度,tariff_relief,940,0.21879652310180095,0.0666571825091859,0.014584359772772055
增量关税优惠幅度,tariff_relief,941,0.21961750651753065,0.07889241272475175,0.017326154965761887
增量关税优惠幅度,tariff_relief,942,0.221223915699995,0.07066732795614118,0.015633303002513275
增量关税优惠幅度,tariff_relief,943,0.21898017688220875,0.07391798049290153,0.016186572443111235
增量关税优惠幅度,tariff_relief,944,0.22102472133373915,0.07488448494626578,0.016551322417468976
增量关税优惠幅度,tariff_relief,945,0.21791324833677106,0.05167662098592074,0.01126102034211014
增量关税优惠幅度,tariff_relief,946,0.2199207157943326,0.07409090131917562,0.016294124051960363
增量关税优惠幅度,tariff_relief,947,0.2200144082317201,0.06701936839540905,0.014745226677579567
增量关税优惠幅度,tariff_relief,948,0.2242248208000473,0.0619043629949826,0.013880494699291052
增量关税优惠幅度,tariff_relief,949,0.22009609976908193,0.07730812774249611,0.017015217396573353
增量关税优惠幅度,tariff_relief,950,0.21618810184626122,0.08042166297877766,0.01738620666670168
增量关税优惠幅度,tariff_relief,951,0.21679309421948378,0.08124414630753406,0.017613169865230757
增量关税优惠幅度,tariff_relief,952,0.21649383210026363,0.09099083830615828,0.01969895527091567
增量关税优惠幅度,tariff_relief,953,0.21625999185027356,0.04173706185829342,0.009026056657328899
增量关税优惠幅度,tariff_relief,954,0.21885485814047043,0.03961545082382218,0.008670033870218386
增量关税优惠幅度,tariff_relief,955,0.22315011559434914,0.07045660420045652,0.015722399371717176
增量关税优惠幅度,tariff_relief,956,0.21811388835865425,0.06962704523732346,0.015186625571636539
增量关税优惠幅度,tariff_relief,957,0.21363656562961425,0.07321970514044766,0.01564240634261825
增量关税优惠幅度,tariff_relief,958,0.22090646316068802,0.08245958139614576,0.018215854479933426
增量关税优惠幅度,tariff_relief,959,0.21983019168685367,0.08261462768800758,0.018161189440792754
增量关税优惠幅度,tariff_relief,960,0.21865928376232593,0.0702544344832373,0.015361784325231921
增量关税优惠幅度,tariff_relief,961,0.21865782841938758,0.06685302989533685,0.014617938340170755
增量关税优惠幅度,tariff_relief,962,0.22006852764079185,0.07148869290674585,0.01573241139095228
增量关税优惠幅度,tariff_relief,963,0.22006866747476492,0.08957494527133984,0.019712638844988754
增量关税优惠幅度,tariff_relief,964,0.2166014089506567,0.06888881760637602,0.014921414954485852
增量关税优惠幅度,tariff_relief,965,0.2161744197202656,0.038384647934535776,0.008297778993414964
增量关税优惠幅度,tariff_relief,966,0.2174764998925535,0.09562138772692458,0.020795404717720328
增量关税优惠幅度,tariff_relief,967,0.216005330646213,0.07931405822338962,0.017132259371436264
增量关税优惠幅度,tariff_relief,968,0.21441404426943808,0.07186877063406251,0.01540967376832197
增量关税优惠幅度,tariff_relief,969,0.21933901450359738,0.07621059767764693,0.016715957389345226
增量关税优惠幅度,tariff_relief,970,0.22238343337182692,0.06877868184039992,0.015295239410456659
增量关税优惠幅度,tariff_relief,971,0.2207890416374462,0.08442718998192483,0.018640598364251783
增量关税优惠幅度,tariff_relief,972,0.2131856333080875,0.0636045353765254,0.013559573155511224
增量关税优惠幅度,tariff_relief,973,0.21969117169246943,0.08399607404738263,0.018453195925036914
增量关税优惠幅度,tariff_relief,974,0.21748074342361837,0.07989595923872145,0.017375832611780252
增量关税优惠幅度,tariff_relief,975,0.21777616108873726,0.06797155670398579,0.014802584682219448
增量关税优惠幅度,tariff_relief,976,0.21986715178201005,0.0802610335888517,0.017646764854261063
增量关税优惠幅度,tariff_relief,977,0.21802002447156307,0.058789197797644153,0.01281722234250594
增量关税优惠幅度,tariff_relief,978,0.22163094967637806,0.08385494810388497,0.018584851783327423
增量关税优惠幅度,tariff_relief,979,0.21917251333297877,0.0991290859213611,0.021726370905785514
增量关税优惠幅度,tariff_relief,980,0.21999861855242403,0.06521373498972982,0.014346931608384439
增量关税优惠幅度,tariff_relief,981,0.22100926490324044,0.052129188015260806,0.011521033523255602
增量关税优惠幅度,tariff_relief,982,0.21780518535590118,0.06360201363982748,0.01385284836983118
增量关税优惠幅度,tariff_relief,983,0.22079847344222772,0.0651596390999354,0.01438714884331223
增量关税优惠幅度,tariff_relief,984,0.22111200814028445,0.04408102440682859,0.00974684382747476
增量关税优惠幅度,tariff_relief,985,0.21536486632865606,0.07510381658666282,0.01617472341995854
增量关税优惠幅度,tariff_relief,986,0.21811165297522261,0.06522708399726473,0.014226787109397102
增量关税优惠幅度,tariff_relief,987,0.2151675625529105,0.06314429161789684,0.01358660331655304
增量关税优惠幅度,tariff_relief,988,0.2195575485859628,0.05359779969531604,0.011767801510705054
增量关税优惠幅度,tariff_relief,989,0.22043717060997298,0.07440415659986348,0.016401441762495254
增量关税优惠幅度,tariff_relief,990,0.21971065712636412,0.05116204516948402,0.011240846564116056
增量关税优惠幅度,tariff_relief,991,0.2185559857103378,0.08225246420573548,0.017976768391588797
增量关税优惠幅度,tariff_relief,992,0.21684266476279476,0.06816116796214024,0.014780249294254921
增量关税优惠幅度,tariff_relief,993,0.22053476900242452,0.05772427380186585,0.01273020938872719
增量关税优惠幅度,tariff_relief,994,0.21820788568238042,0.046564122354904994,0.010160658687719483
增量关税优惠幅度,tariff_relief,995,0.21742933842956186,0.07484794627409362,0.016274139441187566
增量关税优惠幅度,tariff_relief,996,0.2197127301539292,0.06961718883764634,0.015295782625160922
增量关税优惠幅度,tariff_relief,997,0.22003274301937356,0.06695341888892274,0.01473194441265481
增量关税优惠幅度,tariff_relief,998,0.21753222629104446,0.07794473587811368,0.016955491923233517
增量关税优惠幅度,tariff_relief,999,0.21915131351293335,0.07545903087704758,0.016536945733117973
增量关税优惠幅度,tariff_relief,1000,0.22034901352360364,0.0616940582704437,0.01359422488015999
增量关税优惠幅度,tariff_relief,1001,0.2165563986806398,0.046768532100654084,0.010128024883297546
增量关税优惠幅度,tariff_relief,1002,0.21886798763530388,0.05872943948128974,0.01285399423421925
增量关税优惠幅度,tariff_relief,1003,0.21792073186931374,0.06336078989142944,0.01380762970495812
增量关税优惠幅度,tariff_relief,1004,0.21902299510755,0.06752771574309226,0.014790122554823322
增量关税优惠幅度,tariff_relief,1005,0.21892321413149224,0.07365279201410989,0.01612430595748724
增量关税优惠幅度,tariff_relief,1006,0.21641225124272356,0.06895735306555693,0.0149232160166565
增量关税优惠幅度,tariff_relief,1007,0.21826985802203863,0.045514261148714756,0.009934391318907958
增量关税优惠幅度,tariff_relief,1008,0.2193609035905633,0.04373192003413718,0.00959307349443859
增量关税优惠幅度,tariff_relief,1009,0.21917534217640572,0.07835816238476566,0.017174177052995378
增量关税优惠幅度,tariff_relief,1010,0.22124764869758884,0.07030153502101807,0.015554049323231445
增量关税优惠幅度,tariff_relief,1011,0.21310736711398598,0.0711930062609065,0.015171754121191303
增量关税优惠幅度,tariff_relief,1012,0.21570137684921217,0.0630898516059436,0.013608567856614516
增量关税优惠幅度,tariff_relief,1013,0.21887506712024377,0.04434343734325442,0.009705672824847135
增量关税优惠幅度,tariff_relief,1014,0.21634206281826893,0.042688802971193186,0.009235383694030581
增量关税优惠幅度,tariff_relief,1015,0.2174093478546859,0.0720180630623179,0.01565740012413618
增量关税优惠幅度,tariff_relief,1016,0.21811249277737638,0.0590982345631495,0.01289006325931064
增量关税优惠幅度,tariff_relief,1017,0.21938896934014276,0.05938776440702817,0.013029020424673125
增量关税优惠幅度,tariff_relief,1018,0.21779289947093208,0.08317183152419998,0.018114234341963385
增量关税优惠幅度,tariff_relief,1019,0.21948474393652592,0.06767733806686199,0.014854143215910902
增量关税优惠幅度,tariff_relief,1020,0.21523140669388918,0.0664906726310215,0.014310881002397635
增量关税优惠幅度,tariff_relief,1021,0.21768802592327804,0.07973823763450615,0.017358059541256878
增量关税优惠幅度,tariff_relief,1022,0.21840925189968638,0.0872392000110264,0.01905384841073539
增量关税优惠幅度,tariff_relief,1023,0.22235607128751161,0.06123386313307282,0.01361572123602727
增量关税优惠幅度,tariff_relief,1024,0.21952995955557245,0.09666541232368285,0.02122095405784083
增量关税优惠幅度,tariff_relief,1025,0.21939608120409335,0.08993732003585433,0.019731895569864828
增量关税优惠幅度,tariff_relief,1026,0.21821318685596097,0.05357683205440461,0.011691171264238232
增量关税优惠幅度,tariff_relief,1027,0.22040881939471316,0.09835174713934693,0.021677592472390813
增量关税优惠幅度,tariff_relief,1028,0.21850548299839812,0.07765016522771706,0.016966986857987736
增量关税优惠幅度,tariff_relief,1029,0.2185184130220644,0.06211265553544259,0.013572758916191058
增量关税优惠幅度,tariff_relief,1030,0.21785104517712942,0.03894251387247594,0.008483667348943744
增量关税优惠幅度,tariff_relief,1031,0.21414370938922334,0.09297992950160967,0.019911067002223174
增量关税优惠幅度,tariff_relief,1032,0.2191378019656619,0.07162489194200965,0.015695721386200043
增量关税优惠幅度,tariff_relief,1033,0.22124873228153333,0.07326228360287232,0.016209187371185665
增量关税优惠幅度,tariff_relief,1034,0.21836539179828166,0.06334516005080364,0.013832390693018596
增量关税优惠幅度,tariff_relief,1035,0.21490300135363422,0.06294451791067487,0.013526965817761616
增量关税优惠幅度,tariff_relief,1036,0.21542204499201176,0.05353135531675151,0.011531834033528612
增量关税优惠幅度,tariff_relief,1037,0.21620587224673368,0.08051077553370313,0.01740690244952527
增量关税优惠幅度,tariff_relief,1038,0.21667254418564585,0.0885750073126211,0.0191917721856878
增量关税优惠幅度,tariff_relief,1039,0.21712553250270614,0.058324791971514606,0.012663801514924668
增量关税优惠幅度,tariff_relief,1040,0.2170659863621964,0.07029142736990673,0.015257878014855494
增量关税优惠幅度,tariff_relief,1041,0.21621866229826017,0.0693928735903613,0.015004034300740186
增量关税优惠幅度,tariff_relief,1042,0.21719357274704337,0.07359881048619543,0.015985188599429347
增量关税优惠幅度,tariff_relief,1043,0.21773773002224484,0.06105644574110291,0.013294291898894106
增量关税优惠幅度,tariff_relief,1044,0.22108486075955555,0.07333773945531413,0.01621386391589869
增量关税优惠幅度,tariff_relief,1045,0.21946449001687632,0.080697154758922,0.01771015991497976
增量关税优惠幅度,tariff_relief,1046,0.21713763138307976,0.052294796208652496,0.011355168182407662
增量关税优惠幅度,tariff_relief,1047,0.21427923123813203,0.0540247496729351,0.011576381827749059
增量关税优惠幅度,tariff_relief,1048,0.2175868732092718,0.09697530597033792,0.021100553604598254
增量关税优惠幅度,tariff_relief,1049,0.21788062160021848,0.07614371591439026,0.016590240154377798
增量关税优惠幅度,tariff_relief,1050,0.21879394451325096,0.07014253363290658,0.015346761611697003
增量关税优惠幅度,tariff_relief,1051,0.21944156709165552,0.04576332536280927,0.010042375832940171
增量关税优惠幅度,tariff_relief,1052,0.2208619093219411,0.05582638233001663,0.01232992139194415
增量关税优惠幅度,tariff_relief,1053,0.21887020898076978,0.07606469159009319,0.016648294944381498
增量关税优惠幅度,tariff_relief,1054,0.21978433239119588,0.054641015424779435,0.012009239096312185
增量关税优惠幅度,tariff_relief,1055,0.21960978533892161,0.0636583627578597,0.013979999380280772
增量关税优惠幅度,tariff_relief,1056,0.22351354769723675,0.06528190575728438,0.014591390356247295
增量关税优惠幅度,tariff_relief,1057,0.21916003559824812,0.0533346059635888,0.011688814141598657
增量关税优惠幅度,tariff_relief,1058,0.22146421126455124,0.059239555488737196,0.0131194414319758
增量关税优惠幅度,tariff_relief,1059,0.21676970982042842,0.07834600078446154,0.016983039855638784
增量关税优惠幅度,tariff_relief,1060,0.22001518947171914,0.072999343274038,0.016060964341748536
增量关税优惠幅度,tariff_relief,1061,0.21891807883797362,0.047118437298201206,0.010315077771169728
增量关税优惠幅度,tariff_relief,1062,0.21816642399565617,0.05585329163355568,0.012185312904079343
增量关税优惠幅度,tariff_relief,1063,0.2183602552070313,0.038545638595771155,0.008416835480890585
增量关税优惠幅度,tariff_relief,1064,0.21880973618014882,0.04823861059035707,0.010555077656972963
增量关税优惠幅度,tariff_relief,1065,0.21866703283110675,0.06225768657481335,0.013613703594243465
增量关税优惠幅度,tariff_relief,1066,0.22108845623857507,0.06304847790334572,0.013939290647842618
增量关税优惠幅度,tariff_relief,1067,0.22120554503646048,0.06755025043303038,0.014942489964387885
增量关税优惠幅度,tariff_relief,1068,0.218726603565102,0.06844040615062709,0.014969737583942782
增量关税优惠幅度,tariff_relief,1069,0.21758854107839684,0.04913956393665872,0.010692206026206174
增量关税优惠幅度,tariff_relief,1070,0.21858895212599808,0.07643955241915613,0.01670884166428364
增量关税优惠幅度,tariff_relief,1071,0.22011172278678165,0.07793050403467933,0.017153417500715504
增量关税优惠幅度,tariff_relief,1072,0.21893973813085751,0.06480427202770796,0.014188230347507234
增量关税优惠幅度,tariff_relief,1073,0.21840785205244662,0.09829883749296756,0.021469237956091552
增量关税优惠幅度,tariff_relief,1074,0.2178370945340776,0.036105440578255196,0.007865104272439898
增量关税优惠幅度,tariff_relief,1075,0.21566291676363003,0.05129303999150706,0.011062006614241934
增量关税优惠幅度,tariff_relief,1076,0.21641995640525602,0.08936205913783121,0.01933973294289334
增量关税优惠幅度,tariff_relief,1077,0.21678458527669267,0.0895732097126368,0.019418091119456186
增量关税优惠幅度,tariff_relief,1078,0.21891746416980676,0.07163148034256143,0.01568138203132291
增量关税优惠幅度,tariff_relief,1079,0.21829823312124294,0.057531846248848974,0.012559100384326739
增量关税优惠幅度,tariff_relief,1080,0.217681763797246,0.05871719926718519,0.012781663501715232
增量关税优惠幅度,tariff_relief,1081,0.2184065635770361,0.06843724059530015,0.01494714253911434
增量关税优惠幅度,tariff_relief,1082,0.2204531731270314,0.07250624033340272,0.015984230753009775
增量关税优惠幅度,tariff_relief,1083,0.2154541448311933,0.09624532815476808,0.020736454871583127
增量关税优惠幅度,tariff_relief,1084,0.21994592389490825,0.06906843656653458,0.015191321092603313
增量关税优惠幅度,tariff_relief,1085,0.22203589222286937,0.04451652846344912,0.009884267116046685
增量关税优惠幅度,tariff_relief,1086,0.2186623655872716,0.08928935969287734,0.019524222612217337
增量关税优惠幅度,tariff_relief,1087,0.21755885837741418,0.06209518668064014,0.013509357924972484
增量关税优惠幅度,tariff_relief,1088,0.2160538267387913,0.058193000380735084,0.012572820421669755
增量关税优惠幅度,tariff_relief,1089,0.21609513283194476,0.07523073565703452,0.016256995814851797
增量关税优惠幅度,tariff_relief,1090,0.21749536954077486,0.04656381939964765,0.010127415107556267
增量关税优惠幅度,tariff_relief,1091,0.21651525970807028,0.06382369953410591,0.013818804880156785
增量关税优惠幅度,tariff_relief,1092,0.2177897081842882,0.0767535308782101,0.016716129092079132
增量关税优惠幅度,tariff_relief,1093,0.21536166443649882,0.06206642388163245,0.013366728352769624
增量关税优惠幅度,tariff_relief,1094,0.21764402041044043,0.06056527907179161,0.013181670834465033
增量关税优惠幅度,tariff_relief,1095,0.21878882344033526,0.06712632846242551,0.014686490426163568
增量关税优惠幅度,tariff_relief,1096,0.215937190072492,0.08023752950481916,0.01732626665962932
增量关税优惠幅度,tariff_relief,1097,0.2205989272936172,0.07454425568580923,0.01644438284019064
增量关税优惠幅度,tariff_relief,1098,0.21852672997987668,0.06802709926377591,0.014865739552129427
增量关税优惠幅度,tariff_relief,1099,0.2190664481923081,0.0621228184164742,0.013609025182192709
增量关税优惠幅度,tariff_relief,1100,0.21688540569139259,0.07387817421526728,0.016023097786417622
增量关税优惠幅度,tariff_relief,1101,0.22156885479292385,0.09041134849766902,0.020032338946912462
增量关税优惠幅度,tariff_relief,1102,0.2169346779553401,0.07692370478440251,0.016687419124536012
增量关税优惠幅度,tariff_relief,1103,0.2167996740430359,0.03755121651754067,0.008141091500922282
增量关税优惠幅度,tariff_relief,1104,0.21794468203702125,0.10315412532036781,0.022481893043754607
增量关税优惠幅度,tariff_relief,1105,0.2183316862799137,0.08663950382220242,0.018916148967956483
增量关税优惠幅度,tariff_relief,1106,0.2200150665536357,0.04445691802863632,0.009781191778839947
增量关税优惠幅度,tariff_relief,1107,0.2209988282511778,0.050174002734969844,0.011088395813099726
增量关税优惠幅度,tariff_relief,1108,0.2190759758315012,0.07697418553205265,0.01686319480926946
增量关税优惠幅度,tariff_relief,1109,0.21567670729960525,0.07214243173444837,0.015559442133072374
增量关税优惠幅度,tariff_relief,1110,0.21624526257871593,0.06678499322270817,0.014441938395762292
增量关税优惠幅度,tariff_relief,1111,0.22203852123074708,0.07032852637632642,0.015615641996937109
增量关税优惠幅度,tariff_relief,1112,0.2200835466702076,0.05851181026228808,0.01287748672461861
增量关税优惠幅度,tariff_relief,1113,0.2212788923995002,0.07286607548569986,0.016123724476974036
增量关税优惠幅度,tariff_relief,1114,0.2141895488240966,0.05145484228021751,0.011021089452814839
增量关税优惠幅度,tariff_relief,1115,0.22018987536262766,0.038536305907591675,0.008485304394728704
增量关税优惠幅度,tariff_relief,1116,0.21792653386060604,0.0999750347885561,0.021787212804063538
增量关税优惠幅度,tariff_relief,1117,0.2212712133357006,0.06631843805872016,0.014674361255781514
增量关税优惠幅度,tariff_relief,1118,0.219479908036958,0.05004486615405585,0.01098384262121405
增量关税优惠幅度,tariff_relief,1119,0.21846916109332182,0.06547512105961843,0.014304294770378527
增量关税优惠幅度,tariff_relief,1120,0.21857176391043653,0.07687747792594862,0.016803245955260237
增量关税优惠幅度,tariff_relief,1121,0.21894741458054298,0.07851110007711716,0.01718980237775907
增量关税优惠幅度,tariff_relief,1122,0.21957469106639596,0.05975905362646876,0.013121575738452067
增量关税优惠幅度,tariff_relief,1123,0.22132705247035395,0.08925128460578244,0.019753723750990503
增量关税优惠幅度,tariff_relief,1124,0.21758931065357537,0.07958040063960464,0.017315844516706924
增量关税优惠幅度,tariff_relief,1125,0.21551223272910144,0.09053895232185984,0.019512251763837675
增量关税优惠幅度,tariff_relief,1126,0.21861490421060942,0.05547909859817951,0.012128557825731969
增量关税优惠幅度,tariff_relief,1127,0.22084904697390978,0.04643008506178319,0.010254040036812384
增量关税优惠幅度,tariff_relief,1128,0.2182318606838158,0.05714569366293082,0.012471011058128735
增量关税优惠幅度,tariff_relief,1129,0.21971593501278175,0.05574431877471418,0.01224791512123689
增量关税优惠幅度,tariff_relief,1130,0.22014440256037174,0.06651744766183637,0.014643443775355763
增量关税优惠幅度,tariff_relief,1131,0.21739869061545256,0.07233119520370411,0.015724707127935975
增量关税优惠幅度,tariff_relief,1132,0.21970341979413877,0.054887205619863384,0.012058906777628057
增量关税优惠幅度,tariff_relief,1133,0.2223047360630939,0.08723571001695046,0.01939291149059477
增量关税优惠幅度,tariff_relief,1134,0.2195410241254251,0.02481594004987575,0.005448116893184875
增量关税优惠幅度,tariff_relief,1135,0.2166669542774717,0.07397480575001186,0.01602789585512267
增量关税优惠幅度,tariff_relief,1136,0.22036957231327112,0.07601970590425972,0.016752430077502364
增量关税优惠幅度,tariff_relief,1137,0.21805722401433658,0.08248618935710582,0.01798670947073141
增量关税优惠幅度,tariff_relief,1138,0.21881053081766416,0.07191115385831968,0.01573491774744965
增量关税优惠幅度,tariff_relief,1139,0.21408849816165618,0.08263555292755485,0.01769132142101827
增量关税优惠幅度,tariff_relief,1140,0.21713274114743406,0.08686088494017252,0.018860342045551533
增量关税优惠幅度,tariff_relief,1141,0.21800023548339761,0.06609307374535493,0.01440830564030894
增量关税优惠幅度,tariff_relief,1142,0.2180488573889844,0.07962615606979384,0.017362392349295493
增量关税优惠幅度,tariff_relief,1143,0.21638670991914213,0.0830166893183694,0.017963708269981546
增量关税优惠幅度,tariff_relief,1144,0.21762170380551937,0.06873307557664166,0.014957809014782287
增量关税优惠幅度,tariff_relief,1145,0.21887586870941772,0.06730281514035777,0.014730962130435158
增量关税优惠幅度,tariff_relief,1146,0.21841030071050985,0.046600045569647384,0.010177929965990148
增量关税优惠幅度,tariff_relief,1147,0.22214269785416918,0.06996282279914275,0.015541730206094746
增量关税优惠幅度,tariff_relief,1148,0.21859534214654755,0.07656711061707629,0.016737213742512344
增量关税优惠幅度,tariff_relief,1149,0.2177994485643359,0.05751094205139782,0.012525851465209922
增量关税优惠幅度,tariff_relief,1150,0.21750430875721463,0.10816197374949119,0.023525695334199074
增量关税优惠幅度,tariff_relief,1151,0.2173509340341912,0.06826295069698206,0.014837016093918994
增量关税优惠幅度,tariff_relief,1152,0.2172656355354322,0.06856303087340722,0.01489639047694628
增量关税优惠幅度,tariff_relief,1153,0.2189485911128807,0.04223120072167954,0.009246461899017006
增量关税优惠幅度,tariff_relief,1154,0.22046556952341972,0.08800261934783937,0.01940154759407412
增量关税优惠幅度,tariff_relief,1155,0.21689679520259864,0.06990413532713516,0.015161982923864375
增量关税优惠幅度,tariff_relief,1156,0.21865189721835354,0.08447009832650051,0.018469547257310207
增量关税优惠幅度,tariff_relief,1157,0.21997226128923783,0.04185116028657202,0.009206094365815595
增量关税优惠幅度,tariff_relief,1158,0.21946681430861917,0.07649094916624437,0.01678722493695818
增量关税优惠幅度,tariff_relief,1159,0.21916814047169003,0.07058897427726481,0.015470854230152088
增量关税优惠幅度,tariff_relief,1160,0.2190173355178122,0.09238924307178116,0.020234845848089
增量关税优惠幅度,tariff_relief,1161,0.2208689142391468,0.06263992225337774,0.01383521161612811
增量关税优惠幅度,tariff_relief,1162,0.22239583277578737,0.08272742548865533,0.0183982346849464
增量关税优惠幅度,tariff_relief,1163,0.21889267058595507,0.061974678815367654,0.01356580295460264
增量关税优惠幅度,tariff_relief,1164,0.2180842904456616,0.06823601053603377,0.014881201940593615
增量关税优惠幅度,tariff_relief,1165,0.21874032211480857,0.07183537202831457,0.01571329241671064
增量关税优惠幅度,tariff_relief,1166,0.21790581494414699,0.0606422227618201,0.01321429297093891
增量关税优惠幅度,tariff_relief,1167,0.21944099479375562,0.08757855578557436,0.01921832540418686
增量关税优惠幅度,tariff_relief,1168,0.21762379761566716,0.058376743821214654,0.012704168682809667
增量关税优惠幅度,tariff_relief,1169,0.21972778029291387,0.0816315477359892,0.017936718785903947
增量关税优惠幅度,tariff_relief,1170,0.21972954746105755,0.07799420336326028,0.017137631009594874
增量关税优惠幅度,tariff_relief,1171,0.21718493559374924,0.05312387377230549,0.011537705103728632
增量关税优惠幅度,tariff_relief,1172,0.21856869061057468,0.04854060454246939,0.010609456376293248
增量关税优惠幅度,tariff_relief,1173,0.21953599888973455,0.06805577339211906,0.014940692191852276
增量关税优惠幅度,tariff_relief,1174,0.22018517948457514,0.08497375709149377,0.018709961956669244
增量关税优惠幅度,tariff_relief,1175,0.2182637421677549,0.0446289570240949,0.009740883169122862
增量关税优惠幅度,tariff_relief,1176,0.21774648841011424,0.07297473352981099,0.015889991968780163
增量关税优惠幅度,tariff_relief,1177,0.21651552512334332,0.07087611423513024,0.015345779092321292
增量关税优惠幅度,tariff_relief,1178,0.21931380628684238,0.08759106059135069,0.01920992889499056
增量关税优惠幅度,tariff_relief,1179,0.21936413484218698,0.082366625856036,0.018068283620779446
增量关税优惠幅度,tariff_relief,1180,0.2203888925059959,0.05946065501852791,0.013104467907214453
增量关税优惠幅度,tariff_relief,1181,0.22556465090144978,0.061984957442693535,0.013981615286702389
增量关税优惠幅度,tariff_relief,1182,0.2199155553504459,0.06580972111508102,0.014472581366481009
增量关税优惠幅度,tariff_relief,1183,0.21748073080554942,0.07071780407498224,0.015379759711190797
增量关税优惠幅度,tariff_relief,1184,0.22013638138419092,0.06269923454680265,0.013802382608691788
增量关税优惠幅度,tariff_relief,1185,0.21636901169590883,0.07796396330802388,0.016868985688853227
增量关税优惠幅度,tariff_relief,1186,0.21846251250420665,0.09351868360666436,0.02043032658679786
增量关税优惠幅度,tariff_relief,1187,0.2215919205925083,0.09065152054945184,0.020087644543184267
增量关税优惠幅度,tariff_relief,1188,0.22030341063209224,0.08139082535225278,0.01793067641926225
增量关税优惠幅度,tariff_relief,1189,0.21930566024754208,0.11012790865313024,0.02415167371885573
增量关税优惠幅度,tariff_relief,1190,0.2174968906213931,0.051596874619181325,0.011222159795453815
增量关税优惠幅度,tariff_relief,1191,0.22099676086753306,0.09223163965432384,0.020382893613107085
增量关税优惠幅度,tariff_relief,1192,0.21896596297136703,0.07435404528687851,0.016281005127057987
增量关税优惠幅度,tariff_relief,1193,0.2187888013792623,0.06843995716652258,0.014973896194911528
增量关税优惠幅度,tariff_relief,1194,0.21868526321329826,0.046234293985990806,0.010110758749807412
增量关税优惠幅度,tariff_relief,1195,0.2159690614018753,0.06977742463620928,0.015069764905722208
增量关税优惠幅度,tariff_relief,1196,0.22148614503847097,0.06413626753210867,0.0142052946528428
增量关税优惠幅度,tariff_relief,1197,0.21601325711754388,0.05090131425003132,0.010995358682712916
增量关税优惠幅度,tariff_relief,1198,0.218161824666789,0.03998654632773595,0.008723537908981964
增量关税优惠幅度,tariff_relief,1199,0.22164840304977917,0.08476419020005448,0.018787847393649817
增量关税优惠幅度,tariff_relief,1200,0.22170372734468838,0.05580945468899349,0.012373164125624352
增量关税优惠幅度,tariff_relief,1201,0.2168972141250333,0.08166174751990153,0.01771220553764849
增量关税优惠幅度,tariff_relief,1202,0.21712111969744693,0.05558976342527112,0.012069711678611048
增量关税优惠幅度,tariff_relief,1203,0.2176995569586943,0.0707975492712791,0.01541259511011879
增量关税优惠幅度,tariff_relief,1204,0.21747658207004228,0.07941715100941273,0.017271370559267488
增量关税优惠幅度,tariff_relief,1205,0.2195938262512079,0.07404827810710495,0.016260544716852725
增量关税优惠幅度,tariff_relief,1206,0.22057848710149278,0.060150973933372535,0.013268010827904643
增量关税优惠幅度,tariff_relief,1207,0.21803854998543962,0.07592579738431958,0.016554750768165327
增量关税优惠幅度,tariff_relief,1208,0.2180968335763737,0.061958508076328016,0.013512954424563316
增量关税优惠幅度,tariff_relief,1209,0.22038759150189785,0.05814072194441647,0.012813493677511485
增量关税优惠幅度,tariff_relief,1210,0.21872697116712195,0.05889679376743901,0.01288231731220656
增量关税优惠幅度,tariff_relief,1211,0.2231693034273127,0.0937571559888994,0.02092371919336858
增量关税优惠幅度,tariff_relief,1212,0.21644390558355486,0.07785051600358193,0.016850269735510317
增量关税优惠幅度,tariff_relief,1213,0.21685689503145708,0.06881851039459094,0.014923768484861046
增量关税优惠幅度,tariff_relief,1214,0.21886308560452744,0.05609748005141055,0.012277667578690137
增量关税优惠幅度,tariff_relief,1215,0.21872765186458443,0.0688074637216023,0.015050094970583652
增量关税优惠幅度,tariff_relief,1216,0.22113180631952142,0.07415566114667217,0.01639817529818197
增量关税优惠幅度,tariff_relief,1217,0.21838081756822225,0.06701921931694717,0.014635711907218915
增量关税优惠幅度,tariff_relief,1218,0.21462286044460316,0.07041723083165614,0.015113147505677943
增量关税优惠幅度,tariff_relief,1219,0.21931649875669249,0.0409500748916183,0.008981027049054069
增量关税优惠幅度,tariff_relief,1220,0.2187887028844533,0.06402562192134427,0.01400808277154133
增量关税优惠幅度,tariff_relief,1221,0.21601646181285666,0.06396363589274617,0.013817198310236872
增量关税优惠幅度,tariff_relief,1222,0.21586183270009618,0.07499616767760173,0.016188810200370825
增量关税优惠幅度,tariff_relief,1223,0.21896500803849916,0.07120963830789014,0.01559241902450578
增量关税优惠幅度,tariff_relief,1224,0.21817820561309678,0.07584520797559226,0.016547771380466855
增量关税优惠幅度,tariff_relief,1225,0.21691728730354948,0.07366235112685846,0.015978637382839698
增量关税优惠幅度,tariff_relief,1226,0.2184585421543157,0.04139988827552932,0.009044159238023682
增量关税优惠幅度,tariff_relief,1227,0.2188167652374198,0.06798212982767184,0.014875629742841463
增量关税优惠幅度,tariff_relief,1228,0.215961632806523,0.056867090539502965,0.012281109725867437
增量关税优惠幅度,tariff_relief,1229,0.22026364214060898,0.06145341014023214,0.013535951939448163
增量关税优惠幅度,tariff_relief,1230,0.22101704949245693,0.06838546923964411,0.015114354639503315
增量关税优惠幅度,tariff_relief,1231,0.2188915387855641,0.03986293386668583,0.008725658934586038
增量关税优惠幅度,tariff_relief,1232,0.21726512939174,0.08358012723758344,0.01815904715885166
增量关税优惠幅度,tariff_relief,1233,0.22265198824974294,0.08660849492073842,0.019283553593420173
增量关税优惠幅度,tariff_relief,1234,0.21716847979383025,0.06135199508200876,0.013323719504278393
增量关税优惠幅度,tariff_relief,1235,0.21551207849312976,0.05571033732878502,0.012006250591279853
增量关税优惠幅度,tariff_relief,1236,0.21864675224204835,0.0683586378197056,0.014946394146969086
增量关税优惠幅度,tariff_relief,1237,0.221331288183224,0.07264682299935281,0.016079014916865423
增量关税优惠幅度,tariff_relief,1238,0.2167858675995972,0.0398685884314753,0.008642946533088638
增量关税优惠幅度,tariff_relief,1239,0.21823058925158484,0.09942131727898955,0.02169677265396266
增量关税优惠幅度,tariff_relief,1240,0.2203578178696602,0.07320107182086735,0.0161304284521666
增量关税优惠幅度,tariff_relief,1241,0.2183728513623632,0.08391305887025978,0.01832433393203647
增量关税优惠幅度,tariff_relief,1242,0.21622985395983046,0.06574139741837054,0.014215252762889437
增量关税优惠幅度,tariff_relief,1243,0.21442579066616133,0.06406082863465026,0.01373629383071435
增量关税优惠幅度,tariff_relief,1244,0.2217900608733903,0.08188884944040498,0.018162132902239312
增量关税优惠幅度,tariff_relief,1245,0.22030751913484287,0.06149213600790851,0.013547179930204665
增量关税优惠幅度,tariff_relief,1246,0.21766211381199954,0.07691393963420849,0.016741250682390352
增量关税优惠幅度,tariff_relief,1247,0.22072367506619434,0.03599172094932752,0.007944224919892506
增量关税优惠幅度,tariff_relief,1248,0.21662649692710106,0.06395919216681493,0.013855255745384402
增量关税优惠幅度,tariff_relief,1249,0.22442152831480608,0.05285833006729882,0.011862547217871668
增量关税优惠幅度,tariff_relief,1250,0.21916881405864233,0.07143091708724182,0.015655429385132
增量关税优惠幅度,tariff_relief,1251,0.21702296978472857,0.09393480597739863,0.020386010559367323
增量关税优惠幅度,tariff_relief,1252,0.221054120291661,0.07167263976942606,0.015843532333211594
增量关税优惠幅度,tariff_relief,1253,0.2180634652949337,0.08051929148606872,0.017558315724545
增量关税优惠幅度,tariff_relief,1254,0.2177579659622115,0.06600687559612753,0.014373522969333467
增量关税优惠幅度,tariff_relief,1255,0.21718934397335,0.08755303287752804,0.019015585773547457
增量关税优惠幅度,tariff_relief,1256,0.2175263006255733,0.06295893379279355,0.013695223959276775
增量关税优惠幅度,tariff_relief,1257,0.2152321997259576,0.06927331770881424,0.014909848552783224
增量关税优惠幅度,tariff_relief,1258,0.21749964635346672,0.09231226804683515,0.02007788565427307
增量关税优惠幅度,tariff_relief,1259,0.22057708791368819,0.06557063986949757,0.014463380795050954
增量关税优惠幅度,tariff_relief,1260,0.21748862347040826,0.09378862479511117,0.02039795890387133
增量关税优惠幅度,tariff_relief,1261,0.21630233379555105,0.085295997395922,0.018449723300157175
增量关税优惠幅度,tariff_relief,1262,0.21861128031904328,0.06563315799402206,0.014348148700455213
增量关税优惠幅度,tariff_relief,1263,0.21529091057900512,0.0699730650292786,0.015064564886157329
增量关税优惠幅度,tariff_relief,1264,0.21986247363401396,0.053629991897186965,0.01179122267948765
增量关税优惠幅度,tariff_relief,1265,0.2170253876767172,0.05904925590658473,0.012815187655148235
增量关税优惠幅度,tariff_relief,1266,0.2231029477686448,0.0625167899336377,0.013947680119227712
增量关税优惠幅度,tariff_relief,1267,0.21791211065029764,0.08749811317226926,0.019066898519287803
增量关税优惠幅度,tariff_relief,1268,0.21959297594574156,0.09634474365599655,0.021156628976149887
增量关税优惠幅度,tariff_relief,1269,0.2210292730464857,0.06947981669472097,0.015357073375437258
增量关税优惠幅度,tariff_relief,1270,0.21918190188964828,0.07538578430209118,0.016523199578775138
增量关税优惠幅度,tariff_relief,1271,0.2180312223941659,0.05660707098962355,0.01234210888402095
增量关税优惠幅度,tariff_relief,1272,0.21888307423289297,0.062203529690355294,0.013615299806762
增量关税优惠幅度,tariff_relief,1273,0.21790379141391633,0.08252165469624462,0.017981781432061715
增量关税优惠幅度,tariff_relief,1274,0.21844213345836655,0.07255694487907073,0.015849493836605315
增量关税优惠幅度,tariff_relief,1275,0.21680203483990537,0.061367666461268386,0.0133046349621796
增量关税优惠幅度,tariff_relief,1276,0.21850251210609928,0.0736099981343287,0.0160839695084761
增量关税优惠幅度,tariff_relief,1277,0.21734458370880344,0.08325848000292922,0.018095779676464387
增量关税优惠幅度,tariff_relief,1278,0.21630092110127458,0.07008145517334365,0.015158683306111915
增量关税优惠幅度,tariff_relief,1279,0.22020227788650718,0.04854260931022142,0.010689193144665527
增量关税优惠幅度,tariff_relief,1280,0.2199102492964366,0.07282717593563992,0.016015442415562024
增量关税优惠幅度,tariff_relief,1281,0.217881222847049,0.062243345792130735,0.013561656295281166
增量关税优惠幅度,tariff_relief,1282,0.21722532270328723,0.07389399571073477,0.016051647064099683
增量关税优惠幅度,tariff_relief,1283,0.2211782355109959,0.049642970478633926,0.010979944615988712
增量关税优惠幅度,tariff_relief,1284,0.21992056575446295,0.08349839188981492,0.018363013583995957
增量关税优惠幅度,tariff_relief,1285,0.2197937787655145,0.05156617202343084,0.011333923805502423
增量关税优惠幅度,tariff_relief,1286,0.21989315913646493,0.07573382088665545,0.01665334912824186
增量关税优惠幅度,tariff_relief,1287,0.2205083265213027,0.08296860328094731,0.018295267863291557
增量关税优惠幅度,tariff_relief,1288,0.22017089737729045,0.06379640688890392,0.014046112154176732
增量关税优惠幅度,tariff_relief,1289,0.21531908520822518,0.0696482354869059,0.014996594351407622
增量关税优惠幅度,tariff_relief,1290,0.2207770586490864,0.0854057780342944,0.01885563646604827
增量关税优惠幅度,tariff_relief,1291,0.22244218305337116,0.07852643608213868,0.017467591869511943
增量关税优惠幅度,tariff_relief,1292,0.21834931737765023,0.08736257776623213,0.01907555921960867
增量关税优惠幅度,tariff_relief,1293,0.21869210784527757,0.08358369973610316,0.01827909547679517
增量关税优惠幅度,tariff_relief,1294,0.21882057182291847,0.07394975860726417,0.016181728464608334
增量关税优惠幅度,tariff_relief,1295,0.21619058287108575,0.0581191390152499,0.012564810539672537
增量关税优惠幅度,tariff_relief,1296,0.2170251410262095,0.07496829098579635,0.016270003923686365
增量关税优惠幅度,tariff_relief,1297,0.21777971239374175,0.0852491680291095,0.018565539295185233
增量关税优惠幅度,tariff_relief,1298,0.2183620345048272,0.0829460686603328,0.018112272306847355
增量关税优惠幅度,tariff_relief,1299,0.2211311932291691,0.07320630288382056,0.016188197108595204
增量关税优惠幅度,tariff_relief,1300,0.21878812417358906,0.07116355834414739,0.01556974143963377
增量关税优惠幅度,tariff_relief,1301,0.21983349173626707,0.07236721665917348,0.015908737925421062
增量关税优惠幅度,tariff_relief,1302,0.21517532930379243,0.055139956956676006,0.0118647583959497
增量关税优惠幅度,tariff_relief,1303,0.21985641337187575,0.06460768817883017,0.014204414599246136
增量关税优惠幅度,tariff_relief,1304,0.21925928358529126,0.07471458512248498,0.01638186640732832
增量关税优惠幅度,tariff_relief,1305,0.22004283044299208,0.028088381136159368,0.006180646887762053
增量关税优惠幅度,tariff_relief,1306,0.21605725083562408,0.07747485382498401,0.01673900392631788
增量关税优惠幅度,tariff_relief,1307,0.21726711773808352,0.07309008539422508,0.01588007218883368
增量关税优惠幅度,tariff_relief,1308,0.2179423550703286,0.0526102157994941,0.011465994332099955
增量关税优惠幅度,tariff_relief,1309,0.21624556185883662,0.06647683144344531,0.014375319766083007
增量关税优惠幅度,tariff_relief,1310,0.21925060886062825,0.08380561671938948,0.01837443249166659
增量关税优惠幅度,tariff_relief,1311,0.21715079630578002,0.07381789534726642,0.016029614756275637
增量关税优惠幅度,tariff_relief,1312,0.21995962884011772,0.0739405911131095,0.01626394497745847
增量关税优惠幅度,tariff_relief,1313,0.21873385659975997,0.09472643481187794,0.020719878408347818
增量关税优惠幅度,tariff_relief,1314,0.21928023200930566,0.03973377415506051,0.008712831215327023
增量关税优惠幅度,tariff_relief,1315,0.21648219690520928,0.050070912733975084,0.010839461189699945
增量关税优惠幅度,tariff_relief,1316,0.22118539829479308,0.03244878530984129,0.007177197502939477
增量关税优惠幅度,tariff_relief,1317,0.22028544084476057,0.06331513906387337,0.013947403320832667
增量关税优惠幅度,tariff_relief,1318,0.2190075838850439,0.07892350976839164,0.017284847186103115
增量关税优惠幅度,tariff_relief,1319,0.2196198199452694,0.06487256626582731,0.014247301322688553
增量关税优惠幅度,tariff_relief,1320,0.21736753439699888,0.06656405473642249,0.014468864457523031
增量关税优惠幅度,tariff_relief,1321,0.21919647619897495,0.07918863123424001,0.017357868921565496
增量关税优惠幅度,tariff_relief,1322,0.21881829596158292,0.08248063690896895,0.01804827241824663
增量关税优惠幅度,tariff_relief,1323,0.2166753889958768,0.0791074546283857,0.017140638504079146
增量关税优惠幅度,tariff_relief,1324,0.2190694589214121,0.08323766268299,0.018234829725845635
增量关税优惠幅度,tariff_relief,1325,0.21596720319765125,0.07879074858212474,0.017016217609130788
增量关税优惠幅度,tariff_relief,1326,0.21529572576943365,0.08452381526503976,0.01819761615228827
增量关税优惠幅度,tariff_relief,1327,0.21859097306468264,0.06765212856207127,0.014788144612280169
增量关税优惠幅度,tariff_relief,1328,0.2189453675495433,0.0964880156144627,0.02112560404283461
增量关税优惠幅度,tariff_relief,1329,0.22058975759254953,0.04988528486279979,0.011004182895320286
增量关税优惠幅度,tariff_relief,1330,0.21805818234604388,0.05289020244908291,0.011533141409961298
增量关税优惠幅度,tariff_relief,1331,0.21947102309251845,0.06547627194680712,0.014370144392449723
增量关税优惠幅度,tariff_relief,1332,0.21723800840751506,0.05269543320372505,0.011447450961348471
增量关税优惠幅度,tariff_relief,1333,0.21854956438201342,0.07364200110394338,0.016094427261486577
增量关税优惠幅度,tariff_relief,1334,0.22166764565823835,0.06623881842561069,0.01468300293158866
增量关税优惠幅度,tariff_relief,1335,0.2197881347800546,0.06107099210272492,0.013422679443425355
增量关税优惠幅度,tariff_relief,1336,0.21787127998313865,0.055748836318186896,0.012146070326213867
增量关税优惠幅度,tariff_relief,1337,0.21934154314254142,0.05818928403900313,0.0127633273554746
增量关税优惠幅度,tariff_relief,1338,0.21903555150961873,0.07721884462189266,0.016913672218691816
增量关税优惠幅度,tariff_relief,1339,0.21833057064222217,0.06961235445027632,0.015198505070877463
增量关税优惠幅度,tariff_relief,1340,0.21891034382510155,0.05499536565633339,0.012039054404615123
增量关税优惠幅度,tariff_relief,1341,0.21951829173664658,0.0724654753350461,0.01590749735543342
增量关税优惠幅度,tariff_relief,1342,0.21928892256473673,0.05549260330570233,0.012168913189219812
增量关税优惠幅度,tariff_relief,1343,0.21756576357758328,0.08295410503746611,0.018047973204371362
增量关税优惠幅度,tariff_relief,1344,0.22014360207766331,0.0652785617079486,0.014370657712836826
增量关税优惠幅度,tariff_relief,1345,0.21937389924468967,0.06306839401545175,0.013835559514270101
增量关税优惠幅度,tariff_relief,1346,0.21836369158324698,0.08088760507897727,0.017662916048373275
增量关税优惠幅度,tariff_relief,1347,0.21624165272973103,0.056129281070047984,0.012137488505118782
增量关税优惠幅度,tariff_relief,1348,0.21990443085353928,0.06588492221158837,0.01448838632076905
增量关税优惠幅度,tariff_relief,1349,0.22142947317415254,0.06368840946940402,0.01410249095610984
增量关税优惠幅度,tariff_relief,1350,0.21721613034787482,0.0694003809933242,0.015074882204038083
增量关税优惠幅度,tariff_relief,1351,0.22203335839636335,0.07562927212932384,0.016792221283946255
增量关税优惠幅度,tariff_relief,1352,0.2195091507818696,0.07519490631553813,0.016505970028446018
增量关税优惠幅度,tariff_relief,1353,0.21624578225211163,0.05896136197998224,0.012750145844011173
增量关税优惠幅度,tariff_relief,1354,0.217155830903945,0.062488395742425366,0.01356971949930092
增量关税优惠幅度,tariff_relief,1355,0.2191480444080404,0.0774751260564847,0.016978522365545035
增量关税优惠幅度,tariff_relief,1356,0.21857423820939986,0.0439015726085328,0.009595752789104713
增量关税优惠幅度,tariff_relief,1357,0.2184353526653435,0.05234997019433091,0.011435084201418894
增量关税优惠幅度,tariff_relief,1358,0.21913858515907803,0.04975853329779617,0.010904014586469925
增量关税优惠幅度,tariff_relief,1359,0.21975680172033674,0.06483576950849795,0.014248101344264439
增量关税优惠幅度,tariff_relief,1360,0.21651016217285216,0.04409223441060722,0.009546416822803981
增量关税优惠幅度,tariff_relief,1361,0.21911373285634292,0.0603098946164869,0.013214726137591105
增量关税优惠幅度,tariff_relief,1362,0.21568338529395364,0.09531703096706098,0.020558299915144324
增量关税优惠幅度,tariff_relief,1363,0.22119652217263683,0.08526487521086269,0.018860293860126703
增量关税优惠幅度,tariff_relief,1364,0.21879424738417938,0.07338503835430818,0.016056224235989996
增量关税优惠幅度,tariff_relief,1365,0.21747365683862688,0.06826669435589364,0.014846207661861038
增量关税优惠幅度,tariff_relief,1366,0.21977823984555508,0.05380461641844549,0.011825083892011205
增量关税优惠幅度,tariff_relief,1367,0.2153771493334714,0.08530339137850998,0.0183724012635809
增量关税优惠幅度,tariff_relief,1368,0.2171011800118914,0.06133441522056334,0.013315773919723614
增量关税优惠幅度,tariff_relief,1369,0.2185346237841097,0.06771025740118979,0.014797035627494239
增量关税优惠幅度,tariff_relief,1370,0.21882482779789553,0.06067298877333338,0.013276756320308326
增量关税优惠幅度,tariff_relief,1371,0.22209017232107386,0.07982603451050779,0.017728577760146663
增量关税优惠幅度,tariff_relief,1372,0.2186614750020206,0.06647049743157904,0.014534537012507094
增量关税优惠幅度,tariff_relief,1373,0.21791214154630392,0.07838070315318733,0.01708010688001619
增量关税优惠幅度,tariff_relief,1374,0.21888661271467022,0.08660492749476416,0.018956659223728536
增量关税优惠幅度,tariff_relief,1375,0.2196174063542166,0.08040226223392488,0.01765773629682616
增量关税优惠幅度,tariff_relief,1376,0.22077396312910538,0.06765080722547555,0.014935536820051354
增量关税优惠幅度,tariff_relief,1377,0.21611716252524182,0.0684326934108428,0.014789479523911157
增量关税优惠幅度,tariff_relief,1378,0.22130195554283374,0.05763865411231207,0.012755546869911656
增量关税优惠幅度,tariff_relief,1379,0.21915112099032913,0.07722083137497672,0.016923031759631328
增量关税优惠幅度,tariff_relief,1380,0.21647387805984805,0.07602192409565807,0.01645676072655851
增量关税优惠幅度,tariff_relief,1381,0.21719215915902396,0.073204547730915,0.01589945378193726
增量关税优惠幅度,tariff_relief,1382,0.22010186796341896,0.0584979968871,0.012875518386968978
增量关税优惠幅度,tariff_relief,1383,0.22325559539893178,0.08867452512634984,0.01979708390380077
增量关税优惠幅度,tariff_relief,1384,0.2181990593544301,0.07109402438592327,0.015512649246729373
增量关税优惠幅度,tariff_relief,1385,0.21523936283328202,0.05849045630385413,0.012589448546669487
增量关税优惠幅度,tariff_relief,1386,0.2185011843689455,0.0695802339155499,0.015203363519215925
增量关税优惠幅度,tariff_relief,1387,0.22059161845681305,0.05982871285807047,0.013197712599549705
增量关税优惠幅度,tariff_relief,1388,0.21957491176716187,0.0604627037992371,0.01327609285192153
增量关税优惠幅度,tariff_relief,1389,0.21720005119488772,0.07304081420072765,0.015864468583714326
增量关税优惠幅度,tariff_relief,1390,0.21717915929334983,0.06828802187385019,0.014830735180368667
增量关税优惠幅度,tariff_relief,1391,0.21672599888999755,0.05300692921272632,0.011487979681719503
增量关税优惠幅度,tariff_relief,1392,0.21577388290897112,0.07617246099391448,0.01643602767938907
增量关税优惠幅度,tariff_relief,1393,0.2193007438901908,0.06430192780079245,0.014101460600287125
增量关税优惠幅度,tariff_relief,1394,0.21746473925076928,0.08481012927473527,0.018443212648554343
增量关税优惠幅度,tariff_relief,1395,0.21482885640509497,0.05865099136188499,0.012599925401298855
增量关税优惠幅度,tariff_relief,1396,0.2182447936399741,0.007238608052638092,0.0015797885206886551
增量关税优惠幅度,tariff_relief,1397,0.2181793414965744,0.05115635409674773,0.011161259650194004
增量关税优惠幅度,tariff_relief,1398,0.21608447778081963,0.0487641361297777,0.010537172890035813
增量关税优惠幅度,tariff_relief,1399,0.2181670625410152,0.04791531078546231,0.010453542604804135
增量关税优惠幅度,tariff_relief,1400,0.21884931571526758,0.058900143707218085,0.012890256145855601
增量关税优惠幅度,tariff_relief,1401,0.21610813395266992,0.06076807336926203,0.013132474939730153
增量关税优惠幅度,tariff_relief,1402,0.22158817444013082,0.06233735072471496,0.013813219746523754
增量关税优惠幅度,tariff_relief,1403,0.22047484429366584,0.08049692645855777,0.017747547327069194
增量关税优惠幅度,tariff_relief,1404,0.21758253665221622,0.041064498578697255,0.008934917767104276
增量关税优惠幅度,tariff_relief,1405,0.2171037139573001,0.06558442131759512,0.014238621445790226
增量关税优惠幅度,tariff_relief,1406,0.22123058638221293,0.04393901555720708,0.009720654176778098
增量关税优惠幅度,tariff_relief,1407,0.2184640072079882,0.057395718350081476,0.01253889862733986
增量关税优惠幅度,tariff_relief,1408,0.21522764576807366,0.06995809595658173,0.015056916295152078
增量关税优惠幅度,tariff_relief,1409,0.2227743847900489,0.05462205730616621,0.012168395212347975
增量关税优惠幅度,tariff_relief,1410,0.22135821875429293,0.05969569633904816,0.013214133008908866
增量关税优惠幅度,tariff_relief,1411,0.21327169173636376,0.07866514147914783,0.016777047803938256
增量关税优惠幅度,tariff_relief,1412,0.21579656820240142,0.07387508210820118,0.01594198919462044
增量关税优惠幅度,tariff_relief,1413,0.2212449181299951,0.07341097696450123,0.016241805588354034
增量关税优惠幅度,tariff_relief,1414,0.21745797565386832,0.07110849719460617,0.015463109851727832
增量关税优惠幅度,tariff_relief,1415,0.21493422649548422,0.06680705671088763,0.01435912305859458
增量关税优惠幅度,tariff_relief,1416,0.21842489121585854,0.05925790101426167,0.012943400582720218
增量关税优惠幅度,tariff_relief,1417,0.2232538455858264,0.03843416967373768,0.008580576181560084
增量关税优惠幅度,tariff_relief,1418,0.21862285274703513,0.07526134240109515,0.016453849377298817
增量关税优惠幅度,tariff_relief,1419,0.21655133056039305,0.0597609397671301,0.012941311022111528
增量关税优惠幅度,tariff_relief,1420,0.21941620115775426,0.07722234818973352,0.01694383428427271
增量关税优惠幅度,tariff_relief,1421,0.21585036063360888,0.07934375525111322,0.017126378184977586
增量关税优惠幅度,tariff_relief,1422,0.2162881380642451,0.0666649804970035,0.0144188445057861
增量关税优惠幅度,tariff_relief,1423,0.2175471727815075,0.041807180760157533,0.009095033976337707
增量关税优惠幅度,tariff_relief,1424,0.21837125684918476,0.05351036118313495,0.011685124826015008
增量关税优惠幅度,tariff_relief,1425,0.21710956940105,0.048674970857669586,0.0105678019635173
增量关税优惠幅度,tariff_relief,1426,0.21812688785869666,0.06430410487726027,0.01402645427341602
增量关税优惠幅度,tariff_relief,1427,0.21884679485323733,0.05872041932054246,0.012850775560738829
增量关税优惠幅度,tariff_relief,1428,0.22180289876881415,0.03877773695641738,0.008601014464627948
增量关税优惠幅度,tariff_relief,1429,0.21800940383527612,0.05105983523892566,0.011131524240365606
增量关税优惠幅度,tariff_relief,1430,0.21697143643350006,0.07812078969542205,0.016949979955535092
增量关税优惠幅度,tariff_relief,1431,0.21943708859637154,0.08122240724065286,0.01782320857367771
增量关税优惠幅度,tariff_relief,1432,0.2172773663564933,0.06177414544436844,0.013422123631075344
增量关税优惠幅度,tariff_relief,1433,0.21539819968466561,0.0641561219864502,0.013819113174631165
增量关税优惠幅度,tariff_relief,1434,0.21790687503478376,0.07235747906439478,0.015767192148317056
增量关税优惠幅度,tariff_relief,1435,0.219761510562063,0.06610062458964132,0.014526373108915422
增量关税优惠幅度,tariff_relief,1436,0.2206016463894481,0.09707148350158985,0.02141412907791687
增量关税优惠幅度,tariff_relief,1437,0.21854567006305178,0.06431220940404711,0.014055154897442777
增量关税优惠幅度,tariff_relief,1438,0.2184223667638419,0.07907830848899904,0.01727247129984838
增量关税优惠幅度,tariff_relief,1439,0.22195411653417046,0.08163541383497931,0.01811931615564423
增量关税优惠幅度,tariff_relief,1440,0.22147071645063035,0.08610094476649559,0.01906883792451193
增量关税优惠幅度,tariff_relief,1441,0.22360702136209523,0.07142173512657095,0.015970401452165058
增量关税优惠幅度,tariff_relief,1442,0.21538395104706629,0.08463133838687058,0.018228232044165436
增量关税优惠幅度,tariff_relief,1443,0.22027252282593845,0.07376220156512668,0.01624778622794584
增量关税优惠幅度,tariff_relief,1444,0.2179642567294134,0.08404842288984803,0.01831955202446514
增量关税优惠幅度,tariff_relief,1445,0.21860911575057335,0.082119966029125,0.01795217315909414
增量关税优惠幅度,tariff_relief,1446,0.2211447638256243,0.06966603583188014,0.015406279040708614
增量关税优惠幅度,tariff_relief,1447,0.21771746233783965,0.06553284502891216,0.014267644719473664
增量关税优惠幅度,tariff_relief,1448,0.22025759340699633,0.07947934064196989,0.017505928295375162
增量关税优惠幅度,tariff_relief,1449,0.21627959504743716,0.04832119218574349,0.010450887878141987
增量关税优惠幅度,tariff_relief,1450,0.21964195102328354,0.051816374474967,0.011381049584634822
增量关税优惠幅度,tariff_relief,1451,0.21847508339866828,0.059714524281275,0.013046135672463358
增量关税优惠幅度,tariff_relief,1452,0.21833665969808772,0.06886536915615737,0.015035834670431118
增量关税优惠幅度,tariff_relief,1453,0.21806720501753526,0.05733342942002038,0.012502540707693972
增量关税优惠幅度,tariff_relief,1454,0.22298729562966313,0.049435789069797294,0.011023552911992559
增量关税优惠幅度,tariff_relief,1455,0.21717534707144637,0.0549218332176512,0.011927668190843491
增量关税优惠幅度,tariff_relief,1456,0.21760586019222816,0.07723620930192693,0.016807051763132783
增量关税优惠幅度,tariff_relief,1457,0.2209385250698525,0.07183047362481965,0.015870118897736596
增量关税优惠幅度,tariff_relief,1458,0.2186683404298958,0.05231828942412635,0.011440353522504677
增量关税优惠幅度,tariff_relief,1459,0.22002140905793094,0.0526573286274815,0.011585739641845004
增量关税优惠幅度,tariff_relief,1460,0.21820583814085465,0.040626853056679874,0.008865016522258174
增量关税优惠幅度,tariff_relief,1461,0.21953622800961733,0.09303398284949654,0.020424329671489903
增量关税优惠幅度,tariff_relief,1462,0.22353092653685594,0.0654608066408668,0.014632514760282928
增量关税优惠幅度,tariff_relief,1463,0.2184498208949278,0.07491770541533979,0.01636575932983994
增量关税优惠幅度,tariff_relief,1464,0.2159240043214523,0.08221333898223716,0.0177518333616816
增量关税优惠幅度,tariff_relief,1465,0.21962533678389065,0.05846579044164517,0.012840568916082694
增量关税优惠幅度,tariff_relief,1466,0.2201754678597579,0.05088960548971104,0.011204642697895631
增量关税优惠幅度,tariff_relief,1467,0.21703120662946362,0.04582683448158873,0.009945853183547912
增量关税优惠幅度,tariff_relief,1468,0.220623988141165,0.06958097699674787,0.015351232643781175
增量关税优惠幅度,tariff_relief,1469,0.21887183921273903,0.10381084102268756,0.022721269704856883
增量关税优惠幅度,tariff_relief,1470,0.2180069636848655,0.07461867252563328,0.016267390231508607
增量关税优惠幅度,tariff_relief,1471,0.217536625359067,0.0465262458729734,0.010121162517832853
增量关税优惠幅度,tariff_relief,1472,0.21866329875354765,0.054263550114281286,0.011865446870067194
增量关税优惠幅度,tariff_relief,1473,0.22172877649961953,0.06572110987606175,0.014572261283016233
增量关税优惠幅度,tariff_relief,1474,0.21705136392087407,0.06512230758182568,0.014134885682309941
增量关税优惠幅度,tariff_relief,1475,0.2186802332501813,0.06721771197329435,0.014699184932863511
增量关税优惠幅度,tariff_relief,1476,0.21931555309619108,0.06604229670225402,0.014484102828997597
增量关税优惠幅度,tariff_relief,1477,0.21992761648188633,0.04949439678510084,0.010885184714155966
增量关税优惠幅度,tariff_relief,1478,0.21814332665201996,0.05084558969260017,0.011091626081127457
增量关税优惠幅度,tariff_relief,1479,0.2208524051784876,0.05326498158967925,0.011763699295868525
增量关税优惠幅度,tariff_relief,1480,0.21834663385410924,0.06876365123561587,0.015014311778814685
增量关税优惠幅度,tariff_relief,1481,0.2206025591361879,0.06764479687312414,0.014922615302458786
增量关税优惠幅度,tariff_relief,1482,0.21799579367056704,0.06412799225349246,0.013979632567800063
增量关税优惠幅度,tariff_relief,1483,0.21805410529770558,0.053435706867560384,0.011651875251956342
增量关税优惠幅度,tariff_relief,1484,0.22067119482859945,0.06623030531122091,0.014615120606890056
增量关税优惠幅度,tariff_relief,1485,0.21506872233527186,0.05370079965613475,0.011549362370427307
增量关税优惠幅度,tariff_relief,1486,0.2180543969385752,0.06990064704779882,0.015242143437623968
增量关税优惠幅度,tariff_relief,1487,0.21989182252594294,0.06021553683619772,0.013240904139289569
增量关税优惠幅度,tariff_relief,1488,0.2170678978077135,0.041147509239006536,0.008931803330534617
增量关税优惠幅度,tariff_relief,1489,0.2176516537273702,0.0644653507113057,0.014030990190430586
增量关税优惠幅度,tariff_relief,1490,0.21738547654971385,0.07294806939097803,0.015857850827939352
增量关税优惠幅度,tariff_relief,1491,0.21869173111599544,0.0499003239784477,0.010912788234095744
增量关税优惠幅度,tariff_relief,1492,0.21670336025667733,0.07865006483105552,0.01704373333329525
增量关税优惠幅度,tariff_relief,1493,0.22359273592010356,0.06558202008770994,0.014663663298578256
增量关税优惠幅度,tariff_relief,1494,0.22142478170568178,0.06017634792866441,0.013324534703949672
增量关税优惠幅度,tariff_relief,1495,0.217188070926036,0.08071368642878468,0.017530049852796718
增量关税优惠幅度,tariff_relief,1496,0.2148320484730279,0.08351823026749275,0.017942392493207508
增量关税优惠幅度,tariff_relief,1497,0.21835881801533213,0.07975340564708197,0.017414859389794136
增量关税优惠幅度,tariff_relief,1498,0.21731081272704622,0.04971335156530811,0.01080324883204248
增量关税优惠幅度,tariff_relief,1499,0.2164773167286571,0.07645514639132438,0.016550804940890573
增量关税优惠幅度,tariff_relief,1500,0.21555652536515885,0.05707156942836321,0.012302149203114399
增量关税优惠幅度,tariff_relief,1501,0.2150444617159708,0.08780866974264194,0.01888276811880189
增量关税优惠幅度,tariff_relief,1502,0.21695354825544033,0.06263181937698616,0.013588195447530989
增量关税优惠幅度,tariff_relief,1503,0.21941807369431435,0.09028589856520518,0.01981035794493758
增量关税优惠幅度,tariff_relief,1504,0.21673535957830425,0.08866726613360673,0.019217331808292454
增量关税优惠幅度,tariff_relief,1505,0.21640369709974283,0.0759053026839793,0.016426188130288153
增量关税优惠幅度,tariff_relief,1506,0.21804006222846173,0.09875714282736793,0.021533013567584386
增量关税优惠幅度,tariff_relief,1507,0.219382461120043,0.06527452475126493,0.014320085888373663
增量关税优惠幅度,tariff_relief,1508,0.2176999277575121,0.051054346050899285,0.011114527446987797
增量关税优惠幅度,tariff_relief,1509,0.21859862112985362,0.07800800040212384,0.01705244132500134
增量关税优惠幅度,tariff_relief,1510,0.2178706924459864,0.057755354107175756,0.012583198991793526
增量关税优惠幅度,tariff_relief,1511,0.21673277130715402,0.08400037332814363,0.018205633702244112
增量关税优惠幅度,tariff_relief,1512,0.2182292320421324,0.062303255805694194,0.01359639166820117
增量关税优惠幅度,tariff_relief,1513,0.22249544902400142,0.06332926412195326,0.014090473057173574
增量关税优惠幅度,tariff_relief,1514,0.21810570082804295,0.08195037201018703,0.017873843320400675
增量关税优惠幅度,tariff_relief,1515,0.22112281727704158,0.07732866788413567,0.017099132898820767
增量关税优惠幅度,tariff_relief,1516,0.2173916090804218,0.08747830039299095,0.0190170484820528
增量关税优惠幅度,tariff_relief,1517,0.21632842976761285,0.08374662164694922,0.0181167751592269
增量关税优惠幅度,tariff_relief,1518,0.21969237656296667,0.07712343791968557,0.016943431365282143
增量关税优惠幅度,tariff_relief,1519,0.21808242102628062,0.07049996775401034,0.01537480365006929
增量关税优惠幅度,tariff_relief,1520,0.21454612913618454,0.07415203181171953,0.015909031392787643
增量关税优惠幅度,tariff_relief,1521,0.21511412348163902,0.05432838845007377,0.01168680366160762
增量关税优惠幅度,tariff_relief,1522,0.21870623870931982,0.07807568954059432,0.017075640394059968
增量关税优惠幅度,tariff_relief,1523,0.2182723182167054,0.06725345511135179,0.014679567555237891
增量关税优惠幅度,tariff_relief,1524,0.21623263751120975,0.06977928046908392,0.015088557859464462
增量关税优惠幅度,tariff_relief,1525,0.21775772828448234,0.08011339921203556,0.0174453118175607
增量关税优惠幅度,tariff_relief,1526,0.21907275984856758,0.08038529822079149,0.017610229132478943
增量关税优惠幅度,tariff_relief,1527,0.21537773850101716,0.07410102648338425,0.01595971150459528
增量关税优惠幅度,tariff_relief,1528,0.2183633633532475,0.07902700421638635,0.017256602436421395
增量关税优惠幅度,tariff_relief,1529,0.2162837176883784,0.08775795636009495,0.018980617058295807
增量关税优惠幅度,tariff_relief,1530,0.21867461225089566,0.049437714134490184,0.010810772968930264
增量关税优惠幅度,tariff_relief,1531,0.2185415376047994,0.0773636366415202,0.016907168106336825
增量关税优惠幅度,tariff_relief,1532,0.22047111604982078,0.07836994408067896,0.017278309036229338
增量关税优惠幅度,tariff_relief,1533,0.21768772269023481,0.061659281336542665,0.013422468536868471
增量关税优惠幅度,tariff_relief,1534,0.22064339674732739,0.07629047262172928,0.01683298901871733
增量关税优惠幅度,tariff_relief,1535,0.21726322712215898,0.07967085306743558,0.017309546645006415
增量关税优惠幅度,tariff_relief,1536,0.21989806550970487,0.07046865329358992,0.015495920538334516
增量关税优惠幅度,tariff_relief,1537,0.21812360971109132,0.07148970328584384,0.015593592137883123
增量关税优惠幅度,tariff_relief,1538,0.21585715865175084,0.06276781866056706,0.01354888299083835
增量关税优惠幅度,tariff_relief,1539,0.22161819881416708,0.05215921622527824,0.011559431551404842
增量关税优惠幅度,tariff_relief,1540,0.21937093749279413,0.052533439551304816,0.011524309884090768
增量关税优惠幅度,tariff_relief,1541,0.21688387642383802,0.08016272776918505,0.0173860031432897
增量关税优惠幅度,tariff_relief,1542,0.21722081976291469,0.07605425690539377,0.01652056803144895
增量关税优惠幅度,tariff_relief,1543,0.21853956211178593,0.07530019129289069,0.016456070832082045
增量关税优惠幅度,tariff_relief,1544,0.21632781218821825,0.07251434545017645,0.01568686970349735
增量关税优惠幅度,tariff_relief,1545,0.21639338440283298,0.06403994180662162,0.013857819744495327
增量关税优惠幅度,tariff_relief,1546,0.21845002213414746,0.0574522040067104,0.012550435236921443
增量关税优惠幅度,tariff_relief,1547,0.21684796811127036,0.06536325901414639,0.01417388990634832
增量关税优惠幅度,tariff_relief,1548,0.2158557955197112,0.041828436007993075,0.009028910329850679
增量关税优惠幅度,tariff_relief,1549,0.21980205762699087,0.04983589936764943,0.010954033224700998
增量关税优惠幅度,tariff_relief,1550,0.21790471463743713,0.07860674229553144,0.01712877974848634
增量关税优惠幅度,tariff_relief,1551,0.21991109406657428,0.062384864936357705,0.01371912390134989
增量关税优惠幅度,tariff_relief,1552,0.21834826224168932,0.06953777853750276,0.015183453103811168
增量关税优惠幅度,tariff_relief,1553,0.22245534381080767,0.06399515177693782,0.014236063490763522
增量关税优惠幅度,tariff_relief,1554,0.2153106200723589,0.062329317278343746,0.013420163951886986
增量关税优惠幅度,tariff_relief,1555,0.21405934397973414,0.06525825334348462,0.01396913889996961
增量关税优惠幅度,tariff_relief,1556,0.218404684921803,0.05326634592154082,0.01163361949792989
增量关税优惠幅度,tariff_relief,1557,0.21811795005357307,0.05754502104186677,0.012551602025441706
增量关税优惠幅度,tariff_relief,1558,0.22022221130893332,0.08917642662569499,0.019638629868139388
增量关税优惠幅度,tariff_relief,1559,0.21795221931925204,0.06557629502516062,0.014292499035467783
增量关税优惠幅度,tariff_relief,1560,0.22010200148217454,0.06275699263272572,0.013812939685465013
增量关税优惠幅度,tariff_relief,1561,0.21667799250173997,0.056902491484250195,0.012329517623154686
增量关税优惠幅度,tariff_relief,1562,0.2191139369446192,0.05101009675497887,0.011177023123909365
增量关税优惠幅度,tariff_relief,1563,0.2166845100091899,0.07730145518062281,0.01675002793881061
增量关税优惠幅度,tariff_relief,1564,0.21547859874645167,0.049159339158776114,0.010592785517234648
增量关税优惠幅度,tariff_relief,1565,0.21683805484219093,0.061282862486792405,0.013288456696797537
增量关税优惠幅度,tariff_relief,1566,0.21976733096122275,0.07822847649081267,0.017192063483548663
增量关税优惠幅度,tariff_relief,1567,0.21451049680504508,0.08769402680445604,0.018811289256658804
增量关税优惠幅度,tariff_relief,1568,0.21740665555097824,0.06761640606832783,0.014700256703692025
增量关税优惠幅度,tariff_relief,1569,0.2185030606230395,0.07063914239637675,0.01543486881339503
增量关税优惠幅度,tariff_relief,1570,0.21970262576156824,0.07608857092075402,0.016716858821734966
增量关税优惠幅度,tariff_relief,1571,0.2198013705883972,0.05161323416658122,0.011344659610314443
增量关税优惠幅度,tariff_relief,1572,0.21953679681859964,0.046993218568616685,0.010316740676750445
增量关税优惠幅度,tariff_relief,1573,0.21584604684548406,0.07798473404378899,0.016832696557648293
增量关税优惠幅度,tariff_relief,1574,0.21804756384190352,0.06589272354777306,0.014367747844499946
增量关税优惠幅度,tariff_relief,1575,0.2210994213368253,0.08531941390630546,0.018864073043481224
增量关税优惠幅度,tariff_relief,1576,0.21790569049495115,0.022001334595628468,0.0047942160068708784
增量关税优惠幅度,tariff_relief,1577,0.21796338405888713,0.09257459145127307,0.020177871230588403
增量关税优惠幅度,tariff_relief,1578,0.21610480586239672,0.06598788807832592,0.014260299742436186
增量关税优惠幅度,tariff_relief,1579,0.21816831448256316,0.0913912988357785,0.01993868562537403
增量关税优惠幅度,tariff_relief,1580,0.2187002861274664,0.07727947333355135,0.01690104292982759
增量关税优惠幅度,tariff_relief,1581,0.22023016110932164,0.08655702538626583,0.01906246764596097
增量关税优惠幅度,tariff_relief,1582,0.21998699902446192,0.07125362553471437,0.015674871250994586
增量关税优惠幅度,tariff_relief,1583,0.22053553562404168,0.07571505370659232,0.016697859923986418
增量关税优惠幅度,tariff_relief,1584,0.21632348403776933,0.06344714965051258,0.01372510846466462
增量关税优惠幅度,tariff_relief,1585,0.21787865756295943,0.09663466359209762,0.02105463077749442
增量关税优惠幅度,tariff_relief,1586,0.21997754787453536,0.07367964819316483,0.01620786833779084
增量关税优惠幅度,tariff_relief,1587,0.21729556057889002,0.06457434737109359,0.014031719011017754
增量关税优惠幅度,tariff_relief,1588,0.22099463657911686,0.07083348536608418,0.015653820356109967
增量关税优惠幅度,tariff_relief,1589,0.21669661474138707,0.03424056487191201,0.007419814494576188
增量关税优惠幅度,tariff_relief,1590,0.22075813837918162,0.06110027003891448,0.013488381868256048
增量关税优惠幅度,tariff_relief,1591,0.2210889909967746,0.05995383754311952,0.013255133448792837
增量关税优惠幅度,tariff_relief,1592,0.21999946581518812,0.0649591488164022,0.014290978039417795
增量关税优惠幅度,tariff_relief,1593,0.2200650122398242,0.07673370229719205,0.016886403135238596
增量关税优惠幅度,tariff_relief,1594,0.21540819416481172,0.06731000198174587,0.014499125976117777
增量关税优惠幅度,tariff_relief,1595,0.21965605072400385,0.08513846838546481,0.018701179730241657
增量关税优惠幅度,tariff_relief,1596,0.22194193050380634,0.06451565059891037,0.014318728041631219
增量关税优惠幅度,tariff_relief,1597,0.22183895688222274,0.08389392348929303,0.01861094047562177
增量关税优惠幅度,tariff_relief,1598,0.21872664732988642,0.06498483939607655,0.014213916048374945
增量关税优惠幅度,tariff_relief,1599,0.21780407086601025,0.08851412646103003,0.019278737072361177
增量关税优惠幅度,tariff_relief,1600,0.21702896275975303,0.08483898508830665,0.018412516935305344
增量关税优惠幅度,tariff_relief,1601,0.22357791028259272,0.058603397521795914,0.013102425153383203
增量关税优惠幅度,tariff_relief,1602,0.21980900861569255,0.0900381500964838,0.01979119651029903
增量关税优惠幅度,tariff_relief,1603,0.22062441429862517,0.05400784255459479,0.011915448631139839
增量关税优惠幅度,tariff_relief,1604,0.21784299624478484,0.0817385663420126,0.017806174200697147
增量关税优惠幅度,tariff_relief,1605,0.21551562856326956,0.04910018402912731,0.010581857023609581
增量关税优惠幅度,tariff_relief,1606,0.2184199814396714,0.06373715363573657,0.013921467914135064
增量关税优惠幅度,tariff_relief,1607,0.2177682200267893,0.07842004252210537,0.017077393074464015
增量关税优惠幅度,tariff_relief,1608,0.2198558873268825,0.059852191333006684,0.013158856633976531
增量关税优惠幅度,tariff_relief,1609,0.21454250017415866,0.0707058373204818,0.015169407115643501
增量关税优惠幅度,tariff_relief,1610,0.2185261138725518,0.052178636800863445,0.011402394727260007
增量关税优惠幅度,tariff_relief,1611,0.21992502764285363,0.09981353988164575,0.021951495517602015
增量关税优惠幅度,tariff_relief,1612,0.21901303032293618,0.04832935751435134,0.010584759042778655
增量关税优惠幅度,tariff_relief,1613,0.21750187119347136,0.0632674082569452,0.013760779681446862
增量关税优惠幅度,tariff_relief,1614,0.22024893852153243,0.07766285662773956,0.017105161734809596
增量关税优惠幅度,tariff_relief,1615,0.22139026713842747,0.06870801038266336,0.01521128477316769
增量关税优惠幅度,tariff_relief,1616,0.2182938034262196,0.06941029464149366,0.0151518372142262
增量关税优惠幅度,tariff_relief,1617,0.21637735667332986,0.09301430310179747,0.02012618903797884
增量关税优惠幅度,tariff_relief,1618,0.21548658370672405,0.0755044387980259,0.016270193571280032
增量关税优惠幅度,tariff_relief,1619,0.22030749241689299,0.08654304950330569,0.01906608222218431
增量关税优惠幅度,tariff_relief,1620,0.22018513136180254,0.07951674521100006,0.017508404989747033
增量关税优惠幅度,tariff_relief,1621,0.2232487496742501,0.07341383613547776,0.016389547126035693
增量关税优惠幅度,tariff_relief,1622,0.21760385023792483,0.07778898944105257,0.01692718360849032
增量关税优惠幅度,tariff_relief,1623,0.2162296503560566,0.09329107831425683,0.020172297245231247
增量关税优惠幅度,tariff_relief,1624,0.21626665264161202,0.05554653411652853,0.012012862999224726
增量关税优惠幅度,tariff_relief,1625,0.22095065802762018,0.07746749739086044,0.017116494524263563
增量关税优惠幅度,tariff_relief,1626,0.21584460352056375,0.08460213099279398,0.018260913421134416
增量关税优惠幅度,tariff_relief,1627,0.2188556300244978,0.05722921962024097,0.012524936915798188
增量关税优惠幅度,tariff_relief,1628,0.2202327752421989,0.05433856839448575,0.011967133720205633
增量关税优惠幅度,tariff_relief,1629,0.21812918851087504,0.08819104208461867,0.0192370404438463
增量关税优惠幅度,tariff_relief,1630,0.22095635630379806,0.08494192747818799,0.01876845879300188
增量关税优惠幅度,tariff_relief,1631,0.21975215381836605,0.08349816538771464,0.018348901683832436
增量关税优惠幅度,tariff_relief,1632,0.21706371641901342,0.07659803252722833,0.016626653610744654
增量关税优惠幅度,tariff_relief,1633,0.22078422826454655,0.07510599809129839,0.016582219826625822
增量关税优惠幅度,tariff_relief,1634,0.21890816028400997,0.07471486872878091,0.016355694459278737
增量关税优惠幅度,tariff_relief,1635,0.21966197034340565,0.08224109135827899,0.018065240170951593
增量关税优惠幅度,tariff_relief,1636,0.2178293770875724,0.08600854103924398,0.018735186918789424
增量关税优惠幅度,tariff_relief,1637,0.2178068270774908,0.0893705438964393,0.019465514600273053
增量关税优惠幅度,tariff_relief,1638,0.2227194766228457,0.0629743976652763,0.014025624888649292
增量关税优惠幅度,tariff_relief,1639,0.2198427711259246,0.0361946479124872,0.007957131697008348
增量关税优惠幅度,tariff_relief,1640,0.22058374943296594,0.06346406759616195,0.0139991419846286
增量关税优惠幅度,tariff_relief,1641,0.21712616823282843,0.08154103294705516,0.017704692037540902
增量关税优惠幅度,tariff_relief,1642,0.21721323215031638,0.08158240483535587,0.01772077784088325
增量关税优惠幅度,tariff_relief,1643,0.2194287618212609,0.05974706144172563,0.013110223714616655
增量关税优惠幅度,tariff_relief,1644,0.22210484363596955,0.03038104250783248,0.0067477766956998775
增量关税优惠幅度,tariff_relief,1645,0.22036814197617155,0.07613014614422853,0.01677665885417804
增量关税优惠幅度,tariff_relief,1646,0.21791504400233094,0.07997273390054219,0.017427261826923356
增量关税优惠幅度,tariff_relief,1647,0.21741592652409686,0.06153497704152528,0.013378684047122247
增量关税优惠幅度,tariff_relief,1648,0.21892967901851645,0.06585769258005096,0.01441820349745069
增量关税优惠幅度,tariff_relief,1649,0.2167288083197757,0.07733534520539853,0.0167607972073645
增量关税优惠幅度,tariff_relief,1650,0.22038636154976296,0.07764187661903078,0.017111210691963804
增量关税优惠幅度,tariff_relief,1651,0.21785693538079953,0.06909434904272256,0.015052683134578818
增量关税优惠幅度,tariff_relief,1652,0.21575743510774348,0.06609473995073607,0.014260431565884118
增量关税优惠幅度,tariff_relief,1653,0.21639409500812995,0.06641242350136613,0.014371256280874784
增量关税优惠幅度,tariff_relief,1654,0.2175509611513141,0.03744473766162989,0.008146138668346391
增量关税优惠幅度,tariff_relief,1655,0.21939418442128014,0.0750496456890855,0.016465455807062955
增量关税优惠幅度,tariff_relief,1656,0.218524533096318,0.07034461227421972,0.015372023553065384
增量关税优惠幅度,tariff_relief,1657,0.2187870545243099,0.06045769325638975,0.013227360630899748
增量关税优惠幅度,tariff_relief,1658,0.22003200047224475,0.07750952820260867,0.01705457654607986
增量关税优惠幅度,tariff_relief,1659,0.21848757274369798,0.08892269691760063,0.019428504211350076
增量关税优惠幅度,tariff_relief,1660,0.21742750019214135,0.07972438673518499,0.017334274112182788
增量关税优惠幅度,tariff_relief,1661,0.21910320306733155,0.06691130823307898,0.014660481955293117
增量关税优惠幅度,tariff_relief,1662,0.2198985194797647,0.06659659665945068,0.014644493007804248
增量关税优惠幅度,tariff_relief,1663,0.21667029951092717,0.0746467139966756,0.016173725879166222
增量关税优惠幅度,tariff_relief,1664,0.2196414669285717,0.07926183700147989,0.017409186150458385
增量关税优惠幅度,tariff_relief,1665,0.2178815912702997,0.0847055193813465,0.018455773352184988
增量关税优惠幅度,tariff_relief,1666,0.2204857482237385,0.08269670998633975,0.01823344597697963
增量关税优惠幅度,tariff_relief,1667,0.21839038317292467,0.041119725543133326,0.008980152617330385
增量关税优惠幅度,tariff_relief,1668,0.21674729064162246,0.053586515911410774,0.011614732138722477
增量关税优惠幅度,tariff_relief,1669,0.2205980789504611,0.10823938281060039,0.023877399914802006
增量关税优惠幅度,tariff_relief,1670,0.2208530433875075,0.07043094491178013,0.015554888532424527
增量关税优惠幅度,tariff_relief,1671,0.21788897534130833,0.06072501328874394,0.013231310923071749
增量关税优惠幅度,tariff_relief,1672,0.21860649371233504,0.06838630188090881,0.01494968967213874
增量关税优惠幅度,tariff_relief,1673,0.21734961507107853,0.05916357568496699,0.012859180401356196
增量关税优惠幅度,tariff_relief,1674,0.22216890204611747,0.06692974613776302,0.014869708213652182
增量关税优惠幅度,tariff_relief,1675,0.2179249428837517,0.06739702580231492,0.014687492998504218
增量关税优惠幅度,tariff_relief,1676,0.21969583371139872,0.07704515564862281,0.016926499703648668
增量关税优惠幅度,tariff_relief,1677,0.21973126441688443,0.06378609790651453,0.014015799945217622
增量关税优惠幅度,tariff_relief,1678,0.22267918098670403,0.07855944492127559,0.017493552853839734
增量关税优惠幅度,tariff_relief,1679,0.21423289733674575,0.058686568972116326,0.012572593705649246
增量关税优惠幅度,tariff_relief,1680,0.22258389176265542,0.10113302725779735,0.022510582792779246
增量关税优惠幅度,tariff_relief,1681,0.21996531172472408,0.04194644308773082,0.009226762429536108
增量关税优惠幅度,tariff_relief,1682,0.21591250745932505,0.07472174105473496,0.016133358472854218
增量关税优惠幅度,tariff_relief,1683,0.21918642553571568,0.08137526347518279,0.017836353128152394
增量关税优惠幅度,tariff_relief,1684,0.22063313873517795,0.05481919422202301,0.01209493088413827
增量关税优惠幅度,tariff_relief,1685,0.21754554221950623,0.04227558788935783,0.00919686569003874
增量关税优惠幅度,tariff_relief,1686,0.22169353085792898,0.06977640746618527,0.015468978141760169
增量关税优惠幅度,tariff_relief,1687,0.2196432547279305,0.05065711949551508,0.011126494601136632
增量关税优惠幅度,tariff_relief,1688,0.21922752210335508,0.0895998290583304,0.019642748505341964
增量关税优惠幅度,tariff_relief,1689,0.21794903158815307,0.07914241341546711,0.01724901236145031
增量关税优惠幅度,tariff_relief,1690,0.21692713852850387,0.09916996159761411,0.021512655997352047
增量关税优惠幅度,tariff_relief,1691,0.2170376330360287,0.06102514490275032,0.0132447530053736
增量关税优惠幅度,tariff_relief,1692,0.21954051435604546,0.08981652529573328,0.019718366161098053
增量关税优惠幅度,tariff_relief,1693,0.21697437368998637,0.05672736448229612,0.01230838437962978
增量关税优惠幅度,tariff_relief,1694,0.21899523933788217,0.055568584488043686,0.012169255459626454
增量关税优惠幅度,tariff_relief,1695,0.21552622762548992,0.09016985795010227,0.019433969329511833
增量关税优惠幅度,tariff_relief,1696,0.21797503123812512,0.062480784233722206,0.013619250895128153
增量关税优惠幅度,tariff_relief,1697,0.21538247202476865,0.04676484940977133,0.010072328869742592
增量关税优惠幅度,tariff_relief,1698,0.21687997343030546,0.07003299442769867,0.015188753970724018
增量关税优惠幅度,tariff_relief,1699,0.21904503422454,0.07002257948754255,0.01533809832033933
增量关税优惠幅度,tariff_relief,1700,0.22130930829977535,0.08745628272598616,0.01935488943655759
增量关税优惠幅度,tariff_relief,1701,0.22052539377534058,0.0965163203539404,0.021284299551799623
增量关税优惠幅度,tariff_relief,1702,0.22037789969896907,0.08283265171329299,0.01825448581107172
增量关税优惠幅度,tariff_relief,1703,0.21670129782742031,0.08332336158432241,0.01805628059466608
增量关税优惠幅度,tariff_relief,1704,0.21354627305958454,0.07454666267117353,0.01591916198245916
增量关税优惠幅度,tariff_relief,1705,0.2194937465264998,0.06685937142432545,0.014675213924331994
增量关税优惠幅度,tariff_relief,1706,0.21630726369972003,0.058834192357454525,0.012726263160823969
增量关税优惠幅度,tariff_relief,1707,0.2182104219607668,0.06338134349530514,0.013830469708550836
增量关税优惠幅度,tariff_relief,1708,0.21924785146711306,0.07560298223289856,0.01657579141906933
增量关税优惠幅度,tariff_relief,1709,0.2153360164801633,0.08291634757164897,0.017854875987163548
增量关税优惠幅度,tariff_relief,1710,0.21468355202961156,0.07556155054544256,0.01622182206796064
增量关税优惠幅度,tariff_relief,1711,0.21781445670272803,0.06540911799547894,0.014247051499589877
增量关税优惠幅度,tariff_relief,1712,0.21685700219807988,0.06888045961694815,0.014937209982557277
增量关税优惠幅度,tariff_relief,1713,0.21748089585575045,0.04926285487360424,0.010713729810323272
增量关税优惠幅度,tariff_relief,1714,0.2169601918122255,0.06815478834425928,0.014786875952092125
增量关税优惠幅度,tariff_relief,1715,0.21780956582132335,0.07582815074658364,0.01651609659114724
增量关税优惠幅度,tariff_relief,1716,0.21859475327756472,0.06940683451564866,0.015171969866724984
增量关税优惠幅度,tariff_relief,1717,0.22076816594065438,0.07043896669960324,0.015550681489026236
增量关税优惠幅度,tariff_relief,1718,0.21884801339154686,0.07107898684259469,0.015555495064385744
增量关税优惠幅度,tariff_relief,1719,0.2190897812670024,0.05019757090461378,0.010997774829626676
增量关税优惠幅度,tariff_relief,1720,0.21935122013802671,0.08345712058495641,0.018306421229516614
增量关税优惠幅度,tariff_relief,1721,0.21923323672931364,0.10703930738870063,0.023466573816088774
增量关税优惠幅度,tariff_relief,1722,0.2206577067152753,0.057576054936624176,0.012704600244028195
增量关税优惠幅度,tariff_relief,1723,0.21578649470495054,0.07340617760134795,0.015840061754283926
增量关税优惠幅度,tariff_relief,1724,0.22041094047849194,0.06104320037837695,0.013454589205215098
增量关税优惠幅度,tariff_relief,1725,0.21626326697607834,0.07536492637425884,0.016298665193108828
增量关税优惠幅度,tariff_relief,1726,0.21724019306318507,0.07938863565352916,0.017246402536395533
增量关税优惠幅度,tariff_relief,1727,0.22063504865699524,0.0458991779049731,0.010126967350379821
增量关税优惠幅度,tariff_relief,1728,0.22002651594946593,0.08901204898205027,0.019585011015043726
增量关税优惠幅度,tariff_relief,1729,0.21795032045531515,0.058461410345288935,0.012741683119025399
增量关税优惠幅度,tariff_relief,1730,0.2173160454495478,0.02556032125581494,0.005554667935733722
增量关税优惠幅度,tariff_relief,1731,0.2210337389852267,0.06654255179155699,0.014708149024105938
增量关税优惠幅度,tariff_relief,1732,0.221405869693626,0.06178388026125341,0.013679313742289662
增量关税优惠幅度,tariff_relief,1733,0.21881322239300685,0.07529974824680435,0.01647658055926543
增量关税优惠幅度,tariff_relief,1734,0.21917237036196116,0.06520759877099688,0.014291703988251091
增量关税优惠幅度,tariff_relief,1735,0.2170275901661946,0.050919804341950294,0.011051002428067605
增量关税优惠幅度,tariff_relief,1736,0.21740009448759712,0.06144116694987671,0.013357315500331425
增量关税优惠幅度,tariff_relief,1737,0.21956094802617218,0.059533669555909295,0.01307126892717231
增量关税优惠幅度,tariff_relief,1738,0.21647121922603127,0.08108766663170097,0.01755314605995828
增量关税优惠幅度,tariff_relief,1739,0.21817388581598363,0.07707014889226962,0.01681469386424289
增量关税优惠幅度,tariff_relief,1740,0.2176658676768746,0.06939293603552488,0.015104473632818381
增量关税优惠幅度,tariff_relief,1741,0.21699249898936562,0.0487325051496997,0.010574588074445467
增量关税优惠幅度,tariff_relief,1742,0.21671339842221857,0.0509127095074576,0.011033466300244333
增量关税优惠幅度,tariff_relief,1743,0.21668422203596302,0.06544867801048877,0.014181695877985
增量关税优惠幅度,tariff_relief,1744,0.21843682285134133,0.06134871893334303,0.013400819249799382
增量关税优惠幅度,tariff_relief,1745,0.21889941378006006,0.07547627133730668,0.01652171155004118
增量关税优惠幅度,tariff_relief,1746,0.2171752595525677,0.09205773643497718,0.019992662804088037
增量关税优惠幅度,tariff_relief,1747,0.2166042541875376,0.07957488568433727,0.017236258765714434
增量关税优惠幅度,tariff_relief,1748,0.2195720321939287,0.06265205915103109,0.013756639948926123
增量关税优惠幅度,tariff_relief,1749,0.21855100399402327,0.07607818224795868,0.016626963112331646
增量关税优惠幅度,tariff_relief,1750,0.22238364186798804,0.0718255910440742,0.015972836515701964
增量关税优惠幅度,tariff_relief,1751,0.2134821468341073,0.061514811068538136,0.013132313929006026
增量关税优惠幅度,tariff_relief,1752,0.21590367902412852,0.07508211504968433,0.016210504868139734
增量关税优惠幅度,tariff_relief,1753,0.21839084712666687,0.0615954487931254,0.013451882241077887
增量关税优惠幅度,tariff_relief,1754,0.21780079059239868,0.06766216465505781,0.014736872955064645
增量关税优惠幅度,tariff_relief,1755,0.21722381640524094,0.08211270825279589,0.017836835862042447
增量关税优惠幅度,tariff_relief,1756,0.21952255643556132,0.07228627014316054,0.01586846681701819
增量关税优惠幅度,tariff_relief,1757,0.21935823479436803,0.08475161921481439,0.018590965586926127
增量关税优惠幅度,tariff_relief,1758,0.21968537433191124,0.08175962930246558,0.01796139476855045
增量关税优惠幅度,tariff_relief,1759,0.21855311666470578,0.06309821078615589,0.013790310623280925
增量关税优惠幅度,tariff_relief,1760,0.21866660870995938,0.06598855133061671,0.014429492733149033
增量关税优惠幅度,tariff_relief,1761,0.21803429148845513,0.06935921482358999,0.015122687262256998
增量关税优惠幅度,tariff_relief,1762,0.21487914830554775,0.07280442370497815,0.015644152558601937
增量关税优惠幅度,tariff_relief,1763,0.22203633192889685,0.07152815222380948,0.015881848549426425
增量关税优惠幅度,tariff_relief,1764,0.21874028032430454,0.06133345826787417,0.01341609785477383
增量关税优惠幅度,tariff_relief,1765,0.22069636339076684,0.07775674008035778,0.017160629764856047
增量关税优惠幅度,tariff_relief,1766,0.2187266983086567,0.06280138690961169,0.013736340007943859
增量关税优惠幅度,tariff_relief,1767,0.2208642347813903,0.058140314485759084,0.012841116068846562
增量关税优惠幅度,tariff_relief,1768,0.21552651280873572,0.09102865937271076,0.01961908952025459
增量关税优惠幅度,tariff_relief,1769,0.21724695205582634,0.08852697409988305,0.019232215297924675
增量关税优惠幅度,tariff_relief,1770,0.21909016727843444,0.06952504435195568,0.015232253597110544
增量关税优惠幅度,tariff_relief,1771,0.21708586590876325,0.07759296395129345,0.01684433576779399
增量关税优惠幅度,tariff_relief,1772,0.21540685193310077,0.0675361045405106,0.014547739670896181
增量关税优惠幅度,tariff_relief,1773,0.2208846797754377,0.06435166927724731,0.014214297861319643
增量关税优惠幅度,tariff_relief,1774,0.21984713021053034,0.07455453565635224,0.0163906007082277
增量关税优惠幅度,tariff_relief,1775,0.2147377508093065,0.0702754639134427,0.01509079505785327
增量关税优惠幅度,tariff_relief,1776,0.21808479915826545,0.06149016207338723,0.013410069645983845
增量关税优惠幅度,tariff_relief,1777,0.22118458000740443,0.07322782401449136,0.016196865499501396
增量关税优惠幅度,tariff_relief,1778,0.2222552009954725,0.062006344164388424,0.013781232485250592
增量关税优惠幅度,tariff_relief,1779,0.21751701002521137,0.0643064484514354,0.013987746392496614
增量关税优惠幅度,tariff_relief,1780,0.22177781059258014,0.07535926522004795,0.016713012848367806
增量关税优惠幅度,tariff_relief,1781,0.21808922439400408,0.08185796513308233,0.017852340126345352
增量关税优惠幅度,tariff_relief,1782,0.21736553213908408,0.06657414876978857,0.014470925274051642
增量关税优惠幅度,tariff_relief,1783,0.21948909873653,0.07384001667418073,0.016207078710506275
增量关税优惠幅度,tariff_relief,1784,0.21981990581981553,0.07470163215951385,0.016420905745890838
增量关税优惠幅度,tariff_relief,1785,0.21726139343033385,0.050455435165424105,0.010962018150173908
增量关税优惠幅度,tariff_relief,1786,0.21939236511178165,0.07958977192500075,0.017461388301333192
增量关税优惠幅度,tariff_relief,1787,0.2161144651742361,0.057243749791943535,0.012371202370853667
增量关税优惠幅度,tariff_relief,1788,0.2187799529432284,0.061595746875242545,0.013475914602868573
增量关税优惠幅度,tariff_relief,1789,0.21622996874610534,0.06998465333333578,0.015132779402974214
增量关税优惠幅度,tariff_relief,1790,0.21807142274450936,0.05190529422832022,0.01131906136034216
增量关税优惠幅度,tariff_relief,1791,0.21843684162853969,0.08934640217351776,0.019516545901656513
增量关税优惠幅度,tariff_relief,1792,0.21602584334977465,0.06080791179972139,0.013136080428873527
增量关税优惠幅度,tariff_relief,1793,0.22055025725919666,0.05517544060463418,0.012168957619741594
增量关税优惠幅度,tariff_relief,1794,0.2174688128435264,0.03805601970221391,0.008275997426190309
增量关税优惠幅度,tariff_relief,1795,0.21857836631770006,0.07819831576601516,0.01709246010893124
增量关税优惠幅度,tariff_relief,1796,0.22344249069209848,0.06545548781664592,0.014625537227217673
增量关税优惠幅度,tariff_relief,1797,0.21941422948949912,0.081918348538028,0.01797405132552365
增量关税优惠幅度,tariff_relief,1798,0.21834695318006073,0.04431538904511717,0.009676130176990375
增量关税优惠幅度,tariff_relief,1799,0.222300189124573,0.058801074903568055,0.013071490071791363
增量关税优惠幅度,tariff_relief,1800,0.22031053350178684,0.0778832905404449,0.017158509289840085
增量关税优惠幅度,tariff_relief,1801,0.21986727998417227,0.05235071296687374,0.011510208865258666
增量关税优惠幅度,tariff_relief,1802,0.21888733523534504,0.06309908719962759,0.013811591052909153
增量关税优惠幅度,tariff_relief,1803,0.22400710932392864,0.07249444828210812,0.016239271801708085
增量关税优惠幅度,tariff_relief,1804,0.21754408672732853,0.07102395657470065,0.015450841768804693
增量关税优惠幅度,tariff_relief,1805,0.21703829917222592,0.05674976361437401,0.012316872173289608
增量关税优惠幅度,tariff_relief,1806,0.21809305582015062,0.05871236798169092,0.012804759747564141
增量关税优惠幅度,tariff_relief,1807,0.21782193462920407,0.08630596222498226,0.01879933166188064
增量关税优惠幅度,tariff_relief,1808,0.22085363138659148,0.049128356540446144,0.010850175946012734
增量关税优惠幅度,tariff_relief,1809,0.21696306596454792,0.062315050630563945,0.013520064440543189
增量关税优惠幅度,tariff_relief,1810,0.22028922840067042,0.05861916649072405,0.012913170955732037
增量关税优惠幅度,tariff_relief,1811,0.2149053863075799,0.06502579836518718,0.01397439431762935
增量关税优惠幅度,tariff_relief,1812,0.2221899940593469,0.07746258309811545,0.017211410878391935
增量关税优惠幅度,tariff_relief,1813,0.21616032678513303,0.07709004855025661,0.01666381008650524
增量关税优惠幅度,tariff_relief,1814,0.21696749601394463,0.052120559619794615,0.011308467311552352
增量关税优惠幅度,tariff_relief,1815,0.2170194017682679,0.059604906504881094,0.012935421152142836
增量关税优惠幅度,tariff_relief,1816,0.2199364084780265,0.08431167009088562,0.01854320591257363
增量关税优惠幅度,tariff_relief,1817,0.21445567009738667,0.06591538893229772,0.014135928903205771
增量关税优惠幅度,tariff_relief,1818,0.21685533891605627,0.05356505432628314,0.011615868009983096
增量关税优惠幅度,tariff_relief,1819,0.21936756089014098,0.10090791925324606,0.022135924121083884
增量关税优惠幅度,tariff_relief,1820,0.21433180628148946,0.05283035691317658,0.01132322582369691
增量关税优惠幅度,tariff_relief,1821,0.21679117190409722,0.061346396911748036,0.013299357278591746
增量关税优惠幅度,tariff_relief,1822,0.2180500847303235,0.0901059410292395,0.019647608076131206
增量关税优惠幅度,tariff_relief,1823,0.2186516699918591,0.06819740411186685,0.014911476298169366
增量关税优惠幅度,tariff_relief,1824,0.22088530871114173,0.08434738600321762,0.01863109839629856
增量关税优惠幅度,tariff_relief,1825,0.21665893618771564,0.052882822762202915,0.011457536122262397
增量关税优惠幅度,tariff_relief,1826,0.21924291863842732,0.08069670460883867,0.01769218104294482
增量关税优惠幅度,tariff_relief,1827,0.21696231032123867,0.08319501271098882,0.01805018216498095
增量关税优惠幅度,tariff_relief,1828,0.21463490504728527,0.07155532349547156,0.01535827006407832
增量关税优惠幅度,tariff_relief,1829,0.2219592092850832,0.0778988328506672,0.017290363343764957
增量关税优惠幅度,tariff_relief,1830,0.2212619867082687,0.0641330297783231,0.014190201582372325
增量关税优惠幅度,tariff_relief,1831,0.21737520044855538,0.08567129454200086,0.018622814823754663
增量关税优惠幅度,tariff_relief,1832,0.2203827107800532,0.09020697361244466,0.019880057375975282
增量关税优惠幅度,tariff_relief,1833,0.21631303304794422,0.07057907393995931,0.015267173553667718
增量关税优惠幅度,tariff_relief,1834,0.2149338934366893,0.05946464818031251,0.01278096835523751
增量关税优惠幅度,tariff_relief,1835,0.21897642362807954,0.09021507982165533,0.01975497553666781
增量关税优惠幅度,tariff_relief,1836,0.22176127519876415,0.08816483401869489,0.019551546019673162
增量关税优惠幅度,tariff_relief,1837,0.22039773970549817,0.04699305390504881,0.010357162862531391
增量关税优惠幅度,tariff_relief,1838,0.2177048516277058,0.057338454716220184,0.012482859776556644
增量关税优惠幅度,tariff_relief,1839,0.21826925592964017,0.09415776814683627,0.020551745993405528
增量关税优惠幅度,tariff_relief,1840,0.21981730197629898,0.08172086768365919,0.017963660649384084
增量关税优惠幅度,tariff_relief,1841,0.21767744774895564,0.06371576743445187,0.013869485636497507
增量关税优惠幅度,tariff_relief,1842,0.21836569016850607,0.06260813261912423,0.01367146808953642
增量关税优惠幅度,tariff_relief,1843,0.2196719281648722,0.03005866935121639,0.006603045854452052
增量关税优惠幅度,tariff_relief,1844,0.21788517497005772,0.07302182224735052,0.01591037251699642
增量关税优惠幅度,tariff_relief,1845,0.21913921403380157,0.06434484231678769,0.01410047817242975
增量关税优惠幅度,tariff_relief,1846,0.21552024829396274,0.07904800381830807,0.01703644541006387
增量关税优惠幅度,tariff_relief,1847,0.21623843772318957,0.07329678495233558,0.015849582268225634
增量关税优惠幅度,tariff_relief,1848,0.21718980934169446,0.0726404458252184,0.01577676457927487
增量关税优惠幅度,tariff_relief,1849,0.2200096351898775,0.07174845129105753,0.015785350593984265
增量关税优惠幅度,tariff_relief,1850,0.21839987663964713,0.07414094003665976,0.016192372157953966
增量关税优惠幅度,tariff_relief,1851,0.21687356754007572,0.07809618779647307,0.016936998858700838
增量关税优惠幅度,tariff_relief,1852,0.21967465373211342,0.06610383853103442,0.014521337839668524
增量关税优惠幅度,tariff_relief,1853,0.21532334187299307,0.051421086179489775,0.011072160118906917
增量关税优惠幅度,tariff_relief,1854,0.22006362823784797,0.06152544235117209,0.013539512072737483
增量关税优惠幅度,tariff_relief,1855,0.21729679421593714,0.07031672825456198,0.015279599629469526
增量关税优惠幅度,tariff_relief,1856,0.2176854984037892,0.06014079402992081,0.013091778722802943
增量关税优惠幅度,tariff_relief,1857,0.2176093777874071,0.04770024929082925,0.01038002156848156
增量关税优惠幅度,tariff_relief,1858,0.21754805410170497,0.06196161898378781,0.0134796296389143
增量关税优惠幅度,tariff_relief,1859,0.2194210248441065,0.07415997233023884,0.01627225713111159
增量关税优惠幅度,tariff_relief,1860,0.2186536862487434,0.07185917915331308,0.01571227441268076
增量关税优惠幅度,tariff_relief,1861,0.218752930080174,0.07686428145987674,0.01681428678785523
增量关税优惠幅度,tariff_relief,1862,0.220595999644123,0.04077685849848975,0.008995211862821298
增量关税优惠幅度,tariff_relief,1863,0.21639269185444182,0.08044852723592472,0.017408473364307127
增量关税优惠幅度,tariff_relief,1864,0.21833410575287396,0.07017567968414716,0.015321744269438395
增量关税优惠幅度,tariff_relief,1865,0.21963149258270978,0.07041365842498072,0.015465056898087613
增量关税优惠幅度,tariff_relief,1866,0.22000956839288388,0.06626534687938715,0.0145790103663387
增量关税优惠幅度,tariff_relief,1867,0.21874793005144774,0.0804139026611329,0.017590374754481424
增量关税优惠幅度,tariff_relief,1868,0.21743316070397595,0.06546121122208477,0.014233438059528472
增量关税优惠幅度,tariff_relief,1869,0.2179825427193284,0.08257248133429979,0.01799935943989495
增量关税优惠幅度,tariff_relief,1870,0.21837138450825083,0.06422070211329287,0.014023963634571713
增量关税优惠幅度,tariff_relief,1871,0.21800914037200658,0.061487141224104855,0.013404758802199268
增量关税优惠幅度,tariff_relief,1872,0.220789161263675,0.04334602355472865,0.00957033218476404
增量关税优惠幅度,tariff_relief,1873,0.21951257447739314,0.0791153421065262,0.01736681242646327
增量关税优惠幅度,tariff_relief,1874,0.21986042740001935,0.06932084192969172,0.015240909934391204
增量关税优惠幅度,tariff_relief,1875,0.21698914211776302,0.0783114380335401,0.016992731756906226
增量关税优惠幅度,tariff_relief,1876,0.21757425328042349,0.08457446810277075,0.01840122674404934
增量关税优惠幅度,tariff_relief,1877,0.2177834213325335,0.06204819801848909,0.013513068851985081
增量关税优惠幅度,tariff_relief,1878,0.21630193415057336,0.0898932582181059,0.01944408561967323
增量关税优惠幅度,tariff_relief,1879,0.22119450540082897,0.0957715764906302,0.021184146493302608
增量关税优惠幅度,tariff_relief,1880,0.21883050042972,0.0673520661320087,0.014738686336643058
增量关税优惠幅度,tariff_relief,1881,0.2185395700727184,0.0622862134908123,0.013612002317739673
增量关税优惠幅度,tariff_relief,1882,0.21826701794503361,0.05330187360315577,0.011634041002243913
增量关税优惠幅度,tariff_relief,1883,0.21541267242989384,0.03833054416383031,0.008256884954022757
增量关税优惠幅度,tariff_relief,1884,0.21733068712444603,0.03981678283016869,0.008653408771565407
增量关税优惠幅度,tariff_relief,1885,0.21936439192696142,0.06489257225087167,0.014235119652388873
增量关税优惠幅度,tariff_relief,1886,0.21764385279579243,0.07291730650746653,0.015870003523776724
增量关税优惠幅度,tariff_relief,1887,0.21847195778427253,0.054870575379911773,0.011987682027998828
增量关税优惠幅度,tariff_relief,1888,0.21616394298854277,0.05578259079814136,0.01205818477704264
增量关税优惠幅度,tariff_relief,1889,0.21760999851433957,0.06967747883915244,0.01516251606667089
增量关税优惠幅度,tariff_relief,1890,0.21896925256545105,0.08414363543998096,0.01842486896043243
增量关税优惠幅度,tariff_relief,1891,0.2135153723869221,0.06038642619967908,0.012893430277139867
增量关税优惠幅度,tariff_relief,1892,0.21831251933157977,0.06663466863194772,0.0145471823838655
增量关税优惠幅度,tariff_relief,1893,0.22156542820537775,0.07664316536370593,0.01698147575282508
增量关税优惠幅度,tariff_relief,1894,0.2199000550650663,0.06036525881000971,0.013274323736338113
增量关税优惠幅度,tariff_relief,1895,0.21748407308159498,0.05924036562108781,0.012883836006117068
增量关税优惠幅度,tariff_relief,1896,0.2211831939292517,0.06094607929697909,0.013480248476371278
增量关税优惠幅度,tariff_relief,1897,0.22164568291576395,0.0782514965681451,0.01734410639602708
增量关税优惠幅度,tariff_relief,1898,0.21847785146657575,0.056801868476486585,0.012409950184029808
增量关税优惠幅度,tariff_relief,1899,0.2194902261616384,0.07016455750182105,0.015400434594605984
增量关税优惠幅度,tariff_relief,1900,0.22066766094383702,0.04186460548707449,0.009238164569169253
增量关税优惠幅度,tariff_relief,1901,0.21664944316778695,0.07392559282424468,0.016015938521221157
增量关税优惠幅度,tariff_relief,1902,0.21978189129522605,0.03617185267546969,0.007949918192667011
增量关税优惠幅度,tariff_relief,1903,0.22200566470281058,0.04660891193866885,0.010347442476018941
增量关税优惠幅度,tariff_relief,1904,0.21749800828129395,0.0406136268579224,0.008833382950677789
增量关税优惠幅度,tariff_relief,1905,0.2202205061217224,0.06644076986726544,0.014631619967286076
增量关税优惠幅度,tariff_relief,1906,0.2206628165854342,0.0951950244967489,0.02100600223037202
增量关税优惠幅度,tariff_relief,1907,0.21673235501784785,0.07746067180054962,0.016788233820597718
增量关税优惠幅度,tariff_relief,1908,0.21907874588983955,0.07685165952828116,0.016836565189008775
增量关税优惠幅度,tariff_relief,1909,0.2181725541668562,0.05714457042467148,0.012467376886318366
增量关税优惠幅度,tariff_relief,1910,0.21891484170545183,0.041796273606829484,0.009149824620516831
增量关税优惠幅度,tariff_relief,1911,0.21845861342300985,0.08144512743633842,0.01779238960980283
增量关税优惠幅度,tariff_relief,1912,0.21819659206221526,0.07759200937391758,0.016930312016648276
增量关税优惠幅度,tariff_relief,1913,0.21632558138328617,0.04955410006464902,0.010719819506410738
增量关税优惠幅度,tariff_relief,1914,0.21665030658015277,0.05658759396078169,0.012259719580236554
增量关税优惠幅度,tariff_relief,1915,0.21944884619857,0.09292255224233414,0.020391746875406572
增量关税优惠幅度,tariff_relief,1916,0.2209789786371007,0.07722680849383648,0.01706550126437096
增量关税优惠幅度,tariff_relief,1917,0.22143298978776763,0.07793422196765537,0.017257207777081448
增量关税优惠幅度,tariff_relief,1918,0.2154358892444535,0.05920224274734687,0.012754287811540671
增量关税优惠幅度,tariff_relief,1919,0.2184331567725269,0.09372809977943726,0.02047332471311286
增量关税优惠幅度,tariff_relief,1920,0.21651812670253248,0.06560939018804104,0.014205622257610162
增量关税优惠幅度,tariff_relief,1921,0.2182907926402616,0.07497839151981063,0.01636709251575133
增量关税优惠幅度,tariff_relief,1922,0.21720804924945983,0.07970158550289438,0.017311825909172716
增量关税优惠幅度,tariff_relief,1923,0.21872241658963626,0.05914352184566924,0.01293601402370672
增量关税优惠幅度,tariff_relief,1924,0.21626202066900652,0.07822712247105383,0.016917555576711946
增量关税优惠幅度,tariff_relief,1925,0.22085871838568819,0.053026691009859225,0.011711407016671402
增量关税优惠幅度,tariff_relief,1926,0.21626223681345913,0.08187429976018729,0.017706319203673763
增量关税优惠幅度,tariff_relief,1927,0.21746752070720352,0.05492578928051317,0.011944575217719494
增量关税优惠幅度,tariff_relief,1928,0.21776400138690352,0.04326489059319267,0.009421535695140237
增量关税优惠幅度,tariff_relief,1929,0.21519482495726666,0.07741570557319936,0.01665945920976793
增量关税优惠幅度,tariff_relief,1930,0.2159133486893606,0.041850132717461956,0.009036002298121381
增量关税优惠幅度,tariff_relief,1931,0.21614540906298405,0.06667512477062594,0.014411522117872444
增量关税优惠幅度,tariff_relief,1932,0.21941930866283896,0.08066275047938967,0.017698964945030763
增量关税优惠幅度,tariff_relief,1933,0.21862239557443844,0.06999653063597609,0.015302809209536665
增量关税优惠幅度,tariff_relief,1934,0.2181750867460362,0.06558686243104896,0.014309419400294449
增量关税优惠幅度,tariff_relief,1935,0.21464078374538528,0.06851210091018428,0.014705491035404878
增量关税优惠幅度,tariff_relief,1936,0.21456912988450227,0.07427112155316708,0.015936289927209163
增量关税优惠幅度,tariff_relief,1937,0.22078787689928886,0.061362038897676274,0.013547994290429523
增量关税优惠幅度,tariff_relief,1938,0.22241549926208773,0.06578191571153695,0.014630917625398063
增量关税优惠幅度,tariff_relief,1939,0.2173687224740311,0.07218235274740624,0.015690185801873563
增量关税优惠幅度,tariff_relief,1940,0.21820892577844203,0.08344032123663783,0.018207422863654864
增量关税优惠幅度,tariff_relief,1941,0.2178866352389034,0.096937571304012,0.02112140123966245
增量关税优惠幅度,tariff_relief,1942,0.22057418708441637,0.055013503818281066,0.012134558883382782
增量关税优惠幅度,tariff_relief,1943,0.21818051869275032,0.06255109726408736,0.013647430845879256
增量关税优惠幅度,tariff_relief,1944,0.22364194740736867,0.05223949333861635,0.011682942021822424
增量关税优惠幅度,tariff_relief,1945,0.22060660670596888,0.06259643412941676,0.013809186925184331
增量关税优惠幅度,tariff_relief,1946,0.2155080208850644,0.05574109708714749,0.012012653515213384
增量关税优惠幅度,tariff_relief,1947,0.2185206825672285,0.07953369922926089,0.017379758242674744
增量关税优惠幅度,tariff_relief,1948,0.21780722135625408,0.07277596650534256,0.015851131046044478
增量关税优惠幅度,tariff_relief,1949,0.21818737992836557,0.06185246205534289,0.013495426637973913
增量关税优惠幅度,tariff_relief,1950,0.21872634847726644,0.06238889580797815,0.013646095365607696
增量关税优惠幅度,tariff_relief,1951,0.21545570221744412,0.0665047662570388,0.014328831114717278
增量关税优惠幅度,tariff_relief,1952,0.21747179055830249,0.06550550733783467,0.014245599972188928
增量关税优惠幅度,tariff_relief,1953,0.2168856326117617,0.06385608245785436,0.013849466839980562
增量关税优惠幅度,tariff_relief,1954,0.21817406223183472,0.09571284622506161,0.02088206046869262
增量关税优惠幅度,tariff_relief,1955,0.21917089608257742,0.053886128963545304,0.011810271171361554
增量关税优惠幅度,tariff_relief,1956,0.2185581670396084,0.058840452568406504,0.012860061461131944
增量关税优惠幅度,tariff_relief,1957,0.21750821913641186,0.041428377830572696,0.009011012683638273
增量关税优惠幅度,tariff_relief,1958,0.21662416409547863,0.07685645768056015,0.01664896590039087
增量关税优惠幅度,tariff_relief,1959,0.21653697476400124,0.06444040335142805,0.013953729994290237
增量关税优惠幅度,tariff_relief,1960,0.21759940322440097,0.04707853339373826,0.010244260771157478
增量关税优惠幅度,tariff_relief,1961,0.2212793535817916,0.06850727785539815,0.015159246159490688
增量关税优惠幅度,tariff_relief,1962,0.21947621226768485,0.06431824230854953,0.014116324201595606
增量关税优惠幅度,tariff_relief,1963,0.21863450364789416,0.086857727652866,0.018990096173368328
增量关税优惠幅度,tariff_relief,1964,0.22193483564369848,0.09185065701594332,0.0203848604685991
增量关税优惠幅度,tariff_relief,1965,0.21864078409852666,0.059695328450037326,0.013051833419335248
增量关税优惠幅度,tariff_relief,1966,0.21733591429718677,0.08003807082690671,0.01739514730174876
增量关税优惠幅度,tariff_relief,1967,0.21580057432469232,0.0518601607818565,0.011191452481295517
增量关税优惠幅度,tariff_relief,1968,0.21801418955833896,0.07523496016551243,0.016402288866938106
增量关税优惠幅度,tariff_relief,1969,0.21954165463795555,0.05866856775572112,0.012880194440330022
增量关税优惠幅度,tariff_relief,1970,0.22111796054318053,0.06581619958123267,0.014553143822105099
增量关税优惠幅度,tariff_relief,1971,0.2197271108697928,0.04860086420771368,0.010678927478136048
增量关税优惠幅度,tariff_relief,1972,0.21748735637698818,0.06547225190505845,0.014239386982879392
增量关税优惠幅度,tariff_relief,1973,0.21936605061895198,0.056016075845986994,0.012288025329505837
增量关税优惠幅度,tariff_relief,1974,0.21996560979741042,0.0840932377991473,0.01849762033232808
增量关税优惠幅度,tariff_relief,1975,0.2205449280975787,0.0802199947127257,0.017692112965906233
增量关税优惠幅度,tariff_relief,1976,0.22301200394687026,0.055747890447301704,0.012432448764463339
增量关税优惠幅度,tariff_relief,1977,0.21891741728972386,0.06527911768513886,0.014290735846582536
增量关税优惠幅度,tariff_relief,1978,0.2192219541874017,0.04026790139818136,0.008827608035534923
增量关税优惠幅度,tariff_relief,1979,0.21338685558720852,0.06710946985140415,0.0143202787517157
增量关税优惠幅度,tariff_relief,1980,0.21680781087583154,0.05473092839588383,0.01186609277271346
增量关税优惠幅度,tariff_relief,1981,0.2185246419549907,0.08128904080197732,0.017763658536116726
增量关税优惠幅度,tariff_relief,1982,0.21775130933704656,0.06348958363818871,0.013824939966479521
增量关税优惠幅度,tariff_relief,1983,0.21994548683970633,0.07888134916540378,0.017349596744757598
增量关税优惠幅度,tariff_relief,1984,0.2184363982273364,0.04740662008092614,0.010355331342609225
增量关税优惠幅度,tariff_relief,1985,0.21704015609397964,0.07608424146479308,0.016513335643810727
增量关税优惠幅度,tariff_relief,1986,0.21750561770362975,0.06347299132653865,0.013805732185975923
增量关税优惠幅度,tariff_relief,1987,0.21807566143958726,0.059768141437124785,0.01303397697691579
增量关税优惠幅度,tariff_relief,1988,0.220436095357306,0.08266040512236528,0.018221336945827258
增量关税优惠幅度,tariff_relief,1989,0.21736807988520102,0.07807880127732204,0.01697183911338967
增量关税优惠幅度,tariff_relief,1990,0.2172618912103019,0.05131667557716667,0.011149157986520742
增量关税优惠幅度,tariff_relief,1991,0.2215701896021771,0.050729606644398115,0.011240168562643153
增量关税优惠幅度,tariff_relief,1992,0.22232010362987448,0.07161542405407399,0.015921548497199137
增量关税优惠幅度,tariff_relief,1993,0.21578808638509467,0.09027912943266492,0.01948116058078704
增量关税优惠幅度,tariff_relief,1994,0.2198049180445413,0.07490857715679128,0.016465273662781707
增量关税优惠幅度,tariff_relief,1995,0.21698875851566649,0.0724436561688877,0.015719459014422746
增量关税优惠幅度,tariff_relief,1996,0.2201257184702655,0.06385166997003647,0.014055394727680554
增量关税优惠幅度,tariff_relief,1997,0.21462667157160203,0.06611412300028709,0.014189854163427117
增量关税优惠幅度,tariff_relief,1998,0.22341465605518016,0.05961325315331561,0.01331847444957839
增量关税优惠幅度,tariff_relief,1999,0.2177706152897342,0.07599557339145485,0.016549602776753276
增量关税优惠幅度,tariff_relief,2000,0.21770744698608677,0.08312671498456864,0.018097304895630523
中间品进口份额,intermediate_share,1,0.01786801922390155,0.021759989146627898,0.00038880790438383634
中间品进口份额,intermediate_share,2,0.01658164352873909,0.020224531115555687,0.00033535596549403635
中间品进口份额,intermediate_share,3,0.017549983904115326,0.014695233761690699,0.00025790111598488386
中间品进口份额,intermediate_share,4,0.017756003618559765,0.020974422569648266,0.0003724219230438762
中间品进口份额,intermediate_share,5,0.017723877705484763,0.022427992082919002,0.0003975109888572369
中间品进口份额,intermediate_share,6,0.01731445163612049,0.020074366160922126,0.0003475766420190599
中间品进口份额,intermediate_share,7,0.017154406157221507,0.01693221826259317,0.00029046214921924667
中间品进口份额,intermediate_share,8,0.01770172681344298,0.024109578133291808,0.00042678116570289015
中间品进口份额,intermediate_share,9,0.017215477535062165,0.018933883169985233,0.0003259558403643724
中间品进口份额,intermediate_share,10,0.016917046063970827,0.01738036528538355,0.00029402444014147295
中间品进口份额,intermediate_share,11,0.016919794131379503,0.01502918956021349,0.0002542907933202903
中间品进口份额,intermediate_share,12,0.017827842390665035,0.014681791758641748,0.0002617446694856299
中间品进口份额,intermediate_share,13,0.017685061886981105,0.011632088190433392,0.00020571419952263657
中间品进口份额,intermediate_share,14,0.018243338613372462,0.011796418243793724,0.00021520605244649342
中间品进口份额,intermediate_share,15,0.01722131249283517,0.01674327886025966,0.0002883412374072127
中间品进口份额,intermediate_share,16,0.01706717215076939,0.019306737907566106,0.0003295114195382159
中间品进口份额,intermediate_share,17,0.016725954705825743,0.02365934269258652,0.0003957250942458114
中间品进口份额,intermediate_share,18,0.016602710327853962,0.01555226154578129,0.000258209693387629
中间品进口份额,intermediate_share,19,0.017614821338722664,0.02117609446005983,0.0003730131205658687
中间品进口份额,intermediate_share,20,0.017315759769961813,0.01833034963617693,0.00031740393079944664
中间品进口份额,intermediate_share,21,0.017415703113248155,0.020171881108483745,0.000351307492621092
中间品进口份额,intermediate_share,22,0.01821446951614559,0.01883103569163655,0.0003429973255627635
中间品进口份额,intermediate_share,23,0.01771023617676676,0.016623060265271015,0.00029439832327857684
中间品进口份额,intermediate_share,24,0.017346753858709884,0.014716398496548174,0.0002552817424063094
中间品进口份额,intermediate_share,25,0.016797303644746582,0.01557291108355952,0.00026158291610318875
中间品进口份额,intermediate_share,26,0.01713408461324319,0.01763228327403038,0.00030211303354190917
中间品进口份额,intermediate_share,27,0.017711610169055862,0.016929117556499212,0.00029984193066683355
中间品进口份额,intermediate_share,28,0.01793282197511183,0.01804301253271784,0.0003235621316439406
中间品进口份额,intermediate_share,29,0.01764283117765696,0.015690668734954692,0.00027682781955534595
中间品进口份额,intermediate_share,30,0.017508177090313888,0.019673857288353806,0.000344453377454061
中间品进口份额,intermediate_share,31,0.017364210581212985,0.020010088552287635,0.0003474593913706418
中间品进口份额,intermediate_share,32,0.017570836265268185,0.01815852796339688,0.00031906052166314034
中间品进口份额,intermediate_share,33,0.01713987214731618,0.016242627874177126,0.0002783965650998299
中间品进口份额,intermediate_share,34,0.01779040476198857,0.01931634629979598,0.0003436456191961107
中间品进口份额,intermediate_share,35,0.01868956536075032,0.01851115644311903,0.00034596546824674747
中间品进口份额,intermediate_share,36,0.017044404700135463,0.020092968091132486,0.00034247267977217043
中间品进口份额,intermediate_share,37,0.01804258278624921,0.022382253390278672,0.00040383365973691
中间品进口份额,intermediate_share,38,0.018538425407631273,0.022949887894599213,0.00042545478484752743
中间品进口份额,intermediate_share,39,0.016630941769381034,0.019058141569141967,0.00031695484266902016
中间品进口份额,intermediate_share,40,0.018591497608429874,0.015564474262341947,0.00028936688602479866
中间品进口份额,intermediate_share,41,0.017421212656748824,0.015588730101659027,0.0002715745821496636
中间品进口份额,intermediate_share,42,0.017572716274146565,0.020732445462968912,0.0003643253817899699
中间品进口份额,intermediate_share,43,0.017460045637209248,0.025225541437605893,0.0004404391047239119
中间品进口份额,intermediate_share,44,0.017697408323324545,0.017944988845456616,0.00031757979495555
中间品进口份额,intermediate_share,45,0.01867605588673344,0.020903238079841905,0.000390390042592822
中间品进口份额,intermediate_share,46,0.017601276017420956,0.015548529803914126,0.00027367396474378865
中间品进口份额,intermediate_share,47,0.01731698418922692,0.020106030190448394,0.00034817580691611394
中间品进口份额,intermediate_share,48,0.01750208438516468,0.020584302030505843,0.0003602681911476299
中间品进口份额,intermediate_share,49,0.017184381201012736,0.018220869035882378,0.00031311435932633217
中间品进口份额,intermediate_share,50,0.01807385730524259,0.019222381237465426,0.0003474225755529226
中间品进口份额,intermediate_share,51,0.01722268656660385,0.022931636626284464,0.0003949443900737503
中间品进口份额,intermediate_share,52,0.016975681735079483,0.01958840351412733,0.00033252650375413805
中间品进口份额,intermediate_share,53,0.017643341362684577,0.014284776028296281,0.00025203117975672486
中间品进口份额,intermediate_share,54,0.0179940867845177,0.019961346678481085,0.0003591862044684328
中间品进口份额,intermediate_share,55,0.01664198363157011,0.020943887397631533,0.0003485478312528315
中间品进口份额,intermediate_share,56,0.017186111968449803,0.022186788729729477,0.000381304635329471
中间品进口份额,intermediate_share,57,0.017306781987220028,0.01972073399787115,0.00034130244392911404
中间品进口份额,intermediate_share,58,0.0178648384140243,0.016221300954541672,0.0002897909204181451
中间品进口份额,intermediate_share,59,0.018326232519615133,0.0206490132172552,0.00037841861752002496
中间品进口份额,intermediate_share,60,0.01782198039164512,0.016977369907895678,0.00030257035360022267
中间品进口份额,intermediate_share,61,0.017625674134686922,0.014491926443122641,0.0002554299730703322
中间品进口份额,intermediate_share,62,0.018371494410957718,0.018116710435861192,0.0003328310445173632
中间品进口份额,intermediate_share,63,0.01828380897287086,0.014217192143435031,0.00025994442528116653
中间品进口份额,intermediate_share,64,0.018510152568319865,0.016686720014891895,0.0003088737333404857
中间品进口份额,intermediate_share,65,0.017558465534236546,0.016796837738764423,0.00029492669652025883
中间品进口份额,intermediate_share,66,0.01717960379318927,0.02092392574275781,0.00035946475405869264
中间品进口份额,intermediate_share,67,0.017180431753668172,0.014798292520472099,0.00025424105471878906
中间品进口份额,intermediate_share,68,0.018141475384606615,0.009633125544857488,0.0001747591099488573
中间品进口份额,intermediate_share,69,0.017715875857180343,0.01365261500557034,0.00024186803256456165
中间品进口份额,intermediate_share,70,0.017088923943076886,0.01707667513334452,0.0002918220025543568
中间品进口份额,intermediate_share,71,0.017268595844776673,0.017211529376606485,0.0002972189446751184
中间品进口份额,intermediate_share,72,0.018078338644893444,0.018181299423295286,0.00032868768797853805
中间品进口份额,intermediate_share,73,0.01755414025382414,0.022969137362891894,0.00040320345877755667
中间品进口份额,intermediate_share,74,0.017514317628403678,0.017969411399875176,0.0003147219788528718
中间品进口份额,intermediate_share,75,0.018033995912283267,0.021270719973083396,0.000383596077045908
中间品进口份额,intermediate_share,76,0.016465888766638025,0.014920711249450037,0.00024568277175256897
中间品进口份额,intermediate_share,77,0.018161701618393235,0.016069024832259603,0.0002918408343020503
中间品进口份额,intermediate_share,78,0.01706827546849809,0.021769729104067517,0.0003715717332228045
中间品进口份额,intermediate_share,79,0.017291833111593616,0.021056432168055906,0.00036410431097561404
中间品进口份额,intermediate_share,80,0.017583587311850234,0.015114124830320002,0.00026576053359613535
中间品进口份额,intermediate_share,81,0.017193171083215324,0.01715115175945276,0.0002948826864744608
中间品进口份额,intermediate_share,82,0.016828896292830325,0.01640349342623741,0.00027605268971027337
中间品进口份额,intermediate_share,83,0.017560000859132802,0.021039453836417227,0.0003694528274431714
中间品进口份额,intermediate_share,84,0.018175055006296167,0.021377697689013937,0.00038854083140579874
中间品进口份额,intermediate_share,85,0.017546259168627995,0.01265534175844857,0.00022205390636129894
中间品进口份额,intermediate_share,86,0.0178624886551845,0.01618135090136087,0.000289039196901118
中间品进口份额,intermediate_share,87,0.016266644723820663,0.02050721613288588,0.0003335835991082581
中间品进口份额,intermediate_share,88,0.01839722619842053,0.015992326587607755,0.0002942144496712346
中间品进口份额,intermediate_share,89,0.01730886800610195,0.02187267295480427,0.00037859120911534305
中间品进口份额,intermediate_share,90,0.017135778858655082,0.018757508059938248,0.0003214245100545421
中间品进口份额,intermediate_share,91,0.01706629108842875,0.017876839436617196,0.0003050913455664117
中间品进口份额,intermediate_share,92,0.017474949705978543,0.015946661363209318,0.00027866710530035407
中间品进口份额,intermediate_share,93,0.017565961470028972,0.021804635378909778,0.0003830193849339597
中间品进口份额,intermediate_share,94,0.018043049608321732,0.016621587691131562,0.00029990413128015665
中间品进口份额,intermediate_share,95,0.01724712436553528,0.020445915158209375,0.0003526332415008201
中间品进口份额,intermediate_share,96,0.017646466238789384,0.02038921338650065,0.0003597975656603563
中间品进口份额,intermediate_share,97,0.018211979997307944,0.02072419837650424,0.000377428686293137
中间品进口份额,intermediate_share,98,0.017485116634199004,0.013499519167951026,0.0002360406671572288
中间品进口份额,intermediate_share,99,0.01768011360173664,0.02059418664431488,0.00036410755940685457
中间品进口份额,intermediate_share,100,0.016861493445879686,0.019501990241226452,0.00032883268063404943
中间品进口份额,intermediate_share,101,0.01828877596312943,0.01867658976592076,0.0003415719659842007
中间品进口份额,intermediate_share,102,0.01684563397992698,0.01598851606374896,0.0002693366894920978
中间品进口份额,intermediate_share,103,0.018039553429263458,0.025122381331992752,0.00045319654030881413
中间品进口份额,intermediate_share,104,0.017515718834256653,0.016967624079212186,0.0002972001326568436
中间品进口份额,intermediate_share,105,0.017525343559678393,0.013718522164389464,0.00024042181406198817
中间品进口份额,intermediate_share,106,0.016863427548765124,0.01802179515355846,0.00030390923687071954
中间品进口份额,intermediate_share,107,0.01805134032738748,0.011560726715955521,0.00020868661238163374
中间品进口份额,intermediate_share,108,0.0167873976312763,0.015627049085820383,0.0002623374868071396
中间品进口份额,intermediate_share,109,0.01779783353642373,0.020400332740494458,0.0003630817262029753
中间品进口份额,intermediate_share,110,0.01730545403775786,0.02079894069623531,0.00035993511225275167
中间品进口份额,intermediate_share,111,0.018324089554091854,0.015977882600852547,0.00029278015166278815
中间品进口份额,intermediate_share,112,0.018432616323126556,0.01754886171129628,0.0003234714348319305
中间品进口份额,intermediate_share,113,0.017983377077282,0.01579977568281128,0.0002841333238404659
中间品进口份额,intermediate_share,114,0.01756280868903755,0.015457683537990966,0.0002714803387534204
中间品进口份额,intermediate_share,115,0.017737626199078524,0.016714659471331935,0.0002964783817473733
中间品进口份额,intermediate_share,116,0.01693302217200175,0.014819831537504664,0.00025094453600989724
中间品进口份额,intermediate_share,117,0.017062665231359044,0.018521459608374292,0.00031602546489382894
中间品进口份额,intermediate_share,118,0.01764934814192671,0.014031397882793475,0.0002476450261513154
中间品进口份额,intermediate_share,119,0.016852261861794244,0.019633504729708335,0.0003308689629698207
中间品进口份额,intermediate_share,120,0.01819403345833719,0.0179789670281664,0.0003271099276568007
中间品进口份额,intermediate_share,121,0.018049621794484345,0.014858445743196258,0.0002681893261185583
中间品进口份额,intermediate_share,122,0.018615470295893787,0.01974350348495431,0.0003675346026610424
中间品进口份额,intermediate_share,123,0.01763478752847324,0.02041817795106338,0.0003600702298855598
中间品进口份额,intermediate_share,124,0.017420759721649387,0.013232955350075296,0.00023052813556097648
中间品进口份额,intermediate_share,125,0.01784991790729946,0.015255847727160042,0.00027231562953606783
中间品进口份额,intermediate_share,126,0.018555001277464886,0.020122058288379766,0.00037336481724610943
中间品进口份额,intermediate_share,127,0.016951353060808347,0.018335947767727633,0.0003108191243152918
中间品进口份额,intermediate_share,128,0.017248993692558136,0.018696624600956686,0.00032249795981402913
中间品进口份额,intermediate_share,129,0.01707130453679092,0.020857595579763414,0.0003560663660473654
中间品进口份额,intermediate_share,130,0.018121330318077642,0.018518550031213065,0.000335580762127459
中间品进口份额,intermediate_share,131,0.01793209769833257,0.01677004241176384,0.00030072203893292997
中间品进口份额,intermediate_share,132,0.018495450127999982,0.016743249540912886,0.00030967393686461285
中间品进口份额,intermediate_share,133,0.01886827292426462,0.018643967663109422,0.00035177947025871265
中间品进口份额,intermediate_share,134,0.01852048640706053,0.017664307740257578,0.00032715157139357457
中间品进口份额,intermediate_share,135,0.017638891774715778,0.017719584329835114,0.0003125538302869112
中间品进口份额,intermediate_share,136,0.01770488639600317,0.02081817273655137,0.00036858338327301247
中间品进口份额,intermediate_share,137,0.016933300089600364,0.015912457316663475,0.00026945041490601955
中间品进口份额,intermediate_share,138,0.017500351066958325,0.019703213050939757,0.00034481314553852076
中间品进口份额,intermediate_share,139,0.017463948518758335,0.021542157845057093,0.0003762111355890431
中间品进口份额,intermediate_share,140,0.017368676877391215,0.0219411222122292,0.0003810882620315601
中间品进口份额,intermediate_share,141,0.01809922188440692,0.013802691051276048,0.00024981796793896303
中间品进口份额,intermediate_share,142,0.017218669694063625,0.018562274460048853,0.0003196176726981344
中间品进口份额,intermediate_share,143,0.017888434851052095,0.02186924596726913,0.0003912065817271276
中间品进口份额,intermediate_share,144,0.01793265791310074,0.023080217016440252,0.0004138896363159496
中间品进口份额,intermediate_share,145,0.01783357354808437,0.015876898891446854,0.0002831418440961167
中间品进口份额,intermediate_share,146,0.01722314722525126,0.01730328134295095,0.0002980169620495875
中间品进口份额,intermediate_share,147,0.01802296479120887,0.02098327632504903,0.00037818085041056536
中间品进口份额,intermediate_share,148,0.018040610822146863,0.02289735153380813,0.00041308220787932004
中间品进口份额,intermediate_share,149,0.01669564686542294,0.017755869690910416,0.00029644573014790665
中间品进口份额,intermediate_share,150,0.017643457080942018,0.0179279682907999,0.00031631133908721745
中间品进口份额,intermediate_share,151,0.017876903886938,0.015416024646750183,0.0002755907909286203
中间品进口份额,intermediate_share,152,0.017463524169706663,0.021221024530462738,0.00037059387479367403
中间品进口份额,intermediate_share,153,0.017336440324916175,0.012932442767120028,0.00022420252228757019
中间品进口份额,intermediate_share,154,0.01814322369608435,0.019876377917644527,0.00036062157082773587
中间品进口份额,intermediate_share,155,0.01819734970212772,0.019357195450869877,0.000352249654871915
中间品进口份额,intermediate_share,156,0.017860823684803972,0.019912401013206488,0.00035565188363799303
中间品进口份额,intermediate_share,157,0.018077361870214883,0.021113073561626988,0.00038166867096599765
中间品进口份额,intermediate_share,158,0.017566469059280915,0.021541113988847435,0.00037840131238753175
中间品进口份额,intermediate_share,159,0.01849496327663262,0.021282194457839083,0.0003936134049438881
中间品进口份额,intermediate_share,160,0.017880048154472326,0.0160956796403176,0.0002877915270478385
中间品进口份额,intermediate_share,161,0.017515160053450347,0.016304916770316105,0.0002855832268902733
中间品进口份额,intermediate_share,162,0.017311952227681105,0.013060004245878245,0.00022609416959795656
中间品进口份额,intermediate_share,163,0.01769331138379755,0.023217433493528294,0.00041079328033360665
中间品进口份额,intermediate_share,164,0.017624358675355948,0.020082705923196734,0.0003539448123621146
中间品进口份额,intermediate_share,165,0.017660527601685988,0.014039433731601979,0.00024794380692899805
中间品进口份额,intermediate_share,166,0.01749457044508578,0.01569086428843797,0.00027450493063835887
中间品进口份额,intermediate_share,167,0.018529018497141853,0.015711450510027723,0.0002911177571172325
中间品进口份额,intermediate_share,168,0.018789426132013936,0.025954223354045982,0.00048766496252463797
中间品进口份额,intermediate_share,169,0.0177179493752404,0.0176606866246348,0.0003129111515472647
中间品进口份额,intermediate_share,170,0.01833414003374319,0.017803154668009566,0.0003264055307256762
中间品进口份额,intermediate_share,171,0.016689436544416517,0.021578888806191365,0.0003601394954299507
中间品进口份额,intermediate_share,172,0.017774882640263535,0.017277178623831685,0.00030709982239347805
中间品进口份额,intermediate_share,173,0.01768608228131617,0.016676502224558465,0.00029494199050809314
中间品进口份额,intermediate_share,174,0.0179326083462489,0.018130724672681817,0.0003251311845888748
中间品进口份额,intermediate_share,175,0.017329375516624557,0.018791151648445022,0.00032563892330574236
中间品进口份额,intermediate_share,176,0.017991332609805545,0.01690630307268372,0.0003041669217828303
中间品进口份额,intermediate_share,177,0.01738458488510829,0.01579854462914763,0.0002746511401665887
中间品进口份额,intermediate_share,178,0.018266986379419904,0.012820107728955789,0.00023418473326753124
中间品进口份额,intermediate_share,179,0.01779000841789376,0.01898585585234851,0.00033775853543419754
中间品进口份额,intermediate_share,180,0.016640995308299385,0.020665926067363873,0.00034390157872866414
中间品进口份额,intermediate_share,181,0.017638516148780935,0.022825318137071653,0.0004026047425618007
中间品进口份额,intermediate_share,182,0.01752941824163435,0.01804000339748869,0.0003162307646350839
中间品进口份额,intermediate_share,183,0.017676906421134723,0.013933791853209422,0.00024630633468075236
中间品进口份额,intermediate_share,184,0.017632673294379193,0.018239416079968054,0.00032160966481832316
中间品进口份额,intermediate_share,185,0.01722256110925311,0.019900830299619886,0.0003427432659600794
中间品进口份额,intermediate_share,186,0.017494191983209503,0.017411625759968467,0.0003046023237846844
中间品进口份额,intermediate_share,187,0.018441124775236656,0.017227424832627812,0.00031769309089449996
中间品进口份额,intermediate_share,188,0.01685206242774793,0.019592188749635923,0.0003301687879050852
中间品进口份额,intermediate_share,189,0.01645164699246106,0.02429153811223763,0.0003996358099264475
中间品进口份额,intermediate_share,190,0.017317277617545958,0.018627897184153197,0.0003225844669690835
中间品进口份额,intermediate_share,191,0.017924952858309688,0.020235558280408333,0.0003627214282378976
中间品进口份额,intermediate_share,192,0.0175944032627523,0.022405775871724622,0.0003942162561019685
中间品进口份额,intermediate_share,193,0.0174869694186899,0.015610976900887101,0.0002729886756616872
中间品进口份额,intermediate_share,194,0.017769716123995596,0.015433841470846432,0.00027425498163969177
中间品进口份额,intermediate_share,195,0.016998973924412176,0.013826809221944064,0.00023504156942164895
中间品进口份额,intermediate_share,196,0.017589128945063797,0.01830267752138077,0.00032192815496348705
中间品进口份额,intermediate_share,197,0.017504294664052136,0.017320128602781044,0.000303176634682357
中间品进口份额,intermediate_share,198,0.017965366927644746,0.015301389090494104,0.0002748950695133869
中间品进口份额,intermediate_share,199,0.01688026488862661,0.02137995384659019,0.0003608992842370538
中间品进口份额,intermediate_share,200,0.018346896288242622,0.01967467143009886,0.0003609691562332739
中间品进口份额,intermediate_share,201,0.018041676567879993,0.019731384597214293,0.0003559872591393893
中间品进口份额,intermediate_share,202,0.017798953178381424,0.015244248210481929,0.00027133166013799264
中间品进口份额,intermediate_share,203,0.01756569239235792,0.018096418709185477,0.00031787612444886287
中间品进口份额,intermediate_share,204,0.016528254343794978,0.011802292400659992,0.00019507129063794698
中间品进口份额,intermediate_share,205,0.017569787578022498,0.021304456150175018,0.00037431476902387
中间品进口份额,intermediate_share,206,0.017409697187222566,0.01607021337288479,0.0002797775485559788
中间品进口份额,intermediate_share,207,0.016831906491507596,0.01925017402337397,0.00032401712910667924
中间品进口份额,intermediate_share,208,0.017987770346043958,0.018543973543082178,0.0003335647373960773
中间品进口份额,intermediate_share,209,0.01787863622945078,0.018613696170299204,0.0003327875027143006
中间品进口份额,intermediate_share,210,0.017843796994919833,0.013323409835706138,0.00023774022038845852
中间品进口份额,intermediate_share,211,0.017683096114585444,0.016431852323231067,0.0002905660239723691
中间品进口份额,intermediate_share,212,0.01734220039672232,0.023211569751053346,0.00040253969414526513
中间品进口份额,intermediate_share,213,0.016215365633571403,0.023148205697479503,0.00037535661914575087
中间品进口份额,intermediate_share,214,0.017798284851660077,0.01879836829559628,0.00033457871367143833
中间品进口份额,intermediate_share,215,0.01760653584080455,0.013017365861397689,0.000229190718591564
中间品进口份额,intermediate_share,216,0.017995529516640647,0.018309231975425555,0.0003294843244407913
中间品进口份额,intermediate_share,217,0.018210761722122566,0.0193936213092019,0.00035317261659095447
中间品进口份额,intermediate_share,218,0.017723025170121923,0.01971316380544772,0.00034937689830668645
中间品进口份额,intermediate_share,219,0.017477737049099523,0.013485788281848123,0.00023570106148996915
中间品进口份额,intermediate_share,220,0.016955914624969023,0.01799093157157791,0.00030505269975133483
中间品进口份额,intermediate_share,221,0.017125562369608847,0.011757731058309757,0.00020135775656417079
中间品进口份额,intermediate_share,222,0.018764031675188735,0.01982379165640764,0.00037197425456317513
中间品进口份额,intermediate_share,223,0.018616031102344895,0.017686823630713923,0.00032925845881105905
中间品进口份额,intermediate_share,224,0.018104036429019508,0.01695057143935083,0.00030687376283070506
中间品进口份额,intermediate_share,225,0.017302999896456533,0.019090080947126005,0.0003303156686514681
中间品进口份额,intermediate_share,226,0.01683548343887971,0.020068737593639027,0.00033786689939693245
中间品进口份额,intermediate_share,227,0.017719217385486243,0.01763038188479398,0.00031239656920580325
中间品进口份额,intermediate_share,228,0.017247884743699354,0.017389544606564188,0.00029993286111943784
中间品进口份额,intermediate_share,229,0.017742130348947022,0.022712539230982334,0.00040296883159166155
中间品进口份额,intermediate_share,230,0.018275408456234776,0.013172903125572098,0.00024074018517424183
中间品进口份额,intermediate_share,231,0.017872869896266567,0.01711707689086105,0.0003059312882747506
中间品进口份额,intermediate_share,232,0.01803857310577367,0.01732751724938959,0.0003125636866446684
中间品进口份额,intermediate_share,233,0.01700032890974323,0.016471535406739072,0.00028002151956304545
中间品进口份额,intermediate_share,234,0.017469990749674914,0.02028299720428596,0.0003543437735345579
中间品进口份额,intermediate_share,235,0.017168100601589076,0.019591583178281014,0.0003363502709491287
中间品进口份额,intermediate_share,236,0.016801943953689055,0.01908616318776981,0.00032068464417187156
中间品进口份额,intermediate_share,237,0.01708556537266133,0.015737421529269404,0.00026888274433546026
中间品进口份额,intermediate_share,238,0.017340386731856203,0.01955067140035206,0.0003390162029495454
中间品进口份额,intermediate_share,239,0.01665350767921896,0.01966427243689675,0.0003274791120341138
中间品进口份额,intermediate_share,240,0.01693833696226458,0.021307669876926224,0.000360916492256071
中间品进口份额,intermediate_share,241,0.017898903686210138,0.018181438851283892,0.0003254278228758495
中间品进口份额,intermediate_share,242,0.016737571226855524,0.021532562235008046,0.00036040279410514656
中间品进口份额,intermediate_share,243,0.017568155761486147,0.02010524228193951,0.0003532120280315305
中间品进口份额,intermediate_share,244,0.016897101947193422,0.014622978909849406,0.00024708596541138476
中间品进口份额,intermediate_share,245,0.018093056958976207,0.016349158250898936,0.00029580625146483026
中间品进口份额,intermediate_share,246,0.017586955260440826,0.019899914306081568,0.0003499789025876629
中间品进口份额,intermediate_share,247,0.017656513635134263,0.02146883850035429,0.00037906483971200097
中间品进口份额,intermediate_share,248,0.016838343322909375,0.01938068495489968,0.0003263386271037452
中间品进口份额,intermediate_share,249,0.018320035567779617,0.016837796909668457,0.00030846903826817586
中间品进口份额,intermediate_share,250,0.016900355135980268,0.021237261610011684,0.00035891726332491753
中间品进口份额,intermediate_share,251,0.018068852614267727,0.021975606180123973,0.0003970739891778511
中间品进口份额,intermediate_share,252,0.016812208653130118,0.017720698725016817,0.0002979240844442396
中间品进口份额,intermediate_share,253,0.017120576204286104,0.01959471783831088,0.0003354728599522857
中间品进口份额,intermediate_share,254,0.01828408577509471,0.020735517672616433,0.0003791299837171111
中间品进口份额,intermediate_share,255,0.01798149109055306,0.015612054355499219,0.0002807280162986393
中间品进口份额,intermediate_share,256,0.017841840123709634,0.01467187194208692,0.000261773193506256
中间品进口份额,intermediate_share,257,0.01748023661795256,0.011561622517791486,0.0002020998972984436
中间品进口份额,intermediate_share,258,0.018245223079523358,0.018521175336637226,0.0003379229757119123
中间品进口份额,intermediate_share,259,0.018045805734368158,0.024115023807609298,0.00043517503491178055
中间品进口份额,intermediate_share,260,0.017859450211530254,0.01532247113383939,0.0002736509103324141
中间品进口份额,intermediate_share,261,0.018634718700526243,0.021931085154998878,0.00040867960266069105
中间品进口份额,intermediate_share,262,0.017489578075773733,0.0188431500366883,0.00032955874376017875
中间品进口份额,intermediate_share,263,0.016912747747851932,0.015024782239979932,0.0002541103519911863
中间品进口份额,intermediate_share,264,0.017179144126410185,0.01582614217048782,0.0002718795773118684
中间品进口份额,intermediate_share,265,0.01685575334414785,0.014313108921284734,0.00024125823356509757
中间品进口份额,intermediate_share,266,0.017416495686109788,0.021745922776815845,0.00037873777023288976
中间品进口份额,intermediate_share,267,0.017582570647758505,0.016447028217565936,0.0002891810355810307
中间品进口份额,intermediate_share,268,0.01858943665841752,0.015873240608373456,0.00029507460085317916
中间品进口份额,intermediate_share,269,0.01665565574558818,0.01726887145841179,0.00028762437812612004
中间品进口份额,intermediate_share,270,0.01705845183078032,0.017148085718969325,0.0002925197942271301
中间品进口份额,intermediate_share,271,0.017083193428603972,0.021902891216908634,0.0003741713273041212
中间品进口份额,intermediate_share,272,0.017876430950164945,0.021777878638356164,0.0003893107437196461
中间品进口份额,intermediate_share,273,0.017767154791260245,0.018301902135810677,0.00032517272822144477
中间品进口份额,intermediate_share,274,0.016277505171750476,0.01268765036664382,0.0002065232944604066
中间品进口份额,intermediate_share,275,0.017861887395418836,0.018675334501592686,0.0003335767219392289
中间品进口份额,intermediate_share,276,0.016649417899561605,0.02187269885965164,0.00036416770390560474
中间品进口份额,intermediate_share,277,0.01754807426344183,0.01666362872087004,0.0002924145942922497
中间品进口份额,intermediate_share,278,0.017612131288085545,0.01746278930159956,0.00030755693783594715
中间品进口份额,intermediate_share,279,0.017223777552956288,0.016570537741152306,0.0002854072559864741
中间品进口份额,intermediate_share,280,0.016572261868536314,0.02390289106123242,0.00039612497008183954
中间品进口份额,intermediate_share,281,0.017080080169024865,0.01713360240204096,0.0002926433026110566
中间品进口份额,intermediate_share,282,0.017712258296658467,0.011307282336203454,0.00020027750537207937
中间品进口份额,intermediate_share,283,0.017836373928236976,0.020185069410932014,0.00036002844578080146
中间品进口份额,intermediate_share,284,0.018850500410309425,0.02059889686206715,0.0003882995137503183
中间品进口份额,intermediate_share,285,0.0183314281100445,0.017781696628307486,0.0003259638934164394
中间品进口份额,intermediate_share,286,0.016667471229160815,0.01622196388827406,0.0002703791163882936
中间品进口份额,intermediate_share,287,0.01843659110255412,0.010512482993392835,0.00019381435042173785
中间品进口份额,intermediate_share,288,0.01769302003650613,0.018514077692933673,0.0003275699475785067
中间品进口份额,intermediate_share,289,0.01748332154070342,0.020418699593375004,0.0003569866904340053
中间品进口份额,intermediate_share,290,0.017414826978365962,0.017890091853864816,0.00031155285426213015
中间品进口份额,intermediate_share,291,0.017391845406202863,0.01412396355456775,0.00024564179066388576
中间品进口份额,intermediate_share,292,0.017566138438586176,0.01820030527997138,0.00031970908217250816
中间品进口份额,intermediate_share,293,0.01822929917715218,0.02015683534758877,0.00036744498201579195
中间品进口份额,intermediate_share,294,0.017531525214116706,0.014286320713482382,0.00025046099180537414
中间品进口份额,intermediate_share,295,0.0174031446051812,0.017948460039829164,0.0003123596455134632
中间品进口份额,intermediate_share,296,0.017583012000709095,0.02012586857290117,0.00035387338864201526
中间品进口份额,intermediate_share,297,0.017307217621380218,0.017252978796431857,0.00029860105864690467
中间品进口份额,intermediate_share,298,0.017446624284109542,0.02250259960621613,0.00039259440074540416
中间品进口份额,intermediate_share,299,0.017706496195955115,0.020306026767752144,0.0003595485857181661
中间品进口份额,intermediate_share,300,0.017661160390463906,0.021076200228684578,0.0003722301526603304
中间品进口份额,intermediate_share,301,0.017453851334505024,0.017808232186059137,0.00031082223710582357
中间品进口份额,intermediate_share,302,0.01777609388388877,0.022707257658795027,0.00040364634398839275
中间品进口份额,intermediate_share,303,0.018419496734236467,0.01831648708153325,0.00033738047398098616
中间品进口份额,intermediate_share,304,0.017379834278934265,0.02057150179467512,0.0003575292920602524
中间品进口份额,intermediate_share,305,0.017356370665628024,0.016326315778945315,0.0002833655882634664
中间品进口份额,intermediate_share,306,0.017975133436875526,0.015502084769297058,0.0002786520422778704
中间品进口份额,intermediate_share,307,0.017702441696885306,0.01969648755465539,0.00034867592256971404
中间品进口份额,intermediate_share,308,0.01778473870885212,0.0183452676842446,0.00032626579230823883
中间品进口份额,intermediate_share,309,0.017471263644691416,0.020107564236769182,0.0003513045560331627
中间品进口份额,intermediate_share,310,0.018191401493866572,0.015909885039114488,0.0002894231064677927
中间品进口份额,intermediate_share,311,0.018440916792055697,0.018815714517211295,0.0003469790257949679
中间品进口份额,intermediate_share,312,0.01810999548679981,0.021547563658550806,0.00039022628060788667
中间品进口份额,intermediate_share,313,0.017728022176003635,0.02240674877069709,0.0003972273390990602
中间品进口份额,intermediate_share,314,0.017404750412589865,0.013549807785055526,0.00023583102263745854
中间品进口份额,intermediate_share,315,0.018204472983847305,0.018238743803514184,0.0003320267188303864
中间品进口份额,intermediate_share,316,0.017605521666055998,0.02017331746870378,0.00035516177777149033
中间品进口份额,intermediate_share,317,0.017577814839153025,0.017557496737287265,0.0003086224266870689
中间品进口份额,intermediate_share,318,0.01666289862940354,0.017683080726370055,0.0002946513815990637
中间品进口份额,intermediate_share,319,0.017305572697269254,0.01583518600291,0.00027403696254813957
中间品进口份额,intermediate_share,320,0.017964375006729674,0.018834325730327006,0.0003383468904184921
中间品进口份额,intermediate_share,321,0.017200862999982837,0.011622908978467718,0.00019992406499989368
中间品进口份额,intermediate_share,322,0.017112869992998273,0.018763326027610723,0.00032109435894674306
中间品进口份额,intermediate_share,323,0.01695123665053039,0.01689261932207203,0.00028635078777576524
中间品进口份额,intermediate_share,324,0.017309668779969145,0.021394349286871985,0.0003703290999187231
中间品进口份额,intermediate_share,325,0.017682084246153335,0.015298571417722066,0.000270510628653955
中间品进口份额,intermediate_share,326,0.017443799762016748,0.0214458887104799,0.00037409778838410696
中间品进口份额,intermediate_share,327,0.01834356165833644,0.017540197254522903,0.0003217496898377244
中间品进口份额,intermediate_share,328,0.01777978823567129,0.012296175745772834,0.00021862340086843847
中间品进口份额,intermediate_share,329,0.017728855513368533,0.013426869372504136,0.00023804302710199907
中间品进口份额,intermediate_share,330,0.016563056389408814,0.024865513758073134,0.000411848906526586
中间品进口份额,intermediate_share,331,0.01844056229021613,0.019909418987065733,0.00036714088099299737
中间品进口份额,intermediate_share,332,0.01718972791532788,0.01861876554656993,0.0003200515138648181
中间品进口份额,intermediate_share,333,0.017750521932044468,0.021096606828158858,0.0003744757821949529
中间品进口份额,intermediate_share,334,0.01821251698475062,0.01665667254438718,0.0003033599316240808
中间品进口份额,intermediate_share,335,0.016673610583921705,0.011396804534193448,0.00019002588070421474
中间品进口份额,intermediate_share,336,0.01848731716435115,0.02453586795898075,0.0004536023728603182
中间品进口份额,intermediate_share,337,0.018612308921299437,0.01720663864148746,0.0003202552738925327
中间品进口份额,intermediate_share,338,0.01804455281384254,0.016553245384069378,0.00029869591057333513
中间品进口份额,intermediate_share,339,0.018320479046226145,0.014844240627314903,0.00027195359936986154
中间品进口份额,intermediate_share,340,0.018297627498304596,0.012001642799807137,0.00021960158931858044
中间品进口份额,intermediate_share,341,0.01726496159058768,0.01304032409274948,0.00022514069459013495
中间品进口份额,intermediate_share,342,0.017740480490925768,0.02020701787543338,0.00035848220639891416
中间品进口份额,intermediate_share,343,0.01729782341914212,0.020483734885227253,0.0003543240290091824
中间品进口份额,intermediate_share,344,0.017099534497210085,0.014963729546853165,0.00025587280959333755
中间品进口份额,intermediate_share,345,0.01834500082735278,0.01581791535151228,0.000290179670210489
中间品进口份额,intermediate_share,346,0.01808075418285112,0.019232301223793293,0.0003477345107979533
中间品进口份额,intermediate_share,347,0.01687183202996825,0.020430048775379742,0.00034469235130226556
中间品进口份额,intermediate_share,348,0.01791535956220465,0.01706810851657249,0.0003057813011211236
中间品进口份额,intermediate_share,349,0.017978778285855562,0.01761829646042076,0.00031675544583637866
中间品进口份额,intermediate_share,350,0.01697931708671994,0.016463796512035837,0.0002795440214290902
中间品进口份额,intermediate_share,351,0.01732347448402293,0.0127656899596113,0.0002211461042862741
中间品进口份额,intermediate_share,352,0.01719807630869906,0.01790501913596573,0.0003079318854090555
中间品进口份额,intermediate_share,353,0.01744195735095568,0.020117515558444633,0.00035088884837757863
中间品进口份额,intermediate_share,354,0.017192635814732952,0.01615887943091862,0.0002778137292299631
中间品进口份额,intermediate_share,355,0.01779917412419436,0.021513174861233615,0.00038291674531933795
中间品进口份额,intermediate_share,356,0.017573122051608873,0.017725677269560647,0.0003114954901054184
中间品进口份额,intermediate_share,357,0.01780653736032393,0.018142686366047434,0.0003230584225936632
中间品进口份额,intermediate_share,358,0.017145848790964847,0.011812720926067319,0.0002025391268082165
中间品进口份额,intermediate_share,359,0.01786717362702795,0.01890451336501353,0.0003377702226271672
中间品进口份额,intermediate_share,360,0.017612829343214665,0.014977744517462562,0.0002638004581323372
中间品进口份额,intermediate_share,361,0.017616903621393943,0.01704764710836581,0.0003003267560796156
中间品进口份额,intermediate_share,362,0.016997691346181315,0.011046293988614916,0.00018776149573765445
中间品进口份额,intermediate_share,363,0.01789877789234048,0.0199159870519346,0.00035647182874930624
中间品进口份额,intermediate_share,364,0.017782552959434955,0.01848232704228745,0.0003286629594430734
中间品进口份额,intermediate_share,365,0.01776441467856573,0.022280942544917866,0.00039580790279721863
中间品进口份额,intermediate_share,366,0.018085161977988654,0.011629571143414083,0.0002103226778631864
中间品进口份额,intermediate_share,367,0.016492225200988524,0.017630521700478855,0.00029076653429521243
中间品进口份额,intermediate_share,368,0.017678933651361764,0.028574981847576328,0.0005051752081721687
中间品进口份额,intermediate_share,369,0.018244052907400086,0.017756747536245794,0.0003239550415146144
中间品进口份额,intermediate_share,370,0.017365321798354108,0.019035832629060598,0.0003305633593032464
中间品进口份额,intermediate_share,371,0.017055838277037154,0.021019875443030054,0.00035851159615978527
中间品进口份额,intermediate_share,372,0.017081143251489763,0.017920379938754394,0.00030610057685498713
中间品进口份额,intermediate_share,373,0.01717238101456889,0.01719044338715785,0.0002952008436536508
中间品进口份额,intermediate_share,374,0.01765882352892193,0.016657349706458636,0.0002941491989258926
中间品进口份额,intermediate_share,375,0.018435046820652026,0.016200438949192052,0.0002986558505434702
中间品进口份额,intermediate_share,376,0.01701637994387609,0.015530207530766615,0.00026426791195077043
中间品进口份额,intermediate_share,377,0.017356493796175442,0.02109146352983009,0.0003660738559077566
中间品进口份额,intermediate_share,378,0.01795051296797535,0.01155761851016093,0.00020746518094555573
中间品进口份额,intermediate_share,379,0.016996293537739803,0.015267711201457645,0.0002594945012294122
中间品进口份额,intermediate_share,380,0.01691869450961632,0.023078515564231485,0.000390458354566658
中间品进口份额,intermediate_share,381,0.01771565053174913,0.018781458037595174,0.0003327257470707469
中间品进口份额,intermediate_share,382,0.018016062181129004,0.02358759582437974,0.00042495559307536424
中间品进口份额,intermediate_share,383,0.017084151325108286,0.020894438385483063,0.00035696374723074393
中间品进口份额,intermediate_share,384,0.017684710230767176,0.016312514214282668,0.0002884820870148597
中间品进口份额,intermediate_share,385,0.017342519442655482,0.019717363892920496,0.0003419487666708869
中间品进口份额,intermediate_share,386,0.017794166955541067,0.021350621725635982,0.000379916527590569
中间品进口份额,intermediate_share,387,0.016974327752427517,0.017748421286495654,0.0003012675200051385
中间品进口份额,intermediate_share,388,0.017853306605247494,0.020199953184395828,0.0003606359576126642
中间品进口份额,intermediate_share,389,0.017280217599445917,0.01793684694373164,0.0003099526182356392
中间品进口份额,intermediate_share,390,0.01782849978618062,0.019050794923920575,0.00033964709322768886
中间品进口份额,intermediate_share,391,0.018219705798973054,0.013234439178124459,0.00024112758823983038
中间品进口份额,intermediate_share,392,0.017994532758234875,0.01492714624311587,0.00026860702205871117
中间品进口份额,intermediate_share,393,0.01788930994252029,0.012074728540408083,0.00021600856133115583
中间品进口份额,intermediate_share,394,0.01740456287937822,0.017266715642068463,0.0003005196381127241
中间品进口份额,intermediate_share,395,0.017514768933520497,0.014095643746988242,0.0002468819431977221
中间品进口份额,intermediate_share,396,0.01818770844444617,0.01562593713361913,0.00028419998875750963
中间品进口份额,intermediate_share,397,0.01783605878877463,0.022635505042065813,0.0004037281986438904
中间品进口份额,intermediate_share,398,0.018525619214252765,0.016272599441523535,0.00030145998087972723
中间品进口份额,intermediate_share,399,0.0173450016796673,0.016298775081206945,0.000282702281160054
中间品进口份额,intermediate_share,400,0.01773878201694319,0.02221720332069372,0.0003941061267318923
中间品进口份额,intermediate_share,401,0.018148777796267928,0.015504148030908136,0.0002813813375333967
中间品进口份额,intermediate_share,402,0.017010299994886003,0.016692779929287496,0.00028394919434579225
中间品进口份额,intermediate_share,403,0.017860422258598255,0.022154080089393447,0.0003956812251473711
中间品进口份额,intermediate_share,404,0.017526152385773992,0.016493419724332607,0.00028906618745118374
中间品进口份额,intermediate_share,405,0.016523477000973737,0.01742295761189021,0.0002878878393890082
中间品进口份额,intermediate_share,406,0.01707606696111926,0.017904732190465258,0.00030574240580529227
中间品进口份额,intermediate_share,407,0.017675094922221087,0.027452914142095684,0.0004852328633531269
中间品进口份额,intermediate_share,408,0.017416865496433166,0.022675209624099656,0.00039493107612637056
中间品进口份额,intermediate_share,409,0.01761752987042166,0.01895960041604899,0.00033402132666100206
中间品进口份额,intermediate_share,410,0.018765994255541575,0.011331310421584466,0.00021264330627921246
中间品进口份额,intermediate_share,411,0.017404296255085733,0.007133734867644334,0.00012415763504171681
中间品进口份额,intermediate_share,412,0.0179258365015735,0.01738216739140484,0.0003115898907013055
中间品进口份额,intermediate_share,413,0.016957242544144744,0.01834478322109993,0.0003110769384999484
中间品进口份额,intermediate_share,414,0.017753389419327463,0.01882422307933713,0.0003341937628437637
中间品进口份额,intermediate_share,415,0.017960842920090918,0.014481961560821079,0.0002601082367687021
中间品进口份额,intermediate_share,416,0.01724909028518243,0.016146737547485013,0.00027851653376771414
中间品进口份额,intermediate_share,417,0.017166080174012225,0.019007705084821507,0.0003262877894100258
中间品进口份额,intermediate_share,418,0.017205846641425878,0.01431750639193808,0.00024634481926732137
中间品进口份额,intermediate_share,419,0.017262487169352515,0.01873757339508576,0.00032345712031746896
中间品进口份额,intermediate_share,420,0.017603890339032938,0.01189375570539155,0.0002093763711569602
中间品进口份额,intermediate_share,421,0.017014304919176992,0.012705646669831462,0.0002161777466358382
中间品进口份额,intermediate_share,422,0.01781640929184778,0.013474930566071085,0.00024007487814435257
中间品进口份额,intermediate_share,423,0.017349303658701656,0.017948869884898643,0.000311400393963632
中间品进口份额,intermediate_share,424,0.01785983986676652,0.013431636396402345,0.00023988687518837877
中间品进口份额,intermediate_share,425,0.017707130884678342,0.019233798454117747,0.0003405753866365869
中间品进口份额,intermediate_share,426,0.018522949900926428,0.017493039738817474,0.0003240226986970312
中间品进口份额,intermediate_share,427,0.017652496724528073,0.013867482761315351,0.00024479569402156875
中间品进口份额,intermediate_share,428,0.018226515979039636,0.020476717187595205,0.00037321921301797955
中间品进口份额,intermediate_share,429,0.018759980023075273,0.013627866555169482,0.0002556585043321151
中间品进口份额,intermediate_share,430,0.01758994994967628,0.017631795154996972,0.00031014239429934145
中间品进口份额,intermediate_share,431,0.017620724073742714,0.0167057996859719,0.00029436828669772853
中间品进口份额,intermediate_share,432,0.017495060348456458,0.012339652495155482,0.00021588296508172648
中间品进口份额,intermediate_share,433,0.01801874927608052,0.01471548591741104,0.00026515465122152324
中间品进口份额,intermediate_share,434,0.017689979742479846,0.018071347555982234,0.0003196817721846384
中间品进口份额,intermediate_share,435,0.01642887128728881,0.013659756878981128,0.00022441438758043884
中间品进口份额,intermediate_share,436,0.016831106139717736,0.01715973325598043,0.00028881729176065087
中间品进口份额,intermediate_share,437,0.01917248685936792,0.013394322054062435,0.000256802463571654
中间品进口份额,intermediate_share,438,0.01675329291012157,0.016236256928352913,0.0002720107680846871
中间品进口份额,intermediate_share,439,0.01704936622823254,0.014282839337464248,0.00024351335864343418
中间品进口份额,intermediate_share,440,0.01841476217912369,0.012949998953570244,0.00023847115094989668
中间品进口份额,intermediate_share,441,0.016514548607107975,0.019898224637273032,0.00032861019796739894
中间品进口份额,intermediate_share,442,0.017032978398878903,0.016754437339211465,0.00028537796928415903
中间品进口份额,intermediate_share,443,0.018066421298049057,0.01841939104316347,0.0003327724786393025
中间品进口份额,intermediate_share,444,0.017844176246227812,0.022691821814670457,0.00040491686780897665
中间品进口份额,intermediate_share,445,0.01865782889727369,0.014137058401581415,0.00026376681676747155
中间品进口份额,intermediate_share,446,0.017397453407545328,0.018609041692266168,0.0003237499358002691
中间品进口份额,intermediate_share,447,0.018510523296886645,0.017650809111075777,0.0003267257132594672
中间品进口份额,intermediate_share,448,0.017080889704659222,0.020378531181233114,0.00034808344344960165
中间品进口份额,intermediate_share,449,0.01870055969531983,0.017708101614303983,0.0003311514113290811
中间品进口份额,intermediate_share,450,0.0176962181771993,0.019011203262632625,0.0003364264007466301
中间品进口份额,intermediate_share,451,0.01789946960693267,0.021189925118956447,0.00037928842063994
中间品进口份额,intermediate_share,452,0.01738053260437934,0.019445782764959195,0.0003379780613640511
中间品进口份额,intermediate_share,453,0.017740859884497563,0.02204537865558024,0.0003911039738293423
中间品进口份额,intermediate_share,454,0.018084915779874502,0.019461508422172147,0.00035195974076430157
中间品进口份额,intermediate_share,455,0.01746124648302763,0.020237983913526443,0.0003533804254336334
中间品进口份额,intermediate_share,456,0.017566563554847345,0.01435587160736287,0.0002521833309759684
中间品进口份额,intermediate_share,457,0.018354965118325444,0.017915650723913067,0.0003288411441095263
中间品进口份额,intermediate_share,458,0.01699832917186799,0.016328872671799655,0.0002775635526807701
中间品进口份额,intermediate_share,459,0.01790085829477958,0.015507623906108796,0.00027759977803198976
中间品进口份额,intermediate_share,460,0.018199737821482626,0.011696933979342817,0.00021288113173923074
中间品进口份额,intermediate_share,461,0.016896453469073966,0.019992752228820385,0.00033780660775298846
中间品进口份额,intermediate_share,462,0.01856008140954292,0.020635762190989997,0.0003830014262127421
中间品进口份额,intermediate_share,463,0.017340814772762846,0.02448243610630984,0.00042454538970552015
中间品进口份额,intermediate_share,464,0.017695039243089006,0.017256580888094345,0.0003053558760163692
中间品进口份额,intermediate_share,465,0.017988690258452823,0.017521150897690376,0.0003151825564701648
中间品进口份额,intermediate_share,466,0.017610784797737686,0.008767195617696979,0.00015439719530293042
中间品进口份额,intermediate_share,467,0.01718609914128718,0.017673489600022137,0.0003037383444384883
中间品进口份额,intermediate_share,468,0.01710806546234507,0.023630943435535467,0.0004042797272321143
中间品进口份额,intermediate_share,469,0.018457196303827198,0.02299374344465109,0.00042440003651776496
中间品进口份额,intermediate_share,470,0.018590083552530504,0.01666563047480465,0.0003098154629822171
中间品进口份额,intermediate_share,471,0.018079584754374593,0.025396127593953762,0.0004591514412677984
中间品进口份额,intermediate_share,472,0.017528350433903068,0.016076321467303922,0.0002817913963669819
中间品进口份额,intermediate_share,473,0.018518546018627655,0.014780828573036002,0.0002737194541232137
中间品进口份额,intermediate_share,474,0.017558690982637386,0.01654098886915398,0.0002904381121007194
中间品进口份额,intermediate_share,475,0.016811450220887616,0.017506442194992995,0.00029430868150597125
中间品进口份额,intermediate_share,476,0.016760388151922663,0.019000779895511452,0.00031846044623802045
中间品进口份额,intermediate_share,477,0.017453658644121343,0.01602148995949583,0.0002796336167232577
中间品进口份额,intermediate_share,478,0.016625541441454995,0.017297736134784723,0.00028758422895221696
中间品进口份额,intermediate_share,479,0.017439888120579193,0.018370254896749802,0.0003203751901458386
中间品进口份额,intermediate_share,480,0.01812708167720284,0.012664661771884097,0.00022957335835309146
中间品进口份额,intermediate_share,481,0.01752039994345889,0.016413871144333847,0.00028757758706912824
中间品进口份额,intermediate_share,482,0.01797028006364592,0.02057471614832281,0.00036973341141537916
中间品进口份额,intermediate_share,483,0.017266967612593154,0.020422331262365645,0.00035263173248091626
中间品进口份额,intermediate_share,484,0.01728243018150247,0.017356866326264694,0.00029996883045334087
中间品进口份额,intermediate_share,485,0.01807809201197092,0.015078202600962338,0.0002725851339953364
中间品进口份额,intermediate_share,486,0.01728287352286912,0.018904697546201048,0.00032672749667908693
中间品进口份额,intermediate_share,487,0.018366268831607788,0.023807272034380263,0.000437250758330646
中间品进口份额,intermediate_share,488,0.01854393999929797,0.025240875737468735,0.0004680652852053561
中间品进口份额,intermediate_share,489,0.017120937031345304,0.019438076372973182,0.0003327980815921548
中间品进口份额,intermediate_share,490,0.017941286348917028,0.01564461364951212,0.0002806844933040728
中间品进口份额,intermediate_share,491,0.01817278670178316,0.020167310989424817,0.00036649624095934466
中间品进口份额,intermediate_share,492,0.01734703590131002,0.015441316673165102,0.000267861074692892
中间品进口份额,intermediate_share,493,0.01689441433367496,0.016990157861582512,0.0002870387665081199
中间品进口份额,intermediate_share,494,0.017750155166628048,0.017183628392459526,0.0003050120702918319
中间品进口份额,intermediate_share,495,0.01638943369862825,0.015374967765825202,0.0002519870148165387
中间品进口份额,intermediate_share,496,0.01754788534911527,0.014593657496366461,0.00025608782857049526
中间品进口份额,intermediate_share,497,0.018256466806562434,0.020451838680500007,0.00037337831400371805
中间品进口份额,intermediate_share,498,0.017065308682528223,0.02295072193121541,0.00039166115424306127
中间品进口份额,intermediate_share,499,0.017162125327362922,0.013779274635635183,0.00023648163821692405
中间品进口份额,intermediate_share,500,0.0177348070650619,0.015339711317904129,0.0002720468206567761
中间品进口份额,intermediate_share,501,0.01747870891912801,0.018616617889206,0.00032539444514406295
中间品进口份额,intermediate_share,502,0.017335385096556553,0.018623077585335903,0.0003228382216248484
中间品进口份额,intermediate_share,503,0.018365123825029816,0.019029414038071478,0.0003494775451269433
中间品进口份额,intermediate_share,504,0.017414421578167093,0.01349832335745629,0.0002350654935451637
中间品进口份额,intermediate_share,505,0.01763279533826646,0.0248081362091567,0.0004374367884998976
中间品进口份额,intermediate_share,506,0.017458601616945475,0.018753246386211557,0.00032740545768128996
中间品进口份额,intermediate_share,507,0.01738059816768881,0.021168952109914523,0.0003679290502534726
中间品进口份额,intermediate_share,508,0.017325706130648096,0.013759160749215368,0.00023838717574525334
中间品进口份额,intermediate_share,509,0.018216574243802745,0.01877541066161366,0.00034202366227517085
中间品进口份额,intermediate_share,510,0.017107266793359388,0.020315649479120026,0.00034754523571967896
中间品进口份额,intermediate_share,511,0.017243025423641343,0.018029116463983943,0.0003108765135542658
中间品进口份额,intermediate_share,512,0.017691693826531334,0.022051767723037723,0.0003901331228897694
中间品进口份额,intermediate_share,513,0.017201520089299316,0.019828441350939,0.00034107933223767047
中间品进口份额,intermediate_share,514,0.017180791315436567,0.018593957634044114,0.0003194589058385806
中间品进口份额,intermediate_share,515,0.016645187050192217,0.017127819999458314,0.0002850957676530068
中间品进口份额,intermediate_share,516,0.01788939440015488,0.015651089472025655,0.00027998851235717877
中间品进口份额,intermediate_share,517,0.017723929590545574,0.0221393448108607,0.00039239618860850554
中间品进口份额,intermediate_share,518,0.01887315011879606,0.01347798720656593,0.0002543720758487316
中间品进口份额,intermediate_share,519,0.017278182827879438,0.01541544118053886,0.00026635081108977206
中间品进口份额,intermediate_share,520,0.016973554174779207,0.01702965052795647,0.0002890536958138265
中间品进口份额,intermediate_share,521,0.017556119558127147,0.01939526400528121,0.00034050557373815687
中间品进口份额,intermediate_share,522,0.018426302745336767,0.011743815371064038,0.0002163950974125654
中间品进口份额,intermediate_share,523,0.017207224465571293,0.018619495007859335,0.0003203898300358197
中间品进口份额,intermediate_share,524,0.017317583296171165,0.01625407851045531,0.0002814813585073156
中间品进口份额,intermediate_share,525,0.016384427537528338,0.01785198104016093,0.0002924944897538465
中间品进口份额,intermediate_share,526,0.01791299924509235,0.021274831671710796,0.0003810960436748223
中间品进口份额,intermediate_share,527,0.017147189479248245,0.013098416702430993,0.00022460103307473422
中间品进口份额,intermediate_share,528,0.017895803430988667,0.018155707076365494,0.0003249109649892468
中间品进口份额,intermediate_share,529,0.016797154305448325,0.016859167643600806,0.0002831860403709844
中间品进口份额,intermediate_share,530,0.017288308723214116,0.016329109823326363,0.00028230269180093447
中间品进口份额,intermediate_share,531,0.017437146465426424,0.017480042665050915,0.00030480206417239566
中间品进口份额,intermediate_share,532,0.018443082996058152,0.01742044183676213,0.00032128665462340767
中间品进口份额,intermediate_share,533,0.018842204268546093,0.01794836914484033,0.0003381868377143514
中间品进口份额,intermediate_share,534,0.017819614564095358,0.023655402311774442,0.00042153015155443083
中间品进口份额,intermediate_share,535,0.017958089136275692,0.020193142591006255,0.0003626302545908154
中间品进口份额,intermediate_share,536,0.0182122185857905,0.016285070181707936,0.000296587257834204
中间品进口份额,intermediate_share,537,0.016867553747449804,0.0161569945300318,0.00027252897363256386
中间品进口份额,intermediate_share,538,0.017411373274734375,0.016482071281343862,0.00028697549542025747
中间品进口份额,intermediate_share,539,0.017453780281492373,0.02319515339045983,0.00040484311087259875
中间品进口份额,intermediate_share,540,0.017512668106372305,0.02552889543488936,0.00044707907287350044
中间品进口份额,intermediate_share,541,0.019068238214582135,0.02349498577950613,0.0004480079856918426
中间品进口份额,intermediate_share,542,0.01751700021718567,0.017905921303969872,0.00031365802737054975
中间品进口份额,intermediate_share,543,0.016780213618938895,0.015362933260001755,0.0002577933019163308
中间品进口份额,intermediate_share,544,0.017495224096017375,0.017627238849544997,0.0003083924938668132
中间品进口份额,intermediate_share,545,0.017949093615464977,0.01755077186045077,0.00031502044714689926
中间品进口份额,intermediate_share,546,0.01788631393572334,0.021410104610578927,0.0003829478524614924
中间品进口份额,intermediate_share,547,0.017608000475960867,0.014727454648684322,0.00025932102846372565
中间品进口份额,intermediate_share,548,0.016985155393314456,0.013506195821848118,0.00022940483480662473
中间品进口份额,intermediate_share,549,0.017815333572866972,0.017249074816237386,0.0003072980216746081
中间品进口份额,intermediate_share,550,0.017397904051988645,0.013161182152350705,0.00022897698429734297
中间品进口份额,intermediate_share,551,0.017598005124446946,0.018149057688500676,0.00031938721020611816
中间品进口份额,intermediate_share,552,0.017946832946384193,0.023589415299707404,0.0004233552956867282
中间品进口份额,intermediate_share,553,0.01758587241315214,0.02059542706273891,0.0003621885526197072
中间品进口份额,intermediate_share,554,0.018042511245711452,0.008044163091887714,0.0001451369030477211
中间品进口份额,intermediate_share,555,0.01694207652260413,0.020933538055075872,0.0003546576036179411
中间品进口份额,intermediate_share,556,0.01710190189467512,0.019405453361330892,0.0003318701596071745
中间品进口份额,intermediate_share,557,0.01702691195465097,0.022617469549246722,0.0003851056626520233
中间品进口份额,intermediate_share,558,0.018249116732843594,0.0191485935824829,0.00034944491955651017
中间品进口份额,intermediate_share,559,0.01730114068757567,0.01827149846066823,0.00031611776544084334
中间品进口份额,intermediate_share,560,0.017713255919931555,0.016324449359215024,0.0002891591492517384
中间品进口份额,intermediate_share,561,0.01746239219694226,0.021088797804459738,0.00036826085822349084
中间品进口份额,intermediate_share,562,0.017614312145486907,0.01885902371688975,0.0003321887305084368
中间品进口份额,intermediate_share,563,0.017509512830160917,0.01948957697499816,0.0003412529980981391
中间品进口份额,intermediate_share,564,0.01787599197392035,0.02115084052350838,0.00037809225543990513
中间品进口份额,intermediate_share,565,0.01606957528251464,0.019383455062509946,0.00031148389036224307
中间品进口份额,intermediate_share,566,0.017578829963346636,0.018903689714214075,0.00033230474716603397
中间品进口份额,intermediate_share,567,0.017219263162300186,0.01487162134228268,0.0002560783615428454
中间品进口份额,intermediate_share,568,0.017820185772463675,0.019482913846052653,0.000347189144125563
中间品进口份额,intermediate_share,569,0.017422361146886445,0.018244160873484117,0.00031785635955973554
中间品进口份额,intermediate_share,570,0.01747685697255641,0.019981942469481255,0.0003492215505729745
中间品进口份额,intermediate_share,571,0.017448983981099623,0.020638061260263563,0.0003601132003312916
中间品进口份额,intermediate_share,572,0.017152278783011378,0.01662668906414032,0.00028518560606658134
中间品进口份额,intermediate_share,573,0.017299284437792457,0.019352098688895814,0.0003347774596874391
中间品进口份额,intermediate_share,574,0.017514647436944628,0.012919468411858315,0.00022627993430644132
中间品进口份额,intermediate_share,575,0.01712095544328469,0.02066667220318739,0.0003538331739517416
中间品进口份额,intermediate_share,576,0.017541198362664667,0.017963888145306493,0.0003151081253215415
中间品进口份额,intermediate_share,577,0.01829493297639026,0.017130505522249807,0.00031340145038124347
中间品进口份额,intermediate_share,578,0.017605599685097187,0.01883998917963049,0.00033168930756813695
中间品进口份额,intermediate_share,579,0.017049028644288602,0.016529065979208214,0.00028180451934285705
中间品进口份额,intermediate_share,580,0.018201310148311174,0.014294724405311406,0.0002601827123857059
中间品进口份额,intermediate_share,581,0.01762384065907144,0.015809972684049045,0.0002786324394079524
中间品进口份额,intermediate_share,582,0.017659193478496607,0.017359676919982338,0.00030655789345416016
中间品进口份额,intermediate_share,583,0.01812038276445916,0.01598535695796051,0.0002896607867047549
中间品进口份额,intermediate_share,584,0.017035923124454108,0.012496961510287825,0.00021289727557852528
中间品进口份额,intermediate_share,585,0.01742891436189567,0.018563017624404165,0.0003235332444741002
中间品进口份额,intermediate_share,586,0.01804595353300616,0.015742636470735028,0.0002840908862378924
中间品进口份额,intermediate_share,587,0.018684636811387725,0.016622904166892095,0.00031059292710888245
中间品进口份额,intermediate_share,588,0.017997088450932206,0.01797815845800173,0.00032355450795353214
中间品进口份额,intermediate_share,589,0.01829895848073535,0.013682458031000147,0.0002503747314236756
中间品进口份额,intermediate_share,590,0.01741324400890431,0.014282607632106785,0.0002487065317813144
中间品进口份额,intermediate_share,591,0.016954694329177712,0.024025061807269318,0.00040733757918185316
中间品进口份额,intermediate_share,592,0.018300316074302835,0.012723184752762058,0.00023283830244729623
中间品进口份额,intermediate_share,593,0.017593941538756368,0.022761989756995542,0.00040047311709035086
中间品进口份额,intermediate_share,594,0.017435822139760488,0.021049640486585,0.0003670177876299975
中间品进口份额,intermediate_share,595,0.018725009885380138,0.021137462888491318,0.0003957992015388557
中间品进口份额,intermediate_share,596,0.016999468999211745,0.020490682826996193,0.00034833072749020224
中间品进口份额,intermediate_share,597,0.01753075471922569,0.01429584494546412,0.00025061695124301383
中间品进口份额,intermediate_share,598,0.017437710396871222,0.01959505960045253,0.00034169297452212234
中间品进口份额,intermediate_share,599,0.017661281125492447,0.011418076636304316,0.0002016578613861877
中间品进口份额,intermediate_share,600,0.01851808895844266,0.018089831088039764,0.00033498910133152195
中间品进口份额,intermediate_share,601,0.01709935029203488,0.019663412995716046,0.00033623158675069966
中间品进口份额,intermediate_share,602,0.018405298660746066,0.01535064924758799,0.0002825332840382138
中间品进口份额,intermediate_share,603,0.017884264616554228,0.015060634582764743,0.0002693483741713924
中间品进口份额,intermediate_share,604,0.017988143851572914,0.014613422956636486,0.0002628683543078551
中间品进口份额,intermediate_share,605,0.01759904332476148,0.01940986785729503,0.00034159510534843054
中间品进口份额,intermediate_share,606,0.01688733918570939,0.01807775837611803,0.00030528523741480415
中间品进口份额,intermediate_share,607,0.018610760218502716,0.019806086556419293,0.00036860632776842964
中间品进口份额,intermediate_share,608,0.017047669792547956,0.01957755381108933,0.00033375167271728967
中间品进口份额,intermediate_share,609,0.01754678999221051,0.019195244375757918,0.00033681492191058406
中间品进口份额,intermediate_share,610,0.017381348191658826,0.01684659470720986,0.00029281652844977124
中间品进口份额,intermediate_share,611,0.017889887177396403,0.020730139066671854,0.00037085984907449704
中间品进口份额,intermediate_share,612,0.017425203764459943,0.016074426340173073,0.0002801001543743179
中间品进口份额,intermediate_share,613,0.01750242220793114,0.019452778639118335,0.00034047074485927327
中间品进口份额,intermediate_share,614,0.017235467865700207,0.02455394183780796,0.00042319867552181097
中间品进口份额,intermediate_share,615,0.017055717574734976,0.02221626127227163,0.0003789142778263873
中间品进口份额,intermediate_share,616,0.017486246522158484,0.015649865720498517,0.00027365741002731447
中间品进口份额,intermediate_share,617,0.017253111157537186,0.01802848502365222,0.0003110474561150662
中间品进口份额,intermediate_share,618,0.01807328680536265,0.019276691530623145,0.0003483931746914572
中间品进口份额,intermediate_share,619,0.0182126981698029,0.022665954302316174,0.00041280818443863
中间品进口份额,intermediate_share,620,0.017966287982984913,0.017930859514765824,0.0003221509858247279
中间品进口份额,intermediate_share,621,0.018775796111558007,0.0211206836666994,0.0003965576502626613
中间品进口份额,intermediate_share,622,0.016856986049724156,0.014962939859716745,0.0002522300684781067
中间品进口份额,intermediate_share,623,0.01846944867106151,0.019442182313724295,0.0003590863882967508
中间品进口份额,intermediate_share,624,0.01769608460723012,0.020667528994565358,0.00036573434171021025
中间品进口份额,intermediate_share,625,0.01745134227955581,0.018083821401362214,0.0003155869569975286
中间品进口份额,intermediate_share,626,0.017327313590739708,0.019499207117648493,0.0003378688764982792
中间品进口份额,intermediate_share,627,0.018022282948723108,0.019288979616756227,0.0003476314484453333
中间品进口份额,intermediate_share,628,0.01731459756062993,0.0203172754225462,0.00035178544746986484
中间品进口份额,intermediate_share,629,0.017878906501784596,0.015853068081807618,0.0002834355220010641
中间品进口份额,intermediate_share,630,0.01776286461827876,0.021852506668505627,0.00038816311752269927
中间品进口份额,intermediate_share,631,0.017798690734503214,0.01825931871135355,0.00032499196676610956
中间品进口份额,intermediate_share,632,0.01838744035189651,0.01361205425242181,0.0002502908356331853
中间品进口份额,intermediate_share,633,0.01717008265220242,0.016948442130170837,0.0002910061522011029
中间品进口份额,intermediate_share,634,0.017410963488757994,0.023222261827763376,0.0004043219528095666
中间品进口份额,intermediate_share,635,0.01733196276868739,0.019812765237259694,0.0003433941094369288
中间品进口份额,intermediate_share,636,0.018432403890931332,0.018045721346733025,0.0003326260243661844
中间品进口份额,intermediate_share,637,0.018124476303578944,0.01758302497510888,0.00031868311950659765
中间品进口份额,intermediate_share,638,0.018128513149036594,0.011990105887542542,0.00021736279224065605
中间品进口份额,intermediate_share,639,0.018443426280596836,0.014068536458010381,0.0002594720150392034
中间品进口份额,intermediate_share,640,0.017297901429057926,0.018520673874139363,0.00032036879107459105
中间品进口份额,intermediate_share,641,0.016246082853788316,0.01572911600841995,0.00025553652188963866
中间品进口份额,intermediate_share,642,0.017782220993177177,0.02325297244375693,0.0004134894947431449
中间品进口份额,intermediate_share,643,0.01732089206629959,0.018136521159900155,0.0003141407254687892
中间品进口份额,intermediate_share,644,0.016786265190957272,0.019638911816924554,0.0003296639818207201
中间品进口份额,intermediate_share,645,0.01716403234416219,0.01742635812553604,0.00029910657450765417
中间品进口份额,intermediate_share,646,0.01794233093392501,0.015600872153020058,0.00027991601102734105
中间品进口份额,intermediate_share,647,0.017745020050275413,0.013820839939515476,0.00024525108183834934
中间品进口份额,intermediate_share,648,0.016846463499689008,0.021508343128875538,0.00036233951745938864
中间品进口份额,intermediate_share,649,0.018005034084276377,0.01275338975326211,0.00022962521719754536
中间品进口份额,intermediate_share,650,0.017323607211659063,0.014512166596871419,0.0002514030739143595
中间品进口份额,intermediate_share,651,0.017928814003214444,0.01592513322095685,0.00028551875149494674
中间品进口份额,intermediate_share,652,0.01807373763838114,0.02423397691183332,0.00043799854063906145
中间品进口份额,intermediate_share,653,0.018174989927831037,0.02299585353615295,0.00041794940640145755
中间品进口份额,intermediate_share,654,0.017945616137435828,0.013287238421466513,0.0002384476802382268
中间品进口份额,intermediate_share,655,0.017190533689848724,0.018516013569343855,0.00031830015506550166
中间品进口份额,intermediate_share,656,0.018384130053976912,0.018187529603040577,0.000334361909582853
中间品进口份额,intermediate_share,657,0.017781719711259265,0.023859288060478635,0.0004242591728016258
中间品进口份额,intermediate_share,658,0.018208568290784974,0.017919936966693046,0.00032629639602459247
中间品进口份额,intermediate_share,659,0.017152071212358535,0.023304658934376228,0.0003997231696221486
中间品进口份额,intermediate_share,660,0.017739823810189452,0.020648248490010308,0.00036629629020179326
中间品进口份额,intermediate_share,661,0.017326445567814115,0.019977505792880094,0.0003461391667010281
中间品进口份额,intermediate_share,662,0.017981022741144815,0.016229467538147753,0.0002918224248801063
中间品进口份额,intermediate_share,663,0.017035929259653332,0.023593296019939786,0.0004019337219977547
中间品进口份额,intermediate_share,664,0.017003055047720914,0.01311187743322992,0.00022294197377617793
中间品进口份额,intermediate_share,665,0.0174067264013158,0.010627353934635656,0.00018498744231014983
中间品进口份额,intermediate_share,666,0.017102673569765917,0.016541901935655037,0.0002829107490285871
中间品进口份额,intermediate_share,667,0.01777490921487696,0.02006114424211681,0.0003565850176501779
中间品进口份额,intermediate_share,668,0.01693600114068856,0.015459244625633804,0.0002618177846139176
中间品进口份额,intermediate_share,669,0.017504121557391807,0.008420486282646461,0.00014739321546379392
中间品进口份额,intermediate_share,670,0.016952341718479307,0.019585122517088847,0.0003320136895079737
中间品进口份额,intermediate_share,671,0.018182947092707187,0.01724467580088928,0.0003135590277184577
中间品进口份额,intermediate_share,672,0.01752129890275218,0.0191285981171237,0.0003351578852007469
中间品进口份额,intermediate_share,673,0.018313595190534576,0.014257318984408192,0.0002611027683827752
中间品进口份额,intermediate_share,674,0.01841876450594521,0.01779206760945332,0.00032770790337237625
中间品进口份额,intermediate_share,675,0.018380839578848958,0.01452144689493621,0.0002669163858285968
中间品进口份额,intermediate_share,676,0.017551937751847803,0.022698763526596107,0.0003984072844627282
中间品进口份额,intermediate_share,677,0.01862513710219284,0.016305257676138496,0.00030368765970466174
中间品进口份额,intermediate_share,678,0.017845674425314217,0.02155030688406062,0.00038457976041855356
中间品进口份额,intermediate_share,679,0.018481296287490474,0.015862960467142136,0.0002931680723900021
中间品进口份额,intermediate_share,680,0.017648194982465042,0.017993149941273934,0.00031754661851233183
中间品进口份额,intermediate_share,681,0.017674215954067575,0.017896633500186287,0.0003163089653330927
中间品进口份额,intermediate_share,682,0.018184493036885588,0.012036389202378475,0.00021887563563989626
中间品进口份额,intermediate_share,683,0.017972581685594093,0.014504673452125721,0.0002606864284411976
中间品进口份额,intermediate_share,684,0.017467533006456724,0.019650726144866584,0.00034324970753629914
中间品进口份额,intermediate_share,685,0.016740825221315616,0.021483118149705716,0.0003596451261530967
中间品进口份额,intermediate_share,686,0.016981690454004567,0.022003987056228077,0.0003736648969427884
中间品进口份额,intermediate_share,687,0.017665874903121465,0.018890471627792914,0.0003337167086375549
中间品进口份额,intermediate_share,688,0.01758832604300162,0.016240990278301018,0.00028565183227597795
中间品进口份额,intermediate_share,689,0.01821988967835263,0.01740384892189224,0.000317096207335593
中间品进口份额,intermediate_share,690,0.01838353051019108,0.019315239259382087,0.00035508229023649114
中间品进口份额,intermediate_share,691,0.017770874642671894,0.025321658855429113,0.00044998802526433345
中间品进口份额,intermediate_share,692,0.018359686342826854,0.01859073376661121,0.00034132004083798186
中间品进口份额,intermediate_share,693,0.017502426411367417,0.021001727733265932,0.0003675811941630612
中间品进口份额,intermediate_share,694,0.01624047724921592,0.01753281518533454,0.000284741286132133
中间品进口份额,intermediate_share,695,0.018133924987423566,0.020511435628559265,0.00037195283507266086
中间品进口份额,intermediate_share,696,0.017962051643891908,0.01930904296665817,0.00034683002696124184
中间品进口份额,intermediate_share,697,0.016837985396448527,0.021878098207576017,0.0003683830981212317
中间品进口份额,intermediate_share,698,0.017043670840344274,0.01586019637307392,0.00027031596644589394
中间品进口份额,intermediate_share,699,0.017449786936235268,0.022923143211221863,0.0004000039649446294
中间品进口份额,intermediate_share,700,0.017631100882708764,0.015363490575522606,0.0002708752522475844
中间品进口份额,intermediate_share,701,0.01813707919256306,0.017446282950898114,0.00031642461549630187
中间品进口份额,intermediate_share,702,0.017066174550009125,0.019136342262157685,0.00032658415729469955
中间品进口份额,intermediate_share,703,0.0179719469790076,0.018930792425205175,0.0003402231977363861
中间品进口份额,intermediate_share,704,0.01683435272872847,0.012409020708052273,0.00020889783161744788
中间品进口份额,intermediate_share,705,0.017761549316339314,0.01827732134727804,0.0003246335444802602
中间品进口份额,intermediate_share,706,0.017864302662832877,0.016978776909095498,0.00030331400954880007
中间品进口份额,intermediate_share,707,0.01744018704598809,0.01955866499344388,0.0003411067758554807
中间品进口份额,intermediate_share,708,0.01693060872697546,0.021531163121736616,0.0003645356982508061
中间品进口份额,intermediate_share,709,0.017539270669356507,0.02269117762771586,0.0003979867062189553
中间品进口份额,intermediate_share,710,0.01701020018547187,0.014703929190002065,0.0002501167790349384
中间品进口份额,intermediate_share,711,0.01778417376901167,0.01558986553390337,0.00027725287769046346
中间品进口份额,intermediate_share,712,0.018056053752802476,0.008720454861946858,0.00015745700173620017
中间品进口份额,intermediate_share,713,0.016814194293622818,0.014602371844945648,0.0002455271173486436
中间品进口份额,intermediate_share,714,0.0182254195431945,0.01930959777088904,0.00035192552058478606
中间品进口份额,intermediate_share,715,0.01774275432703684,0.014417897852984779,0.0002558132195178209
中间品进口份额,intermediate_share,716,0.017559007691635802,0.014427852719357906,0.00025333877687299403
中间品进口份额,intermediate_share,717,0.017849080742084397,0.01550506824210284,0.0002767512149648222
中间品进口份额,intermediate_share,718,0.017421035352380824,0.013815189393980338,0.00024067490283236808
中间品进口份额,intermediate_share,719,0.017509157509481833,0.01766344479129847,0.00030927203701088137
中间品进口份额,intermediate_share,720,0.017712000199413505,0.021634395173568327,0.0003831884116284328
中间品进口份额,intermediate_share,721,0.01827350391222399,0.019674518771017568,0.0003595223957333139
中间品进口份额,intermediate_share,722,0.018132128870456336,0.02178747601672983,0.00039505332289732197
中间品进口份额,intermediate_share,723,0.017557651634736188,0.018053529660407946,0.00031697758455481983
中间品进口份额,intermediate_share,724,0.01745845383098314,0.014785542338849341,0.00025813270828884766
中间品进口份额,intermediate_share,725,0.017576286635602543,0.019614154221314007,0.0003447439967087286
中间品进口份额,intermediate_share,726,0.018067139088209633,0.022301085393676878,0.00040291681162560046
中间品进口份额,intermediate_share,727,0.01725499377033164,0.012744132164500207,0.00021989992110673412
中间品进口份额,intermediate_share,728,0.018764261083526353,0.018179246603693907,0.0003411201295735222
中间品进口份额,intermediate_share,729,0.01698834717680843,0.021736459845984928,0.00036926652625834786
中间品进口份额,intermediate_share,730,0.018170156043798916,0.01802333863043862,0.0003274868753452988
中间品进口份额,intermediate_share,731,0.018039717259615323,0.017382700063539876,0.0003135789943549567
中间品进口份额,intermediate_share,732,0.018390851285300932,0.02387321007285904,0.00043904865615269884
中间品进口份额,intermediate_share,733,0.018320507768351587,0.01904751791170274,0.0003489601998691661
中间品进口份额,intermediate_share,734,0.016969017968871045,0.02010499659252464,0.00034116204844264177
中间品进口份额,intermediate_share,735,0.01794574713693528,0.020535431051859086,0.0003685236530046321
中间品进口份额,intermediate_share,736,0.018668715510535026,0.020064158856318404,0.0003745720736467901
中间品进口份额,intermediate_share,737,0.017594195809381295,0.01928016468166616,0.000339218992646352
中间品进口份额,intermediate_share,738,0.018313219282893957,0.01729584762971247,0.00031674265032644613
中间品进口份额,intermediate_share,739,0.017700709345823393,0.02044071286839181,0.0003618151173048354
中间品进口份额,intermediate_share,740,0.018335891046964217,0.019837879296897565,0.0003637451933907409
中间品进口份额,intermediate_share,741,0.017885982824258836,0.02270812557402467,0.00040615714398811807
中间品进口份额,intermediate_share,742,0.01749548175197976,0.012111125985148201,0.00021188998366908826
中间品进口份额,intermediate_share,743,0.017717332210994287,0.012840743237362276,0.0002275037137724257
中间品进口份额,intermediate_share,744,0.017517104582563028,0.017213792991896917,0.0003015358121016488
中间品进口份额,intermediate_share,745,0.017766235454431772,0.020776189777956627,0.000369114679441136
中间品进口份额,intermediate_share,746,0.017569424814589972,0.021661658862349872,0.0003805828867413526
中间品进口份额,intermediate_share,747,0.017109517085241343,0.015041668073175366,0.00025735567688852317
中间品进口份额,intermediate_share,748,0.01709677555007308,0.01837371694804056,0.00031413131468122324
中间品进口份额,intermediate_share,749,0.01731374409904784,0.02086536556307628,0.00036125759989218793
中间品进口份额,intermediate_share,750,0.018067646635652065,0.01840319023326529,0.00033250233810332055
中间品进口份额,intermediate_share,751,0.017659893693634344,0.018384577184882216,0.0003246696786874353
中间品进口份额,intermediate_share,752,0.017209849595517412,0.016874273977944793,0.0002904037171939832
中间品进口份额,intermediate_share,753,0.017716462325736208,0.02143797095170408,0.00037980500470609254
中间品进口份额,intermediate_share,754,0.018159817684008345,0.018450503476826908,0.00033505777931733873
中间品进口份额,intermediate_share,755,0.016105569666809497,0.018474334234966687,0.0002975396770691797
中间品进口份额,intermediate_share,756,0.018125017982446624,0.01875105579684205,0.00033986322350762217
中间品进口份额,intermediate_share,757,0.018179405074861616,0.013214112840838158,0.00024022471003852725
中间品进口份额,intermediate_share,758,0.017162182648548484,0.021576895857355328,0.0003703066276926413
中间品进口份额,intermediate_share,759,0.017676587003505762,0.013857464929176474,0.00024495268446861774
中间品进口份额,intermediate_share,760,0.017427013577596646,0.01825475923406681,0.00031812593702784
中间品进口份额,intermediate_share,761,0.017941888455712405,0.01920414127271063,0.000344558560602717
中间品进口份额,intermediate_share,762,0.01586899038699713,0.014656994733466043,0.00023259170852764016
中间品进口份额,intermediate_share,763,0.01714250041898633,0.022114641367252,0.00037910024890384984
中间品进口份额,intermediate_share,764,0.01724398460890936,0.01710329160265065,0.00029492889715779653
中间品进口份额,intermediate_share,765,0.016804821633734153,0.02323109242603965,0.00039039436457638873
中间品进口份额,intermediate_share,766,0.01767493795039823,0.015591560470422766,0.0002755798638646042
中间品进口份额,intermediate_share,767,0.01685906763864009,0.014564938730871014,0.00024555128721640316
中间品进口份额,intermediate_share,768,0.017516777928663643,0.017182037915542025,0.0003009739425284284
中间品进口份额,intermediate_share,769,0.01828366597914745,0.018636975813833355,0.0003407522406415788
中间品进口份额,intermediate_share,770,0.017105724865052678,0.017583817835409996,0.0003007839499697295
中间品进口份额,intermediate_share,771,0.018122452487244804,0.018031495905328484,0.0003267749278182647
中间品进口份额,intermediate_share,772,0.01774647440731952,0.01882120560736028,0.00033401004362591786
中间品进口份额,intermediate_share,773,0.017391300893787695,0.0207659594191615,0.00036114704860682243
中间品进口份额,intermediate_share,774,0.016867980035414988,0.015253591236157646,0.0002572972724398882
中间品进口份额,intermediate_share,775,0.017942999578239294,0.021327998349156413,0.0003826882653836019
中间品进口份额,intermediate_share,776,0.016934934156499108,0.015899680889117893,0.00026926004896655873
中间品进口份额,intermediate_share,777,0.017641559584053522,0.017850847719242446,0.00031491679366488153
中间品进口份额,intermediate_share,778,0.0178329928525251,0.01678207412014783,0.0002992746078351427
中间品进口份额,intermediate_share,779,0.01719441117994006,0.015166499130661152,0.0002607790222127913
中间品进口份额,intermediate_share,780,0.01719159968249198,0.01700960600991155,0.0002924223372793091
中间品进口份额,intermediate_share,781,0.017633690185274695,0.01640447279793833,0.00028927139097161084
中间品进口份额,intermediate_share,782,0.018053658030074818,0.017437701094410195,0.0003148142923891431
中间品进口份额,intermediate_share,783,0.019010023658957795,0.015565548251533674,0.0002959014405263043
中间品进口份额,intermediate_share,784,0.017671878666530326,0.016343272200319045,0.00028881632333811627
中间品进口份额,intermediate_share,785,0.017525775635170004,0.016467185344579943,0.00028860019569186773
中间品进口份额,intermediate_share,786,0.017651145649277413,0.020809615794029755,0.00036731355928592283
中间品进口份额,intermediate_share,787,0.016285471358048774,0.014701663477697306,0.0002394235194817112
中间品进口份额,intermediate_share,788,0.01768049871482636,0.014703782993332673,0.000259970216316704
中间品进口份额,intermediate_share,789,0.01740966225403633,0.023683009278956932,0.00041231319270584865
中间品进口份额,intermediate_share,790,0.017522069193505893,0.014405877604890425,0.000252420784186067
中间品进口份额,intermediate_share,791,0.018166309037495193,0.02145405260710944,0.00038974094976742954
中间品进口份额,intermediate_share,792,0.01724741863342376,0.022652493076065115,0.00039069703117362815
中间品进口份额,intermediate_share,793,0.016909328000211606,0.018824100204306332,0.0003183028846634661
中间品进口份额,intermediate_share,794,0.016620960631111008,0.019835627963393505,0.00032968719147292806
中间品进口份额,intermediate_share,795,0.018004079743795757,0.014776315659968696,0.00026603396546157445
中间品进口份额,intermediate_share,796,0.017575016866246018,0.018171603707481335,0.00031936624164572314
中间品进口份额,intermediate_share,797,0.018120084568673613,0.016455900611678308,0.00029818231073729877
中间品进口份额,intermediate_share,798,0.018171345319594554,0.02083108688558861,0.0003785288731805081
中间品进口份额,intermediate_share,799,0.017124014509758922,0.019339345477051312,0.0003311672325582673
中间品进口份额,intermediate_share,800,0.01780820155919619,0.01857379126022994,0.00033076581848061137
中间品进口份额,intermediate_share,801,0.017065076393337045,0.020618300632141248,0.0003518528753882799
中间品进口份额,intermediate_share,802,0.017776050756217316,0.023718480777794582,0.00042162091816644125
中间品进口份额,intermediate_share,803,0.01800143266109577,0.01734612220283149,0.0003122550507654093
中间品进口份额,intermediate_share,804,0.016718942794880357,0.013479384258870566,0.00022536105433426776
中间品进口份额,intermediate_share,805,0.018367897920024738,0.01782743975595516,0.0003274525936127751
中间品进口份额,intermediate_share,806,0.018065033557332875,0.014203003879715272,0.0002565777417019854
中间品进口份额,intermediate_share,807,0.017493663186663944,0.012464505929801886,0.00021804986852412968
中间品进口份额,intermediate_share,808,0.01791046178529453,0.011269267761836593,0.00020183778959662592
中间品进口份额,intermediate_share,809,0.018432462458505376,0.014547504064254087,0.00026814632252931785
中间品进口份额,intermediate_share,810,0.017809756422628564,0.02309071616926826,0.0004112400305987186
中间品进口份额,intermediate_share,811,0.01727346233476287,0.015048810630725006,0.0002599450636128075
中间品进口份额,intermediate_share,812,0.017321982199049762,0.02303339559365274,0.000398984068456924
中间品进口份额,intermediate_share,813,0.017335192222619724,0.014596289261903029,0.00025302948009204917
中间品进口份额,intermediate_share,814,0.018283692036220524,0.020155463397952423,0.00036851628561547695
中间品进口份额,intermediate_share,815,0.017634934486804272,0.019182816413668216,0.0003382877107274327
中间品进口份额,intermediate_share,816,0.0172869005132659,0.01756106373971697,0.00030357636177560845
中间品进口份额,intermediate_share,817,0.017270251720883447,0.016693337978278835,0.0002882981489466591
中间品进口份额,intermediate_share,818,0.017714823925421085,0.018799765355981646,0.00033303453312044613
中间品进口份额,intermediate_share,819,0.018133318566146698,0.01638846864420466,0.0002971773227366694
中间品进口份额,intermediate_share,820,0.01806568646723628,0.01658459851832261,0.0002996121570170076
中间品进口份额,intermediate_share,821,0.018298186349405606,0.015014149974788048,0.0002747317141165952
中间品进口份额,intermediate_share,822,0.01716696321018365,0.02244443480619691,0.00038530278659134774
中间品进口份额,intermediate_share,823,0.01842510670590401,0.01756971223922579,0.00032372382279976283
中间品进口份额,intermediate_share,824,0.017465901582276146,0.016400509574435448,0.00028644968612626717
中间品进口份额,intermediate_share,825,0.01749183068323179,0.016313797999307666,0.00028535819240433524
中间品进口份额,intermediate_share,826,0.01737991487015101,0.023134514982655348,0.00040207590096078303
中间品进口份额,intermediate_share,827,0.017395206154328553,0.018405258041955714,0.00032016325796343316
中间品进口份额,intermediate_share,828,0.017966647017049243,0.019336248574362423,0.0003474075527694913
中间品进口份额,intermediate_share,829,0.017314969546636222,0.014638334188616108,0.0002534623106893718
中间品进口份额,intermediate_share,830,0.01879826267236066,0.017795695942284383,0.00033452816676052456
中间品进口份额,intermediate_share,831,0.0170013263938622,0.017214073991154436,0.00029266209049171076
中间品进口份额,intermediate_share,832,0.01783896050094158,0.015893975487831613,0.0002835320009303618
中间品进口份额,intermediate_share,833,0.01799920561264787,0.017569487472321062,0.0003162368175231477
中间品进口份额,intermediate_share,834,0.01697465727324857,0.021365265958377254,0.00036266806719525854
中间品进口份额,intermediate_share,835,0.017887450226992292,0.016648985772777954,0.0002978079043404685
中间品进口份额,intermediate_share,836,0.017341540123163707,0.018268594875508186,0.0003168055710274481
中间品进口份额,intermediate_share,837,0.01826049457095578,0.015190244434545827,0.00027738137602851534
中间品进口份额,intermediate_share,838,0.017518230423073395,0.016244773983504938,0.0002845796938137874
中间品进口份额,intermediate_share,839,0.016896978293601088,0.014657049670564283,0.00024765985013175764
中间品进口份额,intermediate_share,840,0.017839486661502417,0.01704759008983392,0.000304120256018353
中间品进口份额,intermediate_share,841,0.01794065486292314,0.01789852694834317,0.00032111129453495373
中间品进口份额,intermediate_share,842,0.017375501701038625,0.014889318514397083,0.0002587093791742124
中间品进口份额,intermediate_share,843,0.01808508402078087,0.016431755105097864,0.0002971696716845899
中间品进口份额,intermediate_share,844,0.018208930497266643,0.015306744712677393,0.0002787194506125463
中间品进口份额,intermediate_share,845,0.01823465014159109,0.017727668717431082,0.0003232578368883846
中间品进口份额,intermediate_share,846,0.01770875156843614,0.019607379563791192,0.00034722221360321
中间品进口份额,intermediate_share,847,0.01729948863316968,0.016195117915907685,0.00028016725829908763
中间品进口份额,intermediate_share,848,0.01819421523606273,0.02201406080651415,0.00040052856053349114
中间品进口份额,intermediate_share,849,0.018266046879941527,0.016779914809851044,0.0003065027105581643
中间品进口份额,intermediate_share,850,0.01756385771710209,0.020767649489317846,0.00036476004074902655
中间品进口份额,intermediate_share,851,0.01755298614902116,0.013842220565827826,0.00024297230586367167
中间品进口份额,intermediate_share,852,0.017603770371324615,0.020514096619698226,0.00036112544626833404
中间品进口份额,intermediate_share,853,0.01793184098885465,0.01592425405257811,0.0002855511915369549
中间品进口份额,intermediate_share,854,0.018100316673178424,0.017065272830716658,0.0003088868423501595
中间品进口份额,intermediate_share,855,0.018181908845245752,0.022385847333090732,0.0004070174356338434
中间品进口份额,intermediate_share,856,0.017826358582925587,0.020640632170103344,0.00036794731044253174
中间品进口份额,intermediate_share,857,0.01726931345585122,0.019232676963455677,0.0003321351270770449
中间品进口份额,intermediate_share,858,0.01775935993334767,0.017052014408231037,0.00030283286146440546
中间品进口份额,intermediate_share,859,0.01722238475208812,0.027584067656363096,0.0004750634262055149
中间品进口份额,intermediate_share,860,0.01779278172278832,0.023672141698083533,0.00042119325014491595
中间品进口份额,intermediate_share,861,0.01817916388100865,0.022961454188943117,0.0004174200386470695
中间品进口份额,intermediate_share,862,0.01801745795187157,0.019754315301252007,0.0003559225453083212
中间品进口份额,intermediate_share,863,0.017888837922020985,0.018546137860632136,0.0003317688542683053
中间品进口份额,intermediate_share,864,0.016787161015027707,0.020154953628098934,0.0003383444518053137
中间品进口份额,intermediate_share,865,0.017823226736110406,0.01544274190166392,0.00027523949034058886
中间品进口份额,intermediate_share,866,0.018224102464979585,0.022467448267911992,0.00040944907936105624
中间品进口份额,intermediate_share,867,0.017396783877297435,0.010946746154749295,0.00019043817701381023
中间品进口份额,intermediate_share,868,0.01827302993478098,0.019743418921550626,0.00036077208496841586
中间品进口份额,intermediate_share,869,0.01711141695993535,0.015250680287600968,0.00026096074932380696
中间品进口份额,intermediate_share,870,0.0171569044027598,0.018408767321558956,0.00031583746110863556
中间品进口份额,intermediate_share,871,0.017722236353590815,0.019681183865319297,0.00034879459217966667
中间品进口份额,intermediate_share,872,0.017420200734667816,0.021295517955781253,0.00037097219753843224
中间品进口份额,intermediate_share,873,0.017505700466946172,0.012354068770861964,0.0002162666274507634
中间品进口份额,intermediate_share,874,0.017040952586448842,0.016881563521848764,0.00028767792356094914
中间品进口份额,intermediate_share,875,0.018348375679880725,0.0179386785033496,0.00032914561238005897
中间品进口份额,intermediate_share,876,0.016427409039789707,0.012311896279582575,0.00020225255624016806
中间品进口份额,intermediate_share,877,0.017948987595926412,0.01862387190917486,0.00033427964588590193
中间品进口份额,intermediate_share,878,0.017169049564957312,0.021406783593643085,0.00036753412854557315
中间品进口份额,intermediate_share,879,0.017546724821906695,0.018097346302624127,0.00031754915557889615
中间品进口份额,intermediate_share,880,0.017604329553689832,0.017660820510844073,0.00031090690446146385
中间品进口份额,intermediate_share,881,0.01681501692194026,0.02344419684930441,0.00039421456674235215
中间品进口份额,intermediate_share,882,0.017962658908435385,0.017559652069642877,0.00031541804067779645
中间品进口份额,intermediate_share,883,0.017764241356964795,0.02480968046239815,0.0004407251517232147
中间品进口份额,intermediate_share,884,0.01630234524173541,0.015422275433113001,0.00025141925852374263
中间品进口份额,intermediate_share,885,0.018050862095786196,0.018598759438052986,0.0003357236417689964
中间品进口份额,intermediate_share,886,0.017332779063709138,0.021602493789845384,0.00037443125208453873
中间品进口份额,intermediate_share,887,0.017120321382509227,0.015320169132772772,0.0002622862191874675
中间品进口份额,intermediate_share,888,0.017348187652195788,0.01537239469429188,0.00026668318782019444
中间品进口份额,intermediate_share,889,0.017343922414066095,0.02260214616225133,0.0003920098694294688
中间品进口份额,intermediate_share,890,0.01830421224416951,0.021368353079320966,0.00039113087007224413
中间品进口份额,intermediate_share,891,0.017544739499262323,0.01693376344871212,0.0002970984684497841
中间品进口份额,intermediate_share,892,0.018331782634087027,0.016131378670511363,0.0002957169273759621
中间品进口份额,intermediate_share,893,0.017777840029455604,0.016017503441511687,0.00028475661385444936
中间品进口份额,intermediate_share,894,0.01704146966835154,0.022444734075991696,0.00038249125497022874
中间品进口份额,intermediate_share,895,0.017268521428229138,0.014937578616051024,0.00025794989641713447
中间品进口份额,intermediate_share,896,0.017000349385133565,0.012504977042992537,0.00021258897878394752
中间品进口份额,intermediate_share,897,0.017290225247444793,0.01574158171581923,0.000272175493617573
中间品进口份额,intermediate_share,898,0.017861022421951714,0.02036548393103919,0.0003637483651261883
中间品进口份额,intermediate_share,899,0.017172264459502814,0.02033413394886261,0.000349183125724823
中间品进口份额,intermediate_share,900,0.016534564641016603,0.014883507585423797,0.00024609231825625073
中间品进口份额,intermediate_share,901,0.018251340724313857,0.019654935114010993,0.00035872891768009527
中间品进口份额,intermediate_share,902,0.016925444931571387,0.02412519290789688,0.00040832962402614524
中间品进口份额,intermediate_share,903,0.01682195999279644,0.017929416865429145,0.0003016079332044188
中间品进口份额,intermediate_share,904,0.018484465322396074,0.021688919689194053,0.0004009080838751409
中间品进口份额,intermediate_share,905,0.018296445966442285,0.017120816628636515,0.00031325009634721455
中间品进口份额,intermediate_share,906,0.017192668492178324,0.013201782586851346,0.00022697387152154758
中间品进口份额,intermediate_share,907,0.018739091707709595,0.016762444545342408,0.00031411298558056786
中间品进口份额,intermediate_share,908,0.018527639872204734,0.013332288000232555,0.0002470158307408254
中间品进口份额,intermediate_share,909,0.017018652474495313,0.014534341621598546,0.00024735490900357833
中间品进口份额,intermediate_share,910,0.01695863477369951,0.021128837412896735,0.0003583162368781938
中间品进口份额,intermediate_share,911,0.01857336658066973,0.015635064291207475,0.00029039578059293555
中间品进口份额,intermediate_share,912,0.017141208556839548,0.020187128384449304,0.00034603177780154096
中间品进口份额,intermediate_share,913,0.017866377049148348,0.015692017881361594,0.0002803595081303843
中间品进口份额,intermediate_share,914,0.018306190341625957,0.017638397085112847,0.00032289185436125623
中间品进口份额,intermediate_share,915,0.017596884267744892,0.016471057182000096,0.000289839286999064
中间品进口份额,intermediate_share,916,0.017330765833704447,0.013506942543047925,0.00023408565834286404
中间品进口份额,intermediate_share,917,0.018631424440284303,0.021439832552504614,0.00039945462021433745
中间品进口份额,intermediate_share,918,0.017188334270762183,0.022076629853442643,0.00037946049349285967
中间品进口份额,intermediate_share,919,0.018308081582857644,0.012112740986694983,0.00022176105017643536
中间品进口份额,intermediate_share,920,0.01817941500522784,0.020262426510643253,0.0003683590605499143
中间品进口份额,intermediate_share,921,0.017648253346192928,0.018061038750534508,0.00031874578756484076
中间品进口份额,intermediate_share,922,0.018826675457134866,0.02483812814611205,0.0004676193775695785
中间品进口份额,intermediate_share,923,0.018044844984564292,0.015095228489087726,0.0002723910580921667
中间品进口份额,intermediate_share,924,0.017615032773166648,0.01587001941312784,0.00027955091207303786
中间品进口份额,intermediate_share,925,0.018276505657381772,0.013454718292618097,0.0002459052349935127
中间品进口份额,intermediate_share,926,0.017036514302703157,0.017104795326408507,0.00029140609022316864
中间品进口份额,intermediate_share,927,0.017174957403212066,0.017611050713980336,0.0003024690458384197
中间品进口份额,intermediate_share,928,0.01795231413286308,0.015406743636373423,0.0002765867015246649
中间品进口份额,intermediate_share,929,0.018267841248335547,0.018079151863959735,0.0003302670761553661
中间品进口份额,intermediate_share,930,0.017733416940689004,0.01893076753972616,0.0003357071937892254
中间品进口份额,intermediate_share,931,0.017501911940036877,0.014392031204336327,0.00025188806277655725
中间品进口份额,intermediate_share,932,0.017398827581253554,0.01315655704298832,0.0002289086675538809
中间品进口份额,intermediate_share,933,0.017046625248664963,0.012836833061868787,0.00021882468258534963
中间品进口份额,intermediate_share,934,0.017965197835189347,0.015682026298161827,0.0002817307049031193
中间品进口份额,intermediate_share,935,0.01874485258448752,0.01635104639603641,0.00030649795429581845
中间品进口份额,intermediate_share,936,0.018229941718308426,0.014818195022610373,0.0002701348316327151
中间品进口份额,intermediate_share,937,0.017024748314011292,0.01713820068249191,0.0002917735531744413
中间品进口份额,intermediate_share,938,0.01645025111031252,0.015770701093981248,0.00025943199318167185
中间品进口份额,intermediate_share,939,0.01667219956425036,0.015580756357852155,0.00025976547936007373
中间品进口份额,intermediate_share,940,0.01776344545526976,0.017592936164687097,0.00031251116195946197
中间品进口份额,intermediate_share,941,0.017577696109016737,0.017880795728432847,0.00031430319350179715
中间品进口份额,intermediate_share,942,0.01660142952752663,0.018495488907603,0.00030705155567672173
中间品进口份额,intermediate_share,943,0.01654868411760226,0.017992936036583244,0.0002977594148176385
中间品进口份额,intermediate_share,944,0.017513047428776306,0.01517552078135547,0.0002657696152002588
中间品进口份额,intermediate_share,945,0.016591788757422763,0.018599668195337694,0.0003086017656551977
中间品进口份额,intermediate_share,946,0.017884934748149173,0.015460554768081692,0.0002765110131973276
中间品进口份额,intermediate_share,947,0.018136812517423297,0.0178331762855946,0.0003234369748819884
中间品进口份额,intermediate_share,948,0.017413188401418717,0.014604748926311804,0.00025431524460928516
中间品进口份额,intermediate_share,949,0.018162284038916482,0.018645235389695154,0.00033864006112010103
中间品进口份额,intermediate_share,950,0.017268371460050565,0.0267709721249649,0.0004622910910005531
中间品进口份额,intermediate_share,951,0.017890070287607026,0.022392563776153427,0.0004006045398751078
中间品进口份额,intermediate_share,952,0.017648735824698784,0.020934034940584833,0.0003694592524113956
中间品进口份额,intermediate_share,953,0.016591914018594004,0.02033780446225989,0.0003374431029647936
中间品进口份额,intermediate_share,954,0.017907193235042328,0.017548286489745712,0.0003142405571157591
中间品进口份额,intermediate_share,955,0.01850420022434688,0.015555470827686215,0.0002878415467794926
中间品进口份额,intermediate_share,956,0.018026842055863072,0.0186600765237779,0.00033638225224446266
中间品进口份额,intermediate_share,957,0.01732292596869175,0.01960508674895617,0.00033961746636194734
中间品进口份额,intermediate_share,958,0.016689326361929706,0.016614500296918248,0.0002772848177956466
中间品进口份额,intermediate_share,959,0.01785381867456176,0.017608745286319855,0.0003143833454284988
中间品进口份额,intermediate_share,960,0.017481011294114605,0.011099821030867561,0.00019403609680324665
中间品进口份额,intermediate_share,961,0.018338220762580883,0.018250299251530905,0.0003346780166577384
中间品进口份额,intermediate_share,962,0.01780862566237131,0.013785589744295931,0.00024550240729119126
中间品进口份额,intermediate_share,963,0.017386636799903342,0.01817475291069151,0.0003159978277861794
中间品进口份额,intermediate_share,964,0.017403532882465718,0.02044274596845416,0.00035577600166988545
中间品进口份额,intermediate_share,965,0.017319642722235903,0.020028334819423347,0.0003468836033937295
中间品进口份额,intermediate_share,966,0.017385153448690766,0.017120667591982584,0.00029764543323064426
中间品进口份额,intermediate_share,967,0.018245645410327686,0.010951330552949666,0.00019981409404040744
中间品进口份额,intermediate_share,968,0.017838424791164268,0.01859969088875135,0.0003317891870578942
中间品进口份额,intermediate_share,969,0.017462339129973067,0.018786229023382044,0.00032805150217964
中间品进口份额,intermediate_share,970,0.018093147796951425,0.015397130666908466,0.00027858256080534816
中间品进口份额,intermediate_share,971,0.017227057413940587,0.018776884130574118,0.0003234704609723102
中间品进口份额,intermediate_share,972,0.01774334963708107,0.01565140150427905,0.00027770828920075985
中间品进口份额,intermediate_share,973,0.017555392447030523,0.02004831355614705,0.0003519560123792836
中间品进口份额,intermediate_share,974,0.018346378525148595,0.01642460284415307,0.0003013319809040644
中间品进口份额,intermediate_share,975,0.016485886257175564,0.01973960459613322,0.00032542487613347224
中间品进口份额,intermediate_share,976,0.018114196032849195,0.017142686868526904,0.00031052599046624605
中间品进口份额,intermediate_share,977,0.01721810480152794,0.022476377626687007,0.0003870006255350147
中间品进口份额,intermediate_share,978,0.018279142417149383,0.018597715190993083,0.0003399502846097451
中间品进口份额,intermediate_share,979,0.017909084058727053,0.015320905247906077,0.00027438337994054236
中间品进口份额,intermediate_share,980,0.018820397556663655,0.021821692104131304,0.0004106929207588594
中间品进口份额,intermediate_share,981,0.017775838042240324,0.017114323096662408,0.0003042214355688439
中间品进口份额,intermediate_share,982,0.01832435098204986,0.022930919262360995,0.0004201942129045508
中间品进口份额,intermediate_share,983,0.018032227339295357,0.01765566252627013,0.0003183709204995808
中间品进口份额,intermediate_share,984,0.01668880592518348,0.014395168046860278,0.0002402381657944537
中间品进口份额,intermediate_share,985,0.017779642285829008,0.019079085332589445,0.0003392193123542473
中间品进口份额,intermediate_share,986,0.01781252131104571,0.014984628744707252,0.0002669140188532061
中间品进口份额,intermediate_share,987,0.0173607063661176,0.018371392154147296,0.0003189403447249479
中间品进口份额,intermediate_share,988,0.017622284111280136,0.018822122887575024,0.00033168879710227553
中间品进口份额,intermediate_share,989,0.017574251044010843,0.01962627270067197,0.00034491704349982584
中间品进口份额,intermediate_share,990,0.017164953955845386,0.02069669586921414,0.0003552578316331961
中间品进口份额,intermediate_share,991,0.018319255667218468,0.022967417773445936,0.0004207459982075736
中间品进口份额,intermediate_share,992,0.01701862451518183,0.02262682615565803,0.00038507745831343923
中间品进口份额,intermediate_share,993,0.017595551150848692,0.013091382564464635,0.0002303500915483662
中间品进口份额,intermediate_share,994,0.017304594809380482,0.022546429494882878,0.00039015682680721325
中间品进口份额,intermediate_share,995,0.017737486870430096,0.016868980030415166,0.0002992133118070365
中间品进口份额,intermediate_share,996,0.017251323671181498,0.018588583833694897,0.0003206776763039625
中间品进口份额,intermediate_share,997,0.017744501642060564,0.01709709088547759,0.00030337935729181576
中间品进口份额,intermediate_share,998,0.018378247663657254,0.019860555163603855,0.00036500220153443856
中间品进口份额,intermediate_share,999,0.018181115939544978,0.018361408589238272,0.000333830898374298
中间品进口份额,intermediate_share,1000,0.01841262280296201,0.01857338824095004,0.0003419847918535832
中间品进口份额,intermediate_share,1001,0.018309794203740733,0.019076347566252743,0.0003492839980971181
中间品进口份额,intermediate_share,1002,0.017765953544067885,0.016363727966179926,0.000290717230854917
中间品进口份额,intermediate_share,1003,0.017479775335039232,0.01593765898933639,0.00027858669850006854
中间品进口份额,intermediate_share,1004,0.017610067791891733,0.019771461094295523,0.00034817677021529406
中间品进口份额,intermediate_share,1005,0.017566977400696206,0.016777431404739408,0.00029472875832878796
中间品进口份额,intermediate_share,1006,0.01784584664584133,0.021211511142368553,0.00037853737497326384
中间品进口份额,intermediate_share,1007,0.017204102971181436,0.014484881164238196,0.00024919938707488036
中间品进口份额,intermediate_share,1008,0.017698470324736492,0.020957897493688198,0.0003709227268609099
中间品进口份额,intermediate_share,1009,0.017764774635148518,0.01686794831885965,0.00029965530044187403
中间品进口份额,intermediate_share,1010,0.01779327063448439,0.01715921338165656,0.0003053185275746812
中间品进口份额,intermediate_share,1011,0.01773401896472591,0.01456454049274913,0.00025828783731093153
中间品进口份额,intermediate_share,1012,0.0173618533439909,0.019195988255391993,0.0003332779328830875
中间品进口份额,intermediate_share,1013,0.016548018918236325,0.014863596067942625,0.00024596306892533764
中间品进口份额,intermediate_share,1014,0.01801673989608081,0.022818025620937796,0.0004111064325545441
中间品进口份额,intermediate_share,1015,0.019280738718922927,0.013934088910727326,0.00026865952757397493
中间品进口份额,intermediate_share,1016,0.018377945879076596,0.020226729563398934,0.00037172574122686417
中间品进口份额,intermediate_share,1017,0.017250262242164065,0.016191192249098114,0.0002793023123102367
中间品进口份额,intermediate_share,1018,0.01688692526375597,0.02327569601533111,0.00039305493907279906
中间品进口份额,intermediate_share,1019,0.017522422386878244,0.018289422684760092,0.00032047498949451904
中间品进口份额,intermediate_share,1020,0.017823798292881988,0.019684167593878036,0.0003508466327565663
中间品进口份额,intermediate_share,1021,0.01728110607894048,0.018723340255872974,0.00032356002911383745
中间品进口份额,intermediate_share,1022,0.01777354352180392,0.015916877712049228,0.00028289931874633773
中间品进口份额,intermediate_share,1023,0.017798146768179514,0.01995377280649454,0.00035514017698889906
中间品进口份额,intermediate_share,1024,0.018376413559707053,0.023378788252252643,0.0004296182814482154
中间品进口份额,intermediate_share,1025,0.016512188619112123,0.015035302864580533,0.0002482657568454306
中间品进口份额,intermediate_share,1026,0.017093041568975533,0.019873047454521283,0.0003396908262423557
中间品进口份额,intermediate_share,1027,0.017462331503078556,0.021341282855933716,0.00037266855593128163
中间品进口份额,intermediate_share,1028,0.018309729918960762,0.022578317668958667,0.0004134028985431329
中间品进口份额,intermediate_share,1029,0.01711014258288074,0.017360407708139264,0.0002970390511832046
中间品进口份额,intermediate_share,1030,0.017212929834545494,0.018844010408014908,0.0003243606289546056
中间品进口份额,intermediate_share,1031,0.01768630827067247,0.014782941345748053,0.00026145565778816975
中间品进口份额,intermediate_share,1032,0.017660497085825295,0.018869458983162873,0.00033324402538324787
中间品进口份额,intermediate_share,1033,0.016150678101596146,0.01902146562506001,0.00030720956833092054
中间品进口份额,intermediate_share,1034,0.017654532549533176,0.02232686027127244,0.0003941702813880584
中间品进口份额,intermediate_share,1035,0.016864484179466004,0.021474183614569386,0.0003621510298348535
中间品进口份额,intermediate_share,1036,0.01742534742614138,0.026547744334221114,0.0004626036684041793
中间品进口份额,intermediate_share,1037,0.01736950463899062,0.012394878547814856,0.00021529290043599547
中间品进口份额,intermediate_share,1038,0.01748534987316339,0.014690894013101367,0.0002568754217686388
中间品进口份额,intermediate_share,1039,0.017310544099348978,0.017463095345862933,0.0003022956820956962
中间品进口份额,intermediate_share,1040,0.017333648071166195,0.016994683649290892,0.00029457986545761074
中间品进口份额,intermediate_share,1041,0.01727686091836928,0.022685065208791818,0.00039192671653643404
中间品进口份额,intermediate_share,1042,0.017963895807022606,0.017326351548332997,0.00031124877393009874
中间品进口份额,intermediate_share,1043,0.018248456547446713,0.015705125762148334,0.00028659430504274984
中间品进口份额,intermediate_share,1044,0.01733019585897893,0.014099866721190433,0.00024435345186372926
中间品进口份额,intermediate_share,1045,0.01822995950570479,0.01954017913074402,0.0003562166742876813
中间品进口份额,intermediate_share,1046,0.018247333862899177,0.01590219161422736,0.0002901725995366022
中间品进口份额,intermediate_share,1047,0.01673637660707084,0.015801230191466255,0.0002644553393393973
中间品进口份额,intermediate_share,1048,0.01737574319509296,0.020111535392802343,0.0003494528742443566
中间品进口份额,intermediate_share,1049,0.017083476858004137,0.025085452142519452,0.00042854674114930135
中间品进口份额,intermediate_share,1050,0.01757412002589718,0.02178417689805455,0.00038283773947178716
中间品进口份额,intermediate_share,1051,0.0182256541042563,0.013841438643801197,0.000252269273027207
中间品进口份额,intermediate_share,1052,0.01680503490796036,0.01564408721065842,0.00026289943167829096
中间品进口份额,intermediate_share,1053,0.017866956190939493,0.018494518408133584,0.0003304407501706468
中间品进口份额,intermediate_share,1054,0.017850062880389168,0.01494300698630692,0.00026673361432767316
中间品进口份额,intermediate_share,1055,0.017657160735631477,0.018600732834351298,0.0003284361294566789
中间品进口份额,intermediate_share,1056,0.017947514942878093,0.01811500217612668,0.0003251192722463028
中间品进口份额,intermediate_share,1057,0.01806264247598724,0.02160683654387013,0.00039027656352902195
中间品进口份额,intermediate_share,1058,0.017394265835621512,0.012877569679498869,0.00022399587032194263
中间品进口份额,intermediate_share,1059,0.01739800934701761,0.014046015022972182,0.0002443727006580198
中间品进口份额,intermediate_share,1060,0.017846166679308825,0.021759457108073126,0.0003883228984019442
中间品进口份额,intermediate_share,1061,0.01793379833959746,0.01647558368268815,0.0002954697952924917
中间品进口份额,intermediate_share,1062,0.018926036338040256,0.012178712483400297,0.0002304947550113785
中间品进口份额,intermediate_share,1063,0.017298961084998225,0.02122075879318216,0.0003670970805573921
中间品进口份额,intermediate_share,1064,0.01780728997805154,0.014252703339558586,0.00025380202133866333
中间品进口份额,intermediate_share,1065,0.017061984530705523,0.018637097555438496,0.00031798587018814134
中间品进口份额,intermediate_share,1066,0.018564982549424364,0.019800293702690357,0.0003675921070639236
中间品进口份额,intermediate_share,1067,0.017550971590846964,0.015158999358958326,0.0002660551670947449
中间品进口份额,intermediate_share,1068,0.01931483340608973,0.02184520736596667,0.00042193654099513046
中间品进口份额,intermediate_share,1069,0.018165819757173848,0.017274365909584626,0.0003138030175329828
中间品进口份额,intermediate_share,1070,0.017789606476551503,0.018395270495354905,0.0003272446231420824
中间品进口份额,intermediate_share,1071,0.017556520960673942,0.021731289903720436,0.00038152584669714986
中间品进口份额,intermediate_share,1072,0.017683934717794555,0.017131340936274195,0.0003029495147453543
中间品进口份额,intermediate_share,1073,0.01861019306282632,0.02093510270383173,0.0003896063031084058
中间品进口份额,intermediate_share,1074,0.017262834960635895,0.021506679507279317,0.00037126625888545293
中间品进口份额,intermediate_share,1075,0.017985490153429633,0.018377210138606097,0.00033052313199540716
中间品进口份额,intermediate_share,1076,0.017029893565106993,0.015400453184745106,0.0002622680785906222
中间品进口份额,intermediate_share,1077,0.01666906027609029,0.02066283052663821,0.00034442996752317073
中间品进口份额,intermediate_share,1078,0.017291425012760996,0.020805187358265125,0.00035975133708188444
中间品进口份额,intermediate_share,1079,0.01782077502814011,0.015141685336802152,0.00026983656793403907
中间品进口份额,intermediate_share,1080,0.017197972384260893,0.020451694806695047,0.00035172768249687334
中间品进口份额,intermediate_share,1081,0.017848598482714643,0.016538807598136952,0.00029519453620201663
中间品进口份额,intermediate_share,1082,0.01649172340004321,0.018019330057029312,0.00029716980715461226
中间品进口份额,intermediate_share,1083,0.018681513054211646,0.019579636570821186,0.00036577723619451573
中间品进口份额,intermediate_share,1084,0.017422260004965134,0.020101827964243913,0.0003502192733681364
中间品进口份额,intermediate_share,1085,0.018391433512379665,0.02434909724729089,0.0004478148031100171
中间品进口份额,intermediate_share,1086,0.017628270825712673,0.01568258528317049,0.0002764568606190653
中间品进口份额,intermediate_share,1087,0.01683720283418112,0.017279028712659565,0.00029093051121268856
中间品进口份额,intermediate_share,1088,0.01772539828995234,0.018116730442142154,0.000321126262798674
中间品进口份额,intermediate_share,1089,0.017585811826976536,0.021267267191690437,0.00037400215890709973
中间品进口份额,intermediate_share,1090,0.017753952190138467,0.01524895577960963,0.00027072923186072505
中间品进口份额,intermediate_share,1091,0.017671366044511545,0.007696717956454905,0.0001360115203498795
中间品进口份额,intermediate_share,1092,0.01744029435107434,0.015111519623719746,0.0002635493503297085
中间品进口份额,intermediate_share,1093,0.018055484566137116,0.010675694553179968,0.000192754838237735
中间品进口份额,intermediate_share,1094,0.01777213082398835,0.017430060201426043,0.00030976931016973635
中间品进口份额,intermediate_share,1095,0.018425548020157407,0.021795868626294,0.0004016008240148223
中间品进口份额,intermediate_share,1096,0.017786623786788008,0.018107721511779442,0.00032207523016594913
中间品进口份额,intermediate_share,1097,0.018131205726366662,0.014057431490643944,0.00025487818234117053
中间品进口份额,intermediate_share,1098,0.01713354495709837,0.011583228583246733,0.00019846176767940476
中间品进口份额,intermediate_share,1099,0.017561775861531747,0.025218097052544276,0.00044287456809113696
中间品进口份额,intermediate_share,1100,0.01864457336464841,0.01751033881168473,0.0003264727966143064
中间品进口份额,intermediate_share,1101,0.017893844360358086,0.025794565207447932,0.0004615639351651811
中间品进口份额,intermediate_share,1102,0.017468607579104675,0.018137223662753242,0.00031683204273908795
中间品进口份额,intermediate_share,1103,0.01806589755284504,0.015917338107248144,0.0002875609995595414
中间品进口份额,intermediate_share,1104,0.017505534216397264,0.01620348906941455,0.00028365073232965545
中间品进口份额,intermediate_share,1105,0.017636443340126547,0.021325805236176287,0.0003761113557303971
中间品进口份额,intermediate_share,1106,0.01739688825450131,0.017624591467559507,0.00030661304829237
中间品进口份额,intermediate_share,1107,0.017578468691659965,0.02496669331746324,0.0004388762368153037
中间品进口份额,intermediate_share,1108,0.017506398325846904,0.01908850824442725,0.00033417102877315603
中间品进口份额,intermediate_share,1109,0.017174896631847923,0.024160819410056725,0.00041495957590846914
中间品进口份额,intermediate_share,1110,0.01726161302157434,0.021382387743195088,0.0003690945027002879
中间品进口份额,intermediate_share,1111,0.017743411923386337,0.014651441058096569,0.00025996655396502276
中间品进口份额,intermediate_share,1112,0.017252659462068495,0.01477345683068568,0.00025488141977738976
中间品进口份额,intermediate_share,1113,0.017517456391911004,0.024820441427252527,0.0004347910003298775
中间品进口份额,intermediate_share,1114,0.018105060785924054,0.016389579693024823,0.0002967343365979609
中间品进口份额,intermediate_share,1115,0.017100394742262517,0.01718665724501643,0.00029389862318974694
中间品进口份额,intermediate_share,1116,0.017483688663894385,0.021292148280792452,0.0003722652915268493
中间品进口份额,intermediate_share,1117,0.01718894907038096,0.020314892816432707,0.0003491916579919098
中间品进口份额,intermediate_share,1118,0.017441922154454375,0.01671955708867946,0.000291621213197703
中间品进口份额,intermediate_share,1119,0.017568066605868033,0.01340220549906246,0.00023545083887306013
中间品进口份额,intermediate_share,1120,0.01691007931625511,0.019304165658527057,0.0003264349724198206
中间品进口份额,intermediate_share,1121,0.01670211994879646,0.016067306938407997,0.00026835808773941996
中间品进口份额,intermediate_share,1122,0.017362562387589393,0.012324282759202332,0.00021398112828894283
中间品进口份额,intermediate_share,1123,0.017772075759017892,0.020433754102104938,0.0003631502259437516
中间品进口份额,intermediate_share,1124,0.016748631060538876,0.015018328414272824,0.0002515364417566634
中间品进口份额,intermediate_share,1125,0.01850337462330502,0.021283448176973252,0.0003938156148942344
中间品进口份额,intermediate_share,1126,0.01678639481314843,0.017772670346594677,0.0002983390613218738
中间品进口份额,intermediate_share,1127,0.018332174802852395,0.018816800372382696,0.0003449528736568976
中间品进口份额,intermediate_share,1128,0.018456644413259653,0.016476685091885747,0.00030410431785019167
中间品进口份额,intermediate_share,1129,0.018055119897688317,0.015045842982246935,0.00027165449900626076
中间品进口份额,intermediate_share,1130,0.017435544579699806,0.020833100745995703,0.0003632364567901854
中间品进口份额,intermediate_share,1131,0.017898777123402043,0.01904027852860326,0.0003407977017509671
中间品进口份额,intermediate_share,1132,0.016844510911712192,0.013333969768541712,0.00022460419926264137
中间品进口份额,intermediate_share,1133,0.01801967333265308,0.013976030867238556,0.0002518435107147149
中间品进口份额,intermediate_share,1134,0.017348039869322433,0.020225470046985973,0.0003508722607508993
中间品进口份额,intermediate_share,1135,0.01831609051786361,0.015604075957133465,0.0002858056676784758
中间品进口份额,intermediate_share,1136,0.01748295496550019,0.019237033328558462,0.0003363201873530138
中间品进口份额,intermediate_share,1137,0.01727944121310418,0.019797534883512772,0.00034209034018403825
中间品进口份额,intermediate_share,1138,0.01742453734333981,0.02195381630695435,0.0003825350920693485
中间品进口份额,intermediate_share,1139,0.01789232671542596,0.021265868206936673,0.0003804958618457006
中间品进口份额,intermediate_share,1140,0.017180783776592212,0.02051894392638687,0.0003525315389232729
中间品进口份额,intermediate_share,1141,0.017744729557455364,0.015321475184613019,0.0002718754335722215
中间品进口份额,intermediate_share,1142,0.01846400379222965,0.017920824107898043,0.00033089016428811
中间品进口份额,intermediate_share,1143,0.01715398739678002,0.013106693039585511,0.00022483204721451429
中间品进口份额,intermediate_share,1144,0.01815834559697343,0.017767180185486856,0.00032262259809176877
中间品进口份额,intermediate_share,1145,0.01687681347511323,0.015839818191028043,0.00026732565708968573
中间品进口份额,intermediate_share,1146,0.017884375087738973,0.022171396252610706,0.00039652156680058015
中间品进口份额,intermediate_share,1147,0.01738957929181753,0.02102113019770076,0.00036554861037653734
中间品进口份额,intermediate_share,1148,0.01687439993325767,0.019813037831093002,0.00033433312425462745
中间品进口份额,intermediate_share,1149,0.01687128399375212,0.020639456429991394,0.00034821413090705804
中间品进口份额,intermediate_share,1150,0.01690704744731915,0.018457999182471395,0.0003120702679606219
中间品进口份额,intermediate_share,1151,0.018532632867083416,0.017061260194184504,0.0003161900714286057
中间品进口份额,intermediate_share,1152,0.01818174102015124,0.019622872665669602,0.0003567779888786095
中间品进口份额,intermediate_share,1153,0.01743755895493379,0.013549388524987493,0.00023626826120777281
中间品进口份额,intermediate_share,1154,0.016896966006420076,0.01596465453685368,0.0002697542250134567
中间品进口份额,intermediate_share,1155,0.018351444917718656,0.016086677189695312,0.0002952137703558147
中间品进口份额,intermediate_share,1156,0.018244380842270466,0.01594625771741397,0.00029092959880549504
中间品进口份额,intermediate_share,1157,0.01735462458479891,0.018473703544137077,0.0003206041896993681
中间品进口份额,intermediate_share,1158,0.018062107881021684,0.020286428998820123,0.00036641566909737574
中间品进口份额,intermediate_share,1159,0.018005405506744593,0.02039506711403326,0.00036722145372544
中间品进口份额,intermediate_share,1160,0.01785479395080034,0.01900602965656043,0.000339348743340687
中间品进口份额,intermediate_share,1161,0.017790779116609323,0.01686865712466744,0.00030010655289877653
中间品进口份额,intermediate_share,1162,0.01667303430906509,0.012380765145372463,0.0002064249220412723
中间品进口份额,intermediate_share,1163,0.018543737016397995,0.023980947393882946,0.0004446963818762402
中间品进口份额,intermediate_share,1164,0.01915145129766022,0.018823170505296166,0.0003604910331997338
中间品进口份额,intermediate_share,1165,0.018709278151842555,0.01475377516215435,0.0002760324832984917
中间品进口份额,intermediate_share,1166,0.017589226617183137,0.02246388762539522,0.0003951224101460125
中间品进口份额,intermediate_share,1167,0.017981781314602777,0.015410994458444528,0.00027711713219230475
中间品进口份额,intermediate_share,1168,0.017432654653336002,0.01712461872543422,0.0002985275643105457
中间品进口份额,intermediate_share,1169,0.017332085496079584,0.01892959514665023,0.00032808936148791496
中间品进口份额,intermediate_share,1170,0.01707479115670767,0.016448716233658078,0.00028085839448565886
中间品进口份额,intermediate_share,1171,0.01838850906120491,0.01650632670294822,0.0003035267381443719
中间品进口份额,intermediate_share,1172,0.017231752858923602,0.014595703121445088,0.00025150954899096154
中间品进口份额,intermediate_share,1173,0.018165148341695452,0.021541110506296396,0.00039129746779172845
中间品进口份额,intermediate_share,1174,0.017351132418199442,0.018595701845928753,0.0003226564851380656
中间品进口份额,intermediate_share,1175,0.017222226527170655,0.016757029254349413,0.00028859335374083114
中间品进口份额,intermediate_share,1176,0.017599013632098415,0.021110203412170212,0.00037151875762715404
中间品进口份额,intermediate_share,1177,0.017635873038274342,0.01931076421063732,0.00034056218589085185
中间品进口份额,intermediate_share,1178,0.017838151685885845,0.01672907645502603,0.0002984158033695358
中间品进口份额,intermediate_share,1179,0.018121661630408334,0.019031740311713116,0.0003448867581666671
中间品进口份额,intermediate_share,1180,0.01791864154134775,0.022018599671632336,0.0003945433947584171
中间品进口份额,intermediate_share,1181,0.017318055272885668,0.022604860457478827,0.0003914722228384859
中间品进口份额,intermediate_share,1182,0.018431702126276657,0.021746325805426507,0.0004008217995865847
中间品进口份额,intermediate_share,1183,0.016249288021813905,0.015515192240722262,0.0002521108274333083
中间品进口份额,intermediate_share,1184,0.018417452604670002,0.01980927103638412,0.0003648363104456668
中间品进口份额,intermediate_share,1185,0.016823384027837396,0.01309446976598276,0.00022029329351403405
中间品进口份额,intermediate_share,1186,0.01843644572585257,0.01542651328716861,0.0002844100749580276
中间品进口份额,intermediate_share,1187,0.0175805664870467,0.017390537373187458,0.00030573549853479256
中间品进口份额,intermediate_share,1188,0.018414399809124148,0.014493702765785826,0.00026689283744378865
中间品进口份额,intermediate_share,1189,0.017131711713271193,0.014243480614972557,0.00024401520368927653
中间品进口份额,intermediate_share,1190,0.017703333062332398,0.019652091571446977,0.00034790752246078113
中间品进口份额,intermediate_share,1191,0.01792118464778871,0.011574391092950106,0.00020742679996247983
中间品进口份额,intermediate_share,1192,0.01636382196180692,0.02254371156417358,0.00036890128239446424
中间品进口份额,intermediate_share,1193,0.0176120195433269,0.015241591079977444,0.0002684351999719597
中间品进口份额,intermediate_share,1194,0.01795913335415894,0.0161176677825909,0.0002894593450655812
中间品进口份额,intermediate_share,1195,0.017886520581880967,0.01710215866428845,0.00030589811294338926
中间品进口份额,intermediate_share,1196,0.01798547172818165,0.026559033141690398,0.0004776767396977121
中间品进口份额,intermediate_share,1197,0.017865056032606283,0.017006039211457952,0.00030381384340539587
中间品进口份额,intermediate_share,1198,0.01836144768644973,0.01902344976911991,0.00034929807775149947
中间品进口份额,intermediate_share,1199,0.017520723381310915,0.022331757230385565,0.00039126854105217546
中间品进口份额,intermediate_share,1200,0.01752837656082865,0.01736228816162768,0.00030433272485462737
中间品进口份额,intermediate_share,1201,0.017053242247027624,0.02010629605321186,0.0003428775372858773
中间品进口份额,intermediate_share,1202,0.018354953287433706,0.012368074702826169,0.00022701543342586484
中间品进口份额,intermediate_share,1203,0.01821558053584858,0.01965698381465957,0.0003580633717678034
中间品进口份额,intermediate_share,1204,0.017289153284339824,0.02196423839194719,0.00037974308433215664
中间品进口份额,intermediate_share,1205,0.01797549772887184,0.019342739972378186,0.00034769537844364266
中间品进口份额,intermediate_share,1206,0.01768910806565624,0.020520505031419892,0.00036298943106262904
中间品进口份额,intermediate_share,1207,0.01677596409182816,0.015789966103212302,0.0002648919043586734
中间品进口份额,intermediate_share,1208,0.018169081471097862,0.014767524137351934,0.00026831234917795146
中间品进口份额,intermediate_share,1209,0.017703383475066302,0.014565975498301137,0.000257867049934845
中间品进口份额,intermediate_share,1210,0.01748912682785098,0.021581470649753794,0.0003774410773250876
中间品进口份额,intermediate_share,1211,0.0179320301082779,0.01710422937096382,0.0003067135560590144
中间品进口份额,intermediate_share,1212,0.016476127756582245,0.013897666553105786,0.00022897972964735095
中间品进口份额,intermediate_share,1213,0.018733126105804097,0.018772311840546403,0.00035166408500643517
中间品进口份额,intermediate_share,1214,0.018112447385425477,0.017969531560833744,0.00032547219493634375
中间品进口份额,intermediate_share,1215,0.018191260718763803,0.013877425899289723,0.00025244787263930456
中间品进口份额,intermediate_share,1216,0.01761803910076208,0.010024605250150403,0.00017661388726685463
中间品进口份额,intermediate_share,1217,0.016397123812687087,0.022384452331299123,0.00036704063635550384
中间品进口份额,intermediate_share,1218,0.017079372128429474,0.018609618925272124,0.00031784060679298636
中间品进口份额,intermediate_share,1219,0.01804968528461144,0.017035534487129293,0.0003074860361478283
中间品进口份额,intermediate_share,1220,0.017219256138598277,0.016357256865416798,0.000281659795690457
中间品进口份额,intermediate_share,1221,0.017983858364969945,0.015516597311329074,0.0002790482883532155
中间品进口份额,intermediate_share,1222,0.01807005406953527,0.016409410995046957,0.00029651894392972503
中间品进口份额,intermediate_share,1223,0.01748371229765416,0.01563323457333792,0.00027332697556198043
中间品进口份额,intermediate_share,1224,0.018309745846891864,0.020384860132714976,0.00037324160815444956
中间品进口份额,intermediate_share,1225,0.017493623278057837,0.01565945308388933,0.00027394057298998095
中间品进口份额,intermediate_share,1226,0.01809953093985637,0.022098975781521864,0.0003999810958967916
中间品进口份额,intermediate_share,1227,0.016738774610337213,0.018473486825398653,0.00030922353223738195
中间品进口份额,intermediate_share,1228,0.018332004840302236,0.012382656759215644,0.0002269989236457424
中间品进口份额,intermediate_share,1229,0.01776632483398056,0.018110614719062522,0.0003217590640419344
中间品进口份额,intermediate_share,1230,0.017853326202405317,0.020701101604960408,0.0003695835197024944
中间品进口份额,intermediate_share,1231,0.016941818971741258,0.02266872864849391,0.0003840494970823087
中间品进口份额,intermediate_share,1232,0.01792474326818443,0.016451682751950275,0.0002948921896583266
中间品进口份额,intermediate_share,1233,0.018195071566252954,0.015757137182367372,0.00028670223871243974
中间品进口份额,intermediate_share,1234,0.017616375432325106,0.02235539370334228,0.00039382100841551436
中间品进口份额,intermediate_share,1235,0.017305003717304354,0.019246105304404633,0.0003330539238363532
中间品进口份额,intermediate_share,1236,0.017195232047379837,0.01505239124411711,0.00025882936031054217
中间品进口份额,intermediate_share,1237,0.01818171540133209,0.018773080690028157,0.000341326810312335
中间品进口份额,intermediate_share,1238,0.01803491794295126,0.017354852118655263,0.0003129933338720015
中间品进口份额,intermediate_share,1239,0.018294546719478014,0.018376580829554266,0.00033619121653054453
中间品进口份额,intermediate_share,1240,0.016620770932648975,0.015226533528096855,0.0002530767258687973
中间品进口份额,intermediate_share,1241,0.017890143839453435,0.015481485394797592,0.00027696600056132645
中间品进口份额,intermediate_share,1242,0.017378924257022837,0.019814119997291914,0.00034434809065249773
中间品进口份额,intermediate_share,1243,0.016974639007556764,0.014613837970037949,0.00024806462405632033
中间品进口份额,intermediate_share,1244,0.017558666786657445,0.015896265209100424,0.00027911722395892986
中间品进口份额,intermediate_share,1245,0.01793670063202334,0.01968770885854086,0.00035313253992608136
中间品进口份额,intermediate_share,1246,0.017363058782967514,0.010614802292493748,0.00018430543617414726
中间品进口份额,intermediate_share,1247,0.018156806829433304,0.020248140866825144,0.00036764158237409837
中间品进口份额,intermediate_share,1248,0.018233978822820456,0.017914225466120565,0.0003266476077764733
中间品进口份额,intermediate_share,1249,0.018123172410352682,0.01473943168504957,0.0002671252616587685
中间品进口份额,intermediate_share,1250,0.01639104750351762,0.015865320351438707,0.00026004921953895667
中间品进口份额,intermediate_share,1251,0.016652947912957662,0.01911306904758056,0.0003182889433061224
中间品进口份额,intermediate_share,1252,0.018391887281468063,0.015820651490100108,0.00029097163892531094
中间品进口份额,intermediate_share,1253,0.016808584741622293,0.01470189899174448,0.00024711811506550845
中间品进口份额,intermediate_share,1254,0.017473979297677043,0.02208387949775234,0.0003858932531561189
中间品进口份额,intermediate_share,1255,0.017611708761503822,0.01727935169108055,0.0003043189095709092
中间品进口份额,intermediate_share,1256,0.01746369989405353,0.016751954120849708,0.0002925510994054726
中间品进口份额,intermediate_share,1257,0.017743707132666653,0.021794431078305712,0.00038671400217654483
中间品进口份额,intermediate_share,1258,0.017292126319052623,0.020819268856978664,0.00036000942694519334
中间品进口份额,intermediate_share,1259,0.017278980414337574,0.012950488894164345,0.00022377124395836197
中间品进口份额,intermediate_share,1260,0.01804824613265907,0.021264399668874737,0.0003837851190870853
中间品进口份额,intermediate_share,1261,0.017551105845509,0.012562501701342647,0.00022048579704465172
中间品进口份额,intermediate_share,1262,0.017233525793630633,0.0191413069478052,0.0003298722070088021
中间品进口份额,intermediate_share,1263,0.017669762830175875,0.0158852364221345,0.0002806883600803882
中间品进口份额,intermediate_share,1264,0.016917400882101124,0.0187231065231984,0.00031674629881122996
中间品进口份额,intermediate_share,1265,0.01846415654821638,0.022708997904830875,0.0004193024923679151
中间品进口份额,intermediate_share,1266,0.01851675300241756,0.019072581270453807,0.0003531622765035284
中间品进口份额,intermediate_share,1267,0.016717963431112384,0.022556722472038455,0.00037710246141328983
中间品进口份额,intermediate_share,1268,0.0162445144882368,0.016805860348100336,0.00027300304191200025
中间品进口份额,intermediate_share,1269,0.017078022733838214,0.017478295827789387,0.00029849473349573676
中间品进口份额,intermediate_share,1270,0.01851486690511221,0.01743936510017506,0.0003228875237394001
中间品进口份额,intermediate_share,1271,0.018005782320080217,0.017497886715206048,0.0003150631392554236
中间品进口份额,intermediate_share,1272,0.01744574864118954,0.01730512120123427,0.00030190079468205304
中间品进口份额,intermediate_share,1273,0.017550593442642273,0.01827668396157586,0.0003207666496892785
中间品进口份额,intermediate_share,1274,0.018250069447062266,0.02229593607158337,0.00040690238169365715
中间品进口份额,intermediate_share,1275,0.016451157896245322,0.015718116726674156,0.0002585812201021312
中间品进口份额,intermediate_share,1276,0.01756552472917869,0.02278733540053072,0.0004002715034901113
中间品进口份额,intermediate_share,1277,0.018064328511164317,0.019745522913956655,0.00035668961254243554
中间品进口份额,intermediate_share,1278,0.017983816342504556,0.016288229361515145,0.0002929245253820786
中间品进口份额,intermediate_share,1279,0.01717628322592972,0.01802746166906948,0.00030964478747252906
中间品进口份额,intermediate_share,1280,0.018197557706431996,0.021805226715317576,0.0003968018714538242
中间品进口份额,intermediate_share,1281,0.01654303511791113,0.012604939676422011,0.00020852395972620067
中间品进口份额,intermediate_share,1282,0.01728783544983896,0.014165265105967339,0.000244886772255309
中间品进口份额,intermediate_share,1283,0.018324790770610107,0.020833826348983005,0.00038177550879633747
中间品进口份额,intermediate_share,1284,0.01644404695194385,0.017293141699497645,0.00028436923405315736
中间品进口份额,intermediate_share,1285,0.017063645913303335,0.020587020165261087,0.0003512896225100507
中间品进口份额,intermediate_share,1286,0.01787889552428609,0.015894658383159073,0.0002841789366267191
中间品进口份额,intermediate_share,1287,0.017323848712233792,0.01840503640690733,0.00031884606625641763
中间品进口份额,intermediate_share,1288,0.016807513668120107,0.018319077777072427,0.0003078981501255001
中间品进口份额,intermediate_share,1289,0.018404998350152673,0.022025066513053165,0.0004053713128347464
中间品进口份额,intermediate_share,1290,0.017621078063326,0.01816015468037438,0.00032000150326495194
中间品进口份额,intermediate_share,1291,0.018100499769138197,0.015699971018481928,0.0002841773217955085
中间品进口份额,intermediate_share,1292,0.01811643899815333,0.021839537467564105,0.00039565464827900915
中间品进口份额,intermediate_share,1293,0.016949989349397655,0.016598510411961292,0.00028134457469861
中间品进口份额,intermediate_share,1294,0.017341554794185945,0.022133037293252493,0.0003838212789826991
中间品进口份额,intermediate_share,1295,0.017513220581990063,0.02078665754131199,0.0003640413186832841
中间品进口份额,intermediate_share,1296,0.018635719788742622,0.020675277630539043,0.0003852986804771841
中间品进口份额,intermediate_share,1297,0.0184157610322407,0.013668266156667707,0.0002517115232662555
中间品进口份额,intermediate_share,1298,0.01653055490225307,0.01378237693470506,0.0002278303386026884
中间品进口份额,intermediate_share,1299,0.017421145485493245,0.018980834207962958,0.00033066787417294967
中间品进口份额,intermediate_share,1300,0.01718433285078352,0.01923852959140469,0.0003306012960583465
中间品进口份额,intermediate_share,1301,0.01710461186428996,0.013814359075490598,0.00023628925014019817
中间品进口份额,intermediate_share,1302,0.017931319573651495,0.019393645740255133,0.0003477536594666998
中间品进口份额,intermediate_share,1303,0.01815969016602551,0.012007846569240116,0.00021805877325857287
中间品进口份额,intermediate_share,1304,0.017931799009925174,0.022980605448743804,0.0004120835980332652
中间品进口份额,intermediate_share,1305,0.01776229854362107,0.016846801880815516,0.00029923792451228215
中间品进口份额,intermediate_share,1306,0.018308102627586434,0.019072520413229047,0.0003491816610921346
中间品进口份额,intermediate_share,1307,0.018023475829015645,0.016032143227442713,0.0002889549459471306
中间品进口份额,intermediate_share,1308,0.01753776816886458,0.01597882221531164,0.00028023287962363874
中间品进口份额,intermediate_share,1309,0.017893219660650814,0.01305645783865323,0.0002336220680970484
中间品进口份额,intermediate_share,1310,0.01769437320584744,0.020307473426446874,0.00035932801367538045
中间品进口份额,intermediate_share,1311,0.017901273249199594,0.01508293312484941,0.0002700037072673332
中间品进口份额,intermediate_share,1312,0.017463016923178552,0.009826730279928957,0.0001716043571779105
中间品进口份额,intermediate_share,1313,0.017734735592563774,0.01730185527604441,0.00030684382858145215
中间品进口份额,intermediate_share,1314,0.01615486062730202,0.01370872586792161,0.00022146255577416352
中间品进口份额,intermediate_share,1315,0.01734665306190301,0.014700886095646303,0.00025501117080373035
中间品进口份额,intermediate_share,1316,0.01794251813122628,0.01709777106780023,0.0003067770673875617
中间品进口份额,intermediate_share,1317,0.017872323605852294,0.017346141492930626,0.000310015854074558
中间品进口份额,intermediate_share,1318,0.01768478624239375,0.021103216476553815,0.000373205872414816
中间品进口份额,intermediate_share,1319,0.018119594554264037,0.012989953545630966,0.00023537269152555768
中间品进口份额,intermediate_share,1320,0.0172788396832496,0.016369747293739634,0.00028285023914383615
中间品进口份额,intermediate_share,1321,0.01800230125774466,0.021445543469158657,0.00038606913416785267
中间品进口份额,intermediate_share,1322,0.017944304108608488,0.018846906751843678,0.0003381946262616696
中间品进口份额,intermediate_share,1323,0.018261740216501173,0.013247561695059817,0.0002419235301772543
中间品进口份额,intermediate_share,1324,0.017304451374325232,0.017320658944344574,0.0002997245004736821
中间品进口份额,intermediate_share,1325,0.017012953598354242,0.026480601342176946,0.00045051324189097344
中间品进口份额,intermediate_share,1326,0.016958568862692792,0.01618305880539145,0.0002744415171602379
中间品进口份额,intermediate_share,1327,0.01770603676137131,0.020135523882695874,0.0003565203260764831
中间品进口份额,intermediate_share,1328,0.01780483297609571,0.01829385949905571,0.00032571911286884885
中间品进口份额,intermediate_share,1329,0.016095498182950214,0.017795432440404567,0.000286426350509345
中间品进口份额,intermediate_share,1330,0.017770351172222674,0.0162446588982557,0.0002886732932949757
中间品进口份额,intermediate_share,1331,0.01727047670845277,0.014642654918944807,0.00025288563072754767
中间品进口份额,intermediate_share,1332,0.016904135199318937,0.016694304813004664,0.00028220278561767167
中间品进口份额,intermediate_share,1333,0.017823685040530744,0.01845008066513562,0.0003288484267477633
中间品进口份额,intermediate_share,1334,0.01853922428461542,0.02227673236669038,0.00041299333767442467
中间品进口份额,intermediate_share,1335,0.01755733005815219,0.018720523438937917,0.0003286824088788073
中间品进口份额,intermediate_share,1336,0.016846678953004686,0.0221945215538133,0.00037390397913263535
中间品进口份额,intermediate_share,1337,0.01774135556091925,0.019454488703931596,0.0003451490013523375
中间品进口份额,intermediate_share,1338,0.017068004687738628,0.01670508662050028,0.0002851224967477786
中间品进口份额,intermediate_share,1339,0.017278955240378147,0.017567140210644795,0.00030354182940117854
中间品进口份额,intermediate_share,1340,0.01827536543108755,0.019954895133528983,0.00036468300070427277
中间品进口份额,intermediate_share,1341,0.01648349402696357,0.02213082129502795,0.0003647932606283914
中间品进口份额,intermediate_share,1342,0.018043083255006778,0.01696609854513924,0.0003061207285625967
中间品进口份额,intermediate_share,1343,0.017139356801630642,0.026981283323839637,0.0004624418418531743
中间品进口份额,intermediate_share,1344,0.01719205217455947,0.018731904543925103,0.000322039880248028
中间品进口份额,intermediate_share,1345,0.017136109287187135,0.015235734055982397,0.00026108120385383326
中间品进口份额,intermediate_share,1346,0.018155576144869595,0.019874878774897995,0.0003608398749677131
中间品进口份额,intermediate_share,1347,0.0183917475951895,0.017396915298429,0.0003199596751035969
中间品进口份额,intermediate_share,1348,0.018549961561409367,0.01650211151960448,0.00030611353437075387
中间品进口份额,intermediate_share,1349,0.018360769721362146,0.019207741458537465,0.0003526689177876671
中间品进口份额,intermediate_share,1350,0.01809265589345092,0.01937687191371777,0.0003505790758263694
中间品进口份额,intermediate_share,1351,0.01786203969768053,0.016338810835819242,0.00029184448776229614
中间品进口份额,intermediate_share,1352,0.017827287693336896,0.019017130903047477,0.00033902386371047503
中间品进口份额,intermediate_share,1353,0.016425549766339594,0.016634196860053612,0.0002732258283479004
中间品进口份额,intermediate_share,1354,0.017806658352279063,0.012585972975666994,0.00022411412080871926
中间品进口份额,intermediate_share,1355,0.016929453081928163,0.017605448118865028,0.00029805060791464593
中间品进口份额,intermediate_share,1356,0.017875436504316975,0.012164179913781601,0.00021744002567589094
中间品进口份额,intermediate_share,1357,0.017648038324080163,0.018861382723158935,0.00033286640514345234
中间品进口份额,intermediate_share,1358,0.017910198572216884,0.018967924462993342,0.0003397192936350211
中间品进口份额,intermediate_share,1359,0.01687902916741831,0.017271789058851746,0.000291531031297855
中间品进口份额,intermediate_share,1360,0.017717536568834586,0.013799768586318576,0.0002444979045695541
中间品进口份额,intermediate_share,1361,0.017174253701098586,0.01620869311959953,0.00027837220779925343
中间品进口份额,intermediate_share,1362,0.017489379478738205,0.0192890070952512,0.00033735276485692196
中间品进口份额,intermediate_share,1363,0.01721041283130569,0.015376972170566605,0.00026464403915095
中间品进口份额,intermediate_share,1364,0.017693900687262034,0.017538685630506926,0.00031032776173129924
中间品进口份额,intermediate_share,1365,0.016457986390904962,0.01843529930234638,0.0003034079050302765
中间品进口份额,intermediate_share,1366,0.01759511570877917,0.01700141842063413,0.0002991419243244271
中间品进口份额,intermediate_share,1367,0.017632020700458363,0.017919053283044765,0.0003159491184192617
中间品进口份额,intermediate_share,1368,0.016770989196772498,0.013407484224585708,0.0002248567730864246
中间品进口份额,intermediate_share,1369,0.017088274925123367,0.019393565102445904,0.00033140257224887395
中间品进口份额,intermediate_share,1370,0.018323420276484287,0.01883838972816842,0.0003451837323214345
中间品进口份额,intermediate_share,1371,0.018319673335366937,0.01676478786571767,0.0003071254372366712
中间品进口份额,intermediate_share,1372,0.017548923570913637,0.02286679129254363,0.0004012875727048816
中间品进口份额,intermediate_share,1373,0.01695019376108326,0.011479816790274324,0.0001945851189368867
中间品进口份额,intermediate_share,1374,0.018004272877952,0.019339893928744786,0.00034820072772376835
中间品进口份额,intermediate_share,1375,0.01758448139489714,0.021774472151774457,0.0003828928004365838
中间品进口份额,intermediate_share,1376,0.018045445346408527,0.01901872464352402,0.0003432013561131057
中间品进口份额,intermediate_share,1377,0.017502246567668873,0.015343192245743053,0.00026854033382014
中间品进口份额,intermediate_share,1378,0.018005507277075165,0.021864072927430672,0.00039367372420135506
中间品进口份额,intermediate_share,1379,0.01729206260232165,0.012029164782191824,0.00020800907046730391
中间品进口份额,intermediate_share,1380,0.01774321653335887,0.016599313007500244,0.00029452520499707727
中间品进口份额,intermediate_share,1381,0.01764209801992966,0.018158285715443964,0.000320350256465751
中间品进口份额,intermediate_share,1382,0.01771145338821331,0.013420744935300806,0.0002377008983566801
中间品进口份额,intermediate_share,1383,0.017389725590498867,0.013970944939812442,0.00024295089874330707
中间品进口份额,intermediate_share,1384,0.01791325002929457,0.01589722929155398,0.00028477104307263185
中间品进口份额,intermediate_share,1385,0.016699600356887754,0.016110390565233838,0.0002690370840327801
中间品进口份额,intermediate_share,1386,0.017818805977914076,0.014901301583312552,0.00026552340173143017
中间品进口份额,intermediate_share,1387,0.01795665923091942,0.01763464953538774,0.0003166593923636491
中间品进口份额,intermediate_share,1388,0.017293521543987923,0.015237086430167857,0.00026350288244771385
中间品进口份额,intermediate_share,1389,0.017337458137432926,0.015620264529809129,0.0002708156823811942
中间品进口份额,intermediate_share,1390,0.01787411589366645,0.01738152237811642,0.00031067934539480977
中间品进口份额,intermediate_share,1391,0.017576408813887928,0.014283113619212024,0.0002510458441064809
中间品进口份额,intermediate_share,1392,0.017941078225722516,0.015786133614303633,0.0002832202580559292
中间品进口份额,intermediate_share,1393,0.016957806768084085,0.019668264579178227,0.000333530630197257
中间品进口份额,intermediate_share,1394,0.017964118080760063,0.01514998368875087,0.00027215609590630955
中间品进口份额,intermediate_share,1395,0.017417296216043186,0.02016036668333962,0.00035113907834777427
中间品进口份额,intermediate_share,1396,0.016570884324192767,0.019259341325789596,0.00031914431726980477
中间品进口份额,intermediate_share,1397,0.017967476986373455,0.019816269073982914,0.000356048358542572
中间品进口份额,intermediate_share,1398,0.018209192163719322,0.02307780542778988,0.0004202281937515507
中间品进口份额,intermediate_share,1399,0.018037954426449284,0.018303623709242614,0.0003301599303061949
中间品进口份额,intermediate_share,1400,0.01773054490301809,0.013588629192592802,0.00024093380006972917
中间品进口份额,intermediate_share,1401,0.018304272016248277,0.018860290974881865,0.00034522389630983004
中间品进口份额,intermediate_share,1402,0.017458411515563734,0.022751653505059245,0.0003972077295508423
中间品进口份额,intermediate_share,1403,0.01773281549546156,0.014505564293223971,0.00025722449526929597
中间品进口份额,intermediate_share,1404,0.017048748736562914,0.015832827749518778,0.0002699299020908265
中间品进口份额,intermediate_share,1405,0.01762699373843346,0.018797585892003376,0.00033134492881600866
中间品进口份额,intermediate_share,1406,0.017633808271073026,0.02611230894502412,0.0004604594494515805
中间品进口份额,intermediate_share,1407,0.017964127791477377,0.022684956585294434,0.0004075154590423455
中间品进口份额,intermediate_share,1408,0.01817752681581883,0.01827281909967262,0.00033215465918490553
中间品进口份额,intermediate_share,1409,0.01803573621889719,0.011156594545918783,0.00020121739633137823
中间品进口份额,intermediate_share,1410,0.01759318114532571,0.01387862720720917,0.00024416920250487677
中间品进口份额,intermediate_share,1411,0.017747132215285535,0.018807753528926354,0.0003337836885503591
中间品进口份额,intermediate_share,1412,0.017758016249189972,0.01577069468594097,0.0002800562524939537
中间品进口份额,intermediate_share,1413,0.01713158911959383,0.01151299551609594,0.00019723590871748177
中间品进口份额,intermediate_share,1414,0.017333454157877827,0.014865847439826267,0.00025767648511623405
中间品进口份额,intermediate_share,1415,0.01776981968341067,0.015864508053317617,0.0002819094474734705
中间品进口份额,intermediate_share,1416,0.016851819800167932,0.017847681748017666,0.0003007659166683399
中间品进口份额,intermediate_share,1417,0.017566496272923726,0.019580464331356306,0.0003439601536988865
中间品进口份额,intermediate_share,1418,0.01752076612943271,0.014255688630596357,0.00024977058651069165
中间品进口份额,intermediate_share,1419,0.01701866710112046,0.01680438091989391,0.00028598816471609486
中间品进口份额,intermediate_share,1420,0.017841571686875154,0.0191813429021889,0.0003422253044399372
中间品进口份额,intermediate_share,1421,0.01785928630044919,0.012333942934409604,0.0002202754180790235
中间品进口份额,intermediate_share,1422,0.018091508981316336,0.014889187324302918,0.0002693678662021276
中间品进口份额,intermediate_share,1423,0.017029469597660166,0.015938274467337754,0.00027142036048069155
中间品进口份额,intermediate_share,1424,0.017004864012380796,0.022330153915927037,0.0003797212307158718
中间品进口份额,intermediate_share,1425,0.017869644386298813,0.020917041126424736,0.00037378008654279717
中间品进口份额,intermediate_share,1426,0.018670725870285215,0.020109390154805864,0.00037545691099899264
中间品进口份额,intermediate_share,1427,0.017617975583543475,0.01228434604923844,0.00021642530875528158
中间品进口份额,intermediate_share,1428,0.017211639404616057,0.015856434213507214,0.00027291522792590296
中间品进口份额,intermediate_share,1429,0.017526904573178154,0.022673692624255004,0.0003973996469468908
中间品进口份额,intermediate_share,1430,0.017827401866799625,0.01733623472833646,0.0003090600233592219
中间品进口份额,intermediate_share,1431,0.017748659426589635,0.02130291632173113,0.0003780982065875434
中间品进口份额,intermediate_share,1432,0.01719000359871879,0.014823851757301717,0.00025482206505489033
中间品进口份额,intermediate_share,1433,0.017610116813460957,0.017554150908728,0.0003091306480638219
中间品进口份额,intermediate_share,1434,0.018156872036324323,0.021852076889721843,0.0003967653638145995
中间品进口份额,intermediate_share,1435,0.017479932021202696,0.02037428036269243,0.00035614103572078866
中间品进口份额,intermediate_share,1436,0.018207514412314284,0.014860058016800806,0.0002705647205087271
中间品进口份额,intermediate_share,1437,0.01718296659592264,0.017835504334582003,0.00030646687520255597
中间品进口份额,intermediate_share,1438,0.01820933941859634,0.023006054378209503,0.00041892505285550123
中间品进口份额,intermediate_share,1439,0.01800215625113145,0.017961661814462373,0.0003233486425139329
中间品进口份额,intermediate_share,1440,0.01710014914240378,0.017121322724964687,0.00029277717211212325
中间品进口份额,intermediate_share,1441,0.01784138995316244,0.016645804701552424,0.00029698429276458154
中间品进口份额,intermediate_share,1442,0.018462450320057385,0.014856213703480744,0.000274282107444669
中间品进口份额,intermediate_share,1443,0.017367111506034125,0.02041105208378331,0.0003544810174945349
中间品进口份额,intermediate_share,1444,0.01784979991460353,0.019359345629434168,0.00034556044596305426
中间品进口份额,intermediate_share,1445,0.01790782331891837,0.01675824025784722,0.00030010360567351305
中间品进口份额,intermediate_share,1446,0.017441063847727457,0.009034501978327588,0.00015757132583643147
中间品进口份额,intermediate_share,1447,0.017128392022219694,0.01739453916857767,0.00029794048592525377
中间品进口份额,intermediate_share,1448,0.017733542986297465,0.021286221196965598,0.0003774801186122257
中间品进口份额,intermediate_share,1449,0.017453566186897952,0.014457682114788283,0.00025233811169958806
中间品进口份额,intermediate_share,1450,0.0168790218142934,0.01835922818825523,0.0003098858130831503
中间品进口份额,intermediate_share,1451,0.01832800074605515,0.02131850430524609,0.0003907255628113303
中间品进口份额,intermediate_share,1452,0.01710257774785348,0.017119595196839102,0.00029278920786571976
中间品进口份额,intermediate_share,1453,0.018064213093326988,0.018092461874708445,0.0003268260866876276
中间品进口份额,intermediate_share,1454,0.017066225528092015,0.01621529528264312,0.000276733886298194
中间品进口份额,intermediate_share,1455,0.017816498773218094,0.012003426397577151,0.000213859031686847
中间品进口份额,intermediate_share,1456,0.017950225995534884,0.01859368299907085,0.0003337608119226566
中间品进口份额,intermediate_share,1457,0.018109761078106315,0.018359147289768042,0.00033247977101546236
中间品进口份额,intermediate_share,1458,0.017343085840057802,0.019495543533857355,0.00033811288500627194
中间品进口份额,intermediate_share,1459,0.01712425003998245,0.021217466630398862,0.000363333203793934
中间品进口份额,intermediate_share,1460,0.017181112991213738,0.012828971592894794,0.00022041601049859675
中间品进口份额,intermediate_share,1461,0.018046297506607863,0.011379802285974959,0.00020536329761908036
中间品进口份额,intermediate_share,1462,0.017734920217045085,0.018912772696563662,0.00033541651485666517
中间品进口份额,intermediate_share,1463,0.017720348412837972,0.01386903002336141,0.00024576404416207454
中间品进口份额,intermediate_share,1464,0.017158042279454448,0.023560581067689126,0.000404253446087924
中间品进口份额,intermediate_share,1465,0.018252033960865766,0.022643239628577082,0.00041328517868481044
中间品进口份额,intermediate_share,1466,0.017993007999296082,0.021620882547206042,0.00038902471262371933
中间品进口份额,intermediate_share,1467,0.017328920242961197,0.014689512067497726,0.0002545533830256841
中间品进口份额,intermediate_share,1468,0.016997013359162722,0.01579592521788008,0.00026848355194864307
中间品进口份额,intermediate_share,1469,0.016867573884378005,0.016270712048945542,0.0002744474376370284
中间品进口份额,intermediate_share,1470,0.018297152603163464,0.02423557409284079,0.0004434419976019829
中间品进口份额,intermediate_share,1471,0.017608804501533907,0.021470210647574553,0.000378064741899892
中间品进口份额,intermediate_share,1472,0.01805571008140511,0.021706625965937906,0.000391928545286475
中间品进口份额,intermediate_share,1473,0.017613452996027228,0.016508516464126356,0.0002907719787750312
中间品进口份额,intermediate_share,1474,0.0170801163008089,0.02503768586025121,0.00042764658639620926
中间品进口份额,intermediate_share,1475,0.018093787328883223,0.018190740301048832,0.00032913938636212274
中间品进口份额,intermediate_share,1476,0.017146383935456446,0.015366717592740607,0.0002634836396728635
中间品进口份额,intermediate_share,1477,0.018215044980401742,0.01864672240316015,0.000339650887310627
中间品进口份额,intermediate_share,1478,0.017339527646039996,0.015353888920217556,0.0002662291814063395
中间品进口份额,intermediate_share,1479,0.01704688477392307,0.020547862268243313,0.0003502770404371853
中间品进口份额,intermediate_share,1480,0.017686853071714456,0.012861824533273137,0.00022748520075417433
中间品进口份额,intermediate_share,1481,0.01627361146901059,0.013399463741824122,0.0002180576668275406
中间品进口份额,intermediate_share,1482,0.01705473825094509,0.02055453435983914,0.0003505522033771138
中间品进口份额,intermediate_share,1483,0.018023694933354446,0.015060395969805266,0.0002714439825352909
中间品进口份额,intermediate_share,1484,0.017884534757654582,0.020063411318606908,0.0003588247770847456
中间品进口份额,intermediate_share,1485,0.018008002800084612,0.021147040792150344,0.0003808159697985469
中间品进口份额,intermediate_share,1486,0.017896422565788626,0.00969036810793529,0.00017342292247765157
中间品进口份额,intermediate_share,1487,0.017548729675249737,0.014079684402820185,0.00024708057549792145
中间品进口份额,intermediate_share,1488,0.017080376829842668,0.020507663409425777,0.0003502786189325683
中间品进口份额,intermediate_share,1489,0.018521909511115823,0.022893756025888622,0.00042403607748107167
中间品进口份额,intermediate_share,1490,0.017591828791091873,0.01623744398882894,0.0002856463346564226
中间品进口份额,intermediate_share,1491,0.01806457395534117,0.016384932042888958,0.0002959868166420069
中间品进口份额,intermediate_share,1492,0.017965710509905898,0.011955077471140862,0.00021478146097001462
中间品进口份额,intermediate_share,1493,0.017700275470050344,0.019755229949684917,0.00034967301208361183
中间品进口份额,intermediate_share,1494,0.017265954685666513,0.01428514645612331,0.00024664669138953465
中间品进口份额,intermediate_share,1495,0.017643079480637803,0.016958606958439242,0.00029920205044864086
中间品进口份额,intermediate_share,1496,0.017094384004628583,0.016812302105679213,0.00028739594819630616
中间品进口份额,intermediate_share,1497,0.01783774298201744,0.021413442428002565,0.00038196748239093724
中间品进口份额,intermediate_share,1498,0.01686250266341081,0.022306384409882793,0.000376141466522714
中间品进口份额,intermediate_share,1499,0.01730929010247104,0.019529567766024925,0.0003380429540379927
中间品进口份额,intermediate_share,1500,0.017288550811672854,0.01832208451534612,0.00031676228911932576
中间品进口份额,intermediate_share,1501,0.017040187214523467,0.01959739659276866,0.0003339433068580423
中间品进口份额,intermediate_share,1502,0.01734625090712205,0.017369986938046228,0.0003013041516807826
中间品进口份额,intermediate_share,1503,0.01724700497397821,0.012709375538696242,0.0002191986631320511
中间品进口份额,intermediate_share,1504,0.018341100302623713,0.01722209003497027,0.00031587208075220606
中间品进口份额,intermediate_share,1505,0.018931357564666615,0.025695046909916742,0.00048644212069251584
中间品进口份额,intermediate_share,1506,0.018885051403812848,0.022406733649000032,0.0004231523167529086
中间品进口份额,intermediate_share,1507,0.018242945005584488,0.021659499154415163,0.00039513305192249954
中间品进口份额,intermediate_share,1508,0.01706044453206362,0.020036058861967396,0.0003418240708557565
中间品进口份额,intermediate_share,1509,0.01815890196449746,0.023989482668404793,0.00043562266395457354
中间品进口份额,intermediate_share,1510,0.017601107987925146,0.0161441239007412,0.0002841544681473892
中间品进口份额,intermediate_share,1511,0.018260895424233474,0.016349607550319476,0.000298558473703642
中间品进口份额,intermediate_share,1512,0.01809714264198921,0.018926563423858987,0.0003425167180042317
中间品进口份额,intermediate_share,1513,0.017285547945032204,0.014859381611455372,0.0002568525532783417
中间品进口份额,intermediate_share,1514,0.018227814368537907,0.014953329487627695,0.0002725665140920617
中间品进口份额,intermediate_share,1515,0.017102187087108246,0.02185870357412115,0.00037383163800626157
中间品进口份额,intermediate_share,1516,0.018065581521173005,0.018677258739747737,0.00033741554035495374
中间品进口份额,intermediate_share,1517,0.01794795114837991,0.0216287738750438,0.0003881921769086417
中间品进口份额,intermediate_share,1518,0.018589489173315803,0.02408311204868388,0.00044769275068876036
中间品进口份额,intermediate_share,1519,0.01733865692658052,0.011297625177023672,0.00019588564702951197
中间品进口份额,intermediate_share,1520,0.017052651761257902,0.02002115373599359,0.0003414137625185063
中间品进口份额,intermediate_share,1521,0.017130297945106336,0.014063258028919133,0.00024090780011429362
中间品进口份额,intermediate_share,1522,0.01664084129852797,0.01738965415283676,0.00028937847499364437
中间品进口份额,intermediate_share,1523,0.017405133337025994,0.02029000443443232,0.0003531502325901432
中间品进口份额,intermediate_share,1524,0.017088270766384434,0.011511661493289218,0.00019671438856828753
中间品进口份额,intermediate_share,1525,0.018007967898848606,0.017848689666904706,0.0003214186305581308
中间品进口份额,intermediate_share,1526,0.017308923261236644,0.015853772707044956,0.00027441173518732905
中间品进口份额,intermediate_share,1527,0.01778466044720129,0.015141770629181404,0.0002692912492093967
中间品进口份额,intermediate_share,1528,0.018457874899203724,0.018345599152237647,0.00033862077410294037
中间品进口份额,intermediate_share,1529,0.017527994577706808,0.01308408209760035,0.00022933772006100965
中间品进口份额,intermediate_share,1530,0.01828981695277322,0.016989377053722148,0.00031073259645422366
中间品进口份额,intermediate_share,1531,0.018318041874904645,0.015634936427897615,0.00028640142019770057
中间品进口份额,intermediate_share,1532,0.01768072374426719,0.011565194321741735,0.00020448100585148315
中间品进口份额,intermediate_share,1533,0.01773841934938565,0.022042866782840977,0.0003910056146566766
中间品进口份额,intermediate_share,1534,0.017748528666748902,0.02092473379360242,0.00037138323757984206
中间品进口份额,intermediate_share,1535,0.01681037789054923,0.01592890246170431,0.0002677708697629493
中间品进口份额,intermediate_share,1536,0.01723406374834045,0.019116660687591946,0.00032945774894535334
中间品进口份额,intermediate_share,1537,0.017706262610617713,0.01340165372487921,0.00023729320026927436
中间品进口份额,intermediate_share,1538,0.017198036274358605,0.01947989641835329,0.00033501596522358815
中间品进口份额,intermediate_share,1539,0.018186775389669257,0.018312324869670406,0.00033304213926735007
中间品进口份额,intermediate_share,1540,0.01786394509370866,0.0160578460678118,0.0002868564804786155
中间品进口份额,intermediate_share,1541,0.017465430071442172,0.018990261701025607,0.00033167308777764924
中间品进口份额,intermediate_share,1542,0.018291011928567583,0.016307046803873553,0.00029827238760936104
中间品进口份额,intermediate_share,1543,0.017917588306052414,0.01736095223920293,0.0003110663948230769
中间品进口份额,intermediate_share,1544,0.017695564567287957,0.02129126530496853,0.0003767609599233285
中间品进口份额,intermediate_share,1545,0.017469477453006477,0.01278947800021134,0.00022342549756041436
中间品进口份额,intermediate_share,1546,0.017949455086492257,0.01700148777690256,0.0003051674412550596
中间品进口份额,intermediate_share,1547,0.01731812587901598,0.021246539942847444,0.0003679502532237731
中间品进口份额,intermediate_share,1548,0.018090167321198388,0.015108961536905868,0.0002733236422521779
中间品进口份额,intermediate_share,1549,0.016946231164417295,0.017690040809452124,0.00029977952086495134
中间品进口份额,intermediate_share,1550,0.018348352672408218,0.018797212512286297,0.00034489788443363347
中间品进口份额,intermediate_share,1551,0.018694687688437014,0.01949870871980829,0.00036452226984461946
中间品进口份额,intermediate_share,1552,0.01857917289247887,0.018167804079212736,0.0003375427730643763
中间品进口份额,intermediate_share,1553,0.01683229007319562,0.018581122143356332,0.0003127628378024521
中间品进口份额,intermediate_share,1554,0.017940905159441658,0.025338759677558866,0.0004546002842329681
中间品进口份额,intermediate_share,1555,0.01811575332951368,0.015571701624721329,0.000282093105554239
中间品进口份额,intermediate_share,1556,0.018048465869609138,0.017685447637846075,0.00031919519808042444
中间品进口份额,intermediate_share,1557,0.016734470846512996,0.013778677965394922,0.00023057888471539234
中间品进口份额,intermediate_share,1558,0.016701653624084562,0.019797374681858982,0.00033064889460263005
中间品进口份额,intermediate_share,1559,0.018190781029072272,0.01715185203587521,0.00031200558462765344
中间品进口份额,intermediate_share,1560,0.016494129378559323,0.016261736132147916,0.0002682231796836406
中间品进口份额,intermediate_share,1561,0.017927202573426542,0.01410100702675972,0.0002527916094580326
中间品进口份额,intermediate_share,1562,0.017036475788976723,0.017327147026225797,0.0002951935208043358
中间品进口份额,intermediate_share,1563,0.0176380200827571,0.01627749677553188,0.00028710281502384525
中间品进口份额,intermediate_share,1564,0.017916120715103487,0.01677726264624286,0.0003005834628390836
中间品进口份额,intermediate_share,1565,0.017943892268865235,0.018087686901217655,0.00032456350514841446
中间品进口份额,intermediate_share,1566,0.017728161580452737,0.013832760914044279,0.00024522942058794806
中间品进口份额,intermediate_share,1567,0.01756152711781412,0.01874656809943139,0.0003292183640441134
中间品进口份额,intermediate_share,1568,0.017852695009623276,0.015597465241218146,0.0002784567898746677
中间品进口份额,intermediate_share,1569,0.01695630795318623,0.013788401973020122,0.00023380039003684981
中间品进口份额,intermediate_share,1570,0.015997191828169628,0.017802864785205135,0.0002847958430598924
中间品进口份额,intermediate_share,1571,0.017241897896646208,0.020691004097233047,0.0003567521800235805
中间品进口份额,intermediate_share,1572,0.017950479309761534,0.01853983095070593,0.0003327988518871233
中间品进口份额,intermediate_share,1573,0.017674491660830904,0.02489385636686396,0.0004399862567620593
中间品进口份额,intermediate_share,1574,0.01789714370649203,0.02110372342228345,0.00037769637083066865
中间品进口份额,intermediate_share,1575,0.016915069008708872,0.017392192039392962,0.00029419012855904904
中间品进口份额,intermediate_share,1576,0.017437553467896102,0.016586457365735666,0.0002892272371579948
中间品进口份额,intermediate_share,1577,0.017580665781374405,0.017347541487752745,0.0003049813290247075
中间品进口份额,intermediate_share,1578,0.018641264647936553,0.019796666568734037,0.0003690349006547292
中间品进口份额,intermediate_share,1579,0.018164487972270903,0.02240978248960642,0.00040706222449366294
中间品进口份额,intermediate_share,1580,0.018027030267880016,0.015381424539239146,0.0002772814057319765
中间品进口份额,intermediate_share,1581,0.01651648844419619,0.021939517756062107,0.00036236379148923693
中间品进口份额,intermediate_share,1582,0.017676872609934766,0.02352848587865855,0.00041591004758169625
中间品进口份额,intermediate_share,1583,0.01727420559457881,0.014862487766883616,0.0002567376693320601
中间品进口份额,intermediate_share,1584,0.01807061065792955,0.014162650965906524,0.00025592775148904664
中间品进口份额,intermediate_share,1585,0.017992988325017847,0.019044647211217562,0.0003426701149255213
中间品进口份额,intermediate_share,1586,0.017822733432110587,0.016383166924071244,0.0002919928168614929
中间品进口份额,intermediate_share,1587,0.017762130768759956,0.019690221534253878,0.00034974028975727066
中间品进口份额,intermediate_share,1588,0.018040387329196727,0.01268043459510281,0.00022875995159820056
中间品进口份额,intermediate_share,1589,0.018340212736016347,0.015392362815330537,0.00028229920854310955
中间品进口份额,intermediate_share,1590,0.018021773420740534,0.01511357918585488,0.00027237349966389686
中间品进口份额,intermediate_share,1591,0.017173638748703125,0.02185383009691539,0.0003753097833599607
中间品进口份额,intermediate_share,1592,0.018272261956889087,0.02160556316408591,0.0003947825098602912
中间品进口份额,intermediate_share,1593,0.01733665341346007,0.02211264298938041,0.0003833592275624657
中间品进口份额,intermediate_share,1594,0.01665583059935319,0.021715097439608613,0.0003616829844025692
中间品进口份额,intermediate_share,1595,0.017587656856321073,0.015304526171699126,0.0002691707546564294
中间品进口份额,intermediate_share,1596,0.018065106509256627,0.019599283892863903,0.00035406315102974427
中间品进口份额,intermediate_share,1597,0.017606489761781325,0.016013623544803235,0.0002819436989905985
中间品进口份额,intermediate_share,1598,0.01711436086589236,0.01819562102596146,0.00031140642441732303
中间品进口份额,intermediate_share,1599,0.017632362547012764,0.016038710964285358,0.0002828003665090281
中间品进口份额,intermediate_share,1600,0.017853107917295354,0.021787924923687797,0.00038898217495652736
中间品进口份额,intermediate_share,1601,0.017975472336172676,0.02179290094600203,0.0003917376880798108
中间品进口份额,intermediate_share,1602,0.017045792577787825,0.019105566534929237,0.00032566952423552825
中间品进口份额,intermediate_share,1603,0.018190940169218815,0.01603005469348075,0.0002916017658384136
中间品进口份额,intermediate_share,1604,0.017634921733865012,0.015824758383215017,0.000279068375545321
中间品进口份额,intermediate_share,1605,0.017792411493409314,0.01585434580828816,0.00028208704457987206
中间品进口份额,intermediate_share,1606,0.017429878553770442,0.023572528333278938,0.00041086630605436465
中间品进口份额,intermediate_share,1607,0.01761497047339266,0.017964141034653495,0.0003164378139052828
中间品进口份额,intermediate_share,1608,0.018842937561752343,0.019299729711774273,0.0003636636019176592
中间品进口份额,intermediate_share,1609,0.01783931527918137,0.012940422343794776,0.00023084827403671815
中间品进口份额,intermediate_share,1610,0.016789111410507502,0.013766059941317852,0.0002311199140385098
中间品进口份额,intermediate_share,1611,0.017381767230739954,0.014172209684521087,0.0002463380498815841
中间品进口份额,intermediate_share,1612,0.01730758543008616,0.0221258206047264,0.0003829445303270628
中间品进口份额,intermediate_share,1613,0.018039913422059965,0.010951198814453713,0.0001975586784805107
中间品进口份额,intermediate_share,1614,0.017276829804292376,0.02352348279208462,0.00040641120860304637
中间品进口份额,intermediate_share,1615,0.017033538419173766,0.02141372842635367,0.00036475156584804867
中间品进口份额,intermediate_share,1616,0.017226309727352195,0.018992010224647665,0.0003271622504748204
中间品进口份额,intermediate_share,1617,0.018373381316440562,0.021048676729119396,0.00038673536375059955
中间品进口份额,intermediate_share,1618,0.018634872684650212,0.023217520365878184,0.0004326555360714134
中间品进口份额,intermediate_share,1619,0.016964607068478788,0.016465097441672932,0.0002793239084421966
中间品进口份额,intermediate_share,1620,0.018132305738532677,0.01889895606479547,0.00034268164950596784
中间品进口份额,intermediate_share,1621,0.017680827312106618,0.02149017231332825,0.00037996402557937157
中间品进口份额,intermediate_share,1622,0.01777619569960875,0.015032234657222468,0.00026721594506922764
中间品进口份额,intermediate_share,1623,0.017398260973220878,0.017539203096194,0.00030515163272990686
中间品进口份额,intermediate_share,1624,0.01799241393144333,0.02380425404930988,0.0004282959921844194
中间品进口份额,intermediate_share,1625,0.01840876719769317,0.017291338873803037,0.0003183122318642621
中间品进口份额,intermediate_share,1626,0.017429970171856737,0.014582561456237536,0.000254173611211488
中间品进口份额,intermediate_share,1627,0.01765619699212131,0.024172060874564263,0.00042678666850685476
中间品进口份额,intermediate_share,1628,0.017003786950988285,0.012892075379387942,0.00021921410310719403
中间品进口份额,intermediate_share,1629,0.018428046600733126,0.015386198402363431,0.0002835375811668789
中间品进口份额,intermediate_share,1630,0.017535849407381295,0.017959005676339068,0.0003149264190465878
中间品进口份额,intermediate_share,1631,0.017730905213673577,0.01799183471997485,0.00031901151603995535
中间品进口份额,intermediate_share,1632,0.016741491962917115,0.023975500561145998,0.0004013856499513405
中间品进口份额,intermediate_share,1633,0.017512621431376517,0.02105166362090376,0.0003686698154935686
中间品进口份额,intermediate_share,1634,0.016487045405163138,0.014740483759689525,0.00024302702504007105
中间品进口份额,intermediate_share,1635,0.0175128307758633,0.015975023892761824,0.0002797678900743108
中间品进口份额,intermediate_share,1636,0.017564834455531548,0.010849460021036648,0.00019056896920141656
中间品进口份额,intermediate_share,1637,0.017188684614217287,0.013384444907060434,0.00023006100224382862
中间品进口份额,intermediate_share,1638,0.017898846820717587,0.02017773153787724,0.00036115812598602704
中间品进口份额,intermediate_share,1639,0.017808517667424906,0.022214884846244183,0.0003956141692641494
中间品进口份额,intermediate_share,1640,0.018252491406857488,0.01818100240938498,0.0003318485902453546
中间品进口份额,intermediate_share,1641,0.017553289197262283,0.022186737328559178,0.00038945021667189365
中间品进口份额,intermediate_share,1642,0.01736579091002513,0.023402155106203165,0.0004063969324183011
中间品进口份额,intermediate_share,1643,0.017708944984879536,0.015454298248143074,0.0002736793174562859
中间品进口份额,intermediate_share,1644,0.01817395418496408,0.015395297032818148,0.0002797934229383505
中间品进口份额,intermediate_share,1645,0.017539285563507947,0.01617357698055663,0.0002836729852453614
中间品进口份额,intermediate_share,1646,0.01758787649091457,0.019859149578878226,0.0003492802700079084
中间品进口份额,intermediate_share,1647,0.017560675521151866,0.016719472717650848,0.0002936052352794177
中间品进口份额,intermediate_share,1648,0.01796948856819678,0.013121208713282644,0.00023578140997425643
中间品进口份额,intermediate_share,1649,0.018349578173233617,0.020520137707633106,0.0003765358709917325
中间品进口份额,intermediate_share,1650,0.017540626005418548,0.013178093476261935,0.0002311520091315566
中间品进口份额,intermediate_share,1651,0.01780596431185659,0.019606150966323236,0.0003491064243992241
中间品进口份额,intermediate_share,1652,0.018416654177980864,0.019970217343960973,0.00036778458668284474
中间品进口份额,intermediate_share,1653,0.016403998214474715,0.02052449426196017,0.00033668376722619116
中间品进口份额,intermediate_share,1654,0.018369022553391335,0.016442650966551443,0.0003020354264421253
中间品进口份额,intermediate_share,1655,0.017734292565030684,0.02478342451994246,0.0004395165012000147
中间品进口份额,intermediate_share,1656,0.018102371629680432,0.019362829803139383,0.0003505131408986811
中间品进口份额,intermediate_share,1657,0.017484311284610154,0.015225442716973904,0.00026620637990957234
中间品进口份额,intermediate_share,1658,0.017515974346896723,0.018086498722083965,0.0003168026476412031
中间品进口份额,intermediate_share,1659,0.018580603631280786,0.011758777969346693,0.00021848519263666766
中间品进口份额,intermediate_share,1660,0.017586054876057976,0.016091542770098978,0.0002829867541953946
中间品进口份额,intermediate_share,1661,0.01723710412955822,0.021148327997837352,0.00036453593186477396
中间品进口份额,intermediate_share,1662,0.018595660146269986,0.02243130289057514,0.0004171248851911789
中间品进口份额,intermediate_share,1663,0.017733830124599826,0.022549873397904666,0.000399895624169674
中间品进口份额,intermediate_share,1664,0.017072113425926416,0.019703343296054766,0.0003363777116202138
中间品进口份额,intermediate_share,1665,0.017233178034409352,0.021431902840557345,0.00036933979726748824
中间品进口份额,intermediate_share,1666,0.017728143876964874,0.01793436733512372,0.00031794304445941244
中间品进口份额,intermediate_share,1667,0.017756141171956483,0.020410807224238842,0.00036241717450717414
中间品进口份额,intermediate_share,1668,0.016790509082545528,0.018930427519317918,0.0003178515151995773
中间品进口份额,intermediate_share,1669,0.017492747439484615,0.016111569071696075,0.00028183560862499104
中间品进口份额,intermediate_share,1670,0.01811689699356189,0.015388372003538797,0.00027878955048672396
中间品进口份额,intermediate_share,1671,0.0182495214296869,0.027110673235448746,0.0004947568121835609
中间品进口份额,intermediate_share,1672,0.017915123724539843,0.014774485407899808,0.0002646867340489336
中间品进口份额,intermediate_share,1673,0.01772097444463879,0.02591644345732495,0.00045926463220318165
中间品进口份额,intermediate_share,1674,0.017684380735898782,0.021483660311368585,0.0003799252285469599
中间品进口份额,intermediate_share,1675,0.018096996070918733,0.018006139824249957,0.0003258570416518648
中间品进口份额,intermediate_share,1676,0.017679869833092828,0.015946355328681758,0.00028192948652333967
中间品进口份额,intermediate_share,1677,0.017685832139652503,0.01722819503681839,0.0003046949654903644
中间品进口份额,intermediate_share,1678,0.017479525498003894,0.016790884101905976,0.0002934966867932937
中间品进口份额,intermediate_share,1679,0.01802147637409965,0.017872029242636516,0.000322080352753392
中间品进口份额,intermediate_share,1680,0.01801899094313322,0.017764705198169382,0.00032010206207324575
中间品进口份额,intermediate_share,1681,0.01825464152188258,0.01839142383150817,0.00033572884912118985
中间品进口份额,intermediate_share,1682,0.0175030629919027,0.02203177818008606,0.0003856236013096737
中间品进口份额,intermediate_share,1683,0.01678494370976999,0.02031431894870434,0.0003409747000563162
中间品进口份额,intermediate_share,1684,0.017411780746039527,0.017419513053970815,0.00030330474199851326
中间品进口份额,intermediate_share,1685,0.017287657506325427,0.016021899070916373,0.0002769811037389158
中间品进口份额,intermediate_share,1686,0.01703106213644087,0.013476446202230126,0.00022951819264858383
中间品进口份额,intermediate_share,1687,0.01811389841807962,0.02087746091219045,0.00037817220619084567
中间品进口份额,intermediate_share,1688,0.017854853490769453,0.01853092765385973,0.0003308669983077136
中间品进口份额,intermediate_share,1689,0.0172032689580533,0.019368918048452654,0.00033320870661402384
中间品进口份额,intermediate_share,1690,0.017578909485520596,0.02125433411182472,0.00037362801552677955
中间品进口份额,intermediate_share,1691,0.017327133376232918,0.013908140611358756,0.0002409882073884148
中间品进口份额,intermediate_share,1692,0.017329063913403494,0.01596167998166765,0.0002766009725676118
中间品进口份额,intermediate_share,1693,0.016593516698307557,0.01311914548620096,0.00021769275969280185
中间品进口份额,intermediate_share,1694,0.018087452916988992,0.0134274934830584,0.00024286915616799533
中间品进口份额,intermediate_share,1695,0.017810543465148675,0.016895972140588918,0.0003009264461959
中间品进口份额,intermediate_share,1696,0.01666652769386079,0.009468686477186775,0.00015781012539651854
中间品进口份额,intermediate_share,1697,0.01677024128917351,0.014788165950780679,0.000248001111218932
中间品进口份额,intermediate_share,1698,0.017719416171965548,0.01849278478639799,0.00032768134980877897
中间品进口份额,intermediate_share,1699,0.017784782192467086,0.020593111082070643,0.0003662439952599066
中间品进口份额,intermediate_share,1700,0.017383360168213086,0.017729654532564743,0.00030820097039756456
中间品进口份额,intermediate_share,1701,0.018335802520884417,0.017971593277445706,0.00032952358532089843
中间品进口份额,intermediate_share,1702,0.01734719588671595,0.018954529168983148,0.000328807930434822
中间品进口份额,intermediate_share,1703,0.01859950158746048,0.015210136013372674,0.0002829009489262149
中间品进口份额,intermediate_share,1704,0.017426320502041726,0.0218717769500683,0.0003811445950810589
中间品进口份额,intermediate_share,1705,0.01791309595698901,0.01861613838136231,0.0003334726731739291
中间品进口份额,intermediate_share,1706,0.01788925862916101,0.016244081096365225,0.00029059456792594285
中间品进口份额,intermediate_share,1707,0.017574034980205194,0.014441892561147961,0.00025380232504997947
中间品进口份额,intermediate_share,1708,0.01686610330281435,0.01862349745138312,0.0003141058318747275
中间品进口份额,intermediate_share,1709,0.018453255215807592,0.021207677755949034,0.00039135069016513316
中间品进口份额,intermediate_share,1710,0.017797792967672133,0.018134957250082517,0.0003227622146145534
中间品进口份额,intermediate_share,1711,0.01920314185829111,0.016023639074923407,0.0003077042142418107
中间品进口份额,intermediate_share,1712,0.017751786715092543,0.0171230170590799,0.0003039641467516776
中间品进口份额,intermediate_share,1713,0.01821947992556925,0.02091927948003363,0.00038113839254384546
中间品进口份额,intermediate_share,1714,0.01680921093193821,0.012773586917685218,0.00021471391685681725
中间品进口份额,intermediate_share,1715,0.017844293439232807,0.0184858581495813,0.0003298670772971619
中间品进口份额,intermediate_share,1716,0.018476594379698893,0.016581001545117983,0.0003063604399583056
中间品进口份额,intermediate_share,1717,0.01878334134425348,0.013714925195155237,0.00025761212145150304
中间品进口份额,intermediate_share,1718,0.016645036943519348,0.018483914397124518,0.00030766543800098676
中间品进口份额,intermediate_share,1719,0.01689518373989562,0.02020091667798549,0.00034129819898888675
中间品进口份额,intermediate_share,1720,0.017467107062070126,0.018721918711078,0.00032701775853377337
中间品进口份额,intermediate_share,1721,0.018775322316057573,0.01763369084018455,0.000331078229146177
中间品进口份额,intermediate_share,1722,0.017072298841792965,0.019941031549504946,0.00034043924982677027
中间品进口份额,intermediate_share,1723,0.017600380893858743,0.014134235937859407,0.0002487679361499923
中间品进口份额,intermediate_share,1724,0.017040427910899696,0.017859927816901263,0.00030434081245777814
中间品进口份额,intermediate_share,1725,0.017782512265305955,0.023054778948043052,0.0004099718894174931
中间品进口份额,intermediate_share,1726,0.017506637732567012,0.021984983404155244,0.00038488314001304373
中间品进口份额,intermediate_share,1727,0.017885831391783406,0.019020411735101002,0.00034019587729631497
中间品进口份额,intermediate_share,1728,0.017589809565121687,0.01510605867818801,0.0002657126954288809
中间品进口份额,intermediate_share,1729,0.017980410570861294,0.017820781295569126,0.00032042496438785834
中间品进口份额,intermediate_share,1730,0.017301292467215228,0.015943248389889267,0.0002758388032709325
中间品进口份额,intermediate_share,1731,0.016837045118719272,0.022376306947699202,0.000376750889668723
中间品进口份额,intermediate_share,1732,0.017429570266301986,0.01957994233815704,0.0003412699807930493
中间品进口份额,intermediate_share,1733,0.018526891043064594,0.013435311933194263,0.00024891456031587566
中间品进口份额,intermediate_share,1734,0.017366377412445035,0.01518065406309122,0.00026363296782740933
中间品进口份额,intermediate_share,1735,0.017864804831059507,0.026677617645800164,0.0004765904325998491
中间品进口份额,intermediate_share,1736,0.01775216285434569,0.018075555397888327,0.0003208802031060609
中间品进口份额,intermediate_share,1737,0.01837653728978955,0.016801851206872633,0.0003087598452405905
中间品进口份额,intermediate_share,1738,0.018031276609808456,0.017380969433512656,0.00031340106760229246
中间品进口份额,intermediate_share,1739,0.017633539789270493,0.026145039867135938,0.0004610296007892049
中间品进口份额,intermediate_share,1740,0.017207929600402905,0.013197256575982894,0.00022709746207796793
中间品进口份额,intermediate_share,1741,0.016562469518079104,0.017532527242256356,0.0002903819480247624
中间品进口份额,intermediate_share,1742,0.017908207334018236,0.020989696727677844,0.0003758878408774189
中间品进口份额,intermediate_share,1743,0.01766186530729925,0.021041089942456355,0.0003716248964824331
中间品进口份额,intermediate_share,1744,0.01743653533521083,0.014055611905960035,0.0002450811736562822
中间品进口份额,intermediate_share,1745,0.016967927286240282,0.015414029943289716,0.00026154413926567034
中间品进口份额,intermediate_share,1746,0.01694518415809364,0.025275711041859602,0.00042830157833107185
中间品进口份额,intermediate_share,1747,0.01826435004134709,0.013947417794940768,0.00025474052077971155
中间品进口份额,intermediate_share,1748,0.017107312228585685,0.020808560727113096,0.0003559785453862097
中间品进口份额,intermediate_share,1749,0.01715764370650776,0.015370732477373623,0.00026372555135482397
中间品进口份额,intermediate_share,1750,0.01769603413724515,0.012208815668015448,0.0002160476188365348
中间品进口份额,intermediate_share,1751,0.01690968451724621,0.012244135502472327,0.00020704446853322093
中间品进口份额,intermediate_share,1752,0.019362489761459874,0.020071709865829537,0.00038863827677211756
中间品进口份额,intermediate_share,1753,0.018596280871454443,0.013567688766495485,0.0002523085510782273
中间品进口份额,intermediate_share,1754,0.017378562322891478,0.019870089899536446,0.0003453135956805506
中间品进口份额,intermediate_share,1755,0.01758208629952347,0.016253932428229714,0.0002857780426597579
中间品进口份额,intermediate_share,1756,0.017261056837555397,0.017949635456011123,0.0003098296778196076
中间品进口份额,intermediate_share,1757,0.018091774138723576,0.017554304609818338,0.00031758851416318745
中间品进口份额,intermediate_share,1758,0.017174317621222117,0.012257145288063305,0.00021050810630666525
中间品进口份额,intermediate_share,1759,0.01673062401064053,0.01866817158149985,0.0003123301596961986
中间品进口份额,intermediate_share,1760,0.019059433631633007,0.015780511808003248,0.0003007676174778389
中间品进口份额,intermediate_share,1761,0.01795272845375209,0.02069674869898494,0.00037156310926842346
中间品进口份额,intermediate_share,1762,0.017872810802198796,0.009932311148462766,0.00017751831798504486
中间品进口份额,intermediate_share,1763,0.016842006075334075,0.01668689311203937,0.0002810407551714174
中间品进口份额,intermediate_share,1764,0.01718739639591119,0.01465522925960909,0.0002518852345578575
中间品进口份额,intermediate_share,1765,0.01726748975730492,0.02570713418660001,0.00044389767625677883
中间品进口份额,intermediate_share,1766,0.017885326103865062,0.018301128724259718,0.00032732165530219705
中间品进口份额,intermediate_share,1767,0.018275175282755834,0.014385782309289942,0.0002629026932818417
中间品进口份额,intermediate_share,1768,0.017812566415101427,0.01564735096962187,0.00027871947836679125
中间品进口份额,intermediate_share,1769,0.017546241846275394,0.020866478072892557,0.0003661282707469753
中间品进口份额,intermediate_share,1770,0.018536176071090135,0.01800319869277474,0.0003337104608120923
中间品进口份额,intermediate_share,1771,0.017629369900601738,0.011861356135242472,0.00020910823483096138
中间品进口份额,intermediate_share,1772,0.017326834363227017,0.015742617774495336,0.00027276973062227423
中间品进口份额,intermediate_share,1773,0.016814041758028846,0.01613218954995589,0.00027124730874139493
中间品进口份额,intermediate_share,1774,0.01705985321898712,0.015131840195844215,0.00025814697267427164
中间品进口份额,intermediate_share,1775,0.018285793564330778,0.01771108198226962,0.0003238611889287206
中间品进口份额,intermediate_share,1776,0.017467478136970655,0.023482066397208526,0.0004101724814041332
中间品进口份额,intermediate_share,1777,0.01782296166049118,0.019739728687351375,0.00035182042758316145
中间品进口份额,intermediate_share,1778,0.017847356264262842,0.017215894031191288,0.0003072581941824671
中间品进口份额,intermediate_share,1779,0.017901067976622637,0.02276618970121018,0.0004075391094100496
中间品进口份额,intermediate_share,1780,0.017615760931643003,0.021370828635080972,0.00037646340814669694
中间品进口份额,intermediate_share,1781,0.01838101986018896,0.01907507851007872,0.0003506193969284206
中间品进口份额,intermediate_share,1782,0.017852421766281837,0.010549523178517775,0.00018833453721606549
中间品进口份额,intermediate_share,1783,0.01635484323549987,0.02046285170464291,0.0003346667317807161
中间品进口份额,intermediate_share,1784,0.01718935293210523,0.016327184587876117,0.0002806537382686317
中间品进口份额,intermediate_share,1785,0.017849813887381296,0.023225269787962494,0.00041456674319935015
中间品进口份额,intermediate_share,1786,0.0184387215719848,0.01686525710487927,0.00031097377999680736
中间品进口份额,intermediate_share,1787,0.018000684113615703,0.021496118741394156,0.00038694484313261056
中间品进口份额,intermediate_share,1788,0.017722412574232856,0.01649297789769989,0.0002922953588807411
中间品进口份额,intermediate_share,1789,0.017504609943242735,0.017314030697606626,0.0003030753539069349
中间品进口份额,intermediate_share,1790,0.017510395910070555,0.02133071168856573,0.00037350920671035554
中间品进口份额,intermediate_share,1791,0.01666366938707308,0.023737602211227886,0.0003955555552897564
中间品进口份额,intermediate_share,1792,0.018338157658909577,0.025372268813586004,0.0004652806656677748
中间品进口份额,intermediate_share,1793,0.018685144038906885,0.02150996123573594,0.00040191672396102957
中间品进口份额,intermediate_share,1794,0.0178850533425635,0.01706098119761005,0.0003051365587957286
中间品进口份额,intermediate_share,1795,0.01769063736596793,0.019562012584076083,0.00034606447077339123
中间品进口份额,intermediate_share,1796,0.01776616472826098,0.021931600334985122,0.00038964042430572935
中间品进口份额,intermediate_share,1797,0.01722576996429958,0.019160944487933,0.0003300620220478478
中间品进口份额,intermediate_share,1798,0.01725017003895492,0.022005616227188707,0.00037960062173099087
中间品进口份额,intermediate_share,1799,0.018596587615829375,0.01571785432850879,0.0002922984551529567
中间品进口份额,intermediate_share,1800,0.018378709388459844,0.02321640238727365,0.0004266875125212478
中间品进口份额,intermediate_share,1801,0.017627375503476612,0.020826913237366473,0.00036712382021338654
中间品进口份额,intermediate_share,1802,0.017049425376223188,0.019247286091205806,0.0003281551679068319
中间品进口份额,intermediate_share,1803,0.01738404127377939,0.02224215032822553,0.0003866584593234784
中间品进口份额,intermediate_share,1804,0.01841097001499541,0.016755781290380623,0.00030849018691501875
中间品进口份额,intermediate_share,1805,0.01722023916450943,0.016533458650492147,0.00028471011217800205
中间品进口份额,intermediate_share,1806,0.016706058091784663,0.02277069285739677,0.0003804085176658565
中间品进口份额,intermediate_share,1807,0.017713041598953608,0.020549204672481523,0.00036398891718907706
中间品进口份额,intermediate_share,1808,0.01668448021702458,0.016405295275884475,0.00027371382448494134
中间品进口份额,intermediate_share,1809,0.016814900533411194,0.0169302257933161,0.00028468006272280285
中间品进口份额,intermediate_share,1810,0.017234779268654476,0.018989802541629314,0.000327285055160315
中间品进口份额,intermediate_share,1811,0.018479264025370857,0.01410586909399053,0.0002606660792951698
中间品进口份额,intermediate_share,1812,0.017719347884371458,0.021582655563044027,0.0003824305821901421
中间品进口份额,intermediate_share,1813,0.01875077182033836,0.018618139120225707,0.0003491044783626674
中间品进口份额,intermediate_share,1814,0.017649628139024983,0.01858660106278128,0.00032804659712649617
中间品进口份额,intermediate_share,1815,0.01735033399616608,0.019272125040897932,0.000334377806275455
中间品进口份额,intermediate_share,1816,0.017528853165545873,0.013358371647005061,0.00023415693513114292
中间品进口份额,intermediate_share,1817,0.017415596972440193,0.017851256740681255,0.00031089029284726106
中间品进口份额,intermediate_share,1818,0.01660900488858172,0.019854757835582,0.00032976776995278763
中间品进口份额,intermediate_share,1819,0.018192903819244495,0.021145673666688142,0.00038470120721118846
中间品进口份额,intermediate_share,1820,0.01784499721423664,0.011670013474067186,0.00020825135793483299
中间品进口份额,intermediate_share,1821,0.01784611673466933,0.01659391702033228,0.00029613698023026616
中间品进口份额,intermediate_share,1822,0.01800625061251766,0.024004542111887708,0.000432231801105384
中间品进口份额,intermediate_share,1823,0.01727757818354464,0.022797678863173437,0.00039388867896182216
中间品进口份额,intermediate_share,1824,0.017321338871969127,0.01340528792637502,0.00023219753484905807
中间品进口份额,intermediate_share,1825,0.018252612037598117,0.013683865822163625,0.00024976629402650123
中间品进口份额,intermediate_share,1826,0.016571551820429135,0.014544302833476932,0.00024102166809697727
中间品进口份额,intermediate_share,1827,0.017313019272689984,0.01884379099319567,0.0003262429166357386
中间品进口份额,intermediate_share,1828,0.01781839300621787,0.02022123805902279,0.00036030996680795824
中间品进口份额,intermediate_share,1829,0.017455418337729144,0.012670074931529047,0.00022116145830021445
中间品进口份额,intermediate_share,1830,0.018412601442411938,0.014383537856007184,0.00026483834987450457
中间品进口份额,intermediate_share,1831,0.017546937670415735,0.017191787690615978,0.00030166322705025905
中间品进口份额,intermediate_share,1832,0.0172364681252137,0.023312559979821373,0.0004018261970093236
中间品进口份额,intermediate_share,1833,0.017681484927218945,0.022272403752243805,0.0003938091712382335
中间品进口份额,intermediate_share,1834,0.017151556321726436,0.019130844757391234,0.00032812376133860066
中间品进口份额,intermediate_share,1835,0.018445385213664674,0.015606257259698643,0.0002878634268986923
中间品进口份额,intermediate_share,1836,0.017272543370722464,0.018605010969527817,0.0003213558588839364
中间品进口份额,intermediate_share,1837,0.017395057425978248,0.02631832104764627,0.0004578087059791389
中间品进口份额,intermediate_share,1838,0.01769868924523416,0.018943723253804442,0.0003352790710168009
中间品进口份额,intermediate_share,1839,0.017482040389109037,0.021795862702120476,0.0003810361520739454
中间品进口份额,intermediate_share,1840,0.017974431289104115,0.016590566270813813,0.0002982059934820712
中间品进口份额,intermediate_share,1841,0.018137314289765755,0.01123120924303398,0.00020370397189502945
中间品进口份额,intermediate_share,1842,0.018080729461944424,0.018046030477639575,0.0003262853949282049
中间品进口份额,intermediate_share,1843,0.018051004937867546,0.01814914681878451,0.00032761033884396226
中间品进口份额,intermediate_share,1844,0.01726156791598061,0.01885835209286381,0.0003255247254344437
中间品进口份额,intermediate_share,1845,0.016877109178615856,0.013457372640820656,0.00022712154731644818
中间品进口份额,intermediate_share,1846,0.01703200512771067,0.015613186979802955,0.0002659238806999094
中间品进口份额,intermediate_share,1847,0.017615457768921094,0.020435244656183783,0.0003599761892385759
中间品进口份额,intermediate_share,1848,0.01725851929250086,0.017088538654509627,0.0002949228740495011
中间品进口份额,intermediate_share,1849,0.01706178285415158,0.016534738030417766,0.0002821121098252699
中间品进口份额,intermediate_share,1850,0.017721485461777355,0.018819538219771566,0.00033351017295904506
中间品进口份额,intermediate_share,1851,0.01784187449398349,0.017427631024954635,0.00031094160547469346
中间品进口份额,intermediate_share,1852,0.017268737062190932,0.019605940670664995,0.00033856983429862914
中间品进口份额,intermediate_share,1853,0.01828097834541325,0.01686602919389575,0.0003083275144667159
中间品进口份额,intermediate_share,1854,0.016547136036108617,0.012547013838128594,0.00020761714482645113
中间品进口份额,intermediate_share,1855,0.01838421833616717,0.015448731379040603,0.0002840128506890794
中间品进口份额,intermediate_share,1856,0.017418788876737663,0.021624088319992473,0.0003766654290978777
中间品进口份额,intermediate_share,1857,0.01752766939880656,0.02159572534328205,0.0003785227342444761
中间品进口份额,intermediate_share,1858,0.017456759660357507,0.015336067396482706,0.00026771804267544327
中间品进口份额,intermediate_share,1859,0.01797657153412777,0.01553451900352277,0.00027925739211509434
中间品进口份额,intermediate_share,1860,0.017552275686853355,0.01711425623648313,0.0003003941436382012
中间品进口份额,intermediate_share,1861,0.017967812284109493,0.023195963900272683,0.0004167807251090798
中间品进口份额,intermediate_share,1862,0.01754467164660645,0.019879306152394673,0.00034877589900612796
中间品进口份额,intermediate_share,1863,0.016951303384615347,0.01682184894164122,0.0002851522648999309
中间品进口份额,intermediate_share,1864,0.01773015621043358,0.021622005304685662,0.0003833615316349003
中间品进口份额,intermediate_share,1865,0.017501729588534642,0.018818475308453524,0.0003293558661170696
中间品进口份额,intermediate_share,1866,0.01861413606603771,0.02185978810993727,0.0004069010702531256
中间品进口份额,intermediate_share,1867,0.018539630872146655,0.024320247362758646,0.00045088840882484343
中间品进口份额,intermediate_share,1868,0.017698217797738995,0.013271366677330898,0.00023487953792905792
中间品进口份额,intermediate_share,1869,0.01747514076626525,0.015808553132172238,0.0002762566912956933
中间品进口份额,intermediate_share,1870,0.018249657621488967,0.016862902342151913,0.0003077421942488768
中间品进口份额,intermediate_share,1871,0.01696343413663681,0.01576196377574286,0.0002673770343738692
中间品进口份额,intermediate_share,1872,0.01757164902357884,0.012001448974649935,0.00021088524915693877
中间品进口份额,intermediate_share,1873,0.01856040722130299,0.015005844078611328,0.00027851457679840445
中间品进口份额,intermediate_share,1874,0.0174662798359885,0.018572595671866494,0.000324394153285489
中间品进口份额,intermediate_share,1875,0.016897758224997533,0.014364443900292113,0.00024272690006367669
中间品进口份额,intermediate_share,1876,0.01761779208265478,0.015312423881212222,0.0002697711002206746
中间品进口份额,intermediate_share,1877,0.017308057500624457,0.019057557047142498,0.0003298492931933732
中间品进口份额,intermediate_share,1878,0.017530601258019897,0.024592058561853227,0.00043111357276172315
中间品进口份额,intermediate_share,1879,0.0181393474560816,0.014744755945132316,0.00026746025124387994
中间品进口份额,intermediate_share,1880,0.01746180561846389,0.01567896070532846,0.0002737829641359791
中间品进口份额,intermediate_share,1881,0.017298146040730225,0.016767496889526078,0.0002900466099325119
中间品进口份额,intermediate_share,1882,0.01717454398314175,0.02217837376162896,0.0003809034556436535
中间品进口份额,intermediate_share,1883,0.0181335252320853,0.019682092036292346,0.0003569057125603324
中间品进口份额,intermediate_share,1884,0.017448187224724573,0.016557035911855846,0.00028889026247654916
中间品进口份额,intermediate_share,1885,0.017125542133624123,0.023713820940968484,0.0004061120396737738
中间品进口份额,intermediate_share,1886,0.01769149956550865,0.023661007847837832,0.00041859871005951976
中间品进口份额,intermediate_share,1887,0.017468602044705895,0.019206038295470476,0.00033550263983895526
中间品进口份额,intermediate_share,1888,0.017833322588273703,0.01724769932099461,0.0003075837858968462
中间品进口份额,intermediate_share,1889,0.01704573675103015,0.013436548308376716,0.000229035865307089
中间品进口份额,intermediate_share,1890,0.01829340032149005,0.020004342750735045,0.00036594745010749363
中间品进口份额,intermediate_share,1891,0.01769871914241399,0.01943148267720372,0.0003439123544245113
中间品进口份额,intermediate_share,1892,0.016675730861584952,0.023794049919731844,0.0003967831725685653
中间品进口份额,intermediate_share,1893,0.01677236191856584,0.013241807587586606,0.0002220963893150138
中间品进口份额,intermediate_share,1894,0.017973391135325523,0.020387239273628538,0.00036642782563439555
中间品进口份额,intermediate_share,1895,0.018207314267304417,0.017807633294110215,0.00032422917574277807
中间品进口份额,intermediate_share,1896,0.018205348665817623,0.013730183848544263,0.000249962784208526
中间品进口份额,intermediate_share,1897,0.01762476038476916,0.016015023519804668,0.00028226095209299965
中间品进口份额,intermediate_share,1898,0.017557206482562263,0.016079755777735585,0.00028231559237887723
中间品进口份额,intermediate_share,1899,0.01738730604343878,0.013888672285203393,0.00024148659555985763
中间品进口份额,intermediate_share,1900,0.016339974862750375,0.016412979249337767,0.00026818766835702264
中间品进口份额,intermediate_share,1901,0.0171007701463157,0.017879641384907153,0.00030575563762185094
中间品进口份额,intermediate_share,1902,0.01744195327880477,0.01910211143170382,0.00033317813511830055
中间品进口份额,intermediate_share,1903,0.016636019723230866,0.013582496869235699,0.00022595868580732657
中间品进口份额,intermediate_share,1904,0.018213313056041184,0.01442698293719553,0.0002627631566893067
中间品进口份额,intermediate_share,1905,0.017893702810681388,0.019783112662548948,0.00035399313865387867
中间品进口份额,intermediate_share,1906,0.01737229601626826,0.019418158693226543,0.0003373380009096044
中间品进口份额,intermediate_share,1907,0.01786271680885008,0.019597113734693226,0.00035005769291365145
中间品进口份额,intermediate_share,1908,0.018388227571114538,0.022081756282457305,0.0004060443596917131
中间品进口份额,intermediate_share,1909,0.017563066113091073,0.018446482634457955,0.0003239767940629715
中间品进口份额,intermediate_share,1910,0.017674547688700262,0.006487856371564167,0.00011466992683664871
中间品进口份额,intermediate_share,1911,0.01834935316101822,0.015141128111721452,0.00027782990697819784
中间品进口份额,intermediate_share,1912,0.01730017848426854,0.014783695218324538,0.0002557605659340419
中间品进口份额,intermediate_share,1913,0.017115907668928308,0.014982410216476182,0.00025643754992321453
中间品进口份额,intermediate_share,1914,0.01796428409146947,0.013274798923397132,0.00023847225911703918
中间品进口份额,intermediate_share,1915,0.018345820861050802,0.01932881858785855,0.0003546030432686019
中间品进口份额,intermediate_share,1916,0.017552113040457798,0.014377274021076867,0.00025235153883157837
中间品进口份额,intermediate_share,1917,0.017811430062482318,0.02496972338400426,0.0004447464817337212
中间品进口份额,intermediate_share,1918,0.016554286459838054,0.011412260682818687,0.0001889218324977276
中间品进口份额,intermediate_share,1919,0.016368408233866295,0.018565614408659958,0.0003038895557534964
中间品进口份额,intermediate_share,1920,0.01765619160471388,0.022496248385878072,0.0003971980718882986
中间品进口份额,intermediate_share,1921,0.016336386640464363,0.018761150941012952,0.0003064894155924994
中间品进口份额,intermediate_share,1922,0.017556434675336335,0.015786258817545196,0.00027715042169818444
中间品进口份额,intermediate_share,1923,0.01735797267570912,0.015561489191725151,0.00027011590418330795
中间品进口份额,intermediate_share,1924,0.01841412546206919,0.02216454651324146,0.00040814074030469643
中间品进口份额,intermediate_share,1925,0.018185471771073408,0.02040994472044232,0.00037116447356277255
中间品进口份额,intermediate_share,1926,0.016893241845752277,0.021179326103273485,0.00035778747799265314
中间品进口份额,intermediate_share,1927,0.017939650555270303,0.013609539253136496,0.00024415037841950314
中间品进口份额,intermediate_share,1928,0.0175327210183148,0.02170404271259897,0.0003805309258495861
中间品进口份额,intermediate_share,1929,0.017081326686318437,0.021252475906226996,0.0003630204838473748
中间品进口份额,intermediate_share,1930,0.018367395854323676,0.02814191259452112,0.0005168936487213465
中间品进口份额,intermediate_share,1931,0.01759906715944925,0.016822667148794004,0.00029606324895268627
中间品进口份额,intermediate_share,1932,0.017159725399985424,0.01925779384745508,0.00033045845423185796
中间品进口份额,intermediate_share,1933,0.018302540015919872,0.01974260252936333,0.0003613397728120732
中间品进口份额,intermediate_share,1934,0.017810624244086602,0.012740271226556249,0.00022691218358394168
中间品进口份额,intermediate_share,1935,0.015954045054236043,0.01975551255224642,0.0003151803373280651
中间品进口份额,intermediate_share,1936,0.017676556501570243,0.018222501953189543,0.00032211108537552905
中间品进口份额,intermediate_share,1937,0.018215758708143126,0.01589604930344881,0.00028955859852437013
中间品进口份额,intermediate_share,1938,0.017810569435066412,0.01938495925072146,0.00034525716273090754
中间品进口份额,intermediate_share,1939,0.01690671482625693,0.018336116420175318,0.0003100034913369512
中间品进口份额,intermediate_share,1940,0.017232782328831582,0.019713626448092065,0.00033972063349186786
中间品进口份额,intermediate_share,1941,0.017453316232383054,0.014108114031360265,0.00024623337563185125
中间品进口份额,intermediate_share,1942,0.017860528832610703,0.017807281221923342,0.000318047459694569
中间品进口份额,intermediate_share,1943,0.017751324847838444,0.018861433481639402,0.0003348154328284775
中间品进口份额,intermediate_share,1944,0.01717891509791906,0.01652680996920027,0.00028391266530033375
中间品进口份额,intermediate_share,1945,0.01771386124358907,0.01983664707820673,0.0003513836138814006
中间品进口份额,intermediate_share,1946,0.018435715403704724,0.016128197088284713,0.0002973348514944762
中间品进口份额,intermediate_share,1947,0.017741890532924784,0.014452242348558183,0.00025641010170341906
中间品进口份额,intermediate_share,1948,0.017024352328063576,0.01683316590368107,0.00028657374714101326
中间品进口份额,intermediate_share,1949,0.01789815205678872,0.020025206541341472,0.0003584141916455298
中间品进口份额,intermediate_share,1950,0.017320738228264163,0.019412494387615508,0.0003362387336455354
中间品进口份额,intermediate_share,1951,0.01753051390873402,0.017362322505629763,0.00030437043617286826
中间品进口份额,intermediate_share,1952,0.01771973609791166,0.019302301562338912,0.0003420316897669535
中间品进口份额,intermediate_share,1953,0.017900145102719974,0.015982607271166384,0.0002860909892736656
中间品进口份额,intermediate_share,1954,0.01727060814483357,0.017600829651889062,0.0003039770319417434
中间品进口份额,intermediate_share,1955,0.016827203078124284,0.012620592846344026,0.0002123692787917535
中间品进口份额,intermediate_share,1956,0.018419212845641936,0.014841578514253639,0.00027337019361934397
中间品进口份额,intermediate_share,1957,0.017588770525024496,0.018283351159627766,0.0003215816679751333
中间品进口份额,intermediate_share,1958,0.017585923007088732,0.01925660853795118,0.000338645235126057
中间品进口份额,intermediate_share,1959,0.017293285010983154,0.015427187260106596,0.00026678674620683165
中间品进口份额,intermediate_share,1960,0.017236680644639103,0.020159472453618932,0.0003474823886474286
中间品进口份额,intermediate_share,1961,0.01778376540990528,0.014797960578672897,0.00026316345947614497
中间品进口份额,intermediate_share,1962,0.01775340053392742,0.016039458528112532,0.00028475493159689974
中间品进口份额,intermediate_share,1963,0.01673062753794657,0.0166832326466788,0.0002791209515404936
中间品进口份额,intermediate_share,1964,0.01760219405118787,0.01800088050563152,0.00031685499175237086
中间品进口份额,intermediate_share,1965,0.017615298865027874,0.022132559099404616,0.0003898716431839045
中间品进口份额,intermediate_share,1966,0.01790075275645393,0.01761130609563335,0.00031525563613616253
中间品进口份额,intermediate_share,1967,0.01850139674355799,0.01831583788758827,0.0003388685834489617
中间品进口份额,intermediate_share,1968,0.017966112211484673,0.014445906074476968,0.0002595367695306213
中间品进口份额,intermediate_share,1969,0.017419394975599724,0.022611419848947146,0.0003938772533079258
中间品进口份额,intermediate_share,1970,0.018176522610270567,0.018752322345745816,0.0003408520111125308
中间品进口份额,intermediate_share,1971,0.01737844838921121,0.015289815528243423,0.00026571327003813844
中间品进口份额,intermediate_share,1972,0.018024200068253275,0.014633293290100786,0.0002637534059182048
中间品进口份额,intermediate_share,1973,0.017791709656251268,0.020074599996427727,0.00035716145460182487
中间品进口份额,intermediate_share,1974,0.017029259125773574,0.021053917656755138,0.0003585326193895828
中间品进口份额,intermediate_share,1975,0.018198047116021514,0.016221784427693772,0.00029520479732111536
中间品进口份额,intermediate_share,1976,0.018408265481075842,0.017026032770611967,0.00031341973133092236
中间品进口份额,intermediate_share,1977,0.01651832072878946,0.015102743101879833,0.00024947195444136364
中间品进口份额,intermediate_share,1978,0.017460282044107205,0.02051353144180212,0.00035817204469452616
中间品进口份额,intermediate_share,1979,0.017178794935324353,0.021849711660648367,0.0003753517160142436
中间品进口份额,intermediate_share,1980,0.017400634421387364,0.015280443434406358,0.0002658894099987938
中间品进口份额,intermediate_share,1981,0.01742018762395002,0.017253932964206294,0.00030056674948752976
中间品进口份额,intermediate_share,1982,0.016972286016975355,0.024500787044111676,0.00041583436535366753
中间品进口份额,intermediate_share,1983,0.018367203437141648,0.022371501190242633,0.00041090191355544297
中间品进口份额,intermediate_share,1984,0.018452055807770297,0.016899194010673864,0.00031182487099129167
中间品进口份额,intermediate_share,1985,0.017312624437144646,0.014537859267865206,0.0002516884976246129
中间品进口份额,intermediate_share,1986,0.017720620328635098,0.011949088713762877,0.00021174526436977065
中间品进口份额,intermediate_share,1987,0.01737099813768743,0.018322909256302963,0.0003182872225682545
中间品进口份额,intermediate_share,1988,0.017118241176515815,0.01095284613672624,0.0001874934617377493
中间品进口份额,intermediate_share,1989,0.01833731943089539,0.017770619584588802,0.0003258655278075304
中间品进口份额,intermediate_share,1990,0.018208949880516488,0.018292091920881125,0.000333079784997125
中间品进口份额,intermediate_share,1991,0.01753888107880407,0.02073847029955446,0.0003637295643401959
中间品进口份额,intermediate_share,1992,0.017601367526044652,0.027440995852931294,0.00048299905328811086
中间品进口份额,intermediate_share,1993,0.017170400958187036,0.018152373573392437,0.00031168353259794653
中间品进口份额,intermediate_share,1994,0.017824427179217672,0.013911166309374447,0.00024795857085943107
中间品进口份额,intermediate_share,1995,0.017390187576895172,0.015867276498268693,0.00027593491463935295
中间品进口份额,intermediate_share,1996,0.016758616009634214,0.016207614117293198,0.0002716171814240433
中间品进口份额,intermediate_share,1997,0.01750708359659156,0.019031350359517533,0.0003331834417000963
中间品进口份额,intermediate_share,1998,0.018159179301510803,0.020899536979027102,0.0003795184393207086
中间品进口份额,intermediate_share,1999,0.016158170963664124,0.023058335120905733,0.0003725805210210557
中间品进口份额,intermediate_share,2000,0.018021787357731318,0.017493143126240385,0.00031525770563946347
单一伙伴来源份额（来源集中度）,source_share,1,-0.012594829636114857,-2.2238814903085227,0.028009408501345055
单一伙伴来源份额（来源集中度）,source_share,2,-0.012629239900560987,-1.8095013945190859,0.022852627211781187
单一伙伴来源份额（来源集中度）,source_share,3,-0.01272722639700172,-1.9621627568396034,0.024972889634062665
单一伙伴来源份额（来源集中度）,source_share,4,-0.012837648647491519,-2.0810180740295037,0.026715378863470262
单一伙伴来源份额（来源集中度）,source_share,5,-0.012546436173476137,-2.0632884269475227,0.025886916556169075
单一伙伴来源份额（来源集中度）,source_share,6,-0.012864440960455187,-1.9598763111387882,0.02521271309443964
单一伙伴来源份额（来源集中度）,source_share,7,-0.01281103921013511,-2.1473317163951067,0.02750955081590444
单一伙伴来源份额（来源集中度）,source_share,8,-0.012774731793211865,-2.1339015559067644,0.02726002004982641
单一伙伴来源份额（来源集中度）,source_share,9,-0.012671914673639989,-2.1136189720880454,0.026783599266886372
单一伙伴来源份额（来源集中度）,source_share,10,-0.012613593733033638,-2.165134315993362,0.027310124639389942
单一伙伴来源份额（来源集中度）,source_share,11,-0.01247247556521108,-1.978116041055443,0.02467200398721609
单一伙伴来源份额（来源集中度）,source_share,12,-0.012604906279919928,-2.294591019563614,0.028923104752345268
单一伙伴来源份额（来源集中度）,source_share,13,-0.012593022114423725,-2.158033804011559,0.027176167417591518
单一伙伴来源份额（来源集中度）,source_share,14,-0.012572521415560804,-2.1857467237495265,0.027480347493332787
单一伙伴来源份额（来源集中度）,source_share,15,-0.012606159334540297,-2.028596841053525,0.02557281500386585
单一伙伴来源份额（来源集中度）,source_share,16,-0.012514280327461635,-2.423899183669809,0.030333353869949408
单一伙伴来源份额（来源集中度）,source_share,17,-0.012709604228043328,-2.023781220654118,0.025721458358660267
单一伙伴来源份额（来源集中度）,source_share,18,-0.012640703168965478,-1.969045139801538,0.024890115138525376
单一伙伴来源份额（来源集中度）,source_share,19,-0.012863467989612019,-2.293974670395225,0.02950846974160976
单一伙伴来源份额（来源集中度）,source_share,20,-0.012658641291774906,-2.321953725631239,0.02939277930886618
单一伙伴来源份额（来源集中度）,source_share,21,-0.012639622253167703,-2.065475129178454,0.026106825406128423
单一伙伴来源份额（来源集中度）,source_share,22,-0.012671785539027255,-2.070727053099039,0.026239809126732926
单一伙伴来源份额（来源集中度）,source_share,23,-0.012691233472389788,-2.1342234284504538,0.027085927812708892
单一伙伴来源份额（来源集中度）,source_share,24,-0.012648036186229712,-2.066453902118965,0.02613658373117626
单一伙伴来源份额（来源集中度）,source_share,25,-0.012687827020410344,-2.318677868161818,0.029418983707290968
单一伙伴来源份额（来源集中度）,source_share,26,-0.01273585722378487,-1.9151770656465417,0.024391421666341617
单一伙伴来源份额（来源集中度）,source_share,27,-0.012605118620692461,-2.19220782072902,0.027633039621499014
单一伙伴来源份额（来源集中度）,source_share,28,-0.012623274165077041,-2.026425464134582,0.02558012420886432
单一伙伴来源份额（来源集中度）,source_share,29,-0.012628518765066338,-2.1254006370528313,0.02684066182830563
单一伙伴来源份额（来源集中度）,source_share,30,-0.012420291254831978,-2.4891804311946637,0.030916345941265976
单一伙伴来源份额（来源集中度）,source_share,31,-0.012585578380465718,-2.096302941139065,0.026383184974906514
单一伙伴来源份额（来源集中度）,source_share,32,-0.012502230093986464,-2.2052009863690465,0.027569930135071728
单一伙伴来源份额（来源集中度）,source_share,33,-0.012694845137457776,-2.0344253372183783,0.025826714599707624
单一伙伴来源份额（来源集中度）,source_share,34,-0.012660178277621417,-2.2812607534839247,0.028881167836847448
单一伙伴来源份额（来源集中度）,source_share,35,-0.012857371327165877,-2.2110072372469323,0.02842774105633495
单一伙伴来源份额（来源集中度）,source_share,36,-0.012771645260756814,-2.096334462574595,0.02677364010390201
单一伙伴来源份额（来源集中度）,source_share,37,-0.012642797706343106,-2.1648898842928705,0.027370264863623296
单一伙伴来源份额（来源集中度）,source_share,38,-0.012706094388105525,-2.3331448887084445,0.029645159177055454
单一伙伴来源份额（来源集中度）,source_share,39,-0.012796160044779962,-2.05953651514049,0.026354158865806096
单一伙伴来源份额（来源集中度）,source_share,40,-0.0126327716562731,-2.0416946717770057,0.025792262580388366
单一伙伴来源份额（来源集中度）,source_share,41,-0.012952969274292497,-2.1518050719754065,0.027872264981564195
单一伙伴来源份额（来源集中度）,source_share,42,-0.012750511443740564,-1.9865368348075771,0.025329360645626173
单一伙伴来源份额（来源集中度）,source_share,43,-0.012558830983359045,-2.0340253197999134,0.025544980207239942
单一伙伴来源份额（来源集中度）,source_share,44,-0.012672588617001644,-2.180891065021646,0.027637535285513905
单一伙伴来源份额（来源集中度）,source_share,45,-0.012984895222850146,-2.244916458826087,0.02915000500190852
单一伙伴来源份额（来源集中度）,source_share,46,-0.012557878167391462,-2.297836320547457,0.028855948562042037
单一伙伴来源份额（来源集中度）,source_share,47,-0.012581684328733966,-2.0202679150857024,0.025418373167077825
单一伙伴来源份额（来源集中度）,source_share,48,-0.01256242911061829,-2.2993174477603566,0.028885012440297255
单一伙伴来源份额（来源集中度）,source_share,49,-0.012639357695500505,-2.258906057811343,0.028551121665210503
单一伙伴来源份额（来源集中度）,source_share,50,-0.012686821156045885,-2.1195889443650056,0.026890845861490917
单一伙伴来源份额（来源集中度）,source_share,51,-0.012717694917712324,-2.0346881147503155,0.025876542696089758
单一伙伴来源份额（来源集中度）,source_share,52,-0.012652464636236361,-2.43176300398083,0.030767795411575354
单一伙伴来源份额（来源集中度）,source_share,53,-0.012633147832900002,-2.178911032785128,0.027526505191911348
单一伙伴来源份额（来源集中度）,source_share,54,-0.012568332441688953,-2.039683272910543,0.02563541744969188
单一伙伴来源份额（来源集中度）,source_share,55,-0.012786069566908321,-2.0836602380684424,0.02664182475774386
单一伙伴来源份额（来源集中度）,source_share,56,-0.012612195570875185,-2.1788119658387477,0.02747960262532131
单一伙伴来源份额（来源集中度）,source_share,57,-0.0127669639653283,-2.1276100597945193,0.027163120965666615
单一伙伴来源份额（来源集中度）,source_share,58,-0.012758850459999683,-2.082020283262381,0.0265641854488309
单一伙伴来源份额（来源集中度）,source_share,59,-0.01269346827555158,-2.115793973474452,0.02685676367990118
单一伙伴来源份额（来源集中度）,source_share,60,-0.012706679088635705,-2.1873486729025116,0.027793937641525403
单一伙伴来源份额（来源集中度）,source_share,61,-0.012519592018075254,-2.25927207584186,0.028285164647370062
单一伙伴来源份额（来源集中度）,source_share,62,-0.012601450724261717,-2.2425298805467997,0.02825912978739501
单一伙伴来源份额（来源集中度）,source_share,63,-0.012756860243557268,-2.015628073316393,0.025713085634287827
单一伙伴来源份额（来源集中度）,source_share,64,-0.012617774621629736,-2.1244734055605794,0.026806126621009577
单一伙伴来源份额（来源集中度）,source_share,65,-0.012619067656967083,-2.076680445783604,0.026205771047243857
单一伙伴来源份额（来源集中度）,source_share,66,-0.012565646812523848,-2.1918954090512703,0.027542583560130753
单一伙伴来源份额（来源集中度）,source_share,67,-0.01296268653430186,-1.9583720324084717,0.025385762773654664
单一伙伴来源份额（来源集中度）,source_share,68,-0.012706174958332957,-1.992214745023912,0.02531342910484451
单一伙伴来源份额（来源集中度）,source_share,69,-0.012773468871296196,-2.030449264459664,0.025935880474321774
单一伙伴来源份额（来源集中度）,source_share,70,-0.012766375758092469,-2.247294171453019,0.028689801831740323
单一伙伴来源份额（来源集中度）,source_share,71,-0.012680440020055049,-2.1404965841984898,0.027142438549061662
单一伙伴来源份额（来源集中度）,source_share,72,-0.01273626929046268,-2.3168266131869752,0.02950772764485993
单一伙伴来源份额（来源集中度）,source_share,73,-0.012884390958392443,-2.3079244857266557,0.02973620137654905
单一伙伴来源份额（来源集中度）,source_share,74,-0.01277191156727423,-2.40655898211252,0.030736358500970593
单一伙伴来源份额（来源集中度）,source_share,75,-0.012642392468609945,-2.0395267697012813,0.02578449787279985
单一伙伴来源份额（来源集中度）,source_share,76,-0.012563184672799333,-2.1025481380020183,0.026414700541169733
单一伙伴来源份额（来源集中度）,source_share,77,-0.012522863796453492,-2.341461241462641,0.029321800211511553
单一伙伴来源份额（来源集中度）,source_share,78,-0.012784064877368974,-2.1671380639191966,0.0277048336073588
单一伙伴来源份额（来源集中度）,source_share,79,-0.012792023371356077,-2.038107490816146,0.02607151865585603
单一伙伴来源份额（来源集中度）,source_share,80,-0.01252272664361666,-1.7107644264758923,0.02142343526438123
单一伙伴来源份额（来源集中度）,source_share,81,-0.012673233538234048,-1.8699683702289618,0.02369854586502254
单一伙伴来源份额（来源集中度）,source_share,82,-0.012815363805677334,-2.1286909616493848,0.027279949103394003
单一伙伴来源份额（来源集中度）,source_share,83,-0.012822757785296205,-2.2292969108955103,0.028585734319922187
单一伙伴来源份额（来源集中度）,source_share,84,-0.012703121446183853,-2.299784136796855,0.029214437189737548
单一伙伴来源份额（来源集中度）,source_share,85,-0.012557903046925492,-2.2639721194528954,0.02843074237703188
单一伙伴来源份额（来源集中度）,source_share,86,-0.01272076155003314,-1.9337410456612238,0.024598658741368174
单一伙伴来源份额（来源集中度）,source_share,87,-0.01273974353521553,-2.085620656997971,0.02657027228190187
单一伙伴来源份额（来源集中度）,source_share,88,-0.012730030756838064,-1.8942522185175172,0.024113889002936734
单一伙伴来源份额（来源集中度）,source_share,89,-0.012457660239137962,-2.188907163201886,0.027268661734184407
单一伙伴来源份额（来源集中度）,source_share,90,-0.012671447491585752,-2.0682366913370633,0.026207552634448645
单一伙伴来源份额（来源集中度）,source_share,91,-0.012619529927754124,-2.0793674845186207,0.026240640201681546
单一伙伴来源份额（来源集中度）,source_share,92,-0.012723981583872918,-2.0389066881243316,0.025943011150929316
单一伙伴来源份额（来源集中度）,source_share,93,-0.01268007041749817,-2.2892580285908433,0.02902795300635493
单一伙伴来源份额（来源集中度）,source_share,94,-0.012675640987731562,-2.2538777513467667,0.02856934520630732
单一伙伴来源份额（来源集中度）,source_share,95,-0.012453197128689182,-2.339824580015922,0.02913829674149065
单一伙伴来源份额（来源集中度）,source_share,96,-0.012789156223026187,-2.2222474651186173,0.028420669997625932
单一伙伴来源份额（来源集中度）,source_share,97,-0.012841883676260686,-2.1120680059857393,0.027122931649220722
单一伙伴来源份额（来源集中度）,source_share,98,-0.01254365268168752,-2.2733107099228906,0.028515619982833227
单一伙伴来源份额（来源集中度）,source_share,99,-0.012597337869167488,-1.7650608244353096,0.022235067565042912
单一伙伴来源份额（来源集中度）,source_share,100,-0.01277751890173836,-2.025737635363329,0.025883900925817705
单一伙伴来源份额（来源集中度）,source_share,101,-0.012602137270821497,-2.4346178923942676,0.03068138888195068
单一伙伴来源份额（来源集中度）,source_share,102,-0.012720013921418801,-2.0559396248821384,0.026151580650097348
单一伙伴来源份额（来源集中度）,source_share,103,-0.012748087770363039,-2.07620361703332,0.026467625939085974
单一伙伴来源份额（来源集中度）,source_share,104,-0.012678102514497816,-1.9456178088627203,0.024666742034794187
单一伙伴来源份额（来源集中度）,source_share,105,-0.012648873283614503,-2.0913266540007136,0.02645292584110054
单一伙伴来源份额（来源集中度）,source_share,106,-0.012714214416931689,-2.2183582501721086,0.028204682446257578
单一伙伴来源份额（来源集中度）,source_share,107,-0.012672458080783284,-2.0698183875383607,0.026229686750914326
单一伙伴来源份额（来源集中度）,source_share,108,-0.012750232019654074,-2.359688648200607,0.03008657775870162
单一伙伴来源份额（来源集中度）,source_share,109,-0.012796717365818501,-2.149333448437887,0.027504412664559677
单一伙伴来源份额（来源集中度）,source_share,110,-0.01268038202031592,-2.1094701773413798,0.026748887709152267
单一伙伴来源份额（来源集中度）,source_share,111,-0.012727629562582091,-2.2546027883964292,0.02869574910147441
单一伙伴来源份额（来源集中度）,source_share,112,-0.012848312998148363,-2.218084768784012,0.02849864736576253
单一伙伴来源份额（来源集中度）,source_share,113,-0.01255170674333155,-2.053004116144191,0.025768705608694473
单一伙伴来源份额（来源集中度）,source_share,114,-0.01257740804737013,-2.1526605030885606,0.027074889534801895
单一伙伴来源份额（来源集中度）,source_share,115,-0.012823420154399535,-2.3681648642903603,0.030367973049681845
单一伙伴来源份额（来源集中度）,source_share,116,-0.012766616502019474,-2.226797760087212,0.028428673030589404
单一伙伴来源份额（来源集中度）,source_share,117,-0.012649427840364005,-1.8953659561701621,0.023975294893656993
单一伙伴来源份额（来源集中度）,source_share,118,-0.012613488609648995,-2.219288657344065,0.027992972200932578
单一伙伴来源份额（来源集中度）,source_share,119,-0.012653968249812676,-2.191411390205089,0.027730050153933053
单一伙伴来源份额（来源集中度）,source_share,120,-0.012634370437433831,-2.046065345703688,0.025850747516816507
单一伙伴来源份额（来源集中度）,source_share,121,-0.01284141561031434,-2.3907206659350266,0.03070023767943915
单一伙伴来源份额（来源集中度）,source_share,122,-0.012651943803222428,-2.1743138338487906,0.027509296436424007
单一伙伴来源份额（来源集中度）,source_share,123,-0.012777195903001484,-2.0709634823355234,0.026461106121763136
单一伙伴来源份额（来源集中度）,source_share,124,-0.01258646794358799,-2.2389484750988085,0.028180453209176365
单一伙伴来源份额（来源集中度）,source_share,125,-0.012588529224299986,-2.307144997432161,0.029043562224872276
单一伙伴来源份额（来源集中度）,source_share,126,-0.01267602111751402,-1.9532601858319958,0.02475956736360574
单一伙伴来源份额（来源集中度）,source_share,127,-0.012734263754082424,-2.079688890455058,0.02648330685748974
单一伙伴来源份额（来源集中度）,source_share,128,-0.012907785507322283,-2.2571586200419316,0.02913491932350481
单一伙伴来源份额（来源集中度）,source_share,129,-0.012607754171844001,-2.1111866039415896,0.026617321713385746
单一伙伴来源份额（来源集中度）,source_share,130,-0.012641081235674777,-2.119933501291157,0.026798251604049975
单一伙伴来源份额（来源集中度）,source_share,131,-0.01254138960791057,-2.1003437926568433,0.02634122981426601
单一伙伴来源份额（来源集中度）,source_share,132,-0.0127260847959002,-2.258687819995368,0.028744252724728022
单一伙伴来源份额（来源集中度）,source_share,133,-0.012766447807684107,-2.3352313900655535,0.029812609660137497
单一伙伴来源份额（来源集中度）,source_share,134,-0.012594004903054453,-2.064738260426419,0.02600332377533444
单一伙伴来源份额（来源集中度）,source_share,135,-0.012577446282727703,-2.2550135406834295,0.028362311674769436
单一伙伴来源份额（来源集中度）,source_share,136,-0.012452247380002664,-2.2353150192993074,0.027834695592550408
单一伙伴来源份额（来源集中度）,source_share,137,-0.012589368142293776,-2.244953516282023,0.028262546278811293
单一伙伴来源份额（来源集中度）,source_share,138,-0.012484086567830245,-1.892067848716682,0.0236207388155874
单一伙伴来源份额（来源集中度）,source_share,139,-0.012715885090930384,-2.3218439481709883,0.02952430084401441
单一伙伴来源份额（来源集中度）,source_share,140,-0.012577425167606677,-2.0269681875187597,0.025494040695636537
单一伙伴来源份额（来源集中度）,source_share,141,-0.012656982345011543,-2.076410525406204,0.026281091361062464
单一伙伴来源份额（来源集中度）,source_share,142,-0.012694102584690186,-2.1462463081532697,0.02724467080771019
单一伙伴来源份额（来源集中度）,source_share,143,-0.01262847207538611,-1.9694211357371334,0.024870779817331587
单一伙伴来源份额（来源集中度）,source_share,144,-0.012743713998531702,-2.16740001220694,0.027620725875979364
单一伙伴来源份额（来源集中度）,source_share,145,-0.012754894750345361,-1.9556554939973143,0.02494417999387041
单一伙伴来源份额（来源集中度）,source_share,146,-0.012686023204141226,-1.8867957300512497,0.023935934412904737
单一伙伴来源份额（来源集中度）,source_share,147,-0.012728944262197752,-2.0389440774119936,0.025953605515115486
单一伙伴来源份额（来源集中度）,source_share,148,-0.012680779475225746,-2.0578205199441824,0.02609476821300656
单一伙伴来源份额（来源集中度）,source_share,149,-0.012679396236590382,-1.928478049746004,0.024451937326296642
单一伙伴来源份额（来源集中度）,source_share,150,-0.01262813428757771,-2.2654783166511634,0.02860876440826639
单一伙伴来源份额（来源集中度）,source_share,151,-0.012676363674562534,-2.117543819708622,0.02684275555544877
单一伙伴来源份额（来源集中度）,source_share,152,-0.012781793523040787,-2.277691073786813,0.029112977014416102
单一伙伴来源份额（来源集中度）,source_share,153,-0.012614044239960463,-2.1827951724650982,0.027533874872246875
单一伙伴来源份额（来源集中度）,source_share,154,-0.012735388253333977,-2.182238058962186,0.027791648942085363
单一伙伴来源份额（来源集中度）,source_share,155,-0.012734595941467714,-2.074755505097808,0.026421173034756346
单一伙伴来源份额（来源集中度）,source_share,156,-0.012605919017351528,-2.066815951098074,0.0260541145033127
单一伙伴来源份额（来源集中度）,source_share,157,-0.012656341757041062,-2.191675341643894,0.02773859214432485
单一伙伴来源份额（来源集中度）,source_share,158,-0.012673560446280274,-2.188967259588786,0.02774200887932696
单一伙伴来源份额（来源集中度）,source_share,159,-0.012799144631753714,-2.20514142801767,0.02822392407067008
单一伙伴来源份额（来源集中度）,source_share,160,-0.0125663702214322,-2.171482734934099,0.02728765597663001
单一伙伴来源份额（来源集中度）,source_share,161,-0.01256847419873263,-2.1183552077456964,0.026624492772302687
单一伙伴来源份额（来源集中度）,source_share,162,-0.012724824514520006,-2.1368322090871916,0.027190814877608636
单一伙伴来源份额（来源集中度）,source_share,163,-0.01266320732729687,-2.295644999558962,0.029070228579287465
单一伙伴来源份额（来源集中度）,source_share,164,-0.01280068504094032,-2.1036190518904863,0.026927764929371607
单一伙伴来源份额（来源集中度）,source_share,165,-0.012680055431240239,-2.096079609647173,0.026578405638618557
单一伙伴来源份额（来源集中度）,source_share,166,-0.012480049641439709,-2.1144695077911844,0.026388684422544568
单一伙伴来源份额（来源集中度）,source_share,167,-0.012512709212904927,-2.141893757122703,0.02680089374781279
单一伙伴来源份额（来源集中度）,source_share,168,-0.01270796861449683,-2.124780329621272,0.027001641741527353
单一伙伴来源份额（来源集中度）,source_share,169,-0.012730924167452282,-2.153376643712831,0.027414474755070965
单一伙伴来源份额（来源集中度）,source_share,170,-0.012753997971791836,-2.259526061682559,0.028817990807910154
单一伙伴来源份额（来源集中度）,source_share,171,-0.012665547535669829,-2.232028103403451,0.02826985804460738
单一伙伴来源份额（来源集中度）,source_share,172,-0.012657787790143699,-2.284614656716089,0.02891816750696425
单一伙伴来源份额（来源集中度）,source_share,173,-0.012675593518703324,-2.4465676699495518,0.03101169730028163
单一伙伴来源份额（来源集中度）,source_share,174,-0.012821090213535277,-2.297399650753222,0.029455168178851496
单一伙伴来源份额（来源集中度）,source_share,175,-0.012731497112109488,-2.1669562625490055,0.027588597398710234
单一伙伴来源份额（来源集中度）,source_share,176,-0.012604064803533948,-2.230587701354284,0.02811447193783522
单一伙伴来源份额（来源集中度）,source_share,177,-0.012678287996116009,-2.213214694182392,0.028059773290080182
单一伙伴来源份额（来源集中度）,source_share,178,-0.012593051577015959,-2.1244090068623223,0.026752792194094474
单一伙伴来源份额（来源集中度）,source_share,179,-0.012702009167509526,-1.8100368921653331,0.022991105197814513
单一伙伴来源份额（来源集中度）,source_share,180,-0.012661640160196202,-2.371627843480303,0.030028698348049717
单一伙伴来源份额（来源集中度）,source_share,181,-0.01268638021223729,-2.1742201544508544,0.027582983544472826
单一伙伴来源份额（来源集中度）,source_share,182,-0.012612929226650782,-2.0169043925804746,0.02543907236053861
单一伙伴来源份额（来源集中度）,source_share,183,-0.012685670367751945,-2.1783066309467944,0.027633279880079322
单一伙伴来源份额（来源集中度）,source_share,184,-0.012689060895891125,-2.071262807689279,0.02628237989816369
单一伙伴来源份额（来源集中度）,source_share,185,-0.012748244685147124,-2.1799664037939817,0.027790745120965916
单一伙伴来源份额（来源集中度）,source_share,186,-0.012540813889194532,-2.330882289304913,0.029231160987792597
单一伙伴来源份额（来源集中度）,source_share,187,-0.012758828937799392,-2.15536342225507,0.027499913203342316
单一伙伴来源份额（来源集中度）,source_share,188,-0.012706486116917324,-2.1536697427289018,0.027365574686409697
单一伙伴来源份额（来源集中度）,source_share,189,-0.012674186801267561,-2.4598755863421617,0.03117692268917813
单一伙伴来源份额（来源集中度）,source_share,190,-0.01279321995806297,-2.2314148635751403,0.028546981167407847
单一伙伴来源份额（来源集中度）,source_share,191,-0.012725657532751816,-2.189527335784097,0.027863175033786908
单一伙伴来源份额（来源集中度）,source_share,192,-0.012809825360630286,-2.168831980744809,0.02778235890989087
单一伙伴来源份额（来源集中度）,source_share,193,-0.012683702266321829,-2.1173648221030845,0.026856024992739008
单一伙伴来源份额（来源集中度）,source_share,194,-0.012638244559753603,-2.268327889921701,0.028667682614540307
单一伙伴来源份额（来源集中度）,source_share,195,-0.012706766546009128,-2.124536938288797,0.026995994893208742
单一伙伴来源份额（来源集中度）,source_share,196,-0.012581500017919998,-2.1503966846874656,0.027055215926930453
单一伙伴来源份额（来源集中度）,source_share,197,-0.012589477398577142,-2.13213962397946,0.02684252360670018
单一伙伴来源份额（来源集中度）,source_share,198,-0.012737277896733002,-1.9382033742872111,0.024687434998681815
单一伙伴来源份额（来源集中度）,source_share,199,-0.012733421988695311,-2.076763601974791,0.02644430731470788
单一伙伴来源份额（来源集中度）,source_share,200,-0.012562461930432157,-2.1295140323951602,0.02675193896228527
单一伙伴来源份额（来源集中度）,source_share,201,-0.012699461398759417,-2.3183076722906137,0.029441258794702444
单一伙伴来源份额（来源集中度）,source_share,202,-0.012671513813549402,-2.263965407310123,0.028687868932128224
单一伙伴来源份额（来源集中度）,source_share,203,-0.0126609205432486,-2.2829891063552936,0.0289047436766665
单一伙伴来源份额（来源集中度）,source_share,204,-0.012545643534067865,-2.153967224275278,0.02702290497982325
单一伙伴来源份额（来源集中度）,source_share,205,-0.012714028729375987,-1.8715631168367202,0.02379510723630253
单一伙伴来源份额（来源集中度）,source_share,206,-0.0128735278603727,-2.0820647936687378,0.026803519128395632
单一伙伴来源份额（来源集中度）,source_share,207,-0.012459387743848806,-2.1338635586760235,0.026586633470013644
单一伙伴来源份额（来源集中度）,source_share,208,-0.012581345584635717,-2.2378753292129785,0.02815548289215891
单一伙伴来源份额（来源集中度）,source_share,209,-0.012669316818615385,-2.0248526971238396,0.025653500330889787
单一伙伴来源份额（来源集中度）,source_share,210,-0.012403968306287766,-2.174671442936798,0.026974555654777126
单一伙伴来源份额（来源集中度）,source_share,211,-0.012630442329992896,-2.3690695125636485,0.029922395854179544
单一伙伴来源份额（来源集中度）,source_share,212,-0.012783991811489035,-2.2245784770102377,0.028438993034113628
单一伙伴来源份额（来源集中度）,source_share,213,-0.012705811949183582,-2.0656813788334856,0.026246159146388517
单一伙伴来源份额（来源集中度）,source_share,214,-0.012926771969555016,-2.3247176331194845,0.030051094736939236
单一伙伴来源份额（来源集中度）,source_share,215,-0.012524014714425548,-2.2480247056310705,0.02815429449171569
单一伙伴来源份额（来源集中度）,source_share,216,-0.012742972211484039,-2.089598193949898,0.026627691718670785
单一伙伴来源份额（来源集中度）,source_share,217,-0.012693200208655159,-1.9059783912579322,0.02419296531360741
单一伙伴来源份额（来源集中度）,source_share,218,-0.012787026606144239,-2.20329599689646,0.028173604533526127
单一伙伴来源份额（来源集中度）,source_share,219,-0.012829546327980362,-2.1904144576365594,0.028102023761726217
单一伙伴来源份额（来源集中度）,source_share,220,-0.012657107135328785,-2.327269524641809,0.02945649970617707
单一伙伴来源份额（来源集中度）,source_share,221,-0.012758686379695898,-2.0329682601634236,0.02593800445130114
单一伙伴来源份额（来源集中度）,source_share,222,-0.012717617827988869,-2.1250890312696638,0.02702607015013867
单一伙伴来源份额（来源集中度）,source_share,223,-0.01276387337041483,-2.2262987179280174,0.028416194920350097
单一伙伴来源份额（来源集中度）,source_share,224,-0.012725779735169057,-2.1833928870132726,0.027785376955465766
单一伙伴来源份额（来源集中度）,source_share,225,-0.012725233746673182,-2.2599016036186055,0.02875777615052832
单一伙伴来源份额（来源集中度）,source_share,226,-0.012655386888848064,-2.3230960790919766,0.029399679660874947
单一伙伴来源份额（来源集中度）,source_share,227,-0.01268897394426508,-2.1359301188025954,0.027102761624257152
单一伙伴来源份额（来源集中度）,source_share,228,-0.012756746745883727,-2.1865649333671153,0.02789345509839442
单一伙伴来源份额（来源集中度）,source_share,229,-0.012715501957952246,-2.1819236878897295,0.02774425492546424
单一伙伴来源份额（来源集中度）,source_share,230,-0.012625593204118317,-2.3830189784127205,0.030087028219132617
单一伙伴来源份额（来源集中度）,source_share,231,-0.012695466745702641,-1.8897160318935635,0.023990827041725886
单一伙伴来源份额（来源集中度）,source_share,232,-0.012705188946705935,-2.333594168635607,0.02964875483744654
单一伙伴来源份额（来源集中度）,source_share,233,-0.012676934310785643,-1.9027032969337014,0.024120444708143802
单一伙伴来源份额（来源集中度）,source_share,234,-0.012790851581322017,-2.2574661903126656,0.028874914990141748
单一伙伴来源份额（来源集中度）,source_share,235,-0.012781161940190404,-1.9811496329504006,0.025321394286487848
单一伙伴来源份额（来源集中度）,source_share,236,-0.012685483782291432,-2.202739754557367,0.02794281943304609
单一伙伴来源份额（来源集中度）,source_share,237,-0.012806627768417097,-2.2325431763768493,0.028591349436777866
单一伙伴来源份额（来源集中度）,source_share,238,-0.012702563945315676,-2.0762277872081123,0.026373416232052315
单一伙伴来源份额（来源集中度）,source_share,239,-0.012622388821189195,-2.212636794751049,0.027928761943417528
单一伙伴来源份额（来源集中度）,source_share,240,-0.012585632075706801,-2.11746166403172,0.02664959343791711
单一伙伴来源份额（来源集中度）,source_share,241,-0.01258131300332465,-2.111665498638987,0.026567524596698717
单一伙伴来源份额（来源集中度）,source_share,242,-0.012646613780726524,-2.080379031284506,0.026309750126177128
单一伙伴来源份额（来源集中度）,source_share,243,-0.012799985838055724,-2.241797625883148,0.028694977863091237
单一伙伴来源份额（来源集中度）,source_share,244,-0.012636740013293917,-2.308532712509861,0.0291723277001713
单一伙伴来源份额（来源集中度）,source_share,245,-0.01287812887582389,-2.4368544476980714,0.03138212562908041
单一伙伴来源份额（来源集中度）,source_share,246,-0.012714334039935165,-2.1076772105142774,0.02679771210283727
单一伙伴来源份额（来源集中度）,source_share,247,-0.012561886110666024,-2.1408427693732133,0.026893023049709155
单一伙伴来源份额（来源集中度）,source_share,248,-0.012446929546262843,-2.262628228791637,0.02816277415315499
单一伙伴来源份额（来源集中度）,source_share,249,-0.012689892428464586,-2.2601364377769557,0.028680888269042713
单一伙伴来源份额（来源集中度）,source_share,250,-0.012656807693392606,-2.3705365811431585,0.030003425637681335
单一伙伴来源份额（来源集中度）,source_share,251,-0.012667819479924678,-2.2445957455411767,0.028434133709922576
单一伙伴来源份额（来源集中度）,source_share,252,-0.012691771035268272,-2.231386067362875,0.02832024105825731
单一伙伴来源份额（来源集中度）,source_share,253,-0.012625558425951866,-2.2038659349926903,0.027825038125215248
单一伙伴来源份额（来源集中度）,source_share,254,-0.012606106357281682,-2.2528138959080857,0.028399211574979433
单一伙伴来源份额（来源集中度）,source_share,255,-0.012686590354371656,-2.1794045887770084,0.02764921323425172
单一伙伴来源份额（来源集中度）,source_share,256,-0.01278525790948591,-2.3060192314998913,0.029483050618960605
单一伙伴来源份额（来源集中度）,source_share,257,-0.012708010971013968,-2.25710792032747,0.028683352214284013
单一伙伴来源份额（来源集中度）,source_share,258,-0.01265350648885676,-2.210014969614365,0.027964438758485945
单一伙伴来源份额（来源集中度）,source_share,259,-0.012846423204138958,-2.1779454984311317,0.02797880958839568
单一伙伴来源份额（来源集中度）,source_share,260,-0.012561965062926301,-2.2678576363411667,0.028488748395408357
单一伙伴来源份额（来源集中度）,source_share,261,-0.01269031929258821,-2.317813435027492,0.029413792551149533
单一伙伴来源份额（来源集中度）,source_share,262,-0.012626405494818829,-2.292808878784511,0.028949934625654147
单一伙伴来源份额（来源集中度）,source_share,263,-0.012671060269221912,-2.022154486868682,0.025622841376790575
单一伙伴来源份额（来源集中度）,source_share,264,-0.012709453369608185,-1.9264769075974415,0.024484468424736658
单一伙伴来源份额（来源集中度）,source_share,265,-0.012712439832856725,-2.104963772863983,0.026759225312876476
单一伙伴来源份额（来源集中度）,source_share,266,-0.012716964604849211,-2.311039400785972,0.029389406260207137
单一伙伴来源份额（来源集中度）,source_share,267,-0.012761331656812891,-1.9603328548902625,0.0250164577190015
单一伙伴来源份额（来源集中度）,source_share,268,-0.012619268918463777,-2.1433087307158853,0.02704698924819502
单一伙伴来源份额（来源集中度）,source_share,269,-0.012742847416196768,-2.188809124974286,0.02789166070272649
单一伙伴来源份额（来源集中度）,source_share,270,-0.01279944475648042,-2.2703177830477315,0.02905880704377454
单一伙伴来源份额（来源集中度）,source_share,271,-0.012613063507193621,-2.162101150713857,0.027270719122930283
单一伙伴来源份额（来源集中度）,source_share,272,-0.012713879236207518,-2.0717231675414487,0.026339638162975295
单一伙伴来源份额（来源集中度）,source_share,273,-0.012697688681457856,-2.0482067329040965,0.02600749144968212
单一伙伴来源份额（来源集中度）,source_share,274,-0.012685311998768151,-2.2031308563774727,0.027947402287261506
单一伙伴来源份额（来源集中度）,source_share,275,-0.012659511779134106,-2.171001481457013,0.02748381882702265
单一伙伴来源份额（来源集中度）,source_share,276,-0.012598438891820274,-2.360936294895399,0.029744111638720254
单一伙伴来源份额（来源集中度）,source_share,277,-0.012719795092307125,-2.1084203139987645,0.02681867436252213
单一伙伴来源份额（来源集中度）,source_share,278,-0.012537089387361398,-2.2046874392681834,0.027640363497298117
单一伙伴来源份额（来源集中度）,source_share,279,-0.012560244618787974,-2.235783962259917,0.02808199348074758
单一伙伴来源份额（来源集中度）,source_share,280,-0.012705000480245017,-2.083472902093301,0.026470524221672866
单一伙伴来源份额（来源集中度）,source_share,281,-0.01252314443741967,-2.0839158515779594,0.026097179204739196
单一伙伴来源份额（来源集中度）,source_share,282,-0.012619940170869912,-2.0269125771808194,0.025579515455605682
单一伙伴来源份额（来源集中度）,source_share,283,-0.01285668542291333,-2.0988122345159463,0.026983768660933324
单一伙伴来源份额（来源集中度）,source_share,284,-0.012671389128607817,-2.0647453546917602,0.026163191840784663
单一伙伴来源份额（来源集中度）,source_share,285,-0.012879215815238529,-2.359590473544662,0.03038967494436258
单一伙伴来源份额（来源集中度）,source_share,286,-0.012495331293956944,-2.0946268734791755,0.026173056721347534
单一伙伴来源份额（来源集中度）,source_share,287,-0.012686183513088166,-2.2702773964698624,0.028801155677232692
单一伙伴来源份额（来源集中度）,source_share,288,-0.012549423655911825,-2.2094432520072487,0.02772723941313452
单一伙伴来源份额（来源集中度）,source_share,289,-0.012721138732627478,-2.4097108189929024,0.030654265633922092
单一伙伴来源份额（来源集中度）,source_share,290,-0.012540186669990778,-2.2315223761588445,0.02798370715529329
单一伙伴来源份额（来源集中度）,source_share,291,-0.012716461227617357,-1.9369779967906404,0.024631505594936116
单一伙伴来源份额（来源集中度）,source_share,292,-0.012715119282151254,-2.091904082691031,0.02659880993823566
单一伙伴来源份额（来源集中度）,source_share,293,-0.012606637190060718,-1.9149361711990174,0.02414090555243001
单一伙伴来源份额（来源集中度）,source_share,294,-0.012667635734764421,-2.235775782662141,0.02832199319937183
单一伙伴来源份额（来源集中度）,source_share,295,-0.01279949419946817,-2.192606132333317,0.028064249472518624
单一伙伴来源份额（来源集中度）,source_share,296,-0.012605975655408878,-2.3020873294548916,0.0290200568317336
单一伙伴来源份额（来源集中度）,source_share,297,-0.012593049458282173,-2.3388175163801312,0.02945284465767167
单一伙伴来源份额（来源集中度）,source_share,298,-0.012616654255713988,-2.035105277584492,0.02567621966126238
单一伙伴来源份额（来源集中度）,source_share,299,-0.012826043705766824,-2.2337469335499662,0.028650135797334487
单一伙伴来源份额（来源集中度）,source_share,300,-0.012807376282666467,-2.1416107192001235,0.027428414331787936
单一伙伴来源份额（来源集中度）,source_share,301,-0.012738898512707849,-2.3916397757291556,0.030466856381969075
单一伙伴来源份额（来源集中度）,source_share,302,-0.012631934389237138,-2.196580729810013,0.027747063659622713
单一伙伴来源份额（来源集中度）,source_share,303,-0.012507880016692657,-2.115712802119012,0.026463081878685214
单一伙伴来源份额（来源集中度）,source_share,304,-0.012798400066344364,-1.9990046079003367,0.025584060706374357
单一伙伴来源份额（来源集中度）,source_share,305,-0.012827147076178672,-2.054096887600162,0.02634820288596813
单一伙伴来源份额（来源集中度）,source_share,306,-0.01280208636496298,-2.1910780673041312,0.02805037065000366
单一伙伴来源份额（来源集中度）,source_share,307,-0.012713298054349781,-2.1459745895376874,0.027282414573853553
单一伙伴来源份额（来源集中度）,source_share,308,-0.012756927056263419,-2.1835969152215973,0.02785598656776373
单一伙伴来源份额（来源集中度）,source_share,309,-0.01254701324638436,-2.2614930697400606,0.02837498350263497
单一伙伴来源份额（来源集中度）,source_share,310,-0.012429571462970575,-1.9737067193454592,0.024532328715049595
单一伙伴来源份额（来源集中度）,source_share,311,-0.012649521488640833,-2.2350383726941043,0.02827216592333091
单一伙伴来源份额（来源集中度）,source_share,312,-0.012616752521414226,-2.029600849418381,0.02560697163436381
单一伙伴来源份额（来源集中度）,source_share,313,-0.012654770747620161,-2.2899995721896187,0.02897941959820787
单一伙伴来源份额（来源集中度）,source_share,314,-0.012820663548211974,-2.233367041461364,0.02863324741824173
单一伙伴来源份额（来源集中度）,source_share,315,-0.012694109182466315,-2.0157841662398166,0.02558858429453506
单一伙伴来源份额（来源集中度）,source_share,316,-0.012681210432159296,-2.138837413668892,0.027123047322910564
单一伙伴来源份额（来源集中度）,source_share,317,-0.012692271011482749,-2.062611522644835,0.02617922443681533
单一伙伴来源份额（来源集中度）,source_share,318,-0.012607799773588177,-2.1118186082456365,0.026625386170898636
单一伙伴来源份额（来源集中度）,source_share,319,-0.012577976729104566,-2.293237661059816,0.028844289935116552
单一伙伴来源份额（来源集中度）,source_share,320,-0.012597262622184685,-2.2353203037609193,0.028158916911177945
单一伙伴来源份额（来源集中度）,source_share,321,-0.012777273181631892,-2.1115448783647617,0.026979785746142244
单一伙伴来源份额（来源集中度）,source_share,322,-0.012662025557741393,-2.2552021015690022,0.02855542664793881
单一伙伴来源份额（来源集中度）,source_share,323,-0.012570611732092452,-2.3015969523327513,0.028932481651542316
单一伙伴来源份额（来源集中度）,source_share,324,-0.012856907129765123,-2.0716995208707125,0.026635648340613653
单一伙伴来源份额（来源集中度）,source_share,325,-0.01260306137499404,-2.2408135333386103,0.028241110490583757
单一伙伴来源份额（来源集中度）,source_share,326,-0.012470418080214072,-2.1941039479675313,0.027361393542603377
单一伙伴来源份额（来源集中度）,source_share,327,-0.012638767533997144,-2.0076266191166448,0.025373926134079898
单一伙伴来源份额（来源集中度）,source_share,328,-0.012798318977357663,-2.236769561345627,0.028626890324945715
单一伙伴来源份额（来源集中度）,source_share,329,-0.012815617279842352,-2.059158723884981,0.026389390123758488
单一伙伴来源份额（来源集中度）,source_share,330,-0.012618448666496954,-2.348702384022071,0.029636980465661517
单一伙伴来源份额（来源集中度）,source_share,331,-0.012690067784872422,-2.2978200555678976,0.029159492262595933
单一伙伴来源份额（来源集中度）,source_share,332,-0.012627411718515303,-2.005705745962566,0.02532687224046118
单一伙伴来源份额（来源集中度）,source_share,333,-0.012602354720535816,-2.035720641072622,0.025654873630713757
单一伙伴来源份额（来源集中度）,source_share,334,-0.012737005366306316,-2.146737454912372,0.027343006483269646
单一伙伴来源份额（来源集中度）,source_share,335,-0.012650305895525585,-2.2392229306130265,0.028326855040530046
单一伙伴来源份额（来源集中度）,source_share,336,-0.0127068900223338,-2.1267468634479316,0.027024338499176227
单一伙伴来源份额（来源集中度）,source_share,337,-0.012495710990710781,-2.1779765485866456,0.02721536549568448
单一伙伴来源份额（来源集中度）,source_share,338,-0.012646284057425699,-2.1155702360388355,0.02675410214838225
单一伙伴来源份额（来源集中度）,source_share,339,-0.012676003014629582,-2.0338821681597326,0.02578149649499412
单一伙伴来源份额（来源集中度）,source_share,340,-0.01263890278865753,-1.9636498708149914,0.024818379828190594
单一伙伴来源份额（来源集中度）,source_share,341,-0.012560808947668782,-2.2099489878589953,0.027758747020590835
单一伙伴来源份额（来源集中度）,source_share,342,-0.012705421986705365,-2.1191659042933644,0.02692489707388527
单一伙伴来源份额（来源集中度）,source_share,343,-0.012741305991429088,-2.0135868882511865,0.025655726683537897
单一伙伴来源份额（来源集中度）,source_share,344,-0.012647718385986252,-2.1477131417095485,0.027163670990224154
单一伙伴来源份额（来源集中度）,source_share,345,-0.012729958223382883,-2.2027896677124748,0.028041420444879266
单一伙伴来源份额（来源集中度）,source_share,346,-0.012793349665295585,-2.057203130733207,0.026318518984010702
单一伙伴来源份额（来源集中度）,source_share,347,-0.012756862432877282,-2.137116022968214,0.02726289510810331
单一伙伴来源份额（来源集中度）,source_share,348,-0.012555977140295427,-2.1126595179518515,0.026526504612631004
单一伙伴来源份额（来源集中度）,source_share,349,-0.012801086483442272,-1.9938001907446867,0.02552280867242643
单一伙伴来源份额（来源集中度）,source_share,350,-0.012622151619280927,-2.151850689566076,0.027160985665757222
单一伙伴来源份额（来源集中度）,source_share,351,-0.012566959570968407,-2.261005069763982,0.028413959301478567
单一伙伴来源份额（来源集中度）,source_share,352,-0.012711056399876432,-2.3505871213951726,0.02987844547287723
单一伙伴来源份额（来源集中度）,source_share,353,-0.012590848099459033,-2.2054326919146368,0.027768268017478222
单一伙伴来源份额（来源集中度）,source_share,354,-0.012518054381618855,-2.044908396912018,0.025598274517973675
单一伙伴来源份额（来源集中度）,source_share,355,-0.01252619046403744,-2.0059690277886153,0.025127150107040207
单一伙伴来源份额（来源集中度）,source_share,356,-0.012690513793229104,-2.2648225185915134,0.02874176141140148
单一伙伴来源份额（来源集中度）,source_share,357,-0.01267381245501105,-2.080066247801664,0.026362369518636828
单一伙伴来源份额（来源集中度）,source_share,358,-0.01250917259052948,-2.3789984726347506,0.02975930248679412
单一伙伴来源份额（来源集中度）,source_share,359,-0.012489980773700138,-2.3378840612481846,0.029200126976129823
单一伙伴来源份额（来源集中度）,source_share,360,-0.012666200308001837,-2.014172612669853,0.025511913766967754
单一伙伴来源份额（来源集中度）,source_share,361,-0.012757815110749535,-1.7852382439007555,0.02277573944432502
单一伙伴来源份额（来源集中度）,source_share,362,-0.01243189516694635,-2.173035034790312,0.027014943746614773
单一伙伴来源份额（来源集中度）,source_share,363,-0.012855581427249444,-2.2334088646421653,0.028711769519748086
单一伙伴来源份额（来源集中度）,source_share,364,-0.012714323997280643,-1.877804154358228,0.023875010421950102
单一伙伴来源份额（来源集中度）,source_share,365,-0.012591981038420888,-2.221521836395866,0.027973360840334697
单一伙伴来源份额（来源集中度）,source_share,366,-0.0126686652775403,-2.278837579115454,0.02886983051169395
单一伙伴来源份额（来源集中度）,source_share,367,-0.012590725476821357,-2.141325158226789,0.02696083722384456
单一伙伴来源份额（来源集中度）,source_share,368,-0.012694068626149614,-2.2740022545492176,0.02886634067526671
单一伙伴来源份额（来源集中度）,source_share,369,-0.01265870531332467,-2.295089163561167,0.029052857389325618
单一伙伴来源份额（来源集中度）,source_share,370,-0.012602485085343005,-2.190877765352025,0.027610504361658506
单一伙伴来源份额（来源集中度）,source_share,371,-0.012684099651835517,-2.119110823454025,0.026879012857974074
单一伙伴来源份额（来源集中度）,source_share,372,-0.012741038727341543,-1.9124448178224973,0.02436653348778008
单一伙伴来源份额（来源集中度）,source_share,373,-0.012524691659446884,-2.086925926604731,0.026138103746829733
单一伙伴来源份额（来源集中度）,source_share,374,-0.01268054239248042,-1.943664090536854,0.02464671489679448
单一伙伴来源份额（来源集中度）,source_share,375,-0.01266344900108321,-2.0519125775969975,0.025984290281080773
单一伙伴来源份额（来源集中度）,source_share,376,-0.012683640580533765,-2.2440061633876027,0.028462167636910878
单一伙伴来源份额（来源集中度）,source_share,377,-0.012697558485519237,-2.088801630602782,0.026522680869226774
单一伙伴来源份额（来源集中度）,source_share,378,-0.012660069827571072,-2.1177540496423437,0.026810914146093486
单一伙伴来源份额（来源集中度）,source_share,379,-0.01266535024651228,-2.2690653434424566,0.028738507306921388
单一伙伴来源份额（来源集中度）,source_share,380,-0.012803063003851428,-1.9982836848271441,0.025584151916410315
单一伙伴来源份额（来源集中度）,source_share,381,-0.012755674864078494,-2.173674305777432,0.027726682704898458
单一伙伴来源份额（来源集中度）,source_share,382,-0.01268121854836308,-1.987514678961656,0.025204108011992445
单一伙伴来源份额（来源集中度）,source_share,383,-0.012801937702948973,-2.153238158758131,0.027565620768034142
单一伙伴来源份额（来源集中度）,source_share,384,-0.012748562895038928,-2.0048645302609445,0.025559141560064325
单一伙伴来源份额（来源集中度）,source_share,385,-0.012643625231782243,-2.4031635465864314,0.030384699253719505
单一伙伴来源份额（来源集中度）,source_share,386,-0.012614668270762937,-1.8968983672023576,0.023928743645609603
单一伙伴来源份额（来源集中度）,source_share,387,-0.012769333779896183,-2.101449719394448,0.02683411288861688
单一伙伴来源份额（来源集中度）,source_share,388,-0.012535188713566783,-2.2676215541828744,0.028425064112633933
单一伙伴来源份额（来源集中度）,source_share,389,-0.012685597829800959,-1.8575352807541934,0.02356394552631411
单一伙伴来源份额（来源集中度）,source_share,390,-0.012600059050606124,-2.2078517129268103,0.02781906195785969
单一伙伴来源份额（来源集中度）,source_share,391,-0.01251587247513494,-2.1038997573896365,0.026332141063956028
单一伙伴来源份额（来源集中度）,source_share,392,-0.01268610296181298,-2.2457061998057823,0.028489260072717907
单一伙伴来源份额（来源集中度）,source_share,393,-0.012800722728377156,-2.2132240666039102,0.02833086761236799
单一伙伴来源份额（来源集中度）,source_share,394,-0.012664112840744424,-2.4164343127453676,0.030601996808854035
单一伙伴来源份额（来源集中度）,source_share,395,-0.012591639483798206,-2.2685429308099048,0.0285646747382773
单一伙伴来源份额（来源集中度）,source_share,396,-0.01255395705178454,-2.274202765735751,0.028550243848096235
单一伙伴来源份额（来源集中度）,source_share,397,-0.012467232899015438,-2.198672623723343,0.027411363668648252
单一伙伴来源份额（来源集中度）,source_share,398,-0.012696793670463839,-2.162815114725281,0.027460817259027468
单一伙伴来源份额（来源集中度）,source_share,399,-0.01268916653391319,-2.377617502424151,0.0301699844422068
单一伙伴来源份额（来源集中度）,source_share,400,-0.012541071629813117,-2.0764751838616906,0.026041224018338825
单一伙伴来源份额（来源集中度）,source_share,401,-0.012709684923304439,-2.055135679949166,0.02612012696679493
单一伙伴来源份额（来源集中度）,source_share,402,-0.01266337881578406,-2.501415737044463,0.03167637505395772
单一伙伴来源份额（来源集中度）,source_share,403,-0.012612899112894526,-2.3087817798033194,0.02912043166234833
单一伙伴来源份额（来源集中度）,source_share,404,-0.012630670282706714,-2.0325912171073246,0.025672989482808155
单一伙伴来源份额（来源集中度）,source_share,405,-0.01272490588974627,-1.9615951239561131,0.024961113346126707
单一伙伴来源份额（来源集中度）,source_share,406,-0.012517234298556916,-2.262342883240746,0.02831827593319721
单一伙伴来源份额（来源集中度）,source_share,407,-0.012583853678396142,-2.2610852387816323,0.02845316579920946
单一伙伴来源份额（来源集中度）,source_share,408,-0.01272243816888289,-2.085201205958649,0.026528843412488946
单一伙伴来源份额（来源集中度）,source_share,409,-0.01273574391601166,-2.1006296501512423,0.026753081286707385
单一伙伴来源份额（来源集中度）,source_share,410,-0.012807014437432642,-1.935407349446211,0.024786789866670867
单一伙伴来源份额（来源集中度）,source_share,411,-0.012570497692522681,-2.1115695082303594,0.026543479630810985
单一伙伴来源份额（来源集中度）,source_share,412,-0.01268425932175768,-2.4200707528709375,0.030696805006416316
单一伙伴来源份额（来源集中度）,source_share,413,-0.012605963893480546,-2.0597848070206104,0.02596557290564161
单一伙伴来源份额（来源集中度）,source_share,414,-0.012724661947290826,-2.0866715611538957,0.02655219021070892
单一伙伴来源份额（来源集中度）,source_share,415,-0.012700005406842869,-2.3047382094167066,0.029270187720949525
单一伙伴来源份额（来源集中度）,source_share,416,-0.012783803115402654,-2.191487220483225,0.028015541156578554
单一伙伴来源份额（来源集中度）,source_share,417,-0.012637491771928402,-2.1543636329837783,0.027225752685574277
单一伙伴来源份额（来源集中度）,source_share,418,-0.012774808514640473,-2.1459351890405247,0.027413911124821506
单一伙伴来源份额（来源集中度）,source_share,419,-0.012571477523327152,-2.059359494034185,0.02588919159170113
单一伙伴来源份额（来源集中度）,source_share,420,-0.012780149545108957,-2.010669784964487,0.02569666053767821
单一伙伴来源份额（来源集中度）,source_share,421,-0.012685065920271013,-1.9826408300277678,0.02514992962512307
单一伙伴来源份额（来源集中度）,source_share,422,-0.01257107856227365,-2.3647070246125335,0.02972691778316453
单一伙伴来源份额（来源集中度）,source_share,423,-0.012719965556704155,-2.008391039524593,0.025546664847146076
单一伙伴来源份额（来源集中度）,source_share,424,-0.012869985268268314,-2.154555270725536,0.0277290945939075
单一伙伴来源份额（来源集中度）,source_share,425,-0.01278453481037579,-2.20571478553298,0.02819903745740695
单一伙伴来源份额（来源集中度）,source_share,426,-0.012695792769616082,-2.1961868570875884,0.02788233322093847
单一伙伴来源份额（来源集中度）,source_share,427,-0.012752139770421635,-2.2493227847187063,0.028683678539526955
单一伙伴来源份额（来源集中度）,source_share,428,-0.012851247498251072,-1.9057126645476583,0.024490785112653478
单一伙伴来源份额（来源集中度）,source_share,429,-0.012747794279211752,-2.1919176341148745,0.027942115076672956
单一伙伴来源份额（来源集中度）,source_share,430,-0.012736697682595891,-2.2317587006367394,0.028425235870513176
单一伙伴来源份额（来源集中度）,source_share,431,-0.012797443024958503,-2.177124341933493,0.027861624724144152
单一伙伴来源份额（来源集中度）,source_share,432,-0.012520305391973855,-2.215249507330371,0.02773560035119587
单一伙伴来源份额（来源集中度）,source_share,433,-0.012668742142522891,-2.1037918762968713,0.026652396802339478
单一伙伴来源份额（来源集中度）,source_share,434,-0.012607633984984157,-2.404724106974179,0.03031788137559834
单一伙伴来源份额（来源集中度）,source_share,435,-0.012693019774080777,-2.030768253324227,0.025776581596019893
单一伙伴来源份额（来源集中度）,source_share,436,-0.012576158189956667,-2.201565055164604,0.027687230399230735
单一伙伴来源份额（来源集中度）,source_share,437,-0.012780155969421234,-2.07543985239896,0.026524445018811293
单一伙伴来源份额（来源集中度）,source_share,438,-0.012741619081973302,-2.198109610742163,0.028007475360501254
单一伙伴来源份额（来源集中度）,source_share,439,-0.012621437411936734,-2.0488916033998805,0.025859957136154292
单一伙伴来源份额（来源集中度）,source_share,440,-0.012746726550096184,-2.0877240602503626,0.0266116477080679
单一伙伴来源份额（来源集中度）,source_share,441,-0.012581333234068477,-1.9545906178722825,0.024591355899634987
单一伙伴来源份额（来源集中度）,source_share,442,-0.012626738593461573,-2.0356980552098154,0.025704227198352445
单一伙伴来源份额（来源集中度）,source_share,443,-0.012589256272226795,-2.2804379021828636,0.02870901716347933
单一伙伴来源份额（来源集中度）,source_share,444,-0.012740615102139183,-2.1789971827401287,0.027761764413937615
单一伙伴来源份额（来源集中度）,source_share,445,-0.012641663560247348,-2.078389171622264,0.026274296654909844
单一伙伴来源份额（来源集中度）,source_share,446,-0.012551017435221518,-2.020632670363541,0.025360995875911018
单一伙伴来源份额（来源集中度）,source_share,447,-0.012723866683571158,-2.137831513456032,0.027201483169151715
单一伙伴来源份额（来源集中度）,source_share,448,-0.012762220340130472,-2.298331306080243,0.02933181054281591
单一伙伴来源份额（来源集中度）,source_share,449,-0.012608634795719545,-2.271457972203976,0.028639984025345608
单一伙伴来源份额（来源集中度）,source_share,450,-0.01265939381617304,-1.9935999778099722,0.02523776723101027
单一伙伴来源份额（来源集中度）,source_share,451,-0.012749162577459417,-2.0669489455677827,0.026351868146351976
单一伙伴来源份额（来源集中度）,source_share,452,-0.012649619108082823,-1.9799780974862662,0.025045968775547746
单一伙伴来源份额（来源集中度）,source_share,453,-0.012864534055427857,-2.0408180574222334,0.026254173400640447
单一伙伴来源份额（来源集中度）,source_share,454,-0.012740274213694796,-2.0542064002056564,0.026171152830146937
单一伙伴来源份额（来源集中度）,source_share,455,-0.01266220273439287,-2.3374324227610783,0.02959704321494388
单一伙伴来源份额（来源集中度）,source_share,456,-0.012727505787936907,-1.9601873423967466,0.024948295745795258
单一伙伴来源份额（来源集中度）,source_share,457,-0.012756361261049684,-2.377786362753271,0.030331901844878058
单一伙伴来源份额（来源集中度）,source_share,458,-0.01264311575590061,-2.20628091060549,0.027894264942819016
单一伙伴来源份额（来源集中度）,source_share,459,-0.012671221647761122,-2.0989058706839128,0.0265957015052229
单一伙伴来源份额（来源集中度）,source_share,460,-0.012617935495073167,-2.2559056663862265,0.028464872181431452
单一伙伴来源份额（来源集中度）,source_share,461,-0.012776850942814768,-2.317962502038261,0.029616261379576833
单一伙伴来源份额（来源集中度）,source_share,462,-0.012888511742460773,-2.242491640895285,0.02890237984604901
单一伙伴来源份额（来源集中度）,source_share,463,-0.012660574029232667,-2.1322224083935706,0.02699515964825557
单一伙伴来源份额（来源集中度）,source_share,464,-0.012650587687336306,-2.0652834834309286,0.02612704980635034
单一伙伴来源份额（来源集中度）,source_share,465,-0.012581150836294984,-2.092319079757004,0.02632378194008078
单一伙伴来源份额（来源集中度）,source_share,466,-0.012589536448404093,-1.9629556775832884,0.024712702049536562
单一伙伴来源份额（来源集中度）,source_share,467,-0.012800655437090865,-2.176615316064627,0.027862102680037918
单一伙伴来源份额（来源集中度）,source_share,468,-0.012661109701202504,-2.0068238130560414,0.025408616448088048
单一伙伴来源份额（来源集中度）,source_share,469,-0.012748271983281306,-2.215680833788637,0.028246101897281047
单一伙伴来源份额（来源集中度）,source_share,470,-0.012482893914982527,-2.3030039434643546,0.028748153912051957
单一伙伴来源份额（来源集中度）,source_share,471,-0.01288844335016363,-2.131354717988436,0.027469844541897933
单一伙伴来源份额（来源集中度）,source_share,472,-0.012830763484241602,-2.3896484263164983,0.030661013768557135
单一伙伴来源份额（来源集中度）,source_share,473,-0.012661398286778125,-2.0053127338971306,0.025390063213419488
单一伙伴来源份额（来源集中度）,source_share,474,-0.01243505742641332,-2.0652164128647366,0.02568108469194432
单一伙伴来源份额（来源集中度）,source_share,475,-0.012707705323740458,-2.009658327883885,0.02553814583214939
单一伙伴来源份额（来源集中度）,source_share,476,-0.012793944744101362,-2.116815651310987,0.027082422476321703
单一伙伴来源份额（来源集中度）,source_share,477,-0.012663988181871404,-2.206907018099628,0.027948244395702752
单一伙伴来源份额（来源集中度）,source_share,478,-0.012474989739985008,-2.1989638159970086,0.027432051043160963
单一伙伴来源份额（来源集中度）,source_share,479,-0.012668871997496414,-2.136487348733154,0.027066884745370813
单一伙伴来源份额（来源集中度）,source_share,480,-0.012591137107790714,-2.264813477104716,0.028516577013797704
单一伙伴来源份额（来源集中度）,source_share,481,-0.012589441735705661,-2.4727272355758485,0.03113025546057467
单一伙伴来源份额（来源集中度）,source_share,482,-0.01265449856035714,-2.3555174041732947,0.029807891600007144
单一伙伴来源份额（来源集中度）,source_share,483,-0.012634928074430993,-2.199140119688502,0.027785977237859787
单一伙伴来源份额（来源集中度）,source_share,484,-0.012569944988484036,-2.113291189718029,0.026563953999403606
单一伙伴来源份额（来源集中度）,source_share,485,-0.012717836206342356,-2.3344313204869365,0.029688915168908356
单一伙伴来源份额（来源集中度）,source_share,486,-0.012706102399189387,-2.2089561128360264,0.028067222565009896
单一伙伴来源份额（来源集中度）,source_share,487,-0.012486740165450668,-2.1162865683792393,0.02642552049498481
单一伙伴来源份额（来源集中度）,source_share,488,-0.012584694637382422,-2.3003243600555154,0.028948879638230795
单一伙伴来源份额（来源集中度）,source_share,489,-0.012655376223981576,-2.4996783467748656,0.031634369917376205
单一伙伴来源份额（来源集中度）,source_share,490,-0.012735514322370379,-2.085384541801202,0.026558444699758998
单一伙伴来源份额（来源集中度）,source_share,491,-0.012600794296824343,-1.8810788991068443,0.023703088263742136
单一伙伴来源份额（来源集中度）,source_share,492,-0.012585530634812478,-2.1946705257228794,0.027621093134805305
单一伙伴来源份额（来源集中度）,source_share,493,-0.012682513724738791,-2.2891450000319313,0.02903211288082215
单一伙伴来源份额（来源集中度）,source_share,494,-0.012595739891786919,-2.1923368366728697,0.027614104549914406
单一伙伴来源份额（来源集中度）,source_share,495,-0.012577689879254011,-2.11693799009183,0.026626189532986337
单一伙伴来源份额（来源集中度）,source_share,496,-0.012705275342369341,-1.9965557473897155,0.025366790506976343
单一伙伴来源份额（来源集中度）,source_share,497,-0.012601406589597172,-2.273454130953785,0.028648719866947937
单一伙伴来源份额（来源集中度）,source_share,498,-0.012701446013031881,-2.127739375726473,0.027025366810591957
单一伙伴来源份额（来源集中度）,source_share,499,-0.012874746331624378,-2.1482129018222635,0.02765769617728435
单一伙伴来源份额（来源集中度）,source_share,500,-0.012672968116270809,-2.180419343041211,0.02763238481446141
单一伙伴来源份额（来源集中度）,source_share,501,-0.012636255542368705,-2.1946985957068046,0.027732772293828922
单一伙伴来源份额（来源集中度）,source_share,502,-0.01252245060178336,-1.7678307840707368,0.022137573665837747
单一伙伴来源份额（来源集中度）,source_share,503,-0.012787359374482594,-2.1920404413385555,0.02803040888679554
单一伙伴来源份额（来源集中度）,source_share,504,-0.012917486609196413,-2.0577589821780906,0.026581074097239126
单一伙伴来源份额（来源集中度）,source_share,505,-0.012599600067927798,-2.067889260805238,0.026054577670908838
单一伙伴来源份额（来源集中度）,source_share,506,-0.012654962957453747,-2.1692138379761903,0.027451320766384762
单一伙伴来源份额（来源集中度）,source_share,507,-0.012737345278853097,-2.251668276852805,0.028680276295714367
单一伙伴来源份额（来源集中度）,source_share,508,-0.012897837018003431,-2.2577728674524273,0.02912038646807167
单一伙伴来源份额（来源集中度）,source_share,509,-0.012774583130138968,-2.2048670917187128,0.028166257954068435
单一伙伴来源份额（来源集中度）,source_share,510,-0.012633426735756648,-2.347632176111599,0.029658639099410834
单一伙伴来源份额（来源集中度）,source_share,511,-0.01257532388264462,-2.1689717568624918,0.027275522334854554
单一伙伴来源份额（来源集中度）,source_share,512,-0.012595581994339541,-2.239008890037939,0.028201620060528027
单一伙伴来源份额（来源集中度）,source_share,513,-0.012605342921647163,-2.0917177759254817,0.026366819860845818
单一伙伴来源份额（来源集中度）,source_share,514,-0.012717464749628411,-2.261852556761284,0.028765030159468522
单一伙伴来源份额（来源集中度）,source_share,515,-0.012651182519947023,-2.4248883269306862,0.03067770481448908
单一伙伴来源份额（来源集中度）,source_share,516,-0.012606322603104453,-2.2909768011830463,0.028880792631941772
单一伙伴来源份额（来源集中度）,source_share,517,-0.01259777710434276,-2.2939132327579075,0.02889820760298645
单一伙伴来源份额（来源集中度）,source_share,518,-0.012702162099167818,-2.2746406856939143,0.028892854707046334
单一伙伴来源份额（来源集中度）,source_share,519,-0.012599727277914535,-2.2989195236481828,0.0289657590318403
单一伙伴来源份额（来源集中度）,source_share,520,-0.012730540420826648,-2.217814086763854,0.028233971877425983
单一伙伴来源份额（来源集中度）,source_share,521,-0.01272720693717981,-2.1353228504605446,0.02717669579550001
单一伙伴来源份额（来源集中度）,source_share,522,-0.012725977950495536,-2.14119336922497,0.027248779604504215
单一伙伴来源份额（来源集中度）,source_share,523,-0.012667579167592955,-2.0359729032817904,0.025790847935396155
单一伙伴来源份额（来源集中度）,source_share,524,-0.012503621593784443,-2.189993395582751,0.0273828487112538
单一伙伴来源份额（来源集中度）,source_share,525,-0.012622766090279092,-2.2726447596010044,0.02868706320674204
单一伙伴来源份额（来源集中度）,source_share,526,-0.012606022324659804,-2.0918265618860588,0.02636961233845202
单一伙伴来源份额（来源集中度）,source_share,527,-0.01275306819882505,-2.1369947628131953,0.02725323995068864
单一伙伴来源份额（来源集中度）,source_share,528,-0.012681629949517726,-2.2652863270654273,0.02872752292954593
单一伙伴来源份额（来源集中度）,source_share,529,-0.01272879107466844,-2.1130846575941535,0.026897013129603277
单一伙伴来源份额（来源集中度）,source_share,530,-0.012644688589540602,-1.9674513314335214,0.024877809401053913
单一伙伴来源份额（来源集中度）,source_share,531,-0.01267615079549025,-1.8710247643434124,0.023717392054913706
单一伙伴来源份额（来源集中度）,source_share,532,-0.012695105777238187,-2.326700405849608,0.02953770776420379
单一伙伴来源份额（来源集中度）,source_share,533,-0.01267847392301443,-2.2904559596126846,0.029039486155762413
单一伙伴来源份额（来源集中度）,source_share,534,-0.012750650078599822,-2.023348286425003,0.025799005987339783
单一伙伴来源份额（来源集中度）,source_share,535,-0.012703917028504232,-1.853920220764168,0.02355204866205424
单一伙伴来源份额（来源集中度）,source_share,536,-0.012477823477198412,-1.9904827967129601,0.024836892971784527
单一伙伴来源份额（来源集中度）,source_share,537,-0.012720164877205991,-2.170832761233576,0.027613350643731435
单一伙伴来源份额（来源集中度）,source_share,538,-0.01277111881423154,-2.093254151648206,0.026733197479082683
单一伙伴来源份额（来源集中度）,source_share,539,-0.01279804738581074,-2.0572179439986167,0.026328372730234438
单一伙伴来源份额（来源集中度）,source_share,540,-0.012727955149820667,-2.0954120838697197,0.026670311023886055
单一伙伴来源份额（来源集中度）,source_share,541,-0.0127654738448624,-2.3311466873345132,0.029758192065706356
单一伙伴来源份额（来源集中度）,source_share,542,-0.012739839957175508,-2.1047255662618394,0.026813866867951428
单一伙伴来源份额（来源集中度）,source_share,543,-0.012656470841914645,-2.2372189738035515,0.028315296708922855
单一伙伴来源份额（来源集中度）,source_share,544,-0.012668389355386972,-2.311475530451544,0.029282672005209797
单一伙伴来源份额（来源集中度）,source_share,545,-0.012942386877032279,-2.118100095469358,0.027413270879843434
单一伙伴来源份额（来源集中度）,source_share,546,-0.012798125821715597,-2.140510228863557,0.02739451923166505
单一伙伴来源份额（来源集中度）,source_share,547,-0.012554676744980276,-2.283946840615228,0.028674214286643174
单一伙伴来源份额（来源集中度）,source_share,548,-0.012544928410662771,-2.0229427023564797,0.025377671379934724
单一伙伴来源份额（来源集中度）,source_share,549,-0.012620650324244604,-1.9291976467751597,0.024347728906304846
单一伙伴来源份额（来源集中度）,source_share,550,-0.01246368897876096,-1.9657571098888031,0.024500585225442073
单一伙伴来源份额（来源集中度）,source_share,551,-0.012606806206455073,-2.401021639719531,0.030269214509449124
单一伙伴来源份额（来源集中度）,source_share,552,-0.01284592542926828,-1.831596300173288,0.023528549488549738
单一伙伴来源份额（来源集中度）,source_share,553,-0.012721437729194611,-2.2550292739158584,0.02868721448563153
单一伙伴来源份额（来源集中度）,source_share,554,-0.012600367971788708,-2.253706563305362,0.028397531998082884
单一伙伴来源份额（来源集中度）,source_share,555,-0.012891503707035182,-2.289469250051882,0.029514701324186893
单一伙伴来源份额（来源集中度）,source_share,556,-0.012600929996540876,-1.988894659163553,0.025061922370613957
单一伙伴来源份额（来源集中度）,source_share,557,-0.012762505097718346,-2.2370092340139416,0.02854984175274594
单一伙伴来源份额（来源集中度）,source_share,558,-0.012575767995657669,-2.0918461118640175,0.026306571385420443
单一伙伴来源份额（来源集中度）,source_share,559,-0.012697195073650412,-1.9787474155734808,0.025124541937018085
单一伙伴来源份额（来源集中度）,source_share,560,-0.012677244902030219,-2.090095279074364,0.026496649721402907
单一伙伴来源份额（来源集中度）,source_share,561,-0.01269937995684636,-1.9817324719873708,0.025166773634588007
单一伙伴来源份额（来源集中度）,source_share,562,-0.012680493262718749,-2.0795216920040587,0.02636936080513496
单一伙伴来源份额（来源集中度）,source_share,563,-0.012722745707023387,-2.2541765995128262,0.028679315654324387
单一伙伴来源份额（来源集中度）,source_share,564,-0.012640628418381905,-2.06569251517969,0.02611165151101918
单一伙伴来源份额（来源集中度）,source_share,565,-0.012526162829676852,-2.2438034811664265,0.028106247762886415
单一伙伴来源份额（来源集中度）,source_share,566,-0.012660721666702382,-2.332262044506348,0.029528120599309118
单一伙伴来源份额（来源集中度）,source_share,567,-0.012567241267380076,-2.1297405933663516,0.026764963873768144
单一伙伴来源份额（来源集中度）,source_share,568,-0.012565985885083637,-2.089966508653731,0.026262489648040312
单一伙伴来源份额（来源集中度）,source_share,569,-0.012453166219991462,-2.2616571193702155,0.028164792040144368
单一伙伴来源份额（来源集中度）,source_share,570,-0.01252395360085048,-1.8884548941682275,0.023650921471861885
单一伙伴来源份额（来源集中度）,source_share,571,-0.012637997741418243,-2.257336577530177,0.028528214568447164
单一伙伴来源份额（来源集中度）,source_share,572,-0.012587625844673803,-2.3253835181944265,0.029271057672402657
单一伙伴来源份额（来源集中度）,source_share,573,-0.01281217770958658,-2.041303794483666,0.02615354697417813
单一伙伴来源份额（来源集中度）,source_share,574,-0.01266556834880228,-2.4686343737158767,0.03126665738850115
单一伙伴来源份额（来源集中度）,source_share,575,-0.012657521787773914,-1.8781781663857349,0.023773081062348697
单一伙伴来源份额（来源集中度）,source_share,576,-0.012561815954254367,-1.7584120217741928,0.02208884818927573
单一伙伴来源份额（来源集中度）,source_share,577,-0.012629042939850007,-2.226192253960231,0.028114677567625226
单一伙伴来源份额（来源集中度）,source_share,578,-0.012530344921997918,-2.197061353192258,0.027529936570290483
单一伙伴来源份额（来源集中度）,source_share,579,-0.01266682886529572,-1.9198145025346733,0.024317961756719544
单一伙伴来源份额（来源集中度）,source_share,580,-0.012677346455904086,-2.1400757834872777,0.0271304821491586
单一伙伴来源份额（来源集中度）,source_share,581,-0.012551676772139487,-2.4831876019199806,0.031168168143883776
单一伙伴来源份额（来源集中度）,source_share,582,-0.012595910726565695,-2.2943997263776588,0.028900054124509748
单一伙伴来源份额（来源集中度）,source_share,583,-0.01250794758330193,-2.0313618241965363,0.025408167219770867
单一伙伴来源份额（来源集中度）,source_share,584,-0.012703910246302606,-2.192133666481471,0.02784866934687886
单一伙伴来源份额（来源集中度）,source_share,585,-0.012490671651811334,-2.1856472372409166,0.027300201987064877
单一伙伴来源份额（来源集中度）,source_share,586,-0.012737189279544255,-2.2912936047841117,0.0291846403391445
单一伙伴来源份额（来源集中度）,source_share,587,-0.012618035451455921,-2.075951130309201,0.02619442495773149
单一伙伴来源份额（来源集中度）,source_share,588,-0.012814823212074345,-2.2787534561286087,0.029201822684191532
单一伙伴来源份额（来源集中度）,source_share,589,-0.012752698218886355,-2.199904149476789,0.028054713728753348
单一伙伴来源份额（来源集中度）,source_share,590,-0.012681284973225564,-1.980266914363696,0.025112329064096092
单一伙伴来源份额（来源集中度）,source_share,591,-0.01273645916465136,-2.11892597795957,0.026987614191201013
单一伙伴来源份额（来源集中度）,source_share,592,-0.012727251887918182,-2.228941197748496,0.02836829606710316
单一伙伴来源份额（来源集中度）,source_share,593,-0.012608149176333247,-2.073100805336845,0.026137964211263534
单一伙伴来源份额（来源集中度）,source_share,594,-0.012639003971819936,-2.2236060848514274,0.02810416613820017
单一伙伴来源份额（来源集中度）,source_share,595,-0.012731680087956039,-2.0807741735122525,0.02649175111243913
单一伙伴来源份额（来源集中度）,source_share,596,-0.01274598757712121,-2.288662572007919,0.029171264711035212
单一伙伴来源份额（来源集中度）,source_share,597,-0.012846517625371071,-2.3488874469810805,0.030175023987655307
单一伙伴来源份额（来源集中度）,source_share,598,-0.012651230969439398,-2.2821071642149993,0.02887146483149632
单一伙伴来源份额（来源集中度）,source_share,599,-0.012637277751440242,-2.226849510479329,0.02814131577458602
单一伙伴来源份额（来源集中度）,source_share,600,-0.012588119830837638,-2.438167697946919,0.030691947149433362
单一伙伴来源份额（来源集中度）,source_share,601,-0.012698354531999826,-2.0931828944217026,0.02657997849368434
单一伙伴来源份额（来源集中度）,source_share,602,-0.012504673104854138,-2.134688110888857,0.026693577007483777
单一伙伴来源份额（来源集中度）,source_share,603,-0.01264860896374667,-2.0214121484646683,0.025568051820496616
单一伙伴来源份额（来源集中度）,source_share,604,-0.012762514763157881,-2.3081052401867055,0.029457227202804897
单一伙伴来源份额（来源集中度）,source_share,605,-0.012690771944929386,-2.0320855949144043,0.025788734857634863
单一伙伴来源份额（来源集中度）,source_share,606,-0.0127380430003986,-2.0663371374348194,0.026321091309965284
单一伙伴来源份额（来源集中度）,source_share,607,-0.012653596365039002,-2.3113832545924113,0.029247310748522555
单一伙伴来源份额（来源集中度）,source_share,608,-0.01255661395773852,-2.22430111806435,0.02792969046530021
单一伙伴来源份额（来源集中度）,source_share,609,-0.012582728991854456,-1.8288034472731258,0.023011338156406932
单一伙伴来源份额（来源集中度）,source_share,610,-0.012787801379985716,-2.006823653764207,0.025662862288993903
单一伙伴来源份额（来源集中度）,source_share,611,-0.01259796588624944,-2.1812466962598354,0.027479271468975698
单一伙伴来源份额（来源集中度）,source_share,612,-0.012607180818971988,-2.2497875697119536,0.028363478695634145
单一伙伴来源份额（来源集中度）,source_share,613,-0.0124270721232841,-2.3850304352280856,0.029638945234807087
单一伙伴来源份额（来源集中度）,source_share,614,-0.012625610608856438,-2.4065718310025717,0.030384438840481132
单一伙伴来源份额（来源集中度）,source_share,615,-0.012792544250023045,-2.106675476872337,0.02694973925832777
单一伙伴来源份额（来源集中度）,source_share,616,-0.012687602665686372,-2.209483608895424,0.028033050126011927
单一伙伴来源份额（来源集中度）,source_share,617,-0.012713866926142778,-2.0796976923378216,0.02644099970698929
单一伙伴来源份额（来源集中度）,source_share,618,-0.012608684389145395,-2.124512727517482,0.026787310461990378
单一伙伴来源份额（来源集中度）,source_share,619,-0.012635390170597453,-2.097135887590069,0.026498130180462726
单一伙伴来源份额（来源集中度）,source_share,620,-0.012505906525152927,-2.1516494407740967,0.026908326781218423
单一伙伴来源份额（来源集中度）,source_share,621,-0.012642653806817847,-2.2184382507588714,0.02804694679614697
单一伙伴来源份额（来源集中度）,source_share,622,-0.012642923063449258,-2.0211490486531383,0.02555323192188529
单一伙伴来源份额（来源集中度）,source_share,623,-0.012586466632460066,-2.228375540895809,0.02804737439007525
单一伙伴来源份额（来源集中度）,source_share,624,-0.01275174296378665,-2.3122506193426324,0.029485225565713737
单一伙伴来源份额（来源集中度）,source_share,625,-0.012703340068042666,-2.360038372301821,0.029980370016979913
单一伙伴来源份额（来源集中度）,source_share,626,-0.012662439728257794,-1.9432035461551123,0.02460569778292592
单一伙伴来源份额（来源集中度）,source_share,627,-0.012702480071474504,-2.0714585228716937,0.0263126606056637
单一伙伴来源份额（来源集中度）,source_share,628,-0.01277306491691371,-2.275195259909594,0.029061216753479606
单一伙伴来源份额（来源集中度）,source_share,629,-0.012568193328536544,-2.174799092502328,0.02733329544529509
单一伙伴来源份额（来源集中度）,source_share,630,-0.012610862991752098,-2.141571575947754,0.027007065731307744
单一伙伴来源份额（来源集中度）,source_share,631,-0.012409233576617544,-2.2545004428023065,0.027976622593321503
单一伙伴来源份额（来源集中度）,source_share,632,-0.012723741771772615,-2.0132438248159414,0.025615994550573864
单一伙伴来源份额（来源集中度）,source_share,633,-0.012483791772386179,-2.2520555830835844,0.02811419295905521
单一伙伴来源份额（来源集中度）,source_share,634,-0.012652990659361768,-2.06703827325754,0.02615421596407093
单一伙伴来源份额（来源集中度）,source_share,635,-0.01275828506052723,-2.3554155464819977,0.030051062978014853
单一伙伴来源份额（来源集中度）,source_share,636,-0.012767974942972429,-2.4795320072999774,0.03165860253950424
单一伙伴来源份额（来源集中度）,source_share,637,-0.012637057938374264,-1.9903742477520903,0.025152474687891255
单一伙伴来源份额（来源集中度）,source_share,638,-0.012744694105401353,-2.1565385867214877,0.02748442461425991
单一伙伴来源份额（来源集中度）,source_share,639,-0.012816989017641486,-2.2461377135998752,0.028788722407319958
单一伙伴来源份额（来源集中度）,source_share,640,-0.012577526248653624,-2.259266575623146,0.028415984657605906
单一伙伴来源份额（来源集中度）,source_share,641,-0.012730495793307192,-2.2687048578104663,0.02888173764861173
单一伙伴来源份额（来源集中度）,source_share,642,-0.012833915652756062,-2.44720077589099,0.03140716834314416
单一伙伴来源份额（来源集中度）,source_share,643,-0.01265917814409045,-1.8848913117608421,0.02386117489782883
单一伙伴来源份额（来源集中度）,source_share,644,-0.012667952536786962,-2.0850262809931412,0.02641301396557455
单一伙伴来源份额（来源集中度）,source_share,645,-0.01255564602936701,-2.092013858529288,0.026266585496224012
单一伙伴来源份额（来源集中度）,source_share,646,-0.012483643906725106,-2.1910218428150254,0.027351936477559406
单一伙伴来源份额（来源集中度）,source_share,647,-0.012679831618268867,-2.4874985246528643,0.031541062443290545
单一伙伴来源份额（来源集中度）,source_share,648,-0.012663367629716081,-2.1307492782191577,0.026982461436841385
单一伙伴来源份额（来源集中度）,source_share,649,-0.012733348924441418,-2.0392295557636264,0.025966221470571923
单一伙伴来源份额（来源集中度）,source_share,650,-0.01289393620140448,-1.9770235843344681,0.025491615965080643
单一伙伴来源份额（来源集中度）,source_share,651,-0.012671205432689308,-1.9991282932661043,0.025331365290276363
单一伙伴来源份额（来源集中度）,source_share,652,-0.012457483064756353,-2.2834047350720104,0.028445475817144038
单一伙伴来源份额（来源集中度）,source_share,653,-0.012731792102751051,-1.9761759074819418,0.025160260812525478
单一伙伴来源份额（来源集中度）,source_share,654,-0.012399245573534445,-2.1026031487190915,0.02607069278465478
单一伙伴来源份额（来源集中度）,source_share,655,-0.012932120811080706,-2.3399786256127397,0.030260886281770538
单一伙伴来源份额（来源集中度）,source_share,656,-0.012741292068734979,-2.259383921700272,0.028787470441787005
单一伙伴来源份额（来源集中度）,source_share,657,-0.012750375637505668,-1.9807209202144131,0.02525493576579966
单一伙伴来源份额（来源集中度）,source_share,658,-0.012711657741693496,-2.2598719816002086,0.028726719170144514
单一伙伴来源份额（来源集中度）,source_share,659,-0.012681347887250186,-2.1481325005618395,0.02724121554753334
单一伙伴来源份额（来源集中度）,source_share,660,-0.01274541244336532,-2.177706725090578,0.027755770391969792
单一伙伴来源份额（来源集中度）,source_share,661,-0.012828475900568608,-2.2133763623561156,0.02839424532337364
单一伙伴来源份额（来源集中度）,source_share,662,-0.012683336950665196,-2.0331442447125805,0.025787053524995353
单一伙伴来源份额（来源集中度）,source_share,663,-0.012691643560990763,-1.9738881399334554,0.025051884701302474
单一伙伴来源份额（来源集中度）,source_share,664,-0.012727381310455773,-2.2157822165416596,0.028201105170852586
单一伙伴来源份额（来源集中度）,source_share,665,-0.012645882372859529,-2.114277130691556,0.026736899898352373
单一伙伴来源份额（来源集中度）,source_share,666,-0.012817216218424672,-2.176544579884278,0.027897242489417082
单一伙伴来源份额（来源集中度）,source_share,667,-0.012662798531853103,-2.062344536868508,0.026115053373633807
单一伙伴来源份额（来源集中度）,source_share,668,-0.012792625513283331,-2.1728784572173843,0.027796820389062834
单一伙伴来源份额（来源集中度）,source_share,669,-0.012605957279081937,-2.0887021277457243,0.026330089791090142
单一伙伴来源份额（来源集中度）,source_share,670,-0.012637368882592778,-2.5551185108578522,0.03228997516045182
单一伙伴来源份额（来源集中度）,source_share,671,-0.012908124812684675,-2.1188102569940224,0.027349867251675333
单一伙伴来源份额（来源集中度）,source_share,672,-0.012603325705221366,-2.225794493082288,0.02805241294920416
单一伙伴来源份额（来源集中度）,source_share,673,-0.012530870881201693,-2.0295164445305574,0.025431608517687953
单一伙伴来源份额（来源集中度）,source_share,674,-0.012767520596113158,-2.083273058464937,0.026598231681278735
单一伙伴来源份额（来源集中度）,source_share,675,-0.012774719243346418,-2.2735603939268993,0.029044095715208225
单一伙伴来源份额（来源集中度）,source_share,676,-0.012652607467053779,-2.214509356058462,0.028019317614325752
单一伙伴来源份额（来源集中度）,source_share,677,-0.01276142518306146,-2.0766812612525514,0.026501412544540144
单一伙伴来源份额（来源集中度）,source_share,678,-0.012745021601054946,-2.445169966406033,0.031163744040095687
单一伙伴来源份额（来源集中度）,source_share,679,-0.012598361674951809,-2.079408457585383,0.02619713981861434
单一伙伴来源份额（来源集中度）,source_share,680,-0.012794299645369088,-2.299482072923949,0.029420262670143457
单一伙伴来源份额（来源集中度）,source_share,681,-0.01250089533685446,-2.033429482542064,0.02541968913613247
单一伙伴来源份额（来源集中度）,source_share,682,-0.01260879784737155,-1.9791796948322464,0.02495507667576231
单一伙伴来源份额（来源集中度）,source_share,683,-0.012578547080175322,-2.1319557961948785,0.02681690635528994
单一伙伴来源份额（来源集中度）,source_share,684,-0.01261238658091202,-2.0479138820735825,0.02582908156512829
单一伙伴来源份额（来源集中度）,source_share,685,-0.012907958696292054,-2.1700117135436594,0.0280104215688915
单一伙伴来源份额（来源集中度）,source_share,686,-0.012680415912362762,-2.2001512050677374,0.027898832350345043
单一伙伴来源份额（来源集中度）,source_share,687,-0.012594345840113463,-2.0390543010633047,0.025680555054362095
单一伙伴来源份额（来源集中度）,source_share,688,-0.012668873504113316,-2.181275454022296,0.02763430280463581
单一伙伴来源份额（来源集中度）,source_share,689,-0.01269145671343367,-2.11145016814643,0.026797378411602662
单一伙伴来源份额（来源集中度）,source_share,690,-0.012689232503514567,-2.263711970611106,0.028724767516073457
单一伙伴来源份额（来源集中度）,source_share,691,-0.012608351486042679,-2.250192302323952,0.028371215458887995
单一伙伴来源份额（来源集中度）,source_share,692,-0.012832018725299054,-2.17384557147902,0.02789482707912721
单一伙伴来源份额（来源集中度）,source_share,693,-0.012675402118378807,-2.1056704599548466,0.02669021980871934
单一伙伴来源份额（来源集中度）,source_share,694,-0.012714845200630626,-1.9358853457447713,0.024614482497314065
单一伙伴来源份额（来源集中度）,source_share,695,-0.01259806864499779,-1.9779310808509496,0.024918111531634937
单一伙伴来源份额（来源集中度）,source_share,696,-0.012741465123206265,-2.30669748171998,0.02939070551312285
单一伙伴来源份额（来源集中度）,source_share,697,-0.012529586666809958,-2.2093209659157944,0.027681878517242235
单一伙伴来源份额（来源集中度）,source_share,698,-0.012590670918611248,-2.2663290130186304,0.0285346027962186
单一伙伴来源份额（来源集中度）,source_share,699,-0.012663016578603562,-2.082370779062934,0.026369095698073552
单一伙伴来源份额（来源集中度）,source_share,700,-0.012796379145096083,-2.18950785565545,0.028017772662133445
单一伙伴来源份额（来源集中度）,source_share,701,-0.012668390703696058,-2.241956188655519,0.02840197693845742
单一伙伴来源份额（来源集中度）,source_share,702,-0.012596769077926322,-2.208106793472446,0.02781501137677275
单一伙伴来源份额（来源集中度）,source_share,703,-0.012812418923679774,-2.14953410998482,0.02754073150786467
单一伙伴来源份额（来源集中度）,source_share,704,-0.012434118170585021,-2.023058204986635,0.025154944786775435
单一伙伴来源份额（来源集中度）,source_share,705,-0.012675862663294414,-2.0855020842688092,0.02643553800420568
单一伙伴来源份额（来源集中度）,source_share,706,-0.012760806747495043,-2.038208975627281,0.026009190848989568
单一伙伴来源份额（来源集中度）,source_share,707,-0.012728326882672614,-2.0292583951065253,0.02582906418232347
单一伙伴来源份额（来源集中度）,source_share,708,-0.012623599628842868,-2.175964642732637,0.027468506456374917
单一伙伴来源份额（来源集中度）,source_share,709,-0.012555956265404013,-2.355443597980794,0.02957484680187272
单一伙伴来源份额（来源集中度）,source_share,710,-0.012656465416638934,-2.063683742502836,0.026118941917867147
单一伙伴来源份额（来源集中度）,source_share,711,-0.012465405132418034,-2.5177533110125463,0.031384815045258294
单一伙伴来源份额（来源集中度）,source_share,712,-0.012582433134647344,-2.1946885732282846,0.027614522224019472
单一伙伴来源份额（来源集中度）,source_share,713,-0.012518108499180315,-2.3395388646617286,0.02928660134588465
单一伙伴来源份额（来源集中度）,source_share,714,-0.01267514927564195,-2.06598600682267,0.026186681037864774
单一伙伴来源份额（来源集中度）,source_share,715,-0.012724899267077825,-2.1536525546036898,0.027405011813616778
单一伙伴来源份额（来源集中度）,source_share,716,-0.01265113499887547,-2.1893580429348063,0.02769786416204203
单一伙伴来源份额（来源集中度）,source_share,717,-0.01247594615845602,-2.2160168276404333,0.02764690662787456
单一伙伴来源份额（来源集中度）,source_share,718,-0.012679929837255377,-2.4170079312392323,0.030647490984203236
单一伙伴来源份额（来源集中度）,source_share,719,-0.012761560789050013,-2.294015207617662,0.02927521452301798
单一伙伴来源份额（来源集中度）,source_share,720,-0.012861894436530219,-2.082001229035488,0.02677848002458062
单一伙伴来源份额（来源集中度）,source_share,721,-0.012934593070890548,-2.0875348472903807,0.027001413771004717
单一伙伴来源份额（来源集中度）,source_share,722,-0.0128121025750022,-2.3220504394529065,0.02975034841459957
单一伙伴来源份额（来源集中度）,source_share,723,-0.012708453020659108,-1.9006717576897314,0.024154597740293524
单一伙伴来源份额（来源集中度）,source_share,724,-0.012582657418997637,-2.057038965123227,0.025883016595674994
单一伙伴来源份额（来源集中度）,source_share,725,-0.01274274854665791,-1.8978716987427355,0.02418410183089717
单一伙伴来源份额（来源集中度）,source_share,726,-0.012634462817955957,-2.1556173696715613,0.02723506750685536
单一伙伴来源份额（来源集中度）,source_share,727,-0.012754484879604996,-2.1770576991268764,0.027767249505541387
单一伙伴来源份额（来源集中度）,source_share,728,-0.012836508572116224,-2.208214998631949,0.028345770759014628
单一伙伴来源份额（来源集中度）,source_share,729,-0.012715243903341635,-2.46394092551916,0.03132960983140144
单一伙伴来源份额（来源集中度）,source_share,730,-0.0124966340265806,-2.216028380672153,0.027692895665775933
单一伙伴来源份额（来源集中度）,source_share,731,-0.01267143047732327,-2.2039268819565554,0.02792690626181634
单一伙伴来源份额（来源集中度）,source_share,732,-0.012575953588164832,-2.2083687048548715,0.027772342337810542
单一伙伴来源份额（来源集中度）,source_share,733,-0.012604761151165163,-2.1131044700129737,0.02663517713197298
单一伙伴来源份额（来源集中度）,source_share,734,-0.012738057595882743,-2.2830554541698143,0.02908169186980933
单一伙伴来源份额（来源集中度）,source_share,735,-0.012817572379051744,-2.1106167340801476,0.0270529827535101
单一伙伴来源份额（来源集中度）,source_share,736,-0.012686018298749215,-2.599514927115838,0.032977493933263255
单一伙伴来源份额（来源集中度）,source_share,737,-0.012722738074069833,-2.050319222940115,0.026085674441697473
单一伙伴来源份额（来源集中度）,source_share,738,-0.012646720244157838,-2.3279267077219283,0.02944063782146262
单一伙伴来源份额（来源集中度）,source_share,739,-0.012772536214863978,-2.3795901425492376,0.030393401272243475
单一伙伴来源份额（来源集中度）,source_share,740,-0.012605116113507947,-2.2264880108813108,0.028065139902492268
单一伙伴来源份额（来源集中度）,source_share,741,-0.012632478650250242,-2.3990182123809496,0.030305546349463846
单一伙伴来源份额（来源集中度）,source_share,742,-0.012524843451182889,-2.273649268172447,0.02847710114675644
单一伙伴来源份额（来源集中度）,source_share,743,-0.012729211353469915,-2.3512875658152774,0.02993003637804847
单一伙伴来源份额（来源集中度）,source_share,744,-0.012819804846509431,-2.224577260977118,0.028518646351709136
单一伙伴来源份额（来源集中度）,source_share,745,-0.012634177108290522,-2.2208898901383067,0.028059116210019247
单一伙伴来源份额（来源集中度）,source_share,746,-0.01267813141435315,-1.9462924308053893,0.02467535120851156
单一伙伴来源份额（来源集中度）,source_share,747,-0.012608306825618315,-2.1667078721421063,0.027318517653450253
单一伙伴来源份额（来源集中度）,source_share,748,-0.012560129164236631,-1.9957170230833203,0.025066463585192322
单一伙伴来源份额（来源集中度）,source_share,749,-0.01285026423576273,-2.0665015943692255,0.02655509153126952
单一伙伴来源份额（来源集中度）,source_share,750,-0.012673758953179659,-2.2597944354738093,0.028640089958931764
单一伙伴来源份额（来源集中度）,source_share,751,-0.012717240841823883,-2.2184632157357607,0.028212731013238762
单一伙伴来源份额（来源集中度）,source_share,752,-0.012701534205506843,-2.2609565562348273,0.028717617036181614
单一伙伴来源份额（来源集中度）,source_share,753,-0.012769204405226841,-2.3476069838762883,0.0299770734402544
单一伙伴来源份额（来源集中度）,source_share,754,-0.012814472555273303,-2.183122765751293,0.027975566766512295
单一伙伴来源份额（来源集中度）,source_share,755,-0.012702408244939794,-2.076256378341755,0.026373456138857148
单一伙伴来源份额（来源集中度）,source_share,756,-0.012874756104078785,-2.3708700820204665,0.03052437406047077
单一伙伴来源份额（来源集中度）,source_share,757,-0.012647472632085408,-1.8137049822729843,0.02293878412597452
单一伙伴来源份额（来源集中度）,source_share,758,-0.012618314720552574,-2.011035574580794,0.02537587979428774
单一伙伴来源份额（来源集中度）,source_share,759,-0.012669614363539984,-2.261857368623357,0.028656860605789237
单一伙伴来源份额（来源集中度）,source_share,760,-0.012802354482445372,-2.0796018291893916,0.0266237997996244
单一伙伴来源份额（来源集中度）,source_share,761,-0.012650086013756884,-2.2439005571664894,0.028385535054473086
单一伙伴来源份额（来源集中度）,source_share,762,-0.012660047829222304,-2.2664469052578053,0.02869332622295669
单一伙伴来源份额（来源集中度）,source_share,763,-0.01276803762116794,-2.24273452559877,0.028635318797137325
单一伙伴来源份额（来源集中度）,source_share,764,-0.012745912389386785,-2.2009399781638126,0.02805298813597482
单一伙伴来源份额（来源集中度）,source_share,765,-0.012793054306700705,-2.252629990738456,0.02881801780441977
单一伙伴来源份额（来源集中度）,source_share,766,-0.012806072753017478,-2.138172634155738,0.027381594311509407
单一伙伴来源份额（来源集中度）,source_share,767,-0.012880618133141654,-2.418150295417168,0.03114727054381222
单一伙伴来源份额（来源集中度）,source_share,768,-0.012665680751136523,-2.243179019746458,0.028411389331756007
单一伙伴来源份额（来源集中度）,source_share,769,-0.012758932552839873,-1.984423707108822,0.025319128235257927
单一伙伴来源份额（来源集中度）,source_share,770,-0.012626680014206127,-1.8797173181367075,0.023734589093273906
单一伙伴来源份额（来源集中度）,source_share,771,-0.012689180065347718,-1.9303449009247926,0.024494494036060493
单一伙伴来源份额（来源集中度）,source_share,772,-0.012641335902786465,-2.346532523155331,0.029663305832019597
单一伙伴来源份额（来源集中度）,source_share,773,-0.01272495593422641,-2.2766815112782535,0.028970671907283762
单一伙伴来源份额（来源集中度）,source_share,774,-0.012740952313071763,-2.224963629875305,0.028348155506560314
单一伙伴来源份额（来源集中度）,source_share,775,-0.012727661242191757,-2.116198837034455,0.0269342619188947
单一伙伴来源份额（来源集中度）,source_share,776,-0.012677713073371111,-2.3557807499917973,0.02986591241216701
单一伙伴来源份额（来源集中度）,source_share,777,-0.012518104143611979,-2.0196300747916034,0.02528193960781214
单一伙伴来源份额（来源集中度）,source_share,778,-0.012660608540197998,-2.3403501079291216,0.029630256563500743
单一伙伴来源份额（来源集中度）,source_share,779,-0.012648290998511079,-1.995986849765665,0.025245822505037544
单一伙伴来源份额（来源集中度）,source_share,780,-0.012670941028610152,-2.4489570769030564,0.031030590703036126
单一伙伴来源份额（来源集中度）,source_share,781,-0.012616650500860872,-2.420416581375481,0.030537550073702922
单一伙伴来源份额（来源集中度）,source_share,782,-0.012853159321828067,-2.065903101933965,0.02655338171261606
单一伙伴来源份额（来源集中度）,source_share,783,-0.012677327523884924,-2.079510268952823,0.026362632768796964
单一伙伴来源份额（来源集中度）,source_share,784,-0.012701919416567106,-2.0472187499860737,0.02600360759040835
单一伙伴来源份额（来源集中度）,source_share,785,-0.012764440247056735,-2.358460244615825,0.030104424867457506
单一伙伴来源份额（来源集中度）,source_share,786,-0.01275851052987775,-2.2632958821914597,0.02887628434516869
单一伙伴来源份额（来源集中度）,source_share,787,-0.012599524237711374,-2.3130508718254275,0.0291433405226239
单一伙伴来源份额（来源集中度）,source_share,788,-0.012874326231810217,-2.2336601477371096,0.028756869432960956
单一伙伴来源份额（来源集中度）,source_share,789,-0.01259632719565936,-2.2099799986975084,0.02783763115945666
单一伙伴来源份额（来源集中度）,source_share,790,-0.012619039721636584,-2.155287865880707,0.027197663191109986
单一伙伴来源份额（来源集中度）,source_share,791,-0.012599386609262226,-1.924323935588717,0.024245301225939268
单一伙伴来源份额（来源集中度）,source_share,792,-0.012534164812252216,-2.0956082363085007,0.026266699015803936
单一伙伴来源份额（来源集中度）,source_share,793,-0.012632437334915442,-2.2238861678001873,0.028093102654721116
单一伙伴来源份额（来源集中度）,source_share,794,-0.012738756189397675,-2.112701327898687,0.026913187117118084
单一伙伴来源份额（来源集中度）,source_share,795,-0.012517567096005216,-2.086713153546929,0.02612057190964032
单一伙伴来源份额（来源集中度）,source_share,796,-0.01264928581399647,-2.0262463351107236,0.025630569022378414
单一伙伴来源份额（来源集中度）,source_share,797,-0.01245457339552782,-2.4889680981953712,0.030999035858101546
单一伙伴来源份额（来源集中度）,source_share,798,-0.012682765950577936,-2.136004991331542,0.0270904513743242
单一伙伴来源份额（来源集中度）,source_share,799,-0.012732215714961593,-2.130744371661108,0.027129096973429526
单一伙伴来源份额（来源集中度）,source_share,800,-0.012653365065594053,-2.094748670669005,0.026505619650642766
单一伙伴来源份额（来源集中度）,source_share,801,-0.012668419150640155,-2.078263238785952,0.02632830981430739
单一伙伴来源份额（来源集中度）,source_share,802,-0.012673420581014746,-2.028876209333716,0.0257128015077011
单一伙伴来源份额（来源集中度）,source_share,803,-0.012604135763697235,-2.1744900888246805,0.027407568296360332
单一伙伴来源份额（来源集中度）,source_share,804,-0.01259157517632938,-2.2959372720784197,0.028909466761512025
单一伙伴来源份额（来源集中度）,source_share,805,-0.012517270420533431,-2.227281588309655,0.027879485943547163
单一伙伴来源份额（来源集中度）,source_share,806,-0.012577581296984549,-2.078055758276793,0.026136915239393235
单一伙伴来源份额（来源集中度）,source_share,807,-0.012694379305606723,-1.902678991989183,0.024153328821120146
单一伙伴来源份额（来源集中度）,source_share,808,-0.012727071392989777,-2.324282539744754,0.029581309820811082
单一伙伴来源份额（来源集中度）,source_share,809,-0.01276650974843312,-2.2098279922053914,0.028211790604850517
单一伙伴来源份额（来源集中度）,source_share,810,-0.012729507751781543,-2.2003241619242195,0.02800904347564658
单一伙伴来源份额（来源集中度）,source_share,811,-0.012768981192630171,-1.9100971789947028,0.024389994954679306
单一伙伴来源份额（来源集中度）,source_share,812,-0.01268505503926376,-2.0940812207540107,0.02656353554195327
单一伙伴来源份额（来源集中度）,source_share,813,-0.012713975492553228,-2.0137826626023445,0.025603183419654795
单一伙伴来源份额（来源集中度）,source_share,814,-0.01268147896585066,-2.185485481626014,0.027715188165412297
单一伙伴来源份额（来源集中度）,source_share,815,-0.01256568590206417,-2.1659315637113257,0.027216415714963207
单一伙伴来源份额（来源集中度）,source_share,816,-0.012608900231679453,-2.069508312610058,0.026094223842331517
单一伙伴来源份额（来源集中度）,source_share,817,-0.012671899777911147,-2.257701147937247,0.028609362675135742
单一伙伴来源份额（来源集中度）,source_share,818,-0.01259923408288429,-2.0722390564771516,0.026108624948250912
单一伙伴来源份额（来源集中度）,source_share,819,-0.012772241429918408,-2.0914507594144527,0.02671251403802759
单一伙伴来源份额（来源集中度）,source_share,820,-0.012548752042116565,-2.2868411855567716,0.028697002997251805
单一伙伴来源份额（来源集中度）,source_share,821,-0.01265173017100333,-2.090734366245412,0.026451407060980606
单一伙伴来源份额（来源集中度）,source_share,822,-0.012779753025094416,-2.0393309380644156,0.02606214572489735
单一伙伴来源份额（来源集中度）,source_share,823,-0.01255062294022615,-2.0334694236738073,0.025521307997008934
单一伙伴来源份额（来源集中度）,source_share,824,-0.012720569352582058,-2.2703615385460685,0.028880291406510168
单一伙伴来源份额（来源集中度）,source_share,825,-0.012531224289352456,-2.2842680647685305,0.02862467545661954
单一伙伴来源份额（来源集中度）,source_share,826,-0.012669298357009485,-2.086567816982511,0.026435350215485397
单一伙伴来源份额（来源集中度）,source_share,827,-0.01283108204477289,-1.8996558593981323,0.02437464018877099
单一伙伴来源份额（来源集中度）,source_share,828,-0.012725356000416518,-2.1792301342950333,0.027731479265739795
单一伙伴来源份额（来源集中度）,source_share,829,-0.012704848738757322,-2.44928132282134,0.031117748725108568
单一伙伴来源份额（来源集中度）,source_share,830,-0.01254802873637433,-2.122580304359804,0.026634198654368994
单一伙伴来源份额（来源集中度）,source_share,831,-0.01258236909836411,-2.3676941396320403,0.02979120157688398
单一伙伴来源份额（来源集中度）,source_share,832,-0.012657094513600097,-2.0639906868888445,0.02612412519914249
单一伙伴来源份额（来源集中度）,source_share,833,-0.012656418228844064,-2.1833249461072963,0.02763307364740237
单一伙伴来源份额（来源集中度）,source_share,834,-0.01264279468914248,-2.176468184780931,0.027516640407635927
单一伙伴来源份额（来源集中度）,source_share,835,-0.012698210991333819,-2.0306495121276313,0.025785615954445746
单一伙伴来源份额（来源集中度）,source_share,836,-0.012629578042559013,-2.189439323278876,0.027651694802798152
单一伙伴来源份额（来源集中度）,source_share,837,-0.012749458487558906,-2.086105705399713,0.026596718091653433
单一伙伴来源份额（来源集中度）,source_share,838,-0.012665562671424763,-2.2094100357162065,0.02798342127423844
单一伙伴来源份额（来源集中度）,source_share,839,-0.012799672004676532,-2.0733742478890043,0.026538510315922147
单一伙伴来源份额（来源集中度）,source_share,840,-0.012742373107520934,-2.0341106940166847,0.025919397405158945
单一伙伴来源份额（来源集中度）,source_share,841,-0.012740352983863137,-2.1670043938605925,0.027608400895366328
单一伙伴来源份额（来源集中度）,source_share,842,-0.012753072744250785,-2.2503481846728266,0.028698854099025256
单一伙伴来源份额（来源集中度）,source_share,843,-0.012761798048526967,-2.0893600221441955,0.026663990653270055
单一伙伴来源份额（来源集中度）,source_share,844,-0.012578568744919532,-2.3064456948246614,0.0290117857287757
单一伙伴来源份额（来源集中度）,source_share,845,-0.012587235627393781,-2.244354662074583,0.028250220962972524
单一伙伴来源份额（来源集中度）,source_share,846,-0.012759003286437176,-2.07389355545202,0.0264608146897332
单一伙伴来源份额（来源集中度）,source_share,847,-0.012673336198302038,-2.2819678776509944,0.028920146107196825
单一伙伴来源份额（来源集中度）,source_share,848,-0.012692251446629561,-2.126940986095341,0.0269956698076643
单一伙伴来源份额（来源集中度）,source_share,849,-0.012746614395577241,-2.0489124930275757,0.02611669747890335
单一伙伴来源份额（来源集中度）,source_share,850,-0.012619629961187685,-1.97192511043375,0.02488496520484809
单一伙伴来源份额（来源集中度）,source_share,851,-0.012692060811039935,-2.1534013661478575,0.027331101089725078
单一伙伴来源份额（来源集中度）,source_share,852,-0.012722318964160987,-2.356399139708614,0.029978861462247538
单一伙伴来源份额（来源集中度）,source_share,853,-0.012827983055632654,-1.7910403599336737,0.022975435389183375
单一伙伴来源份额（来源集中度）,source_share,854,-0.012743515295954204,-1.9843254365023417,0.025287281552218595
单一伙伴来源份额（来源集中度）,source_share,855,-0.012585608953158925,-1.9834214627967948,0.024962566920062913
单一伙伴来源份额（来源集中度）,source_share,856,-0.012742545278490433,-2.2578978960663303,0.028771366174833498
单一伙伴来源份额（来源集中度）,source_share,857,-0.01269744205557245,-1.9505788956178864,0.024767362501930613
单一伙伴来源份额（来源集中度）,source_share,858,-0.012699057194258642,-2.141463666261422,0.027194569577280597
单一伙伴来源份额（来源集中度）,source_share,859,-0.01257640791301578,-2.0985328933961274,0.026392005686230957
单一伙伴来源份额（来源集中度）,source_share,860,-0.012674671943027198,-2.0847654339336144,0.026423717953271305
单一伙伴来源份额（来源集中度）,source_share,861,-0.012723679205280397,-2.25244906504304,0.028659439329841403
单一伙伴来源份额（来源集中度）,source_share,862,-0.012774960962655351,-2.2981413743028316,0.029358666343381794
单一伙伴来源份额（来源集中度）,source_share,863,-0.012610408215364686,-2.2211310894798335,0.02800936973817841
单一伙伴来源份额（来源集中度）,source_share,864,-0.012800210149903847,-2.443431695778847,0.03127643919290517
单一伙伴来源份额（来源集中度）,source_share,865,-0.012790173988809465,-2.298351348929113,0.02939631364021829
单一伙伴来源份额（来源集中度）,source_share,866,-0.012687678070119645,-2.380242651217918,0.03019975248742102
单一伙伴来源份额（来源集中度）,source_share,867,-0.012639985462896882,-2.2430483312215337,0.028352098299215294
单一伙伴来源份额（来源集中度）,source_share,868,-0.012811783461641404,-2.1643316630706946,0.02772894860643596
单一伙伴来源份额（来源集中度）,source_share,869,-0.0126782518673941,-2.020992398306321,0.025622650647816395
单一伙伴来源份额（来源集中度）,source_share,870,-0.012608187801759157,-2.2113375558927104,0.02788095919777838
单一伙伴来源份额（来源集中度）,source_share,871,-0.012612023431261568,-2.2569389183355417,0.02846456652097399
单一伙伴来源份额（来源集中度）,source_share,872,-0.012691874761861866,-2.1956403181954935,0.02786679194063174
单一伙伴来源份额（来源集中度）,source_share,873,-0.012768622196927839,-2.0702223637765043,0.02643388722669309
单一伙伴来源份额（来源集中度）,source_share,874,-0.012539507277396921,-2.263594580569702,0.02838436071613001
单一伙伴来源份额（来源集中度）,source_share,875,-0.012711285056982831,-2.132564811712249,0.027107639224165314
单一伙伴来源份额（来源集中度）,source_share,876,-0.012614307938027461,-2.0223360320790538,0.025510369462813768
单一伙伴来源份额（来源集中度）,source_share,877,-0.012669985865990155,-2.1252391426381907,0.02692674989907491
单一伙伴来源份额（来源集中度）,source_share,878,-0.012579943915926962,-2.2735519485246143,0.02860115600238611
单一伙伴来源份额（来源集中度）,source_share,879,-0.012674761356624677,-2.013191714681457,0.025516724548721507
单一伙伴来源份额（来源集中度）,source_share,880,-0.012717442949659966,-1.9346723947646425,0.024604085806701363
单一伙伴来源份额（来源集中度）,source_share,881,-0.012483741579147497,-2.1730336259692384,0.02712759022939783
单一伙伴来源份额（来源集中度）,source_share,882,-0.012709852005675147,-2.2430900126505224,0.028509342096196134
单一伙伴来源份额（来源集中度）,source_share,883,-0.012723796191210987,-1.9126295629103232,0.024335908747755906
单一伙伴来源份额（来源集中度）,source_share,884,-0.012730645277071986,-2.035318827137736,0.02591092201403671
单一伙伴来源份额（来源集中度）,source_share,885,-0.012676433980691836,-2.1711474741190284,0.0275224076180157
单一伙伴来源份额（来源集中度）,source_share,886,-0.012740898487042658,-2.255592597016927,0.028738276306717585
单一伙伴来源份额（来源集中度）,source_share,887,-0.012591677626422663,-2.286205891607742,0.028787167574752883
单一伙伴来源份额（来源集中度）,source_share,888,-0.012790280906438304,-2.2522790054691035,0.02880728115962333
单一伙伴来源份额（来源集中度）,source_share,889,-0.012896814210085476,-2.177438064835752,0.028082014176154746
单一伙伴来源份额（来源集中度）,source_share,890,-0.01245554838481925,-2.1199359678720473,0.026404965020548912
单一伙伴来源份额（来源集中度）,source_share,891,-0.012699707382891631,-2.150106612532646,0.02730572482118496
单一伙伴来源份额（来源集中度）,source_share,892,-0.012625809676924825,-1.9853654761593522,0.025066846641125212
单一伙伴来源份额（来源集中度）,source_share,893,-0.012589098991406672,-2.3791992208265786,0.02995197451126342
单一伙伴来源份额（来源集中度）,source_share,894,-0.012656065279216174,-2.1079995640518714,0.02667898009119972
单一伙伴来源份额（来源集中度）,source_share,895,-0.012726281660479025,-1.8905199480958896,0.024059289344222478
单一伙伴来源份额（来源集中度）,source_share,896,-0.012751330308903418,-2.124405527787191,0.027088996594874775
单一伙伴来源份额（来源集中度）,source_share,897,-0.01266083072556897,-2.229631602431214,0.028228988298760693
单一伙伴来源份额（来源集中度）,source_share,898,-0.01264806428012374,-2.20485159325583,0.02788710467963298
单一伙伴来源份额（来源集中度）,source_share,899,-0.012751991168614111,-1.9368982356603732,0.024699309195645332
单一伙伴来源份额（来源集中度）,source_share,900,-0.01286278516932857,-2.206247486734995,0.028378487452243324
单一伙伴来源份额（来源集中度）,source_share,901,-0.012719178747808408,-2.1234498527427097,0.02700853823904197
单一伙伴来源份额（来源集中度）,source_share,902,-0.012578341900350051,-2.1759977060838325,0.027370443121499867
单一伙伴来源份额（来源集中度）,source_share,903,-0.012594207621445254,-2.033030352204157,0.025604406356359126
单一伙伴来源份额（来源集中度）,source_share,904,-0.012704523220289258,-2.4814226633198193,0.03152529184549866
单一伙伴来源份额（来源集中度）,source_share,905,-0.012650254062472619,-2.270622346179134,0.0287239495590937
单一伙伴来源份额（来源集中度）,source_share,906,-0.012864005814451181,-2.0604280974880727,0.02650535902634515
单一伙伴来源份额（来源集中度）,source_share,907,-0.012492206381906594,-2.0372783413610294,0.02545010149767033
单一伙伴来源份额（来源集中度）,source_share,908,-0.012669557803224872,-2.3039037804391342,0.029189442119341914
单一伙伴来源份额（来源集中度）,source_share,909,-0.012839977603157833,-2.263356658528756,0.02906144880346738
单一伙伴来源份额（来源集中度）,source_share,910,-0.012739989487003361,-2.0978340285432857,0.02672638346911937
单一伙伴来源份额（来源集中度）,source_share,911,-0.012626422175376566,-1.948293060718495,0.024599970705988287
单一伙伴来源份额（来源集中度）,source_share,912,-0.012696992559025913,-1.9182497807707126,0.024356003192798827
单一伙伴来源份额（来源集中度）,source_share,913,-0.012611151309209374,-2.2079798848684833,0.027845168415767136
单一伙伴来源份额（来源集中度）,source_share,914,-0.012743614108933703,-2.3284504251394402,0.029672873689759648
单一伙伴来源份额（来源集中度）,source_share,915,-0.012612677658662173,-2.3109072307568446,0.029146728000607722
单一伙伴来源份额（来源集中度）,source_share,916,-0.012487026629817767,-2.144110397754071,0.02677356363402425
单一伙伴来源份额（来源集中度）,source_share,917,-0.01265773358546219,-2.2658118336498565,0.028680042545127456
单一伙伴来源份额（来源集中度）,source_share,918,-0.01258562990945033,-2.3251130229725323,0.029263012004775574
单一伙伴来源份额（来源集中度）,source_share,919,-0.01296148158061127,-2.2158970184602946,0.028721308389304537
单一伙伴来源份额（来源集中度）,source_share,920,-0.012749096067522336,-2.2670761116589424,0.02890317113992485
单一伙伴来源份额（来源集中度）,source_share,921,-0.012677676140004179,-2.0209185414287343,0.025620550773563112
单一伙伴来源份额（来源集中度）,source_share,922,-0.012757731511246023,-2.1844416613451805,0.027868520217422022
单一伙伴来源份额（来源集中度）,source_share,923,-0.012685801005017028,-2.073020699635079,0.026297928074851786
单一伙伴来源份额（来源集中度）,source_share,924,-0.012603507975561304,-2.042146952697367,0.025738215405589477
单一伙伴来源份额（来源集中度）,source_share,925,-0.012414324989949602,-2.0064222089134804,0.024908377368504504
单一伙伴来源份额（来源集中度）,source_share,926,-0.012614626479640484,-2.073684417351147,0.026158754361535627
单一伙伴来源份额（来源集中度）,source_share,927,-0.012722367869799535,-2.1718874370571455,0.027631550946037087
单一伙伴来源份额（来源集中度）,source_share,928,-0.01271118488052152,-1.9447490318487368,0.02472006449004453
单一伙伴来源份额（来源集中度）,source_share,929,-0.012668509398937468,-1.9734081813138995,0.02500014009291523
单一伙伴来源份额（来源集中度）,source_share,930,-0.01252173300156233,-2.0713058382795984,0.025936338671514375
单一伙伴来源份额（来源集中度）,source_share,931,-0.012693478947001869,-2.071967328487401,0.02630047366303053
单一伙伴来源份额（来源集中度）,source_share,932,-0.012639845156275153,-2.132138056764561,0.02694989488930545
单一伙伴来源份额（来源集中度）,source_share,933,-0.01259801628262587,-2.1584682343076165,0.027192417961338065
单一伙伴来源份额（来源集中度）,source_share,934,-0.012704642229615214,-2.1012100842031045,0.026695122369060104
单一伙伴来源份额（来源集中度）,source_share,935,-0.012716342252157878,-1.9303039638052866,0.024546405854444998
单一伙伴来源份额（来源集中度）,source_share,936,-0.012580063641478893,-1.9606922240978606,0.02466563296050388
单一伙伴来源份额（来源集中度）,source_share,937,-0.01276296546261605,-2.118937150741399,0.02704392167236654
单一伙伴来源份额（来源集中度）,source_share,938,-0.0126152206064925,-2.11104918533021,0.026631351184096867
单一伙伴来源份额（来源集中度）,source_share,939,-0.012523277552020606,-2.2900161470577047,0.02867850780821247
单一伙伴来源份额（来源集中度）,source_share,940,-0.012751867233722602,-2.3075238197202506,0.029425237387725085
单一伙伴来源份额（来源集中度）,source_share,941,-0.012564001987741269,-2.156206935561198,0.0270905882243724
单一伙伴来源份额（来源集中度）,source_share,942,-0.012639473734227762,-2.0836041971173906,0.026335660521991985
单一伙伴来源份额（来源集中度）,source_share,943,-0.012721094431441038,-2.2317830602659146,0.028390723060133165
单一伙伴来源份额（来源集中度）,source_share,944,-0.012657463678734675,-1.9681559595593996,0.02491186257220829
单一伙伴来源份额（来源集中度）,source_share,945,-0.012818518026084412,-2.165213106973408,0.027754823242052865
单一伙伴来源份额（来源集中度）,source_share,946,-0.012513344455231645,-2.083517956540405,0.026071777868850447
单一伙伴来源份额（来源集中度）,source_share,947,-0.012689418392192202,-2.178210369882726,0.027640222729653646
单一伙伴来源份额（来源集中度）,source_share,948,-0.012678448167514978,-2.596461029742903,0.03291909658456796
单一伙伴来源份额（来源集中度）,source_share,949,-0.012627199920208776,-2.1317671685404966,0.026918250220498246
单一伙伴来源份额（来源集中度）,source_share,950,-0.012880257507909403,-2.3101138578076053,0.029754861361151963
单一伙伴来源份额（来源集中度）,source_share,951,-0.012450436164492555,-2.2738310186989246,0.02831018794715404
单一伙伴来源份额（来源集中度）,source_share,952,-0.01275536536486278,-2.1805059640141238,0.02781315025126248
单一伙伴来源份额（来源集中度）,source_share,953,-0.012742443379845798,-2.2016161447536327,0.028053969068677555
单一伙伴来源份额（来源集中度）,source_share,954,-0.012631566718170046,-2.142819473047093,0.027067167138788335
单一伙伴来源份额（来源集中度）,source_share,955,-0.012750402204392957,-2.3059049841940813,0.02940121599358892
单一伙伴来源份额（来源集中度）,source_share,956,-0.012744394951641593,-2.2337072646344946,0.028467247586853005
单一伙伴来源份额（来源集中度）,source_share,957,-0.012571309457682615,-2.1526474519323595,0.027061597271533653
单一伙伴来源份额（来源集中度）,source_share,958,-0.012724212950475985,-2.097713424267167,0.02669175231944761
单一伙伴来源份额（来源集中度）,source_share,959,-0.012708759510772924,-2.0486853566130345,0.02603624951043712
单一伙伴来源份额（来源集中度）,source_share,960,-0.012721306907627484,-2.06004436829273,0.026206456652381402
单一伙伴来源份额（来源集中度）,source_share,961,-0.012797284924540148,-2.152968406948667,0.0275521501372554
单一伙伴来源份额（来源集中度）,source_share,962,-0.012760620694520112,-2.105400853791889,0.02686622170515709
单一伙伴来源份额（来源集中度）,source_share,963,-0.012715874613929982,-2.1140711311664235,0.026882263428841365
单一伙伴来源份额（来源集中度）,source_share,964,-0.012595013446267553,-2.165996074851944,0.027280749687322976
单一伙伴来源份额（来源集中度）,source_share,965,-0.012680306601236115,-2.06678995014875,0.026207530248239654
单一伙伴来源份额（来源集中度）,source_share,966,-0.012624628891016825,-2.355154415900991,0.02973295048178951
单一伙伴来源份额（来源集中度）,source_share,967,-0.012865594001751865,-2.2010909701046524,0.02831834278228861
单一伙伴来源份额（来源集中度）,source_share,968,-0.012777830723102474,-2.11317470367107,0.02700178865185117
单一伙伴来源份额（来源集中度）,source_share,969,-0.012600384665457558,-2.123726242841856,0.026759767583934314
单一伙伴来源份额（来源集中度）,source_share,970,-0.012715760071580259,-2.302892189371659,0.029283024550766187
单一伙伴来源份额（来源集中度）,source_share,971,-0.012640798921068843,-2.0737884805033433,0.026214343186871658
单一伙伴来源份额（来源集中度）,source_share,972,-0.012780135197934205,-2.2753215607973436,0.029078917165764724
单一伙伴来源份额（来源集中度）,source_share,973,-0.012700782224954835,-1.99246705571912,0.025305890165085495
单一伙伴来源份额（来源集中度）,source_share,974,-0.012571463044000091,-1.9860948183184088,0.024968117610369954
单一伙伴来源份额（来源集中度）,source_share,975,-0.012836130811984944,-2.2263438948683616,0.028577641466994343
单一伙伴来源份额（来源集中度）,source_share,976,-0.012603028262342261,-1.9116303903609022,0.02409233183687082
单一伙伴来源份额（来源集中度）,source_share,977,-0.012788073897926673,-2.0896002919506973,0.026721962950594667
单一伙伴来源份额（来源集中度）,source_share,978,-0.01259595140391185,-1.9667261217082033,0.02477278665384055
单一伙伴来源份额（来源集中度）,source_share,979,-0.012865269074828338,-2.0056380916483856,0.0258030737157817
单一伙伴来源份额（来源集中度）,source_share,980,-0.012561464773871572,-2.186049926666926,0.027459989147751124
单一伙伴来源份额（来源集中度）,source_share,981,-0.012623085718997016,-2.2031739372828314,0.027810853464181336
单一伙伴来源份额（来源集中度）,source_share,982,-0.012592030104769511,-1.9661652584972433,0.024758012125949216
单一伙伴来源份额（来源集中度）,source_share,983,-0.012730043231218038,-1.958027418568055,0.024925773686281596
单一伙伴来源份额（来源集中度）,source_share,984,-0.012531057638373814,-2.0935734794700207,0.026234689941409647
单一伙伴来源份额（来源集中度）,source_share,985,-0.012716189617482759,-1.996339873490023,0.025385836372240674
单一伙伴来源份额（来源集中度）,source_share,986,-0.0127152181194496,-2.183596946375271,0.027764911458125662
单一伙伴来源份额（来源集中度）,source_share,987,-0.012773125336104238,-2.207915159593631,0.02820197706497404
单一伙伴来源份额（来源集中度）,source_share,988,-0.01253927638678235,-1.9159516744380767,0.02402464758949748
单一伙伴来源份额（来源集中度）,source_share,989,-0.012812708025378084,-2.1528653519658074,0.027584035172690716
单一伙伴来源份额（来源集中度）,source_share,990,-0.012567751688651025,-2.11328214267599,0.02655920521721223
单一伙伴来源份额（来源集中度）,source_share,991,-0.012588677979099416,-2.309154516791526,0.029069202615871436
单一伙伴来源份额（来源集中度）,source_share,992,-0.012584755300891952,-2.1579517859706954,0.02715729517756396
单一伙伴来源份额（来源集中度）,source_share,993,-0.01271935965475916,-2.0976174682263253,0.026680350996475977
单一伙伴来源份额（来源集中度）,source_share,994,-0.012615418470086228,-2.2704170411522813,0.028642261075751015
单一伙伴来源份额（来源集中度）,source_share,995,-0.012748791843065446,-2.1020622146562027,0.026798753615825083
单一伙伴来源份额（来源集中度）,source_share,996,-0.012568647168450872,-2.0983902445801186,0.02637392660584684
单一伙伴来源份额（来源集中度）,source_share,997,-0.012706299654083387,-2.176226388731895,0.027651784610351216
单一伙伴来源份额（来源集中度）,source_share,998,-0.012628253036022984,-2.089542312719535,0.026387269054498955
单一伙伴来源份额（来源集中度）,source_share,999,-0.012748386238731419,-2.4325932731936324,0.03101163860841232
单一伙伴来源份额（来源集中度）,source_share,1000,-0.012643576136754603,-2.1577124223530255,0.027281201293241682
单一伙伴来源份额（来源集中度）,source_share,1001,-0.012657583830308673,-1.9492284866718803,0.024672522974475038
单一伙伴来源份额（来源集中度）,source_share,1002,-0.012614734138086241,-2.0286414472661574,0.025590772518765074
单一伙伴来源份额（来源集中度）,source_share,1003,-0.012705590830870238,-2.1768017548872485,0.027657552417517668
单一伙伴来源份额（来源集中度）,source_share,1004,-0.012658871801436636,-2.11690696506679,0.0267976538863488
单一伙伴来源份额（来源集中度）,source_share,1005,-0.012628440948872359,-2.176655228253335,0.027487762016051527
单一伙伴来源份额（来源集中度）,source_share,1006,-0.01263220992856185,-2.240319454499921,0.028300185656284175
单一伙伴来源份额（来源集中度）,source_share,1007,-0.012595830085727953,-2.14834599565178,0.027060201126583867
单一伙伴来源份额（来源集中度）,source_share,1008,-0.01272602238531745,-2.223009450413589,0.028290068028735574
单一伙伴来源份额（来源集中度）,source_share,1009,-0.012661099114577813,-2.2662771884888877,0.02869356010456455
单一伙伴来源份额（来源集中度）,source_share,1010,-0.012676402935738181,-2.3307826152663256,0.029545939586729564
单一伙伴来源份额（来源集中度）,source_share,1011,-0.012764031552149982,-2.3032620263015953,0.029398909176582465
单一伙伴来源份额（来源集中度）,source_share,1012,-0.012605737077531948,-2.3241675022679433,0.029297844457733833
单一伙伴来源份额（来源集中度）,source_share,1013,-0.012617074465443337,-2.4307016120191616,0.030668343242118923
单一伙伴来源份额（来源集中度）,source_share,1014,-0.012548511501760075,-2.5432793757252257,0.031914370498477174
单一伙伴来源份额（来源集中度）,source_share,1015,-0.01250724352284183,-2.157609880457658,0.026985752202173575
单一伙伴来源份额（来源集中度）,source_share,1016,-0.012574638700341792,-2.1467269383388943,0.02699431563790251
单一伙伴来源份额（来源集中度）,source_share,1017,-0.012707949518308621,-2.1802717547818062,0.027706783395961346
单一伙伴来源份额（来源集中度）,source_share,1018,-0.012680455466007604,-2.4150456442972095,0.030623878740886405
单一伙伴来源份额（来源集中度）,source_share,1019,-0.012715802595060565,-2.049552961916382,0.026061710871850396
单一伙伴来源份额（来源集中度）,source_share,1020,-0.012701001565272239,-2.2841799277552512,0.029011372837782875
单一伙伴来源份额（来源集中度）,source_share,1021,-0.012713585977232916,-2.137500290612693,0.02717529372106482
单一伙伴来源份额（来源集中度）,source_share,1022,-0.012810383822546035,-2.1117652969955674,0.027052523997646138
单一伙伴来源份额（来源集中度）,source_share,1023,-0.012562686569031468,-2.103622321762808,0.026427147887924423
单一伙伴来源份额（来源集中度）,source_share,1024,-0.01278835860783516,-2.1791988286649047,0.027868376098741134
单一伙伴来源份额（来源集中度）,source_share,1025,-0.01271680158782662,-2.3188369085126874,0.029488188880085114
单一伙伴来源份额（来源集中度）,source_share,1026,-0.01263274432727419,-2.1071175499640136,0.026618677276207783
单一伙伴来源份额（来源集中度）,source_share,1027,-0.012690719886911892,-2.3403830454176333,0.029701145657472977
单一伙伴来源份额（来源集中度）,source_share,1028,-0.012582822549156231,-2.099295502449107,0.02641506278555888
单一伙伴来源份额（来源集中度）,source_share,1029,-0.012573924494258515,-2.058010334291475,0.02587726655178473
单一伙伴来源份额（来源集中度）,source_share,1030,-0.012740663102267517,-2.1423223774957885,0.027294607668122615
单一伙伴来源份额（来源集中度）,source_share,1031,-0.01252109065277333,-2.224248093194849,0.027850012009150927
单一伙伴来源份额（来源集中度）,source_share,1032,-0.012610928210547228,-2.1820008657221486,0.027517056272973916
单一伙伴来源份额（来源集中度）,source_share,1033,-0.012440207560561441,-2.3848170902084127,0.02966761959616683
单一伙伴来源份额（来源集中度）,source_share,1034,-0.012857478480423588,-2.168654972244734,0.027883434637100284
单一伙伴来源份额（来源集中度）,source_share,1035,-0.012679567132007689,-2.103760117340417,0.02667476763745819
单一伙伴来源份额（来源集中度）,source_share,1036,-0.012753435596215005,-2.1767230421656474,0.027760697129056783
单一伙伴来源份额（来源集中度）,source_share,1037,-0.012795032743468755,-1.940796621334244,0.02483255631838518
单一伙伴来源份额（来源集中度）,source_share,1038,-0.01275738730810181,-2.247304707337231,0.028669736550821445
单一伙伴来源份额（来源集中度）,source_share,1039,-0.012700453070098067,-2.197767157301941,0.027912638640316137
单一伙伴来源份额（来源集中度）,source_share,1040,-0.01282447305685313,-2.345971794276461,0.03008585206783587
单一伙伴来源份额（来源集中度）,source_share,1041,-0.012738528501399742,-2.405159712181226,0.030638195544038946
单一伙伴来源份额（来源集中度）,source_share,1042,-0.012459529859845806,-2.2518810551494974,0.028057379247456243
单一伙伴来源份额（来源集中度）,source_share,1043,-0.012677814571928344,-2.2536250927093677,0.02857104104001419
单一伙伴来源份额（来源集中度）,source_share,1044,-0.012784648357258349,-2.056597536938939,0.026292876322167973
单一伙伴来源份额（来源集中度）,source_share,1045,-0.01264945262299156,-2.218333104916725,0.028060699512657876
单一伙伴来源份额（来源集中度）,source_share,1046,-0.012820488161607496,-2.1075559036194393,0.02701989551227901
单一伙伴来源份额（来源集中度）,source_share,1047,-0.01280639376944933,-1.8549137847196118,0.023754756335498912
单一伙伴来源份额（来源集中度）,source_share,1048,-0.012654952494352814,-2.084676418110697,0.02638148103728846
单一伙伴来源份额（来源集中度）,source_share,1049,-0.012532970205000302,-2.392614382780441,0.02998656477144246
单一伙伴来源份额（来源集中度）,source_share,1050,-0.012544809384871155,-1.9538316953189592,0.024510446187895996
单一伙伴来源份额（来源集中度）,source_share,1051,-0.012645693235801468,-2.238770629070744,0.028310806600550905
单一伙伴来源份额（来源集中度）,source_share,1052,-0.012653177298170394,-2.11612028424059,0.02677564514075092
单一伙伴来源份额（来源集中度）,source_share,1053,-0.012644085602574733,-2.3284208238686195,0.02944075221581241
单一伙伴来源份额（来源集中度）,source_share,1054,-0.012613168936434207,-2.0001857532491942,0.025228680809980992
单一伙伴来源份额（来源集中度）,source_share,1055,-0.012768542281520136,-2.342931701122893,0.02991582248850156
单一伙伴来源份额（来源集中度）,source_share,1056,-0.012833855214082824,-2.1935614277753506,0.028151849767265646
单一伙伴来源份额（来源集中度）,source_share,1057,-0.012712072931934906,-2.3856054265504185,0.0303259901691286
单一伙伴来源份额（来源集中度）,source_share,1058,-0.0127221883003819,-2.0838434821604643,0.02651104916856894
单一伙伴来源份额（来源集中度）,source_share,1059,-0.012731196699017207,-2.107157596357264,0.02682663783505263
单一伙伴来源份额（来源集中度）,source_share,1060,-0.01277076749372781,-2.0228330284880083,0.025833130285453636
单一伙伴来源份额（来源集中度）,source_share,1061,-0.012568272933142275,-2.1133870716963705,0.026561625530454307
单一伙伴来源份额（来源集中度）,source_share,1062,-0.012679444742456322,-2.172173426310401,0.02754195292993475
单一伙伴来源份额（来源集中度）,source_share,1063,-0.012733468684189904,-2.0209837632258147,0.025734133460292175
单一伙伴来源份额（来源集中度）,source_share,1064,-0.012690893771613528,-2.0466057375624933,0.025973256007780356
单一伙伴来源份额（来源集中度）,source_share,1065,-0.012688745228014156,-2.234328405311455,0.028350823890712206
单一伙伴来源份额（来源集中度）,source_share,1066,-0.012577261076735733,-2.3002622822100407,0.02893099926832365
单一伙伴来源份额（来源集中度）,source_share,1067,-0.012846285555050739,-2.4721710866892592,0.03175821572055032
单一伙伴来源份额（来源集中度）,source_share,1068,-0.012612915419407678,-2.26261480273557,0.028538169133603533
单一伙伴来源份额（来源集中度）,source_share,1069,-0.012485575093864108,-2.280202018307126,0.028469633528754125
单一伙伴来源份额（来源集中度）,source_share,1070,-0.012654206680067417,-1.9942331761115306,0.02523543877876259
单一伙伴来源份额（来源集中度）,source_share,1071,-0.01274853340934511,-1.884155665284676,0.024020221447288555
单一伙伴来源份额（来源集中度）,source_share,1072,-0.01276083584237484,-2.1694046392753057,0.02768341647747858
单一伙伴来源份额（来源集中度）,source_share,1073,-0.012499923123938913,-2.077591054786601,0.02596972846781567
单一伙伴来源份额（来源集中度）,source_share,1074,-0.01260527134295962,-2.183494527247901,0.02752354099182713
单一伙伴来源份额（来源集中度）,source_share,1075,-0.012678084180237524,-2.264529028340813,0.02870988964989631
单一伙伴来源份额（来源集中度）,source_share,1076,-0.012544466249783157,-2.2395930404449413,0.028094499309110812
单一伙伴来源份额（来源集中度）,source_share,1077,-0.012576112249947442,-2.3179375597365226,0.02915064293961576
单一伙伴来源份额（来源集中度）,source_share,1078,-0.012707974901481617,-2.0531977703188518,0.026091985732989986
单一伙伴来源份额（来源集中度）,source_share,1079,-0.012631901850563659,-2.014468584633147,0.025446569442129807
单一伙伴来源份额（来源集中度）,source_share,1080,-0.012615429155979338,-2.1318817725030335,0.026894603469935677
单一伙伴来源份额（来源集中度）,source_share,1081,-0.01273907819294053,-2.2634348131872915,0.028834073069816647
单一伙伴来源份额（来源集中度）,source_share,1082,-0.012644620321880006,-2.108802997713676,0.026665013239731822
单一伙伴来源份额（来源集中度）,source_share,1083,-0.012717718271112835,-2.3413687006234216,0.029776867503330206
单一伙伴来源份额（来源集中度）,source_share,1084,-0.012776170812102666,-1.99549391268586,0.02549477108298563
单一伙伴来源份额（来源集中度）,source_share,1085,-0.01251642459222938,-2.329029222435976,0.029151118635718523
单一伙伴来源份额（来源集中度）,source_share,1086,-0.012523689600788476,-2.1531181602508735,0.02696498351280268
单一伙伴来源份额（来源集中度）,source_share,1087,-0.01283021474282945,-1.9098176971104928,0.024503371173583633
单一伙伴来源份额（来源集中度）,source_share,1088,-0.012838952158587984,-2.315546697370656,0.029729193268518264
单一伙伴来源份额（来源集中度）,source_share,1089,-0.012576893428824634,-2.0837115314513532,0.02620661786747664
单一伙伴来源份额（来源集中度）,source_share,1090,-0.012722132606487436,-2.156002486129624,0.027428949528457664
单一伙伴来源份额（来源集中度）,source_share,1091,-0.01272527707468164,-2.1203476750093087,0.02698201165915047
单一伙伴来源份额（来源集中度）,source_share,1092,-0.0129310308867441,-2.238226199014508,0.02894257211097645
单一伙伴来源份额（来源集中度）,source_share,1093,-0.012621388114255349,-2.1949566560653153,0.027703399850168436
单一伙伴来源份额（来源集中度）,source_share,1094,-0.012587708880772668,-2.190090039337565,0.027568215837861225
单一伙伴来源份额（来源集中度）,source_share,1095,-0.012766913760071876,-2.122872985678501,0.027102536331743723
单一伙伴来源份额（来源集中度）,source_share,1096,-0.012684233913885175,-1.9965242369503662,0.025324380436219558
单一伙伴来源份额（来源集中度）,source_share,1097,-0.012796074155466932,-1.7193192081020539,0.022000536083792564
单一伙伴来源份额（来源集中度）,source_share,1098,-0.012611071747946857,-2.056739163070773,0.02593768515229769
单一伙伴来源份额（来源集中度）,source_share,1099,-0.012696114674067104,-2.1839791045311125,0.027728049156893392
单一伙伴来源份额（来源集中度）,source_share,1100,-0.012696128602397602,-1.9318637762497142,0.024527190945579837
单一伙伴来源份额（来源集中度）,source_share,1101,-0.012678894490465522,-2.064264545540264,0.02617259237331377
单一伙伴来源份额（来源集中度）,source_share,1102,-0.01266216082760116,-2.127374052199933,0.026937152389421137
单一伙伴来源份额（来源集中度）,source_share,1103,-0.012572759558591863,-2.2287885100557983,0.028022022043883755
单一伙伴来源份额（来源集中度）,source_share,1104,-0.012592586237451301,-2.209145558002443,0.027818855950228236
单一伙伴来源份额（来源集中度）,source_share,1105,-0.01262642946509191,-2.262858388635214,0.028571821833594063
单一伙伴来源份额（来源集中度）,source_share,1106,-0.01273369128966507,-2.102182728281195,0.026768545896398602
单一伙伴来源份额（来源集中度）,source_share,1107,-0.01257417357059092,-2.1355769367226776,0.02685311507570181
单一伙伴来源份额（来源集中度）,source_share,1108,-0.012659794494955775,-2.2197612797151804,0.028101721629054225
单一伙伴来源份额（来源集中度）,source_share,1109,-0.01272592564560098,-2.2078066289864506,0.02809638300034652
单一伙伴来源份额（来源集中度）,source_share,1110,-0.012657399128103902,-2.1626092752490202,0.02737300875496636
单一伙伴来源份额（来源集中度）,source_share,1111,-0.01255211188934596,-2.4509482603046675,0.030764576798342012
单一伙伴来源份额（来源集中度）,source_share,1112,-0.01259949763417248,-2.0639531299004528,0.02600477257722364
单一伙伴来源份额（来源集中度）,source_share,1113,-0.01270641014534321,-2.2513704452665877,0.028606836266661228
单一伙伴来源份额（来源集中度）,source_share,1114,-0.012518645175053954,-2.1816165152878013,0.027310883062925655
单一伙伴来源份额（来源集中度）,source_share,1115,-0.012681131743396756,-2.0972037602467073,0.02659491717643556
单一伙伴来源份额（来源集中度）,source_share,1116,-0.012579238615299061,-2.035161577790942,0.025600783107720786
单一伙伴来源份额（来源集中度）,source_share,1117,-0.012754264772623463,-2.1615834124815594,0.027569407170900766
单一伙伴来源份额（来源集中度）,source_share,1118,-0.012642744537460962,-2.209993665250257,0.027940385339166016
单一伙伴来源份额（来源集中度）,source_share,1119,-0.012560923949741992,-2.2367478428669774,0.02809561954900155
单一伙伴来源份额（来源集中度）,source_share,1120,-0.012549082816244206,-2.3164983868128477,0.02906993009981053
单一伙伴来源份额（来源集中度）,source_share,1121,-0.012612830321135957,-1.9393610359999833,0.02446083167849023
单一伙伴来源份额（来源集中度）,source_share,1122,-0.012601703579411596,-2.1408540147926045,0.02697840770120965
单一伙伴来源份额（来源集中度）,source_share,1123,-0.012732517318193566,-1.9578065944480516,0.024927806369483385
单一伙伴来源份额（来源集中度）,source_share,1124,-0.012742454760379347,-2.002254018078828,0.025513631244157235
单一伙伴来源份额（来源集中度）,source_share,1125,-0.012748214655305515,-2.0435799814561317,0.02605199626888803
单一伙伴来源份额（来源集中度）,source_share,1126,-0.012554338864651203,-1.9966008697881026,0.025066003896777173
单一伙伴来源份额（来源集中度）,source_share,1127,-0.012741657946955691,-2.021407372769375,0.02575608131528173
单一伙伴来源份额（来源集中度）,source_share,1128,-0.012682938578452646,-2.1518603452512375,0.027291912588229352
单一伙伴来源份额（来源集中度）,source_share,1129,-0.0128167211054523,-2.275601083337483,0.029165744432401636
单一伙伴来源份额（来源集中度）,source_share,1130,-0.012598239865285597,-2.2076942658006002,0.02781306190977154
单一伙伴来源份额（来源集中度）,source_share,1131,-0.012570354040837898,-2.2230386420057955,0.027944382776476345
单一伙伴来源份额（来源集中度）,source_share,1132,-0.01274230153680638,-2.282832847717064,0.02908854450373723
单一伙伴来源份额（来源集中度）,source_share,1133,-0.01290949603959536,-1.9508886689999774,0.02518498954614667
单一伙伴来源份额（来源集中度）,source_share,1134,-0.012808957597159503,-2.277198837626617,0.029168543351460244
单一伙伴来源份额（来源集中度）,source_share,1135,-0.012556283254726373,-2.4900967895439496,0.0312663606211986
单一伙伴来源份额（来源集中度）,source_share,1136,-0.012652720930428001,-2.0538810207993343,0.025987183380476567
单一伙伴来源份额（来源集中度）,source_share,1137,-0.012643609054714046,-2.323828552400229,0.029381579726730566
单一伙伴来源份额（来源集中度）,source_share,1138,-0.012722873841898297,-2.2090642444730926,0.028105645691079532
单一伙伴来源份额（来源集中度）,source_share,1139,-0.012513101438919075,-2.4338683589346863,0.03045524166432523
单一伙伴来源份额（来源集中度）,source_share,1140,-0.012652594533278026,-2.1133130285899204,0.026738892872642056
单一伙伴来源份额（来源集中度）,source_share,1141,-0.01261066862369704,-2.350446186671317,0.029640697977944334
单一伙伴来源份额（来源集中度）,source_share,1142,-0.012598434508022347,-2.0573404103163506,0.025919268420078367
单一伙伴来源份额（来源集中度）,source_share,1143,-0.01270558165071682,-2.095442862134851,0.026623820379266094
单一伙伴来源份额（来源集中度）,source_share,1144,-0.012651848289945606,-2.1928753849053937,0.027743926688579116
单一伙伴来源份额（来源集中度）,source_share,1145,-0.012796367308791296,-2.2603441008405376,0.02892419335861511
单一伙伴来源份额（来源集中度）,source_share,1146,-0.01258817011482362,-2.3267221243693332,0.02928917391148497
单一伙伴来源份额（来源集中度）,source_share,1147,-0.012792535980231437,-2.25573537469066,0.028856575942611106
单一伙伴来源份额（来源集中度）,source_share,1148,-0.012667061437925285,-2.199938035045864,0.027866750249554588
单一伙伴来源份额（来源集中度）,source_share,1149,-0.012607199975593815,-1.9099023788657572,0.024078521224222944
单一伙伴来源份额（来源集中度）,source_share,1150,-0.012493567735487297,-2.0393049563361436,0.025478194605300573
单一伙伴来源份额（来源集中度）,source_share,1151,-0.01267905966788786,-2.0150260712122887,0.025548635789250262
单一伙伴来源份额（来源集中度）,source_share,1152,-0.012740425084390012,-2.1823600159236927,0.027804194290044
单一伙伴来源份额（来源集中度）,source_share,1153,-0.012664187414323732,-2.218594813620399,0.028096700516135362
单一伙伴来源份额（来源集中度）,source_share,1154,-0.012546439359518794,-2.2857993049964933,0.028678642368168708
单一伙伴来源份额（来源集中度）,source_share,1155,-0.012632514393122442,-1.9231386301636093,0.02429407642551157
单一伙伴来源份额（来源集中度）,source_share,1156,-0.012653698641686898,-1.834900320139647,0.023218275688581903
单一伙伴来源份额（来源集中度）,source_share,1157,-0.012668792316182403,-2.281963470976935,0.02890972128692152
单一伙伴来源份额（来源集中度）,source_share,1158,-0.01282267339218975,-2.247217329091619,0.028815333852210818
单一伙伴来源份额（来源集中度）,source_share,1159,-0.012659556528759436,-2.186474993936322,0.027679803784455816
单一伙伴来源份额（来源集中度）,source_share,1160,-0.01267350736217043,-2.1693582805164917,0.02749337813931114
单一伙伴来源份额（来源集中度）,source_share,1161,-0.012824428950666662,-2.0869733962118464,0.02676424204165033
单一伙伴来源份额（来源集中度）,source_share,1162,-0.012637977711269148,-2.145005060469442,0.02710852614477234
单一伙伴来源份额（来源集中度）,source_share,1163,-0.012694548031903044,-2.239982382851124,0.02843556394972023
单一伙伴来源份额（来源集中度）,source_share,1164,-0.012673562954663504,-2.0749621631211843,0.026297163602861093
单一伙伴来源份额（来源集中度）,source_share,1165,-0.012679721542032505,-2.0017809522722665,0.025382025062957
单一伙伴来源份额（来源集中度）,source_share,1166,-0.012591143678237715,-2.0558560408477007,0.025885578792086344
单一伙伴来源份额（来源集中度）,source_share,1167,-0.012469236803147212,-2.1925822524401974,0.02733982731605472
单一伙伴来源份额（来源集中度）,source_share,1168,-0.012672795166547094,-2.1032334697238246,0.02665384694923616
单一伙伴来源份额（来源集中度）,source_share,1169,-0.012592183689314957,-2.008035173244872,0.02528554775610481
单一伙伴来源份额（来源集中度）,source_share,1170,-0.012496553082415731,-2.264055695482316,0.02829289218014043
单一伙伴来源份额（来源集中度）,source_share,1171,-0.012670670096949471,-2.1358270753263136,0.027062360255592166
单一伙伴来源份额（来源集中度）,source_share,1172,-0.012730646287134743,-2.2576485058976363,0.028741324569261043
单一伙伴来源份额（来源集中度）,source_share,1173,-0.012652209715266897,-2.1950033289284874,0.027771642443312188
单一伙伴来源份额（来源集中度）,source_share,1174,-0.012598738376977774,-1.8760249930953954,0.02363554807668042
单一伙伴来源份额（来源集中度）,source_share,1175,-0.012644770995765506,-2.1838779264898482,0.027614636263171347
单一伙伴来源份额（来源集中度）,source_share,1176,-0.012643994760011273,-2.208391022097153,0.027922884511452344
单一伙伴来源份额（来源集中度）,source_share,1177,-0.012751327745312286,-2.104249174456705,0.02683197088130025
单一伙伴来源份额（来源集中度）,source_share,1178,-0.012717695580142527,-2.3692953901908798,0.030131977511882617
单一伙伴来源份额（来源集中度）,source_share,1179,-0.01267996444523925,-2.0057031063876485,0.0254322440767013
单一伙伴来源份额（来源集中度）,source_share,1180,-0.012647397282659187,-2.100299781600701,0.026563325750586394
单一伙伴来源份额（来源集中度）,source_share,1181,-0.012628194956665438,-2.0783282093784403,0.02624553381196833
单一伙伴来源份额（来源集中度）,source_share,1182,-0.01268846605143177,-2.280599779092596,0.028937312873919194
单一伙伴来源份额（来源集中度）,source_share,1183,-0.012731536576363703,-2.1226204008611718,0.027024219271299794
单一伙伴来源份额（来源集中度）,source_share,1184,-0.012646369283663972,-2.1551371178569645,0.027254659849350417
单一伙伴来源份额（来源集中度）,source_share,1185,-0.012672583217509291,-2.3027111654488515,0.029181298870038376
单一伙伴来源份额（来源集中度）,source_share,1186,-0.012635271844999619,-2.1391343802884273,0.027028544407929074
单一伙伴来源份额（来源集中度）,source_share,1187,-0.012511125780058035,-2.172358463857268,0.02717864998069194
单一伙伴来源份额（来源集中度）,source_share,1188,-0.012604272096209504,-1.9467451423175355,0.02453730547574431
单一伙伴来源份额（来源集中度）,source_share,1189,-0.01247215010443923,-2.3289206217277716,0.029046647575512702
单一伙伴来源份额（来源集中度）,source_share,1190,-0.012601271949982593,-2.188741574245906,0.02758092780530568
单一伙伴来源份额（来源集中度）,source_share,1191,-0.012783023727242864,-2.314417197283972,0.029585249947619942
单一伙伴来源份额（来源集中度）,source_share,1192,-0.012591980527789324,-2.0990881443859117,0.026431677040220824
单一伙伴来源份额（来源集中度）,source_share,1193,-0.012557628071017795,-2.3059893102706734,0.028957756094121972
单一伙伴来源份额（来源集中度）,source_share,1194,-0.012514423107016719,-2.087269191005897,0.02612096979448829
单一伙伴来源份额（来源集中度）,source_share,1195,-0.012654020402899986,-2.2623237493543935,0.02862749088229569
单一伙伴来源份额（来源集中度）,source_share,1196,-0.012894655561008904,-2.1866816064284977,0.02819650613648911
单一伙伴来源份额（来源集中度）,source_share,1197,-0.012546488323875603,-1.808178996657219,0.0226862966690369
单一伙伴来源份额（来源集中度）,source_share,1198,-0.012567373490325502,-1.8038222155464587,0.02266930749291878
单一伙伴来源份额（来源集中度）,source_share,1199,-0.012682732017762578,-2.179000425104183,0.02763567845818709
单一伙伴来源份额（来源集中度）,source_share,1200,-0.012617948770892734,-2.2367829106136554,0.028223612177731446
单一伙伴来源份额（来源集中度）,source_share,1201,-0.012745662152606727,-2.061564145095303,0.026276000099312247
单一伙伴来源份额（来源集中度）,source_share,1202,-0.012651511795679108,-2.1131784543175876,0.026734902141173904
单一伙伴来源份额（来源集中度）,source_share,1203,-0.01270611771986532,-2.1238083920173056,0.026985359443409757
单一伙伴来源份额（来源集中度）,source_share,1204,-0.012536008929295886,-2.1166861664534813,0.02653479668317792
单一伙伴来源份额（来源集中度）,source_share,1205,-0.012686643500282088,-1.9906457896774201,0.025254613468974944
单一伙伴来源份额（来源集中度）,source_share,1206,-0.012686383256586348,-2.428610606372367,0.030810284933450414
单一伙伴来源份额（来源集中度）,source_share,1207,-0.012808604336716522,-2.264817449335627,0.029009150603431563
单一伙伴来源份额（来源集中度）,source_share,1208,-0.012519083785376743,-2.0734210490480645,0.02595733183539646
单一伙伴来源份额（来源集中度）,source_share,1209,-0.012809603945176874,-1.9890721512274405,0.025479226475604473
单一伙伴来源份额（来源集中度）,source_share,1210,-0.012773425470727953,-2.095708276876538,0.026769373483070156
单一伙伴来源份额（来源集中度）,source_share,1211,-0.012569314009297144,-1.8626539782977216,0.023412282743890612
单一伙伴来源份额（来源集中度）,source_share,1212,-0.012772542057355046,-2.2750449523001253,0.029058107335626655
单一伙伴来源份额（来源集中度）,source_share,1213,-0.012685524566943647,-2.0291989527596517,0.02574145316644888
单一伙伴来源份额（来源集中度）,source_share,1214,-0.01268610085870099,-2.1192503055917413,0.026885023121569724
单一伙伴来源份额（来源集中度）,source_share,1215,-0.012563080857034661,-2.2787998435875716,0.028628746691988602
单一伙伴来源份额（来源集中度）,source_share,1216,-0.012816082495729023,-2.1939993190131486,0.02811847626804581
单一伙伴来源份额（来源集中度）,source_share,1217,-0.012764070959781566,-2.0941243193109966,0.02672955141028983
单一伙伴来源份额（来源集中度）,source_share,1218,-0.012638184299500648,-2.2462012371204803,0.028387905208494987
单一伙伴来源份额（来源集中度）,source_share,1219,-0.012756540030499284,-2.122322581456438,0.02707349296798163
单一伙伴来源份额（来源集中度）,source_share,1220,-0.012727386834876665,-2.074045441081464,0.02639717864175619
单一伙伴来源份额（来源集中度）,source_share,1221,-0.012705640875711846,-1.8641778876020452,0.023685574768314708
单一伙伴来源份额（来源集中度）,source_share,1222,-0.01240626060873824,-2.068458227214423,0.025661831825110826
单一伙伴来源份额（来源集中度）,source_share,1223,-0.012577045120372754,-2.096877893124961,0.026372527873744795
单一伙伴来源份额（来源集中度）,source_share,1224,-0.01270652854113321,-2.14765550830142,0.027289246012753943
单一伙伴来源份额（来源集中度）,source_share,1225,-0.012681625486079482,-2.172655866424616,0.027552808008130508
单一伙伴来源份额（来源集中度）,source_share,1226,-0.012630082566802953,-2.177598219144361,0.02750324530511635
单一伙伴来源份额（来源集中度）,source_share,1227,-0.012606469646477256,-2.349560126172362,0.029619658413165155
单一伙伴来源份额（来源集中度）,source_share,1228,-0.012774630513787338,-2.2126541326093006,0.028265838998888425
单一伙伴来源份额（来源集中度）,source_share,1229,-0.01265773313278359,-2.125148055731192,0.026899556957099335
单一伙伴来源份额（来源集中度）,source_share,1230,-0.01262684585772073,-1.9854316667466991,0.025069739617048125
单一伙伴来源份额（来源集中度）,source_share,1231,-0.01259668788005939,-2.179868720081806,0.027459125886375065
单一伙伴来源份额（来源集中度）,source_share,1232,-0.012552323976804605,-2.025166280834196,0.025420543263931287
单一伙伴来源份额（来源集中度）,source_share,1233,-0.012506849380816228,-2.2173931805171225,0.0277326025267767
单一伙伴来源份额（来源集中度）,source_share,1234,-0.012639660858232638,-2.0972374131217255,0.026508369641055747
单一伙伴来源份额（来源集中度）,source_share,1235,-0.012644597235887713,-2.390590696738235,0.030228056516115168
单一伙伴来源份额（来源集中度）,source_share,1236,-0.01259466864318537,-2.286431124723769,0.02879684239136151
单一伙伴来源份额（来源集中度）,source_share,1237,-0.012701174783161113,-2.208714246400836,0.028053265689594997
单一伙伴来源份额（来源集中度）,source_share,1238,-0.012646569264763536,-2.258803070712693,0.028566109489228636
单一伙伴来源份额（来源集中度）,source_share,1239,-0.012676317218184142,-2.21789728319603,0.028114769519141665
单一伙伴来源份额（来源集中度）,source_share,1240,-0.012721809050171496,-2.1115649380237396,0.026862925938575224
单一伙伴来源份额（来源集中度）,source_share,1241,-0.01267985333486277,-1.914972707148898,0.024281573066913142
单一伙伴来源份额（来源集中度）,source_share,1242,-0.012550743137001472,-2.2967312173000063,0.028825683563065092
单一伙伴来源份额（来源集中度）,source_share,1243,-0.012729397550531445,-2.1828407396755343,0.027786247564825995
单一伙伴来源份额（来源集中度）,source_share,1244,-0.0127298460011685,-2.1893111727252874,0.02786959407743052
单一伙伴来源份额（来源集中度）,source_share,1245,-0.012638811072395593,-2.114441337488634,0.026724024588182297
单一伙伴来源份额（来源集中度）,source_share,1246,-0.012504488822834897,-2.195206852064955,0.027449939545456808
单一伙伴来源份额（来源集中度）,source_share,1247,-0.01262756344883966,-2.139185222880828,0.027012697130747863
单一伙伴来源份额（来源集中度）,source_share,1248,-0.012813714929516074,-1.9923822625908671,0.025529818343463608
单一伙伴来源份额（来源集中度）,source_share,1249,-0.012649141753508805,-2.3412408414090313,0.029614687282087063
单一伙伴来源份额（来源集中度）,source_share,1250,-0.012770160270523537,-2.1608753604182147,0.027594724677165915
单一伙伴来源份额（来源集中度）,source_share,1251,-0.012732645803295686,-2.3837199786197227,0.030351062182004496
单一伙伴来源份额（来源集中度）,source_share,1252,-0.012581191123906384,-2.0131346244161334,0.02532763146793287
单一伙伴来源份额（来源集中度）,source_share,1253,-0.012592811016970625,-2.15275940467933,0.02710929234813299
单一伙伴来源份额（来源集中度）,source_share,1254,-0.01278313649509168,-2.224337810913542,0.028434013848101233
单一伙伴来源份额（来源集中度）,source_share,1255,-0.012629547674482053,-2.0567632929493755,0.025975990063428836
单一伙伴来源份额（来源集中度）,source_share,1256,-0.012642159724450458,-2.442163001641268,0.030874214739892273
单一伙伴来源份额（来源集中度）,source_share,1257,-0.01251754545386625,-1.878757223438687,0.023517428941173313
单一伙伴来源份额（来源集中度）,source_share,1258,-0.012668434362918314,-2.2913046739965126,0.029027242867972765
单一伙伴来源份额（来源集中度）,source_share,1259,-0.012820661979815955,-2.0798854715076347,0.026665508586929513
单一伙伴来源份额（来源集中度）,source_share,1260,-0.012669191249916568,-2.024987921037194,0.02565495925039116
单一伙伴来源份额（来源集中度）,source_share,1261,-0.012522371208056845,-2.1119968026815696,0.0264472079534078
单一伙伴来源份额（来源集中度）,source_share,1262,-0.012724188160166277,-2.2490705322892177,0.02861759663833333
单一伙伴来源份额（来源集中度）,source_share,1263,-0.0127260399504308,-2.1544091261196554,0.02741709660857144
单一伙伴来源份额（来源集中度）,source_share,1264,-0.012645129762418807,-2.3486802311766994,0.029699366293657166
单一伙伴来源份额（来源集中度）,source_share,1265,-0.012891199690614454,-2.1072815477846194,0.02716538723683863
单一伙伴来源份额（来源集中度）,source_share,1266,-0.012467595727116703,-2.2084539795975355,0.027534111399564114
单一伙伴来源份额（来源集中度）,source_share,1267,-0.012673628479303926,-2.232523014511001,0.028294167257408073
单一伙伴来源份额（来源集中度）,source_share,1268,-0.012646142719150606,-2.0501189678460388,0.02592609705861874
单一伙伴来源份额（来源集中度）,source_share,1269,-0.012622343967028597,-2.0449544238221087,0.025812118134379433
单一伙伴来源份额（来源集中度）,source_share,1270,-0.012648150578463139,-2.0861449975659054,0.02638587605772119
单一伙伴来源份额（来源集中度）,source_share,1271,-0.012610325542095803,-1.9967105243688361,0.025179169725619836
单一伙伴来源份额（来源集中度）,source_share,1272,-0.012649408616520709,-2.2728693058366187,0.028750452581475166
单一伙伴来源份额（来源集中度）,source_share,1273,-0.012551795799063972,-2.1162301747710637,0.026562489017543853
单一伙伴来源份额（来源集中度）,source_share,1274,-0.012719470518146576,-2.201092223948264,0.027996727650231625
单一伙伴来源份额（来源集中度）,source_share,1275,-0.012645900568754125,-2.0151126129069827,0.025482913737664023
单一伙伴来源份额（来源集中度）,source_share,1276,-0.012785519621033829,-1.8903782188288587,0.024169467808011356
单一伙伴来源份额（来源集中度）,source_share,1277,-0.012688501748532859,-2.1063381082847266,0.026726274769972146
单一伙伴来源份额（来源集中度）,source_share,1278,-0.012637206450584547,-2.1803262517827413,0.027553232973407685
单一伙伴来源份额（来源集中度）,source_share,1279,-0.012708002212684704,-2.450420787171678,0.03113995278538628
单一伙伴来源份额（来源集中度）,source_share,1280,-0.01256127778732161,-2.14948780144337,0.027000313374389368
单一伙伴来源份额（来源集中度）,source_share,1281,-0.012568983787208051,-2.072469331689302,0.026048833429488744
单一伙伴来源份额（来源集中度）,source_share,1282,-0.012753443565060816,-2.2667845831404074,0.02890930925523109
单一伙伴来源份额（来源集中度）,source_share,1283,-0.012482141733267522,-2.3384866090157823,0.029189321295083146
单一伙伴来源份额（来源集中度）,source_share,1284,-0.012676528196390422,-2.1733687496788487,0.027550770236457724
单一伙伴来源份额（来源集中度）,source_share,1285,-0.012777132026809914,-2.2858384007510435,0.029206459038348113
单一伙伴来源份额（来源集中度）,source_share,1286,-0.012736541421253491,-2.1456401737489363,0.027328034948058865
单一伙伴来源份额（来源集中度）,source_share,1287,-0.012596978232468421,-2.3235400860359,0.029269583886062038
单一伙伴来源份额（来源集中度）,source_share,1288,-0.012630729881783698,-2.3110624426507487,0.029190405453056838
单一伙伴来源份额（来源集中度）,source_share,1289,-0.01274619537860425,-2.09991794839875,0.026765964449328262
单一伙伴来源份额（来源集中度）,source_share,1290,-0.01276729172348632,-2.0216454570835376,0.025810937312046367
单一伙伴来源份额（来源集中度）,source_share,1291,-0.01289476570559013,-2.1320594108887696,0.027492406573809202
单一伙伴来源份额（来源集中度）,source_share,1292,-0.012639670255374207,-2.2534690845791854,0.028483106159760872
单一伙伴来源份额（来源集中度）,source_share,1293,-0.012520088261003898,-2.1920064702737605,0.027444114476519097
单一伙伴来源份额（来源集中度）,source_share,1294,-0.012809072286331451,-2.534100956345946,0.032459482330696884
单一伙伴来源份额（来源集中度）,source_share,1295,-0.012744480373291869,-2.1611512549025953,0.027542749751821218
单一伙伴来源份额（来源集中度）,source_share,1296,-0.012641334363507787,-2.137343552656802,0.02701887449882225
单一伙伴来源份额（来源集中度）,source_share,1297,-0.012648982588144531,-1.9148611331500032,0.024221045131929096
单一伙伴来源份额（来源集中度）,source_share,1298,-0.012799357625676785,-2.175680293416123,0.027847310154570357
单一伙伴来源份额（来源集中度）,source_share,1299,-0.012582141423418158,-2.066273371864964,0.025998143784248074
单一伙伴来源份额（来源集中度）,source_share,1300,-0.012790266307596486,-2.1701014099335407,0.027756174947540596
单一伙伴来源份额（来源集中度）,source_share,1301,-0.012479117026869565,-2.154602225435081,0.026887533317557975
单一伙伴来源份额（来源集中度）,source_share,1302,-0.012652125501617793,-2.2562755616059675,0.02854668157167187
单一伙伴来源份额（来源集中度）,source_share,1303,-0.01268243180354948,-2.05900125139264,0.026113142954210192
单一伙伴来源份额（来源集中度）,source_share,1304,-0.012692113964866303,-2.152931087475015,0.027325246720736433
单一伙伴来源份额（来源集中度）,source_share,1305,-0.012653677677039456,-2.148765859754142,0.027189790592755482
单一伙伴来源份额（来源集中度）,source_share,1306,-0.012743575292278141,-2.0711980820188933,0.026394468703429843
单一伙伴来源份额（来源集中度）,source_share,1307,-0.012739859435196859,-2.160274360721462,0.02752159169705118
单一伙伴来源份额（来源集中度）,source_share,1308,-0.012849490546403634,-2.271487128499568,0.029187452383932735
单一伙伴来源份额（来源集中度）,source_share,1309,-0.012659602919449826,-1.8797432388353381,0.023796802994175918
单一伙伴来源份额（来源集中度）,source_share,1310,-0.012549394875088146,-2.312489431140142,0.0290203430158456
单一伙伴来源份额（来源集中度）,source_share,1311,-0.012714495725791442,-1.8828686581712768,0.023939725506545367
单一伙伴来源份额（来源集中度）,source_share,1312,-0.012733697840721913,-2.098103433845194,0.026716615165165776
单一伙伴来源份额（来源集中度）,source_share,1313,-0.01257704183343435,-2.1524754282465706,0.027071773506496637
单一伙伴来源份额（来源集中度）,source_share,1314,-0.012659870472751395,-2.101256800874125,0.026601638929054393
单一伙伴来源份额（来源集中度）,source_share,1315,-0.01257439421115667,-2.051828343275558,0.025800498441971357
单一伙伴来源份额（来源集中度）,source_share,1316,-0.012710243602866248,-2.3228305967656357,0.02952374273308241
单一伙伴来源份额（来源集中度）,source_share,1317,-0.012738577621435548,-2.2385663919803442,0.02851615174497853
单一伙伴来源份额（来源集中度）,source_share,1318,-0.012756180311981315,-1.992664990610032,0.025418793921594122
单一伙伴来源份额（来源集中度）,source_share,1319,-0.012628645530319907,-2.11634652288064,0.026726590056784672
单一伙伴来源份额（来源集中度）,source_share,1320,-0.012727697219378324,-2.0494009704495992,0.026084155032982604
单一伙伴来源份额（来源集中度）,source_share,1321,-0.012572041187800007,-2.29784131586127,0.02888855566603645
单一伙伴来源份额（来源集中度）,source_share,1322,-0.012697742458925453,-2.1361854245785605,0.027124732365808885
单一伙伴来源份额（来源集中度）,source_share,1323,-0.012807865512092571,-2.0058720730653,0.025690939746282688
单一伙伴来源份额（来源集中度）,source_share,1324,-0.012534499631355037,-2.196739724335317,0.027535033264863996
单一伙伴来源份额（来源集中度）,source_share,1325,-0.012621616866190143,-2.173707752922957,0.02743570643646067
单一伙伴来源份额（来源集中度）,source_share,1326,-0.012548291469721551,-2.164257667724305,0.027157736030184353
单一伙伴来源份额（来源集中度）,source_share,1327,-0.012798643181483535,-1.828439719295468,0.02340154754611461
单一伙伴来源份额（来源集中度）,source_share,1328,-0.012669602335348511,-2.0934862746822973,0.02652363859473489
单一伙伴来源份额（来源集中度）,source_share,1329,-0.012631891683669749,-2.2202477462765047,0.02804592904187668
单一伙伴来源份额（来源集中度）,source_share,1330,-0.0125918185589562,-2.2311199252215466,0.02809385728166164
单一伙伴来源份额（来源集中度）,source_share,1331,-0.012639981735195028,-2.0238157776700376,0.025580994465148797
单一伙伴来源份额（来源集中度）,source_share,1332,-0.012665039453978962,-2.041071776760265,0.025850254581071697
单一伙伴来源份额（来源集中度）,source_share,1333,-0.012605934933033736,-2.1634966460707217,0.027272897948204235
单一伙伴来源份额（来源集中度）,source_share,1334,-0.012846979333047601,-2.1919217832699927,0.02815957384932644
单一伙伴来源份额（来源集中度）,source_share,1335,-0.012660415317632675,-2.042233122479119,0.02585551950601144
单一伙伴来源份额（来源集中度）,source_share,1336,-0.012698622897710827,-2.0346367315739795,0.025837084588088855
单一伙伴来源份额（来源集中度）,source_share,1337,-0.01264544258570142,-2.1416579796180537,0.0270822130194694
单一伙伴来源份额（来源集中度）,source_share,1338,-0.012632349651544202,-2.2102796812797982,0.027921025761630087
单一伙伴来源份额（来源集中度）,source_share,1339,-0.012762751786358134,-2.2993234156700537,0.029345694030758065
单一伙伴来源份额（来源集中度）,source_share,1340,-0.012811537720519984,-2.103678201075384,0.026951352624912904
单一伙伴来源份额（来源集中度）,source_share,1341,-0.01260038487888008,-2.148548228474243,0.027072534609611437
单一伙伴来源份额（来源集中度）,source_share,1342,-0.012675565111482363,-2.230072706243701,0.028267431791331715
单一伙伴来源份额（来源集中度）,source_share,1343,-0.012851313432970912,-1.9867612324184594,0.025532491314285193
单一伙伴来源份额（来源集中度）,source_share,1344,-0.012507440467948232,-2.477657081600068,0.030989148448103205
单一伙伴来源份额（来源集中度）,source_share,1345,-0.012743812566178353,-1.8878783297080348,0.024058767581549054
单一伙伴来源份额（来源集中度）,source_share,1346,-0.01289975582072713,-2.354788351941824,0.030376194749541986
单一伙伴来源份额（来源集中度）,source_share,1347,-0.0126981699108131,-2.1292969721879493,0.027038174743422457
单一伙伴来源份额（来源集中度）,source_share,1348,-0.012532369331532147,-2.198400739583065,0.027551170007168394
单一伙伴来源份额（来源集中度）,source_share,1349,-0.01274165698698988,-2.1724939611936067,0.02768117285983584
单一伙伴来源份额（来源集中度）,source_share,1350,-0.012664510443126541,-2.2351664258554926,0.028307288542372713
单一伙伴来源份额（来源集中度）,source_share,1351,-0.012780653342025489,-2.0511897303800435,0.026215544882710065
单一伙伴来源份额（来源集中度）,source_share,1352,-0.01284735670573278,-2.1837632751282037,0.028055585756451305
单一伙伴来源份额（来源集中度）,source_share,1353,-0.012627283741953344,-2.2894360294203566,0.028909358352541888
单一伙伴来源份额（来源集中度）,source_share,1354,-0.012890177456125316,-2.052947676002788,0.026462859851815998
单一伙伴来源份额（来源集中度）,source_share,1355,-0.012685046271277164,-2.477580558763066,0.03142822402872623
单一伙伴来源份额（来源集中度）,source_share,1356,-0.012744987864354868,-2.0374982297461806,0.0259678902117596
单一伙伴来源份额（来源集中度）,source_share,1357,-0.012491876610390638,-2.1818155874340155,0.02725497110485269
单一伙伴来源份额（来源集中度）,source_share,1358,-0.012648674679267167,-2.1494572059545227,0.027187784935125324
单一伙伴来源份额（来源集中度）,source_share,1359,-0.012688097105838604,-2.2355523684235394,0.028364905535745347
单一伙伴来源份额（来源集中度）,source_share,1360,-0.012634467488454289,-2.2843782554629586,0.028861902799978675
单一伙伴来源份额（来源集中度）,source_share,1361,-0.01274276179511634,-2.1766953543839285,0.027737110401450746
单一伙伴来源份额（来源集中度）,source_share,1362,-0.012608160974861246,-2.2411883623747513,0.02825726364780652
单一伙伴来源份额（来源集中度）,source_share,1363,-0.012674097667922641,-2.32051637222585,0.029410451141603955
单一伙伴来源份额（来源集中度）,source_share,1364,-0.01252710403393815,-2.3104484331363415,0.028943227886948343
单一伙伴来源份额（来源集中度）,source_share,1365,-0.012567656530515635,-1.9370684702708858,0.02434441121045583
单一伙伴来源份额（来源集中度）,source_share,1366,-0.012454117136600088,-2.077148658948775,0.02586905270867983
单一伙伴来源份额（来源集中度）,source_share,1367,-0.012691447645292743,-2.1660014217504218,0.027489693643775123
单一伙伴来源份额（来源集中度）,source_share,1368,-0.012677066637660493,-2.215615624278266,0.02808750691241733
单一伙伴来源份额（来源集中度）,source_share,1369,-0.012562223107938666,-2.0840450080049946,0.026180238357544565
单一伙伴来源份额（来源集中度）,source_share,1370,-0.012883686751431058,-2.1552169078407575,0.02776713952200818
单一伙伴来源份额（来源集中度）,source_share,1371,-0.012702355275008953,-2.1201643400711476,0.02693108068898862
单一伙伴来源份额（来源集中度）,source_share,1372,-0.0125437524230536,-2.210014569198178,0.027721875607363406
单一伙伴来源份额（来源集中度）,source_share,1373,-0.012583421456502712,-2.2323142707428727,0.028090151292123066
单一伙伴来源份额（来源集中度）,source_share,1374,-0.012547728838866328,-2.066745721721039,0.025932964895042685
单一伙伴来源份额（来源集中度）,source_share,1375,-0.012543484870507864,-2.2382595839142847,0.028075575227098058
单一伙伴来源份额（来源集中度）,source_share,1376,-0.012743164588046056,-2.1761627431224495,0.027731200005983163
单一伙伴来源份额（来源集中度）,source_share,1377,-0.012603458944669911,-2.0769813760573466,0.026177149501982785
单一伙伴来源份额（来源集中度）,source_share,1378,-0.012518523209605085,-2.184449665623977,0.027346083839327826
单一伙伴来源份额（来源集中度）,source_share,1379,-0.012577766616831148,-2.003913280573712,0.025204753563424626
单一伙伴来源份额（来源集中度）,source_share,1380,-0.012640345920104525,-1.9195727742617177,0.02426406388548283
单一伙伴来源份额（来源集中度）,source_share,1381,-0.0125438884879627,-2.097632308240265,0.026312465763313683
单一伙伴来源份额（来源集中度）,source_share,1382,-0.012728070672525672,-2.2942812744479317,0.029201774203825543
单一伙伴来源份额（来源集中度）,source_share,1383,-0.012612811805752569,-2.0101108036173394,0.025353149274735563
单一伙伴来源份额（来源集中度）,source_share,1384,-0.01275317267996975,-2.095643813864973,0.026726107433930387
单一伙伴来源份额（来源集中度）,source_share,1385,-0.01279578691423288,-1.9948416875233148,0.02552556916117707
单一伙伴来源份额（来源集中度）,source_share,1386,-0.012592587365096098,-2.2819759412921212,0.02873598140576844
单一伙伴来源份额（来源集中度）,source_share,1387,-0.012726693144312658,-1.9849028564179427,0.025261249574900845
单一伙伴来源份额（来源集中度）,source_share,1388,-0.012886608824037091,-2.3548784836468193,0.030346397846898188
单一伙伴来源份额（来源集中度）,source_share,1389,-0.012693428741423193,-2.0543177105885784,0.026076335471599755
单一伙伴来源份额（来源集中度）,source_share,1390,-0.012713363699942061,-2.0500339705021515,0.026062827464230148
单一伙伴来源份额（来源集中度）,source_share,1391,-0.012689701205003064,-2.2338568667406276,0.02834697617368291
单一伙伴来源份额（来源集中度）,source_share,1392,-0.012469856494541062,-2.175125189145153,0.02712349896630154
单一伙伴来源份额（来源集中度）,source_share,1393,-0.012607868948917316,-2.1818664885192414,0.027508686751285004
单一伙伴来源份额（来源集中度）,source_share,1394,-0.012536215346016157,-2.1674408886364125,0.02717150572970669
单一伙伴来源份额（来源集中度）,source_share,1395,-0.01265919711354431,-2.2195471671361298,0.028097685091585143
单一伙伴来源份额（来源集中度）,source_share,1396,-0.012614024230278222,-2.1506006937351403,0.027127729260428213
单一伙伴来源份额（来源集中度）,source_share,1397,-0.012954483656207447,-2.0310819986042565,0.026311618555335998
单一伙伴来源份额（来源集中度）,source_share,1398,-0.012683273106897876,-2.1524923610504003,0.027300648475713656
单一伙伴来源份额（来源集中度）,source_share,1399,-0.012817922261165583,-2.0991682242495595,0.026906975111539857
单一伙伴来源份额（来源集中度）,source_share,1400,-0.012563503738925666,-2.193018501454304,0.02755199614255431
单一伙伴来源份额（来源集中度）,source_share,1401,-0.012580253743290288,-2.3326515632895415,0.0293453485608652
单一伙伴来源份额（来源集中度）,source_share,1402,-0.012576505548507892,-2.2542493948852527,0.028350580022494937
单一伙伴来源份额（来源集中度）,source_share,1403,-0.012828024379091875,-2.2386037741718754,0.028716863790203898
单一伙伴来源份额（来源集中度）,source_share,1404,-0.012593222091048456,-2.016249496564426,0.02539107770120046
单一伙伴来源份额（来源集中度）,source_share,1405,-0.012617643181935964,-2.039569824737236,0.025734564293178115
单一伙伴来源份额（来源集中度）,source_share,1406,-0.012781865774631992,-1.9673948820837261,0.02514697730849212
单一伙伴来源份额（来源集中度）,source_share,1407,-0.012765653240006466,-2.264748082910659,0.028910988702406888
单一伙伴来源份额（来源集中度）,source_share,1408,-0.012593096404597165,-2.0954876968551903,0.02638867858114469
单一伙伴来源份额（来源集中度）,source_share,1409,-0.012799674632555554,-2.3033310727305203,0.02948188830200581
单一伙伴来源份额（来源集中度）,source_share,1410,-0.012678674313045047,-2.1561475542976307,0.02733709261180827
单一伙伴来源份额（来源集中度）,source_share,1411,-0.012712417329183781,-2.0602499728470436,0.02619075745727117
单一伙伴来源份额（来源集中度）,source_share,1412,-0.012494978695350233,-2.516870052685984,0.031448237687276386
单一伙伴来源份额（来源集中度）,source_share,1413,-0.012731471383955301,-2.3400512831202143,0.02979229594803289
单一伙伴来源份额（来源集中度）,source_share,1414,-0.012691775128101554,-2.3931042718509024,0.030372741276430863
单一伙伴来源份额（来源集中度）,source_share,1415,-0.012680461099196417,-2.1104963126752727,0.026762066392876274
单一伙伴来源份额（来源集中度）,source_share,1416,-0.012605377991379195,-2.090039296925771,0.026345735354585762
单一伙伴来源份额（来源集中度）,source_share,1417,-0.01266975711732227,-2.1809884700397904,0.027632594191084443
单一伙伴来源份额（来源集中度）,source_share,1418,-0.012573919883161701,-2.1648903556143653,0.027221157887324474
单一伙伴来源份额（来源集中度）,source_share,1419,-0.012715603137516022,-2.261686946944245,0.028758713638643272
单一伙伴来源份额（来源集中度）,source_share,1420,-0.012616780173716419,-2.239762433535915,0.02825859026527077
单一伙伴来源份额（来源集中度）,source_share,1421,-0.012723265759913659,-2.0793715055365056,0.02645639627853274
单一伙伴来源份额（来源集中度）,source_share,1422,-0.012714168123344497,-2.218780296259686,0.02820994571540976
单一伙伴来源份额（来源集中度）,source_share,1423,-0.012757050379703675,-1.8218499732353346,0.023241431892824956
单一伙伴来源份额（来源集中度）,source_share,1424,-0.012672403964323665,-2.161572996212385,0.02739232620637681
单一伙伴来源份额（来源集中度）,source_share,1425,-0.01267473611294999,-2.0325107099401314,0.025761536895235807
单一伙伴来源份额（来源集中度）,source_share,1426,-0.012591967724815245,-2.2150958479636986,0.02789241542493115
单一伙伴来源份额（来源集中度）,source_share,1427,-0.012493991636193915,-1.9484465864499207,0.024343875354675894
单一伙伴来源份额（来源集中度）,source_share,1428,-0.012668813602856824,-1.9411190553969406,0.024591675493777353
单一伙伴来源份额（来源集中度）,source_share,1429,-0.012578434044769988,-2.3104601495800114,0.029061970604561574
单一伙伴来源份额（来源集中度）,source_share,1430,-0.01282299088123353,-2.229050701866275,0.02858309682383844
单一伙伴来源份额（来源集中度）,source_share,1431,-0.01274235845179577,-2.1655396276113943,0.027594082176592715
单一伙伴来源份额（来源集中度）,source_share,1432,-0.012500264837435243,-2.129550700741329,0.02661994774401242
单一伙伴来源份额（来源集中度）,source_share,1433,-0.012732077649262685,-2.3144992804083366,0.02946838455732155
单一伙伴来源份额（来源集中度）,source_share,1434,-0.0126699784369789,-1.8932539977581526,0.02398748732731989
单一伙伴来源份额（来源集中度）,source_share,1435,-0.01275453013060489,-2.1068742858925407,0.02687219156081307
单一伙伴来源份额（来源集中度）,source_share,1436,-0.012642526488610124,-2.1013713318654013,0.02656664272551427
单一伙伴来源份额（来源集中度）,source_share,1437,-0.012710746859330995,-2.0459442623406923,0.026005479606913226
单一伙伴来源份额（来源集中度）,source_share,1438,-0.012676607775940686,-2.209030775501089,0.02800301670600939
单一伙伴来源份额（来源集中度）,source_share,1439,-0.012717516552454705,-2.132283045680074,0.027117344927954874
单一伙伴来源份额（来源集中度）,source_share,1440,-0.012628454877466036,-2.2094663114120308,0.027902145616948152
单一伙伴来源份额（来源集中度）,source_share,1441,-0.012676945501873165,-2.2466225537651545,0.02848031167735998
单一伙伴来源份额（来源集中度）,source_share,1442,-0.012675252761785938,-2.2301226656209816,0.028267368476533765
单一伙伴来源份额（来源集中度）,source_share,1443,-0.012642116399042813,-2.284366383446166,0.028879225717586894
单一伙伴来源份额（来源集中度）,source_share,1444,-0.012714718198210875,-2.2218634125924064,0.028250367166027586
单一伙伴来源份额（来源集中度）,source_share,1445,-0.012805457253144146,-1.9856935452206153,0.02542771381116684
单一伙伴来源份额（来源集中度）,source_share,1446,-0.012810847438808403,-2.415280782825968,0.03094179363066921
单一伙伴来源份额（来源集中度）,source_share,1447,-0.012645580937204005,-1.972222816439678,0.024939903251488385
单一伙伴来源份额（来源集中度）,source_share,1448,-0.012621151678014477,-2.056266169470893,0.025952447215261958
单一伙伴来源份额（来源集中度）,source_share,1449,-0.012867992308360669,-1.8640830655057514,0.023987006549073386
单一伙伴来源份额（来源集中度）,source_share,1450,-0.012592872430676002,-2.1802499528552843,0.027455609523293963
单一伙伴来源份额（来源集中度）,source_share,1451,-0.012597963867535155,-2.237690798944727,0.028190347831821543
单一伙伴来源份额（来源集中度）,source_share,1452,-0.012688873076123736,-2.132751172573388,0.02706220893173779
单一伙伴来源份额（来源集中度）,source_share,1453,-0.012715167063331614,-2.053280614447867,0.026107806040604815
单一伙伴来源份额（来源集中度）,source_share,1454,-0.012656920309919918,-2.37034323459992,0.030001245427489002
单一伙伴来源份额（来源集中度）,source_share,1455,-0.012765355004309887,-2.0028719447576067,0.02556737140300339
单一伙伴来源份额（来源集中度）,source_share,1456,-0.012722838254789566,-2.214949254946781,0.028180441113254552
单一伙伴来源份额（来源集中度）,source_share,1457,-0.01269333958000597,-2.1838718915880855,0.02772062751915755
单一伙伴来源份额（来源集中度）,source_share,1458,-0.01275194486627715,-2.153544048630356,0.027461874975233575
单一伙伴来源份额（来源集中度）,source_share,1459,-0.012721390519422109,-2.167760052374085,0.027576922178653658
单一伙伴来源份额（来源集中度）,source_share,1460,-0.012680014953981638,-2.1050904996271425,0.026692579014756846
单一伙伴来源份额（来源集中度）,source_share,1461,-0.012726674918120132,-2.05745258479134,0.02618453020608538
单一伙伴来源份额（来源集中度）,source_share,1462,-0.01276371973965232,-2.169930439376352,0.027696383982740377
单一伙伴来源份额（来源集中度）,source_share,1463,-0.012548602671072277,-2.267086310110181,0.02844876532660001
单一伙伴来源份额（来源集中度）,source_share,1464,-0.012476701150943405,-2.2811415069337295,0.028461120865024836
单一伙伴来源份额（来源集中度）,source_share,1465,-0.012727571238386129,-2.1838284053376933,0.02779483160134667
单一伙伴来源份额（来源集中度）,source_share,1466,-0.012706615878881469,-2.192957608587542,0.027865069970992393
单一伙伴来源份额（来源集中度）,source_share,1467,-0.012697369610471219,-1.975997494119263,0.025089970532197213
单一伙伴来源份额（来源集中度）,source_share,1468,-0.01278931419243398,-1.9704829949624405,0.025201126133422954
单一伙伴来源份额（来源集中度）,source_share,1469,-0.012783835091936646,-2.1506133859870036,0.027493086872969346
单一伙伴来源份额（来源集中度）,source_share,1470,-0.01271131259482499,-2.2331790021888978,0.02838663637702244
单一伙伴来源份额（来源集中度）,source_share,1471,-0.012600919410048272,-2.0190711922435014,0.025442153376610443
单一伙伴来源份额（来源集中度）,source_share,1472,-0.012737319831771808,-2.137802695139254,0.02722987666521244
单一伙伴来源份额（来源集中度）,source_share,1473,-0.012640211680111986,-2.23583197999464,0.028261389508296153
单一伙伴来源份额（来源集中度）,source_share,1474,-0.012685399064280133,-2.0111913486234307,0.02551276485191597
单一伙伴来源份额（来源集中度）,source_share,1475,-0.012667078048129072,-2.1696280978683857,0.027482848451112662
单一伙伴来源份额（来源集中度）,source_share,1476,-0.01269213753781037,-2.2883750463728174,0.029044370826656982
单一伙伴来源份额（来源集中度）,source_share,1477,-0.01263796113931055,-2.4458137108415725,0.030910098631608724
单一伙伴来源份额（来源集中度）,source_share,1478,-0.012628164335776454,-2.266266444784843,0.028618785093398855
单一伙伴来源份额（来源集中度）,source_share,1479,-0.012691635640240867,-2.0598626445688963,0.02614302615381141
单一伙伴来源份额（来源集中度）,source_share,1480,-0.01268243734384564,-2.359698173674182,0.0299267242380098
单一伙伴来源份额（来源集中度）,source_share,1481,-0.012661348106096681,-2.350386572076006,0.029759062572949607
单一伙伴来源份额（来源集中度）,source_share,1482,-0.01283017014363733,-2.3458290023847894,0.030097385228475868
单一伙伴来源份额（来源集中度）,source_share,1483,-0.012689102395256842,-2.3115963038848704,0.02933208219649237
单一伙伴来源份额（来源集中度）,source_share,1484,-0.012636546543168613,-2.325962959646813,0.029392139197263172
单一伙伴来源份额（来源集中度）,source_share,1485,-0.0126299665074745,-2.291897683082411,0.028946590975889256
单一伙伴来源份额（来源集中度）,source_share,1486,-0.012597841827742191,-2.1091875623201206,0.026571211295150006
单一伙伴来源份额（来源集中度）,source_share,1487,-0.012555227030212165,-2.079544141819099,0.02610914881988651
单一伙伴来源份额（来源集中度）,source_share,1488,-0.012722694192608835,-2.049976721332833,0.026081226927484536
单一伙伴来源份额（来源集中度）,source_share,1489,-0.012871014708737985,-2.0896851992843493,0.026896368936620927
单一伙伴来源份额（来源集中度）,source_share,1490,-0.012466804867926411,-2.2926289647406723,0.0285817579379781
单一伙伴来源份额（来源集中度）,source_share,1491,-0.012623618714236095,-2.0291919742909785,0.025615745781437285
单一伙伴来源份额（来源集中度）,source_share,1492,-0.012790813768720474,-2.0988350021494675,0.026845807643765877
单一伙伴来源份额（来源集中度）,source_share,1493,-0.01278559632619158,-2.356235097217695,0.030125870802630225
单一伙伴来源份额（来源集中度）,source_share,1494,-0.012599171084324661,-2.284349312723352,0.028780907807360968
单一伙伴来源份额（来源集中度）,source_share,1495,-0.01260664425297913,-2.230520004682991,0.02811937219819181
单一伙伴来源份额（来源集中度）,source_share,1496,-0.012674647137030431,-2.2707656606421964,0.02878115347952563
单一伙伴来源份额（来源集中度）,source_share,1497,-0.012701461049773082,-2.2367415887647875,0.02840988616810351
单一伙伴来源份额（来源集中度）,source_share,1498,-0.012729721134210096,-2.1390969871508623,0.027230108125459472
单一伙伴来源份额（来源集中度）,source_share,1499,-0.012635966284329116,-2.033216294494114,0.0256916525459762
单一伙伴来源份额（来源集中度）,source_share,1500,-0.01263451151864279,-2.2686833345792206,0.028663705722894096
单一伙伴来源份额（来源集中度）,source_share,1501,-0.012640902237697094,-2.2567531334973046,0.028527395735156006
单一伙伴来源份额（来源集中度）,source_share,1502,-0.01294032464411404,-2.231116958697188,0.028871377764529988
单一伙伴来源份额（来源集中度）,source_share,1503,-0.01269907149937849,-1.840348629536222,0.023370718830263697
单一伙伴来源份额（来源集中度）,source_share,1504,-0.01277409348550282,-2.1213866500988248,0.027098791387260047
单一伙伴来源份额（来源集中度）,source_share,1505,-0.012744013364386018,-2.2008496586101556,0.028047657462332228
单一伙伴来源份额（来源集中度）,source_share,1506,-0.01272985440152102,-2.0728965813056908,0.026387671669432122
单一伙伴来源份额（来源集中度）,source_share,1507,-0.01268659942339913,-2.1206640626284288,0.026904015474165082
单一伙伴来源份额（来源集中度）,source_share,1508,-0.012729746845722279,-2.2916904493492525,0.02917263926897552
单一伙伴来源份额（来源集中度）,source_share,1509,-0.012660275278672943,-1.9398815609676026,0.024559434569871617
单一伙伴来源份额（来源集中度）,source_share,1510,-0.012850329878789353,-2.131148720142536,0.027385964074591318
单一伙伴来源份额（来源集中度）,source_share,1511,-0.0125489186154652,-2.0820431479846886,0.026127390017946825
单一伙伴来源份额（来源集中度）,source_share,1512,-0.01264239084161574,-2.0481872079199057,0.02589398319932113
单一伙伴来源份额（来源集中度）,source_share,1513,-0.012700976922195776,-2.215451015580099,0.02813839222113803
单一伙伴来源份额（来源集中度）,source_share,1514,-0.012798500419482987,-2.176008815983634,0.027849649744165216
单一伙伴来源份额（来源集中度）,source_share,1515,-0.012665674957202003,-2.162300659473354,0.027386997312633034
单一伙伴来源份额（来源集中度）,source_share,1516,-0.012622114447819431,-1.9612460825033826,0.024755072513695204
单一伙伴来源份额（来源集中度）,source_share,1517,-0.01263479620138976,-2.076602891381356,0.026237454323820148
单一伙伴来源份额（来源集中度）,source_share,1518,-0.012574828106692295,-2.1635957832335273,0.02720684506652589
单一伙伴来源份额（来源集中度）,source_share,1519,-0.012840527035240065,-2.2733588298938967,0.029191125516054302
单一伙伴来源份额（来源集中度）,source_share,1520,-0.012480586932971193,-2.156257466324702,0.02691135875833365
单一伙伴来源份额（来源集中度）,source_share,1521,-0.01252145108366251,-2.3317789132672417,0.029197255600391495
单一伙伴来源份额（来源集中度）,source_share,1522,-0.012616005497162035,-2.0549742020216657,0.0259255658292315
单一伙伴来源份额（来源集中度）,source_share,1523,-0.012593423586259278,-2.033411868262007,0.0256076169823503
单一伙伴来源份额（来源集中度）,source_share,1524,-0.01261268628364321,-2.0656541698590476,0.026053448014931608
单一伙伴来源份额（来源集中度）,source_share,1525,-0.012688572207238964,-2.381217256430352,0.03021424709933998
单一伙伴来源份额（来源集中度）,source_share,1526,-0.012727237574420205,-2.2410076940199115,0.028521837327894994
单一伙伴来源份额（来源集中度）,source_share,1527,-0.012675769729110305,-2.1926574862841295,0.027793621390947463
单一伙伴来源份额（来源集中度）,source_share,1528,-0.012645222216048139,-2.0309237955729094,0.025681482698879363
单一伙伴来源份额（来源集中度）,source_share,1529,-0.012625740888757675,-2.3238068775738583,0.029339783511760562
单一伙伴来源份额（来源集中度）,source_share,1530,-0.01271569223111716,-2.0584464925845007,0.026174572073927104
单一伙伴来源份额（来源集中度）,source_share,1531,-0.012698923412533704,-2.2084937453451468,0.02804549292919773
单一伙伴来源份额（来源集中度）,source_share,1532,-0.012799059067506592,-2.1678084110391715,0.027745907899927966
单一伙伴来源份额（来源集中度）,source_share,1533,-0.012671507808317495,-2.314759678665797,0.02933149534259214
单一伙伴来源份额（来源集中度）,source_share,1534,-0.012430054763268068,-2.017660030846161,0.02507962467707492
单一伙伴来源份额（来源集中度）,source_share,1535,-0.012743484811402379,-2.1682210553690666,0.027630692086858536
单一伙伴来源份额（来源集中度）,source_share,1536,-0.012702559274980953,-1.9458210199835368,0.024716906844844774
单一伙伴来源份额（来源集中度）,source_share,1537,-0.012593444169149572,-2.224491647319567,0.028014011365258523
单一伙伴来源份额（来源集中度）,source_share,1538,-0.012636761627967712,-2.1404447359117214,0.027048289905554725
单一伙伴来源份额（来源集中度）,source_share,1539,-0.012683060689576506,-2.046528065790144,0.025956239661338018
单一伙伴来源份额（来源集中度）,source_share,1540,-0.012686842692627634,-2.351628299265853,0.029834738304317335
单一伙伴来源份额（来源集中度）,source_share,1541,-0.012614423705177751,-2.2654882307843933,0.028577828442207853
单一伙伴来源份额（来源集中度）,source_share,1542,-0.01257015104724317,-2.120539982857435,0.0266555078862364
单一伙伴来源份额（来源集中度）,source_share,1543,-0.012746926851144934,-2.17004630635792,0.027661421530741657
单一伙伴来源份额（来源集中度）,source_share,1544,-0.01266506682306261,-2.073222100393222,0.026257496440530378
单一伙伴来源份额（来源集中度）,source_share,1545,-0.012867241548250823,-2.3015179455282953,0.029614187332746556
单一伙伴来源份额（来源集中度）,source_share,1546,-0.01269340482769452,-2.2935717895288583,0.02911323522586957
单一伙伴来源份额（来源集中度）,source_share,1547,-0.012625006434279431,-2.0767372833371502,0.02621882156443951
单一伙伴来源份额（来源集中度）,source_share,1548,-0.01248675077134388,-2.0737175700504347,0.025893994467376624
单一伙伴来源份额（来源集中度）,source_share,1549,-0.01295254331149861,-1.8167630188262427,0.023531701688075873
单一伙伴来源份额（来源集中度）,source_share,1550,-0.012716944328270662,-2.1390993400907896,0.02720280722057508
单一伙伴来源份额（来源集中度）,source_share,1551,-0.012609337922358011,-2.1742667511545504,0.02741606419865522
单一伙伴来源份额（来源集中度）,source_share,1552,-0.012779264741294614,-1.9756382902579568,0.02524720474424508
单一伙伴来源份额（来源集中度）,source_share,1553,-0.012620340005913912,-2.021272491267123,0.025509146084391754
单一伙伴来源份额（来源集中度）,source_share,1554,-0.012605977917106654,-2.356768635705613,0.02970937337743453
单一伙伴来源份额（来源集中度）,source_share,1555,-0.012734072176821473,-2.1611188846915073,0.027519843860353575
单一伙伴来源份额（来源集中度）,source_share,1556,-0.012610698925511775,-2.240812738401439,0.028258214792432127
单一伙伴来源份额（来源集中度）,source_share,1557,-0.012769272220723597,-2.16252436662242,0.027613862321349558
单一伙伴来源份额（来源集中度）,source_share,1558,-0.012654160904645967,-2.1181145845098337,0.026802962766864773
单一伙伴来源份额（来源集中度）,source_share,1559,-0.012747951853163223,-2.3259176164603272,0.029650685789060414
单一伙伴来源份额（来源集中度）,source_share,1560,-0.012544972654446589,-1.8391735769748265,0.023072382229929918
单一伙伴来源份额（来源集中度）,source_share,1561,-0.012604090190095795,-2.314643642943923,0.029173977233597097
单一伙伴来源份额（来源集中度）,source_share,1562,-0.01262753956561472,-2.1842260687251045,0.027581401103073354
单一伙伴来源份额（来源集中度）,source_share,1563,-0.01277250757639003,-2.102579197469233,0.026855208729635847
单一伙伴来源份额（来源集中度）,source_share,1564,-0.012684626022683698,-2.157827348592049,0.027371232938409273
单一伙伴来源份额（来源集中度）,source_share,1565,-0.012667728159265744,-2.155230023034957,0.027301868052494883
单一伙伴来源份额（来源集中度）,source_share,1566,-0.012728379131057461,-2.2880648483465076,0.029123356866199844
单一伙伴来源份额（来源集中度）,source_share,1567,-0.012717442880240569,-1.9359501953316567,0.024620336028120915
单一伙伴来源份额（来源集中度）,source_share,1568,-0.012712461521861269,-1.9930949592998348,0.025337142979514803
单一伙伴来源份额（来源集中度）,source_share,1569,-0.012778384803493244,-2.242035734259931,0.02864959535555592
单一伙伴来源份额（来源集中度）,source_share,1570,-0.012803510197021875,-2.2865681895092984,0.02927609913056815
单一伙伴来源份额（来源集中度）,source_share,1571,-0.012670348758191381,-2.1515883858609004,0.027261375232931657
单一伙伴来源份额（来源集中度）,source_share,1572,-0.012605125781696465,-2.2647420844109782,0.028547358837101813
单一伙伴来源份额（来源集中度）,source_share,1573,-0.012609344222148686,-2.0678564811914546,0.02607431417334418
单一伙伴来源份额（来源集中度）,source_share,1574,-0.012582707426047902,-2.28316868574301,0.0287284435770186
单一伙伴来源份额（来源集中度）,source_share,1575,-0.01277261429967081,-2.374159702194527,0.03032422616195201
单一伙伴来源份额（来源集中度）,source_share,1576,-0.012592666102006144,-2.0380317650450177,0.025664253522494143
单一伙伴来源份额（来源集中度）,source_share,1577,-0.012579803333948099,-2.0723076651039203,0.026069222874440495
单一伙伴来源份额（来源集中度）,source_share,1578,-0.0126463309757987,-2.2769395438690587,0.02879493108365224
单一伙伴来源份额（来源集中度）,source_share,1579,-0.012591116870882667,-2.0527962725284277,0.02584699777951774
单一伙伴来源份额（来源集中度）,source_share,1580,-0.012644215085344062,-2.0297566835382264,0.025664680077571975
单一伙伴来源份额（来源集中度）,source_share,1581,-0.012676492842310762,-2.3736702084245223,0.03008981340709975
单一伙伴来源份额（来源集中度）,source_share,1582,-0.012496675543995176,-2.415392532390775,0.03018437678867637
单一伙伴来源份额（来源集中度）,source_share,1583,-0.012617137343773052,-2.0814791349654516,0.026262308124057027
单一伙伴来源份额（来源集中度）,source_share,1584,-0.012567916700984583,-1.9598775014051013,0.02463157718179311
单一伙伴来源份额（来源集中度）,source_share,1585,-0.012667127429387682,-2.2870340807915097,0.028970152136738578
单一伙伴来源份额（来源集中度）,source_share,1586,-0.012720520011299323,-2.2329375878241584,0.02840412726989965
单一伙伴来源份额（来源集中度）,source_share,1587,-0.012749892081427364,-2.36441997212615,0.03014609947977991
单一伙伴来源份额（来源集中度）,source_share,1588,-0.01266405559803819,-2.216161720807823,0.02806559524655426
单一伙伴来源份额（来源集中度）,source_share,1589,-0.012559771021125229,-2.004093789420513,0.025170959099980808
单一伙伴来源份额（来源集中度）,source_share,1590,-0.012646426148198529,-1.9056354722630569,0.024099478265362174
单一伙伴来源份额（来源集中度）,source_share,1591,-0.012736772368656741,-2.0892415584313437,0.026610194152877686
单一伙伴来源份额（来源集中度）,source_share,1592,-0.012800887486355874,-2.131247939040191,0.027281865073181328
单一伙伴来源份额（来源集中度）,source_share,1593,-0.012745757077412946,-2.215968006394327,0.02824418990082115
单一伙伴来源份额（来源集中度）,source_share,1594,-0.012668190587684794,-2.025615883992414,0.025660888075857514
单一伙伴来源份额（来源集中度）,source_share,1595,-0.012798284340044788,-2.1016160534079784,0.02689707982511806
单一伙伴来源份额（来源集中度）,source_share,1596,-0.01269488353713108,-1.9608266756891033,0.024892466284373062
单一伙伴来源份额（来源集中度）,source_share,1597,-0.012710098725484172,-2.2945339830221427,0.029163753453189858
单一伙伴来源份额（来源集中度）,source_share,1598,-0.01266750520009449,-2.386467335612624,0.03023058738372856
单一伙伴来源份额（来源集中度）,source_share,1599,-0.012797402547392717,-1.95215928637811,0.024982568224411576
单一伙伴来源份额（来源集中度）,source_share,1600,-0.012549615229503304,-2.059753239996427,0.025849110629677933
单一伙伴来源份额（来源集中度）,source_share,1601,-0.012648467682878282,-1.8603256971756292,0.023530269460353956
单一伙伴来源份额（来源集中度）,source_share,1602,-0.012583118284247945,-2.185164223325466,0.027496179892611133
单一伙伴来源份额（来源集中度）,source_share,1603,-0.012560640651141094,-2.1896129036271117,0.027502940847561785
单一伙伴来源份额（来源集中度）,source_share,1604,-0.012660848072255992,-2.1367671300881854,0.02705328399983697
单一伙伴来源份额（来源集中度）,source_share,1605,-0.012679464345411898,-2.1364566193419616,0.027089125530465642
单一伙伴来源份额（来源集中度）,source_share,1606,-0.012531053188458034,-2.330780405196978,0.0292071332281391
单一伙伴来源份额（来源集中度）,source_share,1607,-0.012812084052110987,-2.1322745914374743,0.027318881287677534
单一伙伴来源份额（来源集中度）,source_share,1608,-0.012630343381077744,-2.1209575204262774,0.026788421779663098
单一伙伴来源份额（来源集中度）,source_share,1609,-0.012697385174916705,-2.0496911349716247,0.026025717830346903
单一伙伴来源份额（来源集中度）,source_share,1610,-0.012698857821767466,-2.1654014271157593,0.027498124849995392
单一伙伴来源份额（来源集中度）,source_share,1611,-0.012695078780855976,-2.183282501910234,0.02771694336261476
单一伙伴来源份额（来源集中度）,source_share,1612,-0.012654678847914706,-2.1244159017267856,0.0268838009757556
单一伙伴来源份额（来源集中度）,source_share,1613,-0.012581459856227762,-1.9749106202503248,0.02484725868831733
单一伙伴来源份额（来源集中度）,source_share,1614,-0.012542660631264944,-2.276448514558399,0.02855272116265319
单一伙伴来源份额（来源集中度）,source_share,1615,-0.012790610870495895,-2.2888449895852307,0.029275725604668915
单一伙伴来源份额（来源集中度）,source_share,1616,-0.012648642461497099,-2.1205425647174114,0.02682198472549661
单一伙伴来源份额（来源集中度）,source_share,1617,-0.012725997246924433,-1.9891108265926678,0.025313418903045875
单一伙伴来源份额（来源集中度）,source_share,1618,-0.012682095383955563,-2.0256625682284013,0.02568964590598098
单一伙伴来源份额（来源集中度）,source_share,1619,-0.012688937465259259,-2.079608309301646,0.02638801978896212
单一伙伴来源份额（来源集中度）,source_share,1620,-0.01256841464679395,-2.159502233236248,0.027141519497990704
单一伙伴来源份额（来源集中度）,source_share,1621,-0.0125707557935045,-2.116144247436553,0.026601532558354266
单一伙伴来源份额（来源集中度）,source_share,1622,-0.012635417301400281,-2.172882698961315,0.02745527964836914
单一伙伴来源份额（来源集中度）,source_share,1623,-0.012469321127887676,-2.3433116059175223,0.02921950491689176
单一伙伴来源份额（来源集中度）,source_share,1624,-0.012721478045772179,-2.198029914290277,0.027962189298594262
单一伙伴来源份额（来源集中度）,source_share,1625,-0.012631176861446358,-2.2794017643694335,0.028791526824043193
单一伙伴来源份额（来源集中度）,source_share,1626,-0.0126100347589712,-2.2387363738185675,0.028230543490025278
单一伙伴来源份额（来源集中度）,source_share,1627,-0.012708531364088525,-1.8963887495604592,0.024100315902293716
单一伙伴来源份额（来源集中度）,source_share,1628,-0.01272410465488607,-2.23563250993348,0.028446422026259226
单一伙伴来源份额（来源集中度）,source_share,1629,-0.012609004910944863,-2.17709138371423,0.027450955948828473
单一伙伴来源份额（来源集中度）,source_share,1630,-0.012511531986512028,-2.0057284257480026,0.025094735355002548
单一伙伴来源份额（来源集中度）,source_share,1631,-0.012565995587863607,-1.8885997035511992,0.023732135542064884
单一伙伴来源份额（来源集中度）,source_share,1632,-0.012760556115335765,-2.128499642357538,0.02716083912777547
单一伙伴来源份额（来源集中度）,source_share,1633,-0.012670166369161896,-2.447010620464808,0.031004031668395195
单一伙伴来源份额（来源集中度）,source_share,1634,-0.012615132500395365,-2.384284853554491,0.030078069346275663
单一伙伴来源份额（来源集中度）,source_share,1635,-0.012681220667758045,-2.1157878029592307,0.026830772015476984
单一伙伴来源份额（来源集中度）,source_share,1636,-0.01282223833190344,-2.0486541188859246,0.02626833137199097
单一伙伴来源份额（来源集中度）,source_share,1637,-0.012698753708778364,-2.184065608800572,0.02773491124997154
单一伙伴来源份额（来源集中度）,source_share,1638,-0.012636263015843275,-2.052965159312118,0.025941807715430514
单一伙伴来源份额（来源集中度）,source_share,1639,-0.012578417810953644,-2.1910555257506026,0.02756001184988978
单一伙伴来源份额（来源集中度）,source_share,1640,-0.012747075195804697,-1.9927985147915548,0.025402352518135867
单一伙伴来源份额（来源集中度）,source_share,1641,-0.012770946570229572,-2.162435659303609,0.027616350266525546
单一伙伴来源份额（来源集中度）,source_share,1642,-0.012647718112743067,-1.9970584356186922,0.02525823214838087
单一伙伴来源份额（来源集中度）,source_share,1643,-0.012665379328248242,-2.10335720435244,0.026639816855927406
单一伙伴来源份额（来源集中度）,source_share,1644,-0.012687540123726353,-2.1287557495779006,0.02700867398638278
单一伙伴来源份额（来源集中度）,source_share,1645,-0.012601390795764998,-2.1650111950813993,0.027282152146426923
单一伙伴来源份额（来源集中度）,source_share,1646,-0.012776411656613773,-2.134626411895029,0.027272865771451285
单一伙伴来源份额（来源集中度）,source_share,1647,-0.012758227858072126,-2.3691722883950597,0.030226439890374338
单一伙伴来源份额（来源集中度）,source_share,1648,-0.012778084519913285,-2.3651239769445747,0.030221754077471213
单一伙伴来源份额（来源集中度）,source_share,1649,-0.012550674732784444,-2.1061579278933986,0.026433703088865317
单一伙伴来源份额（来源集中度）,source_share,1650,-0.012585072036863846,-2.0443022489897205,0.025727691068658402
单一伙伴来源份额（来源集中度）,source_share,1651,-0.012701845221128421,-2.044750259101268,0.025972101306966543
单一伙伴来源份额（来源集中度）,source_share,1652,-0.012504992104315915,-2.164567435897153,0.027067898695153244
单一伙伴来源份额（来源集中度）,source_share,1653,-0.012870675154557355,-2.018595206961893,0.025980683177352994
单一伙伴来源份额（来源集中度）,source_share,1654,-0.012464685623662538,-2.2608190411088285,0.028180398599411738
单一伙伴来源份额（来源集中度）,source_share,1655,-0.012600372450676014,-2.058177054654236,0.025933797458078736
单一伙伴来源份额（来源集中度）,source_share,1656,-0.01256872924473156,-2.316902242896983,0.029120516977483458
单一伙伴来源份额（来源集中度）,source_share,1657,-0.012586623811125495,-2.1552965751662385,0.027127907193024606
单一伙伴来源份额（来源集中度）,source_share,1658,-0.012747898190095426,-2.1184170559572313,0.02700536495350447
单一伙伴来源份额（来源集中度）,source_share,1659,-0.012748479789848768,-1.8189164754260683,0.023188419926392183
单一伙伴来源份额（来源集中度）,source_share,1660,-0.012728822020792832,-2.0827063011721956,0.02651039782920463
单一伙伴来源份额（来源集中度）,source_share,1661,-0.01276067775554627,-1.9716469280149858,0.025159551096111964
单一伙伴来源份额（来源集中度）,source_share,1662,-0.012590560482251498,-2.0060384480504863,0.025257148409901578
单一伙伴来源份额（来源集中度）,source_share,1663,-0.012735696489838461,-2.239602671467388,0.028522899881640053
单一伙伴来源份额（来源集中度）,source_share,1664,-0.012652371383416018,-2.154964744476979,0.02726541426529094
单一伙伴来源份额（来源集中度）,source_share,1665,-0.012585247581405855,-2.1998557758700286,0.027685729582709977
单一伙伴来源份额（来源集中度）,source_share,1666,-0.012677226817075695,-2.215100008353623,0.02808132522840515
单一伙伴来源份额（来源集中度）,source_share,1667,-0.012664058332120275,-1.995165372206612,0.025266890655850995
单一伙伴来源份额（来源集中度）,source_share,1668,-0.012622013469126545,-2.2342544485171523,0.028200789742639395
单一伙伴来源份额（来源集中度）,source_share,1669,-0.012465046192183856,-2.245902071579481,0.027995273065359646
单一伙伴来源份额（来源集中度）,source_share,1670,-0.012587567806280042,-2.17464460083436,0.0273734863675633
单一伙伴来源份额（来源集中度）,source_share,1671,-0.012637624742655002,-2.388135688282168,0.030180362663052157
单一伙伴来源份额（来源集中度）,source_share,1672,-0.012500469282429571,-2.257868145305731,0.02822441139417052
单一伙伴来源份额（来源集中度）,source_share,1673,-0.01268683040052493,-2.1856806372132023,0.027729359554035157
单一伙伴来源份额（来源集中度）,source_share,1674,-0.012792746551070754,-2.0693687149336744,0.02647290949086148
单一伙伴来源份额（来源集中度）,source_share,1675,-0.012557938223559427,-2.2665271739637425,0.02846290823265541
单一伙伴来源份额（来源集中度）,source_share,1676,-0.012684390893846128,-2.1316453136838134,0.027038622405800735
单一伙伴来源份额（来源集中度）,source_share,1677,-0.012592322776652455,-2.23446762363117,0.028137137550743267
单一伙伴来源份额（来源集中度）,source_share,1678,-0.012634980994770433,-2.1709936748896324,0.027430463821997327
单一伙伴来源份额（来源集中度）,source_share,1679,-0.01277837533782864,-2.1267582171066097,0.02717651475099951
单一伙伴来源份额（来源集中度）,source_share,1680,-0.012756973254803572,-2.017405174200975,0.02573598385138418
单一伙伴来源份额（来源集中度）,source_share,1681,-0.01259577500560161,-2.0049841517945333,0.025254329265800925
单一伙伴来源份额（来源集中度）,source_share,1682,-0.012629532069278724,-2.1701290469617014,0.027407714393076082
单一伙伴来源份额（来源集中度）,source_share,1683,-0.012676902366521465,-2.286272735709074,0.028982856253823863
单一伙伴来源份额（来源集中度）,source_share,1684,-0.012659360879426622,-2.132891951934055,0.027001048936357862
单一伙伴来源份额（来源集中度）,source_share,1685,-0.012617079208977705,-2.0967541751917795,0.0264549135101494
单一伙伴来源份额（来源集中度）,source_share,1686,-0.012532629273966407,-2.0864268527635956,0.026148414252934637
单一伙伴来源份额（来源集中度）,source_share,1687,-0.012598766013045512,-2.322315659321995,0.02925831160022933
单一伙伴来源份额（来源集中度）,source_share,1688,-0.012757712291151935,-2.1907171290437097,0.027948538843638016
单一伙伴来源份额（来源集中度）,source_share,1689,-0.012528973672020133,-2.2285228608758763,0.02792110425140884
单一伙伴来源份额（来源集中度）,source_share,1690,-0.012877533800156922,-1.9409815379136472,0.024995055359963558
单一伙伴来源份额（来源集中度）,source_share,1691,-0.012534698100869381,-2.1728060791275143,0.0272354682335971
单一伙伴来源份额（来源集中度）,source_share,1692,-0.012717315777197178,-2.3457994800885196,0.029832272738270667
单一伙伴来源份额（来源集中度）,source_share,1693,-0.012748475977059387,-2.0723208118364003,0.026418932086456556
单一伙伴来源份额（来源集中度）,source_share,1694,-0.012674692297623604,-2.051486426681447,0.02600195921093871
单一伙伴来源份额（来源集中度）,source_share,1695,-0.012713631755136559,-2.1425309312383094,0.027239349283753673
单一伙伴来源份额（来源集中度）,source_share,1696,-0.012812172570332169,-2.2853829448985383,0.029280720679334005
单一伙伴来源份额（来源集中度）,source_share,1697,-0.01277350770894265,-2.4142038125914733,0.03083785101109592
单一伙伴来源份额（来源集中度）,source_share,1698,-0.012683518269480344,-2.0745312775071,0.026312355358869697
单一伙伴来源份额（来源集中度）,source_share,1699,-0.01267607285299371,-2.186004304583262,0.02770994982185528
单一伙伴来源份额（来源集中度）,source_share,1700,-0.012500776686865613,-1.9518012061924268,0.024399031015766473
单一伙伴来源份额（来源集中度）,source_share,1701,-0.012643148360172347,-2.177291702209507,0.027527822014406983
单一伙伴来源份额（来源集中度）,source_share,1702,-0.012788329044292121,-2.2354558441722805,0.02858774489926094
单一伙伴来源份额（来源集中度）,source_share,1703,-0.012559105150877183,-2.1444135158660127,0.026931914832723492
单一伙伴来源份额（来源集中度）,source_share,1704,-0.01278245824024062,-2.1038679570475316,0.026892604303940422
单一伙伴来源份额（来源集中度）,source_share,1705,-0.012592779952509403,-2.328370669105502,0.02932065948392267
单一伙伴来源份额（来源集中度）,source_share,1706,-0.012730099059097609,-2.1650227849565424,0.027560954517700166
单一伙伴来源份额（来源集中度）,source_share,1707,-0.012464402253640363,-2.1669209960603695,0.02700937494675549
单一伙伴来源份额（来源集中度）,source_share,1708,-0.012511362188063209,-2.098820280442474,0.02625910069626819
单一伙伴来源份额（来源集中度）,source_share,1709,-0.012695293373740013,-1.923217622647999,0.02441581194106316
单一伙伴来源份额（来源集中度）,source_share,1710,-0.01255303476477101,-2.3509635325876848,0.02951172695528207
单一伙伴来源份额（来源集中度）,source_share,1711,-0.012928957146531365,-2.3519165212449114,0.03040782791539458
单一伙伴来源份额（来源集中度）,source_share,1712,-0.012627527893149273,-1.8691799526146382,0.02360312198895678
单一伙伴来源份额（来源集中度）,source_share,1713,-0.012726253096609557,-2.1102015631146145,0.02685495917705769
单一伙伴来源份额（来源集中度）,source_share,1714,-0.012845098835565493,-2.034166385602926,0.02612906827105461
单一伙伴来源份额（来源集中度）,source_share,1715,-0.01243757032799494,-2.3377411915528414,0.029075820478589157
单一伙伴来源份额（来源集中度）,source_share,1716,-0.01282811210454787,-2.105631968548421,0.027011282943458958
单一伙伴来源份额（来源集中度）,source_share,1717,-0.012609012697448609,-1.9533403439977897,0.024629693199906762
单一伙伴来源份额（来源集中度）,source_share,1718,-0.012834882701084249,-2.275318510889925,0.029203446194877872
单一伙伴来源份额（来源集中度）,source_share,1719,-0.012572231914539862,-2.14026311288208,0.02690788421328852
单一伙伴来源份额（来源集中度）,source_share,1720,-0.012775249928208913,-2.226567442144988,0.02844495555541506
单一伙伴来源份额（来源集中度）,source_share,1721,-0.012724824642924583,-2.0156511897780556,0.025648807931228056
单一伙伴来源份额（来源集中度）,source_share,1722,-0.012651379177567847,-2.171725369519005,0.02747532111932858
单一伙伴来源份额（来源集中度）,source_share,1723,-0.012681399256261688,-2.04309884889326,0.025909352222824103
单一伙伴来源份额（来源集中度）,source_share,1724,-0.012741554720143928,-2.1956680090992235,0.02797622408520723
单一伙伴来源份额（来源集中度）,source_share,1725,-0.01261347215394554,-1.9891270546212336,0.025089798714124638
单一伙伴来源份额（来源集中度）,source_share,1726,-0.012592093726409324,-2.116594785069054,0.026652359914418725
单一伙伴来源份额（来源集中度）,source_share,1727,-0.01287822774096328,-2.196981897113261,0.028293233213798133
单一伙伴来源份额（来源集中度）,source_share,1728,-0.012726959739702715,-2.096588102662876,0.02668319237333013
单一伙伴来源份额（来源集中度）,source_share,1729,-0.012767074471888063,-1.9983770788014055,0.025513428987971664
单一伙伴来源份额（来源集中度）,source_share,1730,-0.012895278477488215,-2.1492749640626463,0.0277154991862813
单一伙伴来源份额（来源集中度）,source_share,1731,-0.012625615375548802,-2.124268208014723,0.02682019334890019
单一伙伴来源份额（来源集中度）,source_share,1732,-0.012718737268794444,-2.1014787043438377,0.02672815551651583
单一伙伴来源份额（来源集中度）,source_share,1733,-0.012605578462869438,-1.995319599988913,0.025152157776161504
单一伙伴来源份额（来源集中度）,source_share,1734,-0.012737948514324554,-2.067959029924512,0.02634155565291098
单一伙伴来源份额（来源集中度）,source_share,1735,-0.012591400686356889,-2.094017189065592,0.02636660947164362
单一伙伴来源份额（来源集中度）,source_share,1736,-0.012700739541925143,-2.2225608731078106,0.02822816676541604
单一伙伴来源份额（来源集中度）,source_share,1737,-0.012839243532111118,-2.1528157950364974,0.027640526272249003
单一伙伴来源份额（来源集中度）,source_share,1738,-0.012671749480432338,-2.056163703147151,0.02605519133703874
单一伙伴来源份额（来源集中度）,source_share,1739,-0.012644899906485756,-2.1535473711858506,0.02723139095252061
单一伙伴来源份额（来源集中度）,source_share,1740,-0.012717338215527191,-2.268042091339487,0.02884345836261587
单一伙伴来源份额（来源集中度）,source_share,1741,-0.01275239106056394,-2.076827882424758,0.026484521322163418
单一伙伴来源份额（来源集中度）,source_share,1742,-0.012579977690776047,-2.401713934082051,0.03021350771037817
单一伙伴来源份额（来源集中度）,source_share,1743,-0.012754905466121846,-2.1455515015092526,0.0273663065744463
单一伙伴来源份额（来源集中度）,source_share,1744,-0.01260170751699174,-2.153960995262347,0.027143586465304525
单一伙伴来源份额（来源集中度）,source_share,1745,-0.012637144196007748,-2.2232649884863904,0.02809572024543802
单一伙伴来源份额（来源集中度）,source_share,1746,-0.01272237422654382,-2.1434352740204576,0.02726958568646276
单一伙伴来源份额（来源集中度）,source_share,1747,-0.012743386711306723,-2.0035833126314477,0.025532436961183493
单一伙伴来源份额（来源集中度）,source_share,1748,-0.012760502947969732,-2.2445335636629267,0.028641377155937783
单一伙伴来源份额（来源集中度）,source_share,1749,-0.012674170884104401,-1.8025273115784584,0.02284553917021068
单一伙伴来源份额（来源集中度）,source_share,1750,-0.012595193548746351,-2.214685039430291,0.02789438672113746
单一伙伴来源份额（来源集中度）,source_share,1751,-0.01258393954897875,-2.060464278486025,0.025928757923298254
单一伙伴来源份额（来源集中度）,source_share,1752,-0.0128084103054219,-2.212250963031787,0.028335418033075863
单一伙伴来源份额（来源集中度）,source_share,1753,-0.012696638964435115,-2.199836235624098,0.027930526464601188
单一伙伴来源份额（来源集中度）,source_share,1754,-0.012498919681837436,-1.802643764696076,0.022531099629901317
单一伙伴来源份额（来源集中度）,source_share,1755,-0.012768728290086842,-2.079595063351051,0.026553784317335502
单一伙伴来源份额（来源集中度）,source_share,1756,-0.012647303885935502,-1.9959767722941208,0.025243724788472435
单一伙伴来源份额（来源集中度）,source_share,1757,-0.012557234262069145,-2.323318705239898,0.029174457247144573
单一伙伴来源份额（来源集中度）,source_share,1758,-0.012518749455740111,-2.3460606965128927,0.029369746067604043
单一伙伴来源份额（来源集中度）,source_share,1759,-0.012691657325381718,-2.163440245284396,0.027457642237089325
单一伙伴来源份额（来源集中度）,source_share,1760,-0.012878608673668829,-2.1653323167910967,0.02788646755640124
单一伙伴来源份额（来源集中度）,source_share,1761,-0.012653429734629696,-2.0812323515383495,0.026334727321628636
单一伙伴来源份额（来源集中度）,source_share,1762,-0.012676932940585145,-2.1588934230983723,0.027368147150488378
单一伙伴来源份额（来源集中度）,source_share,1763,-0.012602082254126895,-2.383475644944787,0.03003675612830236
单一伙伴来源份额（来源集中度）,source_share,1764,-0.012799101924891417,-2.2510137733829945,0.028810954719863377
单一伙伴来源份额（来源集中度）,source_share,1765,-0.012672803296088832,-2.078489710677856,0.026340291256365056
单一伙伴来源份额（来源集中度）,source_share,1766,-0.012703567934055218,-2.152280075991229,0.027341636158468106
单一伙伴来源份额（来源集中度）,source_share,1767,-0.012747822275999255,-2.0281459674915903,0.025854444343367356
单一伙伴来源份额（来源集中度）,source_share,1768,-0.012569243191663967,-2.1028668692946515,0.026431445079857518
单一伙伴来源份额（来源集中度）,source_share,1769,-0.012633664723367842,-2.2364889991178076,0.0282550521723549
单一伙伴来源份额（来源集中度）,source_share,1770,-0.012524368597357121,-2.2714535519147625,0.028448521535956544
单一伙伴来源份额（来源集中度）,source_share,1771,-0.012686254734100153,-2.178525388932149,0.027637328028697856
单一伙伴来源份额（来源集中度）,source_share,1772,-0.012672797631964838,-2.03136754710585,0.025743109840613235
单一伙伴来源份额（来源集中度）,source_share,1773,-0.012417889145362702,-2.1147145206336955,0.026260290491318058
单一伙伴来源份额（来源集中度）,source_share,1774,-0.012541263448583613,-2.1189526379775225,0.026574343267947328
单一伙伴来源份额（来源集中度）,source_share,1775,-0.01265556764215711,-2.2665413359896203,0.028684367191361783
单一伙伴来源份额（来源集中度）,source_share,1776,-0.012683458218527347,-2.214290704341558,0.028084863632189642
单一伙伴来源份额（来源集中度）,source_share,1777,-0.012665004439450032,-2.2058850948716415,0.027937544519465996
单一伙伴来源份额（来源集中度）,source_share,1778,-0.012705975772069823,-2.3218963986458445,0.029501959386450276
单一伙伴来源份额（来源集中度）,source_share,1779,-0.012794556973839738,-2.16249197163694,0.027668126736579857
单一伙伴来源份额（来源集中度）,source_share,1780,-0.012679504923555783,-2.1809747463278737,0.0276536800342151
单一伙伴来源份额（来源集中度）,source_share,1781,-0.012673411648975206,-2.279370962627683,0.028887406510101507
单一伙伴来源份额（来源集中度）,source_share,1782,-0.012768614386342657,-2.2222389673777245,0.028374912448750463
单一伙伴来源份额（来源集中度）,source_share,1783,-0.012681500558131683,-2.1061257908561903,0.02670883539223831
单一伙伴来源份额（来源集中度）,source_share,1784,-0.012723691855265876,-2.2647389232534274,0.028815840192103245
单一伙伴来源份额（来源集中度）,source_share,1785,-0.01264494198943923,-2.1713405047590055,0.02745647472199732
单一伙伴来源份额（来源集中度）,source_share,1786,-0.012683218661919007,-1.954294880998006,0.024786749305566697
单一伙伴来源份额（来源集中度）,source_share,1787,-0.012633137145874919,-2.1391989763867394,0.02702479405100892
单一伙伴来源份额（来源集中度）,source_share,1788,-0.012565290956061466,-2.24790245797069,0.02824554842524745
单一伙伴来源份额（来源集中度）,source_share,1789,-0.012637623803286887,-2.174684727015136,0.02748284747077093
单一伙伴来源份额（来源集中度）,source_share,1790,-0.012668851153755574,-2.000303660203986,0.025341549333436766
单一伙伴来源份额（来源集中度）,source_share,1791,-0.012612557352489753,-1.947824490664126,0.02456704810108543
单一伙伴来源份额（来源集中度）,source_share,1792,-0.012561448387759864,-2.2424467065352425,0.028168378566444538
单一伙伴来源份额（来源集中度）,source_share,1793,-0.012672508073570175,-2.116912438653652,0.026826589969879536
单一伙伴来源份额（来源集中度）,source_share,1794,-0.01274788066850041,-2.037353646106255,0.025971941160096754
单一伙伴来源份额（来源集中度）,source_share,1795,-0.012666628924205057,-2.0372046965153072,0.025804515933407175
单一伙伴来源份额（来源集中度）,source_share,1796,-0.012611906905150403,-2.222143415488497,0.028025465886033878
单一伙伴来源份额（来源集中度）,source_share,1797,-0.012607371266910198,-2.2053355634883967,0.027803484217018823
单一伙伴来源份额（来源集中度）,source_share,1798,-0.012750977757062396,-2.1245134068708347,0.027089623195590863
单一伙伴来源份额（来源集中度）,source_share,1799,-0.01287214798480396,-2.1617931407152144,0.02782692121982037
单一伙伴来源份额（来源集中度）,source_share,1800,-0.01262870590970598,-2.3734120166782646,0.029973122361191987
单一伙伴来源份额（来源集中度）,source_share,1801,-0.012681907886543026,-2.044936566091489,0.02593369716499587
单一伙伴来源份额（来源集中度）,source_share,1802,-0.012633372290091576,-2.2605901733768285,0.028558877255592138
单一伙伴来源份额（来源集中度）,source_share,1803,-0.012754316181445796,-1.9675434093159545,0.025094670743135507
单一伙伴来源份额（来源集中度）,source_share,1804,-0.012516347073811787,-2.2545252494958397,0.028218420509362043
单一伙伴来源份额（来源集中度）,source_share,1805,-0.012757645768597845,-1.9363468245420548,0.02470322687265682
单一伙伴来源份额（来源集中度）,source_share,1806,-0.012745326379554504,-2.1998670843571158,0.0280380239817704
单一伙伴来源份额（来源集中度）,source_share,1807,-0.012810565349894675,-2.170264466942018,0.027802314780315054
单一伙伴来源份额（来源集中度）,source_share,1808,-0.01269344727732243,-2.4759235991184307,0.0314280056680882
单一伙伴来源份额（来源集中度）,source_share,1809,-0.012635099352716806,-2.033252820241531,0.02569035139294339
单一伙伴来源份额（来源集中度）,source_share,1810,-0.012682759490377468,-2.046671923785501,0.02595744776507967
单一伙伴来源份额（来源集中度）,source_share,1811,-0.01270966967392706,-2.1766854678435354,0.027664953280328718
单一伙伴来源份额（来源集中度）,source_share,1812,-0.012677441058197701,-2.0901707106111034,0.026498015985343466
单一伙伴来源份额（来源集中度）,source_share,1813,-0.01276748624274463,-2.2215233254571976,0.02836326849571107
单一伙伴来源份额（来源集中度）,source_share,1814,-0.012656119591563625,-2.0266140416294403,0.0256490696768043
单一伙伴来源份额（来源集中度）,source_share,1815,-0.012726921794090513,-1.9756575922433182,0.025144039668381874
单一伙伴来源份额（来源集中度）,source_share,1816,-0.012740981141837906,-1.9600525551499741,0.024972992642177023
单一伙伴来源份额（来源集中度）,source_share,1817,-0.012778116394616696,-2.1054442828099558,0.026903612108125887
单一伙伴来源份额（来源集中度）,source_share,1818,-0.012662237502134046,-2.231705228434551,0.0282583816371926
单一伙伴来源份额（来源集中度）,source_share,1819,-0.012681212210148523,-2.0574823065536845,0.026091369748033128
单一伙伴来源份额（来源集中度）,source_share,1820,-0.01280591306180752,-2.2081903217326575,0.028277893284033188
单一伙伴来源份额（来源集中度）,source_share,1821,-0.012690089290725412,-2.161801306441919,0.027433451607554803
单一伙伴来源份额（来源集中度）,source_share,1822,-0.012552155807622532,-2.0880419011088933,0.026209427275563187
单一伙伴来源份额（来源集中度）,source_share,1823,-0.012696937259077433,-2.4085074830556685,0.030580668400376328
单一伙伴来源份额（来源集中度）,source_share,1824,-0.012596184421993502,-2.2783577198447187,0.028698614018436683
单一伙伴来源份额（来源集中度）,source_share,1825,-0.012488449460182651,-2.0177261156371866,0.02519827061962566
单一伙伴来源份额（来源集中度）,source_share,1826,-0.012584837446977758,-2.146326619634446,0.027011171616220766
单一伙伴来源份额（来源集中度）,source_share,1827,-0.012678357571260377,-2.1191178249143143,0.02686693351989522
单一伙伴来源份额（来源集中度）,source_share,1828,-0.012499805481009022,-2.286656267726139,0.028582758548506823
单一伙伴来源份额（来源集中度）,source_share,1829,-0.012736767424258099,-2.4107165828452803,0.030704736441502567
单一伙伴来源份额（来源集中度）,source_share,1830,-0.012681003813469854,-2.091640888042989,0.026524106077682612
单一伙伴来源份额（来源集中度）,source_share,1831,-0.012751616831352685,-2.347642537625368,0.02993623809678317
单一伙伴来源份额（来源集中度）,source_share,1832,-0.012887954584010092,-2.1458464127417938,0.027655571111677213
单一伙伴来源份额（来源集中度）,source_share,1833,-0.012480016538880045,-2.2596359818393124,0.028200294425203068
单一伙伴来源份额（来源集中度）,source_share,1834,-0.012655795052105692,-2.0894340825422764,0.02644344952353954
单一伙伴来源份额（来源集中度）,source_share,1835,-0.012593322265343538,-2.0475990574648693,0.02578607480086878
单一伙伴来源份额（来源集中度）,source_share,1836,-0.012676396976866863,-1.8510736776168537,0.02346494477090011
单一伙伴来源份额（来源集中度）,source_share,1837,-0.012675032090556827,-1.9452789118500282,0.02465647263278257
单一伙伴来源份额（来源集中度）,source_share,1838,-0.012527560825234438,-2.4044306175654993,0.030121650811607795
单一伙伴来源份额（来源集中度）,source_share,1839,-0.012638521584059667,-2.2449199865300167,0.02837246970424655
单一伙伴来源份额（来源集中度）,source_share,1840,-0.01271917830980513,-2.520279095671657,0.03205587920832223
单一伙伴来源份额（来源集中度）,source_share,1841,-0.012662156979357684,-2.3687485214491724,0.029993465623210834
单一伙伴来源份额（来源集中度）,source_share,1842,-0.012828235933193762,-2.166145694659541,0.02778782803676449
单一伙伴来源份额（来源集中度）,source_share,1843,-0.012597914403253278,-2.1145364355074574,0.026638749017083244
单一伙伴来源份额（来源集中度）,source_share,1844,-0.012593217637630296,-2.119097037574983,0.02668625018943939
单一伙伴来源份额（来源集中度）,source_share,1845,-0.012744569741604116,-1.8919240331630967,0.024111757786464023
单一伙伴来源份额（来源集中度）,source_share,1846,-0.01278477457264377,-2.120646688929552,0.027111989866187736
单一伙伴来源份额（来源集中度）,source_share,1847,-0.012618143218780345,-2.1883321565657923,0.02761268856180962
单一伙伴来源份额（来源集中度）,source_share,1848,-0.012699969942400998,-2.157448916570196,0.02739953639270709
单一伙伴来源份额（来源集中度）,source_share,1849,-0.012712474748378368,-2.135316022869011,0.02714515102053003
单一伙伴来源份额（来源集中度）,source_share,1850,-0.012634499395187146,-2.156153090839007,0.02724191492213633
单一伙伴来源份额（来源集中度）,source_share,1851,-0.012768135940363946,-2.274922244635343,0.02904651647326195
单一伙伴来源份额（来源集中度）,source_share,1852,-0.012686554407457295,-2.2521366320266387,0.02857185391523358
单一伙伴来源份额（来源集中度）,source_share,1853,-0.012420883575396282,-2.2016272825480874,0.02734615615294589
单一伙伴来源份额（来源集中度）,source_share,1854,-0.012703058041190103,-1.9294925222674388,0.024510455500405565
单一伙伴来源份额（来源集中度）,source_share,1855,-0.012604548469823952,-2.2706501507871995,0.02862051988361032
单一伙伴来源份额（来源集中度）,source_share,1856,-0.012725989987600463,-2.059576742772066,0.026210153007212085
单一伙伴来源份额（来源集中度）,source_share,1857,-0.012839057836965364,-2.1508913586804437,0.02761541855512723
单一伙伴来源份额（来源集中度）,source_share,1858,-0.012783906021710076,-2.1565076947927033,0.027568591705324556
单一伙伴来源份额（来源集中度）,source_share,1859,-0.012642844015423151,-2.2484424416097593,0.028426707066929364
单一伙伴来源份额（来源集中度）,source_share,1860,-0.012603081529171637,-2.154388528656469,0.027151934272169602
单一伙伴来源份额（来源集中度）,source_share,1861,-0.012798531394084607,-2.2318400208186495,0.02856427457302193
单一伙伴来源份额（来源集中度）,source_share,1862,-0.012685378024487581,-2.2269952060283593,0.028250276047191342
单一伙伴来源份额（来源集中度）,source_share,1863,-0.012650293765739246,-2.056462575232826,0.026014855694943894
单一伙伴来源份额（来源集中度）,source_share,1864,-0.012849914189260979,-2.0534052673711587,0.026386081481495887
单一伙伴来源份额（来源集中度）,source_share,1865,-0.012578870709984659,-2.2721244749777756,0.02858076000773721
单一伙伴来源份额（来源集中度）,source_share,1866,-0.012689303122535172,-2.231069748301001,0.02831072032370965
单一伙伴来源份额（来源集中度）,source_share,1867,-0.012534400679722111,-2.243125415035426,0.028116232726921986
单一伙伴来源份额（来源集中度）,source_share,1868,-0.012686048458651969,-2.115603347906344,0.02683864659082622
单一伙伴来源份额（来源集中度）,source_share,1869,-0.012760402898092188,-2.138730981902739,0.02729106901971126
单一伙伴来源份额（来源集中度）,source_share,1870,-0.012579723622606578,-2.1091803707344905,0.02653290613406677
单一伙伴来源份额（来源集中度）,source_share,1871,-0.012760214864801384,-2.2966176944286563,0.029305335243214423
单一伙伴来源份额（来源集中度）,source_share,1872,-0.012736466645540036,-2.282470861608244,0.029070613998290428
单一伙伴来源份额（来源集中度）,source_share,1873,-0.012690873226322178,-2.0731633374017218,0.026310253092424244
单一伙伴来源份额（来源集中度）,source_share,1874,-0.012559786221305753,-2.2437147716583903,0.028180577873615234
单一伙伴来源份额（来源集中度）,source_share,1875,-0.012780004777755897,-2.34117209876279,0.02992019060773726
单一伙伴来源份额（来源集中度）,source_share,1876,-0.012592265252532812,-2.04306523896618,0.025726819417291477
单一伙伴来源份额（来源集中度）,source_share,1877,-0.012524920439030765,-2.090738509711771,0.02618633349295768
单一伙伴来源份额（来源集中度）,source_share,1878,-0.012761907896907764,-1.909216323281438,0.024365242872990592
单一伙伴来源份额（来源集中度）,source_share,1879,-0.012714589053322683,-2.2761425283193253,0.028940216874371108
单一伙伴来源份额（来源集中度）,source_share,1880,-0.012837310791725422,-2.205345592498342,0.028310706774063058
单一伙伴来源份额（来源集中度）,source_share,1881,-0.012712867395166152,-2.1866648195402383,0.027798779888489975
单一伙伴来源份额（来源集中度）,source_share,1882,-0.012764556810874765,-1.8999680011143174,0.024252249489067873
单一伙伴来源份额（来源集中度）,source_share,1883,-0.012642003737548747,-2.1583704351237762,0.027286127107849494
单一伙伴来源份额（来源集中度）,source_share,1884,-0.012558925585430826,-2.3187299900993397,0.029120757398364363
单一伙伴来源份额（来源集中度）,source_share,1885,-0.01273422130273784,-2.156525920910209,0.02746167832196112
单一伙伴来源份额（来源集中度）,source_share,1886,-0.012623626459554546,-2.118644656876278,0.026744978748937245
单一伙伴来源份额（来源集中度）,source_share,1887,-0.012511585832751785,-1.8348385242256893,0.022956739685089326
单一伙伴来源份额（来源集中度）,source_share,1888,-0.012421569993539699,-2.2135122190273204,0.027495296960203235
单一伙伴来源份额（来源集中度）,source_share,1889,-0.012679223833318745,-1.997863837934799,0.025331362789668563
单一伙伴来源份额（来源集中度）,source_share,1890,-0.012744047459095487,-2.0892136889072637,0.026625038403626122
单一伙伴来源份额（来源集中度）,source_share,1891,-0.012749663145418935,-2.0528806145772744,0.02617353631362085
单一伙伴来源份额（来源集中度）,source_share,1892,-0.012628441440933955,-2.3667698282449745,0.029888614180160974
单一伙伴来源份额（来源集中度）,source_share,1893,-0.012583973498132705,-2.2168061365975067,0.027896229673440975
单一伙伴来源份额（来源集中度）,source_share,1894,-0.012652894534464824,-2.0226279963729565,0.02559209872056292
单一伙伴来源份额（来源集中度）,source_share,1895,-0.012745428515472331,-2.031602061840505,0.025893638851074357
单一伙伴来源份额（来源集中度）,source_share,1896,-0.012523216575873799,-2.0996639675466158,0.026294546602144725
单一伙伴来源份额（来源集中度）,source_share,1897,-0.012720829827248722,-2.2329743084461238,0.02840528618636154
单一伙伴来源份额（来源集中度）,source_share,1898,-0.012829612309100982,-2.0627783314327264,0.02646464627189609
单一伙伴来源份额（来源集中度）,source_share,1899,-0.01262795220359705,-2.2091371065739525,0.027896877793008555
单一伙伴来源份额（来源集中度）,source_share,1900,-0.012613642563187175,-2.307317917592169,0.029103683492144986
单一伙伴来源份额（来源集中度）,source_share,1901,-0.012720945626033318,-2.3754255365616657,0.030217659089291967
单一伙伴来源份额（来源集中度）,source_share,1902,-0.012657146736342462,-2.105022051106863,0.02664357298409615
单一伙伴来源份额（来源集中度）,source_share,1903,-0.012655991088370766,-2.359724614425191,0.02986465369117436
单一伙伴来源份额（来源集中度）,source_share,1904,-0.012683502136399103,-2.3587687233051495,0.02991744814131225
单一伙伴来源份额（来源集中度）,source_share,1905,-0.012715259881903895,-1.9105259715912446,0.024292834239909612
单一伙伴来源份额（来源集中度）,source_share,1906,-0.012658266865256116,-2.210899862912254,0.027986160477101476
单一伙伴来源份额（来源集中度）,source_share,1907,-0.012706100941229861,-2.170418806956224,0.027577560445929468
单一伙伴来源份额（来源集中度）,source_share,1908,-0.012523322824942222,-2.162326571901184,0.027079513712869166
单一伙伴来源份额（来源集中度）,source_share,1909,-0.012697482235288306,-2.2729793592671954,0.028861115035472208
单一伙伴来源份额（来源集中度）,source_share,1910,-0.012592027817477884,-2.2711677187657915,0.028598607092856634
单一伙伴来源份额（来源集中度）,source_share,1911,-0.012777397758298115,-2.2744336171255366,0.029061343000857703
单一伙伴来源份额（来源集中度）,source_share,1912,-0.012590003785116271,-2.0584681488465857,0.0259161217855198
单一伙伴来源份额（来源集中度）,source_share,1913,-0.012550591876370464,-2.1918835279855813,0.02750943560028607
单一伙伴来源份额（来源集中度）,source_share,1914,-0.012522320796756291,-2.049239978493052,0.02566124040022796
单一伙伴来源份额（来源集中度）,source_share,1915,-0.012681766768517686,-2.2236895022933933,0.028200311633685988
单一伙伴来源份额（来源集中度）,source_share,1916,-0.012714339215793234,-1.981131926133938,0.02518878334010471
单一伙伴来源份额（来源集中度）,source_share,1917,-0.012732264027944584,-1.928531981833132,0.024554578379034665
单一伙伴来源份额（来源集中度）,source_share,1918,-0.01274209968272866,-1.9437620084395897,0.02476760927103812
单一伙伴来源份额（来源集中度）,source_share,1919,-0.012661457730381975,-2.0631113484815153,0.02612199713187006
单一伙伴来源份额（来源集中度）,source_share,1920,-0.012562416435792352,-2.207026006717994,0.02772557978101529
单一伙伴来源份额（来源集中度）,source_share,1921,-0.01256048455614156,-2.225921819906655,0.027958656642116057
单一伙伴来源份额（来源集中度）,source_share,1922,-0.012502527510732836,-2.179883844493999,0.02725405773598828
单一伙伴来源份额（来源集中度）,source_share,1923,-0.012617644447326198,-2.335529709915967,0.029468883475886568
单一伙伴来源份额（来源集中度）,source_share,1924,-0.01250009626885595,-2.232338596574408,0.027904447361862886
单一伙伴来源份额（来源集中度）,source_share,1925,-0.012828441437649801,-2.335572087669461,0.029961749750077166
单一伙伴来源份额（来源集中度）,source_share,1926,-0.0126771885360191,-1.7681717461864845,0.022415446590468176
单一伙伴来源份额（来源集中度）,source_share,1927,-0.012672136140220329,-2.2911506708724914,0.02903377321905335
单一伙伴来源份额（来源集中度）,source_share,1928,-0.012657801355617735,-2.0336118222514714,0.025741054480494928
单一伙伴来源份额（来源集中度）,source_share,1929,-0.012718931912952194,-2.3398023178955922,0.029759786371081762
单一伙伴来源份额（来源集中度）,source_share,1930,-0.012640101577851478,-2.229948810802376,0.02818677948195114
单一伙伴来源份额（来源集中度）,source_share,1931,-0.012754650214334803,-2.1533551550087706,0.027465291789371567
单一伙伴来源份额（来源集中度）,source_share,1932,-0.012738845152251455,-2.315486897857425,0.029496629043872815
单一伙伴来源份额（来源集中度）,source_share,1933,-0.012714140646042933,-2.246098315870048,0.028557209892811953
单一伙伴来源份额（来源集中度）,source_share,1934,-0.012717600690052441,-2.0802782004291087,0.026456147477278282
单一伙伴来源份额（来源集中度）,source_share,1935,-0.012912949920993394,-2.044226740093799,0.026396997521986803
单一伙伴来源份额（来源集中度）,source_share,1936,-0.012686133803999676,-2.081527575945074,0.02640653734515431
单一伙伴来源份额（来源集中度）,source_share,1937,-0.01276148342105641,-2.1313404165245915,0.02719906539010604
单一伙伴来源份额（来源集中度）,source_share,1938,-0.012498723924800708,-2.409862352240851,0.030120204237429237
单一伙伴来源份额（来源集中度）,source_share,1939,-0.01271304504645151,-2.298177149679501,0.029216829628601032
单一伙伴来源份额（来源集中度）,source_share,1940,-0.012635746219062603,-2.4001571364989185,0.030327776462672332
单一伙伴来源份额（来源集中度）,source_share,1941,-0.012801943728965785,-2.426194129292004,0.03106000071874337
单一伙伴来源份额（来源集中度）,source_share,1942,-0.01252220075726427,-2.4713180093958704,0.030946340248697794
单一伙伴来源份额（来源集中度）,source_share,1943,-0.012718913543745476,-2.305943220719321,0.029329092461115036
单一伙伴来源份额（来源集中度）,source_share,1944,-0.01252636777487659,-2.139817011956167,0.026804134862700446
单一伙伴来源份额（来源集中度）,source_share,1945,-0.012621705623031772,-2.0296352943718676,0.02561745920767715
单一伙伴来源份额（来源集中度）,source_share,1946,-0.012457194240116298,-2.586472862785418,0.03222019484850762
单一伙伴来源份额（来源集中度）,source_share,1947,-0.012662427311764453,-2.2652179054029533,0.028683157072472223
单一伙伴来源份额（来源集中度）,source_share,1948,-0.012714860733448604,-2.0758968381061376,0.02639473919352584
单一伙伴来源份额（来源集中度）,source_share,1949,-0.012860668281811989,-2.2895502113918593,0.02944514578326322
单一伙伴来源份额（来源集中度）,source_share,1950,-0.012679047788607458,-2.1194755764435604,0.026872932120514243
单一伙伴来源份额（来源集中度）,source_share,1951,-0.012559157002119011,-2.2003571413927094,0.02763463079948482
单一伙伴来源份额（来源集中度）,source_share,1952,-0.012803624412738105,-2.217462426182368,0.028391556054198033
单一伙伴来源份额（来源集中度）,source_share,1953,-0.012811056906535207,-2.2654397329258384,0.02902267733683884
单一伙伴来源份额（来源集中度）,source_share,1954,-0.012591047029375411,-2.0995051351773184,0.026434967895432798
单一伙伴来源份额（来源集中度）,source_share,1955,-0.012444135004686755,-2.074498881185442,0.02581534414454327
单一伙伴来源份额（来源集中度）,source_share,1956,-0.012714378089032537,-2.1459053078050476,0.027283851426695118
单一伙伴来源份额（来源集中度）,source_share,1957,-0.012541453637050483,-2.1550119959591116,0.02702698303460882
单一伙伴来源份额（来源集中度）,source_share,1958,-0.012683658958414255,-2.190741787968121,0.02778662170453432
单一伙伴来源份额（来源集中度）,source_share,1959,-0.012587633056829268,-2.1917007327263014,0.02758832459394252
单一伙伴来源份额（来源集中度）,source_share,1960,-0.012669255915050972,-2.2682063763991067,0.028736487050750714
单一伙伴来源份额（来源集中度）,source_share,1961,-0.012644822240726904,-2.195432834584433,0.027760857934775347
单一伙伴来源份额（来源集中度）,source_share,1962,-0.012615790635859013,-2.0654007496576967,0.026056663436827755
单一伙伴来源份额（来源集中度）,source_share,1963,-0.012611368989571709,-1.9825528234994803,0.02500270519846918
单一伙伴来源份额（来源集中度）,source_share,1964,-0.01272538340305223,-2.23616699901947,0.028456082415775477
单一伙伴来源份额（来源集中度）,source_share,1965,-0.012811462759296071,-2.2309986734011082,0.028582356420317236
单一伙伴来源份额（来源集中度）,source_share,1966,-0.012631609373625403,-2.0615053269990113,0.026040130012299413
单一伙伴来源份额（来源集中度）,source_share,1967,-0.012695218112078695,-2.3678527527281252,0.030060407153169492
单一伙伴来源份额（来源集中度）,source_share,1968,-0.012707541030574268,-2.2784468623887504,0.02895345698978825
单一伙伴来源份额（来源集中度）,source_share,1969,-0.01275871887748547,-2.142331670459515,0.027333407525726796
单一伙伴来源份额（来源集中度）,source_share,1970,-0.012778542475170674,-1.9692802109693492,0.025164530821384895
单一伙伴来源份额（来源集中度）,source_share,1971,-0.012801923184694185,-2.082653128717766,0.02666196537420785
单一伙伴来源份额（来源集中度）,source_share,1972,-0.012657468248692084,-2.082413468125354,0.02635808235344543
单一伙伴来源份额（来源集中度）,source_share,1973,-0.012605375672598392,-1.9731487407028225,0.024872281134473512
单一伙伴来源份额（来源集中度）,source_share,1974,-0.012695134537524501,-2.095297461392349,0.026600083168509422
单一伙伴来源份额（来源集中度）,source_share,1975,-0.012745579126155288,-2.1767505864467203,0.0277439468374616
单一伙伴来源份额（来源集中度）,source_share,1976,-0.012643987259001906,-2.0901425244521907,0.02642773544867158
单一伙伴来源份额（来源集中度）,source_share,1977,-0.012705019784957776,-2.0713736855230938,0.026316843656611813
单一伙伴来源份额（来源集中度）,source_share,1978,-0.012735014303284165,-2.3942029742467548,0.03049020912199791
单一伙伴来源份额（来源集中度）,source_share,1979,-0.01267140887626693,-1.9571033622121397,0.024799256915706756
单一伙伴来源份额（来源集中度）,source_share,1980,-0.012675228860837395,-2.0494707193751447,0.02597751041166501
单一伙伴来源份额（来源集中度）,source_share,1981,-0.012658796559216638,-2.0104227457681008,0.0254495325367001
单一伙伴来源份额（来源集中度）,source_share,1982,-0.012623155066481281,-2.0402919296335424,0.02575492140865452
单一伙伴来源份额（来源集中度）,source_share,1983,-0.012817685484466343,-2.2102968570214094,0.028330889940604898
单一伙伴来源份额（来源集中度）,source_share,1984,-0.012636091731969463,-2.1661995616051364,0.02737229637019454
单一伙伴来源份额（来源集中度）,source_share,1985,-0.012725723246180536,-2.387654563185109,0.030384631178573776
单一伙伴来源份额（来源集中度）,source_share,1986,-0.012586891686885758,-2.265760659908261,0.02851888401467208
单一伙伴来源份额（来源集中度）,source_share,1987,-0.012533355796476308,-2.2722008025183404,0.02847830109900136
单一伙伴来源份额（来源集中度）,source_share,1988,-0.012572591111660833,-2.161443554040087,0.027174946015880996
单一伙伴来源份额（来源集中度）,source_share,1989,-0.012661901382496524,-2.051587597932499,0.025976999842574233
单一伙伴来源份额（来源集中度）,source_share,1990,-0.012722591113895834,-2.2416577211869995,0.028519694603969702
单一伙伴来源份额（来源集中度）,source_share,1991,-0.01253941766282499,-1.9764496413968238,0.024783527543015448
单一伙伴来源份额（来源集中度）,source_share,1992,-0.012658591676234406,-2.338825197397193,0.0296062331759394
单一伙伴来源份额（来源集中度）,source_share,1993,-0.012679557836292798,-1.9377452626114129,0.024569753129283785
单一伙伴来源份额（来源集中度）,source_share,1994,-0.012570795663009112,-2.2665359548272455,0.028492160350996554
单一伙伴来源份额（来源集中度）,source_share,1995,-0.012645049180202657,-2.0875170554047737,0.026396755830105197
单一伙伴来源份额（来源集中度）,source_share,1996,-0.012689058854648922,-2.1093710527267304,0.026765933434342238
单一伙伴来源份额（来源集中度）,source_share,1997,-0.012630846055765409,-2.021291662910882,0.025530623828029418
单一伙伴来源份额（来源集中度）,source_share,1998,-0.01271489442321906,-2.2265975509311122,0.028310952783087213
单一伙伴来源份额（来源集中度）,source_share,1999,-0.012623684092891033,-2.155232522215761,0.027206974507176525
单一伙伴来源份额（来源集中度）,source_share,2000,-0.012612537519495669,-2.1777601000497047,0.02746708097033754
