k_countries,draw,coefficient
5,1,-0.039867261321733655
5,2,0.0369122949483761
5,3,-0.004117926484076288
5,4,-0.028596843151023153
5,5,-0.09037008420563931
5,6,-0.09179037701363216
5,7,-0.049541873746265355
5,8,-0.03049224535739059
5,9,0.044236920700650856
5,10,0.027968093925085636
5,11,-0.04321877160779398
5,12,-0.0029686575863521686
5,13,-0.022397180538954377
5,14,-0.005479250306916383
5,15,-7.602034227816597e-05
5,16,-0.08106074074074072
5,17,0.03697777739882386
5,18,-0.006816097596694707
5,19,-0.07807957045869823
5,20,-0.06141072562123789
5,21,-0.043842666120632805
5,22,0.05099119196711163
5,23,-0.06754498798777041
5,24,-0.012620923661430439
5,25,-0.04559341142718496
5,26,0.034775593482435335
5,27,0.0405355368374593
5,28,-0.043427377676568506
5,29,-0.004245165365286223
5,30,-0.03768877425194442
5,31,-0.08961005323228899
5,32,0.020827995050772787
5,33,-0.04978735017900476
5,34,-0.016848566267769493
5,35,0.05769131178585383
5,36,-0.060217490786202206
5,37,0.028177303846377007
5,38,0.03754386243964686
5,39,-0.15574992202807109
5,40,0.038666684718818144
5,41,0.017411470347722245
5,42,-0.09120318526260351
5,43,0.0284833349807638
5,44,0.05631760775878045
5,45,0.03444931090750235
5,46,-0.011353571162209627
5,47,-0.04184286155670148
5,48,-0.0036683183959974005
5,49,-0.017920270690609575
5,50,0.010304745627756944
5,51,-0.04332671172140605
5,52,-0.036886247861712254
5,53,0.03729462265633655
5,54,-0.040380424122012294
5,55,-0.08371000965091184
5,56,-0.007820300849473315
5,57,0.037366721973504616
5,58,0.009131271474999385
5,59,0.03551130386846102
5,60,-0.09668336841689151
5,61,-0.019086799562748284
5,62,-0.09071478366989073
5,63,0.00523703080094055
5,64,-0.051287602775892005
5,65,0.03923712043021376
5,66,-0.05448102272182218
5,67,-0.030184006340645324
5,68,-0.03274113571997363
5,69,-0.042071445622086846
5,70,-0.006201953917691637
5,71,0.04844934637512684
5,72,0.000563860088063369
5,73,0.027115773668905285
5,74,-0.07510116128484386
5,75,-0.029861239030125268
5,76,-0.08490303871513605
5,77,-0.010871795305967238
5,78,-0.025345146692101483
5,79,0.03073690857838384
5,80,-0.019781567595922697
5,81,-0.08935699927877498
5,82,-0.09689437477980388
5,83,0.025767526386163652
5,84,-0.016516956367232917
5,85,-0.09109005966519257
5,86,-0.11566598903076891
5,87,-0.04818648414669135
5,88,-0.01668479666236055
5,89,0.05060110793549978
5,90,0.0443977051977238
5,91,-0.05097346539389914
5,92,0.042410155135700255
5,93,-0.042287119922995435
5,94,0.034677125128350875
5,95,-0.04319090988776197
5,96,-0.039677476996818506
5,97,0.06335893862879635
5,98,0.04028059902126481
5,99,0.04441404974571762
5,100,0.03101255591314129
5,101,-0.04958211744888181
5,102,-0.0004807506772277589
5,103,-0.01569074935188614
5,104,-0.012346742816833591
5,105,-0.06840719946341296
5,106,-0.04208197304856345
5,107,-0.020023639020240194
5,108,-0.018609496851626595
5,109,-0.04953085463098941
5,110,-0.01960461626153134
5,111,0.012551919235126122
5,112,-0.030408763763568384
5,113,-0.12449740723368777
5,114,-0.00931657270813962
5,115,-0.059722833675169236
5,116,-0.04357302816303359
5,117,-0.08671248022601263
5,118,-0.17319733341416213
5,119,-0.04005089100862073
5,120,-0.011981251073862113
5,121,0.012190418796790708
5,122,-0.015963309547340907
5,123,0.025167166467639366
5,124,-0.09034063432623886
5,125,0.05784352963598247
5,126,-0.005818275581488039
5,127,-0.038406924844708076
5,128,-0.007647422514322681
5,129,0.017391841530732904
5,130,-0.02786841009317651
5,131,-0.03260704834470763
5,132,-0.07867493918621923
5,133,-0.007184886420483239
5,134,-0.058499048134016095
5,135,-0.01580280997312808
5,136,-0.0350807414777193
5,137,0.03843327965791656
5,138,0.027901407114438028
5,139,0.03252768322213388
5,140,-0.11519091561773404
5,141,0.025211010730796964
5,142,-0.0011057790772403412
5,143,-0.0912332557572298
5,144,-0.0343936986576793
5,145,-0.09492349616277167
5,146,0.012321814668767094
5,147,-0.04848954798320237
5,148,0.03755606277531987
5,149,-0.07142538874142186
5,150,-0.0905829804357677
5,151,0.05546182131405508
5,152,0.003216167070947193
5,153,-0.04856665028256982
5,154,0.052811607086164176
5,155,-0.09340920559868238
5,156,0.037415965537833294
5,157,-0.056398235469320684
5,158,-0.0570528485013145
5,159,0.010733434208373072
5,160,-0.027296550030328187
5,161,0.010750243230688154
5,162,0.0028787539474017603
5,163,-0.0018440017500897846
5,164,0.0640841139027641
5,165,-0.04047943046020848
5,166,0.037675348711644345
5,167,0.0027847526199991255
5,168,-0.03341730353647949
5,169,0.032098221329456
5,170,-0.0019016768035329567
5,171,0.04912404775016091
5,172,-0.04135983576214891
5,173,0.01980158871529222
5,174,-0.061061830063688746
5,175,-0.0729988598605696
5,176,-0.04370298824251265
5,177,0.0015051294723663043
5,178,-0.08671081990308799
5,179,0.02645810869905953
5,180,0.04336162489913191
5,181,0.07889727388460174
5,182,-0.041214248700925035
5,183,-0.0321293960455777
5,184,0.0369137066367058
5,185,-0.011960656368027633
5,186,-0.018177887391468094
5,187,-0.05333389055500943
5,188,-0.05654007012248163
5,189,-0.001964381669641148
5,190,0.03086690968227787
5,191,0.012373764769733016
5,192,-0.11111559814868953
5,193,-0.035721411890634734
5,194,-0.017904228910910806
5,195,0.023791274193392876
5,196,-0.006416148620816292
5,197,-0.016691151788635502
5,198,-0.04067619253288287
5,199,0.018832698920014435
5,200,-0.03861506421520962
5,201,-0.0641907367207624
5,202,-0.1304031339574151
5,203,0.1110141973193784
5,204,-0.014527959118912049
5,205,0.08138303560598573
5,206,-0.03317660566711782
5,207,-0.04632862972523934
5,208,-0.05180793101140889
5,209,-0.042107904226716945
5,210,-0.029738446901140712
5,211,0.013882171678790562
5,212,0.02224087792393965
5,213,-0.12428607489749609
5,214,-0.02749057490925955
5,215,-0.027743195121826724
5,216,-0.019771103362774656
5,217,-0.06126281542238543
5,218,-0.011062053967436388
5,219,-0.018175661375661373
5,220,-0.11728070509645548
5,221,-0.08669295147604003
5,222,-0.1563140717478959
5,223,0.016106360538643963
5,224,0.0010128011460748946
5,225,0.039751343339953636
5,226,-0.057887229900534826
5,227,-0.08915252243496646
5,228,-0.048152353884550365
5,229,0.014201881631596336
5,230,-0.02572263969644315
5,231,-0.016369407868027784
5,232,-0.06076656349261062
5,233,-0.042169790881218645
5,234,-0.012066521085449299
5,235,-0.025355229876147946
5,236,-0.0345213925167575
5,237,0.03769153485869424
5,238,-0.09283572116537743
5,239,-0.10551689597266005
5,240,-0.011135039678946804
5,241,-0.056189217628710444
5,242,-0.01234983008697003
5,243,-0.04033132997805462
5,244,-0.059828668959766546
5,245,-0.043055540189304006
5,246,0.07214101912984598
5,247,-0.10391527644812314
5,248,-0.03827242286845947
5,249,-0.00083337782319847
5,250,-0.07189511704029534
5,251,0.03510958529602111
5,252,-0.013489579955144184
5,253,-0.15229252650961964
5,254,0.029195735788787355
5,255,-0.20434561661688358
5,256,-0.0581715210639437
5,257,-0.1256250767322436
5,258,-0.007210202179150757
5,259,0.03782581028189601
5,260,0.0370626037340341
5,261,-0.17104594926190472
5,262,-0.06185119600144432
5,263,-0.02064224319743017
5,264,-0.08020378711895496
5,265,0.0029467824952694338
5,266,0.010249783075222665
5,267,0.016117365403147482
5,268,-0.007110522192006583
5,269,-0.024415837071769298
5,270,-0.09361844721651572
5,271,-0.03877664878087375
5,272,-0.02662296239376593
5,273,0.09702707371912492
5,274,0.04583845349461687
5,275,-0.00471859874230556
5,276,-0.01724453598809934
5,277,0.00499536727135988
5,278,-0.063805480579914
5,279,-0.017935515188209447
5,280,-0.0652463033296073
5,281,0.06797774467877035
5,282,-0.010165195065048293
5,283,-0.026776453005610195
5,284,0.09416889778460294
5,285,0.05790048559121543
5,286,-0.060236409090513164
5,287,-0.019706787887985244
5,288,-0.009172605276416097
5,289,0.0035729626030844256
5,290,-0.0668171227773688
5,291,0.00810935061047321
5,292,0.05655655993254768
5,293,-0.010349003698878964
5,294,0.0067962092211605665
5,295,0.026198644745633385
5,296,-0.0660505814753437
5,297,-0.007350656437135024
5,298,0.06259118833805417
5,299,-0.06607281234133197
5,300,-0.13449959650622764
5,301,0.027273681788113496
5,302,0.06853561586426732
5,303,-0.0396482734901311
5,304,-0.054982682176738934
5,305,-0.003963783551264311
5,306,-0.04590255781116401
5,307,-0.06779461603767138
5,308,0.06313593515429622
5,309,-0.017898515291869248
5,310,-0.045641550828410725
5,311,0.010493781433253142
5,312,-0.015130766783328036
5,313,-0.017978632896173987
5,314,0.06701577135659391
5,315,0.06532793595106375
5,316,-0.03636819247168926
5,317,-0.03764410259689211
5,318,0.10125467632813373
5,319,-0.06137228429630672
5,320,-0.024944391281721472
5,321,-0.07189218773810957
5,322,0.04318854839607225
5,323,-0.10876945517668885
5,324,-0.023820772920616542
5,325,-0.131139903955685
5,326,-0.02324470991929846
5,327,-0.045506233930282476
5,328,0.0007754522215677582
5,329,-0.012947514807591409
5,330,0.016847611962215934
5,331,0.026463899196042057
5,332,-0.016490060879029735
5,333,0.03670247659328998
5,334,-0.02552792760487852
5,335,-0.024955049086319122
5,336,0.05281023230418602
5,337,-0.09255110238865012
5,338,0.028282800937463538
5,339,0.016627078775908154
5,340,0.03388327774023546
5,341,0.02850094042694977
5,342,-0.0009812327082223406
5,343,-0.019442986322112922
5,344,0.06559056762789157
5,345,0.04346474757997407
5,346,-0.003609942162435144
5,347,0.059047976600933465
5,348,0.03785759934609207
5,349,0.026185182885456078
5,350,0.023803568050837078
5,351,-0.04447520469541844
5,352,-0.07654026473860098
5,353,0.016224171600729632
5,354,-0.037311822695286774
5,355,0.06484823824220821
5,356,0.07666450114321136
5,357,-0.07594114335237445
5,358,-0.007902170068758414
5,359,0.042038603352575935
5,360,-0.04893747020399791
5,361,0.03751727983395612
5,362,-0.034428739260598085
5,363,-0.057298023094159836
5,364,-0.045112491538659864
5,365,-0.033647796735261734
5,366,-0.10584285271189821
5,367,-0.028197121617552695
5,368,-0.08292923820543859
5,369,-0.010653406857952801
5,370,0.02440863212052068
5,371,-0.034923938525099535
5,372,0.20502263011434232
5,373,0.014916419369613822
5,374,0.03720194859387669
5,375,-0.05416221134661386
5,376,-0.08654593938351277
5,377,0.04647290909760811
5,378,-0.04212250243136802
5,379,-0.016483711186997936
5,380,-0.04924341893523233
5,381,-0.09617354071956431
5,382,0.03964798417233357
5,383,-0.015255269537743693
5,384,-0.032648203289766364
5,385,0.03973387750528559
5,386,0.03772353336139189
5,387,-0.033218829264883405
5,388,-0.034801285777675356
5,389,-0.03127637480391506
5,390,-0.022342752131269177
5,391,-0.021375126890889745
5,392,-0.01903151495805794
5,393,-0.05212773618136714
5,394,-0.0284596114171711
5,395,0.036911414934650784
5,396,-0.07382149761711725
5,397,-0.011705040138748068
5,398,0.043718262649070125
5,399,-0.031665969857412934
5,400,0.03670254077774099
5,401,-0.01489340581627747
5,402,0.12095525977104923
5,403,-0.00455652924274311
5,404,-0.021110616593434373
5,405,0.02583290977323833
5,406,0.032231181415806325
5,407,0.02694957249984121
5,408,-0.048082236077936914
5,409,-0.01379230491712824
5,410,-0.04641014813027337
5,411,-0.05576407758873712
5,412,0.03802381160552538
5,413,-0.005166080183301113
5,414,-0.0268065609541477
5,415,-0.03894111069174332
5,416,-0.0045949473343540005
5,417,-0.026497551458237102
5,418,-0.03844342962333617
5,419,-0.050759061304004406
5,420,-0.050114645103324335
5,421,0.017072480022464403
5,422,-0.14409820091776138
5,423,0.03532080369733955
5,424,-0.024027786132276425
5,425,-0.16214949482497196
5,426,-0.010457009067946095
5,427,-0.023142852810512225
5,428,-0.04359069923304688
5,429,0.0005416630147287855
5,430,0.007031828290232492
5,431,-0.07184192289063628
5,432,-0.02839660120739139
5,433,-0.04628251792701508
5,434,0.014319354908205632
5,435,-0.04081908024285101
5,436,-0.07309766609077248
5,437,-0.05141397466050401
5,438,-0.03600948998631065
5,439,-0.1647598488497476
5,440,-0.040451358131073235
5,441,-0.04339487944171352
5,442,0.08697628917147385
5,443,-0.04079743662395122
5,444,-0.05468055762640841
5,445,-0.08421829072115294
5,446,-0.05811823728080971
5,447,-0.028863193147785758
5,448,0.06252466693504208
5,449,0.037021890470612766
5,450,0.020100416960296272
5,451,0.034816778072321676
5,452,-0.01813471746044067
5,453,-0.09564355364323238
5,454,-0.024869875574662584
5,455,-0.08964750309264834
5,456,-0.06881683161072126
5,457,0.1677269513822262
5,458,-0.006849727319976087
5,459,-0.027813740870474613
5,460,-0.039959974856568554
5,461,-0.06885439343576757
5,462,0.009453860640301312
5,463,-0.08478293408940862
5,464,0.032831466958168645
5,465,0.06442792002221158
5,466,-0.050262739216830624
5,467,0.06594576776798818
5,468,-0.02345962833186278
5,469,-0.02697584582804899
5,470,-0.0377404812669354
5,471,-0.023442533413920368
5,472,0.05304656501868402
5,473,0.02428088494519436
5,474,-0.09507262823742961
5,475,0.03585592574005718
5,476,0.029154784352520634
5,477,-0.11475914476463413
5,478,-0.10152125966283806
5,479,-0.016055235643834917
5,480,-0.02120348226638475
5,481,0.03748426879940486
5,482,0.029369537052636455
5,483,-0.02311507776961877
5,484,0.028564147453048784
5,485,-0.04224720596740739
5,486,-0.08410391505572029
5,487,0.07168460146384055
5,488,-0.020206716323641193
5,489,0.02131208579086315
5,490,0.002676792375608363
5,491,-0.009937232161136603
5,492,-0.017903569336304426
5,493,0.01601776334123687
5,494,-0.012948111215959741
5,495,0.019796184750815883
5,496,-0.02516083974073108
5,497,-0.03062722583542018
5,498,0.0021389697768738605
5,499,0.09392451706922068
8,1,-0.032140033805535054
8,2,-0.09115698466120666
8,3,-0.005063806462864682
8,4,-0.004759770769005929
8,5,-0.09369381997547815
8,6,0.08566695754453892
8,7,-0.014540363049406752
8,8,0.056744526463650496
8,9,0.007018221751743046
8,10,0.06068872251499436
8,11,-0.029158828872769316
8,12,0.03826411065871166
8,13,-0.0072500357432595105
8,14,-0.02823327470772357
8,15,-0.07701308702495056
8,16,-0.07113341076454771
8,17,-0.019448536674851104
8,18,-0.019380843576123435
8,19,0.029799852139899316
8,20,-0.08668801814803942
8,21,0.019654609115964027
8,22,-0.08391182976824099
8,23,0.012474194540592285
8,24,-0.029421274130399865
8,25,-0.07280322741073593
8,26,0.002893347288599875
8,27,-0.05706382436125544
8,28,-0.05704840340773186
8,29,-0.07160998267848728
8,30,-0.03648512632289046
8,31,-0.016976016921733037
8,32,-0.0698796416733313
8,33,-0.024924815209376172
8,34,-0.009099808058967127
8,35,0.023437246776025603
8,36,0.0024251838002329685
8,37,-0.028991257212580633
8,38,-0.027125031256437802
8,39,-0.0413500338114001
8,40,-0.05882420670876083
8,41,0.0048354152903031695
8,42,0.03234134950899079
8,43,-0.04078727659393827
8,44,-0.07062287685330666
8,45,0.004380373556519112
8,46,0.01577834412600714
8,47,0.029873092825857973
8,48,0.00031249094811127445
8,49,-0.06925902477220398
8,50,-0.05801885799705683
8,51,-0.03208516362894732
8,52,0.04561081637928968
8,53,-0.08430694934091978
8,54,-0.014625441318101569
8,55,0.0381636173273964
8,56,0.004895520306227119
8,57,0.04934469129135942
8,58,-0.08707616910499909
8,59,-0.02490454521352298
8,60,0.016854869226549416
8,61,-0.025556316658217063
8,62,-0.03176434111287154
8,63,-0.09103568638694658
8,64,0.03785327660418815
8,65,-0.010544779139348235
8,66,-0.006460621048450485
8,67,5.360387063086214e-06
8,68,-0.014791933707767992
8,69,0.016120027405834667
8,70,-0.04612105364272804
8,71,0.05691736998208353
8,72,-0.022120737140600075
8,73,0.019433924769225362
8,74,-0.07526732313198739
8,75,-0.046655608630302776
8,76,0.03070624964236058
8,77,-0.014361512595001267
8,78,-0.10407574882754277
8,79,-0.05005119557317974
8,80,0.002439843478960145
8,81,-0.06278061165197688
8,82,-0.021573702697854934
8,83,-0.017765173128577012
8,84,0.02093942765118629
8,85,-0.019918981706900225
8,86,-0.01022489049457491
8,87,-0.0507122403390566
8,88,-0.034786647037549544
8,89,-0.02659018212966042
8,90,-0.051738958298452375
8,91,0.008809637336481577
8,92,-0.03812957491215197
8,93,-0.0413060089346555
8,94,-0.0656503820345751
8,95,-0.022673581487779572
8,96,-0.03617736271839853
8,97,0.02421658149203884
8,98,-0.0160229690777193
8,99,-0.12007889587299155
8,100,-0.07986285820671919
8,101,-0.013416141274506469
8,102,-0.02219041856978773
8,103,-0.009037157632430194
8,104,-0.028879171929720532
8,105,-0.02718365355625723
8,106,-0.039827858336832965
8,107,-0.019312307411348453
8,108,0.04094430207827144
8,109,0.04564568766486132
8,110,0.03647534069287446
8,111,-0.02613508965552994
8,112,-0.012770173868517537
8,113,0.02050067399644885
8,114,0.021676261995609142
8,115,-0.07123513350479362
8,116,-0.008021851665169409
8,117,0.03096109105455617
8,118,0.038168210559299406
8,119,-0.045134614874023746
8,120,-0.04543561183993006
8,121,0.04184967825426018
8,122,-0.017040532651507886
8,123,-0.018373229800276985
8,124,0.03158554484421544
8,125,-0.053365081187399514
8,126,-0.027755118569120045
8,127,0.03757648141420684
8,128,-0.02742545468746988
8,129,-0.02227391338485796
8,130,-0.03701974849691584
8,131,-0.03312371113184383
8,132,-0.0010013964346761606
8,133,-0.02974953962865199
8,134,0.002036928459519975
8,135,0.027180132298090458
8,136,0.014215380402994563
8,137,0.0363047827043792
8,138,0.014933716866286204
8,139,-0.03253479447309349
8,140,0.03687432735921842
8,141,-0.05965280989743462
8,142,0.00585925439781361
8,143,0.007426811492969526
8,144,-0.08869424704257194
8,145,-0.024669262418279225
8,146,0.04383890208921402
8,147,-0.01665765131682413
8,148,-0.07107379052643534
8,149,-0.06362322043335737
8,150,0.036195045094243594
8,151,0.00733257080471037
8,152,0.0038013470186990302
8,153,0.044715964022318866
8,154,0.0445461555565017
8,155,-0.022869699226798636
8,156,-0.0279831484371996
8,157,0.0005168573817759485
8,158,-0.10404838822742632
8,159,-0.015286550899300064
8,160,-0.021729915520234
8,161,0.028036064737963204
8,162,-0.08608834553031122
8,163,-0.04454562714471846
8,164,-0.017700841205136333
8,165,-0.002776631371223505
8,166,-0.0025133805785732192
8,167,-0.025108738733490742
8,168,-0.05873830904085112
8,169,-0.008655822720678712
8,170,0.035381820351802866
8,171,0.050646583665538564
8,172,0.007021984869139991
8,173,-0.04204921200768965
8,174,-0.02300569403229344
8,175,0.034462206904208766
8,176,-0.07216424962687147
8,177,-0.017871122522020305
8,178,0.007492038959194598
8,179,0.024453625372115227
8,180,0.036984265326270735
8,181,-0.009963980254541878
8,182,-0.06204170963143828
8,183,-0.054963803450949665
8,184,-0.03211128538098483
8,185,-0.05146017872479501
8,186,-0.006124139801512413
8,187,-0.10499491411121405
8,188,-0.03517033491064874
8,189,-0.024808447059117344
8,190,-0.0028719244229882942
8,191,-0.06810193543920855
8,192,-0.02223778667174894
8,193,0.037210464041861124
8,194,0.03751528087032916
8,195,-0.017398281550508325
8,196,-0.07053089208905647
8,197,-0.089855872356802
8,198,-0.08536428525449832
8,199,0.011751820077060767
8,200,0.004870550649597333
8,201,-0.018988472898072185
8,202,-0.09254370457831769
8,203,0.03887540704192426
8,204,-0.0452915679106259
8,205,-0.08200988101316233
8,206,-0.034473535134996736
8,207,0.036352310121616715
8,208,-0.0089370223729229
8,209,0.02647755425738858
8,210,0.053509520014559955
8,211,0.01681599652323289
8,212,-0.029464959775538098
8,213,-0.04134683427151159
8,214,0.037041090579237504
8,215,-0.01557905735632811
8,216,-0.05212533706307096
8,217,-0.02556049643717379
8,218,-0.016552508088680345
8,219,-0.08588730567936095
8,220,-0.07370205432250414
8,221,-0.017403318473336125
8,222,-0.07976134671342941
8,223,-0.003146847551602714
8,224,-0.04016207028750832
8,225,0.03650492420948192
8,226,0.04290480112519211
8,227,-0.07009937506794928
8,228,-0.038543046423883724
8,229,-0.0384511792144719
8,230,0.024017246108409607
8,231,-0.024445755579276647
8,232,-0.02753459434778718
8,233,-0.05845731141294463
8,234,-0.08963925617750548
8,235,0.019159932176793626
8,236,-0.024111714195301923
8,237,0.021862749800499078
8,238,-0.048284113475600354
8,239,-0.03667420305795451
8,240,-0.04659692798180217
8,241,0.0307961755095447
8,242,-0.03232264257237902
8,243,0.04223648918660119
8,244,0.12045125721756918
8,245,-0.006652912854384041
8,246,-0.04372078418321853
8,247,0.03805283389055103
8,248,0.046830701163176364
8,249,0.049865566884597416
8,250,-0.031697936065389495
8,251,-0.020934251573601615
8,252,-0.012180948501287026
8,253,-0.0838175525351818
8,254,0.030605863666107107
8,255,-0.001427711091319876
8,256,-0.03641244932775981
8,257,-0.015519915852025832
8,258,0.016668915102862277
8,259,-0.021210198198956306
8,260,-0.087225911020167
8,261,-0.021594474702890765
8,262,0.023513426291137455
8,263,0.030295996450196625
8,264,0.04754693843843446
8,265,0.04128670602114658
8,266,0.01893967105688897
8,267,0.03003017284896994
8,268,-0.034065077868160744
8,269,0.03850309035390358
8,270,-0.02606045475819444
8,271,-0.04943689915383223
8,272,-0.10819393468975028
8,273,-0.04224918828761744
8,274,-0.06827563942093712
8,275,0.035025982909248805
8,276,-0.012353203684749237
8,277,0.013251585594398691
8,278,-0.01231405833072973
8,279,-0.03311610563976792
8,280,0.031880068216269666
8,281,-0.0786693783290498
8,282,0.056418430887058994
8,283,0.05483258455498858
8,284,-0.01772655314767725
8,285,-0.01827703146245243
8,286,0.09440448642493998
8,287,-0.002006024021815219
8,288,-0.04246210041810925
8,289,0.038394582250382316
8,290,-0.009308024807058758
8,291,-0.05997243014507617
8,292,-0.06202511471064397
8,293,-0.10381719674382936
8,294,-0.042950953705191246
8,295,-0.005581861090044502
8,296,0.03315935709644076
8,297,-0.03950361432847798
8,298,-0.006575891766402054
8,299,0.0032832696347817685
8,300,-0.06268006172991389
8,301,-0.00800179249042018
8,302,0.02307580084040842
8,303,-0.14478628718789555
8,304,-0.024976208132189922
8,305,-0.028623120267957304
8,306,0.021878352038450444
8,307,0.03770174521498499
8,308,-0.03605819452362373
8,309,-0.09052479298151672
8,310,-0.08473137601733494
8,311,-0.06310318305002026
8,312,-0.02733079380664444
8,313,0.03229742293209194
8,314,0.0362599496623008
8,315,-0.04122610191280559
8,316,0.057424236985161144
8,317,0.024159360054442948
8,318,-0.0787439458221695
8,319,0.02538773087121198
8,320,-0.058847298020331736
8,321,0.021620421075219144
8,322,0.02601759426544881
8,323,-0.049281001806713236
8,324,-0.03384117654751367
8,325,-0.02496538895505752
8,326,-0.1342786431570885
8,327,0.013551763310964724
8,328,-0.053572206276093735
8,329,0.05018784310635252
8,330,-0.022456140371888398
8,331,0.036620668480987176
8,332,-0.018743371766325366
8,333,0.00438108810770052
8,334,-0.03634988936372081
8,335,-0.034067398914863
8,336,-0.06892093384260302
8,337,0.013329353923532778
8,338,-0.0770676707102549
8,339,0.039674758502356015
8,340,-0.024602701332676793
8,341,0.06500824999757039
8,342,-0.049709598632737245
8,343,-0.043925233810828836
8,344,0.03201569493851415
8,345,-0.009536778194576337
8,346,-0.05688221776059674
8,347,0.07364964165783516
8,348,-0.048684236073980376
8,349,0.002817430597821642
8,350,-0.06666872279902208
8,351,0.020786149444662432
8,352,-0.0526548525290376
8,353,-0.054573577539772294
8,354,-0.030607454279373367
8,355,0.03220782247994124
8,356,-0.08592252264436712
8,357,0.034003168867135294
8,358,-0.04640093352964641
8,359,-0.004675922661683411
8,360,-0.08807658209940075
8,361,-0.07172648306343336
8,362,-0.05814148184892941
8,363,0.02847039910383817
8,364,-0.030448762571761
8,365,-0.04001730895329901
8,366,-0.044005863323634896
8,367,-0.038247448767259565
8,368,-0.11946452100514343
8,369,-0.04810933586663995
8,370,-0.029822162468822466
8,371,-0.016813967718652432
8,372,-0.08776491400466416
8,373,-0.020872066633920692
8,374,-0.07256857182417326
8,375,-0.001506273485765236
8,376,0.027444753514538244
8,377,0.021676920620740208
8,378,-0.04872178685256994
8,379,-0.08737832979965389
8,380,0.037439299119593025
8,381,-0.0058342090621107
8,382,0.043788598616054
8,383,-0.0444527222860138
8,384,0.008651218645619543
8,385,-0.06467285063163049
8,386,-0.08319233928028928
8,387,0.006122790303800128
8,388,-0.004859053829708476
8,389,0.024023111185610062
8,390,-0.009610113212008968
8,391,-0.047747546005069884
8,392,-0.057735565596973466
8,393,-0.06121677387529629
8,394,-0.02800839604884786
8,395,0.04383719474669612
8,396,0.015030757959821478
8,397,-0.04829225011565412
8,398,0.04934578013097838
8,399,0.036849594454999184
8,400,-0.01976484216359117
8,401,-0.038050890685770646
8,402,-0.049040281180981256
8,403,0.022204363293746265
8,404,-0.046611669195810605
8,405,-0.08607728273281087
8,406,-0.026845668257937307
8,407,-0.013406604567550507
8,408,0.08047290830131631
8,409,-0.02390874630604209
8,410,-0.0392926941595316
8,411,-0.022649483011040812
8,412,-0.025358654859646272
8,413,-0.06396520327611316
8,414,-0.056099785388088276
8,415,0.06021545678032469
8,416,-0.06089038611567043
8,417,0.011985672294712637
8,418,0.03758146901839304
8,419,-0.057445284138392096
8,420,-0.051582910780128326
8,421,-0.01858811965046239
8,422,-0.00854579121944784
8,423,-0.03591168105058144
8,424,-0.006530080295722523
8,425,0.011919821564081487
8,426,0.021355631459903494
8,427,-0.0837443027504207
8,428,0.05747265786589125
8,429,-0.004856687963001469
8,430,-0.13834796154154952
8,431,0.018823900387999994
8,432,-0.034751935712161834
8,433,-0.03019984006510988
8,434,-0.011331053779706168
8,435,-0.055157595831566354
8,436,-0.004303418337031776
8,437,0.05169799118611127
8,438,-0.10617009288397938
8,439,-0.03364044671991616
8,440,-0.020679085767023743
8,441,-0.04092419077023526
8,442,0.03342174253848356
8,443,0.0027721921447763547
8,444,-0.019247854582619735
8,445,-0.018606503555553763
8,446,-0.04391531703186199
8,447,-0.03772349262198979
8,448,-0.07103261636901509
8,449,-0.0701671133252326
8,450,-0.002109004941310059
8,451,-0.008163594826743913
8,452,-0.02586043084413203
8,453,0.0657516559677348
8,454,-0.04327786934071748
8,455,0.03330571413304607
8,456,-0.046765006750995465
8,457,0.03692465315856611
8,458,-0.012392276983470141
8,459,-0.01228702975298265
8,460,-0.10028905398319907
8,461,-0.009478997793438247
8,462,-0.031939329815207015
8,463,0.0036321423869046707
8,464,-0.05319539769581711
8,465,-0.039263103204383025
8,466,-0.07385531494808495
8,467,-0.0792185070807969
8,468,0.031722092248778054
8,469,0.03651527399743891
8,470,-0.05459683944362657
8,471,-0.0256826165512177
8,472,-0.02323437010606868
8,473,-0.09351748024141038
8,474,-0.02551453565500987
8,475,-0.011716891567184227
8,476,-0.021098514357844503
8,477,-0.05357821318917376
8,478,-0.018522875671616184
8,479,0.04451322621877852
8,480,-0.09568787299557478
8,481,-0.02468129347913193
8,482,0.06253950189135428
8,483,-0.018447107098850973
8,484,0.011857136009204133
8,485,-0.009003482548684737
8,486,-0.006360495468859507
8,487,-0.027485178236749477
8,488,-0.026506239568942994
8,489,-0.0011589005838712552
8,490,0.033493906197729156
8,491,0.03806075078219151
8,492,0.05427529590404
8,493,0.02732104809419389
8,494,0.02019190051100054
8,495,-0.04834644884942081
8,496,-0.037054531400491204
8,497,-0.030137410324027957
8,498,0.03588341795890334
8,499,0.03622630652710226
10,1,-0.026212358713275638
10,2,0.027059741655017257
10,3,0.0007260195207240717
10,4,-0.009307537736138233
10,5,-0.01703914870761057
10,6,0.02703845508221711
10,7,0.02496420215805275
10,8,-0.018355164596544623
10,9,0.03599221963801101
10,10,-0.017533218694962455
10,11,0.05088338411453751
10,12,0.03352806314297885
10,13,0.02852976313521322
10,14,-0.027144535910553488
10,15,0.009264718508419173
10,16,-0.016363216224598753
10,17,-0.025772378178847002
10,18,-0.030101014320208126
10,19,0.03953284589071933
10,20,-0.037672031452877106
10,21,-0.039705091090326085
10,22,0.05706479672953837
10,23,-0.07817606007716284
10,24,-0.021054335173807493
10,25,-0.07641235134766929
10,26,-0.04963556373725931
10,27,-0.030357186020323085
10,28,-0.0017787181918727454
10,29,-0.03792282774054131
10,30,-0.05575438953530866
10,31,-0.014857532502119875
10,32,0.03228775915879136
10,33,-0.041759285189248194
10,34,-0.021070190067244563
10,35,0.04854128216244603
10,36,-0.07759224793757913
10,37,0.03497823296649293
10,38,-0.08573751710105074
10,39,-0.015846105313995072
10,40,0.0338697747448242
10,41,0.05323952865873123
10,42,-0.05290631029432068
10,43,-0.07879245493432582
10,44,0.03075245525873431
10,45,0.033525329069702466
10,46,0.05668294364659956
10,47,-0.08079491402158054
10,48,0.04323070488606593
10,49,0.005420575449647156
10,50,-0.08476590019327726
10,51,-0.039807567423396424
10,52,-0.04594178878700242
10,53,-0.0664624393751176
10,54,0.025024210128413233
10,55,-0.019968723465294682
10,56,-0.03881796804764625
10,57,0.025672340547562827
10,58,-0.08801283517526179
10,59,-0.008417926713569378
10,60,-0.015513393452787386
10,61,0.03965502724658903
10,62,0.0037605504622877785
10,63,-0.03718403471726332
10,64,0.041294390559613064
10,65,-0.02475271217549829
10,66,-0.014466482346156872
10,67,0.04063401510364113
10,68,-0.1391018883360087
10,69,0.018911607689310533
10,70,-0.005382496857649244
10,71,-0.006665597130982483
10,72,-0.050435673987028994
10,73,0.037360787468831376
10,74,-0.08010990819029432
10,75,0.01928634209778948
10,76,0.019104366050961174
10,77,-0.010751519392255797
10,78,0.026033796334548224
10,79,0.008478708582606033
10,80,-0.027253592195477773
10,81,0.03801852525780204
10,82,-0.0698075085463391
10,83,-0.017972889812533577
10,84,-0.040022284654400254
10,85,-0.059869778806802866
10,86,-0.0219445739893628
10,87,-0.02289041696081262
10,88,-0.0565537501529366
10,89,-0.0032170735135371017
10,90,-0.06204413196732304
10,91,-0.03938271922819019
10,92,-0.003007902418994083
10,93,0.04931450287706867
10,94,0.04220938934242762
10,95,-0.06059707592516228
10,96,0.040188718640080286
10,97,-0.024700309966179834
10,98,-0.023855682185290703
10,99,0.01809558094552084
10,100,-0.024738673560086282
10,101,-0.00549290419056947
10,102,0.02820468694951042
10,103,-0.030271422922668458
10,104,-0.02554614850027751
10,105,-0.03943003300498339
10,106,-0.03492793820182146
10,107,-0.035782776953192014
10,108,-0.025736570366578948
10,109,0.005269547872437884
10,110,0.022530805481426296
10,111,-0.015972018564807493
10,112,-0.021863578677447693
10,113,-0.021006481098989768
10,114,-0.044562358343368996
10,115,-0.009723666427345274
10,116,-0.016845923248162337
10,117,-0.07498635311667269
10,118,0.02026570619559353
10,119,-0.021828668083497604
10,120,0.021680139983207666
10,121,0.033540496013006314
10,122,-0.020311098496495587
10,123,-0.0851012948473225
10,124,-0.02182172255874021
10,125,-0.010753247703334658
10,126,-0.012100057054716711
10,127,-0.031294315771911364
10,128,-0.04978591289984927
10,129,0.02522408652245376
10,130,-0.048024343382984794
10,131,-0.04073280423280424
10,132,-0.03473478807350457
10,133,-0.03181569902229482
10,134,0.035705141028979946
10,135,-0.06120854305440377
10,136,-0.07274897167180389
10,137,0.03243723458314178
10,138,-0.03627947588163226
10,139,-0.023777288584858117
10,140,0.03690777387846976
10,141,-0.09103964607793093
10,142,-0.019594377083144633
10,143,0.029894572776725633
10,144,0.03895976882187924
10,145,-0.05499515053290225
10,146,-0.06397318025902657
10,147,-0.08248093735778003
10,148,0.00833660209541861
10,149,0.024411127474640287
10,150,-0.025530509226811042
10,151,-0.05811335613215528
10,152,0.037493984909587746
10,153,0.03342861057133699
10,154,-0.04182313572995659
10,155,0.007327132468921856
10,156,0.03988585866979775
10,157,-0.042364614630842526
10,158,-0.04024948045727424
10,159,-0.041325292135478246
10,160,-0.08683171196420919
10,161,-0.06686517483673154
10,162,-0.025939538777289314
10,163,0.010930376845596172
10,164,-0.029923999333289927
10,165,-0.056721190920330226
10,166,0.02982480696781114
10,167,-0.030793131244421942
10,168,-0.03101431009819639
10,169,0.02617203342586821
10,170,0.03731699005917145
10,171,-0.0903964003550067
10,172,-0.031580336424121176
10,173,0.02336046982214113
10,174,-0.00552295462304845
10,175,-0.008746582759499437
10,176,0.06006449659767253
10,177,-0.08678350060027357
10,178,0.03741993281128272
10,179,-0.016255034932538055
10,180,-0.02118759145504578
10,181,-0.04225410038746443
10,182,0.002706350841949015
10,183,0.011248962788327814
10,184,0.005425802481585755
10,185,-0.03781931284897465
10,186,0.011154528561434313
10,187,0.03523895073079488
10,188,0.0359477730447984
10,189,0.015979230178796735
10,190,-0.041268552435814926
10,191,0.035172735937427486
10,192,-0.042857071788957195
10,193,-0.03455175165939935
10,194,0.006931362416971325
10,195,0.04027261811650705
10,196,-0.011950763108901714
10,197,-0.07253382352542723
10,198,0.02607903392521246
10,199,-0.059088020021397396
10,200,-0.039509728357501814
10,201,-0.03390020201887434
10,202,-0.044306953552409434
10,203,-0.028986963112214614
10,204,-0.0006757316062664397
10,205,-0.004389997059507661
10,206,-0.07313410433070594
10,207,-0.008952784694392556
10,208,0.02603611183427497
10,209,0.03693216040114123
10,210,-0.027150159232295083
10,211,-0.030455476795081402
10,212,-0.018263821286269244
10,213,0.0011646940575782455
10,214,-0.07414175143981214
10,215,0.01620240650731116
10,216,0.05083110657332018
10,217,-0.03542702778455295
10,218,-0.02564720310841811
10,219,-0.030649686936219896
10,220,-0.042215772805297314
10,221,-0.021601356757763302
10,222,0.04496858397087762
10,223,-0.0026623583121480774
10,224,-0.01900619651885279
10,225,-0.010760019787801993
10,226,-0.05942259824379661
10,227,0.06171254221946105
10,228,-0.023369099600973633
10,229,0.03589547419413274
10,230,-0.025774805339784605
10,231,0.008295029126986134
10,232,0.016671564511671882
10,233,0.03216644640642643
10,234,0.04402578534329676
10,235,0.006656258889105298
10,236,-0.025855907748130368
10,237,0.05879476240604494
10,238,-0.025557710405468594
10,239,-0.04118343616437403
10,240,-0.028679574012078577
10,241,-0.051468672323755134
10,242,0.012554654585939708
10,243,-0.017318686298982464
10,244,-0.0029531866564191564
10,245,-0.07028222092373038
10,246,-0.05251987568190215
10,247,-0.05659379708775449
10,248,0.03621740429874126
10,249,-0.054866999160966524
10,250,-0.041385660927499755
10,251,-0.010045511869947045
10,252,0.026671494274009847
10,253,0.002893973532832405
10,254,0.05695421298359922
10,255,-0.05537390584294521
10,256,-0.016135447064319255
10,257,0.006865347735085383
10,258,-0.018810949201206125
10,259,0.027365160971580555
10,260,-0.00010265137485668201
10,261,0.02241701770500547
10,262,-0.04765153665589716
10,263,0.03625663202123483
10,264,-0.07040790033532983
10,265,-0.06112540448172086
10,266,0.005724243234791554
10,267,-0.045712543265042975
10,268,-0.05603160864468965
10,269,0.015938790979002887
10,270,-0.0737485902149803
10,271,-0.006687683609122887
10,272,-0.076508031611826
10,273,-0.014025644860890545
10,274,0.0050490132710248195
10,275,0.039272453704485004
10,276,-0.17777628692894318
10,277,-0.06371902580879411
10,278,0.0008815987454171665
10,279,0.03392588098922257
10,280,-0.010455415731119345
10,281,-0.030706271746560408
10,282,-0.012465480652454754
10,283,-0.013418328063557293
10,284,-0.07127673885049547
10,285,-0.043387755157484734
10,286,-0.052731356859814886
10,287,0.042677208738622664
10,288,0.026552236216856342
10,289,0.022465442663298647
10,290,0.002112165231187439
10,291,0.036019162383162856
10,292,0.04213697123152734
10,293,0.03313764839840301
10,294,-0.03920690945596311
10,295,0.036125039906872526
10,296,0.06994968226450532
10,297,-0.04114447299543134
10,298,-0.02345014032833736
10,299,-0.05640133530340127
10,300,-0.018678070738905803
10,301,0.03138942531428856
10,302,0.013720988959218555
10,303,-0.03440236145224628
10,304,-0.01348812170978867
10,305,-0.06464729041219655
10,306,-0.029878302972556645
10,307,-0.04911519651769748
10,308,-0.04167214624825711
10,309,-0.023877625737929183
10,310,0.007820569784941897
10,311,-0.06096105408026194
10,312,-0.010094071249243226
10,313,-0.01842113799838117
10,314,-0.047361029817782736
10,315,-0.023934864420000337
10,316,-0.04620179889954642
10,317,0.001721189142343076
10,318,0.019679011546760047
10,319,-0.0498291698395477
10,320,-0.028046759289362854
10,321,-0.02293543292304575
10,322,-0.05264756213086559
10,323,0.023497793719279736
10,324,0.0035660841992414703
10,325,0.025708741044012277
10,326,-0.07513676459965836
10,327,-0.06664830868708733
10,328,-0.008994621896209583
10,329,-0.022062452512276485
10,330,-0.06600997378755419
10,331,-0.05460375227306904
10,332,-0.0029312083481772984
10,333,0.014031129020243002
10,334,-0.08653900768304625
10,335,0.028716763970938267
10,336,0.06221192005024506
10,337,-0.030248567450548648
10,338,-0.024611979279728774
10,339,-0.0709425083857167
10,340,0.018545985615948314
10,341,-0.0002922261014363607
10,342,0.030659757204826887
10,343,-0.06453129671823948
10,344,0.02400819159866798
10,345,-0.008236934943223403
10,346,0.037402256946758444
10,347,-0.0701293306902823
10,348,-0.01820307466008866
10,349,0.03618391231076845
10,350,-0.024024277646554095
10,351,0.043405886478973275
10,352,-0.0033838599466636137
10,353,-0.024673608232450253
10,354,0.032686857053253554
10,355,0.03336050700721034
10,356,-0.07151108802945416
10,357,-0.01976145097734689
10,358,-0.03875645907456572
10,359,-0.0968903695183676
10,360,-0.08599252345901913
10,361,-0.04134256884250645
10,362,-0.07268375667412397
10,363,-0.021625279661350486
10,364,-0.03257129154424898
10,365,-0.004876774441210085
10,366,0.02871158474072668
10,367,0.027585709669871342
10,368,-0.04736175544915401
10,369,0.009991453257250987
10,370,-0.025184513066740105
10,371,-0.01140321406163364
10,372,-0.04185681498846923
10,373,-0.018854498065035266
10,374,0.007364139313294154
10,375,0.01642306841656283
10,376,-0.04319316818955868
10,377,0.046758992984013883
10,378,-0.003146589063988191
10,379,-0.019470026870961166
10,380,0.03929299956070722
10,381,-0.04049905286769036
10,382,-0.011340266960145477
10,383,0.0327058871230094
10,384,-0.07164037052219945
10,385,-0.050297513255821026
10,386,0.014954590639271417
10,387,0.008750802079885467
10,388,-0.02492282869456297
10,389,-0.07833709276133521
10,390,0.010593776083121766
10,391,0.009821572935865525
10,392,0.0324493357520006
10,393,0.00452177876758724
10,394,-0.02563651035942712
10,395,-0.02876842066607347
10,396,-0.05057690619899041
10,397,0.030724237853491508
10,398,0.01879283883411444
10,399,0.018834276440984007
10,400,-0.03334666493236071
10,401,-0.021292340683046192
10,402,-0.05331136365435476
10,403,-0.052084406810197305
10,404,-0.018159978887542037
10,405,-0.04185500611476795
10,406,-0.04230853182007207
10,407,-0.050675896352662224
10,408,0.01624598590720829
10,409,0.014810802110318474
10,410,0.02460649081705116
10,411,-0.03534257243506155
10,412,-0.0003734545609434359
10,413,0.0021439804825091066
10,414,-0.059239365479458204
10,415,0.02942283622934079
10,416,0.046790778930027664
10,417,-0.03067815805681018
10,418,-0.024596678310541478
10,419,-0.01756114182623189
10,420,0.03849044014473688
10,421,-0.03511993290868506
10,422,-0.04626101724241914
10,423,-0.025575286529495724
10,424,-0.06724302582680741
10,425,-0.05384104191553716
10,426,0.04902668701905393
10,427,-0.04315769983084965
10,428,-0.020447066711364408
10,429,0.005070539308823727
10,430,0.008824264631383257
10,431,-0.09086718625238392
10,432,-0.0316040232166958
10,433,0.0005085875367907083
10,434,-0.01913016838218282
10,435,-0.05063133813368969
10,436,-0.037272968760090536
10,437,-0.009308471880893655
10,438,-0.06910806727533347
10,439,-0.037027545487389665
10,440,-0.04636683111771496
10,441,-0.03267730414856235
10,442,0.031343212519359176
10,443,0.023926207357597585
10,444,-0.03098789723628874
10,445,-0.03904856226587975
10,446,0.03858809909149543
10,447,-0.02032616720261771
10,448,0.024701480162842394
10,449,0.030942455349909317
10,450,-0.011750132431280787
10,451,-0.0426685789894942
10,452,-0.022248229423008033
10,453,-0.012564689301109589
10,454,0.029633310549757274
10,455,0.013842246392086052
10,456,0.002255750428340678
10,457,-0.004291595641096985
10,458,0.02273306377871434
10,459,-0.051051522055058376
10,460,-0.05209258776738897
10,461,-0.022609989727311187
10,462,0.052151531536208454
10,463,-0.059497757654080545
10,464,-0.031202230721607622
10,465,-0.06655614199457245
10,466,0.0044265625788146
10,467,-0.12273146491751141
10,468,-0.0490187544476553
10,469,-0.07252214516882663
10,470,-0.08396862398715205
10,471,0.042554916646664206
10,472,0.052052907014329214
10,473,0.011423390915614569
10,474,0.03544767170257236
10,475,-0.034887106840098395
10,476,0.06233555414143799
10,477,0.027779920115615454
10,478,-0.015304727037145905
10,479,-0.020353925642510207
10,480,-0.03074597677599044
10,481,-0.00444713016261711
10,482,-0.0260107411500548
10,483,-0.021069353347185998
10,484,0.039223288868926384
10,485,-0.05940611694788822
10,486,-0.020256588077405248
10,487,-0.026686513370468564
10,488,0.009112258736498909
10,489,0.030557056975442136
10,490,-0.024512999793936015
10,491,-0.040023264443973576
10,492,-0.03312826475634283
10,493,-0.04498180461674049
10,494,-0.08017846291430389
10,495,0.0458337274971417
10,496,-0.08389508015828082
10,497,-0.06916028695167305
10,498,0.003503621670711274
10,499,-0.07612578276724975
12,1,-0.03291545836431557
12,2,-0.07467985579626993
12,3,-0.007041406591293839
12,4,-0.032486967377193914
12,5,-0.06124525246918435
12,6,-0.0038152245102344605
12,7,-0.04222641703239359
12,8,-0.0057887148072368975
12,9,-0.016723197557348427
12,10,-0.06958061281064903
12,11,0.03596359245096897
12,12,-0.04162619769462283
12,13,-0.022357925027395517
12,14,-0.029880680149235162
12,15,-0.0019862067726627423
12,16,0.02801728555029818
12,17,0.03315463973342746
12,18,0.01635700852254732
12,19,0.06340611972772389
12,20,-0.05580602229690939
12,21,-0.03460440911864015
12,22,-0.005845774307249449
12,23,-0.05343618923927746
12,24,-0.01894426636343865
12,25,0.035362753708992105
12,26,-0.060323771908096915
12,27,0.03997655863796284
12,28,-0.03302846883783727
12,29,-0.006140205249949499
12,30,-0.02883294702418783
12,31,-0.0829101911512179
12,32,0.030311305695441524
12,33,0.053182539849149425
12,34,-0.019180932218684953
12,35,0.008548807080612416
12,36,-0.01759919057638075
12,37,0.00190534803814004
12,38,-0.05996276980698497
12,39,0.03921599324510766
12,40,-0.04997177039259464
12,41,-0.051636739490824736
12,42,-0.028024509322528573
12,43,-0.09776558359774518
12,44,0.005417551962911098
12,45,0.030287130070416335
12,46,-0.026781336872353064
12,47,-0.045626428368879875
12,48,0.014929178479871363
12,49,0.03275333028819349
12,50,0.028792097026850833
12,51,-0.04050647509523872
12,52,-0.03375896969123207
12,53,-0.07685254721284908
12,54,-0.011162009650129404
12,55,-0.022094214595901
12,56,-0.04014531436558578
12,57,-0.02103626553765433
12,58,0.01580409637011543
12,59,-0.004684174513085615
12,60,-0.0667436017496572
12,61,0.035746251460411174
12,62,-0.05591917923121331
12,63,-0.018843866693297653
12,64,-0.0016315116170801673
12,65,-0.028052631272975394
12,66,0.03907014646921015
12,67,-0.006951442932749511
12,68,-0.02949846548402334
12,69,0.05985855259588246
12,70,-0.040135750578731005
12,71,-0.027394021260367423
12,72,-0.026919721667216026
12,73,-0.011011853870760112
12,74,0.029070848959568137
12,75,-0.02144359309267618
12,76,-0.015600127353881391
12,77,-0.04521097909975164
12,78,0.01681340504935312
12,79,-0.03569622078354347
12,80,0.03094926020385462
12,81,0.008903851786423635
12,82,-0.009169227821823604
12,83,-0.029542533859633634
12,84,-0.008574360757700772
12,85,-0.03146807643318183
12,86,0.03864992342531993
12,87,-0.06687656240663846
12,88,-0.024545148384534147
12,89,0.02133672211723494
12,90,-0.032483455039846024
12,91,-0.072861577163093
12,92,-0.044125448518699956
12,93,0.009987687543371152
12,94,0.010539677578658006
12,95,0.02294151438006637
12,96,-0.03808682637339834
12,97,0.017761447086595872
12,98,0.003880885841218316
12,99,-0.01685457871785989
12,100,-0.03345038920364472
12,101,0.028073026736604917
12,102,-0.019819572897916523
12,103,0.020905607961922926
12,104,-0.005970401945893201
12,105,-0.0890126654935323
12,106,0.01510367952677485
12,107,-0.046753482610825806
12,108,-0.07742396299640222
12,109,-0.049600063386654555
12,110,-0.041587844052706074
12,111,-0.054280947176966445
12,112,-0.010543454371987164
12,113,-0.07864693685833149
12,114,-0.019175729732513615
12,115,-0.004783985863270559
12,116,0.040798500407698265
12,117,0.03697721547416024
12,118,0.008042122779294622
12,119,-0.09044977321648708
12,120,-0.0014318265434793945
12,121,-0.034041186395278346
12,122,0.010596443771619965
12,123,-0.06113882000369061
12,124,0.03765282981639566
12,125,-0.0040757346202882514
12,126,-0.07484375216150953
12,127,0.019015710691652473
12,128,0.01869075705565811
12,129,-2.7396397545315582e-05
12,130,0.0011681330614248028
12,131,-0.01684394004865777
12,132,-0.08352848041149133
12,133,-0.053457131481313244
12,134,0.001611240151512581
12,135,0.02048974389929363
12,136,-0.07377394616687273
12,137,-0.026762358882953172
12,138,-0.032936866717337566
12,139,0.04496290586169107
12,140,-0.017712344831778266
12,141,-0.02380888649452063
12,142,0.035444060898398105
12,143,-0.03361405628498455
12,144,0.05704868907542444
12,145,0.019406649853506895
12,146,0.024702870023784167
12,147,0.0501836109924933
12,148,0.019582082727567778
12,149,-0.009099757538496627
12,150,-0.05327993520167539
12,151,0.02493494996428561
12,152,-0.040768712823289664
12,153,-0.05404885137906038
12,154,-0.03225276342734711
12,155,0.03701238438543332
12,156,0.06393941672374623
12,157,-0.01931805766074436
12,158,-0.05650413128767398
12,159,-0.08545394435559546
12,160,-0.039252700587767496
12,161,0.030039968681038358
12,162,0.0005963284866709243
12,163,-0.03346914603065109
12,164,0.008050039118685095
12,165,0.030573100157810906
12,166,-0.015203812143611647
12,167,-0.08797912796227106
12,168,0.03639986830264254
12,169,-0.08054986827412265
12,170,-0.009394082851866433
12,171,-0.042405742729271674
12,172,-0.008721562616540625
12,173,0.03778284564688717
12,174,-0.006189393387325295
12,175,0.046586634394918454
12,176,0.006984423306605132
12,177,-0.04461448074131229
12,178,-0.033094318127314254
12,179,-0.04346601604830354
12,180,-0.0491533213373882
12,181,-0.016014483018280953
12,182,-0.043875903937823445
12,183,-0.004734501247427042
12,184,0.004131041461986626
12,185,0.03644115153640614
12,186,-0.06361536913269836
12,187,0.03756447204169842
12,188,-0.018385419955227352
12,189,-0.010085141767142699
12,190,0.011683261758680452
12,191,0.023267898492281426
12,192,-0.004827936255194309
12,193,-0.003812857369832822
12,194,-0.0029674471577584333
12,195,-0.03277320121821562
12,196,-0.00021334587153547043
12,197,0.005422553807955269
12,198,-0.027172107313928585
12,199,0.004550520011618312
12,200,0.02822920559672571
12,201,0.031025906781742565
12,202,-0.08103241658054701
12,203,0.021804451630657834
12,204,-0.036023795937596394
12,205,-0.03193757635126032
12,206,-0.0024352520134757402
12,207,-0.08471082239588394
12,208,-0.008764535738692233
12,209,0.0016384227907320034
12,210,0.03169359742786059
12,211,-0.015706017884066618
12,212,0.03408347619929455
12,213,-0.0035204906490685687
12,214,-0.03696765590941516
12,215,-0.01494609787672949
12,216,0.015054724436156687
12,217,0.025758997031527692
12,218,0.04951152848825338
12,219,-0.019226424883359267
12,220,-0.06423162925531477
12,221,-0.03666040808589778
12,222,0.020647395392859674
12,223,0.04051316111654595
12,224,0.026514673764751175
12,225,-0.021346840799538958
12,226,0.007292364238640182
12,227,-0.03948950578024518
12,228,-0.02544765269624245
12,229,-0.029053177512792544
12,230,-0.0016306036440443224
12,231,0.0367241365069711
12,232,-0.05316655953199222
12,233,0.03988593332857387
12,234,-0.03551432723904623
12,235,-0.01608231748184114
12,236,0.008721938050582556
12,237,-0.048110853058466574
12,238,-0.026994501577511515
12,239,-0.01217808219059741
12,240,-0.03882834491921386
12,241,0.013553387538758784
12,242,-0.005392245762988258
12,243,0.03987526047586799
12,244,-0.0929118739233997
12,245,-0.03310575811630657
12,246,-0.003556384092956757
12,247,-0.03806980784902824
12,248,-0.09877533701940555
12,249,-0.027332130404114096
12,250,-0.017623289014326204
12,251,-0.055487705087970934
12,252,-0.023050931850578396
12,253,-0.018981063657268968
12,254,-0.0663387309676875
12,255,-0.029021458072628
12,256,-0.05277369125940642
12,257,-0.018753463315699936
12,258,0.008396180101842576
12,259,-0.05933251234784962
12,260,-0.016919858435348746
12,261,0.03374470547444761
12,262,-0.019382273736720967
12,263,-0.09349061063766374
12,264,0.02999689254549198
12,265,0.009243521282833709
12,266,-0.03877833850598355
12,267,-0.021085396096402143
12,268,0.017665054703017123
12,269,0.027879202939640857
12,270,0.02906731054657449
12,271,-0.06573501021353438
12,272,0.04568757406996769
12,273,-0.05380560617598643
12,274,-0.0492702386661281
12,275,-0.07711022360473302
12,276,-0.05736275435173455
12,277,-0.008715315311676904
12,278,-0.04112459433450987
12,279,-0.04336448315044011
12,280,-0.047841823986182794
12,281,-0.026742843102006014
12,282,-0.025444044205949784
12,283,-0.10504746460537127
12,284,-0.08918667380176494
12,285,-0.037327859673961
12,286,-0.030854923602826847
12,287,-0.026413921818401593
12,288,0.006844404111942867
12,289,-0.022042881073471382
12,290,-0.02214930123925461
12,291,-0.02713468762899906
12,292,0.0033069498534707203
12,293,0.015278540759471925
12,294,-0.03458973034217016
12,295,-0.06628654997455712
12,296,-0.019939283502954694
12,297,0.035725141218343755
12,298,0.02328765625314583
12,299,-0.04657547282728661
12,300,-0.07450813527427501
12,301,0.007281124749399084
12,302,-0.019441208625462284
12,303,-0.0004962910633140203
12,304,-0.02126506395301508
12,305,-0.020573700570969036
12,306,0.019173604612389334
12,307,-0.04072707586028754
12,308,-0.02522624711291798
12,309,0.0059148915700818995
12,310,-0.06600159547189878
12,311,0.0017644672489752263
12,312,-0.05326778324352011
12,313,0.044372463276974854
12,314,-0.05355619713536429
12,315,-0.0052270113758145584
12,316,0.03353390657001559
12,317,-0.03157925834886391
12,318,0.012609782486406233
12,319,0.024714781879083405
12,320,-0.005238380347391282
12,321,0.011991939670779493
12,322,-0.013994013938791698
12,323,0.014388929657320977
12,324,-0.005014321893833618
12,325,-0.013633283597379297
12,326,0.007267112973747691
12,327,0.013282580778587795
12,328,-0.07847878075105318
12,329,-0.002501663139462833
12,330,0.05521553509443754
12,331,-0.031658976016130096
12,332,0.011320704251789687
12,333,-0.034540023220487666
12,334,0.031547318871377905
12,335,-0.031867835248318675
12,336,0.009853263854315977
12,337,-0.003337572652774403
12,338,-0.0419524078140634
12,339,-0.017494690167262083
12,340,-0.02012512596597807
12,341,-0.0022836046521173773
12,342,-0.050484231333027894
12,343,-0.01805991839058678
12,344,0.04288531078409698
12,345,-0.0650859082931243
12,346,-0.055317960403265844
12,347,-0.04212112807987502
12,348,-0.005295536500678643
12,349,-0.0745603047053394
12,350,0.015169867583199747
12,351,0.03095893868815063
12,352,-0.028419619070187217
12,353,0.016687965071049957
12,354,0.05639526393798741
12,355,-0.030212625141215067
12,356,-0.032191673608200494
12,357,-0.012832478304367997
12,358,-0.020784850605562427
12,359,-0.011064387148329089
12,360,-0.03459750041199821
12,361,0.028809034179975643
12,362,0.03939039218538669
12,363,0.031209966158494865
12,364,-0.07819736013849411
12,365,0.003192558142762384
12,366,0.03215568089648091
12,367,-0.04241343323733837
12,368,-0.018262983559370113
12,369,-0.018932360098520458
12,370,0.008832713501107443
12,371,-0.019059850839272238
12,372,-0.022567268629741136
12,373,-0.027846605702010137
12,374,-0.019103093327381904
12,375,-0.020170599611883177
12,376,-0.004578064092852689
12,377,-0.0024631010475487073
12,378,-0.0421648359126328
12,379,0.0013180690268587787
12,380,-0.024505266096308116
12,381,-0.04970764408786645
12,382,-0.0405395548432535
12,383,-0.019024708798122535
12,384,0.03651896876581078
12,385,-0.018788158277617144
12,386,0.005926256427366438
12,387,-0.055499517529093025
12,388,0.03256776956082543
12,389,-0.0059939107294020915
12,390,0.019423393655984278
12,391,-0.0026116357463960363
12,392,-0.021446401010061834
12,393,-0.02387272446614667
12,394,-0.06979164509215201
12,395,-0.04059807108559389
12,396,-0.04318481768484799
12,397,-0.0006224851539802488
12,398,-0.017044789383446307
12,399,0.04639588948416176
12,400,-0.08150410494351741
12,401,0.005838480812070911
12,402,-0.017995424798931285
12,403,-0.03285910375695841
12,404,-0.02208170510445743
12,405,-0.07772310610593346
12,406,-0.0021758350751005617
12,407,-0.07392539626973467
12,408,-0.011616417577451457
12,409,-0.07429866787556334
12,410,-0.05363186955917416
12,411,-0.046391937423999594
12,412,-0.03595386697624831
12,413,-0.012799872131520828
12,414,0.011859169261953411
12,415,-0.026427616118716243
12,416,0.019176781258361007
12,417,-0.03723526714591898
12,418,-0.06377844751286772
12,419,0.021627863363137677
12,420,-0.08617221490570386
12,421,-0.07930087740852929
12,422,-0.015230832093637738
12,423,0.007842334370130304
12,424,0.034568169816162564
12,425,0.0372722267394307
12,426,-0.019462527259592684
12,427,-0.017710539502766222
12,428,0.03026164237480493
12,429,0.03095354658932789
12,430,-0.057567217937193695
12,431,0.04637034497027573
12,432,-0.040552502553719325
12,433,-0.04449525015143208
12,434,-0.0014449815692875987
12,435,0.029445049270315993
12,436,-0.046666874536331955
12,437,-0.06313448045191636
12,438,-0.0454905842245041
12,439,-0.020201386474375436
12,440,-0.023208453002552944
12,441,-0.008336556702112492
12,442,0.05170548357708493
12,443,-0.04123689012328161
12,444,-0.026989465303024995
12,445,-0.054847870934584694
12,446,-0.04274567532097488
12,447,0.01920539224365777
12,448,-0.02717633425118743
12,449,0.008744730568254045
12,450,-0.050582820301638486
12,451,-0.019901527648100634
12,452,-0.03401425320417081
12,453,0.023983908363499205
12,454,-0.021402391203113238
12,455,-0.07538271153854519
12,456,0.019956575953919933
12,457,-0.026072986412966702
12,458,-0.04280844551889408
12,459,-0.003035460907014224
12,460,-0.012907302157073986
12,461,-0.01890508297174015
12,462,0.028291308472575664
12,463,0.022735143837252867
12,464,-0.004872813177473845
12,465,0.024011454069672308
12,466,0.038084000169686515
12,467,-0.018715291394585915
12,468,-0.04931326588585576
12,469,0.026419609157066645
12,470,-0.023900591743892283
12,471,-0.019780449400079784
12,472,0.035726132484524525
12,473,-0.026827751415537664
12,474,0.02771793544423833
12,475,-0.057245658065813866
12,476,-0.09640804500722519
12,477,-0.029704211940371622
12,478,0.00929917366174961
12,479,-0.05676745430178196
12,480,-0.015758583124608393
12,481,-0.07808110059934317
12,482,0.014033861878952593
12,483,-0.06335333662149725
12,484,-0.0729737339248815
12,485,-0.026206206165484507
12,486,0.01523485515606527
12,487,0.03680261193273587
12,488,0.03529846737353593
12,489,-0.032089984216852316
12,490,-0.0037633920507733885
12,491,-0.07059147651718849
12,492,-0.0076608954817116316
12,493,-0.013065357169572404
12,494,0.0077343796325198624
12,495,-0.03886110212278831
12,496,-0.0021142794969387364
12,497,-0.0504575020535591
12,498,-0.0032327645422957885
12,499,-0.03859233512180979
14,1,-0.004021564377395834
14,2,-0.02335594903304546
14,3,-0.0777394843962008
14,4,0.014265520359134627
14,5,0.03976484618138945
14,6,-0.012579302288003382
14,7,0.004949728720778622
14,8,-0.009056727680211417
14,9,-0.02723286644535269
14,10,-0.021314760700987413
14,11,-0.02613606537889009
14,12,-0.02264724329028983
14,13,0.011202497420636904
14,14,0.01804021895672861
14,15,-0.004790772310207016
14,16,-0.02977938776930432
14,17,0.020252155077510384
14,18,-0.030822378280161128
14,19,-0.014499443122279132
14,20,-0.06809863892020518
14,21,-0.024746622673942394
14,22,-0.03005340423075558
14,23,0.0287099583306282
14,24,0.029189306361702538
14,25,0.025655124210137766
14,26,0.03786092042429527
14,27,0.024022291825099247
14,28,-0.046605886202505456
14,29,0.0015628271765871428
14,30,-0.009390089579735075
14,31,-0.037470601079416535
14,32,-0.009924422221041264
14,33,-0.04240092705020092
14,34,-0.047125546297050014
14,35,0.017934295257995354
14,36,-0.04268945832107299
14,37,0.06463691237263405
14,38,-0.04314597191854763
14,39,-0.025773251379957708
14,40,0.0071765823622600014
14,41,0.05624394167708579
14,42,-0.0012256776450773879
14,43,0.040298083646188185
14,44,-0.06978037169439841
14,45,-0.016422256568121664
14,46,0.005110824551877491
14,47,-0.060558724112652486
14,48,0.00886870275179755
14,49,0.0051592379250469155
14,50,-0.08282329367123564
14,51,-0.07790589975018707
14,52,-0.0033385136936574483
14,53,-0.06029320159230301
14,54,-0.00110197735144459
14,55,0.03502985159956387
14,56,-0.06894372792587883
14,57,-0.07324037963017653
14,58,-0.04228045688545021
14,59,0.010829284123989293
14,60,0.02880722617529373
14,61,-0.033703444455639074
14,62,-0.013489580007237581
14,63,-0.010374826231865994
14,64,0.02642638198133082
14,65,-0.027921200947527085
14,66,-0.02134743313228228
14,67,0.0359980634906821
14,68,-0.07306557974413676
14,69,0.005880717768307486
14,70,-0.012311647570244612
14,71,-0.015390579959060768
14,72,-0.02560145570243492
14,73,0.037010594853351654
14,74,-0.02014835212506671
14,75,-0.08127563475324612
14,76,0.015064710592249876
14,77,-0.04067150278978569
14,78,-0.045578768459425746
14,79,-0.08507577341304623
14,80,0.011318180745369676
14,81,0.029276597977419775
14,82,-0.010753272519462604
14,83,0.026650218201565535
14,84,0.052069138134756304
14,85,-0.04862396590503296
14,86,-0.006763585042045315
14,87,0.02200660479590241
14,88,0.010785835285519364
14,89,0.04644810400744131
14,90,-0.08025112179287598
14,91,-0.024442915568907948
14,92,-0.025275291897913294
14,93,-0.011613303132969847
14,94,-0.06270030649325374
14,95,0.0306911378577596
14,96,-0.025972056036498426
14,97,0.0038678867029221646
14,98,-0.07911544587280545
14,99,0.03026170101109565
14,100,-0.012731817423420652
14,101,-0.056185343684292344
14,102,0.00770839297766341
14,103,0.04900137198148333
14,104,0.01278250166790054
14,105,-0.030929066718710888
14,106,-0.046188861577835826
14,107,0.011743330479582221
14,108,-0.02010178306587355
14,109,-0.04979654445250455
14,110,0.0028489865015793206
14,111,-0.037485103652608265
14,112,0.008480453972592795
14,113,-0.03954446535430896
14,114,-0.0061044164076446104
14,115,-0.045003888179441676
14,116,0.025444692379278672
14,117,-0.030987459892538812
14,118,0.028898965190513267
14,119,0.042415609758817946
14,120,-0.04857382942796944
14,121,-0.05703123665591204
14,122,0.0028655234536911767
14,123,-0.0004958500982479764
14,124,0.026458870203630067
14,125,-0.012462777896112049
14,126,0.043710219410155654
14,127,-0.03661597879046341
14,128,-0.010506245682798128
14,129,0.04049837508883394
14,130,0.0278368763983289
14,131,0.004033043737928951
14,132,-0.01262842618360648
14,133,-0.0009111468300770245
14,134,0.031427378024930695
14,135,0.032813800266768715
14,136,0.007339741528547395
14,137,-0.044504875488955056
14,138,-0.04593017184375202
14,139,-0.009673878034724043
14,140,-0.022314853856046705
14,141,-0.09726494060391007
14,142,0.038368636444264095
14,143,-0.05928267098166113
14,144,0.03638399578024534
14,145,0.007332977744464297
14,146,0.002347509103898631
14,147,-0.0433245290129354
14,148,0.007326839504316983
14,149,-0.06242810668477632
14,150,0.04798918626119738
14,151,-0.06253237923744738
14,152,-0.06776319662936293
14,153,0.03415641753833778
14,154,-0.04174920088854453
14,155,-0.012078197801278662
14,156,0.04513973425090731
14,157,-0.06259893264442362
14,158,-0.031605589164437946
14,159,-0.04095065458598971
14,160,-0.03889963603676806
14,161,-0.0051798472267413674
14,162,0.02467780115271447
14,163,0.04806142719822414
14,164,0.022445973498503063
14,165,-0.018060796547584253
14,166,-0.02409182255507407
14,167,-0.01991652481975062
14,168,-0.021736603108570358
14,169,-0.06018289884807243
14,170,0.0338741288596026
14,171,-0.016118230231043303
14,172,-0.05281348056146663
14,173,-0.009576787850152967
14,174,0.025239940038807862
14,175,-0.00972514765550713
14,176,-4.921407510650711e-06
14,177,0.015450025336558731
14,178,0.040000644019221654
14,179,0.035508533571485416
14,180,-0.025050476608903395
14,181,-0.027157371976881593
14,182,0.015310823405004687
14,183,-0.05666865981029706
14,184,-0.06680294877112106
14,185,-0.029775554791123694
14,186,-0.05577345161538804
14,187,-0.004943322028584824
14,188,0.02290197611202453
14,189,-0.02326102192386869
14,190,0.034447695259181524
14,191,-0.04661520051079973
14,192,-0.03614981519474892
14,193,-0.030517399974307455
14,194,0.03421624523443357
14,195,0.02123694243791813
14,196,0.0147647529432859
14,197,-0.07505196092766783
14,198,0.03475471503681014
14,199,-0.05012260973664946
14,200,-0.004532751412326914
14,201,-0.030273766111440257
14,202,-0.01689311820415037
14,203,0.038250554923920585
14,204,-0.019850077966875455
14,205,-0.025194197471140788
14,206,-0.05880477544904159
14,207,0.024462967353159806
14,208,-0.08644101038997884
14,209,-0.024510380726090568
14,210,-0.01038400928107456
14,211,-0.053433403205853804
14,212,0.004084391263823107
14,213,0.04056861791532023
14,214,-0.004646883688186802
14,215,0.025546602204681735
14,216,-0.046898407170679356
14,217,-0.007804006391649131
14,218,0.0424594968245697
14,219,0.02741689922665784
14,220,0.03443781445569917
14,221,0.018694974503367087
14,222,0.023993450250305037
14,223,0.02269178469295829
14,224,-0.08503819375374033
14,225,-0.025872932186085943
14,226,-0.019476459690898913
14,227,0.006810819397538926
14,228,-0.024411271244235734
14,229,0.012569102940581058
14,230,-0.025911379325560695
14,231,-0.016308315421192297
14,232,0.019340731640849245
14,233,0.021925028959848263
14,234,-0.020912724717835753
14,235,-0.005896804731083589
14,236,0.055130505923156825
14,237,0.028353626175662276
14,238,0.04322281957803396
14,239,-0.05115945857246915
14,240,-0.04488189615624073
14,241,-0.029497322557715318
14,242,0.04291513580189002
14,243,0.024845350529408155
14,244,0.022549967805439542
14,245,-0.054033362788865696
14,246,0.004642476235862817
14,247,-0.03756917265820624
14,248,-0.012432730456465577
14,249,-0.04644050390416254
14,250,0.02041998482531796
14,251,-0.04118661862009198
14,252,-0.028867885222443518
14,253,0.030105897597107932
14,254,-0.02850582798880176
14,255,-0.07305171178670831
14,256,0.010834288545064134
14,257,0.03235910192072985
14,258,0.015542077741836142
14,259,-0.002652076472706754
14,260,0.004551261317395306
14,261,0.036960032019580015
14,262,-0.05148237479783071
14,263,0.0015493372784558851
14,264,-0.04059427491059205
14,265,0.012364080296843799
14,266,-0.05253718592136899
14,267,-0.02633473476037023
14,268,-0.0074187609088799495
14,269,0.030625878611205762
14,270,-0.01589019808891958
14,271,0.02439681658020001
14,272,-0.02134928289846176
14,273,-0.04341620297481867
14,274,0.018949424168176954
14,275,-0.03326744133605765
14,276,-0.018922473264716366
14,277,0.018856650266200488
14,278,-0.04756565124397972
14,279,-0.025815770083271315
14,280,-0.056533020869215064
14,281,-0.045675694203133436
14,282,-0.031998896088381544
14,283,-0.0261843052628326
14,284,-0.016509561404845278
14,285,-0.06678670757297304
14,286,0.002218778504820244
14,287,0.045401800348149765
14,288,-0.015460844858244796
14,289,0.00744624513763508
14,290,-0.08373579214379794
14,291,0.008150553662892105
14,292,0.016969419409998777
14,293,-0.04060923529428007
14,294,-0.03495652073006247
14,295,-0.0580242845766365
14,296,0.03379394864055697
14,297,-0.03279688510021226
14,298,-0.01889413893933615
14,299,-0.06754527811966919
14,300,0.03568931048733639
14,301,0.02684565040025965
14,302,0.001089731497201784
14,303,-0.0473830329515286
14,304,0.005139955521982751
14,305,-0.026864638884003967
14,306,0.035155518988857805
14,307,0.034861440460354
14,308,0.018514252522155463
14,309,-0.038976658930551814
14,310,-0.03451462878230193
14,311,0.02174568221383049
14,312,0.006562396628894895
14,313,-0.006599352592568885
14,314,-0.009681123872738456
14,315,0.006146211879715228
14,316,-0.020353442123183792
14,317,-0.09339601622675266
14,318,-0.006622673216885103
14,319,-0.021589335270250386
14,320,0.0037700730637847233
14,321,0.020781032818420607
14,322,0.03183162391430464
14,323,-0.02807788858595077
14,324,0.019276982868074267
14,325,-0.022482701497540145
14,326,0.05282272312601286
14,327,-0.01880323367522219
14,328,-0.027709589642005247
14,329,0.022101901323690852
14,330,0.058494536052127226
14,331,0.021014678429521857
14,332,0.0383591035875004
14,333,0.03478099853923041
14,334,0.036141917467944505
14,335,-0.05443731761271357
14,336,0.023444653065802942
14,337,-0.019003254821386737
14,338,0.045876809251419244
14,339,-0.036107927081143375
14,340,-0.04369346358072822
14,341,-0.030474929252769133
14,342,-0.03227037164001269
14,343,0.008781594228966622
14,344,0.0014180702148364483
14,345,-0.030715758377571636
14,346,0.0010090730801834344
14,347,-0.0261787978162376
14,348,-0.017843550934082724
14,349,-0.006790703932248156
14,350,-0.018700688128918678
14,351,-0.0043682410431928175
14,352,0.03046338331602544
14,353,0.00025439737893980424
14,354,-0.03945674859878424
14,355,0.023631004450954143
14,356,0.02379543046661075
14,357,0.03410563961289306
14,358,0.016876922737084885
14,359,0.00883623798803772
14,360,-0.08498677997775188
14,361,-0.04684793011579386
14,362,-0.018825881545140616
14,363,-0.04976408764094743
14,364,-0.05270781192744106
14,365,-0.02612531931886396
14,366,-0.026633541307983993
14,367,0.02523540259948697
14,368,-0.016728143165010135
14,369,0.011811627714731496
14,370,-0.020790673290636198
14,371,0.02746506322072993
14,372,-0.08835087760702869
14,373,0.039030767002719846
14,374,0.0331751843303298
14,375,-0.003483944807212107
14,376,-0.05507635392201951
14,377,-0.07770689744429671
14,378,0.008662078020629346
14,379,-0.01608280142280377
14,380,0.03390439576294887
14,381,0.019570777585801415
14,382,0.026377643140858435
14,383,0.026959957167893428
14,384,-0.018458053842507195
14,385,-0.05409067973045992
14,386,-0.024150883044838044
14,387,-0.053662294399049015
14,388,-0.01779103028528967
14,389,0.009927373851918402
14,390,-0.09044669594965632
14,391,0.028403547323729714
14,392,-0.03050492420555265
14,393,-0.07118879012055468
14,394,0.0003154104706997046
14,395,0.005219692439157542
14,396,-0.017214897492951374
14,397,-0.022121363630135754
14,398,0.03475341184618378
14,399,0.01962086206323148
14,400,-0.06463638539293617
14,401,-0.023091160834704718
14,402,-0.03043353595167066
14,403,-0.026898682829230844
14,404,0.004391591334270938
14,405,-0.036935929357775614
14,406,-0.03689035131106031
14,407,-0.0030766453982934475
14,408,-0.07721552493495223
14,409,0.0580035957123698
14,410,0.026837301057803905
14,411,0.047183339375757506
14,412,-0.0038524796636743197
14,413,-0.0326802948647404
14,414,0.04303286439181016
14,415,0.009565598314614815
14,416,-0.04647037281166301
14,417,-0.009896612782143896
14,418,-0.011645089892618731
14,419,0.0038277971792916726
14,420,-0.04501541822597048
14,421,-0.03970698815550074
14,422,-0.03719456486886155
14,423,-0.05364013015822039
14,424,-0.011174145706200976
14,425,-0.004085016992895017
14,426,0.003327260046714363
14,427,-0.0785051675274724
14,428,-0.07828213746270705
14,429,0.010667443539059589
14,430,0.01738113470464513
14,431,-0.02057546797210838
14,432,0.0378302502424804
14,433,-0.07992998177900748
14,434,0.018585411713317967
14,435,0.01450943069875795
14,436,0.006539617510729486
14,437,-0.05877137443773482
14,438,-0.0675195193793543
14,439,-0.0022425483855242627
14,440,-0.05011616293458733
14,441,-0.05243685031325875
14,442,-0.003733233949529019
14,443,-0.025179420155583443
14,444,-0.05674697539742114
14,445,-0.008229334155959403
14,446,-0.027202305447357335
14,447,0.024748869947156377
14,448,-0.017213400500230906
14,449,-0.053376957804461986
14,450,-0.03308528516333607
14,451,0.021898279770747982
14,452,0.06045262118122484
14,453,-0.027094212151477774
14,454,-0.04438962624245266
14,455,-0.08105242832536202
14,456,-0.015447402590471938
14,457,-0.0330893400848183
14,458,0.03108705876025136
14,459,-0.0186457660638726
14,460,-0.03227341838293657
14,461,0.018710785631287967
14,462,-0.019424220860294543
14,463,0.03672630126474309
14,464,-0.04183099448955828
14,465,-0.023303999429449163
14,466,0.023793258815936864
14,467,-0.014882616507861154
14,468,0.02307620777655871
14,469,0.009213452710366993
14,470,0.008310406472599273
14,471,-0.029087483050935815
14,472,0.024260119698028607
14,473,-0.027081024788367415
14,474,-0.03386736547625266
14,475,0.03100860764340245
14,476,0.038618114990259654
14,477,0.01040760605353029
14,478,-0.0017169340591973168
14,479,-0.07308974922666203
14,480,0.0368843714583218
14,481,-0.042525985430883095
14,482,-0.03206681198549622
14,483,0.034024318936715765
14,484,-0.03458108656563549
14,485,-0.02807731275476638
14,486,0.03122140687829587
14,487,-0.023289515035734478
14,488,0.0019585361651606875
14,489,-0.023250509059202423
14,490,0.04514258519570284
14,491,-0.03366001312885585
14,492,0.03733243528752826
14,493,0.032098834244738327
14,494,-0.04393355551710389
14,495,0.03116066753590684
14,496,0.03636604967597962
14,497,0.04138394963757265
14,498,-0.02202408549732449
14,499,-0.011834450840768614
16,1,-0.02897853756120784
16,2,0.007132586607923756
16,3,0.03396790522891253
16,4,-0.050426138714357444
16,5,0.040760307927059425
16,6,0.0054815351428878795
16,7,-0.018413708317226746
16,8,0.042096019839452506
16,9,-0.045822038288020187
16,10,-0.038856801848939276
16,11,-0.021755220233769756
16,12,0.042928305902167695
16,13,-0.044470414217431815
16,14,-0.00424382041038501
16,15,0.0336835106102016
16,16,-0.05515131388468377
16,17,0.020111802936167992
16,18,0.029303191253210445
16,19,-0.06637540557273881
16,20,0.021532561325313233
16,21,-0.061019701812140156
16,22,0.014881048531115009
16,23,-0.0169309520988592
16,24,0.0030639168188509934
16,25,-0.01923016622979285
16,26,-0.04176238942045758
16,27,-0.03289182688242427
16,28,-0.06370984166838357
16,29,-0.00869034641301012
16,30,-0.015678124087585
16,31,0.034708357412261116
16,32,0.03599294365581246
16,33,-0.012381167333362138
16,34,0.0002239815162906815
16,35,-0.04558575013069186
16,36,-0.019552545364189506
16,37,-0.044276277753686366
16,38,-0.019067419667633572
16,39,0.008477195170249079
16,40,-0.03467151833265841
16,41,0.0265470139146953
16,42,-0.03558432576193423
16,43,0.006761725219245363
16,44,0.012210129587889904
16,45,0.02380343738190163
16,46,-0.04838746735589442
16,47,0.022527016916431525
16,48,-0.07786138900063615
16,49,-0.0022194954761593478
16,50,-0.03612896890930376
16,51,-0.04128863196507949
16,52,0.034034955942555976
16,53,-0.020834657144286402
16,54,-0.010622427025880829
16,55,-0.009097492095057379
16,56,-0.02488035131161187
16,57,0.03138580657226962
16,58,0.006984962414427502
16,59,-0.03156529648177942
16,60,0.04080146756169997
16,61,-0.0428751763821918
16,62,-0.040081393922177515
16,63,0.019708101276793226
16,64,0.04350551450531213
16,65,-0.042484286753666424
16,66,-0.03268726606205178
16,67,-0.06435931714362729
16,68,0.02307757627020276
16,69,-0.08214964757462744
16,70,-0.026872088766623597
16,71,-0.040557233876549664
16,72,-0.06191588087161428
16,73,-0.034315613810404134
16,74,-0.011345913009331444
16,75,-0.01509370540201557
16,76,-0.010351071696342489
16,77,0.03129091264241196
16,78,-0.036232309009094146
16,79,0.030597706827967155
16,80,0.02555457303517037
16,81,-0.00600692132237306
16,82,0.019097278609723038
16,83,-0.017044898071539385
16,84,0.012503701881011842
16,85,-0.0017217187533159807
16,86,0.020026784977942268
16,87,0.023306357519137098
16,88,0.013825017136955728
16,89,-0.022181759563460166
16,90,-0.016063624414344734
16,91,-0.00974244349339082
16,92,0.017547757171446524
16,93,-0.026177746948845188
16,94,0.030864578300330542
16,95,0.021592828397393342
16,96,-0.024070280580801046
16,97,-0.004903257320036299
16,98,-0.009832564773476361
16,99,-0.04483001975321917
16,100,-0.02501546340776796
16,101,-0.024987211578627485
16,102,0.013578369039771655
16,103,0.05319471633384641
16,104,-0.0060936591338849105
16,105,-0.039006834316055373
16,106,-0.03006171899492424
16,107,-0.0389999816670412
16,108,-0.08496900618085158
16,109,-0.020660014797207547
16,110,0.028930746118058993
16,111,0.025637566143718624
16,112,-0.040683359105231284
16,113,-0.03514116009203056
16,114,-0.0698584651325295
16,115,0.023547661071761695
16,116,0.030505161328823433
16,117,0.03636961286760832
16,118,0.033612034864217405
16,119,0.023396877720292614
16,120,-0.0630758806647505
16,121,-0.035815019264838634
16,122,-0.022031180830109534
16,123,0.00233057925682714
16,124,-0.02967529225915528
16,125,0.0105337370256741
16,126,-0.005780912647645755
16,127,0.037068209119099554
16,128,-0.0055194300821926326
16,129,0.008476237356080333
16,130,0.0004471354405286935
16,131,0.02896461697122351
16,132,0.0032860593234662213
16,133,0.0026032525239224583
16,134,0.013127773456630088
16,135,-0.04933211039106812
16,136,0.017573810630602794
16,137,0.011959818868746934
16,138,-0.018859122709727876
16,139,-0.02109309415958235
16,140,-0.05368098862934082
16,141,-0.04503092481988956
16,142,-0.04562955992972197
16,143,0.03401090392358568
16,144,0.024239706858766558
16,145,-0.016526681092475206
16,146,-0.014985682245931421
16,147,-0.07857019640700857
16,148,-0.043294151937500705
16,149,-0.07275109697328004
16,150,0.02931935604661351
16,151,-0.02146881381389149
16,152,-0.0030754412031382965
16,153,-0.022707788645408837
16,154,-0.04414861090865696
16,155,-0.04234158729403461
16,156,-0.004194621762560163
16,157,-0.0555133240438557
16,158,0.029344341848766407
16,159,0.023220607036645764
16,160,-0.06429420524226023
16,161,-0.03970515851069621
16,162,-0.048899793456857764
16,163,0.062478978472561356
16,164,0.01732475530372966
16,165,-0.07283039644918343
16,166,-0.04413164786845502
16,167,-0.0006614840871562304
16,168,0.04220418476385545
16,169,-0.041263888861286145
16,170,-0.02144601367102964
16,171,-0.0654857148039163
16,172,-0.022746547830110438
16,173,0.03996528915373171
16,174,-0.017493198465893388
16,175,-0.05262402077965912
16,176,0.011638963883983451
16,177,-0.02553139951216303
16,178,-0.00276934333304522
16,179,-0.03695351676747023
16,180,-0.039470663705729256
16,181,-0.02765469122951835
16,182,-0.013644515917007903
16,183,-0.030800990375901574
16,184,-0.03837211650815041
16,185,-0.04885345575716624
16,186,0.03071491502100607
16,187,-0.014887881249096952
16,188,-0.05745071102463955
16,189,0.025870706824940925
16,190,-0.045437681980735
16,191,-0.034683901540489115
16,192,0.0017366377094735934
16,193,0.02419938529006867
16,194,-0.020273119750981013
16,195,0.020868292655355364
16,196,-0.001201380788859513
16,197,-0.055622469648447165
16,198,0.014581034500963366
16,199,-0.08873413761455186
16,200,0.02500668553899383
16,201,0.012318711209275468
16,202,-0.06572681169028258
16,203,-0.030781067466808382
16,204,-0.04917485577133632
16,205,-0.017440982751413033
16,206,-0.028150262076239347
16,207,0.032744404627184726
16,208,-0.005897581815535841
16,209,0.020550203134889727
16,210,0.026887624826324678
16,211,-0.01586497365604871
16,212,-0.018614940928558813
16,213,-0.027464364548352934
16,214,-0.030458038414118805
16,215,-0.040651989497761394
16,216,0.02946933996751071
16,217,-0.0488435634868061
16,218,-0.04775759733661718
16,219,-0.03248280271859305
16,220,0.042392922526412725
16,221,-0.037968198756373514
16,222,-0.052121184168069566
16,223,-0.06893174231078121
16,224,0.014409911781608506
16,225,-0.05099777631286828
16,226,-0.04387787288772271
16,227,-0.002444995849858723
16,228,-0.023039760896111563
16,229,0.03857927897803363
16,230,0.017716400648753714
16,231,0.011845663165469238
16,232,-0.03155894867477386
16,233,-0.012099441480845321
16,234,0.02438165413818015
16,235,-0.03432534698155464
16,236,-0.024946969381467603
16,237,-0.03933257660094868
16,238,-0.02122132845063637
16,239,-0.005785677156883108
16,240,0.042933142708723594
16,241,-0.03312186744691447
16,242,0.028547995149585403
16,243,-0.04338807175026986
16,244,0.007772162161026743
16,245,0.0011243316046482014
16,246,0.0076682867156755985
16,247,-0.04860979275661119
16,248,-0.03376051546536722
16,249,0.034645447736458536
16,250,0.015599172244807948
16,251,-0.07910988221545584
16,252,-0.06777302719820816
16,253,-0.03410487882166001
16,254,-0.033989004128922286
16,255,0.027525855414236328
16,256,0.004255259202402016
16,257,-0.03188704894124786
16,258,0.018574952406711507
16,259,0.003864426557388415
16,260,-0.020852751878694127
16,261,-0.023181448042195168
16,262,-0.01799227158623547
16,263,-0.09007420870219575
16,264,0.045972899707943785
16,265,-0.06506551257384668
16,266,0.026838497412638714
16,267,0.03381184283511262
16,268,6.75519709018233e-05
16,269,-0.054178768654434516
16,270,0.013899353102355178
16,271,-0.009861281074125256
16,272,-0.020663861235966245
16,273,-0.02429274983805626
16,274,-0.019603823704131138
16,275,0.028883047608981575
16,276,0.02958569009211724
16,277,-0.07223778279091046
16,278,-0.010454467922953832
16,279,0.013142465804930203
16,280,0.03903455199099754
16,281,-0.035322922145972845
16,282,0.009105031265437819
16,283,-0.003583139328271061
16,284,0.021632904277682784
16,285,0.029227555476818764
16,286,-0.01093431025883606
16,287,0.025342053502232023
16,288,-0.027698409108655654
16,289,0.04371307029802324
16,290,0.01995732169877859
16,291,0.01411011561911879
16,292,-0.01108033923100466
16,293,0.00037522561718013846
16,294,-0.014558772119647883
16,295,-0.08397784874058124
16,296,0.02701560885825616
16,297,-0.029131667636314102
16,298,0.03157147762165096
16,299,-0.02571773054274063
16,300,-0.03984992981751318
16,301,-0.007556024456636092
16,302,0.022357990884859676
16,303,-0.017671682043235167
16,304,-0.05884699391790345
16,305,0.0026216299754995573
16,306,-0.010788531230934362
16,307,0.016700517588748718
16,308,0.01585721127747904
16,309,0.04117544598812614
16,310,0.004897290818654612
16,311,-0.06103089073483941
16,312,0.03010698387007005
16,313,-0.04319854839835299
16,314,-0.015603744567702324
16,315,0.006892043168459075
16,316,0.024728396994252146
16,317,-0.010132475960247194
16,318,-0.03371241389903261
16,319,0.0328114330176578
16,320,-0.07759891261778055
16,321,-0.04162153060157655
16,322,-0.015031880955987913
16,323,-0.02601462582577604
16,324,0.024852276478879436
16,325,0.04881216401115382
16,326,-0.04990431083083223
16,327,0.0006957024360166253
16,328,-0.018383663914659353
16,329,0.02100174141138725
16,330,0.01003856616888418
16,331,-0.005293696196075499
16,332,0.018261252108514498
16,333,-0.01704164882072409
16,334,0.020843855128622295
16,335,-0.027107154471194064
16,336,0.028274725672585266
16,337,0.02133013082694501
16,338,0.04834459953114298
16,339,-0.03614165735758185
16,340,-0.025891348783645726
16,341,0.021405199944058435
16,342,-0.004401777053296498
16,343,-0.03335476485547401
16,344,0.021717619501779344
16,345,-0.03718434563163101
16,346,-0.005400317657852301
16,347,-0.07499112018031967
16,348,0.021672728529412592
16,349,-0.03400717172214811
16,350,0.06046479002960048
16,351,-0.03506963801213438
16,352,0.05184797008647021
16,353,-0.05710769851172142
16,354,-0.03537663678338087
16,355,0.03823784862003423
16,356,-0.008870997164530487
16,357,-0.01688211602070179
16,358,-0.011318658607771964
16,359,-0.02436766112505616
16,360,-0.032729535241844306
16,361,-0.02550635953510036
16,362,0.012375867422391806
16,363,0.04331598135533676
16,364,0.025693259860982635
16,365,0.02315187980003338
16,366,-0.025282209615508682
16,367,0.030599451571735214
16,368,-0.014568099264843558
16,369,0.033872609245083445
16,370,-0.02919199178527283
16,371,0.014650797210671038
16,372,0.00944452753006054
16,373,-0.020102826208203986
16,374,-0.020104236826782383
16,375,-0.019668988506564945
16,376,-0.0018161956302972365
16,377,0.019270196052949405
16,378,-0.005202486878945996
16,379,-0.018639659334645148
16,380,0.043028428487554546
16,381,-0.032718291942722945
16,382,0.006646868358743308
16,383,-0.0033124865062607134
16,384,-0.004710193954023453
16,385,0.0011762687848127797
16,386,-0.05731455964016405
16,387,-0.06496455684666166
16,388,-0.027863019587202227
16,389,-0.0481798548144647
16,390,0.018616863924692466
16,391,-0.019141228782430485
16,392,-0.02166603248454307
16,393,-0.01665728032057248
16,394,0.006815934973614925
16,395,-0.023630259882795754
16,396,0.02538827417559233
16,397,-0.020890440510288932
16,398,0.02108299661511572
16,399,-0.055425389920770014
16,400,-0.013225605937486604
16,401,0.03370335043717611
16,402,0.03546913792534989
16,403,-0.02731681282274336
16,404,0.022220163773375417
16,405,-0.017384719083002424
16,406,-0.021939972720482027
16,407,-0.01897846019042169
16,408,0.033101904549408555
16,409,-0.07178879839634705
16,410,-0.0689248255284865
16,411,0.019558641694275902
16,412,0.02649462262830935
16,413,-0.00511886823039358
16,414,0.038370533950333144
16,415,0.014786850417721742
16,416,-0.055612964186996586
16,417,-0.07699678715324959
16,418,-0.026169803507059292
16,419,-0.0027226013438048707
16,420,0.011860392428464015
16,421,-0.05029799545168444
16,422,-0.05355475476274821
16,423,0.04751337243862163
16,424,0.015457761888919445
16,425,-0.05652775086595719
16,426,-0.018412070384017522
16,427,-0.04735601741425906
16,428,0.03404262679262251
16,429,0.02673870398413876
16,430,0.030297439766428586
16,431,-0.048183143946767384
16,432,-0.047286564359536515
16,433,-0.0391011713553394
16,434,0.028230332876342645
16,435,0.0008559213920859317
16,436,0.005820324914152179
16,437,-0.02918154967048993
16,438,-0.035718860891858314
16,439,-0.03695799549475038
16,440,-0.014209070668651314
16,441,0.03162720535984668
16,442,-0.0440830036932461
16,443,-0.03702107312124098
16,444,-0.06259005525445821
16,445,0.020662656352354775
16,446,0.029616995965642372
16,447,-0.03204582464551341
16,448,0.00034559565310101427
16,449,-0.02006875590959579
16,450,-0.07608866789256134
16,451,0.017854490045619512
16,452,-0.014129553054250883
16,453,-0.009350061090155593
16,454,-0.032363538767916256
16,455,-0.07355144268947952
16,456,0.023191967102012566
16,457,0.024428601795667873
16,458,-0.052332804675174
16,459,0.030087198061675872
16,460,0.025207161578512487
16,461,-0.04396547565204899
16,462,-0.05088598199763551
16,463,0.015060529934181301
16,464,-0.021761856287935123
16,465,-0.03432218353424437
16,466,0.038616326709734514
16,467,-0.047891989396932975
16,468,0.027093882410597615
16,469,0.03378566958904019
16,470,0.04032251728454198
16,471,-0.04961343728110634
16,472,-0.014778308337300879
16,473,-0.002198984988807367
16,474,-0.019975079131423608
16,475,-0.070498039793846
16,476,0.02735483752720616
16,477,-0.023745906908346208
16,478,0.005814429593997044
16,479,0.03426427739476997
16,480,-0.054209112189310134
16,481,-0.045481787096964606
16,482,-0.020181795126587757
16,483,-0.08396116104027086
16,484,0.03661040643795011
16,485,-0.033451162931812314
16,486,-0.027173356669718436
16,487,-0.004984094915343413
16,488,0.0290967773149884
16,489,-0.04776437271673454
16,490,0.008671631243674507
16,491,-0.04049008838633141
16,492,0.01344104838664021
16,493,-0.04000001238838124
16,494,-0.03649000040111181
16,495,0.02513597087814766
16,496,-0.07093531141153968
16,497,-0.05138112301571063
16,498,-0.05895298088657932
16,499,-0.04402307983639471
18,1,-0.028603312383057085
18,2,0.027957505729658945
18,3,-0.04659314258988988
18,4,-0.017289625364249682
18,5,0.010895918153032204
18,6,-0.08148785344484269
18,7,-0.012448553180078958
18,8,-0.006432102568798002
18,9,-0.003715117830788205
18,10,-0.059720939678657145
18,11,0.026065601159062514
18,12,0.04400138034735244
18,13,0.026920307300544434
18,14,0.02990666284399528
18,15,-0.04579865683266237
18,16,-0.07090944842661506
18,17,-0.06488929633208206
18,18,-0.02697776140959695
18,19,-0.031356922920190614
18,20,0.037792331845572714
18,21,-0.04781943481552583
18,22,0.007288832001207647
18,23,0.023285214625147547
18,24,-0.02086041197884535
18,25,0.037701050480654724
18,26,-0.04099170773679621
18,27,-0.05216420315802041
18,28,-0.08483832089260161
18,29,-0.027079127558075487
18,30,-0.05898879066205671
18,31,-0.03777398464154718
18,32,-0.0007900664629789287
18,33,0.011737803207655311
18,34,0.01989433227588997
18,35,-0.019221665975982564
18,36,-0.019123549388075062
18,37,0.010247063984324664
18,38,-0.05140694864447041
18,39,-0.06818020143100173
18,40,0.026823256916636878
18,41,-0.04755362498671172
18,42,-0.034798425520230714
18,43,0.05229226086435357
18,44,-0.03416567754481158
18,45,0.028318736478690577
18,46,0.007078703342960559
18,47,-0.026616599487262818
18,48,0.006403063129319038
18,49,-0.0058771300952661
18,50,0.003495531633322938
18,51,0.017022114329644372
18,52,0.026646289484578253
18,53,0.01832822259041665
18,54,0.023800140691761795
18,55,-0.00603098060753194
18,56,-0.03161383697943336
18,57,-0.04635962280263042
18,58,0.03760464488108862
18,59,0.024755885199941756
18,60,-0.025106665095579798
18,61,0.028896689707511324
18,62,-0.06181521958340417
18,63,0.020019638754162163
18,64,-0.034383323825973415
18,65,0.003566531785195099
18,66,-0.05208440681019731
18,67,-0.011911842467362004
18,68,-0.034176565178414456
18,69,-0.016786820969205102
18,70,-0.013270580086804061
18,71,-0.0360387897790578
18,72,0.029146712794975167
18,73,-0.06197574217174632
18,74,-0.020175885998243725
18,75,-0.03805660731237248
18,76,-0.004826059104342047
18,77,-0.024018317048341346
18,78,0.0022012372190469615
18,79,-0.03116719815013525
18,80,-0.03811444864931138
18,81,0.040684422767312524
18,82,-0.0020163442328043004
18,83,-0.024001193002887923
18,84,-0.020211714614343988
18,85,-0.00384289177120778
18,86,-0.03855918683278677
18,87,-0.0159246927978789
18,88,0.03545732550042833
18,89,-0.0660657502956745
18,90,-0.04097547502517219
18,91,0.020875938801943605
18,92,-0.03132763019235676
18,93,-0.040933449638324876
18,94,-0.02445693208062702
18,95,-0.0355376025704963
18,96,-0.07777279006264685
18,97,-0.03511429310507224
18,98,-0.04902228959884904
18,99,-0.00907579131604012
18,100,-0.04922853545822671
18,101,0.02408644530386593
18,102,-0.006970777642595614
18,103,-0.05353739435685625
18,104,0.019833749242942397
18,105,0.04051353364321002
18,106,-0.03225751707085933
18,107,-0.06040492773849806
18,108,-0.0010601126772876314
18,109,-0.07360626673207353
18,110,0.004992069329570645
18,111,0.02186545706208485
18,112,0.017885640545267735
18,113,0.006669370627795621
18,114,0.044128123998493515
18,115,-0.01961381185407288
18,116,0.008789411044193327
18,117,-0.004838687804240374
18,118,-0.025156471477675538
18,119,-0.052997047221794505
18,120,-0.05658226307125689
18,121,-0.0007357895099879253
18,122,-0.0102207337235463
18,123,-0.016907392616353982
18,124,-0.05189939855195852
18,125,-0.02350665104202569
18,126,-0.010940032370382342
18,127,0.0004352337688430117
18,128,-0.04181352233866321
18,129,-0.0006742120246061662
18,130,0.036300993927311516
18,131,0.03198110112628186
18,132,0.012805644900033946
18,133,-0.03908992039324222
18,134,-0.05423725244569252
18,135,0.03687329252215817
18,136,0.038476435285034555
18,137,0.005255766129232905
18,138,-0.017029209379958485
18,139,0.027443412964677446
18,140,0.004009869594148984
18,141,0.041352502139122005
18,142,0.007323302812089187
18,143,-0.04157594014882265
18,144,0.0053005542032114545
18,145,-0.003067811145459108
18,146,-0.0798895467497769
18,147,0.00013305476632089752
18,148,0.05212290154065464
18,149,-0.05622603307771296
18,150,-0.048411502702410104
18,151,-0.009462889797010857
18,152,-0.010764892361447854
18,153,-0.01921997793144278
18,154,-0.026353974740002156
18,155,-0.0008664966976298171
18,156,-0.07060867333808227
18,157,0.055799256567672616
18,158,0.020641846099076003
18,159,-0.023230923922995576
18,160,0.00014208132892282895
18,161,-0.012331717314012098
18,162,0.00464826805974746
18,163,0.00659545036427165
18,164,0.03643923529554726
18,165,0.024129265097721536
18,166,-0.054332003582300684
18,167,-0.01811843063159854
18,168,-0.028166558322158038
18,169,-0.025913938148319028
18,170,-0.07207748953595075
18,171,-0.041737516128204144
18,172,-0.012792048586995949
18,173,-0.023051419963054976
18,174,-0.015697260855285014
18,175,-0.04713015903714839
18,176,-0.03430960257859386
18,177,-0.018731608302323264
18,178,-0.044130439003446376
18,179,-0.05383675577941367
18,180,-0.009997512828623052
18,181,-0.03298832285108391
18,182,0.035011080395342155
18,183,-0.07918121489844207
18,184,-0.022441459198798207
18,185,0.013837835370780554
18,186,-0.0031615731909876836
18,187,0.03407357662215599
18,188,-0.03259081635344494
18,189,-0.05697752873699012
18,190,-0.041195682996325776
18,191,0.015901833715634243
18,192,-0.03503201798470072
18,193,0.009779155924639585
18,194,-0.01821340293544006
18,195,0.03353471550561437
18,196,0.014490391190108056
18,197,-0.040800483274853236
18,198,0.02803818588238312
18,199,-0.03924299564115366
18,200,-0.06708276923097176
18,201,0.0048913252953548085
18,202,-0.028396180060446488
18,203,-0.0035465472280017964
18,204,-0.045642391066405066
18,205,-0.03698634429033768
18,206,-0.015656271763411642
18,207,0.009060627474985972
18,208,-0.00948117421225879
18,209,-0.02588164301056927
18,210,-0.03327693342131392
18,211,-0.05540640568416857
18,212,0.024396082945036066
18,213,0.013226652231775172
18,214,-0.018094234158526463
18,215,-0.06138203698866108
18,216,-0.011135265347618235
18,217,-0.0068263466679355945
18,218,-0.01866337785703071
18,219,-0.018376793456987058
18,220,-0.004951496033132958
18,221,-0.04860212593413556
18,222,-0.03433950293124645
18,223,0.007331372560578896
18,224,-0.021736133429576896
18,225,-0.02830701299145441
18,226,0.01849127677889321
18,227,-0.010789531481129747
18,228,0.04314538548156695
18,229,0.02229856213570572
18,230,0.030239395127501838
18,231,-0.017090628698409292
18,232,0.006857048497455148
18,233,0.032178205896511713
18,234,-0.003881949659981215
18,235,0.020442036868947407
18,236,0.032390096848989254
18,237,0.026097246500152355
18,238,0.0024719579881977444
18,239,-0.04639318405048365
18,240,0.015126195251736462
18,241,-0.019023407504976844
18,242,-0.03568537561865623
18,243,0.0013263733171051748
18,244,-0.04709069570849197
18,245,-0.01695251201137806
18,246,-0.06720166711064818
18,247,-0.037573978418931474
18,248,0.031150115859717692
18,249,0.03567153088474156
18,250,0.023281912217681958
18,251,-0.022747592376075862
18,252,0.026374916274461452
18,253,-0.045205001898628555
18,254,-0.01597059183413127
18,255,0.018097905840696194
18,256,0.04252959087838586
18,257,0.03364764306409821
18,258,0.03462824130125257
18,259,-0.018783941845245386
18,260,-0.015348640650904759
18,261,-0.028392802533872653
18,262,-0.023056026333877787
18,263,0.03849586250182537
18,264,-0.02795606413370791
18,265,0.008523110257741637
18,266,0.04013158490936749
18,267,-0.046296970822954954
18,268,-0.04307418054217554
18,269,0.033219457443876846
18,270,-0.0202027813748974
18,271,-0.014824156023977667
18,272,0.04662632445249419
18,273,-0.041646314400490415
18,274,-0.0029817578166367294
18,275,0.03754789259371857
18,276,-0.06282694105121141
18,277,0.024585060911373857
18,278,-0.04994680624133528
18,279,-0.0382557119505197
18,280,0.01200579998150813
18,281,0.033127994108921095
18,282,-0.03596301400677424
18,283,-0.028454214217962
18,284,-0.01862450706249577
18,285,-0.021402505783811383
18,286,0.030733209233486488
18,287,0.013667044037775331
18,288,-0.040520969639964655
18,289,-0.029287477744939328
18,290,-0.02078119585214786
18,291,0.015620341396920073
18,292,-0.053922099093939045
18,293,-0.0616588601660823
18,294,0.029019727199063722
18,295,-0.015215915000203521
18,296,-0.07139522103642834
18,297,-0.025663551016554587
18,298,0.029746087149680748
18,299,0.006192900790493869
18,300,0.029005075534933367
18,301,0.02503576571347381
18,302,-0.029128399309444858
18,303,-0.01070748999021932
18,304,0.020248767648794894
18,305,0.022014524225499557
18,306,0.007882146563174442
18,307,0.01159435336980042
18,308,-0.04658119553616833
18,309,-0.030959542039101378
18,310,-0.06375009054207738
18,311,-0.021013671640453698
18,312,-0.051428834145956254
18,313,-0.019943611093957377
18,314,-0.008636723867412944
18,315,0.022677271653417173
18,316,-0.05594900500384952
18,317,0.014667137533834357
18,318,0.00288332858408171
18,319,-0.048936452125712154
18,320,0.013843389989075895
18,321,0.02575866081425628
18,322,-0.027117818565131176
18,323,0.008699314957339294
18,324,-0.06053845335703574
18,325,0.027427585244609837
18,326,-0.02128043116626095
18,327,-0.025053332256997747
18,328,0.01031465387790302
18,329,-0.04881968999620143
18,330,0.009925800915734289
18,331,-0.022540301650591312
18,332,-0.031368416866371825
18,333,0.04900877336071263
18,334,-0.021698687779613833
18,335,-0.06676009963867083
18,336,-0.027272831323063223
18,337,0.037971213890054784
18,338,-0.04742154744788222
18,339,-0.019851461462303467
18,340,-0.06053431469419586
18,341,-0.04440574198483651
18,342,-0.06430311395520286
18,343,-0.002881190747118002
18,344,0.016452078423305892
18,345,0.025620127843118075
18,346,0.060664176965857276
18,347,-0.01501693021582757
18,348,-0.023195064540649988
18,349,0.0030003103366099556
18,350,0.03394373341770966
18,351,-0.02219834184729485
18,352,0.0037799122410599167
18,353,-0.042596096133863205
18,354,-0.04828306333840003
18,355,-0.04859961909675201
18,356,0.03337374778142992
18,357,-0.044064033627821575
18,358,-0.028536281806597463
18,359,-0.049063828583890155
18,360,-0.016379955422023557
18,361,0.030539542148597335
18,362,-0.005806924647513846
18,363,0.009234357699425636
18,364,0.01686457274134033
18,365,-0.025234379296493678
18,366,0.012332874840820351
18,367,0.0021936079827291114
18,368,0.03539789362454409
18,369,0.016435899262559606
18,370,-0.036250109337959295
18,371,-0.07376788324363054
18,372,0.015905799848139855
18,373,-0.02823138972617606
18,374,-0.009320100307871884
18,375,0.006779458038999798
18,376,-0.038872571951838186
18,377,0.025848047544596103
18,378,0.044847706230943085
18,379,0.02730788636993513
18,380,0.017006343900026064
18,381,0.008226243639153155
18,382,-0.07996039654812562
18,383,0.04306005806721874
18,384,-0.07994239866417537
18,385,-0.00893604297047769
18,386,-0.022507327967397368
18,387,0.0016685055470617863
18,388,-0.014850374683968949
18,389,-0.008432467618151047
18,390,-0.03657769264927518
18,391,-0.053157825890034094
18,392,0.021150765806177328
18,393,-0.018627513890265728
18,394,0.008397563850101453
18,395,0.039595304675151634
18,396,0.02567852055733923
18,397,0.032797531206370155
18,398,-0.01029220690314414
18,399,-0.0944322170330668
18,400,0.036212015570223965
18,401,0.013724015290770837
18,402,-0.03268049958421121
18,403,-0.018364469341417698
18,404,0.05491898652221101
18,405,-0.04175020791820202
18,406,0.03004069824433272
18,407,-0.03342708412254783
18,408,-0.07400647994823437
18,409,0.004194447053455902
18,410,-0.04265999320640723
18,411,0.04875414680664438
18,412,0.04743210315785838
18,413,-0.04916708804032844
18,414,-0.020355888684389246
18,415,0.0028117087301551833
18,416,-0.028539295904464645
18,417,-0.05113217007039774
18,418,-0.037357435659298735
18,419,-0.0007115935782791694
18,420,-0.04856596769101289
18,421,0.016994390306174757
18,422,-0.04671642482024898
18,423,0.00662217785025838
18,424,0.005538302643235879
18,425,-0.008911762502971786
18,426,-0.016000513418353166
18,427,-0.002475332958130618
18,428,-0.004175008812723787
18,429,-0.012263208563932284
18,430,0.023945017519545107
18,431,0.008015168999226925
18,432,-0.0035454871873863824
18,433,-0.012463993806840393
18,434,-0.08194987257590335
18,435,-0.05620945230279542
18,436,-0.0037292065736753066
18,437,0.019206897901364033
18,438,0.028530058339879382
18,439,-0.01111866598763862
18,440,-0.041531981502036325
18,441,-0.030806444547068153
18,442,0.004798238657551006
18,443,0.04322706501715885
18,444,-0.01935265815414622
18,445,0.00604949802299929
18,446,-0.013310181057683388
18,447,0.029220316053689428
18,448,-0.0027860929395143483
18,449,-0.060622546981789587
18,450,-0.03506765884313175
18,451,-0.00902835364596386
18,452,0.025052246626192886
18,453,-0.06767272583398816
18,454,-0.07586763313969141
18,455,-0.02751362186146848
18,456,-0.0270993642579068
18,457,0.021289508027948236
18,458,-0.028432710078561428
18,459,0.036599773619717516
18,460,-0.007801535228117827
18,461,0.012099617785061115
18,462,0.04675224990221222
18,463,-0.000602645549475988
18,464,0.04519224923677088
18,465,-0.04348981003874572
18,466,0.033403288124116214
18,467,-0.04269970086404078
18,468,0.007970776470421256
18,469,-0.025309939330308614
18,470,-0.017248836827066228
18,471,0.02128688460576232
18,472,-0.07543037404236144
18,473,-0.021206984549354914
18,474,-0.034543750039157106
18,475,-0.0837924581516501
18,476,-0.059271797814342046
18,477,-0.056909632203052965
18,478,0.03400780793675735
18,479,0.028980911951828586
18,480,-0.03181296674556939
18,481,-0.06084401165464734
18,482,-0.03544102157091018
18,483,-0.028916245972735857
18,484,-0.021101939040190514
18,485,-0.004442244983792511
18,486,-0.0754406000431477
18,487,0.03577735030875924
18,488,-0.007357901603467239
18,489,-0.042635357792908134
18,490,0.02352892413210275
18,491,0.0077749841499258196
18,492,-0.02874550474423572
18,493,-0.04457201352736315
18,494,-0.050012227928588913
18,495,-0.009496035258070945
18,496,-0.04248707482993197
18,497,-0.006953117577463718
18,498,0.028057490697896956
18,499,-0.008077952770335193
21,1,0.023459042648990066
21,2,0.03392517108992154
21,3,-0.03487635043859387
21,4,0.051722192978875446
21,5,0.006934887631866405
21,6,0.012768088936478683
21,7,-0.06979567052982896
21,8,0.0065989879403376426
21,9,0.019226875370515727
21,10,-0.06397181357507715
21,11,-0.04090276959355338
21,12,-0.02630680282942338
21,13,0.051072536479431066
21,14,0.025399482278658514
21,15,0.027217082024416545
21,16,-0.012388741617546214
21,17,0.014135468349529029
21,18,0.005903704172125704
21,19,0.03747148447487174
21,20,-0.01352855714007976
21,21,-0.03950110098390624
21,22,-0.021000795115735264
21,23,-0.028153449650435997
21,24,-0.02562500521327024
21,25,0.017031412924327027
21,26,0.03263761173029509
21,27,-0.06399370621838632
21,28,-0.03847983543575998
21,29,0.024072903664929902
21,30,-0.01197868739285432
21,31,-0.002483040476469274
21,32,0.008923630371497168
21,33,0.03107160146608341
21,34,0.0050113881616850224
21,35,-0.030403138231809054
21,36,-0.0022038653221818005
21,37,0.00370905508103135
21,38,-0.025205581102528612
21,39,0.03280565583949395
21,40,-0.04532432893572316
21,41,0.01888448006944945
21,42,0.0223554401613561
21,43,-0.016204755277385362
21,44,-0.06809002116955733
21,45,-0.031565485731105465
21,46,-0.03646298764236583
21,47,0.03841119093585704
21,48,-0.033145258164777494
21,49,-0.022173661972073704
21,50,-0.012507933660983567
21,51,-0.026177429540896864
21,52,-0.005264897491810233
21,53,0.0021833564710991497
21,54,0.03396807291716858
21,55,0.02392849214788238
21,56,-0.03805539676900569
21,57,0.04243315221499107
21,58,0.04783214603535566
21,59,0.04184392123602426
21,60,-0.02615595994344881
21,61,-0.02738948655827699
21,62,-0.04954095635824485
21,63,-0.030648117405375628
21,64,-0.007317021436856931
21,65,0.014949240613457116
21,66,0.030023412792591245
21,67,0.005478349160365003
21,68,-0.010282692804013178
21,69,0.002368991398310137
21,70,0.026981817208435344
21,71,0.02507578880290284
21,72,-0.06469859726576006
21,73,-0.034489938687558924
21,74,0.017660144649779653
21,75,-0.026232339976354543
21,76,-0.0490384676934575
21,77,-0.023674275015131255
21,78,0.04473550578938969
21,79,-0.05366882138072309
21,80,0.03622355119973961
21,81,-0.05630024548527661
21,82,-0.032389824470529856
21,83,0.02144755194704875
21,84,-0.0637373952359162
21,85,0.017390777481396804
21,86,-0.018581398272303717
21,87,-0.0042153025321409
21,88,-0.04075896369973088
21,89,-0.008581110729054344
21,90,-0.008069865488273304
21,91,-0.053577254314878635
21,92,0.03801270997441874
21,93,-0.02989627532140094
21,94,0.023249504195123116
21,95,0.03660928086513245
21,96,-0.05680275788284942
21,97,0.00674328826298388
21,98,-0.021658384923921612
21,99,-0.02324673053186015
21,100,-0.014930679537513498
21,101,-0.04052098811585573
21,102,0.02463861375108484
21,103,-0.0028622158281396896
21,104,-0.060132290674153696
21,105,-0.042693242061344235
21,106,0.020609752570043452
21,107,0.010729126549998034
21,108,-0.035244776354800604
21,109,-0.0474504932268681
21,110,-0.049295306601601384
21,111,0.0049532799471844685
21,112,0.04496304398749053
21,113,-0.022170830771261415
21,114,-0.026410176206860595
21,115,0.04513329835026592
21,116,-0.0332456909518786
21,117,-0.009049693164314402
21,118,0.026110463591656464
21,119,-0.019180610900627334
21,120,-0.07445599170786488
21,121,0.046635553199864725
21,122,0.016043993067265398
21,123,-0.012370356430574242
21,124,-0.026625149245820826
21,125,0.03302737471997117
21,126,-0.03896624576691413
21,127,0.015944689052442437
21,128,-0.025849082255911707
21,129,-0.01475279753244254
21,130,-0.02701578821502079
21,131,0.036907452159319946
21,132,-0.016643310686703616
21,133,-0.0022342372813763337
21,134,-0.026424025953460724
21,135,-0.04986489942445829
21,136,0.03668630046853349
21,137,-0.011554436640704841
21,138,-0.0017172657653290848
21,139,-0.0030869018406178756
21,140,0.0013508542415294764
21,141,-0.005009255924513854
21,142,0.030300267920065026
21,143,-0.02602987597005156
21,144,-0.024535472605060882
21,145,-0.031132041669881684
21,146,0.03831301209845109
21,147,-0.05947612078411434
21,148,-0.023886368821338592
21,149,-0.030387879779425416
21,150,0.010450919897579906
21,151,-0.05848485587024892
21,152,-0.024658736655805123
21,153,-0.006284550371232865
21,154,-0.017038423800871883
21,155,-0.027127407968273832
21,156,0.05258995989227774
21,157,-0.022887394851566933
21,158,-0.044943734609336906
21,159,-0.002416539284009157
21,160,-0.04356331240423445
21,161,-0.03440901884099689
21,162,-0.020174528711871653
21,163,-0.0333662848001815
21,164,-0.013475076170368833
21,165,-0.05744651453966882
21,166,-0.006295485509329112
21,167,-0.0016723629262996307
21,168,0.019579657309356
21,169,0.049189970959978936
21,170,-0.03101938660312248
21,171,-0.022261279759136155
21,172,0.023385411660589432
21,173,-0.005858469046413648
21,174,0.02921775430797091
21,175,0.010456897532974041
21,176,0.0021786528650988225
21,177,-0.0009404941286410844
21,178,-0.04298795444997928
21,179,-0.011646715346232198
21,180,0.008303586098822846
21,181,-0.019540977502321366
21,182,-0.01947581467807747
21,183,0.033936261006853166
21,184,-0.04490992656651542
21,185,-0.010424454296642651
21,186,-0.02912419810748896
21,187,-0.027276515592933592
21,188,0.027932258754681357
21,189,-0.039944878327007806
21,190,0.02050053408084122
21,191,-0.014043173947173441
21,192,-0.03338011442009613
21,193,0.01027793654394597
21,194,-0.021075769961717856
21,195,-0.06748748660863149
21,196,0.013022401622443369
21,197,-0.04908466750289484
21,198,0.01049083290361638
21,199,-0.09774051851963801
21,200,-0.007505923570916141
21,201,-0.013148906020310725
21,202,0.023498453195491015
21,203,0.040728588645551886
21,204,0.03940789156429114
21,205,0.04292442735977971
21,206,0.022202236448545656
21,207,-0.0917358664850657
21,208,0.01115311124959682
21,209,0.02945774532210742
21,210,0.023636747134721164
21,211,0.03931283726094571
21,212,-0.014040346231849049
21,213,0.015106553666725312
21,214,0.03770232530443973
21,215,-0.0363987656242077
21,216,0.04196107909943834
21,217,0.014337147178843577
21,218,0.03320196277151477
21,219,-0.03084542566443187
21,220,-0.027773948411702575
21,221,-0.03868101575975412
21,222,-0.03135646275482864
21,223,-0.032676016994174995
21,224,0.03260550671647934
21,225,-0.05400360214782272
21,226,-0.02493538279379111
21,227,-0.05741264960587771
21,228,0.01846354672256791
21,229,-0.036219056738291476
21,230,-0.03918012948927746
21,231,-0.06074702922537202
21,232,0.016189932397748116
21,233,0.018207095065071403
21,234,-0.02873425713870479
21,235,0.0445204072318647
21,236,0.029771049132468544
21,237,-0.02312452538695025
21,238,0.0490585044024164
21,239,-0.03508693275079803
21,240,-0.031366616184129746
21,241,0.048752562004562024
21,242,-0.018273701111061837
21,243,0.01806374903639472
21,244,-0.03422795752902016
21,245,0.01615219031790249
21,246,0.017481085152970186
21,247,-0.020818743364960982
21,248,-0.024990883955156615
21,249,-0.013783924908484225
21,250,0.015176095566960843
21,251,-0.010080832619595616
21,252,0.041947978879925345
21,253,0.01687071084575887
21,254,6.293059646795288e-05
21,255,-0.017701380782619687
21,256,-0.004948082663596161
21,257,-0.016038834372466976
21,258,-0.020931745550566445
21,259,-0.01851982972943513
21,260,0.0025860482490823906
21,261,0.025809185976953367
21,262,-0.01599419266103691
21,263,0.012450840532347105
21,264,0.0016010105048684501
21,265,-0.027829839704069048
21,266,-0.023725653798456002
21,267,-0.055355147039230154
21,268,-0.08049465142845898
21,269,-0.03634538986615066
21,270,0.029734877666347
21,271,-0.03628799362570411
21,272,-0.012729788538248849
21,273,-0.0666257168511112
21,274,-7.29560532254677e-05
21,275,-0.07313558919074228
21,276,0.009779245588177471
21,277,-0.03150822234985251
21,278,-0.022932296600112194
21,279,-0.03997521635491961
21,280,0.056366770108582126
21,281,-0.01592589893052875
21,282,-0.02877923795472757
21,283,-0.048866374086898604
21,284,0.03392366310946118
21,285,-0.011343998080387415
21,286,-0.03123165934822298
21,287,0.04421614973673083
21,288,0.010603608089318952
21,289,0.023501029612970018
21,290,0.044512487383146775
21,291,0.03505298273462687
21,292,-0.040282507861692046
21,293,0.029806625622903912
21,294,0.017124110174604985
21,295,-0.017160630482714656
21,296,-0.017609497425694967
21,297,-0.04515946212178002
21,298,-0.05861868975739628
21,299,-0.04877091521629534
21,300,-0.0002170503307095197
21,301,-0.025883237980019794
21,302,0.027322857265752155
21,303,0.0020301111343942984
21,304,0.026532048626718544
21,305,0.029822458894231383
21,306,-0.007138560342584361
21,307,-0.03331974988483835
21,308,-0.0437758209512025
21,309,-0.012881112688491915
21,310,0.011833851806928444
21,311,-0.009728298453246322
21,312,-0.0286541199645013
21,313,0.025022186663836384
21,314,-0.02392160407749764
21,315,-0.0721555454515115
21,316,-0.040960697022273
21,317,-0.018207333296297593
21,318,-0.02172581507789879
21,319,-0.0311178987113383
21,320,0.033744902107927396
21,321,0.024248580653602147
21,322,-0.03948100139869784
21,323,0.023507265626536194
21,324,-0.0222836102161207
21,325,-0.002213239369709951
21,326,0.007176412772798626
21,327,-0.02730909605302438
21,328,0.02553862493092577
21,329,0.01634714586302858
21,330,-0.049158531701450285
21,331,-0.004619388426534876
21,332,-0.02043167261581302
21,333,0.0012937754892281485
21,334,-0.004733788346635651
21,335,0.02365261465885887
21,336,-0.002661084682511779
21,337,-0.0668576187676768
21,338,-0.014958533853942194
21,339,0.0223923244574264
21,340,-0.053460772763657
21,341,0.028258630733977448
21,342,-0.02602023343192316
21,343,0.04387300981171671
21,344,0.03238638773599371
21,345,-0.05408184085818503
21,346,-0.044919207788262965
21,347,-0.018324139362087995
21,348,-0.06421742271361508
21,349,0.010638184612826649
21,350,0.019053613830619282
21,351,-0.045533859841315756
21,352,0.041573394319231224
21,353,-0.0314703851598507
21,354,-0.07555486258976457
21,355,-0.02218955286213521
21,356,-0.005536890851800783
21,357,0.017518530100154063
21,358,0.0394184413185568
21,359,-0.028400067355092394
21,360,-0.05718028422119122
21,361,-0.033092754712108555
21,362,0.0375437935069035
21,363,0.034561120555446
21,364,0.030413511084036542
21,365,-0.013000483145166707
21,366,-0.013768265520193758
21,367,-0.048051085798419525
21,368,0.03170534527073013
21,369,0.007703648600542092
21,370,-0.0055830442000906885
21,371,-0.025379736832215238
21,372,-0.06811832506428407
21,373,-0.021946847932831224
21,374,0.034432009969631645
21,375,-0.022418474105826678
21,376,-0.023092997249035407
21,377,-0.014083343450747824
21,378,0.013853429404251957
21,379,-0.06458587506405057
21,380,0.018171333330154422
21,381,-0.010912041129556346
21,382,0.027566935714346714
21,383,-0.03397527620031974
21,384,-0.006517287584509209
21,385,0.017827686490379257
21,386,0.03142300471263478
21,387,-0.02381757692228955
21,388,-0.02137208285352782
21,389,-0.03080841872328009
21,390,0.004099831601819328
21,391,0.0269860930503368
21,392,0.050514182669368315
21,393,-0.041810487797370365
21,394,-0.022487904097416706
21,395,-0.056674877807600554
21,396,-0.05571272536849039
21,397,-0.05531982728864924
21,398,0.026463501361211325
21,399,-0.014201049705945832
21,400,0.001250194989667204
21,401,0.019904501531944837
21,402,0.036889776551509636
21,403,-0.019835081842307322
21,404,0.006380950480546469
21,405,0.03095651113811398
21,406,-0.038709724299025416
21,407,-0.051707643103981245
21,408,0.04193093814653111
21,409,-0.026091914461050286
21,410,-0.015244173450296047
21,411,-0.036987461346133454
21,412,-0.008358344954511071
21,413,-0.04746371063842958
21,414,0.0447037632128738
21,415,-0.034089160004786394
21,416,-0.06090715592087686
21,417,-0.0402502846541589
21,418,-0.05086139766120868
21,419,0.0023919386959853415
21,420,0.017910456235070198
21,421,0.02501272323659159
21,422,0.017592273430434457
21,423,0.015730169840734016
21,424,-0.05060620561326008
21,425,-0.014212925425068029
21,426,-0.009686984190590683
21,427,0.02424026983384677
21,428,-0.061800465446192304
21,429,0.017338311208317112
21,430,0.04301105636437523
21,431,0.015521591773672391
21,432,-0.044824371782276794
21,433,-0.010976967330413511
21,434,-0.05046952451885301
21,435,-0.04352164958414533
21,436,0.025949836017690978
21,437,0.026720338819464794
21,438,0.03955818456694687
21,439,0.0007408208636713638
21,440,-0.021349038862294778
21,441,-0.026279034610361688
21,442,-0.04455606816432271
21,443,-0.04291956310727318
21,444,-0.06387330026484432
21,445,-0.02232330010227573
21,446,-0.01067828635454306
21,447,-0.05319615909012691
21,448,-0.03232382883672535
21,449,0.041728026446239345
21,450,0.00040762930452665293
21,451,0.020168512202577944
21,452,-0.06142616138016066
21,453,0.0034473201302127167
21,454,0.02035137875123102
21,455,-0.012066821541982393
21,456,-0.0048948422352681755
21,457,0.019934520835545783
21,458,0.022353092497722698
21,459,-0.0193631593101797
21,460,0.0052005207626211695
21,461,0.016928164048054025
21,462,-0.09174945575440044
21,463,-0.04209282094074033
21,464,0.020488565386510237
21,465,-0.016930826428192432
21,466,0.015737894721567385
21,467,0.02833954999949874
21,468,-0.02256118586269912
21,469,0.02444360930081308
21,470,-0.04339820712111058
21,471,0.03069735972537111
21,472,-0.018212236743277148
21,473,0.055959229788951355
21,474,0.02999273699228236
21,475,-0.06817552129804168
21,476,-0.03905707364911393
21,477,0.006496395721333537
21,478,-0.014561265336514796
21,479,-0.016312941176440835
21,480,0.005236069622121589
21,481,-0.010919806915610794
21,482,-0.043753496429154576
21,483,-0.04733265333506036
21,484,0.01521668851753531
21,485,-0.04642132892674436
21,486,-0.020386624938086025
21,487,-0.010659778043827447
21,488,0.029118900412627054
21,489,-0.0037413680969380332
21,490,0.002018659073487524
21,491,0.013790621209728515
21,492,0.04157348922226709
21,493,0.011743789450813032
21,494,-0.0812712174730546
21,495,0.034036593522364295
21,496,-0.01523852579949579
21,497,-0.029722512910286766
21,498,-0.02683479531825466
21,499,-0.025652397509849538
25,1,-0.017505849363209508
25,2,-0.014358652073019064
25,3,0.0026293415096637664
25,4,0.022306332500911782
25,5,0.016113202702087034
25,6,0.01575933761200441
25,7,-0.0609963791522112
25,8,0.022560586776472536
25,9,-0.02664705075030058
25,10,-0.025562475313675136
25,11,0.037059349131838774
25,12,0.015340033689203612
25,13,-0.01727038203220026
25,14,0.001928374959193512
25,15,-0.03126916193232617
25,16,-0.011538379238583621
25,17,-0.06407228261459025
25,18,-0.06088965753191937
25,19,0.0332725077473964
25,20,-0.04108844219504949
25,21,-0.014853932723550263
25,22,-0.002641210699522274
25,23,-0.007748113802319602
25,24,-0.035077567488137326
25,25,0.025171654210499765
25,26,-0.02713133636189934
25,27,0.030667424940191656
25,28,-0.07141643089592879
25,29,-0.012341988796493982
25,30,-0.007063918318003711
25,31,-0.023571067457503075
25,32,-0.019516864696224878
25,33,-0.02768176056514396
25,34,-0.01723381227329854
25,35,0.025539832742754245
25,36,-0.05609549570154026
25,37,-0.008141106967869126
25,38,0.03236315508322156
25,39,0.03409062689999607
25,40,-0.009045577905022976
25,41,0.030996656756259067
25,42,0.013592922313714216
25,43,-0.018901670294866914
25,44,0.04475214901063844
25,45,-0.08132139921520888
25,46,-0.02386458322006429
25,47,0.01095096290125693
25,48,-0.0151887560026015
25,49,0.019640804492502748
25,50,-0.059373477868449896
25,51,0.004054093912757138
25,52,-0.04675817486221476
25,53,0.004444471578284124
25,54,0.030008630355484806
25,55,-0.04674988262251695
25,56,0.040061538492409864
25,57,-0.00951132659133986
25,58,0.009044932972534002
25,59,-0.04645364004737895
25,60,-0.022109607729692043
25,61,-0.03689142639467971
25,62,-0.05979388188640929
25,63,-0.057067215459551394
25,64,-0.0472889973984999
25,65,-0.016100445093830264
25,66,0.0284268962738569
25,67,-0.05753075930215535
25,68,-0.025555892688170437
25,69,0.020147297800882008
25,70,-0.0034089324393191994
25,71,0.011756848761038382
25,72,-0.08558930231751805
25,73,0.010800878862121832
25,74,-0.030497935825999925
25,75,0.01603588458937456
25,76,0.02459070801054637
25,77,0.032655757217184465
25,78,0.04137136854498092
25,79,0.041010993300225104
25,80,0.003014817726005902
25,81,0.0019147646271021061
25,82,-0.034447621120108185
25,83,0.02234967483843812
25,84,-0.048706136550204636
25,85,-0.062040290845450256
25,86,-0.040675421929954034
25,87,0.03326411093343072
25,88,0.012121360308953498
25,89,0.008553893409564032
25,90,-0.016666614032771518
25,91,0.026636181954750218
25,92,-0.03411916387831203
25,93,0.023485664001890453
25,94,-0.0006695495502215613
25,95,0.00032470270185310266
25,96,0.0010921052942078787
25,97,-0.01600026092171934
25,98,-0.010965738689997296
25,99,-0.008417586968757867
25,100,-0.03304014002400124
25,101,-0.003922830886930991
25,102,-0.009419763370100706
25,103,0.005933575268885679
25,104,-0.01704820911662187
25,105,0.024312817353382876
25,106,0.0075966588887585295
25,107,0.006461749747592475
25,108,0.04054325385618699
25,109,-0.06513704082527327
25,110,0.00022246213881844127
25,111,0.027329581429128922
25,112,-0.02818086451307856
25,113,0.04545109443787896
25,114,0.010044613384247671
25,115,-0.05096847614587929
25,116,-0.05855214526495347
25,117,0.01949829954048427
25,118,0.036743620149612126
25,119,-0.06806045054115475
25,120,0.01813349212398372
25,121,-0.033584601306686265
25,122,-0.038279199792801644
25,123,-0.014749358266013759
25,124,-0.025841976239357214
25,125,-0.03293474580587822
25,126,0.008353059480942856
25,127,0.012660993710972667
25,128,-0.015697756233369938
25,129,0.012118137639487513
25,130,0.030412609956907324
25,131,-0.019446580654607908
25,132,-0.02448927249049386
25,133,0.025215030009001337
25,134,-0.01578733711265379
25,135,-0.02500297525793059
25,136,0.029400121885009015
25,137,-0.0002483066895184768
25,138,-0.06700702480549217
25,139,-0.042111727216030855
25,140,-0.0018751328059927227
25,141,0.010463675023055572
25,142,-0.03753085269196966
25,143,0.009767943892704927
25,144,0.025862668800843567
25,145,-0.03502222004939256
25,146,0.03044955395947664
25,147,-0.015021482735102506
25,148,0.017990423151821415
25,149,0.024690529176421405
25,150,-0.03276733089263892
25,151,-0.013214574338276195
25,152,-0.04783779010018669
25,153,0.018030627440982848
25,154,-0.04896678345605794
25,155,-0.02867408487195513
25,156,0.03638774881948108
25,157,-0.057392265850119355
25,158,0.024483465435883426
25,159,-0.012809143170286696
25,160,0.026851818776364177
25,161,-0.019379204615218422
25,162,0.017644363656781743
25,163,-0.034261101130599166
25,164,0.019483009576853227
25,165,0.018320866293381304
25,166,0.022297354182906057
25,167,0.007258351203421828
25,168,0.017029752085446916
25,169,-0.054659958462043495
25,170,-0.08086395291480054
25,171,0.013375214278894756
25,172,-0.0052630400016387266
25,173,0.004571270295794148
25,174,-0.01823702293068382
25,175,-0.02810854760086225
25,176,0.0037414231995622164
25,177,-0.047403268157308796
25,178,0.027277484078507105
25,179,-0.002114550267261436
25,180,-0.014235783419262614
25,181,-0.04221189181539232
25,182,0.04163734413303888
25,183,0.024075444881651264
25,184,-0.036129454608131766
25,185,-0.05825231278452302
25,186,-0.04978880188684074
25,187,0.02805612295084749
25,188,-0.007021316217457695
25,189,0.030614943123587385
25,190,-0.05179348268569192
25,191,0.023689086104889265
25,192,0.024677632041623748
25,193,-0.023239430604408678
25,194,-0.019058144213745378
25,195,-0.025075810330125632
25,196,-0.055039576642235404
25,197,-0.04733018528498806
25,198,0.0007655861350348633
25,199,0.016593482873144338
25,200,-0.027252111600758414
25,201,-0.012944819453106746
25,202,-0.02447392830599909
25,203,-0.06305854459205215
25,204,-0.04116280984555692
25,205,0.045199415204458845
25,206,0.016452859731602144
25,207,-0.044433619104863424
25,208,0.03986746005316291
25,209,0.01965886756823508
25,210,-0.023246610793633153
25,211,0.03215523827457471
25,212,-0.04697560067455822
25,213,0.03103367591319958
25,214,-0.011813123458753483
25,215,-0.0006786671114487838
25,216,0.015437171563396197
25,217,0.03404462310014792
25,218,-0.024240783786984087
25,219,0.0026890596799129724
25,220,-0.037299153044808304
25,221,-0.0064362382008460155
25,222,-0.041392810306832215
25,223,-0.029255934516760024
25,224,-0.009641603847766751
25,225,-0.03608902804381441
25,226,0.024295029280363187
25,227,-0.023229266578733827
25,228,0.009379198794556402
25,229,0.019151645306602055
25,230,-0.02499497894883858
25,231,0.014308719395207342
25,232,-0.06441636075453121
25,233,-0.008567433712044768
25,234,0.03147592339944972
25,235,-0.024725758028590936
25,236,0.014822913555433416
25,237,-0.045940257633911005
25,238,0.02812102410879363
25,239,0.043578370698140446
25,240,-0.07451065806614782
25,241,-0.03338226054651577
25,242,-0.019113676913621078
25,243,0.03281281991960004
25,244,0.02493302158931174
25,245,0.0204333984197303
25,246,0.0164156250856965
25,247,0.017876477739148293
25,248,-0.034692055492783425
25,249,0.032604698776884655
25,250,-0.045891546404315905
25,251,-0.03244004775140462
25,252,0.007330227608622018
25,253,0.039937286754678065
25,254,0.011166282955332537
25,255,0.04693914670200874
25,256,0.0169838067227782
25,257,-0.05336459519127101
25,258,-0.01686455884800302
25,259,-0.04563535329973778
25,260,-0.005192440997582933
25,261,0.004930652930404852
25,262,-0.04708252890920585
25,263,-0.015819671665848304
25,264,-0.0010857081828745756
25,265,-0.03211805389444449
25,266,-0.011532658490546714
25,267,-0.016313670522396316
25,268,-0.029489916857662744
25,269,0.01227345328145833
25,270,-0.02236493208582376
25,271,-0.008555881455607563
25,272,-0.012783019579170043
25,273,0.025988770153537438
25,274,-0.005944872753216434
25,275,0.03431506818564651
25,276,0.037101318983663506
25,277,-0.04524515259132535
25,278,0.015071926420510468
25,279,0.005671726919946072
25,280,0.038188816467890796
25,281,0.03677919385479258
25,282,-0.048844310162667014
25,283,-0.01777368757547024
25,284,-0.028847555783508692
25,285,-0.02037226524525865
25,286,0.03351035085979931
25,287,-0.017786597243389914
25,288,-0.02051399936615608
25,289,0.019605813866000334
25,290,0.01176045825668544
25,291,-0.002727139759505784
25,292,-0.025049679179572668
25,293,0.03287343604868421
25,294,0.03585572983860766
25,295,0.031742763318870895
25,296,-0.04028722776055931
25,297,-0.0715613510772194
25,298,-0.019562087994898014
25,299,-0.00634290305770374
25,300,0.05639166248512071
25,301,-0.04920644829769807
25,302,-0.025021914373930036
25,303,-0.022774114391351023
25,304,0.01857474297696177
25,305,-0.021606063554271356
25,306,0.0322827255197669
25,307,-0.015831487795120162
25,308,0.01272346383418342
25,309,0.03457301853747214
25,310,0.013053042883697167
25,311,-0.034463075799388045
25,312,-0.03601896935895828
25,313,0.026304070482703362
25,314,0.020864970610173762
25,315,-0.05203046086117761
25,316,0.046040366140925826
25,317,-0.0311902271867706
25,318,0.011705832317565099
25,319,0.03357773467798498
25,320,-0.04993956062073354
25,321,0.03417778960272491
25,322,-0.00029368728696893906
25,323,0.03065258783268051
25,324,-0.04344860297920818
25,325,-0.029429116265692935
25,326,0.036583552343032934
25,327,0.021201749776028112
25,328,-0.015374489945166036
25,329,0.00033397073557022615
25,330,-0.0263157537798773
25,331,0.03072493394111734
25,332,0.0006258226756841622
25,333,0.049025287272179204
25,334,0.044392168054508616
25,335,0.017962471652139423
25,336,-0.03116352120815439
25,337,-0.04867574622686475
25,338,-0.015619997161449857
25,339,-0.02562307066103751
25,340,0.013001826767823908
25,341,0.00871393634719655
25,342,-0.03300973520864453
25,343,-0.0020729764010869066
25,344,-0.02027697469219952
25,345,0.005085162341681008
25,346,0.025663702505484633
25,347,-0.017501682572108858
25,348,-0.0019960085117961216
25,349,-0.015022335524552587
25,350,0.006001278662877371
25,351,-0.04625745591085566
25,352,0.012581490069522505
25,353,0.02732084403658293
25,354,-0.03206369674111376
25,355,0.02396668815283437
25,356,-0.023019269365154756
25,357,-0.006667059051473316
25,358,-0.019360807062135308
25,359,-0.019017043504787126
25,360,-0.030098271314315576
25,361,-0.038632729700189876
25,362,0.01874189236629207
25,363,-0.03027775079651614
25,364,-0.011016874060594522
25,365,-0.004749049466399788
25,366,-0.05259407968915158
25,367,0.030245985523065046
25,368,3.6744801127445835e-05
25,369,0.03589982517933617
25,370,-0.0036897903580986424
25,371,0.036694663729210764
25,372,-0.040391493702178004
25,373,-0.0736965280100471
25,374,0.030470727187439588
25,375,0.008829909469793142
25,376,-0.05740074731689641
25,377,-0.013438472215737423
25,378,0.027661022208035544
25,379,-0.05387718962986296
25,380,-0.0030984687392832584
25,381,-0.016764386057771034
25,382,-0.012347590140108925
25,383,-0.010658105126442084
25,384,0.013876566528533104
25,385,-0.03577399183822752
25,386,-0.008250522656546279
25,387,-0.05967513202369216
25,388,-0.0479054841264549
25,389,-0.06044485250992976
25,390,0.006526440640566251
25,391,-0.018934782980312856
25,392,0.017988876246811756
25,393,-0.05167252720293431
25,394,-0.05501701427604446
25,395,0.028604595323336614
25,396,0.01371861726060199
25,397,-0.030850606661829805
25,398,-0.01209151317407511
25,399,0.02267100710883941
25,400,-0.03398484752750975
25,401,-0.04074210250330904
25,402,0.0030518571407584967
25,403,-0.011043248913331263
25,404,0.0315137320235374
25,405,-0.013188794320573257
25,406,-0.03930753860515025
25,407,-0.01453131879265346
25,408,-0.004369861309187683
25,409,-0.08158760174624799
25,410,-0.015097447182404373
25,411,-0.04878250564410123
25,412,-0.03830695601750113
25,413,0.011729644119745159
25,414,-0.046392507100562766
25,415,-0.008633349798002244
25,416,-0.020278643979027216
25,417,-0.023322071756459672
25,418,-0.04638337170539119
25,419,-0.012389770896790324
25,420,-0.011655221777122415
25,421,0.012898059710735632
25,422,-0.010081322209344027
25,423,0.01706195324710433
25,424,0.013215331877071648
25,425,-0.053919971557456495
25,426,0.010045112192958328
25,427,-0.03621813426385795
25,428,-0.03655842156568011
25,429,0.014277774134105272
25,430,-0.029697161235994207
25,431,-0.03226669279844182
25,432,-0.02705038600576254
25,433,-0.02312946339158064
25,434,-0.0031322420464475107
25,435,-0.05331825658170928
25,436,-0.04569363328876429
25,437,-0.04358134159301406
25,438,0.011324321777171482
25,439,0.012486222787588694
25,440,0.020165489175373096
25,441,0.00768872565841675
25,442,-0.030012665678949932
25,443,0.01979410397983538
25,444,-0.021065411200891903
25,445,-0.018880440272487815
25,446,0.00921615318883168
25,447,-0.026961283815382365
25,448,0.052946732641040134
25,449,0.0074676261394387025
25,450,-0.07196885203811776
25,451,0.029596129540199256
25,452,0.03602570725519737
25,453,-0.03394167242349348
25,454,0.04242936210429254
25,455,-0.05150291047385625
25,456,-0.04497149214849357
25,457,0.038369675020837817
25,458,-0.049435222023886616
25,459,-0.0536809855461082
25,460,-0.0668353580401125
25,461,-0.02364909584092182
25,462,-0.057251071413125035
25,463,0.03070128915653042
25,464,-0.06843771023341527
25,465,-0.02298842601059676
25,466,0.017313472960483724
25,467,-0.01510872467392833
25,468,0.021077329699006914
25,469,-0.0051176749552019
25,470,0.019152250119655784
25,471,-0.004606901784269881
25,472,-0.017022463496907298
25,473,-0.059872203292933426
25,474,-0.011706485292629056
25,475,0.036524484225208875
25,476,-0.03845201231321785
25,477,-0.034337484903119476
25,478,-0.05064725455655451
25,479,0.04658817257961844
25,480,-0.0015959541738542872
25,481,0.03268925539181615
25,482,-0.031178929468667044
25,483,0.019438499792787573
25,484,-0.0031630512560330637
25,485,-0.01589161915470472
25,486,0.008251591681426336
25,487,-0.02957066380673696
25,488,0.03190891017511757
25,489,-0.016420291691160747
25,490,-0.044865136979897996
25,491,-0.007634352993973061
25,492,0.022991352718681662
25,493,0.01021513625369143
25,494,-0.0066592369942794424
25,495,0.019911523568514916
25,496,0.0016379288760214774
25,497,0.00041743775679804675
25,498,0.013642255688463778
25,499,0.010718807244521315
30,1,-0.03741506293649061
30,2,-0.04385450556154488
30,3,0.029187668600819762
30,4,-0.009633777903288543
30,5,-0.016814761677732565
30,6,0.026655524277878852
30,7,0.006740045216577155
30,8,-0.011437210167570528
30,9,-0.032017047825722074
30,10,0.03034431677992681
30,11,-0.006781950570044662
30,12,-0.017779937506875548
30,13,-0.020595837260565193
30,14,-0.008915014946108822
30,15,-0.05196268341214778
30,16,-0.02425573145864738
30,17,-0.0005442630180604578
30,18,-0.03521299037770202
30,19,-0.02961637839632693
30,20,0.030050937818421202
30,21,0.007025079809104648
30,22,0.032512346048693276
30,23,-0.031093088603490814
30,24,-0.03457562347143158
30,25,0.024864680253002616
30,26,0.016354254302904162
30,27,0.029884016743829622
30,28,0.009017007655750182
30,29,0.03053884360456654
30,30,0.026042775681531127
30,31,0.016812298502810012
30,32,0.01303747829505927
30,33,-0.0021474260940329334
30,34,0.00550221081275196
30,35,0.02365878052755317
30,36,-0.027350391166430708
30,37,-0.015318255502383433
30,38,-0.06363387174531442
30,39,-0.0012601192307016421
30,40,-0.05389755020759762
30,41,-0.025645907643862143
30,42,0.0182906864019849
30,43,-0.06718853253731219
30,44,0.04148018233846355
30,45,-0.0005968143587626592
30,46,-0.025856738691041336
30,47,0.03248701254892357
30,48,-0.026643878779215084
30,49,-0.042967289812945356
30,50,0.005827241721596677
30,51,-0.04387649103216419
30,52,-0.02193636748425202
30,53,-0.05364722699459647
30,54,-0.02406069051052759
30,55,-0.02519534745803525
30,56,0.0015002278094345546
30,57,-0.003172520339649801
30,58,-0.0415437882979761
30,59,0.02241083898787807
30,60,-0.026707576925300996
30,61,-0.027556829065336425
30,62,-0.04522536275477453
30,63,-0.007487399599459468
30,64,0.05327317074687754
30,65,-0.024681861555434444
30,66,0.043417140167963324
30,67,-0.0002856876858795831
30,68,0.02163721684242823
30,69,0.0042277141996603165
30,70,-0.03125807114535523
30,71,0.026348453977269867
30,72,-0.05809471644204346
30,73,0.034191165827672974
30,74,-0.01729729552335781
30,75,0.027565300816114142
30,76,-0.049954701650190746
30,77,-0.03936334896798132
30,78,0.0006827003390781168
30,79,-0.00876564094228213
30,80,-0.04291656061135469
30,81,-0.06673524953666049
30,82,-0.002757336296438422
30,83,0.013577487718066227
30,84,-0.020524233877200468
30,85,-0.043262003790108465
30,86,0.00261650173150221
30,87,-0.025892464307842932
30,88,-0.001569727383665942
30,89,0.022340791424460833
30,90,-0.022353453092970807
30,91,-0.03712687378272966
30,92,-0.04928290891721667
30,93,-0.024217631660384025
30,94,-0.02891083356071277
30,95,-0.023577300799315627
30,96,-0.03322030378594949
30,97,0.0013304208979630196
30,98,0.026253627568900442
30,99,0.0033780549878371655
30,100,0.03215468572024671
30,101,-0.02302849648482826
30,102,0.01147107994091238
30,103,0.004044660949006139
30,104,0.01652450004775984
30,105,-0.040449511161270685
30,106,0.02115198145069106
30,107,0.041097564587635464
30,108,0.01685618619487727
30,109,0.02034405423441766
30,110,-0.03279820474919176
30,111,0.028548607092583268
30,112,-0.056519666173173305
30,113,-0.03280692636846662
30,114,-0.030451397057837
30,115,0.011679394717871248
30,116,-0.055249267243829524
30,117,-0.026680582210998862
30,118,-0.016660098055673617
30,119,0.030174087611461176
30,120,0.020397632189866982
30,121,0.004973924760385186
30,122,0.0331105588453018
30,123,-0.02971225343109095
30,124,0.006652725174782592
30,125,-0.020794767394258635
30,126,0.005798644613117256
30,127,-0.018738529477341417
30,128,-0.05196872275058564
30,129,-0.021514392465519415
30,130,0.03310106707997376
30,131,0.0002954971851162822
30,132,0.04017134126615735
30,133,-0.044139818358597725
30,134,0.007937195823164
30,135,-0.03578694382892654
30,136,-0.0488937480899397
30,137,0.041820147407285804
30,138,-0.020729852324554723
30,139,-0.02182728345525222
30,140,-0.03613960555647681
30,141,-0.040030303568688586
30,142,0.015501382392252794
30,143,-0.0008322501178103645
30,144,0.028524906362043034
30,145,0.02658198888090841
30,146,-0.04003256305085148
30,147,0.026937253637810004
30,148,-0.019803650033418482
30,149,0.03227019028041451
30,150,0.026603727984571487
30,151,-0.03218485162352643
30,152,-0.02996594206225304
30,153,-0.020735721955726302
30,154,0.006390460703592095
30,155,-0.03463740936700002
30,156,-0.02674360688949049
30,157,-0.04687726049639489
30,158,0.008178328148393066
30,159,-0.040223539422969835
30,160,0.024780643738039242
30,161,0.02815766040352022
30,162,-0.06492006950195954
30,163,-0.005659936921760075
30,164,-0.017884484885793597
30,165,-0.009951258308341005
30,166,0.03818495953082481
30,167,-0.019148976884692356
30,168,-0.009193786451310046
30,169,0.02418128886348941
30,170,-0.0127332111571848
30,171,0.022807996483943143
30,172,0.0308657666225958
30,173,0.01783297039257079
30,174,-0.02605461574546968
30,175,-0.041769140148983544
30,176,0.03360720244715183
30,177,0.0041558833696369955
30,178,-0.00814393250815092
30,179,0.0332794047990292
30,180,0.025165912043216446
30,181,0.01931689272309891
30,182,0.04319561021944458
30,183,0.02435737189083265
30,184,-0.004479857758213672
30,185,-0.01866228572645862
30,186,-0.0006081341138093779
30,187,0.03260174610183235
30,188,-0.028111766102388167
30,189,-0.007101066299874682
30,190,0.020036029121450596
30,191,0.019298464142197082
30,192,0.013347067159836823
30,193,0.02626028799599529
30,194,0.014182703657881794
30,195,0.02331169677381508
30,196,-0.06302674942280291
30,197,-0.005763209624467979
30,198,-0.05837746030871076
30,199,0.025963011749860723
30,200,0.033541502852559385
30,201,-0.019383621319634826
30,202,-0.03349361192616458
30,203,-0.01872108988235855
30,204,-0.02314510720780189
30,205,-0.0015537357298524444
30,206,-0.006710634327638783
30,207,0.01834801474869388
30,208,0.007478472313190852
30,209,-0.05757818347271426
30,210,-0.03529997823664929
30,211,-0.04429987037918629
30,212,0.038173121548643926
30,213,-0.012316374869336054
30,214,-0.04631162595446321
30,215,-0.03943892501200364
30,216,-0.005975029756110312
30,217,-0.007166438572293439
30,218,0.019537838526697777
30,219,0.006037360079893555
30,220,-0.047405776460727335
30,221,0.02561961104160592
30,222,-0.032532527082001404
30,223,0.05773348625634433
30,224,0.015859473357073044
30,225,8.697394695131769e-05
30,226,-0.020982326413249555
30,227,0.008362535621302944
30,228,-0.07218030653328755
30,229,0.017520939973557872
30,230,-0.009611078578250404
30,231,-0.011255836315055766
30,232,0.009788903607857542
30,233,0.007079543063587519
30,234,0.02242348631602673
30,235,-0.06983840525646866
30,236,0.02031726278355714
30,237,0.03697382619251586
30,238,-0.020852718080150413
30,239,-0.02819362277959481
30,240,-0.05200097864651275
30,241,-0.040904749493390395
30,242,0.01441647441777858
30,243,-0.028326088585741815
30,244,0.023603773360926658
30,245,-0.023991925774986697
30,246,0.008115248982166243
30,247,0.0012347771852174703
30,248,0.009641151775492629
30,249,0.047017492682196925
30,250,0.010905052035622856
30,251,-0.04555796418493948
30,252,-0.023956953820735857
30,253,-0.018923492194601647
30,254,0.010789388716476363
30,255,-0.011623796152117704
30,256,-0.04850537083968636
30,257,0.0016425571827580797
30,258,0.007357358101655749
30,259,-0.023825508913379343
30,260,0.018916647103216055
30,261,0.01504570742543719
30,262,0.02234118621920778
30,263,-0.010693991772344714
30,264,0.031203187316519863
30,265,0.030538703417160112
30,266,-0.004472695477188604
30,267,-0.04593409006555705
30,268,0.04184241886308023
30,269,-0.022168649648823275
30,270,0.0076174354983376755
30,271,0.02360610463280752
30,272,0.008735217896634999
30,273,0.008396864156356062
30,274,-0.0200438005026517
30,275,0.011292308921468902
30,276,0.02432211718723982
30,277,-0.030380063486705317
30,278,-0.011102693361734342
30,279,-0.03720472464819221
30,280,0.005114766495650021
30,281,-0.04992894223388504
30,282,-0.019443584132422954
30,283,-0.012522746463979854
30,284,-0.01930054668994049
30,285,-0.0013190714676958562
30,286,-0.033038524397772155
30,287,0.02451841858511474
30,288,0.0005464574578231281
30,289,0.005919925807733322
30,290,-0.032325316899372465
30,291,-0.05980481147884275
30,292,-0.05620755287601044
30,293,-0.006126801935547691
30,294,-0.03775506178917404
30,295,0.0172747034830444
30,296,0.015451597518528148
30,297,0.026746697556970594
30,298,0.018622955155476077
30,299,-0.035378336340278024
30,300,-0.01657020635477386
30,301,0.014844026514785025
30,302,0.03768656001387101
30,303,-0.03925297104969898
30,304,-0.023305032307413407
30,305,0.014938486022997872
30,306,-0.06402299219785254
30,307,-0.04245534473435056
30,308,0.026220929689500308
30,309,0.026297592284757806
30,310,-0.0469499385835608
30,311,0.03305634485473035
30,312,-0.010818764751751572
30,313,-0.02606917400113853
30,314,0.010498907371139728
30,315,-0.011827069945435647
30,316,-0.0415989817062382
30,317,0.03674892254015191
30,318,0.0026269935541145986
30,319,0.03258656236410538
30,320,0.01803952707159464
30,321,-0.00741802045403378
30,322,0.02517299086740628
30,323,0.028269097351954087
30,324,-0.023747191390012932
30,325,-0.020617889077738743
30,326,-0.019312580916321757
30,327,0.047732287087088036
30,328,0.00880421114483147
30,329,-0.05297199463350011
30,330,-0.010877896039832385
30,331,0.005346936828118918
30,332,-0.006534133585032918
30,333,-0.005526556249925746
30,334,0.018900806497278835
30,335,0.008653034192151462
30,336,-0.04652655234574573
30,337,0.012222405585157019
30,338,-0.002296604725829124
30,339,-0.0013768333048745436
30,340,-0.019716632919780694
30,341,-0.06471402739863438
30,342,0.000683231586446241
30,343,-0.03956832401482353
30,344,0.03176204698069223
30,345,0.04412767247296504
30,346,-0.0320057543316481
30,347,-0.030255071717619483
30,348,-0.047757517301976186
30,349,-0.06396666175684344
30,350,-0.016910940443862894
30,351,-0.009401180569788562
30,352,0.05236731489516965
30,353,-0.010604349503144936
30,354,-0.025651645169431848
30,355,-0.0034993349415553265
30,356,-0.02140064855283026
30,357,-0.011607614526791028
30,358,-0.03156016053565097
30,359,0.024794036291104382
30,360,-0.024306191036825252
30,361,-0.01193581527537291
30,362,-0.04873160976850523
30,363,0.017454287977494792
30,364,-0.018074265429341194
30,365,-0.013453206635473803
30,366,-0.030234275180977814
30,367,0.02678955906582699
30,368,0.03272400136395832
30,369,-0.010402458289743339
30,370,0.029013799698168787
30,371,0.014586985918248432
30,372,0.01671567753457451
30,373,-0.02044628108370485
30,374,-0.0029951393283929517
30,375,0.033045224786363445
30,376,0.010878748014763608
30,377,0.0165717216158937
30,378,-0.02263511134918367
30,379,-0.035161612711564344
30,380,-0.020572712309514192
30,381,-0.03480949000017466
30,382,-0.0057718291353107245
30,383,-0.02398004289894815
30,384,0.020539627934608572
30,385,-0.027983370492694892
30,386,0.00558698918011667
30,387,-0.0033900019613218135
30,388,-0.012371259128987141
30,389,0.004153652567257826
30,390,-0.02346380737210785
30,391,-0.025712982522561448
30,392,0.01752020454835887
30,393,-0.07181564804955656
30,394,0.0247309948070669
30,395,-0.0018409918514004629
30,396,-0.039937299182233925
30,397,0.022223028528563567
30,398,0.013240040090338818
30,399,0.02038218083768757
30,400,-0.04862100573512751
30,401,-0.021089984246901988
30,402,0.01635383432499092
30,403,-0.0044639446011986526
30,404,-0.002850502885573177
30,405,0.022478534817047615
30,406,-0.03205299357470881
30,407,0.038292427691753936
30,408,0.017337113102037505
30,409,-0.058942326240398184
30,410,0.0006975895417414756
30,411,0.0002997019933277125
30,412,-0.0518128684942257
30,413,-0.04044085539561204
30,414,-0.02295698455887706
30,415,-0.007238034731024563
30,416,-0.010435700941334008
30,417,-0.05323074480036118
30,418,-0.054572853506294254
30,419,0.030466900199089007
30,420,-0.012512521261781576
30,421,-0.0410744791965455
30,422,0.002642993317297804
30,423,-0.05292518056131834
30,424,-0.020648580557041996
30,425,0.04067275017306411
30,426,0.013500787398004248
30,427,0.007308325008445226
30,428,0.014450197997684038
30,429,-0.012168043594745192
30,430,-0.026554522100212228
30,431,0.006173476808790211
30,432,0.008468464298396242
30,433,-0.025880919918389585
30,434,-0.04773277809866838
30,435,-0.034013446190024964
30,436,0.04085348293424699
30,437,-0.022264470735980663
30,438,-0.02481093432523347
30,439,-0.036270675903657165
30,440,0.02659466471422617
30,441,0.009344052821023283
30,442,-0.08308377806553502
30,443,-0.04395171831382967
30,444,-0.03928861503199038
30,445,-0.013377258943188784
30,446,0.021568573670188256
30,447,-0.030219378941450895
30,448,0.0033333375642713068
30,449,0.017760240637984828
30,450,-0.03767237426549927
30,451,0.03173086414902677
30,452,-0.0523267291606972
30,453,0.009139556768835117
30,454,0.0014206932883026088
30,455,-0.006438143443397548
30,456,-0.05488351550117049
30,457,-0.0388281205709443
30,458,0.022059632406484186
30,459,-0.04865695548480981
30,460,0.029303831932807757
30,461,-0.013354692713464343
30,462,0.045729690184722005
30,463,-0.012970380414649143
30,464,0.0015310798887585224
30,465,0.013615094681501395
30,466,-0.03167288123547471
30,467,-0.01790307481015299
30,468,-0.050151223131141974
30,469,0.023026268163465907
30,470,0.044007295146243755
30,471,-0.03865972445588697
30,472,-0.0477139112217321
30,473,-0.02661558863691987
30,474,0.036935071758560804
30,475,-0.017661676062806064
30,476,-0.06107114141936541
30,477,0.034569360969406444
30,478,-0.010344160128894341
30,479,-0.012421645286956051
30,480,-0.019259773406420953
30,481,-0.030941770242248024
30,482,0.038426720842008884
30,483,0.00282432132093827
30,484,0.01810216658467971
30,485,0.03176434146688589
30,486,-0.009583417560695317
30,487,-0.05599357983882212
30,488,0.020156796379534277
30,489,0.005390367897834894
30,490,0.007116700598748023
30,491,-0.07154113629363504
30,492,-0.035126389097077
30,493,0.017261983650702233
30,494,-0.0385184271705884
30,495,-0.06936940155283795
30,496,0.011316658184596937
30,497,0.008671361894303264
30,498,0.02986441960806839
30,499,0.027686615486072107
40,1,0.006633887700721466
40,2,-0.0032317082464067563
40,3,-0.029165807865216168
40,4,0.0021895413195041295
40,5,-0.03447299595734804
40,6,-0.00564644668030797
40,7,0.02208932795931589
40,8,-0.0012094795022930972
40,9,0.021571042807156767
40,10,0.0032990059923890423
40,11,-0.019188082840290607
40,12,-0.03580455295702075
40,13,-0.024533867728892735
40,14,-0.02226765540870166
40,15,0.0031133950062160443
40,16,0.010814624543201182
40,17,-0.0017632174597066194
40,18,0.01568109083212024
40,19,0.023323174747777283
40,20,-0.012603809176517978
40,21,0.0005879984458908204
40,22,0.014918777897601057
40,23,-0.004498921084696602
40,24,-0.02113955727153686
40,25,0.01201595693641057
40,26,0.018229822321316144
40,27,0.01310778813681507
40,28,0.02321019397157977
40,29,0.027259628492687222
40,30,-0.06753265917371873
40,31,0.025254681311470333
40,32,0.049303085969447234
40,33,0.01898200274724693
40,34,-0.01142987792463603
40,35,0.022315372239020664
40,36,0.005581123708823186
40,37,-0.016495481507806595
40,38,0.008174984751094058
40,39,-0.02704038961796674
40,40,0.03600205903199936
40,41,0.014445094900623573
40,42,-0.004458987141577853
40,43,-0.007264246596125052
40,44,-0.03670373435613623
40,45,-0.005909826065135847
40,46,-0.006443986666222191
40,47,0.007929962606320753
40,48,0.033025753269613496
40,49,-0.023593620593186305
40,50,0.00330185472934488
40,51,-0.0240131481909344
40,52,0.000862433473532525
40,53,0.017903192354426924
40,54,-0.009230213780289435
40,55,0.005577544240012239
40,56,0.024003578719268455
40,57,0.011927600132926123
40,58,-0.006140545064120788
40,59,-0.04431473298473081
40,60,-0.022992465160784157
40,61,0.0005537610344611264
40,62,0.021153148226821485
40,63,0.022953025709826706
40,64,0.027733842701003843
40,65,-0.0012973757574736226
40,66,-0.030666754388305812
40,67,6.140948006142393e-05
40,68,-0.03133682892947557
40,69,0.02759025799817751
40,70,-0.01961727002960402
40,71,-0.05739077025112829
40,72,0.023601340385629534
40,73,-0.023703491946157174
40,74,0.03759091646229067
40,75,-0.0045337661249067645
40,76,0.028580614625492468
40,77,0.026931061306052915
40,78,-0.016452388410863505
40,79,0.024696417562379423
40,80,-0.041153219640184514
40,81,-0.05286005444069605
40,82,-0.011793209369570666
40,83,-0.022725938384910032
40,84,0.0033772063335107965
40,85,-0.04164136130352554
40,86,-0.004178007615962126
40,87,-0.05691104243158164
40,88,0.013428929707138474
40,89,-0.019115530267011394
40,90,-0.05512763542921905
40,91,-0.0463163126647186
40,92,0.05198621578957135
40,93,0.014377100028203148
40,94,0.0401747475454319
40,95,0.005591586478517448
40,96,-0.014929627417607292
40,97,0.03019901723932863
40,98,0.03900419803132626
40,99,-0.03799561364600747
40,100,-0.0558287515892622
40,101,-0.021464319548748303
40,102,-0.027867848002723673
40,103,0.012591660222342873
40,104,-0.009732092575558913
40,105,0.03422738672633893
40,106,0.02620795231738015
40,107,0.015733823808629345
40,108,0.01164010728745063
40,109,-0.027083492739000826
40,110,-0.005919184152380446
40,111,0.007891296710985922
40,112,0.021889482049029515
40,113,-0.02905862880502081
40,114,0.012219493581220755
40,115,0.020777045379513744
40,116,0.025292099246558394
40,117,-0.025645920618344573
40,118,0.013205152245508736
40,119,-0.02218509851815648
40,120,-0.01720528251443801
40,121,-0.01265971265149471
40,122,0.007861648081706503
40,123,-0.049105066916194644
40,124,-0.03103983103679977
40,125,-0.033844652023143434
40,126,0.04628758059207225
40,127,0.0065733927897214115
40,128,0.010767880396904888
40,129,-0.00037544491081877485
40,130,-0.027255145782048386
40,131,-0.01741230343320752
40,132,-0.007895832651966132
40,133,-0.017164891810006976
40,134,0.02181944810314856
40,135,-0.01338159019339985
40,136,-0.019545708383734664
40,137,0.016573081096618827
40,138,0.0005334693343139387
40,139,0.03080581339663667
40,140,0.00421463973251806
40,141,-0.020842711141968874
40,142,-0.017345229008515
40,143,-0.02345197773720967
40,144,-0.053288478251751106
40,145,-0.007222596104979451
40,146,-0.03529546932419674
40,147,-0.047925492955547766
40,148,0.016939712634419853
40,149,-0.011573204694500589
40,150,0.04238461098000877
40,151,0.017582693214542346
40,152,0.02322153523361955
40,153,-0.00633638764804235
40,154,-0.037919667207996846
40,155,-0.007899432956398925
40,156,-0.04135396666878027
40,157,0.00037952727385981997
40,158,-0.01563097892095772
40,159,-0.0327215598771842
40,160,0.030736746654812644
40,161,-0.05069473069495595
40,162,0.01658562672645422
40,163,0.0029654614001688204
40,164,0.024156639534421008
40,165,0.008637196811430404
40,166,-0.05844517232246814
40,167,-0.03557614772774558
40,168,-0.03446544813396834
40,169,-0.01684653067368345
40,170,-0.007528729775324535
40,171,-0.03714807627489157
40,172,0.014244519799883077
40,173,-0.008973531506934198
40,174,0.03373490129962705
40,175,0.00871700204896643
40,176,0.019287403372554784
40,177,0.015576608608566493
40,178,0.011183115532696828
40,179,-0.04576595354694151
40,180,0.004970421599475194
40,181,-0.001345033675670868
40,182,-0.0399279618291424
40,183,0.02831649423242555
40,184,5.225066362295077e-05
40,185,0.021160399107845604
40,186,-0.0049452211821866855
40,187,0.021010696854618486
40,188,0.022608662063202944
40,189,0.01165621734576139
40,190,0.032514159397375175
40,191,0.003667854100930228
40,192,0.008836980241560167
40,193,-0.026264684376735747
40,194,0.01952247250938871
40,195,0.006328823951740827
40,196,0.019362954192632866
40,197,-0.02130156964222731
40,198,-0.0017113543026697645
40,199,0.028424389610076237
40,200,-0.022473838154745913
40,201,-0.011601479277886236
40,202,-0.005160860637725353
40,203,-0.0017190208769338868
40,204,0.02423703047399021
40,205,0.011310521658505846
40,206,0.03500505933653193
40,207,0.01826865623146726
40,208,0.030860791468592042
40,209,0.007860203152371457
40,210,-0.01785026571079517
40,211,0.021762365738191094
40,212,-0.0027664199368471224
40,213,-0.019915015650544925
40,214,0.027066498997525317
40,215,0.007430697415225813
40,216,-0.0029701810352507794
40,217,0.023412508527108904
40,218,-0.045040240871518866
40,219,-0.03215801838876153
40,220,0.0022401680909985263
40,221,0.0075201173720456475
40,222,0.028594205985966466
40,223,0.015166028949133572
40,224,-0.027305330817602537
40,225,-0.00673159500393335
40,226,0.025094594198543277
40,227,0.010002052781067177
40,228,-0.016949312914589284
40,229,0.009213982996548676
40,230,0.009807687994843387
40,231,-0.029073812411762105
40,232,0.04307053978902729
40,233,-0.006771511258212894
40,234,0.01636176627266491
40,235,-0.017881449006484442
40,236,0.02544126810966365
40,237,-0.008727979082021074
40,238,0.026713606138835787
40,239,0.020227018976607884
40,240,-0.03803229377765209
40,241,0.008007905959566327
40,242,-0.007819275549129843
40,243,-0.03429351163240632
40,244,0.024572875766170732
40,245,-0.0014667093927077512
40,246,0.004242326203448938
40,247,-0.004025555202913303
40,248,-0.01051767135836237
40,249,-0.0552922787593172
40,250,-0.0206877637307499
40,251,0.005353572277575284
40,252,0.05456861451015698
40,253,-0.010142241067390523
40,254,0.01859041611709585
40,255,0.01776471750747202
40,256,-0.014869135040930648
40,257,0.034567878451617066
40,258,-0.02948400063028271
40,259,-0.016598183171365397
40,260,0.00416284950282497
40,261,-0.03345376708179945
40,262,0.015877356300613165
40,263,-0.025508416280259263
40,264,-0.019278337169377064
40,265,0.0005537331104746288
40,266,-0.0066133200081987175
40,267,0.004116387366415169
40,268,-0.017292788302587597
40,269,-0.019124293963927484
40,270,0.00867826547831497
40,271,0.01931879800409772
40,272,-0.0081543676180051
40,273,-0.03158885090314791
40,274,0.016568747189176492
40,275,-0.03172847746741802
40,276,-0.03685980231844211
40,277,-0.03436388570614534
40,278,0.02834537663044683
40,279,0.013591127649977134
40,280,0.0014363109241842737
40,281,0.02644775366882699
40,282,-0.02038760742822497
40,283,-0.05779404344185143
40,284,-0.0347621660365806
40,285,0.00034960476982616196
40,286,-0.033645610652058455
40,287,0.01208925239313029
40,288,0.019446799842229617
40,289,-0.027428375572417136
40,290,0.0336576238312262
40,291,-0.042345668312459596
40,292,-0.016904973941572178
40,293,-0.030080085256638914
40,294,-0.04059918943825632
40,295,0.04580165833830341
40,296,-0.05388799577473578
40,297,0.0018928712903443507
40,298,0.025310566391710393
40,299,0.0355362795843747
40,300,0.003996191184149568
40,301,-0.027755715401045343
40,302,-0.004938675583936473
40,303,0.004224925024507841
40,304,-0.04811293476648023
40,305,-0.03626190811284273
40,306,0.0054746284318022715
40,307,-0.0680277293831629
40,308,0.016399818248816707
40,309,0.018976543823865967
40,310,0.005575058833173158
40,311,-0.017767982144429227
40,312,-0.01624399053173084
40,313,0.013243495440815779
40,314,-0.038909647946083745
40,315,0.008885236147156774
40,316,-0.04483953846987869
40,317,-0.05084008819584353
40,318,-0.02914196958676727
40,319,-0.006020127495972187
40,320,-0.04931466466986578
40,321,-0.03446244043207898
40,322,0.02076458984241967
40,323,0.042840661060347084
40,324,-0.04546882128670977
40,325,-0.034025888896495625
40,326,-0.01265405734251674
40,327,-0.013164041878095311
40,328,-0.016245434895804385
40,329,-0.03578063578554977
40,330,-0.042505141716014556
40,331,-0.01603554842568552
40,332,0.008032383489135667
40,333,0.02568307376404055
40,334,0.005749454020529049
40,335,0.011182016377111002
40,336,-0.01100314245858078
40,337,0.038970980178088636
40,338,-0.014966316820013826
40,339,-0.017222443791629908
40,340,0.020267286715501574
40,341,-0.05353002535688787
40,342,-0.0016188199601771592
40,343,-0.03294190775953794
40,344,0.05211719767965466
40,345,0.018404811869026833
40,346,-0.03854888558109854
40,347,-0.007396037686665552
40,348,-0.026918621775617067
40,349,0.007714584241712478
40,350,-0.0009598552116940552
40,351,0.017369123407158377
40,352,-0.03293099186094678
40,353,0.005213956310911007
40,354,-0.014299389206305559
40,355,-0.009399581266639515
40,356,-0.03974401836032113
40,357,-0.038680005451553805
40,358,0.02880416057164648
40,359,-0.024429366635319034
40,360,-0.041015261763372675
40,361,-0.039741354201154336
40,362,0.025081625172070673
40,363,-0.015697510062966255
40,364,-0.0008243460409112866
40,365,-0.02894999826370537
40,366,0.026165419939043793
40,367,0.004769533297448934
40,368,-0.017495409239519553
40,369,0.015202247555587621
40,370,-0.01251417519596238
40,371,-0.021950548509908872
40,372,0.021088218251985445
40,373,0.02129684669340919
40,374,0.004234926576147353
40,375,-0.030244036917376795
40,376,0.017837403944259506
40,377,-0.01946694566517674
40,378,-0.03449211309055939
40,379,0.029207841882261942
40,380,-0.019880088096628154
40,381,0.004652522522087119
40,382,-0.015453652767913465
40,383,0.012265852635888183
40,384,0.030851607724280774
40,385,0.024003107347999236
40,386,0.0181683942258887
40,387,0.013822120681503333
40,388,-0.010198399009503532
40,389,-0.025792256295057707
40,390,0.026006083039232974
40,391,-0.022420372546629593
40,392,-0.028996220144667358
40,393,0.0030387462570989044
40,394,-0.029226601683611457
40,395,0.0032930902939915423
40,396,0.0037482987203276957
40,397,0.04365204470535843
40,398,-0.009641536355920232
40,399,0.025796117349981083
40,400,0.018034658288886576
40,401,-0.0058092383621859214
40,402,-0.016228322038945458
40,403,-0.031965792152998426
40,404,-0.013778163628828787
40,405,-0.0058119324078757285
40,406,-0.028633912715699452
40,407,-0.07057242962726606
40,408,0.006901188752218175
40,409,-0.0008326811154140909
40,410,0.0023265725138126594
40,411,0.048707382910351954
40,412,-0.012948696752777343
40,413,0.011904123988028703
40,414,-0.044121578240861326
40,415,-0.015469438988480645
40,416,0.03442335418505058
40,417,0.008201060355510032
40,418,0.010719149479761738
40,419,0.008117371365330662
40,420,-0.027963646228003416
40,421,-0.020115684492988426
40,422,-0.040280856698550846
40,423,-0.01955629941282681
40,424,0.02549527645864346
40,425,-0.026413428082860547
40,426,0.001563095849118594
40,427,-0.055189079097516844
40,428,0.0060656773311012074
40,429,-0.044791835943954826
40,430,-0.0044921807201514265
40,431,-0.006035423434104094
40,432,0.02286962129164012
40,433,0.03487595152006007
40,434,0.004268885396587323
40,435,-0.022752286973052854
40,436,0.032506465354671506
40,437,0.004836987534309128
40,438,-0.044652717825136176
40,439,0.024984090565864397
40,440,-0.0004950913518896302
40,441,-0.0038977323964592375
40,442,-0.054815551705942565
40,443,-0.032329265511943095
40,444,-0.028646273424327493
40,445,0.0026431844041423197
40,446,0.006524360044740045
40,447,0.015457272920152289
40,448,0.004650666357414399
40,449,-0.03531006788336355
40,450,-0.03590204696502725
40,451,0.004891686966520522
40,452,-0.012975140590175054
40,453,-0.028182726725793923
40,454,0.020786885088914672
40,455,0.03170201707437487
40,456,-0.00120199759868124
40,457,0.0024817031661611075
40,458,0.027768420846131806
40,459,-0.0664934855072244
40,460,0.01634914656885493
40,461,-0.0032709377568286534
40,462,0.025184734711131175
40,463,-0.00858054105245213
40,464,0.012972560034536685
40,465,-0.00803046838480056
40,466,-0.019937617815032296
40,467,-0.022077098357633128
40,468,-0.03340056699501478
40,469,-0.02988615709744508
40,470,-0.009727550096471175
40,471,0.04445171728426862
40,472,-0.046565826401904674
40,473,-0.018616586014926894
40,474,0.018266685821600074
40,475,-0.037168502950628235
40,476,-0.009163629615225306
40,477,0.02785635240858225
40,478,-0.02280343641236314
40,479,-0.02043349762734061
40,480,0.016509764731722512
40,481,0.024227758639553076
40,482,-0.029321858999526017
40,483,0.026049525999843698
40,484,0.020531247208451252
40,485,0.0257975488760218
40,486,0.02700628523990095
40,487,-0.03780983271620394
40,488,0.007919413140631174
40,489,0.020355493741725832
40,490,0.017781658454768874
40,491,0.011092622153279079
40,492,0.015542054360813186
40,493,0.005896581840226168
40,494,0.012193565223745246
40,495,-0.039923249779150335
40,496,-0.04037498557853968
40,497,-0.027874509809343074
40,498,-0.01712442125344227
40,499,-0.006996358484306198
